image_index,forward_latency_seconds,forward_latency_ms
0,0.03351314900282887,33.51314900282887
1,0.02638372799992794,26.38372799992794
2,0.019602421998570208,19.602421998570208
3,0.02963933100181748,29.63933100181748
4,0.026925901001959573,26.925901001959573
5,0.02095269100027508,20.95269100027508
6,0.019312987999001052,19.312987999001052
7,0.03938422999999602,39.38422999999602
8,0.019905730998289073,19.905730998289073
9,0.020504863001406193,20.504863001406193
10,0.019554388996766647,19.554388996766647
11,0.033080198998504784,33.080198998504784
12,0.02612739899996086,26.12739899996086
13,0.02072154999768827,20.72154999768827
14,0.02069894799933536,20.69894799933536
15,0.028324644001259003,28.324644001259003
16,0.019024495002668118,19.024495002668118
17,0.021059582999441773,21.059582999441773
18,0.025499236999166897,25.499236999166897
19,0.043680791997758206,43.680791997758206
20,0.025881131001369795,25.881131001369795
21,0.028749722998327343,28.749722998327343
22,0.02702407299875631,27.02407299875631
23,0.04541908700048225,45.41908700048225
24,0.019568912000977434,19.568912000977434
25,0.020435927999642445,20.435927999642445
26,0.019189044000086142,19.18904400008614
27,0.041708540997206,41.708540997206
28,0.0277254009997705,27.7254009997705
29,0.029449961002683267,29.449961002683267
30,0.022882080000272254,22.882080000272254
31,0.033258817999012535,33.258817999012535
32,0.02650386399909621,26.50386399909621
33,0.02524936999907368,25.24936999907368
34,0.023529559999587946,23.529559999587946
35,0.03216626900029951,32.16626900029951
36,0.026329518997954438,26.329518997954438
37,0.022160607000841992,22.160607000841992
38,0.021043864002422197,21.043864002422197
39,0.03192037699773209,31.92037699773209
40,0.026801931999216322,26.801931999216322
41,0.022120238998468267,22.120238998468267
42,0.02147080500071752,21.47080500071752
43,0.02679587099919445,26.79587099919445
44,0.026834244999918155,26.834244999918155
45,0.022125574003439397,22.125574003439397
46,0.020918621001328574,20.918621001328574
47,0.026699074998759897,26.699074998759897
48,0.025968145997467218,25.968145997467218
49,0.022093965999374632,22.093965999374632
50,0.020816648997424636,20.816648997424636
51,0.02876597800059244,28.76597800059244
52,0.027239921000727918,27.239921000727918
53,0.024763041001278907,24.763041001278907
54,0.02080420799757121,20.80420799757121
55,0.032020670998463174,32.020670998463174
56,0.02666895600123098,26.66895600123098
57,0.022186612000950845,22.186612000950845
58,0.02082273499763687,20.82273499763687
59,0.03028950899897609,30.28950899897609
60,0.028065455000614747,28.065455000614747
61,0.022551533998921514,22.551533998921514
62,0.020704302998638013,20.704302998638013
63,0.03657499399923836,36.57499399923836
64,0.02526208099880023,25.26208099880023
65,0.022022216999175726,22.022216999175726
66,0.02065071499964688,20.65071499964688
67,0.030324695999297546,30.324695999297546
68,0.02070371999798226,20.70371999798226
69,0.022103949002485024,22.103949002485024
70,0.02117488899966702,21.17488899966702
71,0.030830430001515197,30.830430001515197
72,0.027259944999968866,27.259944999968866
73,0.022647046000201954,22.647046000201954
74,0.020407937998243142,20.407937998243142
75,0.028752849000738934,28.752849000738934
76,0.028414727999916067,28.414727999916067
77,0.022383899999113055,22.383899999113055
78,0.02094068999940646,20.94068999940646
79,0.02649980799833429,26.49980799833429
80,0.03026244200009387,30.26244200009387
81,0.02237452800181927,22.37452800181927
82,0.020684636998339556,20.684636998339556
83,0.028328243002761155,28.328243002761155
84,0.02068334599971422,20.68334599971422
85,0.022068015998229384,22.068015998229384
86,0.03425772400078131,34.25772400078131
87,0.052240623997931834,52.240623997931834
88,0.0220761489981669,22.0761489981669
89,0.022135669998533558,22.135669998533558
90,0.020928655998432077,20.928655998432077
91,0.02741251299812575,27.41251299812575
92,0.020740403000672814,20.740403000672814
93,0.021923699998296797,21.923699998296797
94,0.020417225001438055,20.417225001438055
95,0.028004009000142105,28.004009000142105
96,0.028470592998928623,28.470592998928623
97,0.022518822999700205,22.518822999700205
98,0.02271892299904721,22.71892299904721
99,0.03030676300113555,30.30676300113555
100,0.02667804000157048,26.67804000157048
101,0.02218826000171248,22.18826000171248
102,0.020856236002146034,20.856236002146034
103,0.026756598999782,26.756598999782
104,0.030414801996812457,30.414801996812457
105,0.02267684099933831,22.67684099933831
106,0.020833358998061158,20.833358998061158
107,0.027040234999731183,27.040234999731183
108,0.02619352500187233,26.19352500187233
109,0.022165517002576962,22.165517002576962
110,0.0205906449991744,20.5906449991744
111,0.028307864999078447,28.307864999078447
112,0.03084899600071367,30.84899600071367
113,0.023777289999998175,23.777289999998175
114,0.020893894998152973,20.893894998152973
115,0.029516906000935705,29.516906000935705
116,0.027573890998610295,27.573890998610295
117,0.022547933000168996,22.547933000168996
118,0.022376842000085162,22.376842000085162
119,0.03477296599885449,34.77296599885449
120,0.021248020999337314,21.248020999337314
121,0.021443368001200724,21.443368001200724
122,0.020375695999973686,20.375695999973686
123,0.037258675998600665,37.258675998600665
124,0.020649730002332944,20.649730002332944
125,0.02204496899867081,22.04496899867081
126,0.020851081997534493,20.851081997534493
127,0.03322213800129248,33.22213800129248
128,0.02066764899791451,20.66764899791451
129,0.02177033400221262,21.77033400221262
130,0.02013409799837973,20.13409799837973
131,0.029527341001085006,29.527341001085006
132,0.025848262001090916,25.848262001090916
133,0.022246556996833533,22.246556996833533
134,0.020749482999235624,20.749482999235624
135,0.03118072999859578,31.18072999859578
136,0.02082082199922297,20.82082199922297
137,0.021832862999872304,21.832862999872304
138,0.02023887600080343,20.23887600080343
139,0.028708645000733668,28.708645000733668
140,0.026311669000278926,26.311669000278926
141,0.022040829000616213,22.040829000616213
142,0.020925092001562007,20.925092001562007
143,0.03253335100089316,32.53335100089316
144,0.02060870900095324,20.60870900095324
145,0.021972165999613935,21.972165999613935
146,0.020800693997443886,20.800693997443886
147,0.032104665999213466,32.104665999213466
148,0.025911223001457984,25.911223001457984
149,0.022282887999608647,22.282887999608647
150,0.020727674000227125,20.727674000227125
151,0.028146169999672566,28.146169999672566
152,0.02813491199776763,28.13491199776763
153,0.02222286100004567,22.22286100004567
154,0.020872281998890685,20.872281998890685
155,0.03249984099966241,32.49984099966241
156,0.02197263499692781,21.97263499692781
157,0.021990132998325862,21.990132998325862
158,0.020643002000724664,20.643002000724664
159,0.032269246999931056,32.269246999931056
160,0.020586028000252554,20.586028000252554
161,0.022570843000721652,22.570843000721652
162,0.020788491998246172,20.788491998246172
163,0.02776545700180577,27.76545700180577
164,0.028785700000298675,28.785700000298675
165,0.02199041000130819,21.99041000130819
166,0.02090740700077731,20.90740700077731
167,0.025639924002462067,25.639924002462067
168,0.02885838400106877,28.85838400106877
169,0.022179812000103993,22.179812000103993
170,0.020966688000044087,20.966688000044087
171,0.028253423999558436,28.253423999558436
172,0.024866892999853007,24.866892999853007
173,0.02238348800165113,22.38348800165113
174,0.020556288000079803,20.556288000079803
175,0.028888390999782132,28.888390999782132
176,0.03432364299806068,34.32364299806068
177,0.023482127999159275,23.482127999159275
178,0.0230936420011858,23.0936420011858
179,0.03416750699761906,34.16750699761906
180,0.020253790000424488,20.253790000424488
181,0.021611857999232598,21.611857999232598
182,0.02070070500121801,20.70070500121801
183,0.03006162300152937,30.06162300152937
184,0.027590910998696927,27.590910998696927
185,0.02233519199944567,22.33519199944567
186,0.02056162000008044,20.56162000008044
187,0.02529662100278074,25.29662100278074
188,0.029058840998914093,29.058840998914093
189,0.022122432001197012,22.122432001197012
190,0.02070968800035189,20.70968800035189
191,0.02818166100041708,28.18166100041708
192,0.025104118998569902,25.104118998569902
193,0.02199402499900316,21.99402499900316
194,0.020279746000596788,20.279746000596788
195,0.027977903999271803,27.977903999271803
196,0.028010456000629347,28.010456000629347
197,0.02194258599774912,21.94258599774912
198,0.02078970199727337,20.78970199727337
199,0.027088164002634585,27.088164002634585
200,0.02042409299974679,20.42409299974679
201,0.02191947900064406,21.91947900064406
202,0.02007010600209469,20.07010600209469
203,0.031943581998348236,31.943581998348236
204,0.027995892000035383,27.995892000035383
205,0.022443972000473877,22.443972000473877
206,0.02068104600039078,20.68104600039078
207,0.02659835500162444,26.59835500162444
208,0.029863241001294227,29.863241001294227
209,0.022170718999404926,22.170718999404926
210,0.020890088999294676,20.890088999294676
211,0.025552181999955792,25.552181999955792
212,0.03795050800181343,37.95050800181343
213,0.022850866997032426,22.850866997032426
214,0.021245002000796376,21.245002000796376
215,0.03883077099817456,38.83077099817456
216,0.020429057000001194,20.429057000001194
217,0.021799593996547628,21.799593996547628
218,0.019742042997677345,19.742042997677345
219,0.025811084000451956,25.811084000451956
220,0.02813403399704839,28.13403399704839
221,0.021730248001404107,21.730248001404107
222,0.020260101002349984,20.260101002349984
223,0.03160442899752525,31.604428997525247
224,0.020427172003110172,20.427172003110172
225,0.022613647000980563,22.613647000980563
226,0.020553822996589588,20.553822996589588
227,0.027623132002190687,27.623132002190687
228,0.02828521800256567,28.28521800256567
229,0.02206156900138012,22.06156900138012
230,0.02075328399951104,20.75328399951104
231,0.025578979999409057,25.578979999409057
232,0.02937899900280172,29.37899900280172
233,0.022503037998831132,22.503037998831132
234,0.02235910200033686,22.35910200033686
235,0.02676897099809139,26.76897099809139
236,0.023518365000199992,23.518365000199992
237,0.0239510719984537,23.9510719984537
238,0.020577916999172885,20.577916999172885
239,0.028534573000797536,28.534573000797536
240,0.027226747002714546,27.226747002714546
241,0.022493275999295292,22.493275999295292
242,0.020250024001143174,20.250024001143174
243,0.02965643000061391,29.65643000061391
244,0.026507660000788746,26.507660000788746
245,0.022398220000468427,22.398220000468427
246,0.02097642199805705,20.97642199805705
247,0.024280299996462418,24.280299996462418
248,0.03243490900058532,32.43490900058532
249,0.023189414998341817,23.189414998341817
250,0.02098117100103991,20.98117100103991
251,0.04176098199968692,41.76098199968692
252,0.02162327699988964,21.62327699988964
253,0.021760730000096373,21.760730000096373
254,0.020207534998917254,20.207534998917254
255,0.037406863000796875,37.406863000796875
256,0.02128730999902473,21.28730999902473
257,0.02183666800192441,21.83666800192441
258,0.020301563999964856,20.301563999964856
259,0.03622340400033863,36.22340400033863
260,0.02099611299854587,20.99611299854587
261,0.021817124001245247,21.817124001245247
262,0.020792060997337103,20.792060997337103
263,0.05285057400033111,52.85057400033111
264,0.028470583998569055,28.470583998569055
265,0.023754338999424363,23.754338999424363
266,0.02066243800072698,20.66243800072698
267,0.025375517001521075,25.375517001521075
268,0.03388997499860125,33.88997499860125
269,0.02219774600234814,22.19774600234814
270,0.02121643300051801,21.21643300051801
271,0.03743870499965851,37.43870499965851
272,0.02118516699920292,21.18516699920292
273,0.022023304998583626,22.023304998583626
274,0.020792424998944625,20.792424998944625
275,0.029547679998358944,29.547679998358944
276,0.026551350998488488,26.551350998488488
277,0.02239856400046847,22.39856400046847
278,0.020818707002035808,20.818707002035808
279,0.02786451800056966,27.86451800056966
280,0.02917553199949907,29.17553199949907
281,0.022276591997069772,22.276591997069772
282,0.020356693003122928,20.356693003122928
283,0.036802970000280766,36.802970000280766
284,0.020994631999201374,20.994631999201374
285,0.021873072000744287,21.873072000744287
286,0.02051385100276093,20.51385100276093
287,0.03600528000242775,36.00528000242775
288,0.021004597998398822,21.004597998398822
289,0.02157029600130045,21.57029600130045
290,0.020390038000186905,20.390038000186905
291,0.027555022003070917,27.555022003070917
292,0.026868474000366405,26.868474000366405
293,0.02177689900054247,21.77689900054247
294,0.020087576001969865,20.087576001969865
295,0.027034920996811707,27.034920996811707
296,0.02052870400075335,20.52870400075335
297,0.021706600000470644,21.706600000470644
298,0.020799165999051183,20.799165999051183
299,0.0306701109984715,30.6701109984715
300,0.026162834001297597,26.162834001297597
301,0.021766017001937144,21.766017001937144
302,0.020497027999226702,20.497027999226702
303,0.026556480002909666,26.556480002909666
304,0.020740584001032403,20.740584001032403
305,0.022015040998667246,22.015040998667246
306,0.0225101750002068,22.5101750002068
307,0.028759565997461323,28.759565997461323
308,0.02750645100240945,27.50645100240945
309,0.022283951999270357,22.283951999270357
310,0.02154171200163546,21.54171200163546
311,0.030477034000796266,30.477034000796266
312,0.05309049999777926,53.09049999777926
313,0.09446252499765251,94.46252499765251
314,0.02244355799848563,22.44355799848563
315,0.05515523000212852,55.15523000212852
316,0.019927842997276457,19.927842997276457
317,0.02166251100061345,21.66251100061345
318,0.02032495000094059,20.32495000094059
319,0.03257357300026342,32.57357300026342
320,0.026829915997950593,26.829915997950593
321,0.022212212003069,22.212212003069
322,0.020842829999310197,20.842829999310197
323,0.03101047599921003,31.01047599921003
324,0.026954411001497647,26.954411001497647
325,0.021936903001915198,21.936903001915198
326,0.020797540000785375,20.797540000785375
327,0.026454693997948198,26.454693997948198
328,0.03170221799882711,31.70221799882711
329,0.022740524997061584,22.740524997061584
330,0.02122071300254902,21.22071300254902
331,0.026376003999757813,26.376003999757813
332,0.028928581999934977,28.928581999934977
333,0.022140633998787962,22.140633998787962
334,0.02079218500148272,20.79218500148272
335,0.03850155200052541,38.50155200052541
336,0.02054377700187615,20.54377700187615
337,0.022217132998775924,22.217132998775924
338,0.020795455999177648,20.795455999177648
339,0.03215172800264554,32.15172800264554
340,0.0222214929999609,22.2214929999609
341,0.022085468997829594,22.085468997829594
342,0.020784347998414887,20.784347998414887
343,0.029000369999266695,29.000369999266695
344,0.0278277879988309,27.8277879988309
345,0.0226760630030185,22.6760630030185
346,0.020885580001049675,20.885580001049675
347,0.03322978700089152,33.22978700089152
348,0.026949196002533427,26.949196002533427
349,0.022342869997373782,22.342869997373782
350,0.020971338999515865,20.971338999515865
351,0.025545014003000688,25.545014003000688
352,0.031018233003123896,31.018233003123896
353,0.022354988002916798,22.354988002916798
354,0.020542300000670366,20.542300000670366
355,0.0381972239993047,38.1972239993047
356,0.021265503000904573,21.265503000904573
357,0.022013934001734015,22.013934001734015
358,0.020731972999783466,20.731972999783466
359,0.02700887599712587,27.00887599712587
360,0.02561691400114796,25.61691400114796
361,0.022097411998402094,22.097411998402094
362,0.02096042899938766,20.96042899938766
363,0.027284054998744978,27.284054998744978
364,0.030226447997847572,30.226447997847572
365,0.025820077000389574,25.820077000389574
366,0.023978321001777658,23.97832100177766
367,0.054099993998534046,54.099993998534046
368,0.02335432300242246,23.35432300242246
369,0.028066056001989637,28.066056001989637
370,0.024159266999049578,24.159266999049578
371,0.04289578599855304,42.89578599855304
372,0.02075622800111887,20.75622800111887
373,0.022004115999152418,22.00411599915242
374,0.022616730999288848,22.616730999288848
375,0.045569374000479,45.569374000479
376,0.02587461600342067,25.87461600342067
377,0.02266890199825866,22.66890199825866
378,0.020908641003188677,20.908641003188677
379,0.03462960800243309,34.62960800243309
380,0.029235647001769394,29.235647001769394
381,0.024272501999803353,24.272501999803353
382,0.02254128300046432,22.54128300046432
383,0.043291066998790484,43.291066998790484
384,0.02174848499998916,21.74848499998916
385,0.021821801998157753,21.821801998157753
386,0.020789005000551697,20.789005000551697
387,0.038946153999859234,38.946153999859234
388,0.020458906001294963,20.458906001294963
389,0.022278821001236793,22.278821001236793
390,0.020708225998532725,20.708225998532725
391,0.031365189999633,31.365189999633003
392,0.022292516001471085,22.292516001471085
393,0.02203865699993912,22.03865699993912
394,0.021150282002054155,21.150282002054155
395,0.028608336997422157,28.608336997422157
396,0.027922853998461505,27.922853998461505
397,0.022558255997864762,22.558255997864762
398,0.021260836998408195,21.260836998408195
399,0.03082908600117662,30.82908600117662
400,0.027953482000157237,27.953482000157237
401,0.024576458999945316,24.576458999945316
402,0.020458662998862565,20.458662998862565
403,0.03190175999770872,31.901759997708723
404,0.026711072998296004,26.711072998296004
405,0.024949867998657282,24.949867998657282
406,0.021168808001675643,21.168808001675643
407,0.028807356997276656,28.807356997276656
408,0.028668549999565585,28.668549999565585
409,0.02234177200080012,22.34177200080012
410,0.020918395999615313,20.918395999615313
411,0.02560232700125198,25.60232700125198
412,0.030059472999710124,30.059472999710124
413,0.022263220002059825,22.263220002059825
414,0.020424353002454154,20.424353002454154
415,0.02841165200152318,28.41165200152318
416,0.020801695001864573,20.801695001864573
417,0.024046791997534456,24.046791997534456
418,0.021121109999512555,21.121109999512555
419,0.030707800997333834,30.707800997333834
420,0.02693585700035328,26.93585700035328
421,0.022381396000128007,22.381396000128007
422,0.020933914001943776,20.933914001943776
423,0.03267834399957792,32.67834399957792
424,0.027006154999980936,27.006154999980936
425,0.02230254800088005,22.30254800088005
426,0.020466058998863446,20.466058998863446
427,0.02833064399965224,28.33064399965224
428,0.0286990259992308,28.6990259992308
429,0.02260009000019636,22.60009000019636
430,0.021162796998396516,21.162796998396516
431,0.02501033899898175,25.01033899898175
432,0.05277218800256378,52.77218800256378
433,0.029376020000199787,29.376020000199787
434,0.02090121799847111,20.90121799847111
435,0.038821671001642244,38.821671001642244
436,0.021561219997238368,21.561219997238368
437,0.02228247899984126,22.28247899984126
438,0.020631720002711518,20.631720002711518
439,0.031257441001798725,31.257441001798725
440,0.026529106999078067,26.529106999078067
441,0.02251418800005922,22.51418800005922
442,0.020991307999793207,20.991307999793207
443,0.029019281999353552,29.019281999353552
444,0.027542031999473693,27.542031999473693
445,0.022599706997425528,22.59970699742553
446,0.021065829998406116,21.065829998406116
447,0.026256580000335816,26.256580000335816
448,0.026428895002027275,26.428895002027275
449,0.02253467499758699,22.53467499758699
450,0.020824764997087186,20.824764997087186
451,0.02844418300082907,28.44418300082907
452,0.02093681699989247,20.93681699989247
453,0.022321434000332374,22.321434000332374
454,0.020646614000725094,20.646614000725094
455,0.030150015001709107,30.150015001709107
456,0.027807717000541743,27.807717000541743
457,0.02245518500058097,22.45518500058097
458,0.021102352999150753,21.102352999150753
459,0.027770768996560946,27.770768996560946
460,0.026794361001520883,26.794361001520883
461,0.022548615001142025,22.548615001142025
462,0.021134878999873763,21.134878999873763
463,0.028539502000057837,28.539502000057837
464,0.020651184000598732,20.651184000598732
465,0.022279377000813838,22.279377000813838
466,0.020830765999562573,20.830765999562573
467,0.03219112700026017,32.19112700026017
468,0.027127159999508876,27.127159999508876
469,0.025255190001189476,25.255190001189476
470,0.020789354002772598,20.789354002772598
471,0.02807412599941017,28.07412599941017
472,0.027262562998657813,27.262562998657813
473,0.022460731997853145,22.460731997853145
474,0.021269086999382125,21.269086999382125
475,0.028058830997906625,28.058830997906625
476,0.028109025999583537,28.109025999583537
477,0.02258261699898867,22.58261699898867
478,0.020849628999712877,20.849628999712877
479,0.02738121899892576,27.38121899892576
480,0.02071615300155827,20.71615300155827
481,0.022199208000529325,22.199208000529325
482,0.02097187499748543,20.97187499748543
483,0.03204781700333115,32.04781700333115
484,0.02673370599950431,26.73370599950431
485,0.022060072002204834,22.060072002204834
486,0.020921965999150416,20.921965999150416
487,0.029218542000307934,29.218542000307934
488,0.027163904000190087,27.163904000190087
489,0.022282367001025705,22.282367001025705
490,0.02045536399964476,20.45536399964476
491,0.02664646400080528,26.64646400080528
492,0.021845242998097092,21.845242998097092
493,0.022571989000425674,22.571989000425674
494,0.02108071800103062,21.08071800103062
495,0.03393191100258264,33.93191100258264
496,0.026626069000485586,26.626069000485586
497,0.02362148600150249,23.62148600150249
498,0.02081764400281827,20.81764400281827
499,0.027935961999901338,27.935961999901338
500,0.02659256200058735,26.59256200058735
501,0.022152813002321636,22.152813002321636
502,0.02066868399924715,20.66868399924715
503,0.032283607997669606,32.283607997669606
504,0.022827922002761625,22.827922002761625
505,0.021983134000038262,21.983134000038262
506,0.020690003999334294,20.690003999334294
507,0.03099945400026627,30.99945400026627
508,0.025831427999946754,25.831427999946754
509,0.02236413600257947,22.36413600257947
510,0.02062636699702125,20.62636699702125
511,0.02868212699831929,28.68212699831929
512,0.02783168099995237,27.83168099995237
513,0.022324401001242222,22.324401001242222
514,0.02156655599901569,21.56655599901569
515,0.03357144899928244,33.57144899928244
516,0.026005971998529276,26.005971998529276
517,0.022199833998456597,22.199833998456597
518,0.020907833000819664,20.907833000819664
519,0.03350814900113619,33.50814900113619
520,0.021650962000421714,21.650962000421714
521,0.02208991500083357,22.08991500083357
522,0.021600706997560337,21.600706997560337
523,0.047877431999950204,47.877431999950204
524,0.02441566299967235,24.41566299967235
525,0.023021745997539256,23.021745997539256
526,0.02091847099654842,20.91847099654842
527,0.03193123099845252,31.93123099845252
528,0.02735220899921842,27.35220899921842
529,0.022083260002546012,22.083260002546012
530,0.019207235000067158,19.207235000067158
531,0.030396776000998216,30.396776000998216
532,0.026944195000396576,26.944195000396576
533,0.021388012002717005,21.388012002717005
534,0.01975478999884217,19.75478999884217
535,0.0288126369996462,28.8126369996462
536,0.019625916000222787,19.625916000222787
537,0.021069665999675635,21.069665999675635
538,0.01986349900107598,19.86349900107598
539,0.03265196799839032,32.65196799839032
540,0.02648036499886075,26.48036499886075
541,0.020546775998809608,20.546775998809608
542,0.019323930999235017,19.323930999235017
543,0.04103791800298495,41.03791800298495
544,0.022391442998923594,22.391442998923594
545,0.021662975999788614,21.662975999788614
546,0.020841108002059627,20.841108002059627
547,0.03805477700007032,38.05477700007032
548,0.020449940999242244,20.449940999242244
549,0.020597506998456083,20.597506998456083
550,0.019661627000459703,19.661627000459703
551,0.029913854999904288,29.913854999904288
552,0.02612114799921983,26.12114799921983
553,0.02102844500041101,21.02844500041101
554,0.019198863999918103,19.198863999918103
555,0.028738935998262605,28.738935998262605
556,0.030232945002353517,30.232945002353517
557,0.031191445003059926,31.191445003059926
558,0.019522429000062402,19.522429000062402
559,0.029823084001691313,29.823084001691313
560,0.02692583300085971,26.92583300085971
561,0.020794546999240993,20.794546999240993
562,0.019670588997541927,19.670588997541927
563,0.030587689998355927,30.587689998355927
564,0.01958857800127589,19.58857800127589
565,0.021103286002471577,21.103286002471577
566,0.01939314999981434,19.39314999981434
567,0.03122568099934142,31.22568099934142
568,0.026445594001415884,26.445594001415884
569,0.020754283999849577,20.754283999849577
570,0.01916235200042138,19.16235200042138
571,0.03688961999796447,36.88961999796447
572,0.020058527999935905,20.058527999935905
573,0.02062601799843833,20.62601799843833
574,0.021075500997540075,21.075500997540075
575,0.028992326999286888,28.992326999286888
576,0.027080996002041502,27.080996002041502
577,0.0210127000027569,21.0127000027569
578,0.01981791899743257,19.81791899743257
579,0.028088438000850147,28.088438000850147
580,0.02331595700161415,23.31595700161415
581,0.026438380002218764,26.438380002218764
582,0.024462414003210142,24.462414003210142
583,0.04440004899879568,44.40004899879568
584,0.02149675100008608,21.49675100008608
585,0.020103569000639254,20.103569000639254
586,0.018808959001034964,18.808959001034964
587,0.03425478000281146,34.25478000281146
588,0.0309792429980007,30.9792429980007
589,0.0209392350006965,20.9392350006965
590,0.01964276100261486,19.64276100261486
591,0.0339536820029025,33.9536820029025
592,0.026440425997861894,26.440425997861894
593,0.024158437001460698,24.158437001460698
594,0.019358490000740858,19.358490000740858
595,0.030677237999043427,30.677237999043427
596,0.026398468999104807,26.398468999104807
597,0.020805299001949606,20.805299001949606
598,0.01944670699958806,19.44670699958806
599,0.02892478099965956,28.92478099965956
600,0.024447080999379978,24.447080999379978
601,0.020773206000740174,20.773206000740174
602,0.019580508000217378,19.580508000217378
603,0.028580322999914642,28.580322999914642
604,0.027819139999337494,27.819139999337494
605,0.020857991999946535,20.857991999946535
606,0.019291350999992574,19.291350999992574
607,0.038186646001122426,38.186646001122426
608,0.020028674000059254,20.028674000059254
609,0.03623624299871153,36.23624299871153
610,0.03163258700078586,31.63258700078586
611,0.02777311400132021,27.77311400132021
612,0.02729219200045918,27.29219200045918
613,0.02065215599941439,20.65215599941439
614,0.019401181998546235,19.401181998546235
615,0.03304752699841629,33.04752699841629
616,0.02185145399926114,21.85145399926114
617,0.02120980100153247,21.20980100153247
618,0.019191961000615265,19.191961000615265
619,0.0283186980013852,28.3186980013852
620,0.029081957996822894,29.081957996822894
621,0.02076484500139486,20.76484500139486
622,0.019664123999973526,19.664123999973526
623,0.037583433000691,37.583433000691
624,0.020464315999561222,20.464315999561222
625,0.020718039999337634,20.718039999337634
626,0.01954385600038222,19.54385600038222
627,0.029987055000674445,29.987055000674445
628,0.02698904599674279,26.98904599674279
629,0.02069968299838365,20.69968299838365
630,0.01924600300117163,19.24600300117163
631,0.028102727002988104,28.102727002988104
632,0.02517920799800777,25.17920799800777
633,0.020579027997882804,20.579027997882804
634,0.019578762003220618,19.578762003220618
635,0.026665528002922656,26.665528002922656
636,0.028205044000060298,28.205044000060298
637,0.020696134997706395,20.696134997706395
638,0.019477488996926695,19.477488996926695
639,0.032792256999528036,32.792256999528036
640,0.022724361999280518,22.724361999280518
641,0.021084296000481118,21.084296000481118
642,0.02032798900108901,20.32798900108901
643,0.03163328399750753,31.633283997507533
644,0.027177095998922596,27.177095998922596
645,0.02147088599667768,21.47088599667768
646,0.019237088999943808,19.237088999943808
647,0.03841320799983805,38.41320799983805
648,0.020348902999103302,20.348902999103302
649,0.020549717999529094,20.549717999529094
650,0.019319816001370782,19.319816001370782
651,0.03293622700221022,32.93622700221022
652,0.02594234899879666,25.94234899879666
653,0.020794740001292666,20.794740001292666
654,0.01991646099850186,19.91646099850186
655,0.03364832599982037,33.64832599982037
656,0.019709786000021268,19.709786000021268
657,0.02078014700236963,20.78014700236963
658,0.01901519199964241,19.01519199964241
659,0.0298989269977028,29.8989269977028
660,0.030091380001977086,30.091380001977086
661,0.021267700001772027,21.267700001772027
662,0.019185557001037523,19.185557001037523
663,0.06592945500233327,65.92945500233327
664,0.08840869599953294,88.40869599953294
665,0.03908159499769681,39.08159499769681
666,0.020121957000810653,20.121957000810653
667,0.038022306998755084,38.022306998755084
668,0.021073648997116834,21.073648997116834
669,0.02187473400044837,21.87473400044837
670,0.020295222999266116,20.295222999266116
671,0.03401058399686008,34.01058399686008
672,0.020541044999845326,20.541044999845326
673,0.025273491002735682,25.273491002735682
674,0.020563813999615377,20.563813999615377
675,0.03173909599718172,31.73909599718172
676,0.02641787500033388,26.41787500033388
677,0.02273123399936594,22.73123399936594
678,0.020982710000680527,20.982710000680527
679,0.03663403999962611,36.63403999962611
680,0.022621143001742894,22.621143001742894
681,0.022969620000367286,22.969620000367286
682,0.02040416900126729,20.40416900126729
683,0.03178383200065582,31.78383200065582
684,0.026882467998802895,26.882467998802895
685,0.02289150200158474,22.89150200158474
686,0.021567898998910096,21.567898998910096
687,0.029928560001280857,29.928560001280857
688,0.02781173800030956,27.81173800030956
689,0.02230574799978058,22.30574799978058
690,0.02064444499774254,20.64444499774254
691,0.03127526300158934,31.275263001589337
692,0.028011304999381537,28.011304999381537
693,0.022727728999598185,22.727728999598185
694,0.02055047000249033,20.55047000249033
695,0.026298590997612337,26.298590997612337
696,0.030393230001209304,30.393230001209304
697,0.02208301000064239,22.08301000064239
698,0.020467532998736715,20.467532998736715
699,0.029019169000093825,29.019169000093825
700,0.020598667997546727,20.598667997546727
701,0.021905679001065437,21.905679001065437
702,0.02107003099808935,21.07003099808935
703,0.030938707997847814,30.938707997847814
704,0.026922936998744262,26.922936998744262
705,0.02252091999980621,22.52091999980621
706,0.020773634998477064,20.773634998477064
707,0.026117138000699924,26.117138000699924
708,0.027718699999240926,27.718699999240926
709,0.022102771999925608,22.102771999925608
710,0.020437404000404058,20.437404000404058
711,0.03936423300183378,39.36423300183378
712,0.045940800999233034,45.94080099923303
713,0.026333521000196924,26.333521000196924
714,0.0237962110004446,23.7962110004446
715,0.04495450600006734,44.95450600006734
716,0.02107486399836489,21.07486399836489
717,0.021886513000936247,21.886513000936247
718,0.020555381001031492,20.555381001031492
719,0.038496397999551846,38.496397999551846
720,0.02890999399824068,28.90999399824068
721,0.02803626500099199,28.03626500099199
722,0.021231059999990975,21.231059999990975
723,0.038770228002249496,38.770228002249496
724,0.02168223599801422,21.68223599801422
725,0.02215563400022802,22.15563400022802
726,0.02070190200174693,20.70190200174693
727,0.051893060001020785,51.893060001020785
728,0.030262790998676792,30.262790998676792
729,0.021952514001895906,21.952514001895906
730,0.02066571099931025,20.66571099931025
731,0.032606141998257954,32.606141998257954
732,0.021240264002699405,21.240264002699405
733,0.02204949699807912,22.04949699807912
734,0.021118901000590995,21.118901000590995
735,0.03195173700078158,31.951737000781577
736,0.023202628999570152,23.202628999570152
737,0.022207668000191916,22.207668000191916
738,0.020850363001954975,20.850363001954975
739,0.03261166499942192,32.61166499942192
740,0.02705571199840051,27.05571199840051
741,0.02305231799982721,23.05231799982721
742,0.02107382000031066,21.07382000031066
743,0.030626503998064436,30.626503998064436
744,0.027029427998058964,27.029427998058964
745,0.022550623001734493,22.550623001734493
746,0.020456682999792974,20.456682999792974
747,0.02712911300113774,27.12911300113774
748,0.030566305002139416,30.566305002139416
749,0.02270580700132996,22.70580700132996
750,0.020641688999603502,20.641688999603502
751,0.02703678000034415,27.03678000034415
752,0.020677107000665274,20.677107000665274
753,0.02259248399786884,22.59248399786884
754,0.020789481000974774,20.789481000974774
755,0.030539331000909442,30.539331000909442
756,0.02669856099964818,26.69856099964818
757,0.02258198199706385,22.58198199706385
758,0.02086294699984137,20.86294699984137
759,0.028300130998104578,28.300130998104578
760,0.027928585001063766,27.928585001063766
761,0.02254072099822224,22.54072099822224
762,0.020888628001557663,20.888628001557663
763,0.03721259699887014,37.21259699887014
764,0.02924312599861878,29.24312599861878
765,0.0227240759995766,22.7240759995766
766,0.020775353998033097,20.775353998033097
767,0.03418489499745192,34.18489499745192
768,0.027103131000330904,27.103131000330904
769,0.022559103003004566,22.559103003004566
770,0.020827718999498757,20.827718999498757
771,0.0305549559998326,30.5549559998326
772,0.0271704229999159,27.1704229999159
773,0.024288816999614937,24.288816999614937
774,0.020656504999351455,20.656504999351455
775,0.030597614000726026,30.597614000726026
776,0.027407993002270814,27.407993002270814
777,0.022679726000205847,22.679726000205847
778,0.021252559999993537,21.252559999993537
779,0.028207176001160406,28.207176001160406
780,0.040557052998337895,40.557052998337895
781,0.026818024001840968,26.818024001840968
782,0.021282911002344918,21.282911002344918
783,0.026367311998910736,26.367311998910736
784,0.0313709599977301,31.370959997730097
785,0.022885454000061145,22.885454000061145
786,0.020824131002882496,20.824131002882496
787,0.03346431200043298,33.46431200043298
788,0.020875227000942687,20.875227000942687
789,0.022217935002117883,22.217935002117883
790,0.0204537520003214,20.4537520003214
791,0.026614962000166997,26.614962000166997
792,0.026536525998380966,26.536525998380966
793,0.022440401000494603,22.440401000494603
794,0.020586476999596925,20.586476999596925
795,0.026729379998869263,26.729379998869263
796,0.02779285699944012,27.79285699944012
797,0.022573615999135654,22.573615999135654
798,0.021103957999002887,21.103957999002887
799,0.026015084000391653,26.015084000391653
800,0.029325150997465244,29.325150997465244
801,0.022475545996712754,22.475545996712754
802,0.020870885000476846,20.870885000476846
803,0.026994404001015937,26.994404001015937
804,0.0357686739989731,35.7686739989731
805,0.023521313996752724,23.521313996752724
806,0.021151435998035595,21.151435998035595
807,0.028300335998210358,28.300335998210358
808,0.029267206002259627,29.267206002259627
809,0.02264521599863656,22.64521599863656
810,0.02088480900056311,20.88480900056311
811,0.03084444900014205,30.84444900014205
812,0.021301210999808973,21.301210999808973
813,0.022257112002989743,22.257112002989743
814,0.020972357000573538,20.97235700057354
815,0.031539376999717206,31.539376999717206
816,0.027476647999719717,27.476647999719717
817,0.0226892989994667,22.6892989994667
818,0.020846801999141462,20.846801999141462
819,0.028873456998553593,28.873456998553593
820,0.02753393899911316,27.53393899911316
821,0.02278201900116983,22.78201900116983
822,0.02093347700065351,20.93347700065351
823,0.030253919001552276,30.253919001552276
824,0.03293366100115236,32.93366100115236
825,0.02307352199932211,23.07352199932211
826,0.020917427002132172,20.91742700213217
827,0.03154535599969677,31.545355999696767
828,0.026740622000943404,26.740622000943404
829,0.022468764000223018,22.46876400022302
830,0.020953686002030736,20.953686002030736
831,0.032686734997696476,32.686734997696476
832,0.02680375799900503,26.80375799900503
833,0.022604955000133486,22.604955000133486
834,0.020914873999572592,20.914873999572592
835,0.02889218299969798,28.89218299969798
836,0.027389847997255856,27.389847997255856
837,0.022670854999887524,22.670854999887524
838,0.020519391000561882,20.519391000561882
839,0.025854550996882608,25.854550996882608
840,0.0326625219968264,32.6625219968264
841,0.022312188000796596,22.312188000796596
842,0.02057272400270449,20.57272400270449
843,0.03431135999926482,34.31135999926482
844,0.02111264300037874,21.11264300037874
845,0.02207819199975347,22.07819199975347
846,0.020705087001260836,20.705087001260836
847,0.032679908003046876,32.679908003046876
848,0.02238244299951475,22.38244299951475
849,0.022525250999024138,22.525250999024138
850,0.02061107899862691,20.61107899862691
851,0.033222240999748465,33.222240999748465
852,0.02717885500169359,27.17885500169359
853,0.022471678999863798,22.471678999863798
854,0.021248232998914318,21.248232998914318
855,0.03616143899853341,36.16143899853341
856,0.0223368200022378,22.3368200022378
857,0.022151891000248725,22.151891000248725
858,0.02095003299837117,20.95003299837117
859,0.03410154700031853,34.10154700031853
860,0.02693116700174869,26.93116700174869
861,0.02262337899810518,22.62337899810518
862,0.02051806400049827,20.51806400049827
863,0.02943255200079875,29.43255200079875
864,0.02827035999871441,28.27035999871441
865,0.022743640998669434,22.743640998669434
866,0.020875107999017928,20.875107999017928
867,0.033410951000405475,33.410951000405475
868,0.026198251001915196,26.198251001915196
869,0.023627426999155432,23.627426999155432
870,0.02425436499834177,24.25436499834177
871,0.026203097000689013,26.203097000689013
872,0.029384015997493407,29.384015997493407
873,0.023920488001749618,23.920488001749618
874,0.021022745997470338,21.022745997470338
875,0.03308744899914018,33.08744899914018
876,0.02689376000125776,26.89376000125776
877,0.022605862002819777,22.605862002819777
878,0.020909589999064337,20.909589999064337
879,0.0259135870001046,25.9135870001046
880,0.02898986599757336,28.98986599757336
881,0.022434506001445698,22.434506001445698
882,0.020721801000036066,20.721801000036066
883,0.027701539002009667,27.701539002009667
884,0.021523652998439502,21.523652998439502
885,0.021855170001799706,21.855170001799706
886,0.02181291300075827,21.81291300075827
887,0.028757258998666657,28.757258998666657
888,0.027451207002741285,27.451207002741285
889,0.022477362002973678,22.477362002973678
890,0.020784839001862565,20.784839001862565
891,0.025280906000261893,25.280906000261893
892,0.02876892600033898,28.76892600033898
893,0.02243943100256729,22.43943100256729
894,0.020926834000420058,20.926834000420058
895,0.028228506998857483,28.228506998857483
896,0.0232870269974228,23.2870269974228
897,0.02216761399904499,22.16761399904499
898,0.02035986600094475,20.35986600094475
899,0.029478997999831336,29.478997999831336
900,0.026796215999638662,26.79621599963866
901,0.022530670998094138,22.530670998094138
902,0.028339545999187976,28.339545999187976
903,0.0418947020007181,41.8947020007181
904,0.02103886399709154,21.03886399709154
905,0.022030077001545578,22.03007700154558
906,0.02036230999874533,20.36230999874533
907,0.030418284000916174,30.418284000916174
908,0.027114586999232415,27.114586999232415
909,0.024080391001916723,24.080391001916723
910,0.020836551000684267,20.836551000684267
911,0.03209014100139029,32.09014100139029
912,0.027201911998417927,27.201911998417927
913,0.02252413600217551,22.52413600217551
914,0.021082100000057835,21.082100000057835
915,0.02829444000235526,28.29444000235526
916,0.02695835399936186,26.95835399936186
917,0.022333771998091834,22.333771998091834
918,0.02074087799701374,20.74087799701374
919,0.033080271001381334,33.080271001381334
920,0.02115961699746549,21.15961699746549
921,0.02218135200018878,22.18135200018878
922,0.020568203999573598,20.568203999573598
923,0.0323252929993032,32.3252929993032
924,0.021044848999736132,21.044848999736132
925,0.02386306999687804,23.86306999687804
926,0.02021188499929849,20.21188499929849
927,0.03267942700040294,32.67942700040294
928,0.026863416002015583,26.863416002015583
929,0.02266959299959126,22.66959299959126
930,0.0205347150003945,20.5347150003945
931,0.03201341999738361,32.01341999738361
932,0.026886034000199288,26.886034000199288
933,0.022392564002075233,22.392564002075233
934,0.02081472400095663,20.81472400095663
935,0.041099201000179164,41.099201000179164
936,0.020958241999323945,20.958241999323945
937,0.022344352000800427,22.344352000800427
938,0.020636494002246764,20.636494002246764
939,0.034041115002764855,34.041115002764855
940,0.026631936001649592,26.631936001649592
941,0.02231469899925287,22.31469899925287
942,0.02072306599802687,20.72306599802687
943,0.03316205399823957,33.16205399823957
944,0.02710656899944297,27.10656899944297
945,0.022319340001558885,22.319340001558885
946,0.020705048002128024,20.705048002128024
947,0.029289209000125993,29.289209000125993
948,0.02778476999810664,27.78476999810664
949,0.022702501999447122,22.702501999447122
950,0.020926707999024075,20.926707999024075
951,0.02552216100229998,25.52216100229998
952,0.03088917099739774,30.88917099739774
953,0.02248103200327023,22.48103200327023
954,0.04001865000100224,40.01865000100224
955,0.03801326300163055,38.01326300163055
956,0.02720414199939114,27.20414199939114
957,0.0221001919999253,22.1001919999253
958,0.02121414199791616,21.21414199791616
959,0.0282138920010766,28.2138920010766
960,0.028031971996824723,28.031971996824723
961,0.02260807700076839,22.60807700076839
962,0.02097708200017223,20.97708200017223
963,0.026149860001169145,26.149860001169145
964,0.027532246996997856,27.532246996997856
965,0.02250517399806995,22.50517399806995
966,0.0205075419980858,20.5075419980858
967,0.02701419199729571,27.01419199729571
968,0.026002616999903694,26.002616999903694
969,0.022333034001349006,22.333034001349006
970,0.020333025000581983,20.333025000581983
971,0.030521441000018967,30.521441000018967
972,0.028296718002820853,28.296718002820853
973,0.02242440700138104,22.42440700138104
974,0.020459313000174006,20.459313000174006
975,0.028015136998874368,28.015136998874368
976,0.029616316001920495,29.616316001920495
977,0.02229777600223315,22.29777600223315
978,0.0208424170014041,20.8424170014041
979,0.025724380000610836,25.724380000610836
980,0.029334760998608544,29.334760998608544
981,0.02226559900009306,22.26559900009306
982,0.020286248000047635,20.286248000047635
983,0.028018603999953484,28.018603999953484
984,0.024226216002716683,24.226216002716683
985,0.022170684998854995,22.170684998854995
986,0.020954324998456286,20.954324998456286
987,0.028584961000888143,28.584961000888143
988,0.028080496998882154,28.080496998882154
989,0.0229065650019038,22.9065650019038
990,0.02037760700113722,20.37760700113722
991,0.03447983200021554,34.47983200021554
992,0.0266959799992037,26.6959799992037
993,0.022302692999801366,22.302692999801366
994,0.020803850999072893,20.803850999072893
995,0.03289606900216313,32.89606900216313
996,0.02117530499890563,21.17530499890563
997,0.02193778199944063,21.93778199944063
998,0.020894201999908546,20.894201999908546
999,0.03284873800294008,32.84873800294008
1000,0.020952449998731026,20.952449998731026
1001,0.022232561001146678,22.232561001146678
1002,0.020684941999206785,20.684941999206785
1003,0.03144993199748569,31.44993199748569
1004,0.02686141399681219,26.86141399681219
1005,0.023208852999232477,23.208852999232477
1006,0.020865430000412744,20.865430000412744
1007,0.03403300999707426,34.03300999707426
1008,0.02634431100159418,26.34431100159418
1009,0.020982070000172826,20.982070000172826
1010,0.019021022999368142,19.021022999368142
1011,0.030503559002681868,30.503559002681868
1012,0.019508711997332284,19.508711997332284
1013,0.02044459500029916,20.44459500029916
1014,0.019624106000264874,19.624106000264874
1015,0.02561482300006901,25.61482300006901
1016,0.03080634599973564,30.80634599973564
1017,0.020730755000840873,20.730755000840873
1018,0.01879157000075793,18.79157000075793
1019,0.03762431699942681,37.62431699942681
1020,0.020055463999597123,20.055463999597123
1021,0.020869162999588298,20.869162999588298
1022,0.019632575000287034,19.632575000287034
1023,0.030271510000602575,30.271510000602575
1024,0.026322020999941742,26.322020999941742
1025,0.02124890699997195,21.24890699997195
1026,0.019069714999204734,19.069714999204734
1027,0.028869345002021873,28.869345002021873
1028,0.025373122000019066,25.373122000019066
1029,0.02066367400038871,20.66367400038871
1030,0.019271873999969102,19.271873999969102
1031,0.03058651800165535,30.58651800165535
1032,0.01944779599944013,19.44779599944013
1033,0.02064927900210023,20.64927900210023
1034,0.01923170300142374,19.23170300142374
1035,0.028212262001034105,28.212262001034105
1036,0.02790085200103931,27.90085200103931
1037,0.021348678001231747,21.348678001231747
1038,0.019471277002594434,19.471277002594434
1039,0.0373380860000907,37.3380860000907
1040,0.020198853002511896,20.198853002511896
1041,0.0209094380006718,20.9094380006718
1042,0.01968038199993316,19.68038199993316
1043,0.030256876001658384,30.256876001658384
1044,0.027216662998398533,27.216662998398533
1045,0.021012641002016608,21.012641002016608
1046,0.02009526999972877,20.09526999972877
1047,0.03547427599914954,35.47427599914954
1048,0.019969289998698514,19.969289998698514
1049,0.02100375300142332,21.00375300142332
1050,0.019469142996968003,19.469142996968003
1051,0.03161649400135502,31.616494001355022
1052,0.02677588900041883,26.77588900041883
1053,0.021089122001285432,21.089122001285432
1054,0.019276841998362215,19.276841998362215
1055,0.033953197998926044,33.95319799892604
1056,0.02029463299913914,20.29463299913914
1057,0.021097236000059638,21.097236000059638
1058,0.019264908001787262,19.264908001787262
1059,0.030818614999589045,30.818614999589045
1060,0.026585168998281006,26.585168998281006
1061,0.02133549700010917,21.33549700010917
1062,0.025246379998861812,25.246379998861812
1063,0.2058932870022545,205.8932870022545
1064,0.01799883900093846,17.99883900093846
1065,0.020066769000550266,20.066769000550266
1066,0.0229027240020514,22.9027240020514
1067,0.047476705000008224,47.476705000008224
1068,0.026767876999656437,26.767876999656437
1069,0.020844280999881448,20.84428099988145
1070,0.03967839799952344,39.67839799952344
1071,0.021329039002011996,21.329039002011996
1072,0.019104107002931414,19.104107002931414
1073,0.029635121001774678,29.635121001774678
1074,0.05275582800095435,52.75582800095435
1075,0.02018706899980316,20.18706899980316
1076,0.018743131000519497,18.743131000519497
1077,0.020498881000094116,20.498881000094116
1078,0.03790894299891079,37.90894299891079
1079,0.021562768997682724,21.562768997682724
1080,0.0187655440022354,18.7655440022354
1081,0.020266469997295644,20.266469997295644
1082,0.03128565599763533,31.28565599763533
1083,0.027627505001873942,27.627505001873942
1084,0.01903329000197118,19.03329000197118
1085,0.0209880600014003,20.9880600014003
1086,0.02859183399777976,28.59183399777976
1087,0.020545747000142,20.545747000142
1088,0.01942444399901433,19.42444399901433
1089,0.02031491200250457,20.31491200250457
1090,0.02810704199873726,28.10704199873726
1091,0.02714099299919326,27.14099299919326
1092,0.019057343997701537,19.057343997701537
1093,0.02241822199721355,22.41822199721355
1094,0.028128621001087595,28.128621001087595
1095,0.027476772000227356,27.476772000227356
1096,0.019243029000790557,19.243029000790557
1097,0.020549180000671186,20.549180000671186
1098,0.028908604999742238,28.908604999742238
1099,0.027221569998800987,27.221569998800987
1100,0.019136173999868333,19.136173999868333
1101,0.021004504000302404,21.004504000302404
1102,0.03902123300213134,39.02123300213134
1103,0.021314429999620188,21.314429999620188
1104,0.018857251001463737,18.857251001463737
1105,0.0207601110014366,20.7601110014366
1106,0.030421603998547653,30.421603998547653
1107,0.02696966599978623,26.96966599978623
1108,0.019123411999316886,19.123411999316886
1109,0.02047740800117026,20.47740800117026
1110,0.03534607099936693,35.34607099936693
1111,0.02095284800088848,20.95284800088848
1112,0.02113462000124855,21.13462000124855
1113,0.020733715002279496,20.733715002279496
1114,0.032535824000660796,32.535824000660796
1115,0.02712111599976197,27.12111599976197
1116,0.018926467000710545,18.926467000710545
1117,0.021054695000202628,21.054695000202628
1118,0.028807858001528075,28.807858001528075
1119,0.026826944002095843,26.826944002095843
1120,0.019343445001140935,19.343445001140935
1121,0.02067752500079223,20.67752500079223
1122,0.034278559000085806,34.27855900008581
1123,0.021161270997254178,21.161270997254178
1124,0.0186816440000257,18.6816440000257
1125,0.02036001400119858,20.36001400119858
1126,0.029648557003383758,29.648557003383758
1127,0.04333338300057221,43.33338300057221
1128,0.032906057000218425,32.906057000218425
1129,0.02097381800194853,20.97381800194853
1130,0.037219388999801595,37.219388999801595
1131,0.02116462200137903,21.16462200137903
1132,0.018831015997420764,18.831015997420764
1133,0.020846300998528022,20.846300998528022
1134,0.03350439999849186,33.50439999849186
1135,0.026793192999321036,26.793192999321036
1136,0.019420373002503766,19.420373002503766
1137,0.02132883499871241,21.32883499871241
1138,0.02506070399977034,25.06070399977034
1139,0.0375045710025006,37.5045710025006
1140,0.019621513998572482,19.621513998572482
1141,0.020586066999385366,20.586066999385366
1142,0.03959023799689021,39.59023799689021
1143,0.021506600998691283,21.506600998691283
1144,0.018775650001771282,18.775650001771282
1145,0.02051311100149178,20.51311100149178
1146,0.03425313399930019,34.25313399930019
1147,0.023051487001794158,23.051487001794158
1148,0.018948426000861218,18.948426000861218
1149,0.020966329000657424,20.966329000657424
1150,0.031975540001440095,31.975540001440095
1151,0.02519558900166885,25.19558900166885
1152,0.01871980100258952,18.71980100258952
1153,0.020434818001376698,20.434818001376698
1154,0.034532304998720065,34.532304998720065
1155,0.02101928900083294,21.01928900083294
1156,0.018459481001627864,18.459481001627864
1157,0.020386058000440244,20.386058000440244
1158,0.032532436001929455,32.532436001929455
1159,0.027463416998216417,27.463416998216417
1160,0.02016385200113291,20.16385200113291
1161,0.022061906001908937,22.061906001908937
1162,0.03365540499726194,33.65540499726194
1163,0.022033830999134807,22.033830999134807
1164,0.020031512998684775,20.031512998684775
1165,0.02174873799958732,21.74873799958732
1166,0.03043281099962769,30.43281099962769
1167,0.027503883000463247,27.503883000463247
1168,0.0201075180011685,20.1075180011685
1169,0.022039087998564355,22.039087998564355
1170,0.027802712997072376,27.802712997072376
1171,0.029272767998918425,29.272767998918425
1172,0.02053066900043632,20.53066900043632
1173,0.021785779998026555,21.785779998026555
1174,0.028050906999851577,28.050906999851577
1175,0.0218738650000887,21.8738650000887
1176,0.020249450997653184,20.249450997653184
1177,0.02168875300048967,21.68875300048967
1178,0.029351856999710435,29.351856999710435
1179,0.027036814997700276,27.036814997700276
1180,0.021801462000439642,21.801462000439642
1181,0.022613116998400073,22.613116998400073
1182,0.028997217003052356,28.997217003052356
1183,0.027254523000010522,27.254523000010522
1184,0.020118216998525895,20.118216998525895
1185,0.021743632001744118,21.743632001744118
1186,0.028855934000603156,28.855934000603156
1187,0.022122958002000814,22.122958002000814
1188,0.020026846999826375,20.026846999826375
1189,0.02190058899941505,21.90058899941505
1190,0.033145008001156384,33.145008001156384
1191,0.02790886200091336,27.90886200091336
1192,0.020338869999250164,20.338869999250164
1193,0.021756150999863166,21.756150999863166
1194,0.02955880899753538,29.55880899753538
1195,0.028141391998360632,28.141391998360632
1196,0.020234105999406893,20.234105999406893
1197,0.02184472699809703,21.84472699809703
1198,0.03316667099716142,33.16667099716142
1199,0.022475828998722136,22.475828998722136
1200,0.020169526997051435,20.169526997051435
1201,0.022629564002272673,22.629564002272673
1202,0.036616360001062276,36.616360001062276
1203,0.02271632299743942,22.71632299743942
1204,0.020221983999363147,20.221983999363147
1205,0.021885423000640003,21.885423000640003
1206,0.032673880999936955,32.673880999936955
1207,0.022830474998045247,22.830474998045247
1208,0.020671370999480132,20.671370999480132
1209,0.02171204199839849,21.71204199839849
1210,0.03210963000310585,32.10963000310585
1211,0.02793637899958412,27.93637899958412
1212,0.020424295002158033,20.424295002158033
1213,0.021887909999350086,21.887909999350086
1214,0.03685592900001211,36.85592900001211
1215,0.029187567997723818,29.187567997723818
1216,0.020040596999024274,20.040596999024274
1217,0.02177123900037259,21.77123900037259
1218,0.03281207600230118,32.81207600230118
1219,0.0313394340009836,31.3394340009836
1220,0.022239030000491766,22.239030000491766
1221,0.02427752000221517,24.27752000221517
1222,0.03790794800079311,37.90794800079311
1223,0.03127910499824793,31.27910499824793
1224,0.02099916199949803,20.99916199949803
1225,0.021969913999782875,21.969913999782875
1226,0.032438345999253215,32.438345999253215
1227,0.027981035000266274,27.981035000266274
1228,0.021023630997660803,21.023630997660803
1229,0.022463816003437387,22.463816003437387
1230,0.03362280900182668,33.62280900182668
1231,0.028070467000361532,28.070467000361532
1232,0.020361364000564208,20.36136400056421
1233,0.022488099999463884,22.488099999463884
1234,0.03313864899973851,33.13864899973851
1235,0.02793425499839941,27.93425499839941
1236,0.02034107200233848,20.34107200233848
1237,0.021834901999682188,21.834901999682188
1238,0.030421977997320937,30.421977997320937
1239,0.027811490999738453,27.811490999738453
1240,0.020554793998599052,20.554793998599052
1241,0.021905460002017207,21.905460002017207
1242,0.030684400000609457,30.684400000609457
1243,0.026479944001039257,26.479944001039257
1244,0.020104700000956655,20.104700000956655
1245,0.021845197999937227,21.845197999937227
1246,0.028833847998612328,28.833847998612328
1247,0.024160275999747682,24.160275999747682
1248,0.019873096000083024,19.873096000083024
1249,0.021972282000206178,21.972282000206178
1250,0.037547764000919415,37.547764000919415
1251,0.025619863998144865,25.619863998144865
1252,0.021273172002111096,21.273172002111096
1253,0.022087371999077732,22.08737199907773
1254,0.04039727000053972,40.39727000053972
1255,0.022963781000726158,22.963781000726158
1256,0.02042506100042374,20.42506100042374
1257,0.021908831000473583,21.908831000473583
1258,0.03942383400135441,39.42383400135441
1259,0.02244811399941682,22.44811399941682
1260,0.020269934000680223,20.269934000680223
1261,0.021901988999161404,21.901988999161404
1262,0.03764264900019043,37.64264900019043
1263,0.022168202998727793,22.168202998727793
1264,0.020580309002980357,20.580309002980357
1265,0.021953188999759732,21.953188999759732
1266,0.03742494300240651,37.42494300240651
1267,0.022044426001230022,22.044426001230022
1268,0.020426372000656556,20.426372000656556
1269,0.021905207002419047,21.905207002419047
1270,0.031520161999651464,31.520161999651464
1271,0.025056643000425538,25.056643000425538
1272,0.020276514998840867,20.276514998840867
1273,0.02192418800041196,21.92418800041196
1274,0.027965379998931894,27.965379998931894
1275,0.027698088000761345,27.698088000761345
1276,0.02031668700146838,20.31668700146838
1277,0.022573923000891227,22.573923000891227
1278,0.03334924700175179,33.34924700175179
1279,0.03170711799975834,31.70711799975834
1280,0.02725172499776818,27.25172499776818
1281,0.024032827001065016,24.032827001065016
1282,0.026992084996891208,26.992084996891208
1283,0.02786267700139433,27.86267700139433
1284,0.020361953000247013,20.361953000247013
1285,0.02254369799993583,22.54369799993583
1286,0.03134549900278216,31.345499002782162
1287,0.028714413001580397,28.714413001580397
1288,0.020562280999001814,20.562280999001814
1289,0.022107087999756914,22.107087999756914
1290,0.029137034001905704,29.137034001905704
1291,0.02798934000020381,27.98934000020381
1292,0.02015294100056053,20.15294100056053
1293,0.021968404998915503,21.968404998915503
1294,0.026908349002042087,26.908349002042087
1295,0.02754439700220246,27.54439700220246
1296,0.020266675997845596,20.266675997845596
1297,0.022056165998947108,22.056165998947108
1298,0.028155847001471557,28.155847001471557
1299,0.02206737500091549,22.06737500091549
1300,0.020228694997058483,20.228694997058483
1301,0.02194650299861678,21.94650299861678
1302,0.04917376699813758,49.17376699813758
1303,0.027276971999526722,27.276971999526722
1304,0.022049515002436237,22.049515002436237
1305,0.023143309001170564,23.143309001170564
1306,0.03638824800145812,36.38824800145812
1307,0.025214618999598315,25.214618999598315
1308,0.02004762399883475,20.04762399883475
1309,0.021968949000438442,21.968949000438442
1310,0.028485954000643687,28.485954000643687
1311,0.028905808001582045,28.905808001582045
1312,0.02045961499970872,20.45961499970872
1313,0.021955093001452042,21.955093001452042
1314,0.030336793999595102,30.336793999595102
1315,0.028119856000557775,28.119856000557775
1316,0.02040486899932148,20.40486899932148
1317,0.02191251199838007,21.91251199838007
1318,0.025010379999002907,25.010379999002907
1319,0.031865512999502243,31.865512999502243
1320,0.020209295998938615,20.209295998938615
1321,0.02195294500052114,21.95294500052114
1322,0.03276313999958802,32.76313999958802
1323,0.021918737998930737,21.918737998930737
1324,0.0201710239998647,20.1710239998647
1325,0.02182554599858122,21.82554599858122
1326,0.030036352000024635,30.036352000024635
1327,0.02801983900280902,28.01983900280902
1328,0.020324159999290714,20.324159999290714
1329,0.021983732000080636,21.983732000080636
1330,0.032167599001695635,32.167599001695635
1331,0.028802871001971653,28.802871001971653
1332,0.02089318300204468,20.89318300204468
1333,0.021686969997972483,21.686969997972483
1334,0.03349039499880746,33.49039499880746
1335,0.02697409900065395,26.97409900065395
1336,0.02020801099934033,20.20801099934033
1337,0.02235570500124595,22.35570500124595
1338,0.0327733400008583,32.7733400008583
1339,0.022052252999856137,22.052252999856137
1340,0.0201817730012408,20.1817730012408
1341,0.021902237000176683,21.902237000176683
1342,0.03034707600090769,30.34707600090769
1343,0.02668679600174073,26.68679600174073
1344,0.020367998000438092,20.367998000438092
1345,0.02189895699848421,21.89895699848421
1346,0.029485711998859188,29.485711998859188
1347,0.027938646999245975,27.938646999245975
1348,0.02066462299990235,20.66462299990235
1349,0.02435364999837475,24.35364999837475
1350,0.028415765998943243,28.415765998943243
1351,0.027729321998776868,27.729321998776868
1352,0.020094794999749865,20.094794999749865
1353,0.021868566997000016,21.868566997000016
1354,0.0288834279999719,28.8834279999719
1355,0.022310563999781152,22.310563999781152
1356,0.020019714000227395,20.019714000227395
1357,0.021882132001337595,21.882132001337595
1358,0.031236489001457812,31.236489001457812
1359,0.02816327700202237,28.16327700202237
1360,0.020600046002073213,20.600046002073213
1361,0.02183877700008452,21.83877700008452
1362,0.02825916099754977,28.25916099754977
1363,0.026716542000940535,26.716542000940535
1364,0.019876902999385493,19.876902999385493
1365,0.021882551998714916,21.882551998714916
1366,0.027262072002486093,27.262072002486093
1367,0.025454544000240276,25.454544000240276
1368,0.020262732003175188,20.262732003175188
1369,0.021956851000140887,21.956851000140887
1370,0.03193838699735352,31.93838699735352
1371,0.02819430100134923,28.19430100134923
1372,0.020328503000200726,20.328503000200726
1373,0.022447000999818556,22.447000999818556
1374,0.02865189200019813,28.65189200019813
1375,0.028634588001295924,28.634588001295924
1376,0.02005074299813714,20.05074299813714
1377,0.02146566599913058,21.46566599913058
1378,0.026931139000225812,26.931139000225812
1379,0.02444707299946458,24.44707299946458
1380,0.021658296998793958,21.658296998793958
1381,0.021575542999926256,21.575542999926256
1382,0.03186204700250528,31.862047002505278
1383,0.02784480199989048,27.84480199989048
1384,0.021724450001784135,21.724450001784135
1385,0.021681582999008242,21.681582999008242
1386,0.030542796997906407,30.542796997906407
1387,0.02770808599962038,27.70808599962038
1388,0.019914300999516854,19.914300999516854
1389,0.021984573002555408,21.984573002555408
1390,0.02980333799860091,29.80333799860091
1391,0.029136619999917457,29.136619999917457
1392,0.020370136000565253,20.370136000565253
1393,0.022367402001691516,22.367402001691516
1394,0.03341886899943347,33.41886899943347
1395,0.027575651998631656,27.575651998631656
1396,0.019909326001652516,19.909326001652516
1397,0.021703728998545557,21.703728998545557
1398,0.032483181999850785,32.483181999850785
1399,0.021984488997986773,21.984488997986773
1400,0.019830799999908777,19.830799999908777
1401,0.021790472001157468,21.790472001157468
1402,0.03349814900138881,33.49814900138881
1403,0.02386480800123536,23.86480800123536
1404,0.020691154000815004,20.691154000815004
1405,0.02191654499983997,21.91654499983997
1406,0.0315932179983065,31.5932179983065
1407,0.028371998996590264,28.371998996590264
1408,0.02544385900182533,25.44385900182533
1409,0.029193251000833698,29.193251000833698
1410,0.04954759900283534,49.54759900283534
1411,0.030692375999933574,30.692375999933574
1412,0.01904071299941279,19.04071299941279
1413,0.02035690400225576,20.35690400225576
1414,0.03447836900159018,34.47836900159018
1415,0.027785136000602506,27.785136000602506
1416,0.033511305002321023,33.51130500232102
1417,0.0265085490027559,26.5085490027559
1418,0.03294282799834036,32.94282799834036
1419,0.02777286200216622,27.77286200216622
1420,0.01892152100117528,18.92152100117528
1421,0.020519335997960297,20.519335997960297
1422,0.03420911799912574,34.20911799912574
1423,0.036733566001203144,36.733566001203144
1424,0.02676035900003626,26.76035900003626
1425,0.020489006998104742,20.489006998104742
1426,0.03419981399929384,34.19981399929384
1427,0.02089135099959094,20.89135099959094
1428,0.01881675299955532,18.81675299955532
1429,0.020256989999325015,20.256989999325015
1430,0.03393088499797159,33.93088499797159
1431,0.027384203000110574,27.384203000110574
1432,0.018943363000289537,18.943363000289537
1433,0.020333379001385765,20.333379001385765
1434,0.026570869998977287,26.570869998977287
1435,0.030843707998428727,30.843707998428727
1436,0.01886796400140156,18.86796400140156
1437,0.020686815998487873,20.686815998487873
1438,0.038487927999085514,38.487927999085514
1439,0.021120700002938975,21.120700002938975
1440,0.018863891997170867,18.863891997170867
1441,0.02032788900032756,20.32788900032756
1442,0.03142883799955598,31.42883799955598
1443,0.025591711997549282,25.591711997549282
1444,0.01901803600048879,19.01803600048879
1445,0.020434064001165098,20.434064001165098
1446,0.03652475399940158,36.52475399940158
1447,0.02121079299831763,21.21079299831763
1448,0.018665529998543207,18.665529998543207
1449,0.020780249000381446,20.780249000381446
1450,0.029870004000258632,29.870004000258632
1451,0.030704126998898573,30.704126998898573
1452,0.020037037000292912,20.037037000292912
1453,0.02131752300192602,21.31752300192602
1454,0.1105711899981543,110.5711899981543
1455,0.04102195800078334,41.02195800078334
1456,0.02032915900053922,20.32915900053922
1457,0.021754461002274184,21.754461002274184
1458,0.03401545999804512,34.01545999804512
1459,0.022488469003292266,22.488469003292266
1460,0.020098586999665713,20.098586999665713
1461,0.02183204999892041,21.83204999892041
1462,0.030535009998857277,30.535009998857277
1463,0.02793623399702483,27.93623399702483
1464,0.0203868099997635,20.3868099997635
1465,0.02187677099936991,21.87677099936991
1466,0.038437619998148875,38.437619998148875
1467,0.026766588998725638,26.766588998725638
1468,0.019892090000212193,19.892090000212193
1469,0.021488008998858277,21.488008998858277
1470,0.028857223001978127,28.857223001978127
1471,0.027008565000869567,27.008565000869567
1472,0.01993651399970986,19.93651399970986
1473,0.04257585300001665,42.57585300001665
1474,0.03702466200047638,37.02466200047638
1475,0.027349396998033626,27.349396998033626
1476,0.020062011000845814,20.062011000845814
1477,0.02258515100038494,22.58515100038494
1478,0.03288301499924273,32.88301499924273
1479,0.02211073600119562,22.11073600119562
1480,0.02200778599944897,22.00778599944897
1481,0.0215768529997149,21.5768529997149
1482,0.0312366979997023,31.2366979997023
1483,0.027847424000356114,27.847424000356114
1484,0.020692334001068957,20.692334001068957
1485,0.021877587998460513,21.877587998460513
1486,0.03332787500039558,33.32787500039558
1487,0.02816055299990694,28.16055299990694
1488,0.020358600999315968,20.358600999315968
1489,0.02197066500229994,21.97066500229994
1490,0.034732593998342054,34.732593998342054
1491,0.028229867999471026,28.229867999471026
1492,0.020619069000531454,20.619069000531454
1493,0.02145321399802924,21.45321399802924
1494,0.03151703600087785,31.51703600087785
1495,0.02819749300033436,28.19749300033436
1496,0.020382347000122536,20.382347000122536
1497,0.021341273000871297,21.341273000871297
1498,0.029068514999380568,29.068514999380568
1499,0.026685582000936847,26.685582000936847
1500,0.019992549998278264,19.992549998278264
1501,0.021492607000254793,21.492607000254793
1502,0.038421493001806084,38.421493001806084
1503,0.023125225998228416,23.125225998228416
1504,0.0199269849981647,19.9269849981647
1505,0.021539482000662247,21.539482000662247
1506,0.0342738229992392,34.2738229992392
1507,0.02275163100057398,22.75163100057398
1508,0.020085762997041456,20.085762997041456
1509,0.02520080000249436,25.20080000249436
1510,0.031223875001160195,31.223875001160195
1511,0.023936817000503652,23.936817000503652
1512,0.020407186002557864,20.407186002557864
1513,0.02184941800078377,21.84941800078377
1514,0.030195018000085838,30.195018000085838
1515,0.02742848299749312,27.42848299749312
1516,0.020333191998361144,20.333191998361144
1517,0.021859444001165684,21.859444001165684
1518,0.02883047599971178,28.83047599971178
1519,0.027593415998126147,27.593415998126147
1520,0.020192627001961228,20.192627001961228
1521,0.021751775999291567,21.751775999291567
1522,0.026569719000690384,26.569719000690384
1523,0.027373053999326658,27.373053999326658
1524,0.020257429001503624,20.257429001503624
1525,0.02201891799995792,22.01891799995792
1526,0.03194874600012554,31.94874600012554
1527,0.028171186000690795,28.171186000690795
1528,0.020258593001926783,20.258593001926783
1529,0.021688545999495545,21.688545999495545
1530,0.026879573000769597,26.879573000769597
1531,0.027627530998870498,27.627530998870498
1532,0.020661159996961942,20.661159996961942
1533,0.022242819002713077,22.242819002713077
1534,0.024364516000787262,24.364516000787262
1535,0.03604005099987262,36.04005099987262
1536,0.02082334000078845,20.82334000078845
1537,0.021601065000140807,21.601065000140807
1538,0.03652563599825953,36.52563599825953
1539,0.022271097997872857,22.271097997872857
1540,0.019610756000474794,19.610756000474794
1541,0.021780031998787308,21.780031998787308
1542,0.03035570200154325,30.35570200154325
1543,0.02880236299824901,28.80236299824901
1544,0.02031922000242048,20.31922000242048
1545,0.021845744999154704,21.845744999154704
1546,0.03314263799984474,33.14263799984474
1547,0.02772007100065821,27.72007100065821
1548,0.02035530399734853,20.35530399734853
1549,0.02298476599753485,22.98476599753485
1550,0.0322918040001241,32.2918040001241
1551,0.02812857600292773,28.12857600292773
1552,0.02037204199950793,20.37204199950793
1553,0.022336705998895923,22.336705998895923
1554,0.03351411800031201,33.51411800031201
1555,0.02858621899940772,28.58621899940772
1556,0.019662563998281257,19.662563998281257
1557,0.020729579002363607,20.729579002363607
1558,0.03583753799830447,35.83753799830447
1559,0.021830484001839068,21.830484001839068
1560,0.019275611997727538,19.275611997727538
1561,0.021012355002312688,21.012355002312688
1562,0.038969075998465996,38.969075998465996
1563,0.02106908999849111,21.06908999849111
1564,0.018619844999193447,18.619844999193447
1565,0.029670339998119744,29.670339998119744
1566,0.046178741999028716,46.178741999028716
1567,0.030530603999068262,30.530603999068262
1568,0.02393442200263962,23.93442200263962
1569,0.02432939800200984,24.32939800200984
1570,0.032158925001567695,32.158925001567695
1571,0.025897225001244806,25.897225001244806
1572,0.018707545001234394,18.707545001234394
1573,0.021781266001198674,21.781266001198674
1574,0.03919666600268101,39.19666600268101
1575,0.02220700199904968,22.20700199904968
1576,0.01910363700153539,19.10363700153539
1577,0.02045360800184426,20.45360800184426
1578,0.033939735003514215,33.939735003514215
1579,0.02482192399838823,24.82192399838823
1580,0.019187614998372737,19.187614998372737
1581,0.020513323001068784,20.513323001068784
1582,0.033973500998399686,33.973500998399686
1583,0.02112867899995763,21.12867899995763
1584,0.018587904996820726,18.587904996820726
1585,0.020335392997367308,20.335392997367308
1586,0.03198286599945277,31.98286599945277
1587,0.02710808600022574,27.10808600022574
1588,0.01927352900020196,19.27352900020196
1589,0.020957243999873754,20.957243999873754
1590,0.03298521799661103,32.98521799661103
1591,0.021005137998145074,21.005137998145074
1592,0.019094245999440318,19.094245999440318
1593,0.020566407998558134,20.566407998558134
1594,0.03283504800128867,32.83504800128867
1595,0.037511825998080894,37.511825998080894
1596,0.025288250002631685,25.288250002631685
1597,0.022414723000110826,22.414723000110826
1598,0.031253683999239,31.253683999239
1599,0.026641712000127882,26.64171200012788
1600,0.020059859998582397,20.059859998582397
1601,0.022173187000589678,22.173187000589678
1602,0.03563457199925324,35.63457199925324
1603,0.021873140998650342,21.873140998650342
1604,0.02015855599893257,20.15855599893257
1605,0.02163554800063139,21.63554800063139
1606,0.04006362000291119,40.06362000291119
1607,0.02206112899875734,22.06112899875734
1608,0.019871936001436552,19.871936001436552
1609,0.021798268000566168,21.798268000566168
1610,0.03093204999822774,30.93204999822774
1611,0.027771295001002727,27.771295001002727
1612,0.02045207699848106,20.45207699848106
1613,0.022453566001786385,22.453566001786385
1614,0.030854892000206746,30.854892000206746
1615,0.02808450800148421,28.08450800148421
1616,0.021379818997957045,21.379818997957045
1617,0.024143168000591686,24.143168000591686
1618,0.030943441000999883,30.943441000999883
1619,0.03090821800287813,30.90821800287813
1620,0.019957256998168305,19.957256998168305
1621,0.021782184001494898,21.782184001494898
1622,0.029959592000523116,29.959592000523116
1623,0.028031043999362737,28.031043999362737
1624,0.020438093000848312,20.438093000848312
1625,0.021898072001931723,21.898072001931723
1626,0.030354886999703012,30.354886999703012
1627,0.02586009300284786,25.86009300284786
1628,0.020239980000042124,20.239980000042124
1629,0.021658072000718676,21.658072000718676
1630,0.028770924000127707,28.770924000127707
1631,0.023129215001972625,23.129215001972625
1632,0.02174417099740822,21.74417099740822
1633,0.021708476000640076,21.708476000640076
1634,0.032656154999131104,32.656154999131104
1635,0.028326129002380185,28.326129002380185
1636,0.01999268200233928,19.99268200233928
1637,0.022516526998515474,22.516526998515474
1638,0.023430746998201357,23.430746998201357
1639,0.03253030899941223,32.53030899941223
1640,0.020926712000800762,20.926712000800762
1641,0.022046251000574557,22.046251000574557
1642,0.026957403002597857,26.957403002597857
1643,0.02764501400088193,27.64501400088193
1644,0.020258771000953857,20.258771000953857
1645,0.022163027999340557,22.163027999340557
1646,0.02593614700163016,25.93614700163016
1647,0.043244757998763816,43.244757998763816
1648,0.026964224998664577,26.964224998664577
1649,0.022354221997375134,22.354221997375134
1650,0.04164426200077287,41.64426200077287
1651,0.022983719001786085,22.983719001786085
1652,0.020112564001465216,20.112564001465216
1653,0.02188273100182414,21.88273100182414
1654,0.0287381699999969,28.7381699999969
1655,0.02197442000033334,21.97442000033334
1656,0.020111651003389852,20.111651003389852
1657,0.021960897000099067,21.960897000099067
1658,0.03220751299886615,32.20751299886615
1659,0.02825970500271069,28.25970500271069
1660,0.02056435899794451,20.56435899794451
1661,0.021992147998389555,21.992147998389555
1662,0.028395321001880802,28.395321001880802
1663,0.027722151000489248,27.722151000489248
1664,0.02016983099747449,20.16983099747449
1665,0.02271050800118246,22.71050800118246
1666,0.026793375000124797,26.793375000124797
1667,0.021771566000097664,21.771566000097664
1668,0.0201908490016649,20.1908490016649
1669,0.02187928599960287,21.87928599960287
1670,0.02940237800066825,29.40237800066825
1671,0.026094887998624472,26.094887998624472
1672,0.0202074230001017,20.2074230001017
1673,0.02186096899822587,21.86096899822587
1674,0.032950034001260065,32.950034001260065
1675,0.022196607998921536,22.196607998921536
1676,0.020050991002790397,20.050991002790397
1677,0.02188666700021713,21.88666700021713
1678,0.03097280699876137,30.97280699876137
1679,0.02853753199815401,28.53753199815401
1680,0.02062434799881885,20.62434799881885
1681,0.022113498001999687,22.113498001999687
1682,0.0316103680015658,31.610368001565803
1683,0.02834679100124049,28.34679100124049
1684,0.020467719998123357,20.467719998123357
1685,0.02342860199860297,23.42860199860297
1686,0.0285301799995068,28.5301799995068
1687,0.026061930999276228,26.06193099927623
1688,0.020233125000231666,20.233125000231666
1689,0.022369608999724733,22.369608999724733
1690,0.028362017998006195,28.362017998006195
1691,0.02218682799866656,22.18682799866656
1692,0.02008477799972752,20.08477799972752
1693,0.02190014599909773,21.90014599909773
1694,0.03125251299934462,31.252512999344617
1695,0.027791127999080345,27.791127999080345
1696,0.020576375001837732,20.576375001837732
1697,0.02188577999913832,21.88577999913832
1698,0.028709081998385955,28.709081998385955
1699,0.026370723000582075,26.370723000582075
1700,0.020270868997613434,20.270868997613434
1701,0.023079508002410876,23.079508002410876
1702,0.02459774000089965,24.59774000089965
1703,0.035516944000846706,35.516944000846706
1704,0.020908213999064174,20.908213999064174
1705,0.022143221998703666,22.143221998703666
1706,0.028822864001995185,28.822864001995185
1707,0.022154606998810777,22.154606998810777
1708,0.02027109600021504,20.27109600021504
1709,0.022253391998674488,22.253391998674488
1710,0.030291077997389948,30.291077997389948
1711,0.027406528999563307,27.406528999563307
1712,0.020457918002648512,20.457918002648512
1713,0.02203862199894502,22.03862199894502
1714,0.026974460000928957,26.974460000928957
1715,0.026897564002865693,26.897564002865693
1716,0.02011939400108531,20.11939400108531
1717,0.02200013699984993,22.00013699984993
1718,0.028899895001814002,28.899895001814002
1719,0.022155693000968313,22.155693000968313
1720,0.022594908998144092,22.594908998144092
1721,0.02190518400311703,21.90518400311703
1722,0.032003753000026336,32.003753000026336
1723,0.02819581199946697,28.19581199946697
1724,0.020593322999047814,20.593322999047814
1725,0.0222835140011739,22.2835140011739
1726,0.028614922000997467,28.614922000997467
1727,0.027756971001508646,27.756971001508646
1728,0.020274888000130886,20.274888000130886
1729,0.021906207002757583,21.906207002757583
1730,0.027112902997032506,27.112902997032506
1731,0.028714740998111665,28.714740998111665
1732,0.020401167999807512,20.401167999807512
1733,0.02191731199854985,21.91731199854985
1734,0.03636908000044059,36.36908000044059
1735,0.02208433199848514,22.08433199848514
1736,0.020182952997856773,20.182952997856773
1737,0.02225707699835766,22.25707699835766
1738,0.03261838199978229,32.61838199978229
1739,0.022386492000805447,22.386492000805447
1740,0.01997456600292935,19.97456600292935
1741,0.022053570002753986,22.053570002753986
1742,0.029860594997444423,29.860594997444423
1743,0.027923951998673147,27.923951998673147
1744,0.02074526300202706,20.74526300202706
1745,0.02228701199783245,22.28701199783245
1746,0.029820531999575906,29.820531999575906
1747,0.02679533699847525,26.79533699847525
1748,0.02005449299758766,20.05449299758766
1749,0.02192830999774742,21.92830999774742
1750,0.028127638001024025,28.127638001024025
1751,0.023718669999652775,23.718669999652775
1752,0.020187047997751506,20.187047997751506
1753,0.022017053001036402,22.017053001036402
1754,0.030906863998097833,30.906863998097833
1755,0.03128728899901034,31.287288999010343
1756,0.024408380999375368,24.408380999375368
1757,0.05261297299875878,52.61297299875878
1758,0.047752929996931925,47.752929996931925
1759,0.027422178998676827,27.422178998676827
1760,0.025869221000903053,25.869221000903053
1761,0.023352547999820672,23.352547999820672
1762,0.03865797100297641,38.65797100297641
1763,0.022701866997522302,22.701866997522302
1764,0.023422983998898417,23.422983998898417
1765,0.025268229001085274,25.268229001085274
1766,0.04554416300015873,45.54416300015873
1767,0.022671652001008624,22.671652001008624
1768,0.021927907997451257,21.927907997451257
1769,0.02426116000060574,24.26116000060574
1770,0.036826663999818265,36.826663999818265
1771,0.021794935000798432,21.794935000798432
1772,0.019847483999910764,19.847483999910764
1773,0.02121470600104658,21.21470600104658
1774,0.03479944199716556,34.79944199716556
1775,0.02180194799802848,21.80194799802848
1776,0.019933214000047883,19.933214000047883
1777,0.021499547001440078,21.499547001440078
1778,0.027911450997635256,27.911450997635256
1779,0.026746031999209663,26.746031999209663
1780,0.019958160002715886,19.958160002715886
1781,0.02165043500281172,21.65043500281172
1782,0.026557327997579705,26.557327997579705
1783,0.02599563500189106,25.99563500189106
1784,0.02048677900165785,20.48677900165785
1785,0.02174130000275909,21.74130000275909
1786,0.031953180998243624,31.953180998243624
1787,0.027928015999350464,27.928015999350464
1788,0.020352952000393998,20.352952000393998
1789,0.02162576300179353,21.62576300179353
1790,0.028548247999424348,28.548247999424348
1791,0.026951685998938046,26.951685998938046
1792,0.020126490999246016,20.126490999246016
1793,0.0216668920002121,21.6668920002121
1794,0.026497261998883914,26.497261998883914
1795,0.02765423699747771,27.65423699747771
1796,0.020354203999886522,20.354203999886522
1797,0.021651439001288963,21.651439001288963
1798,0.030222718000004534,30.222718000004534
1799,0.027481847999297315,27.481847999297315
1800,0.02054781300103059,20.54781300103059
1801,0.02176591899842606,21.76591899842606
1802,0.029375146001257235,29.375146001257235
1803,0.027042096000513993,27.042096000513993
1804,0.020215651002217783,20.215651002217783
1805,0.02265606699802447,22.65606699802447
1806,0.02835496500119916,28.35496500119916
1807,0.023087139998096973,23.087139998096973
1808,0.02011339099772158,20.11339099772158
1809,0.021519661000638735,21.519661000638735
1810,0.02972352000142564,29.72352000142564
1811,0.02817241799857584,28.17241799857584
1812,0.020145244998275302,20.145244998275302
1813,0.02191345300161629,21.91345300161629
1814,0.025368596998305293,25.368596998305293
1815,0.031057315001817187,31.057315001817187
1816,0.020392513997649075,20.392513997649075
1817,0.021780683000542922,21.780683000542922
1818,0.02854814500096836,28.54814500096836
1819,0.021867568997549824,21.867568997549824
1820,0.020332890999270603,20.332890999270603
1821,0.023617308997927466,23.617308997927466
1822,0.029948229999718023,29.948229999718023
1823,0.04610506599783548,46.10506599783548
1824,0.025977960001910105,25.977960001910105
1825,0.022541238999110647,22.541238999110647
1826,0.026394191998406313,26.394191998406313
1827,0.034424302000843454,34.424302000843454
1828,0.020663090999732958,20.663090999732958
1829,0.022103339000750566,22.103339000750566
1830,0.031199651999486377,31.199651999486377
1831,0.024658419999468606,24.658419999468606
1832,0.020248030999937328,20.248030999937328
1833,0.02214633600306115,22.14633600306115
1834,0.031853991000389215,31.853991000389215
1835,0.027700526999979047,27.700526999979047
1836,0.020392668000567937,20.392668000567937
1837,0.02198006999969948,21.98006999969948
1838,0.027915815000596922,27.915815000596922
1839,0.027022254998883,27.022254998883
1840,0.02038616600111709,20.38616600111709
1841,0.02205612900070264,22.05612900070264
1842,0.028938013001607032,28.938013001607032
1843,0.022003274003509432,22.003274003509432
1844,0.01991908000127296,19.91908000127296
1845,0.021757883001555456,21.757883001555456
1846,0.03003784699831158,30.03784699831158
1847,0.026659319002646953,26.659319002646953
1848,0.020332523999968544,20.332523999968544
1849,0.021947217999695567,21.947217999695567
1850,0.02708166199954576,27.08166199954576
1851,0.02199131599991233,21.99131599991233
1852,0.020060031998582417,20.060031998582417
1853,0.0219880659969931,21.9880659969931
1854,0.031240740001521772,31.24074000152177
1855,0.029542183998273686,29.542183998273686
1856,0.020387169999594335,20.387169999594335
1857,0.02207243299926631,22.07243299926631
1858,0.11397499899976538,113.97499899976538
1859,0.021439213000121526,21.439213000121526
1860,0.01947184199889307,19.47184199889307
1861,0.021889355000894284,21.889355000894284
1862,0.03370901699963724,33.70901699963724
1863,0.022356468998623313,22.356468998623313
1864,0.02020560100208968,20.20560100208968
1865,0.021854189999430673,21.854189999430673
1866,0.033052530998247676,33.052530998247676
1867,0.028071936998458114,28.071936998458114
1868,0.02031760699901497,20.31760699901497
1869,0.022048315000574803,22.048315000574803
1870,0.031069145999936154,31.069145999936154
1871,0.028503935001936043,28.503935001936043
1872,0.020596629001374822,20.596629001374822
1873,0.022630326999205863,22.630326999205863
1874,0.028556891000334872,28.556891000334872
1875,0.027043678997870302,27.043678997870302
1876,0.019979659002274275,19.979659002274275
1877,0.02183858200078248,21.83858200078248
1878,0.028961480002180906,28.961480002180906
1879,0.022236343000258785,22.236343000258785
1880,0.020103988998016575,20.103988998016575
1881,0.021753446002549026,21.753446002549026
1882,0.032344915001885965,32.344915001885965
1883,0.027745942999899853,27.745942999899853
1884,0.020232631999533623,20.232631999533623
1885,0.02218755000285455,22.18755000285455
1886,0.04552215500007151,45.52215500007151
1887,0.022428448999562534,22.428448999562534
1888,0.01977262999935192,19.77262999935192
1889,0.02097427999979118,20.97427999979118
1890,0.04078550199847086,40.78550199847086
1891,0.022440715998527594,22.440715998527594
1892,0.01940135200129589,19.40135200129589
1893,0.021342684998671757,21.342684998671757
1894,0.04296492299909005,42.96492299909005
1895,0.022370907998265466,22.370907998265466
1896,0.019258403997810092,19.258403997810092
1897,0.021636935001879465,21.636935001879465
1898,0.03511032100141165,35.11032100141165
1899,0.02195897499768762,21.95897499768762
1900,0.019791296999756014,19.791296999756014
1901,0.021706376999645727,21.706376999645727
1902,0.03359115599960205,33.59115599960205
1903,0.027856141001393553,27.856141001393553
1904,0.020191552001051605,20.191552001051605
1905,0.022126198000478325,22.126198000478325
1906,0.028881902999273734,28.881902999273734
1907,0.029075885999191087,29.075885999191087
1908,0.022561591998965014,22.561591998965014
1909,0.021677514996554237,21.677514996554237
1910,0.031844944998738356,31.844944998738356
1911,0.02587153800050146,25.87153800050146
1912,0.019936673998017795,19.936673998017795
1913,0.024412112001300557,24.412112001300557
1914,0.038921301002119435,38.921301002119435
1915,0.022816504002548754,22.816504002548754
1916,0.019808496999758063,19.808496999758063
1917,0.021596045000478625,21.596045000478625
1918,0.030948947001888882,30.948947001888882
1919,0.02587778299857746,25.87778299857746
1920,0.02128477199948975,21.28477199948975
1921,0.02173269699778757,21.73269699778757
1922,0.026183936999586876,26.183936999586876
1923,0.025554158000886673,25.554158000886673
1924,0.020029805997182848,20.029805997182848
1925,0.021797828001581365,21.797828001581365
1926,0.0333045730003505,33.3045730003505
1927,0.027617412997642532,27.617412997642532
1928,0.021090066999022383,21.090066999022383
1929,0.021809568999742623,21.809568999742623
1930,0.029939084000943694,29.939084000943694
1931,0.028721082002448384,28.721082002448384
1932,0.02035360200170544,20.35360200170544
1933,0.02170024699807982,21.70024699807982
1934,0.025513049997243797,25.513049997243797
1935,0.029344815000513336,29.344815000513336
1936,0.020681378999142908,20.681378999142908
1937,0.02177865900011966,21.77865900011966
1938,0.038133639998704894,38.13363999870489
1939,0.02295173500169767,22.95173500169767
1940,0.020267638999939663,20.267638999939663
1941,0.021734412999649066,21.734412999649066
1942,0.03728691799915396,37.28691799915396
1943,0.044491792999906465,44.491792999906465
1944,0.020015780999528943,20.015780999528943
1945,0.021710888999223243,21.710888999223243
1946,0.04100113900130964,41.00113900130964
1947,0.022060177001549164,22.060177001549164
1948,0.020982732999982545,20.982732999982545
1949,0.022417464999307413,22.417464999307413
1950,0.02690978099781205,26.90978099781205
1951,0.02894721600023331,28.94721600023331
1952,0.02006036199964001,20.06036199964001
1953,0.025160927001707023,25.160927001707023
1954,0.02549506400100654,25.49506400100654
1955,0.030961661999754142,30.961661999754142
1956,0.020522384998912457,20.522384998912457
1957,0.021773555999970995,21.773555999970995
1958,0.027435002000856912,27.43500200085691
1959,0.02421957700062194,24.21957700062194
1960,0.02097311599936802,20.97311599936802
1961,0.02188018299784744,21.88018299784744
1962,0.03128492500036373,31.284925000363728
1963,0.02829308999935165,28.29308999935165
1964,0.020320935000199825,20.320935000199825
1965,0.021742868000728777,21.742868000728777
1966,0.03324486800192972,33.24486800192972
1967,0.026591853998979786,26.591853998979786
1968,0.01945384099963121,19.45384099963121
1969,0.020641762999730418,20.641762999730418
1970,0.025182895999023458,25.182895999023458
1971,0.03507821599851013,35.07821599851013
1972,0.019374010000319686,19.374010000319686
1973,0.02096353500019177,20.96353500019177
1974,0.03384790400014026,33.84790400014026
1975,0.02292585000031977,22.92585000031977
1976,0.018871395997848595,18.871395997848595
1977,0.020685186002083356,20.685186002083356
1978,0.03152697299810825,31.52697299810825
1979,0.028087750000850065,28.087750000850065
1980,0.018706356000620872,18.706356000620872
1981,0.020504119998804526,20.504119998804526
1982,0.03904132200113963,39.04132200113963
1983,0.020996478000597563,20.996478000597563
1984,0.018487651999748778,18.487651999748778
1985,0.02058300499993493,20.58300499993493
1986,0.03362919999926817,33.62919999926817
1987,0.02810144600152853,28.10144600152853
1988,0.02209217700146837,22.09217700146837
1989,0.020990167999116238,20.990167999116238
1990,0.03517488600118668,35.17488600118668
1991,0.02829809499962721,28.29809499962721
1992,0.020053771000675624,20.053771000675624
1993,0.020899016999464948,20.899016999464948
1994,0.046942926001065644,46.94292600106564
1995,0.03324114900169661,33.24114900169661
1996,0.02012378799918224,20.12378799918224
1997,0.021809239999129204,21.809239999129204
1998,0.03580794699882972,35.80794699882972
1999,0.02984411900251871,29.84411900251871
2000,0.019930702001147438,19.930702001147438
2001,0.021818487999553327,21.818487999553327
2002,0.031125667999731377,31.125667999731377
2003,0.028239119998033857,28.239119998033857
2004,0.0205303679977078,20.5303679977078
2005,0.02217008200022974,22.17008200022974
2006,0.03301051800008281,33.01051800008281
2007,0.028368110000883462,28.368110000883462
2008,0.020726519000163535,20.726519000163535
2009,0.022112492999440292,22.112492999440292
2010,0.02800011299768812,28.00011299768812
2011,0.026137712997297058,26.137712997297058
2012,0.02076822299932246,20.76822299932246
2013,0.02148370299983071,21.48370299983071
2014,0.027345401998900343,27.345401998900343
2015,0.021766466998087708,21.766466998087708
2016,0.019631540999398567,19.631540999398567
2017,0.021396476000518305,21.396476000518305
2018,0.02935096300279838,29.35096300279838
2019,0.026702828999987105,26.702828999987105
2020,0.02011256499827141,20.11256499827141
2021,0.02143596499809064,21.43596499809064
2022,0.03717809500085423,37.17809500085423
2023,0.021743520999734756,21.743520999734756
2024,0.019747194997762563,19.747194997762563
2025,0.021831474001373863,21.831474001373863
2026,0.030896961001417367,30.896961001417367
2027,0.028529042996524367,28.529042996524367
2028,0.01980962599918712,19.80962599918712
2029,0.02184332400065614,21.84332400065614
2030,0.03508018300271942,35.08018300271942
2031,0.026897073999862187,26.897073999862187
2032,0.019799311998212943,19.799311998212943
2033,0.022355156997946324,22.355156997946324
2034,0.03272135299994261,32.72135299994261
2035,0.028516515998489922,28.516515998489922
2036,0.020123490001424216,20.123490001424216
2037,0.02157606899709208,21.57606899709208
2038,0.03384631099834223,33.84631099834223
2039,0.02717768600268755,27.17768600268755
2040,0.02006785800040234,20.06785800040234
2041,0.022227692999877036,22.227692999877036
2042,0.02985347999856458,29.85347999856458
2043,0.025489894997008378,25.489894997008378
2044,0.019959547000325983,19.959547000325983
2045,0.0217115699997521,21.7115699997521
2046,0.03591253000195138,35.91253000195138
2047,0.022416692001570482,22.416692001570482
2048,0.02043820600010804,20.43820600010804
2049,0.021828087999892887,21.828087999892887
2050,0.031832983000640525,31.832983000640525
2051,0.027977175999694737,27.977175999694737
2052,0.020301279000705108,20.301279000705108
2053,0.021688428001652937,21.688428001652937
2054,0.02894091200141702,28.94091200141702
2055,0.027876402000401868,27.876402000401868
2056,0.02215779099788051,22.15779099788051
2057,0.021748298000602517,21.748298000602517
2058,0.02968414200222469,29.68414200222469
2059,0.027928872001211857,27.928872001211857
2060,0.019809550998616032,19.809550998616032
2061,0.021808380999573274,21.808380999573274
2062,0.03520480199949816,35.20480199949816
2063,0.02748950299792341,27.48950299792341
2064,0.019905617999029346,19.905617999029346
2065,0.021936682001978625,21.936682001978625
2066,0.03193024400025024,31.93024400025024
2067,0.021795437998662237,21.795437998662237
2068,0.019863958998030284,19.863958998030284
2069,0.021973310002067592,21.973310002067592
2070,0.0313581329974113,31.358132997411303
2071,0.027815808996820124,27.815808996820124
2072,0.020064831998752197,20.064831998752197
2073,0.021987503998389002,21.987503998389002
2074,0.029337808999116533,29.337808999116533
2075,0.028157443997770315,28.157443997770315
2076,0.02056826300031389,20.56826300031389
2077,0.021806560002005426,21.806560002005426
2078,0.027220775999012403,27.220775999012403
2079,0.02796915099679609,27.96915099679609
2080,0.020495592001680052,20.495592001680052
2081,0.022047651997127105,22.047651997127105
2082,0.037036948997410946,37.036948997410946
2083,0.02198315699934028,21.98315699934028
2084,0.019728307001059875,19.728307001059875
2085,0.021351883999159327,21.351883999159327
2086,0.03163272399979178,31.63272399979178
2087,0.024833133997162804,24.833133997162804
2088,0.02013829699717462,20.13829699717462
2089,0.021817707998707192,21.817707998707192
2090,0.031312081999203656,31.312081999203656
2091,0.027603654001723044,27.603654001723044
2092,0.02022657999987132,20.22657999987132
2093,0.02164848299798905,21.64848299798905
2094,0.026786182999785524,26.786182999785524
2095,0.028447885997593403,28.447885997593403
2096,0.020519449997664196,20.519449997664196
2097,0.022223365998797817,22.223365998797817
2098,0.024057061000348767,24.057061000348767
2099,0.05923803800033056,59.23803800033056
2100,0.02249590299834381,22.49590299834381
2101,0.02658721400075592,26.58721400075592
2102,0.04791645300065284,47.91645300065284
2103,0.02349588599827257,23.49588599827257
2104,0.02031245000034687,20.31245000034687
2105,0.021747456001321552,21.747456001321552
2106,0.028484056998422602,28.484056998422602
2107,0.03151950800020131,31.519508000201313
2108,0.023988171000382863,23.988171000382863
2109,0.026831151997612324,26.831151997612324
2110,0.03519474099812214,35.19474099812214
2111,0.022839351997390622,22.839351997390622
2112,0.020188387999951374,20.188387999951374
2113,0.021919380997132976,21.919380997132976
2114,0.030629033000877826,30.629033000877826
2115,0.029402194999420317,29.402194999420317
2116,0.022961456001212355,22.961456001212355
2117,0.025669351001852192,25.669351001852192
2118,0.03653399399991031,36.53399399991031
2119,0.02250796100270236,22.50796100270236
2120,0.019977715997811174,19.977715997811174
2121,0.022038822000467917,22.038822000467917
2122,0.0385354140016716,38.5354140016716
2123,0.022085799999331357,22.085799999331357
2124,0.0201515990011103,20.1515990011103
2125,0.021761742002126994,21.761742002126994
2126,0.029039007997198496,29.039007997198496
2127,0.027553413001442095,27.553413001442095
2128,0.020288003997848136,20.288003997848136
2129,0.022033730998373358,22.033730998373358
2130,0.024919104998843977,24.919104998843977
2131,0.02984352699786541,29.84352699786541
2132,0.02032659199903719,20.32659199903719
2133,0.021662008999555837,21.662008999555837
2134,0.028508929997769883,28.508929997769883
2135,0.024057048998656683,24.057048998656683
2136,0.02034756499779178,20.34756499779178
2137,0.022768631999497302,22.768631999497302
2138,0.022575339000468375,22.575339000468375
2139,0.031147019999480108,31.147019999480108
2140,0.021169589999772143,21.169589999772143
2141,0.021989906999806408,21.989906999806408
2142,0.025209011997503694,25.209011997503694
2143,0.03027583600123762,30.27583600123762
2144,0.020278129002690548,20.278129002690548
2145,0.022054182998545002,22.054182998545002
2146,0.028800729000067804,28.800729000067804
2147,0.02194441800020286,21.94441800020286
2148,0.020159048999630613,20.159048999630613
2149,0.02173540700096055,21.73540700096055
2150,0.027735375999327516,27.735375999327516
2151,0.02726184999846737,27.26184999846737
2152,0.02094132099955459,20.94132099955459
2153,0.022220154001843184,22.220154001843184
2154,0.032198850996792316,32.198850996792316
2155,0.022531863000040175,22.531863000040175
2156,0.020058174999576295,20.058174999576295
2157,0.02176128700011759,21.76128700011759
2158,0.040463675002683885,40.463675002683885
2159,0.023056207999616163,23.056207999616163
2160,0.020227239998348523,20.227239998348523
2161,0.02162898400274571,21.62898400274571
2162,0.03325690300334827,33.25690300334827
2163,0.024105017000692897,24.105017000692897
2164,0.020258466000086628,20.258466000086628
2165,0.022078455000155373,22.078455000155373
2166,0.036367726999742445,36.367726999742445
2167,0.024389457001234405,24.389457001234405
2168,0.03885404299944639,38.85404299944639
2169,0.027130721999128582,27.130721999128582
2170,0.041210526000213576,41.21052600021358
2171,0.022887930001161294,22.887930001161294
2172,0.0201920789986616,20.1920789986616
2173,0.021563375998084666,21.563375998084666
2174,0.02709648800009745,27.09648800009745
2175,0.022279982000327436,22.279982000327436
2176,0.02010960199913825,20.10960199913825
2177,0.02187458499975037,21.87458499975037
2178,0.02860708799926215,28.60708799926215
2179,0.02696703800029354,26.96703800029354
2180,0.020215231998008676,20.215231998008676
2181,0.02174088100218796,21.74088100218796
2182,0.026954469001793768,26.95446900179377
2183,0.022641395997197833,22.641395997197833
2184,0.020060999999259366,20.060999999259366
2185,0.021880029002204537,21.880029002204537
2186,0.031842288000916597,31.842288000916597
2187,0.02810069200131693,28.10069200131693
2188,0.020697165000456152,20.697165000456152
2189,0.021752353000920266,21.752353000920266
2190,0.027912700999877416,27.912700999877416
2191,0.028375678997690557,28.375678997690557
2192,0.020337147001555422,20.337147001555422
2193,0.021832457001437433,21.832457001437433
2194,0.026536935001786333,26.536935001786333
2195,0.02449716699993587,24.49716699993587
2196,0.020019521998619894,20.019521998619894
2197,0.021851746998436283,21.851746998436283
2198,0.02759077500013518,27.59077500013518
2199,0.026868887998716673,26.868887998716673
2200,0.02022151799974381,20.22151799974381
2201,0.022192114000063157,22.192114000063157
2202,0.024719770000956487,24.719770000956487
2203,0.035937638000177685,35.937638000177685
2204,0.02095045299938647,20.95045299938647
2205,0.022386401000403566,22.386401000403566
2206,0.027793493998615304,27.793493998615304
2207,0.022058401998947375,22.058401998947375
2208,0.020141300999966916,20.141300999966916
2209,0.021973978997266386,21.973978997266386
2210,0.03254799400019692,32.54799400019692
2211,0.028565946999151492,28.565946999151492
2212,0.02038093699957244,20.38093699957244
2213,0.021793889998662053,21.793889998662053
2214,0.029432983999868156,29.432983999868156
2215,0.026448505999724148,26.448505999724148
2216,0.020693787999334745,20.693787999334745
2217,0.02178869699855568,21.78869699855568
2218,0.029318205000890885,29.318205000890885
2219,0.02232042499963427,22.32042499963427
2220,0.020145297999988543,20.145297999988543
2221,0.021645201999490382,21.645201999490382
2222,0.03291867799998727,32.91867799998727
2223,0.02847449500040966,28.47449500040966
2224,0.020469398998102406,20.469398998102406
2225,0.0217890410021937,21.7890410021937
2226,0.03496562600048492,34.96562600048492
2227,0.02661080300094909,26.61080300094909
2228,0.020285795002564555,20.285795002564555
2229,0.021847776999493362,21.847776999493362
2230,0.031313163999584503,31.313163999584503
2231,0.027848082998389145,27.848082998389145
2232,0.02051888399728341,20.51888399728341
2233,0.021919653998338617,21.919653998338617
2234,0.03043338900170056,30.43338900170056
2235,0.02671248899787315,26.71248899787315
2236,0.020269267999537988,20.269267999537988
2237,0.022291930003120797,22.291930003120797
2238,0.026314909002394415,26.314909002394415
2239,0.031108030998439062,31.108030998439062
2240,0.020153826000750996,20.153826000750996
2241,0.022618255999987014,22.618255999987014
2242,0.03949558899694239,39.49558899694239
2243,0.022466883001470705,22.466883001470705
2244,0.02051892199961003,20.51892199961003
2245,0.0218873869998788,21.8873869998788
2246,0.02877609799907077,28.77609799907077
2247,0.02205726000102004,22.05726000102004
2248,0.02028844499727711,20.28844499727711
2249,0.021705598999687936,21.705598999687936
2250,0.028253133001271635,28.253133001271635
2251,0.0265762579983857,26.5762579983857
2252,0.02038781699957326,20.38781699957326
2253,0.021771043000626378,21.771043000626378
2254,0.11214299299899722,112.14299299899722
2255,0.03996715299945208,39.96715299945208
2256,0.02013722799893003,20.13722799893003
2257,0.021767534999526106,21.767534999526106
2258,0.03199387400309206,31.99387400309206
2259,0.029105409998010146,29.105409998010146
2260,0.020965608997357776,20.965608997357776
2261,0.024522255000192672,24.522255000192672
2262,0.03197551300036139,31.97551300036139
2263,0.036797638997086324,36.797638997086324
2264,0.020154788002400892,20.154788002400892
2265,0.021707454001443693,21.707454001443693
2266,0.03238400400005048,32.38400400005048
2267,0.027231440999457845,27.231440999457845
2268,0.020376230000692885,20.376230000692885
2269,0.022168259998579742,22.168259998579742
2270,0.03214632700110087,32.14632700110087
2271,0.02215218899800675,22.15218899800675
2272,0.020815535997826373,20.815535997826373
2273,0.021736655999120558,21.736655999120558
2274,0.033087415002228227,33.08741500222823
2275,0.02234704399961629,22.34704399961629
2276,0.020609708997653797,20.609708997653797
2277,0.021736278999014758,21.736278999014758
2278,0.03130303400030243,31.303034000302432
2279,0.02814097100053914,28.14097100053914
2280,0.020470649000344565,20.470649000344565
2281,0.021908139002334792,21.908139002334792
2282,0.031425141998624895,31.425141998624895
2283,0.02874108499963768,28.74108499963768
2284,0.02051462900271872,20.51462900271872
2285,0.0219379400004982,21.9379400004982
2286,0.0300768720007909,30.0768720007909
2287,0.025948431000870187,25.948431000870187
2288,0.02519255799779785,25.19255799779785
2289,0.025589636999939103,25.589636999939103
2290,0.03597434899711516,35.97434899711516
2291,0.02337007300229743,23.37007300229743
2292,0.019911331997718662,19.911331997718662
2293,0.021350498998799594,21.350498998799594
2294,0.03134849699927145,31.348496999271447
2295,0.027884497998456936,27.884497998456936
2296,0.01997720299914363,19.97720299914363
2297,0.021633685999404406,21.633685999404406
2298,0.02524511899900972,25.24511899900972
2299,0.030346157000167295,30.346157000167295
2300,0.020086292999621946,20.086292999621946
2301,0.02158574600252905,21.58574600252905
2302,0.02727543999935733,27.27543999935733
2303,0.02799322300052154,27.99322300052154
2304,0.020474605000345036,20.474605000345036
2305,0.021408533000794705,21.408533000794705
2306,0.02784660600082134,27.84660600082134
2307,0.027272059000097215,27.272059000097215
2308,0.020325289999163942,20.325289999163942
2309,0.021532958999159746,21.532958999159746
2310,0.026327003997721476,26.327003997721476
2311,0.02331745899937232,23.31745899937232
2312,0.02028855500248028,20.28855500248028
2313,0.021671959999366663,21.671959999366663
2314,0.03059053499964648,30.59053499964648
2315,0.02798168699882808,27.98168699882808
2316,0.020559347998641897,20.559347998641897
2317,0.021863933001441183,21.863933001441183
2318,0.02943626400156063,29.43626400156063
2319,0.02651866799715208,26.51866799715208
2320,0.020008308998512803,20.008308998512803
2321,0.021787329998915084,21.787329998915084
2322,0.03983487699952093,39.83487699952093
2323,0.02286761700088391,22.86761700088391
2324,0.021219999998720596,21.219999998720596
2325,0.02286838900181465,22.86838900181465
2326,0.03584019000118133,35.84019000118133
2327,0.021922402000200236,21.922402000200236
2328,0.01988496600097278,19.88496600097278
2329,0.02153330900182482,21.53330900182482
2330,0.03128222599843866,31.282225998438662
2331,0.02401695500157075,24.01695500157075
2332,0.02013839300343534,20.13839300343534
2333,0.02190188699751161,21.90188699751161
2334,0.028479258999141166,28.479258999141166
2335,0.027385907000279985,27.385907000279985
2336,0.02019853399906424,20.19853399906424
2337,0.022157445997436298,22.157445997436298
2338,0.02977480200206628,29.77480200206628
2339,0.022191451000253437,22.191451000253437
2340,0.020742084001540206,20.742084001540206
2341,0.02183298999807448,21.83298999807448
2342,0.04181600499941851,41.81600499941851
2343,0.030866627999785123,30.866627999785123
2344,0.023278365002624923,23.278365002624923
2345,0.02319089600132429,23.19089600132429
2346,0.03185792099975515,31.85792099975515
2347,0.028369591000227956,28.369591000227956
2348,0.020346091001556488,20.346091001556488
2349,0.02204746399729629,22.04746399729629
2350,0.033057807999284705,33.057807999284705
2351,0.02741171200250392,27.41171200250392
2352,0.02011447500262875,20.11447500262875
2353,0.02152974600176094,21.52974600176094
2354,0.02631099799691583,26.31099799691583
2355,0.028856429002189543,28.856429002189543
2356,0.020049611001013545,20.049611001013545
2357,0.0212037519995647,21.2037519995647
2358,0.03713998300008825,37.13998300008825
2359,0.021956009997666115,21.956009997666115
2360,0.019846282000798965,19.846282000798965
2361,0.021826429998327512,21.826429998327512
2362,0.03345511100269505,33.45511100269505
2363,0.022760550000384683,22.760550000384683
2364,0.019762306998018175,19.762306998018175
2365,0.02183535099902656,21.83535099902656
2366,0.029766849998850375,29.766849998850375
2367,0.02770059600152308,27.70059600152308
2368,0.020331721996626584,20.331721996626584
2369,0.02170309600114706,21.70309600114706
2370,0.025238460999389645,25.238460999389645
2371,0.03071782899860409,30.71782899860409
2372,0.020375698997668223,20.375698997668223
2373,0.02166818499972578,21.66818499972578
2374,0.02901363699857029,29.01363699857029
2375,0.023028228999464773,23.028228999464773
2376,0.01988173899735557,19.88173899735557
2377,0.021846726998774102,21.846726998774102
2378,0.029827373000443913,29.827373000443913
2379,0.027828031001263298,27.828031001263298
2380,0.02013353599977563,20.13353599977563
2381,0.021760325998911867,21.760325998911867
2382,0.02534608999849297,25.34608999849297
2383,0.03097868399709114,30.97868399709114
2384,0.019976444000349147,19.976444000349147
2385,0.021425884999189293,21.425884999189293
2386,0.03611039400129812,36.11039400129812
2387,0.02200132200232474,22.00132200232474
2388,0.0205290949998016,20.5290949998016
2389,0.02197570299904328,21.97570299904328
2390,0.03143601999909151,31.436019999091513
2391,0.027836970002681483,27.836970002681483
2392,0.019965980001870776,19.965980001870776
2393,0.02142228100274224,21.42228100274224
2394,0.0330026679985167,33.0026679985167
2395,0.029108545000781305,29.108545000781305
2396,0.020329482002125587,20.329482002125587
2397,0.022053048000088893,22.053048000088893
2398,0.03423156899953028,34.23156899953028
2399,0.02743092099990463,27.43092099990463
2400,0.019943659997807117,19.943659997807117
2401,0.021883127999899443,21.883127999899443
2402,0.03496628900029464,34.96628900029464
2403,0.02806884000165155,28.06884000165155
2404,0.02019946600194089,20.19946600194089
2405,0.021672227998351445,21.672227998351445
2406,0.03241227400212665,32.41227400212665
2407,0.027683057996910065,27.683057996910065
2408,0.020317542999691796,20.317542999691796
2409,0.02216568299991195,22.16568299991195
2410,0.031694028999481816,31.694028999481816
2411,0.027104349002911476,27.104349002911476
2412,0.019973845999629702,19.973845999629702
2413,0.021736947001045337,21.736947001045337
2414,0.03873383400059538,38.73383400059538
2415,0.022785418001149083,22.785418001149083
2416,0.01998643600018113,19.98643600018113
2417,0.02164826399894082,21.64826399894082
2418,0.03842142800203874,38.42142800203874
2419,0.023109698999178363,23.109698999178363
2420,0.019835758001136128,19.835758001136128
2421,0.021735533999162726,21.735533999162726
2422,0.0379857850020926,37.9857850020926
2423,0.022209765997104114,22.209765997104114
2424,0.020023029999720166,20.023029999720166
2425,0.021989560998918023,21.989560998918023
2426,0.031071339999471093,31.071339999471093
2427,0.02714371799811488,27.14371799811488
2428,0.02475645900267409,24.75645900267409
2429,0.021839365999767324,21.839365999767324
2430,0.0317732529983914,31.7732529983914
2431,0.023200741001346614,23.200741001346614
2432,0.020291013999667484,20.291013999667484
2433,0.021764596000139136,21.764596000139136
2434,0.03091695900002378,30.91695900002378
2435,0.02733627400084515,27.33627400084515
2436,0.020028258000820642,20.028258000820642
2437,0.021829080000316026,21.829080000316026
2438,0.029960656000184827,29.960656000184827
2439,0.026609176999045303,26.609176999045303
2440,0.02007396999761113,20.07396999761113
2441,0.02195462900272105,21.95462900272105
2442,0.03616808399965521,36.16808399965521
2443,0.021930884999164846,21.930884999164846
2444,0.019912636998924427,19.912636998924427
2445,0.021742305001680506,21.742305001680506
2446,0.030978096001490485,30.978096001490485
2447,0.02874461600003997,28.74461600003997
2448,0.02353280099850963,23.53280099850963
2449,0.05033674200240057,50.33674200240057
2450,0.04053898300116998,40.53898300116998
2451,0.027710793001460843,27.710793001460843
2452,0.02471179900021525,24.71179900021525
2453,0.028518216000520624,28.518216000520624
2454,0.03312050100066699,33.12050100066699
2455,0.027977277000900358,27.977277000900358
2456,0.021442012002808042,21.442012002808042
2457,0.024963085001218133,24.963085001218133
2458,0.04433272900132579,44.33272900132579
2459,0.023323600998992333,23.323600998992333
2460,0.02321701899927575,23.21701899927575
2461,0.02152580400070292,21.52580400070292
2462,0.03681432700250298,36.81432700250298
2463,0.034075072002451634,34.075072002451634
2464,0.02155569999740692,21.55569999740692
2465,0.021772685999167152,21.77268599916715
2466,0.04187964000084321,41.87964000084321
2467,0.023139393000747077,23.139393000747077
2468,0.020076429998880485,20.076429998880485
2469,0.022312078002869384,22.312078002869384
2470,0.028479876997153042,28.479876997153042
2471,0.022575905997655354,22.575905997655354
2472,0.020190503000776516,20.190503000776516
2473,0.021440311000333168,21.440311000333168
2474,0.02988485999958357,29.88485999958357
2475,0.02772122700116597,27.72122700116597
2476,0.020339134000096237,20.339134000096237
2477,0.021677099997759797,21.677099997759797
2478,0.027370886000426253,27.370886000426253
2479,0.022175677000632277,22.175677000632277
2480,0.020131301000219537,20.131301000219537
2481,0.021390015001088614,21.390015001088614
2482,0.03038141000070027,30.38141000070027
2483,0.028234306002559606,28.234306002559606
2484,0.0204914740024833,20.4914740024833
2485,0.02171739099867409,21.71739099867409
2486,0.031249311999999918,31.249311999999918
2487,0.02694043800147483,26.94043800147483
2488,0.022081832998082973,22.081832998082973
2489,0.022232837000046857,22.232837000046857
2490,0.025178818999847863,25.178818999847863
2491,0.030675816000439227,30.675816000439227
2492,0.020204581000143662,20.204581000143662
2493,0.021812465998664265,21.812465998664265
2494,0.03266516700023203,32.66516700023203
2495,0.022167186998558464,22.167186998558464
2496,0.019810855999821797,19.810855999821797
2497,0.021447528997668996,21.447528997668996
2498,0.030325725998409325,30.325725998409325
2499,0.028294149997236673,28.294149997236673
2500,0.022070425999118015,22.070425999118015
2501,0.022068885002227034,22.068885002227034
2502,0.03334133700263919,33.34133700263919
2503,0.028012998998747207,28.012998998747207
2504,0.02030286800072645,20.30286800072645
2505,0.021864917998755118,21.864917998755118
2506,0.028700390001176856,28.700390001176856
2507,0.028670493000390707,28.670493000390707
2508,0.020137418003287166,20.137418003287166
2509,0.021790604001580505,21.790604001580505
2510,0.03167025899892906,31.670258998929057
2511,0.022355539997079177,22.355539997079177
2512,0.020744374000059906,20.744374000059906
2513,0.02209158500045305,22.09158500045305
2514,0.03225196900166338,32.25196900166338
2515,0.043645416997605935,43.645416997605935
2516,0.02724137200129917,27.24137200129917
2517,0.023208427999634296,23.208427999634296
2518,0.029749997000180883,29.749997000180883
2519,0.02825865599879762,28.25865599879762
2520,0.02032525600225199,20.32525600225199
2521,0.02189587600150844,21.89587600150844
2522,0.027290903999528382,27.290903999528382
2523,0.024308535001182463,24.308535001182463
2524,0.02024775100289844,20.24775100289844
2525,0.021928993999608792,21.928993999608792
2526,0.029776322000543587,29.776322000543587
2527,0.02809054799945443,28.09054799945443
2528,0.022332090000418248,22.332090000418248
2529,0.022101315000327304,22.101315000327304
2530,0.02903600499848835,29.03600499848835
2531,0.027974439999525202,27.974439999525202
2532,0.02046461999998428,20.46461999998428
2533,0.02251556099872687,22.51556099872687
2534,0.03444811800000025,34.44811800000025
2535,0.023395571999571985,23.395571999571985
2536,0.02004596299957484,20.04596299957484
2537,0.021680245001334697,21.680245001334697
2538,0.03578839799956768,35.78839799956768
2539,0.02220280300025479,22.20280300025479
2540,0.020008701998449396,20.008701998449396
2541,0.022009402000549017,22.009402000549017
2542,0.0313830750019406,31.383075001940597
2543,0.02839988499908941,28.39988499908941
2544,0.020535871997708455,20.535871997708455
2545,0.021999423999659484,21.999423999659484
2546,0.032567017999099335,32.567017999099335
2547,0.028080873998987954,28.080873998987954
2548,0.020697195002867375,20.697195002867375
2549,0.02233159900060855,22.33159900060855
2550,0.03457704500033287,34.57704500033287
2551,0.03056306800135644,30.56306800135644
2552,0.02031040700239828,20.31040700239828
2553,0.02204655300010927,22.04655300010927
2554,0.03090151899959892,30.90151899959892
2555,0.028217690000019502,28.217690000019502
2556,0.020773129999724915,20.773129999724915
2557,0.023456442999304272,23.456442999304272
2558,0.029436275999614736,29.436275999614736
2559,0.028043254002113827,28.043254002113827
2560,0.020230668000294827,20.230668000294827
2561,0.021584877002169378,21.584877002169378
2562,0.030214469999918947,30.214469999918947
2563,0.026736490999610396,26.736490999610396
2564,0.020113759997911984,20.113759997911984
2565,0.021744170000602026,21.744170000602026
2566,0.028462889000365976,28.462889000365976
2567,0.022016880997398403,22.016880997398403
2568,0.020247772001312114,20.247772001312114
2569,0.021993631999066565,21.993631999066565
2570,0.02872148899768945,28.72148899768945
2571,0.027865347001352347,27.865347001352347
2572,0.020354080999823054,20.354080999823054
2573,0.02190056600011303,21.90056600011303
2574,0.025671355000667972,25.671355000667972
2575,0.03287148299932596,32.87148299932596
2576,0.020164146000752226,20.164146000752226
2577,0.021795399003167404,21.795399003167404
2578,0.03166285699990112,31.662856999901123
2579,0.023154920996603323,23.154920996603323
2580,0.019943590999901062,19.943590999901062
2581,0.022136883999337442,22.136883999337442
2582,0.031356243998743594,31.356243998743594
2583,0.027748358999815537,27.748358999815537
2584,0.020293647001381032,20.293647001381032
2585,0.021831605001352727,21.831605001352727
2586,0.030201359000784578,30.201359000784578
2587,0.02802411700031371,28.02411700031371
2588,0.02033435000339523,20.33435000339523
2589,0.021905812001932645,21.905812001932645
2590,0.027905565999390092,27.90556599939009
2591,0.027450096000393387,27.450096000393387
2592,0.020096306998311775,20.096306998311775
2593,0.021765215999039356,21.765215999039356
2594,0.028270913997403113,28.270913997403113
2595,0.02243984999950044,22.43984999950044
2596,0.020548108997900272,20.548108997900272
2597,0.024155686998710735,24.155686998710735
2598,0.0310432549995312,31.0432549995312
2599,0.027586746000451967,27.586746000451967
2600,0.020094985000469023,20.094985000469023
2601,0.022122604998003226,22.122604998003226
2602,0.03379445599784958,33.79445599784958
2603,0.027828395999677014,27.828395999677014
2604,0.020141723998676753,20.141723998676753
2605,0.02278970600309549,22.78970600309549
2606,0.029402342999674147,29.402342999674147
2607,0.026406002998555778,26.406002998555778
2608,0.019969036999100354,19.969036999100354
2609,0.021777243997348705,21.777243997348705
2610,0.0378861909994157,37.8861909994157
2611,0.028235928002686705,28.235928002686705
2612,0.022154268001031596,22.154268001031596
2613,0.026414810999995098,26.414810999995098
2614,0.033805450999352615,33.805450999352615
2615,0.022746013000869425,22.746013000869425
2616,0.02034131999971578,20.34131999971578
2617,0.022042255000997102,22.042255000997102
2618,0.033814013000665,33.814013000665
2619,0.030507117000524886,30.507117000524886
2620,0.020428392999747302,20.428392999747302
2621,0.02210403700155439,22.10403700155439
2622,0.033347954999044305,33.347954999044305
2623,0.022208388996659778,22.208388996659778
2624,0.020057591998920543,20.057591998920543
2625,0.0218238380002731,21.8238380002731
2626,0.031371289001981495,31.371289001981495
2627,0.027624676000414183,27.624676000414183
2628,0.020587068000168074,20.587068000168074
2629,0.021860685999854468,21.860685999854468
2630,0.030125821998808533,30.125821998808533
2631,0.027523210999788716,27.523210999788716
2632,0.020212207000440685,20.212207000440685
2633,0.02165840300222044,21.65840300222044
2634,0.03190209899912588,31.902098999125883
2635,0.021189547998801572,21.189547998801572
2636,0.018910667997261044,18.910667997261044
2637,0.020625625998945907,20.625625998945907
2638,0.03808318099981989,38.08318099981989
2639,0.03551829199932399,35.51829199932399
2640,0.01871596999990288,18.71596999990288
2641,0.020666869000706356,20.666869000706356
2642,0.038891815001989016,38.891815001989016
2643,0.02110361200175248,21.10361200175248
2644,0.019253774000389967,19.253774000389967
2645,0.020845625997026218,20.845625997026218
2646,0.032416795002063736,32.416795002063736
2647,0.027044978000049014,27.044978000049014
2648,0.0191816429978644,19.1816429978644
2649,0.020796370998141356,20.796370998141356
2650,0.03026981899893144,30.26981899893144
2651,0.025253254996641772,25.253254996641772
2652,0.018768220998026663,18.768220998026663
2653,0.02029501099968911,20.29501099968911
2654,0.0336514199989324,33.6514199989324
2655,0.02154698400045163,21.54698400045163
2656,0.01876120099768741,18.76120099768741
2657,0.02061444799983292,20.61444799983292
2658,0.03218097100034356,32.18097100034356
2659,0.024657646001287503,24.657646001287503
2660,0.01912949799952912,19.12949799952912
2661,0.020654501000535674,20.654501000535674
2662,0.03408783200211474,34.08783200211474
2663,0.021314069999789353,21.314069999789353
2664,0.018878004000725923,18.878004000725923
2665,0.020298657000239473,20.298657000239473
2666,0.13771470099891303,137.71470099891303
2667,0.01958892499897047,19.58892499897047
2668,0.018792083003063453,18.792083003063453
2669,0.020325266999861924,20.325266999861924
2670,0.031484101000387454,31.484101000387454
2671,0.027507620998221682,27.507620998221682
2672,0.020791853999980958,20.791853999980958
2673,0.024380926002777414,24.380926002777414
2674,0.033221525998669676,33.22152599866968
2675,0.03427813700182014,34.27813700182014
2676,0.020141906999924686,20.141906999924686
2677,0.021957503002340673,21.957503002340673
2678,0.033887679001054494,33.887679001054494
2679,0.02250171600098838,22.50171600098838
2680,0.020152536002569832,20.152536002569832
2681,0.02147284799866611,21.47284799866611
2682,0.026728729000751628,26.728729000751628
2683,0.02765789300246979,27.65789300246979
2684,0.020054816999618197,20.054816999618197
2685,0.02161473700107308,21.61473700107308
2686,0.030492619996948633,30.492619996948633
2687,0.03881846799777122,38.81846799777122
2688,0.029811614000209374,29.811614000209374
2689,0.023214635999465827,23.214635999465827
2690,0.025348191000375664,25.348191000375664
2691,0.03201866499875905,32.01866499875905
2692,0.020542353002383607,20.542353002383607
2693,0.022099470003013266,22.099470003013266
2694,0.027998970999760786,27.998970999760786
2695,0.021898530998441856,21.898530998441856
2696,0.02125302900094539,21.25302900094539
2697,0.02175653900121688,21.75653900121688
2698,0.029217226001492236,29.217226001492236
2699,0.027550488997803768,27.550488997803768
2700,0.020445366000785725,20.445366000785725
2701,0.022799581001891056,22.799581001891056
2702,0.030176847998518497,30.176847998518497
2703,0.025957600999390706,25.957600999390706
2704,0.019935429998440668,19.935429998440668
2705,0.021588502000668086,21.588502000668086
2706,0.028529358001833316,28.529358001833316
2707,0.025206285001331707,25.206285001331707
2708,0.020227566001267405,20.227566001267405
2709,0.021887978000449948,21.887978000449948
2710,0.03181621999829076,31.816219998290762
2711,0.027826689001813065,27.826689001813065
2712,0.020518977999017807,20.518977999017807
2713,0.02184648699767422,21.84648699767422
2714,0.03474481200100854,34.74481200100854
2715,0.026065489997563418,26.065489997563418
2716,0.018601831998239504,18.601831998239504
2717,0.02032822799810674,20.32822799810674
2718,0.03236271499918075,32.36271499918075
2719,0.020509096000751015,20.509096000751015
2720,0.0196497780016216,19.6497780016216
2721,0.020869571999355685,20.869571999355685
2722,0.02943324299849337,29.43324299849337
2723,0.028313803999481024,28.313803999481024
2724,0.018743253996944986,18.743253996944986
2725,0.021108322998770745,21.108322998770745
2726,0.03834676099722856,38.34676099722856
2727,0.021421931000077166,21.421931000077166
2728,0.01849856999979238,18.49856999979238
2729,0.020678027998656034,20.678027998656034
2730,0.032079913002235116,32.079913002235116
2731,0.028650778000155697,28.650778000155697
2732,0.019077469998592278,19.077469998592278
2733,0.020483129999774974,20.483129999774974
2734,0.03180781099945307,31.807810999453068
2735,0.025228704998880858,25.228704998880858
2736,0.018814213999576168,18.814213999576168
2737,0.020533630999125307,20.533630999125307
2738,0.03357912700084853,33.57912700084853
2739,0.021185306999541353,21.185306999541353
2740,0.018607461999636143,18.607461999636143
2741,0.020508101999439532,20.508101999439532
2742,0.02587065099942265,25.87065099942265
2743,0.030784484999458073,30.784484999458073
2744,0.01929150200157892,19.29150200157892
2745,0.020601639000233263,20.601639000233263
2746,0.03814559100283077,38.14559100283077
2747,0.02137544200013508,21.37544200013508
2748,0.018903756001236616,18.903756001236616
2749,0.020558226002322044,20.558226002322044
2750,0.03308241099875886,33.08241099875886
2751,0.02708561300096335,27.08561300096335
2752,0.01931938000052469,19.31938000052469
2753,0.02062739699977101,20.62739699977101
2754,0.03188346599927172,31.88346599927172
2755,0.02195912900060648,21.95912900060648
2756,0.018882151001889724,18.882151001889724
2757,0.020439477997570066,20.439477997570066
2758,0.03012183200189611,30.12183200189611
2759,0.02490867700180388,24.90867700180388
2760,0.018950614001369104,18.950614001369104
2761,0.020527733002381865,20.527733002381865
2762,0.038987053998425836,38.987053998425836
2763,0.021024295001552673,21.024295001552673
2764,0.019463822998659452,19.463822998659452
2765,0.020648341997002717,20.648341997002717
2766,0.030256634003308136,30.256634003308136
2767,0.03009745999952429,30.09745999952429
2768,0.019009186999028316,19.009186999028316
2769,0.020837643001868855,20.837643001868855
2770,0.030062846002692822,30.062846002692822
2771,0.026493911998841213,26.493911998841213
2772,0.018768609003018355,18.768609003018355
2773,0.020448716000828426,20.448716000828426
2774,0.035102660996926716,35.102660996926716
2775,0.02100788900133921,21.00788900133921
2776,0.01902935299949604,19.02935299949604
2777,0.02045959700262756,20.45959700262756
2778,0.028864970998256467,28.864970998256467
2779,0.02724168699933216,27.24168699933216
2780,0.019056777000514558,19.056777000514558
2781,0.02051620199927129,20.51620199927129
2782,0.0329081119998591,32.9081119998591
2783,0.021408156000688905,21.408156000688905
2784,0.018679104003240354,18.679104003240354
2785,0.02032723500087741,20.32723500087741
2786,0.025423683000553865,25.423683000553865
2787,0.0307001080000191,30.7001080000191
2788,0.01952877900112071,19.52877900112071
2789,0.021035357000073418,21.035357000073418
2790,0.0368010759993922,36.8010759993922
2791,0.021419558997877175,21.419558997877175
2792,0.018913243999122642,18.913243999122642
2793,0.020509492002020124,20.509492002020124
2794,0.02982133099794737,29.82133099794737
2795,0.027206874001421966,27.206874001421966
2796,0.046995712000352796,46.995712000352796
2797,0.02926617699995404,29.26617699995404
2798,0.04753586200240534,47.53586200240534
2799,0.028153153998573544,28.153153998573544
2800,0.021851432997209486,21.851432997209486
2801,0.020467492002353538,20.467492002353538
2802,0.0350010830006795,35.0010830006795
2803,0.029264701002830407,29.264701002830407
2804,0.0264127609989373,26.4127609989373
2805,0.0276945940022415,27.6945940022415
2806,0.03013801099950797,30.13801099950797
2807,0.021308571002009558,21.308571002009558
2808,0.019259163000242552,19.259163000242552
2809,0.020562397003232036,20.562397003232036
2810,0.03322618099991814,33.22618099991814
2811,0.031041775000630878,31.041775000630878
2812,0.027410486996814143,27.410486996814143
2813,0.022733965000952594,22.733965000952594
2814,0.039309130999754416,39.309130999754416
2815,0.02202157500141766,22.02157500141766
2816,0.018622555002366425,18.622555002366425
2817,0.02046705000248039,20.46705000248039
2818,0.03367325100043672,33.67325100043672
2819,0.021519991001696326,21.519991001696326
2820,0.01888013999996474,18.88013999996474
2821,0.020514749001449673,20.514749001449673
2822,0.0366833090010914,36.6833090010914
2823,0.027805318000901025,27.805318000901025
2824,0.01906427900030394,19.06427900030394
2825,0.020712243000161834,20.712243000161834
2826,0.02730553199944552,27.30553199944552
2827,0.03104243900088477,31.04243900088477
2828,0.025083561999053927,25.083561999053927
2829,0.022006356997735566,22.006356997735566
2830,0.03047412499654456,30.47412499654456
2831,0.0277064869987953,27.7064869987953
2832,0.02025642600347055,20.25642600347055
2833,0.021703300000808667,21.703300000808667
2834,0.032754500996816205,32.754500996816205
2835,0.02209938600208261,22.09938600208261
2836,0.020148702002188656,20.148702002188656
2837,0.02148851200036006,21.48851200036006
2838,0.030743447998247575,30.743447998247575
2839,0.028271459999814397,28.271459999814397
2840,0.02029991500239703,20.29991500239703
2841,0.022058436999941478,22.058436999941478
2842,0.03356527700088918,33.56527700088918
2843,0.029527626997150946,29.527626997150946
2844,0.020168827002635226,20.168827002635226
2845,0.022124088001874043,22.124088001874043
2846,0.034866424997744616,34.866424997744616
2847,0.0242955930007156,24.2955930007156
2848,0.02357560100062983,23.57560100062983
2849,0.022079053000197746,22.079053000197746
2850,0.04120031200000085,41.20031200000085
2851,0.021109138000610983,21.109138000610983
2852,0.018850789001589874,18.850789001589874
2853,0.020569444001012016,20.569444001012016
2854,0.03311927300092066,33.11927300092066
2855,0.027333187998010544,27.333187998010544
2856,0.019331049999891547,19.331049999891547
2857,0.020837895997829037,20.837895997829037
2858,0.02614447599989944,26.14447599989944
2859,0.030580426999222254,30.580426999222254
2860,0.019237455999245867,19.237455999245867
2861,0.0207446960012021,20.7446960012021
2862,0.03859238600125536,38.59238600125536
2863,0.023312613997404696,23.312613997404696
2864,0.0323553960006393,32.3553960006393
2865,0.021312885997758713,21.312885997758713
2866,0.03435126500335173,34.35126500335173
2867,0.028001869999570772,28.001869999570772
2868,0.01965494999967632,19.65494999967632
2869,0.020906558998831315,20.906558998831315
2870,0.033584300999791594,33.584300999791594
2871,0.020224495998263592,20.224495998263592
2872,0.01871766799740726,18.71766799740726
2873,0.020574430000124266,20.574430000124266
2874,0.03287186400120845,32.87186400120845
2875,0.02688294199833763,26.88294199833763
2876,0.019530765999661526,19.530765999661526
2877,0.020869340001809178,20.869340001809178
2878,0.028948921000846894,28.948921000846894
2879,0.020392170001287013,20.392170001287013
2880,0.01870446599787101,18.70446599787101
2881,0.020202594001602847,20.202594001602847
2882,0.030383590998098953,30.383590998098953
2883,0.027209902000322472,27.209902000322472
2884,0.018997429000592092,18.997429000592092
2885,0.02043425100055174,20.43425100055174
2886,0.035479417001624824,35.479417001624824
2887,0.02111000500008231,21.11000500008231
2888,0.01871866500005126,18.71866500005126
2889,0.021346041998185683,21.346041998185683
2890,0.030018856003152905,30.018856003152905
2891,0.02304479799931869,23.04479799931869
2892,0.01949017299921252,19.49017299921252
2893,0.02144619500177214,21.44619500177214
2894,0.03311927799950354,33.11927799950354
2895,0.023713963997579413,23.713963997579413
2896,0.018892280000727624,18.892280000727624
2897,0.020641423001507064,20.641423001507064
2898,0.033576910998817766,33.576910998817766
2899,0.02131653499964159,21.31653499964159
2900,0.019000248998054303,19.000248998054303
2901,0.0208124279997719,20.8124279997719
2902,0.03333022800143226,33.33022800143226
2903,0.02792489299827139,27.92489299827139
2904,0.018894451000960544,18.894451000960544
2905,0.020604059998731827,20.604059998731827
2906,0.030383965000510216,30.383965000510216
2907,0.026340382999478607,26.340382999478607
2908,0.018950756999402074,18.950756999402074
2909,0.02034007600013865,20.34007600013865
2910,0.039159980002295924,39.159980002295924
2911,0.021096240998303983,21.096240998303983
2912,0.026983257997926557,26.983257997926557
2913,0.020527403001324274,20.527403001324274
2914,0.03772124199895188,37.72124199895188
2915,0.021091976999741746,21.091976999741746
2916,0.01854485599687905,18.54485599687905
2917,0.020390844001667574,20.390844001667574
2918,0.03442060999805108,34.42060999805108
2919,0.02738454000063939,27.38454000063939
2920,0.01931152700126404,19.31152700126404
2921,0.02151406700068037,21.51406700068037
2922,0.02670074699926772,26.70074699926772
2923,0.029879794998123543,29.879794998123543
2924,0.01885504299934837,18.85504299934837
2925,0.020475167002587114,20.475167002587114
2926,0.033069059001718415,33.069059001718415
2927,0.02185189399824594,21.85189399824594
2928,0.018908870999439387,18.908870999439387
2929,0.020561708999593975,20.561708999593975
2930,0.03326507699966896,33.26507699966896
2931,0.027165100000274833,27.165100000274833
2932,0.02150972000163165,21.50972000163165
2933,0.02251378700020723,22.51378700020723
2934,0.03835814800186199,38.35814800186199
2935,0.027688121001119725,27.688121001119725
2936,0.019502366001688642,19.502366001688642
2937,0.025375565001013456,25.375565001013456
2938,0.029417403999104863,29.417403999104863
2939,0.027835765002237167,27.835765002237167
2940,0.02052830799948424,20.52830799948424
2941,0.021661377999407705,21.661377999407705
2942,0.026719162000517827,26.719162000517827
2943,0.026977490000717808,26.977490000717808
2944,0.020081187998584937,20.081187998584937
2945,0.02174794700113125,21.74794700113125
2946,0.027914916001464007,27.914916001464007
2947,0.02578857499975129,25.78857499975129
2948,0.02027206099955947,20.27206099955947
2949,0.02181870999993407,21.81870999993407
2950,0.030942354998842347,30.942354998842347
2951,0.029297941000550054,29.297941000550054
2952,0.02015010700051789,20.15010700051789
2953,0.02185144100076286,21.85144100076286
2954,0.032413777997135185,32.413777997135185
2955,0.028497156999947038,28.497156999947038
2956,0.020528690998617094,20.528690998617094
2957,0.022110560999863083,22.110560999863083
2958,0.03321427199989557,33.21427199989557
2959,0.028689889000816038,28.689889000816038
2960,0.020230733000062173,20.230733000062173
2961,0.02252871599921491,22.52871599921491
2962,0.03913259899854893,39.13259899854893
2963,0.02783182499842951,27.83182499842951
2964,0.021908111000811914,21.908111000811914
2965,0.023337349000939867,23.337349000939867
2966,0.04261708999911207,42.61708999911207
2967,0.022888094001245918,22.888094001245918
2968,0.020178535000013653,20.178535000013653
2969,0.021730086002207827,21.730086002207827
2970,0.025295211999036837,25.295211999036837
2971,0.0336502099999052,33.6502099999052
2972,0.02031126700239838,20.31126700239838
2973,0.021919124999840278,21.919124999840278
2974,0.029304838997632032,29.304838997632032
2975,0.022199284998350777,22.199284998350777
2976,0.01992686199810123,19.92686199810123
2977,0.021616590998746688,21.616590998746688
2978,0.028651706998061854,28.651706998061854
2979,0.02818567899885238,28.18567899885238
2980,0.02042927499860525,20.42927499860525
2981,0.021726705999753904,21.726705999753904
2982,0.026143762002902804,26.143762002902804
2983,0.031189426998025738,31.189426998025738
2984,0.020300247997511178,20.30024799751118
2985,0.021781103998364415,21.781103998364415
2986,0.03779984799984959,37.79984799984959
2987,0.029305299001862295,29.305299001862295
2988,0.023847236996516585,23.847236996516585
2989,0.022300717999314656,22.300717999314656
2990,0.03286228800061508,32.86228800061508
2991,0.027950935997068882,27.950935997068882
2992,0.02014861699717585,20.14861699717585
2993,0.021565776998613728,21.565776998613728
2994,0.0278451079975639,27.8451079975639
2995,0.026535666998825036,26.535666998825036
2996,0.020200078997731907,20.200078997731907
2997,0.02165467300073942,21.65467300073942
2998,0.026504871999350144,26.504871999350144
2999,0.02573608999955468,25.73608999955468
3000,0.019884355999238323,19.884355999238323
3001,0.021837953998328885,21.837953998328885
3002,0.029006435001065256,29.006435001065256
3003,0.027129965001222445,27.129965001222445
3004,0.020221439001034014,20.221439001034014
3005,0.02352383600009489,23.52383600009489
3006,0.029495430000679335,29.495430000679335
3007,0.022938187001273036,22.938187001273036
3008,0.020038005997776054,20.038005997776054
3009,0.021908645001531113,21.908645001531113
3010,0.031055818999448093,31.055818999448093
3011,0.028494589998445008,28.494589998445008
3012,0.020284393001929857,20.284393001929857
3013,0.02182760299911024,21.82760299911024
3014,0.0312771779972536,31.277177997253602
3015,0.028087687998777255,28.087687998777255
3016,0.021222397997917142,21.22239799791714
3017,0.022006352999596857,22.006352999596857
3018,0.029279677997692488,29.279677997692488
3019,0.02837332299895934,28.37332299895934
3020,0.020758876999025233,20.758876999025233
3021,0.02197494099891628,21.97494099891628
3022,0.03056597199974931,30.56597199974931
3023,0.026049390002299333,26.049390002299333
3024,0.021640207000018563,21.640207000018563
3025,0.02254490999985137,22.54490999985137
3026,0.04080934699959471,40.80934699959471
3027,0.022494994998851325,22.494994998851325
3028,0.01995376800186932,19.95376800186932
3029,0.02172089799933019,21.72089799933019
3030,0.02707481200195616,27.07481200195616
3031,0.02180381300058798,21.80381300058798
3032,0.020206600998790236,20.206600998790236
3033,0.022020829001121456,22.020829001121456
3034,0.030032700997253414,30.032700997253414
3035,0.027784029000031296,27.784029000031296
3036,0.020309150000684895,20.309150000684895
3037,0.022052814998460235,22.052814998460235
3038,0.02998884100088617,29.98884100088617
3039,0.030526728001859738,30.526728001859738
3040,0.030028364002646413,30.028364002646413
3041,0.0286217119974026,28.6217119974026
3042,0.030161516999214655,30.161516999214655
3043,0.026933747001748998,26.933747001748998
3044,0.020119639997574268,20.119639997574268
3045,0.021829600002092775,21.829600002092775
3046,0.030820433999906527,30.820433999906527
3047,0.0221340579992102,22.1340579992102
3048,0.020027242997457506,20.027242997457506
3049,0.021899565999774495,21.899565999774495
3050,0.029253964003146393,29.253964003146393
3051,0.02792644500004826,27.92644500004826
3052,0.02021087799948873,20.21087799948873
3053,0.022189254999830155,22.189254999830155
3054,0.029865553999115946,29.865553999115946
3055,0.025972556999477092,25.972556999477092
3056,0.020122645000810735,20.122645000810735
3057,0.021832409998751245,21.832409998751245
3058,0.026785820999066345,26.785820999066345
3059,0.026999162997526582,26.999162997526582
3060,0.020330727002146887,20.330727002146887
3061,0.021876421000342816,21.876421000342816
3062,0.10918325000238838,109.18325000238838
3063,0.039167528000689344,39.167528000689344
3064,0.019917689998692367,19.917689998692367
3065,0.022114613999292487,22.114613999292487
3066,0.03378571999928681,33.78571999928681
3067,0.02232137499959208,22.32137499959208
3068,0.019892248001269763,19.892248001269763
3069,0.021914146000199253,21.914146000199253
3070,0.030099499999778345,30.099499999778345
3071,0.029522259999794187,29.522259999794187
3072,0.020681612000771565,20.681612000771565
3073,0.021835618001205148,21.835618001205148
3074,0.02823032299784245,28.23032299784245
3075,0.026855530999455368,26.855530999455368
3076,0.020475781999266474,20.475781999266474
3077,0.022018704999936745,22.018704999936745
3078,0.02495638999971561,24.95638999971561
3079,0.03617864000261761,36.17864000261761
3080,0.020399476001330186,20.399476001330186
3081,0.021758838000096148,21.758838000096148
3082,0.03990692699881038,39.90692699881038
3083,0.02225767699928838,22.25767699928838
3084,0.01981379700009711,19.81379700009711
3085,0.02172526299909805,21.72526299909805
3086,0.03742800299733062,37.42800299733062
3087,0.02213705900066998,22.13705900066998
3088,0.01985907599737402,19.85907599737402
3089,0.021672725000826176,21.672725000826176
3090,0.03252802900169627,32.52802900169627
3091,0.024103441999614006,24.103441999614006
3092,0.020326845999079524,20.326845999079524
3093,0.021865418002562365,21.865418002562365
3094,0.0301751469996816,30.1751469996816
3095,0.027828872996906284,27.828872996906284
3096,0.020337468999059638,20.337468999059638
3097,0.0219865729995945,21.9865729995945
3098,0.03281607300232281,32.81607300232281
3099,0.025650963001680793,25.650963001680793
3100,0.020233767998433905,20.233767998433905
3101,0.02165910000258009,21.65910000258009
3102,0.038223542000196176,38.223542000196176
3103,0.02197194899781607,21.97194899781607
3104,0.019834692000586074,19.834692000586074
3105,0.022822745002486045,22.822745002486045
3106,0.03534087700245436,35.34087700245436
3107,0.022452592998888576,22.452592998888576
3108,0.019823321999865584,19.823321999865584
3109,0.02238604999729432,22.38604999729432
3110,0.03236434499922325,32.36434499922325
3111,0.02698398999928031,26.98398999928031
3112,0.019902578002074733,19.902578002074733
3113,0.021728252999309916,21.728252999309916
3114,0.02840853999805404,28.40853999805404
3115,0.026897550000285264,26.897550000285264
3116,0.020476003002841026,20.476003002841026
3117,0.021765631001471775,21.765631001471775
3118,0.027262755000265315,27.262755000265315
3119,0.022206865000043763,22.206865000043763
3120,0.02016832299705129,20.16832299705129
3121,0.021560178000072483,21.560178000072483
3122,0.03228140099963639,32.28140099963639
3123,0.028672404998360435,28.672404998360435
3124,0.02016459199876408,20.16459199876408
3125,0.022711028999765404,22.711028999765404
3126,0.03346829300062382,33.46829300062382
3127,0.02772092599843745,27.72092599843745
3128,0.0208296769997105,20.8296769997105
3129,0.02215827699910733,22.15827699910733
3130,0.030655927999760024,30.655927999760024
3131,0.027327539999532746,27.327539999532746
3132,0.020399385997734498,20.3993859977345
3133,0.021878429997741478,21.878429997741478
3134,0.03147746099784854,31.47746099784854
3135,0.025793243999942206,25.793243999942206
3136,0.020316479000030085,20.316479000030085
3137,0.02214090100096655,22.14090100096655
3138,0.028558632999192923,28.558632999192923
3139,0.02527376600119169,25.27376600119169
3140,0.020689066001068568,20.689066001068568
3141,0.022045003999664914,22.045003999664914
3142,0.03293175200087717,32.93175200087717
3143,0.026085333000082755,26.085333000082755
3144,0.02361456799917505,23.61456799917505
3145,0.04895117200067034,48.95117200067034
3146,0.04269496900087688,42.69496900087688
3147,0.027141206002852414,27.141206002852414
3148,0.02690283399715554,26.90283399715554
3149,0.022891804001119453,22.891804001119453
3150,0.03482378699845867,34.82378699845867
3151,0.027851714999997057,27.851714999997057
3152,0.023729928998363903,23.729928998363903
3153,0.025896704999468056,25.896704999468056
3154,0.04386637499919743,43.86637499919743
3155,0.022857674997794675,22.857674997794675
3156,0.0199359270009154,19.9359270009154
3157,0.02156553900204017,21.56553900204017
3158,0.040526961001887685,40.526961001887685
3159,0.02740699800051516,27.40699800051516
3160,0.020336444998974912,20.336444998974912
3161,0.02180396499898052,21.80396499898052
3162,0.030566777000785805,30.566777000785805
3163,0.02796012999897357,27.96012999897357
3164,0.020076549000805244,20.076549000805244
3165,0.022082632000092417,22.082632000092417
3166,0.030393946999538457,30.393946999538457
3167,0.02785903599942685,27.85903599942685
3168,0.02035014300054172,20.35014300054172
3169,0.021556829000473954,21.556829000473954
3170,0.026934085002721986,26.934085002721986
3171,0.03308702599679236,33.08702599679236
3172,0.020131111003138358,20.131111003138358
3173,0.02152000200294424,21.52000200294424
3174,0.03970479300187435,39.70479300187435
3175,0.021941508999589132,21.941508999589132
3176,0.019982598998467438,19.982598998467438
3177,0.02263324500017916,22.63324500017916
3178,0.028785695998521987,28.785695998521987
3179,0.027629447999061085,27.629447999061085
3180,0.020037745001900475,20.037745001900475
3181,0.021489148999535246,21.489148999535246
3182,0.03613046600003145,36.13046600003145
3183,0.022241329999815207,22.241329999815207
3184,0.01998625000123866,19.98625000123866
3185,0.02155869199850713,21.55869199850713
3186,0.030134979999274947,30.134979999274947
3187,0.02779417499914416,27.79417499914416
3188,0.020201209001243114,20.201209001243114
3189,0.02166443899841397,21.66443899841397
3190,0.02623314100128482,26.23314100128482
3191,0.027940210999076953,27.940210999076953
3192,0.02009097500194912,20.09097500194912
3193,0.021828347998962272,21.828347998962272
3194,0.027018873999622883,27.018873999622883
3195,0.03014215300208889,30.14215300208889
3196,0.02045481599998311,20.45481599998311
3197,0.022029733001545537,22.029733001545537
3198,0.030354646001796937,30.354646001796937
3199,0.02832170300098369,28.32170300098369
3200,0.02051100699827657,20.51100699827657
3201,0.021789166999951703,21.789166999951703
3202,0.02904785099963192,29.04785099963192
3203,0.027908841999305878,27.908841999305878
3204,0.020928343998093624,20.928343998093624
3205,0.023683283001446398,23.683283001446398
3206,0.02971449800315895,29.71449800315895
3207,0.027187883999431506,27.187883999431506
3208,0.020131773002503905,20.131773002503905
3209,0.02184603500063531,21.84603500063531
3210,0.029742147999058943,29.742147999058943
3211,0.03984160899926792,39.84160899926792
3212,0.025757908002560725,25.757908002560725
3213,0.023305958002310945,23.305958002310945
3214,0.026828908998140832,26.828908998140832
3215,0.023795495999365812,23.795495999365812
3216,0.02025291400059359,20.25291400059359
3217,0.022071942999900784,22.071942999900784
3218,0.028984540000237757,28.984540000237757
3219,0.029577977998997085,29.577977998997085
3220,0.020439264000742696,20.439264000742696
3221,0.022449263000453357,22.449263000453357
3222,0.030397828999412013,30.397828999412013
3223,0.026844307998544537,26.844307998544537
3224,0.0200827209991985,20.0827209991985
3225,0.02210787900185096,22.10787900185096
3226,0.031193643997539766,31.193643997539766
3227,0.022542687998793554,22.542687998793554
3228,0.020089794001250993,20.089794001250993
3229,0.021740142001362983,21.740142001362983
3230,0.033419120001781266,33.419120001781266
3231,0.023776851001457544,23.776851001457544
3232,0.020402635000209557,20.402635000209557
3233,0.022290818000328727,22.290818000328727
3234,0.031700109000667,31.700109000667
3235,0.02755561899903114,27.55561899903114
3236,0.02070528400145122,20.70528400145122
3237,0.021833842001797166,21.833842001797166
3238,0.03345657599857077,33.45657599857077
3239,0.02888783200251055,28.88783200251055
3240,0.020846890001848806,20.846890001848806
3241,0.021799568999995245,21.799568999995245
3242,0.030468135002593044,30.468135002593044
3243,0.02858791299877339,28.58791299877339
3244,0.021016832000896102,21.016832000896102
3245,0.02191352900263155,21.91352900263155
3246,0.029305423999176128,29.305423999176128
3247,0.025771682001504814,25.771682001504814
3248,0.020658946999901673,20.658946999901673
3249,0.021802244998980314,21.802244998980314
3250,0.027970338996965438,27.970338996965438
3251,0.022603109002375277,22.603109002375277
3252,0.02007986800163053,20.07986800163053
3253,0.021946400000160793,21.946400000160793
3254,0.02856365499974345,28.56365499974345
3255,0.027716252996469848,27.716252996469848
3256,0.02026237500103889,20.26237500103889
3257,0.021715922997827874,21.715922997827874
3258,0.02859163999892189,28.59163999892189
3259,0.02232194799944409,22.32194799944409
3260,0.02007228699949337,20.07228699949337
3261,0.02194966699971701,21.94966699971701
3262,0.03023341800144408,30.23341800144408
3263,0.02788025900008506,27.88025900008506
3264,0.02075849399989238,20.75849399989238
3265,0.021869560001505306,21.869560001505306
3266,0.03227660699849366,32.27660699849366
3267,0.02744545500172535,27.44545500172535
3268,0.020497629997407785,20.497629997407785
3269,0.022009603002516087,22.009603002516087
3270,0.030728309997357428,30.728309997357428
3271,0.026733324000815628,26.733324000815628
3272,0.019970779001596384,19.970779001596384
3273,0.021678262997738784,21.678262997738784
3274,0.03582884400020703,35.82884400020703
3275,0.022027861999958986,22.027861999958986
3276,0.02011293199757347,20.11293199757347
3277,0.021485712000867352,21.485712000867352
3278,0.030003750001924345,30.003750001924345
3279,0.029097910999553278,29.097910999553278
3280,0.020225447999109747,20.225447999109747
3281,0.021828769000421744,21.828769000421744
3282,0.033242069999687374,33.242069999687374
3283,0.027929132000281243,27.929132000281243
3284,0.021070643000712153,21.070643000712153
3285,0.021842998001375236,21.842998001375236
3286,0.02941967000151635,29.41967000151635
3287,0.026376154000899987,26.376154000899987
3288,0.01981059100216953,19.81059100216953
3289,0.021846649000508478,21.846649000508478
3290,0.032470165999257006,32.470165999257006
3291,0.022265048002736876,22.265048002736876
3292,0.020249560999218374,20.249560999218374
3293,0.02175098499719752,21.75098499719752
3294,0.0319886490033241,31.9886490033241
3295,0.02848067299782997,28.48067299782997
3296,0.020750989999214653,20.750989999214653
3297,0.022292721001576865,22.292721001576865
3298,0.031756999997014645,31.756999997014645
3299,0.028459362998546567,28.459362998546567
3300,0.020445108999410877,20.445108999410877
3301,0.021834391001902986,21.834391001902986
3302,0.03239931600182899,32.39931600182899
3303,0.028387812999426387,28.387812999426387
3304,0.021029543000622652,21.029543000622652
3305,0.0225279859987495,22.5279859987495
3306,0.029058641997835366,29.058641997835366
3307,0.027748133998102276,27.748133998102276
3308,0.023617151000507874,23.617151000507874
3309,0.022270577999734087,22.270577999734087
3310,0.044710051002766704,44.710051002766704
3311,0.026540230002865428,26.540230002865428
3312,0.02042836199689191,20.42836199689191
3313,0.02179459000035422,21.79459000035422
3314,0.0402265089978755,40.2265089978755
3315,0.021953876999759814,21.953876999759814
3316,0.020275140999729047,20.275140999729047
3317,0.021677140997780953,21.677140997780953
3318,0.02914553400114528,29.14553400114528
3319,0.022396510998078156,22.396510998078156
3320,0.019998748997750226,19.998748997750226
3321,0.021564242997555993,21.564242997555993
3322,0.03311878599924967,33.11878599924967
3323,0.027869338999153115,27.869338999153115
3324,0.020270392997190356,20.270392997190356
3325,0.022369575999618974,22.369575999618974
3326,0.03181762799795251,31.817627997952513
3327,0.028347518000373384,28.347518000373384
3328,0.020713669000542723,20.713669000542723
3329,0.021976585001539206,21.976585001539206
3330,0.028665142999670934,28.665142999670934
3331,0.02812743499816861,28.12743499816861
3332,0.020794485000806162,20.794485000806162
3333,0.021942712999589276,21.942712999589276
3334,0.026357058999565197,26.357058999565197
3335,0.03646670099988114,36.46670099988114
3336,0.024260770998807857,24.260770998807857
3337,0.02222677899771952,22.22677899771952
3338,0.031125010002142517,31.125010002142517
3339,0.0279108989998349,27.9108989998349
3340,0.020619275001081405,20.619275001081405
3341,0.02199892600037856,21.99892600037856
3342,0.03258633500081487,32.58633500081487
3343,0.027775536000262946,27.775536000262946
3344,0.020548914002574747,20.548914002574747
3345,0.021867974999622675,21.867974999622675
3346,0.027673041997331893,27.673041997331893
3347,0.026024594000773504,26.024594000773504
3348,0.02032834800047567,20.32834800047567
3349,0.0219872839988966,21.9872839988966
3350,0.02479479899920989,24.79479899920989
3351,0.03576756800248404,35.76756800248404
3352,0.020803695999347838,20.803695999347838
3353,0.022451785000157543,22.451785000157543
3354,0.02745040700028767,27.45040700028767
3355,0.022337839000101667,22.337839000101667
3356,0.019873354001902044,19.873354001902044
3357,0.021840302000782685,21.840302000782685
3358,0.031844101002207026,31.844101002207026
3359,0.028016943000693573,28.016943000693573
3360,0.020754690001922427,20.754690001922427
3361,0.02195147499878658,21.95147499878658
3362,0.029978779999510152,29.978779999510152
3363,0.030274998000095366,30.274998000095366
3364,0.026882381996983895,26.882381996983895
3365,0.0224141899998358,22.4141899998358
3366,0.03166838900142466,31.668389001424657
3367,0.023566375999507727,23.566375999507727
3368,0.020232595001289155,20.232595001289155
3369,0.022001909997925395,22.001909997925395
3370,0.021325474001059774,21.325474001059774
3371,0.03667157100062468,36.67157100062468
3372,0.023579482000059215,23.579482000059215
3373,0.022164008998515783,22.164008998515783
3374,0.029844139000488212,29.844139000488212
3375,0.03172134100168478,31.721341001684777
3376,0.020364231000712607,20.364231000712607
3377,0.022061460000259103,22.061460000259103
3378,0.0356909199981601,35.6909199981601
3379,0.027213934998144396,27.213934998144396
3380,0.02011769500313676,20.11769500313676
3381,0.021700763998524053,21.700763998524053
3382,0.03409339999780059,34.09339999780059
3383,0.028883203001896618,28.883203001896618
3384,0.020104069000808522,20.104069000808522
3385,0.039781985000445275,39.781985000445275
3386,0.041430610999668716,41.430610999668716
3387,0.024060050000116462,24.060050000116462
3388,0.020353002997580916,20.353002997580916
3389,0.021799024001666112,21.799024001666112
3390,0.025231551000615582,25.231551000615582
3391,0.033315208998828894,33.31520899882889
3392,0.021180871000979096,21.180871000979096
3393,0.022012577999703353,22.012577999703353
3394,0.032088299998576986,32.088299998576986
3395,0.026393357999040745,26.393357999040745
3396,0.020275139999284875,20.275139999284875
3397,0.022105693999037612,22.105693999037612
3398,0.03213264199803234,32.13264199803234
3399,0.028573682000569534,28.573682000569534
3400,0.020726807000755798,20.726807000755798
3401,0.02207360099782818,22.07360099782818
3402,0.03259839599922998,32.59839599922998
3403,0.028344998001557542,28.344998001557542
3404,0.02071993800200289,20.71993800200289
3405,0.02255617899936624,22.55617899936624
3406,0.032579995997366495,32.579995997366495
3407,0.028430116002709838,28.430116002709838
3408,0.022151582001242787,22.151582001242787
3409,0.021885600999667076,21.885600999667076
3410,0.03164792199822841,31.647921998228412
3411,0.028292299000895582,28.292299000895582
3412,0.020630606999475276,20.630606999475276
3413,0.021914946999459062,21.91494699945906
3414,0.02841753900065669,28.41753900065669
3415,0.026966618999722414,26.966618999722414
3416,0.020374220999656245,20.374220999656245
3417,0.02174717799789505,21.74717799789505
3418,0.03050709399758489,30.50709399758489
3419,0.022097329998359783,22.097329998359783
3420,0.01999795899973833,19.99795899973833
3421,0.021822299000632484,21.822299000632484
3422,0.028571196999109816,28.571196999109816
3423,0.02851771199857467,28.51771199857467
3424,0.02036054500058526,20.36054500058526
3425,0.021863681999093387,21.863681999093387
3426,0.034390803000860615,34.390803000860615
3427,0.027455339000880485,27.455339000880485
3428,0.020410451001225738,20.410451001225738
3429,0.022016228002030402,22.016228002030402
3430,0.029204573998868,29.204573998868
3431,0.026309100998332724,26.309100998332724
3432,0.020049075999850174,20.049075999850174
3433,0.021766718000435503,21.766718000435503
3434,0.03788947700013523,37.88947700013523
3435,0.02297460299814702,22.97460299814702
3436,0.020065380998858018,20.065380998858018
3437,0.021707941999920877,21.707941999920877
3438,0.03800700200008578,38.00700200008578
3439,0.022174264002387645,22.174264002387645
3440,0.020183980999718187,20.183980999718187
3441,0.02175990699834074,21.75990699834074
3442,0.03300920200126711,33.00920200126711
3443,0.024396539000008488,24.396539000008488
3444,0.020077807999768993,20.077807999768993
3445,0.021638539001287427,21.638539001287427
3446,0.03235882999797468,32.35882999797468
3447,0.0280832009993901,28.0832009993901
3448,0.020323295997513924,20.323295997513924
3449,0.02191735099768266,21.91735099768266
3450,0.028963710999960313,28.963710999960313
3451,0.03004125900042709,30.04125900042709
3452,0.021087062003061874,21.087062003061874
3453,0.021926952998910565,21.926952998910565
3454,0.0302865039993776,30.2865039993776
3455,0.02694862399948761,26.94862399948761
3456,0.02031276399793569,20.31276399793569
3457,0.021974151000904385,21.974151000904385
3458,0.11027713799921912,110.27713799921912
3459,0.040296430997841526,40.296430997841526
3460,0.019734790999791585,19.734790999791585
3461,0.02173462499922607,21.73462499922607
3462,0.03279132699753973,32.79132699753973
3463,0.027565898002649192,27.56589800264919
3464,0.020438853000086965,20.438853000086965
3465,0.021870475000469014,21.870475000469014
3466,0.03133010099918465,31.33010099918465
3467,0.02636575299766264,26.36575299766264
3468,0.020461354997678427,20.461354997678427
3469,0.02202449499964132,22.02449499964132
3470,0.02499177699792199,24.99177699792199
3471,0.03579734099912457,35.79734099912457
3472,0.021172177999687847,21.172177999687847
3473,0.021742895001807483,21.742895001807483
3474,0.034843843000999186,34.843843000999186
3475,0.0221969390004233,22.1969390004233
3476,0.02014691500153276,20.14691500153276
3477,0.02177823400052148,21.77823400052148
3478,0.03212811300181784,32.12811300181784
3479,0.025845154999842634,25.845154999842634
3480,0.02031201499994495,20.31201499994495
3481,0.021908889997575898,21.908889997575898
3482,0.03411676700125099,34.11676700125099
3483,0.02842275500006508,28.42275500006508
3484,0.02046972999960417,20.46972999960417
3485,0.021978969001793303,21.978969001793303
3486,0.028981249997741543,28.981249997741543
3487,0.03145396300169523,31.45396300169523
3488,0.021983454000292113,21.983454000292113
3489,0.026578561999485828,26.578561999485828
3490,0.044268892001127824,44.268892001127824
3491,0.0276854750009079,27.6854750009079
3492,0.02707720100079314,27.07720100079314
3493,0.022436685001594014,22.436685001594014
3494,0.02977013399868156,29.77013399868156
3495,0.031686127000284614,31.686127000284614
3496,0.024285419000079855,24.285419000079855
3497,0.02527607600131887,25.27607600131887
3498,0.03627201299968874,36.27201299968874
3499,0.02458887100146967,24.58887100146967
3500,0.020239236000634264,20.239236000634264
3501,0.021759209997981088,21.75920999798109
3502,0.045027141997707076,45.027141997707076
3503,0.02433734199803439,24.33734199803439
3504,0.02347711099719163,23.47711099719163
3505,0.02224132199989981,22.24132199989981
3506,0.03861610800231574,38.61610800231574
3507,0.022941081999306334,22.941081999306334
3508,0.01981403999889153,19.81403999889153
3509,0.02194562599834171,21.94562599834171
3510,0.02652691000184859,26.52691000184859
3511,0.034988721999980044,34.988721999980044
3512,0.02012990500224987,20.12990500224987
3513,0.021927660000073956,21.927660000073956
3514,0.038323494998621754,38.323494998621754
3515,0.023024889000225812,23.024889000225812
3516,0.02003061899813474,20.03061899813474
3517,0.021645542001351714,21.645542001351714
3518,0.04155585499756853,41.55585499756853
3519,0.02288455999951111,22.88455999951111
3520,0.019937687000492588,19.937687000492588
3521,0.02151086099911481,21.51086099911481
3522,0.02719594500013045,27.19594500013045
3523,0.030588444002205506,30.588444002205506
3524,0.019970165001723217,19.970165001723217
3525,0.021994826001900947,21.994826001900947
3526,0.03933291000066674,39.33291000066674
3527,0.022785609999118606,22.785609999118606
3528,0.02029858299647458,20.29858299647458
3529,0.02199534700048389,21.99534700048389
3530,0.02783434400043916,27.83434400043916
3531,0.027023100999940652,27.023100999940652
3532,0.020620232997316634,20.620232997316634
3533,0.022112320002634078,22.11232000263408
3534,0.03140584999709972,31.405849997099722
3535,0.028112676001910586,28.112676001910586
3536,0.0205739650009491,20.5739650009491
3537,0.021948129000520566,21.948129000520566
3538,0.033264973000768805,33.264973000768805
3539,0.03185488099916256,31.85488099916256
3540,0.02077306600040174,20.77306600040174
3541,0.02211410900054034,22.11410900054034
3542,0.029596813998068683,29.596813998068683
3543,0.027960284998698626,27.960284998698626
3544,0.02021135600080015,20.21135600080015
3545,0.022044279001420364,22.044279001420364
3546,0.028217112998390803,28.217112998390803
3547,0.026571299000352155,26.571299000352155
3548,0.02005318300143699,20.05318300143699
3549,0.021808245001011528,21.808245001011528
3550,0.028149435001978418,28.149435001978418
3551,0.023098526002286235,23.098526002286235
3552,0.020690314999228576,20.690314999228576
3553,0.02226444800180616,22.26444800180616
3554,0.028159113000583602,28.159113000583602
3555,0.046907753003324615,46.907753003324615
3556,0.02251542699741549,22.51542699741549
3557,0.02278704399941489,22.78704399941489
3558,0.029664386998774717,29.664386998774717
3559,0.028484415997809265,28.484415997809265
3560,0.02070615800039377,20.70615800039377
3561,0.02189726900178357,21.89726900178357
3562,0.0297796400009247,29.7796400009247
3563,0.02621651200024644,26.21651200024644
3564,0.020324752000306034,20.324752000306034
3565,0.021983548998832703,21.983548998832703
3566,0.02851321299749543,28.51321299749543
3567,0.021709229000407504,21.709229000407504
3568,0.02002002599692787,20.02002599692787
3569,0.021833913000591565,21.833913000591565
3570,0.027759904001868563,27.759904001868563
3571,0.028343327998300083,28.343327998300083
3572,0.020456259000638966,20.456259000638966
3573,0.02194956699895556,21.94956699895556
3574,0.025419625999347772,25.419625999347772
3575,0.03346684500138508,33.46684500138508
3576,0.020671300000685733,20.671300000685733
3577,0.022113006001745816,22.113006001745816
3578,0.02753099500114331,27.53099500114331
3579,0.021944791998976143,21.944791998976143
3580,0.020122744001128012,20.122744001128012
3581,0.021973047998471884,21.973047998471884
3582,0.032306171000527684,32.306171000527684
3583,0.031247545000951504,31.247545000951504
3584,0.020638068999687675,20.638068999687675
3585,0.022494779001135612,22.494779001135612
3586,0.031695263998699374,31.695263998699374
3587,0.027564271000301233,27.564271000301233
3588,0.020367269000416854,20.367269000416854
3589,0.02196005000223522,21.96005000223522
3590,0.03252747700025793,32.52747700025793
3591,0.02826751999964472,28.26751999964472
3592,0.021186485999351135,21.186485999351135
3593,0.022569827000552323,22.569827000552323
3594,0.03142273400226259,31.422734002262587
3595,0.027894226001080824,27.894226001080824
3596,0.0204841539998597,20.4841539998597
3597,0.021850348999578273,21.850348999578273
3598,0.03255905299738515,32.55905299738515
3599,0.027769068998168223,27.769068998168223
3600,0.02064681699994253,20.64681699994253
3601,0.021943915002339054,21.943915002339054
3602,0.03580795800007763,35.80795800007763
3603,0.028514182999060722,28.514182999060722
3604,0.02049588199952268,20.49588199952268
3605,0.022501277999253944,22.501277999253944
3606,0.03382779400271829,33.82779400271829
3607,0.03143531100067776,31.435311000677757
3608,0.019992941997770686,19.992941997770686
3609,0.02207708000059938,22.07708000059938
3610,0.03074362199913594,30.74362199913594
3611,0.028395614001055947,28.395614001055947
3612,0.020510115999059053,20.510115999059053
3613,0.022156457001983654,22.156457001983654
3614,0.03151560500191408,31.515605001914082
3615,0.028229446998011554,28.229446998011554
3616,0.020697917003417388,20.697917003417388
3617,0.021837401000084355,21.837401000084355
3618,0.028462420999858296,28.462420999858296
3619,0.026869720000831876,26.869720000831876
3620,0.020283851998101454,20.283851998101454
3621,0.02214206500138971,22.14206500138971
3622,0.02749677899919334,27.49677899919334
3623,0.023965239997778554,23.965239997778554
3624,0.020222654999088263,20.222654999088263
3625,0.02191564700115123,21.91564700115123
3626,0.029784741996991215,29.784741996991215
3627,0.02780101300231763,27.80101300231763
3628,0.021116982999956235,21.116982999956235
3629,0.022107423999841558,22.107423999841558
3630,0.030588562000048114,30.588562000048114
3631,0.025976990000344813,25.976990000344813
3632,0.020084437001059996,20.084437001059996
3633,0.021925544999248814,21.925544999248814
3634,0.03971399600050063,39.71399600050063
3635,0.022610437001276296,22.610437001276296
3636,0.02019938900048146,20.19938900048146
3637,0.02214795300096739,22.14795300096739
3638,0.03481528299744241,34.81528299744241
3639,0.02213710299838567,22.13710299838567
3640,0.020364908003102755,20.364908003102755
3641,0.022064301003410947,22.064301003410947
3642,0.03406799900039914,34.06799900039914
3643,0.02205733100345242,22.05733100345242
3644,0.019885607998730848,19.885607998730848
3645,0.021868225001526298,21.868225001526298
3646,0.031199378998280736,31.199378998280736
3647,0.028164770003058948,28.164770003058948
3648,0.02083959599985974,20.83959599985974
3649,0.022134173999802442,22.134173999802442
3650,0.03149477800252498,31.49477800252498
3651,0.02882594400216476,28.82594400216476
3652,0.020311297001171624,20.311297001171624
3653,0.029031022000708617,29.031022000708617
3654,0.04270150999946054,42.70150999946054
3655,0.027604387996689184,27.604387996689184
3656,0.021876378999877488,21.87637899987749
3657,0.022040714000468142,22.040714000468142
3658,0.03366481500052032,33.66481500052032
3659,0.02765832200020668,27.65832200020668
3660,0.020280455999454716,20.280455999454716
3661,0.02225446200100123,22.25446200100123
3662,0.036029190003318945,36.029190003318945
3663,0.028197335999720963,28.197335999720963
3664,0.02002808999895933,20.02808999895933
3665,0.02194426499772817,21.94426499772817
3666,0.032308412999555,32.308412999555
3667,0.02903517500089947,29.03517500089947
3668,0.020726026999909664,20.726026999909664
3669,0.02194469599999138,21.94469599999138
3670,0.03194303999771364,31.94303999771364
3671,0.02827215299839736,28.27215299839736
3672,0.020508112000243273,20.508112000243273
3673,0.021853337999345968,21.853337999345968
3674,0.03468883099776576,34.68883099776576
3675,0.028811437001422746,28.811437001422746
3676,0.025722062000568258,25.722062000568258
3677,0.025055953999981284,25.055953999981284
3678,0.04115381100200466,41.15381100200466
3679,0.022815869000623934,22.815869000623934
3680,0.0199601749991416,19.9601749991416
3681,0.022311157001240645,22.311157001240645
3682,0.03266200399957597,32.66200399957597
3683,0.021638065001752693,21.638065001752693
3684,0.02003120999870589,20.03120999870589
3685,0.022480576000816654,22.480576000816654
3686,0.03240938100134372,32.40938100134372
3687,0.027533720996871125,27.533720996871125
3688,0.02067818800060195,20.67818800060195
3689,0.022222826999495737,22.222826999495737
3690,0.03287089900186402,32.87089900186402
3691,0.028217910999956075,28.217910999956075
3692,0.020439738997083623,20.439738997083623
3693,0.022047991998988437,22.047991998988437
3694,0.03258176400049706,32.58176400049706
3695,0.02816037099910318,28.16037099910318
3696,0.02124283699959051,21.24283699959051
3697,0.022296653001831146,22.296653001831146
3698,0.021622849999403115,21.622849999403115
3699,0.03601377700033481,36.01377700033481
3700,0.021033452001574915,21.033452001574915
3701,0.02179014799912693,21.79014799912693
3702,0.0296714840005734,29.6714840005734
3703,0.026699573998484993,26.699573998484993
3704,0.020052039999427507,20.052039999427507
3705,0.0214640110025357,21.4640110025357
3706,0.036348574998555705,36.348574998555705
3707,0.022115687999757938,22.115687999757938
3708,0.02002014000026975,20.02014000026975
3709,0.025405165000847774,25.405165000847774
3710,0.03697721999924397,36.97721999924397
3711,0.022110418998636305,22.110418998636305
3712,0.01988798499951372,19.88798499951372
3713,0.02262212799905683,22.62212799905683
3714,0.03296091599986539,32.96091599986539
3715,0.023291883000638336,23.291883000638336
3716,0.02031743000043207,20.31743000043207
3717,0.021766652000223985,21.766652000223985
3718,0.029251667998323683,29.251667998323683
3719,0.027769618998718215,27.769618998718215
3720,0.020243243001459632,20.243243001459632
3721,0.021903505999944173,21.903505999944173
3722,0.03247129800001858,32.47129800001858
3723,0.02214309000191861,22.14309000191861
3724,0.020199685997795314,20.199685997795314
3725,0.021986980998917716,21.986980998917716
3726,0.03294109900161857,32.94109900161857
3727,0.023176980001153424,23.176980001153424
3728,0.021468636998179136,21.468636998179136
3729,0.028425434000382666,28.425434000382666
3730,0.040887952000048244,40.887952000048244
3731,0.02350459399895044,23.50459399895044
3732,0.020050803999765776,20.050803999765776
3733,0.021602709999569925,21.602709999569925
3734,0.030144139000185532,30.144139000185532
3735,0.028623924001294654,28.623924001294654
3736,0.020354424003016902,20.354424003016902
3737,0.02180924800268258,21.80924800268258
3738,0.029260889001307078,29.260889001307078
3739,0.026206318998447387,26.206318998447387
3740,0.02006646899826592,20.06646899826592
3741,0.0219217510020826,21.9217510020826
3742,0.03551590600181953,35.51590600181953
3743,0.021698599000956165,21.698599000956165
3744,0.020000977998279268,20.000977998279268
3745,0.021649840000463882,21.649840000463882
3746,0.029030000001512235,29.030000001512235
3747,0.027865199001098517,27.865199001098517
3748,0.02032960199721856,20.32960199721856
3749,0.022312405999400653,22.312405999400653
3750,0.02732179700251436,27.32179700251436
3751,0.027256670000497252,27.25667000049725
3752,0.020304259000113234,20.304259000113234
3753,0.02188790299987886,21.88790299987886
3754,0.027733525002986426,27.733525002986426
3755,0.025976589000492822,25.976589000492822
3756,0.020226766002451768,20.226766002451768
3757,0.021839476998138707,21.839476998138707
3758,0.029514294998080004,29.514294998080004
3759,0.027993491999950493,27.993491999950493
3760,0.020476573998166714,20.476573998166714
3761,0.022261240999796428,22.261240999796428
3762,0.025740191002114443,25.740191002114443
3763,0.03019811999911326,30.19811999911326
3764,0.020295065001846524,20.295065001846524
3765,0.02177334400039399,21.77334400039399
3766,0.027992515999358147,27.992515999358147
3767,0.02377662499930011,23.77662499930011
3768,0.020069064001290826,20.069064001290826
3769,0.02178418399853399,21.78418399853399
3770,0.029831446998286992,29.831446998286992
3771,0.027958236998529173,27.958236998529173
3772,0.020272991998353973,20.272991998353973
3773,0.021917123998719035,21.917123998719035
3774,0.03125828400152386,31.25828400152386
3775,0.027795859998150263,27.795859998150263
3776,0.020148949999565957,20.148949999565957
3777,0.024136490999808302,24.136490999808302
3778,0.02532331700058421,25.32331700058421
3779,0.03067616599946632,30.67616599946632
3780,0.020241922000423074,20.241922000423074
3781,0.02177261299948441,21.77261299948441
3782,0.028746378997311695,28.746378997311695
3783,0.02219613800116349,22.19613800116349
3784,0.020316031001129886,20.316031001129886
3785,0.022005009999702452,22.00500999970245
3786,0.03183274100229028,31.832741002290277
3787,0.028156902000773698,28.156902000773698
3788,0.020413887999893632,20.413887999893632
3789,0.021675863001291873,21.675863001291873
3790,0.03414150100070401,34.14150100070401
3791,0.027838459001941374,27.838459001941374
3792,0.020411674999195384,20.411674999195384
3793,0.021806956003274536,21.806956003274536
3794,0.028294667001318885,28.294667001318885
3795,0.02608242000133032,26.08242000133032
3796,0.020099602999835042,20.099602999835042
3797,0.02180832199883298,21.80832199883298
3798,0.036429061998205725,36.429061998205725
3799,0.022084798001742456,22.084798001742456
3800,0.020049157999892486,20.049157999892486
3801,0.02187843600040651,21.87843600040651
3802,0.032139066999661736,32.139066999661736
3803,0.02522176400088938,25.22176400088938
3804,0.02033676399878459,20.33676399878459
3805,0.021730480999394786,21.730480999394786
3806,0.03186911699958728,31.869116999587277
3807,0.028293445997405797,28.293445997405797
3808,0.02007842199964216,20.07842199964216
3809,0.021844979000888998,21.844979000888998
3810,0.031034612002258655,31.034612002258655
3811,0.029335866998735582,29.335866998735582
3812,0.020313253997301217,20.313253997301217
3813,0.022277824002230773,22.277824002230773
3814,0.031108600000152364,31.108600000152364
3815,0.028738142998918192,28.738142998918192
3816,0.020689916997071123,20.689916997071123
3817,0.021921569998085033,21.921569998085033
3818,0.029150031001336174,29.150031001336174
3819,0.026069314997585025,26.069314997585025
3820,0.02050319599948125,20.50319599948125
3821,0.021480921997863334,21.480921997863334
3822,0.039479526996728964,39.479526996728964
3823,0.023265550000360236,23.265550000360236
3824,0.020476618999964558,20.476618999964558
3825,0.022253633000218542,22.253633000218542
3826,0.02921491799861542,29.21491799861542
3827,0.0222378819998994,22.2378819998994
3828,0.02006379299928085,20.06379299928085
3829,0.021651726001437055,21.651726001437055
3830,0.029606052001327043,29.606052001327043
3831,0.028301294998527737,28.301294998527737
3832,0.02047479199973168,20.47479199973168
3833,0.021756918999017216,21.756918999017216
3834,0.02619879600024433,26.19879600024433
3835,0.03225871000176994,32.25871000176994
3836,0.023482591001084074,23.482591001084074
3837,0.026438070002768654,26.438070002768654
3838,0.04510944400317385,45.10944400317385
3839,0.025126420998276444,25.126420998276444
3840,0.02218391800124664,22.18391800124664
3841,0.025801451000006637,25.801451000006637
3842,0.05016541800068808,50.16541800068808
3843,0.023368005000520498,23.368005000520498
3844,0.021610602998407558,21.610602998407558
3845,0.021369505000620848,21.369505000620848
3846,0.03335551599957398,33.35551599957398
3847,0.029113286000210792,29.113286000210792
3848,0.023732893998385407,23.732893998385407
3849,0.027204979996895418,27.204979996895418
3850,0.04065427100067609,40.65427100067609
3851,0.028303938001045026,28.303938001045026
3852,0.02196547900166479,21.96547900166479
3853,0.02214200199887273,22.14200199887273
3854,0.12517769300029613,125.17769300029613
3855,0.038612479002040345,38.612479002040345
3856,0.01979708799990476,19.79708799990476
3857,0.021049374001449905,21.049374001449905
3858,0.03320704799989471,33.20704799989471
3859,0.027613742000539787,27.613742000539787
3860,0.020011812997836387,20.011812997836387
3861,0.021914562003075844,21.914562003075844
3862,0.029509308998967754,29.509308998967754
3863,0.02770592000160832,27.70592000160832
3864,0.020597441998688737,20.597441998688737
3865,0.021128503998625092,21.128503998625092
3866,0.03433600800053682,34.33600800053682
3867,0.021877265000512125,21.877265000512125
3868,0.018775748001644388,18.775748001644388
3869,0.020586495000316063,20.586495000316063
3870,0.032094651000079466,32.094651000079466
3871,0.027058954998210538,27.058954998210538
3872,0.01920438699744409,19.20438699744409
3873,0.02119044799837866,21.19044799837866
3874,0.037752886997623136,37.752886997623136
3875,0.027232606000325177,27.232606000325177
3876,0.019240661997173447,19.240661997173447
3877,0.020666232998337364,20.666232998337364
3878,0.03258377800011658,32.58377800011658
3879,0.02110642700063181,21.10642700063181
3880,0.01924047799911932,19.24047799911932
3881,0.02078076700126985,20.78076700126985
3882,0.03434027800176409,34.34027800176409
3883,0.02702405899981386,27.02405899981386
3884,0.02228338599888957,22.28338599888957
3885,0.020722358000057284,20.722358000057284
3886,0.03463157499936642,34.63157499936642
3887,0.027485107999382308,27.485107999382308
3888,0.019493282998155337,19.493282998155337
3889,0.020854405000136467,20.854405000136467
3890,0.0338681870016444,33.8681870016444
3891,0.02107403500122018,21.07403500122018
3892,0.01866929199968581,18.66929199968581
3893,0.02032645300278091,20.32645300278091
3894,0.03399055399859208,33.99055399859208
3895,0.027918906998820603,27.918906998820603
3896,0.01963681399865891,19.63681399865891
3897,0.021203425003477605,21.203425003477605
3898,0.03700254000068526,37.00254000068526
3899,0.022655059001408517,22.655059001408517
3900,0.038406927000323776,38.406927000323776
3901,0.027421243001299445,27.421243001299445
3902,0.03520323900011135,35.20323900011135
3903,0.030142136998620117,30.142136998620117
3904,0.020495141001447337,20.495141001447337
3905,0.022056574998714495,22.056574998714495
3906,0.02933733999816468,29.33733999816468
3907,0.028453812999941874,28.453812999941874
3908,0.022658421999949496,22.658421999949496
3909,0.02217712899800972,22.17712899800972
3910,0.030487162999634165,30.487162999634165
3911,0.028198338000947842,28.198338000947842
3912,0.020221253002091544,20.221253002091544
3913,0.02186652700038394,21.86652700038394
3914,0.029916292001871625,29.916292001871625
3915,0.027496595997945406,27.496595997945406
3916,0.020248334996722406,20.248334996722406
3917,0.021993502999976045,21.993502999976045
3918,0.027020248002372682,27.020248002372682
3919,0.02177672600009828,21.77672600009828
3920,0.020506015000137268,20.506015000137268
3921,0.021910894000029657,21.910894000029657
3922,0.03166832799979602,31.66832799979602
3923,0.028930357002536766,28.930357002536766
3924,0.021244027997454396,21.244027997454396
3925,0.02222783400065964,22.22783400065964
3926,0.029955411002447363,29.955411002447363
3927,0.028452143000322394,28.452143000322394
3928,0.020246189000317827,20.246189000317827
3929,0.022176442998897983,22.176442998897983
3930,0.036080638001294574,36.080638001294574
3931,0.028059656000550603,28.059656000550603
3932,0.020130306998908054,20.130306998908054
3933,0.02184786200086819,21.84786200086819
3934,0.035878201997547876,35.878201997547876
3935,0.025569416000507772,25.569416000507772
3936,0.020591234002495185,20.591234002495185
3937,0.022683209001115756,22.683209001115756
3938,0.03230792099930113,32.30792099930113
3939,0.027643008001177805,27.643008001177805
3940,0.020282382000004873,20.282382000004873
3941,0.02222942200023681,22.22942200023681
3942,0.03606034699987504,36.06034699987504
3943,0.024008010001125513,24.008010001125513
3944,0.020283198999095475,20.283198999095475
3945,0.021824614999786718,21.824614999786718
3946,0.030125282999506453,30.125282999506453
3947,0.027350618001946714,27.350618001946714
3948,0.026642117998562753,26.642117998562753
3949,0.022071933002735022,22.071933002735022
3950,0.03350528300143196,33.50528300143196
3951,0.02465686600044137,24.65686600044137
3952,0.020164466001006076,20.164466001006076
3953,0.021871434000786394,21.871434000786394
3954,0.030712826999661047,30.712826999661047
3955,0.029143763000320178,29.143763000320178
3956,0.020564068003295688,20.564068003295688
3957,0.02239136500065797,22.39136500065797
3958,0.030147058001603,30.147058001603
3959,0.028265472003113246,28.265472003113246
3960,0.020295457001338946,20.295457001338946
3961,0.02201907100243261,22.01907100243261
3962,0.030972194999776548,30.972194999776548
3963,0.025557967001077486,25.557967001077486
3964,0.020168487000773894,20.168487000773894
3965,0.02200384600291727,22.00384600291727
3966,0.024688907000381732,24.688907000381732
3967,0.035427561000688,35.427561000688
3968,0.020754440000018803,20.754440000018803
3969,0.022063102001993684,22.063102001993684
3970,0.03418482199776918,34.18482199776918
3971,0.022447416002250975,22.447416002250975
3972,0.02074478600115981,20.74478600115981
3973,0.02173202299672994,21.73202299672994
3974,0.02912260299854097,29.12260299854097
3975,0.02828339000188862,28.28339000188862
3976,0.022468387000117218,22.468387000117218
3977,0.022018029001628747,22.018029001628747
3978,0.028960347000975162,28.960347000975162
3979,0.02802824000173132,28.02824000173132
3980,0.020446771999559132,20.446771999559132
3981,0.021833935999893583,21.833935999893583
3982,0.030217027000617236,30.217027000617236
3983,0.025816999001108343,25.816999001108343
3984,0.020336802997917403,20.336802997917403
3985,0.021899307997955475,21.899307997955475
3986,0.03706345099999453,37.06345099999453
3987,0.02226422000239836,22.26422000239836
3988,0.01988081899980898,19.88081899980898
3989,0.021722847999626538,21.722847999626538
3990,0.032906265998462914,32.906265998462914
3991,0.022106989999883808,22.106989999883808
3992,0.02002030699804891,20.02030699804891
3993,0.022050119998311857,22.050119998311857
3994,0.0333338160016865,33.3338160016865
3995,0.028139422000094783,28.139422000094783
3996,0.02029560200026026,20.29560200026026
3997,0.022019233998435084,22.019233998435084
3998,0.03294533699954627,32.94533699954627
3999,0.031620866000594106,31.620866000594106
4000,0.02207807599916123,22.07807599916123
4001,0.026452695001353277,26.452695001353277
4002,0.028047919997334247,28.047919997334247
4003,0.02220761699936702,22.20761699936702
4004,0.020239639998180792,20.23963999818079
4005,0.02188422800099943,21.88422800099943
4006,0.030408508002437884,30.408508002437884
4007,0.029001377002714435,29.001377002714435
4008,0.021313293000275735,21.313293000275735
4009,0.02204350900137797,22.04350900137797
4010,0.03604921400255989,36.04921400255989
4011,0.028525091998744756,28.525091998744756
4012,0.020290636999561684,20.290636999561684
4013,0.022086057000706205,22.086057000706205
4014,0.03374048900150228,33.74048900150228
4015,0.02793086299789138,27.93086299789138
4016,0.02006728999913321,20.06728999913321
4017,0.02133879400207661,21.33879400207661
4018,0.03424541899948963,34.24541899948963
4019,0.027821520998259075,27.821520998259075
4020,0.02064985200195224,20.64985200195224
4021,0.029747006999969017,29.747006999969017
4022,0.04350073900059215,43.50073900059215
4023,0.02233453399821883,22.33453399821883
4024,0.020382319002237637,20.382319002237637
4025,0.021452570999827003,21.452570999827003
4026,0.02706820300227264,27.06820300227264
4027,0.022150324999529403,22.150324999529403
4028,0.021028106999438023,21.028106999438023
4029,0.021681811998860212,21.681811998860212
4030,0.030174550996889593,30.174550996889593
4031,0.02846850199784967,28.46850199784967
4032,0.02020486599940341,20.20486599940341
4033,0.021537620003073243,21.537620003073243
4034,0.030552209002053132,30.552209002053132
4035,0.02619965100166155,26.19965100166155
4036,0.020206486999086337,20.206486999086337
4037,0.021733004999987315,21.733004999987315
4038,0.026603310001519276,26.603310001519276
4039,0.027759726999647683,27.759726999647683
4040,0.020243597999069607,20.243597999069607
4041,0.021789856000395957,21.789856000395957
4042,0.031897325003228616,31.897325003228616
4043,0.027997018998576095,27.997018998576095
4044,0.021996149996994063,21.996149996994063
4045,0.02182944000014686,21.82944000014686
4046,0.031941224999172846,31.941224999172846
4047,0.028399500999512384,28.399500999512384
4048,0.020652765000704676,20.652765000704676
4049,0.02231485800075461,22.31485800075461
4050,0.027486376002343604,27.486376002343604
4051,0.0275890619996062,27.5890619996062
4052,0.020185405999654904,20.185405999654904
4053,0.02184235100139631,21.84235100139631
4054,0.026830261998838978,26.830261998838978
4055,0.026517144997342257,26.517144997342257
4056,0.020323903998360038,20.323903998360038
4057,0.021953982999548316,21.953982999548316
4058,0.03379417500036652,33.79417500036652
4059,0.031753382998431334,31.753382998431334
4060,0.020396369000081904,20.396369000081904
4061,0.021768250000604894,21.768250000604894
4062,0.0319120180029131,31.9120180029131
4063,0.02752680599951418,27.52680599951418
4064,0.0202417010004865,20.2417010004865
4065,0.021845693998329807,21.845693998329807
4066,0.032150494000234175,32.150494000234175
4067,0.028220238000358222,28.220238000358222
4068,0.020423566002136795,20.423566002136795
4069,0.022019115000148304,22.019115000148304
4070,0.033678299998427974,33.678299998427974
4071,0.028356168000755133,28.356168000755133
4072,0.020530406000034418,20.530406000034418
4073,0.022378355999535415,22.378355999535415
4074,0.05718801799957873,57.18801799957873
4075,0.02202377900175634,22.02377900175634
4076,0.020766855999681866,20.766855999681866
4077,0.024896425002225442,24.896425002225442
4078,0.0367809160015895,36.7809160015895
4079,0.02168529900154681,21.68529900154681
4080,0.019996133996755816,19.996133996755816
4081,0.021440892000100575,21.440892000100575
4082,0.031423084998095874,31.423084998095874
4083,0.027490173000842333,27.490173000842333
4084,0.02023697700133198,20.23697700133198
4085,0.021866400002181763,21.866400002181763
4086,0.028932900000654627,28.932900000654627
4087,0.0276863629987929,27.6863629987929
4088,0.020439325999177527,20.439325999177527
4089,0.02201272499951301,22.01272499951301
4090,0.03380474300138303,33.80474300138303
4091,0.027816991998406593,27.816991998406593
4092,0.02091102299891645,20.91102299891645
4093,0.02181349299644353,21.81349299644353
4094,0.02952020999873639,29.52020999873639
4095,0.02719424999668263,27.19424999668263
4096,0.020340292001492344,20.340292001492344
4097,0.022407864998967852,22.407864998967852
4098,0.03692668700023205,36.92668700023205
4099,0.022421785000915406,22.421785000915406
4100,0.020170920000964543,20.170920000964543
4101,0.02169942700129468,21.69942700129468
4102,0.0343155989976367,34.3155989976367
4103,0.0221887660009088,22.1887660009088
4104,0.020271120996767422,20.271120996767422
4105,0.02213515100083896,22.13515100083896
4106,0.03118793000248843,31.18793000248843
4107,0.02789112200116506,27.89112200116506
4108,0.020440961998247076,20.440961998247076
4109,0.021990421999362297,21.990421999362297
4110,0.02843577599924174,28.43577599924174
4111,0.02946013799737557,29.46013799737557
4112,0.020889936000457965,20.889936000457965
4113,0.02209541599950171,22.09541599950171
4114,0.026115182998182718,26.115182998182718
4115,0.029059485001198482,29.05948500119848
4116,0.02018264599973918,20.18264599973918
4117,0.02201237099870923,22.01237099870923
4118,0.027018387998396065,27.018387998396065
4119,0.026667215002817102,26.667215002817102
4120,0.020171374999335967,20.171374999335967
4121,0.021357794998039026,21.357794998039026
4122,0.02815454099982162,28.15454099982162
4123,0.027586074997088872,27.586074997088872
4124,0.02020048200211022,20.20048200211022
4125,0.02155255699835834,21.55255699835834
4126,0.028700494996883208,28.700494996883208
4127,0.022330574996885844,22.330574996885844
4128,0.020216295000864193,20.216295000864193
4129,0.021719258002121933,21.719258002121933
4130,0.033078205000492744,33.078205000492744
4131,0.028079504001652822,28.079504001652822
4132,0.02054700699954992,20.54700699954992
4133,0.02185457500308985,21.85457500308985
4134,0.027861930000653956,27.861930000653956
4135,0.028858497000328498,28.858497000328498
4136,0.020443544002773706,20.443544002773706
4137,0.02150342599998112,21.50342599998112
4138,0.027008162000129232,27.008162000129232
4139,0.022211493997019716,22.211493997019716
4140,0.02014210000197636,20.14210000197636
4141,0.022219552000024123,22.219552000024123
4142,0.03131717900032527,31.317179000325268
4143,0.027734262999729253,27.734262999729253
4144,0.020417779000126757,20.417779000126757
4145,0.02182343199820025,21.82343199820025
4146,0.038984153001365485,38.984153001365485
4147,0.02459892299884814,24.59892299884814
4148,0.020206571000016993,20.206571000016993
4149,0.022377155000867788,22.377155000867788
4150,0.032169293001061305,32.169293001061305
4151,0.027956005000305595,27.956005000305595
4152,0.02048018899949966,20.48018899949966
4153,0.021787960999063216,21.787960999063216
4154,0.03110963400104083,31.10963400104083
4155,0.02759976900051697,27.59976900051697
4156,0.021153992998733884,21.153992998733884
4157,0.021809226000186754,21.809226000186754
4158,0.028718790999846533,28.718790999846533
4159,0.02753742699860595,27.53742699860595
4160,0.02023285399991437,20.23285399991437
4161,0.022325724003167124,22.325724003167124
4162,0.027503576999151846,27.503576999151846
4163,0.021860913999262266,21.860913999262266
4164,0.020149821000813972,20.149821000813972
4165,0.022272419999353588,22.272419999353588
4166,0.03234164499735925,32.34164499735925
4167,0.028069780000805622,28.069780000805622
4168,0.020893603999866173,20.893603999866173
4169,0.02213412600031006,22.13412600031006
4170,0.028555763001349987,28.555763001349987
4171,0.02757649900013348,27.57649900013348
4172,0.020344725002360065,20.344725002360065
4173,0.021995525999955134,21.995525999955134
4174,0.028394793000188656,28.394793000188656
4175,0.022721006000210764,22.721006000210764
4176,0.021136529998329934,21.136529998329934
4177,0.022383135998097714,22.383135998097714
4178,0.032784836999780964,32.784836999780964
4179,0.05037793200244778,50.37793200244778
4180,0.027082747998065315,27.082747998065315
4181,0.02549161399656441,25.49161399656441
4182,0.04609788499874412,46.09788499874412
4183,0.023354354001639877,23.354354001639877
4184,0.019985839000582928,19.985839000582928
4185,0.021940021000773413,21.940021000773413
4186,0.04088876100286143,40.88876100286143
4187,0.026607198000419885,26.607198000419885
4188,0.02491105199806043,24.91105199806043
4189,0.02232432400342077,22.32432400342077
4190,0.0336639950000972,33.6639950000972
4191,0.023029156000120565,23.029156000120565
4192,0.020080051999684656,20.080051999684656
4193,0.021766055000625784,21.766055000625784
4194,0.03253749000214157,32.53749000214157
4195,0.030405353001697222,30.40535300169722
4196,0.022782693999033654,22.782693999033654
4197,0.02480356500018388,24.80356500018388
4198,0.04289049600265571,42.89049600265571
4199,0.02261894199909875,22.61894199909875
4200,0.019710710002982523,19.710710002982523
4201,0.02163901300082216,21.63901300082216
4202,0.04045544499967946,40.45544499967946
4203,0.023263565999513958,23.263565999513958
4204,0.02004499000031501,20.04499000031501
4205,0.021801514998514904,21.801514998514904
4206,0.037172692998865386,37.17269299886539
4207,0.022963417002756614,22.963417002756614
4208,0.020493003001320176,20.493003001320176
4209,0.02264776900119614,22.64776900119614
4210,0.036493120998784434,36.493120998784434
4211,0.02213262199802557,22.13262199802557
4212,0.019950145000620978,19.950145000620978
4213,0.021850291999726323,21.850291999726323
4214,0.032537494000280276,32.537494000280276
4215,0.024840278001647675,24.840278001647675
4216,0.02102184099931037,21.02184099931037
4217,0.022190408999449573,22.190408999449573
4218,0.03197757399902912,31.97757399902912
4219,0.027718711000488838,27.718711000488838
4220,0.020208295001793886,20.208295001793886
4221,0.02159651500187465,21.59651500187465
4222,0.029882950999308378,29.882950999308378
4223,0.02748095400238526,27.48095400238526
4224,0.0203278990011313,20.3278990011313
4225,0.021859625001525274,21.859625001525274
4226,0.03020900299816276,30.20900299816276
4227,0.026891132998571265,26.891132998571265
4228,0.020087771998078097,20.087771998078097
4229,0.021873084999242565,21.873084999242565
4230,0.02675880300012068,26.75880300012068
4231,0.027681306997692445,27.681306997692445
4232,0.022019902997271856,22.019902997271856
4233,0.02209143200161634,22.09143200161634
4234,0.032366986000852194,32.366986000852194
4235,0.028743491999193793,28.743491999193793
4236,0.020487853998929495,20.487853998929495
4237,0.023050989999319427,23.050989999319427
4238,0.023243614999955753,23.243614999955753
4239,0.03239674699943862,32.39674699943862
4240,0.021082044000650058,21.082044000650058
4241,0.022259231998759788,22.259231998759788
4242,0.029326732001209166,29.326732001209166
4243,0.02667645999827073,26.67645999827073
4244,0.020275402999686776,20.275402999686776
4245,0.02259037499970873,22.59037499970873
4246,0.028282317998673534,28.282317998673534
4247,0.041058273000089685,41.058273000089685
4248,0.026155800998822087,26.155800998822087
4249,0.022275041999819223,22.275041999819223
4250,0.13119536199883441,131.19536199883441
4251,0.032856712001375854,32.856712001375854
4252,0.019584530000429368,19.584530000429368
4253,0.021946676999505144,21.946676999505144
4254,0.02858496900080354,28.58496900080354
4255,0.02917409500150825,29.17409500150825
4256,0.020439746000192827,20.439746000192827
4257,0.021770230003312463,21.770230003312463
4258,0.027597762000368675,27.597762000368675
4259,0.02215419300046051,22.15419300046051
4260,0.020140560001891572,20.140560001891572
4261,0.021644918000674807,21.644918000674807
4262,0.02854098700117902,28.54098700117902
4263,0.025659462000476196,25.659462000476196
4264,0.019995782000478357,19.995782000478357
4265,0.02156315299725975,21.56315299725975
4266,0.03438267599995015,34.38267599995015
4267,0.022214641998289153,22.214641998289153
4268,0.020028459999593906,20.028459999593906
4269,0.021559897999395616,21.559897999395616
4270,0.03192422900247038,31.924229002470383
4271,0.02777166899977601,27.77166899977601
4272,0.020249597997462843,20.249597997462843
4273,0.021816459000547184,21.816459000547184
4274,0.02864000999761629,28.64000999761629
4275,0.027209801999561023,27.209801999561023
4276,0.02042273699771613,20.42273699771613
4277,0.023460864002117887,23.460864002117887
4278,0.024943070999142947,24.943070999142947
4279,0.030951892000302905,30.951892000302905
4280,0.020469149996642955,20.469149996642955
4281,0.02183453999896301,21.83453999896301
4282,0.02731026000037673,27.31026000037673
4283,0.025173609999910695,25.173609999910695
4284,0.020113205999223283,20.113205999223283
4285,0.02164571600224008,21.64571600224008
4286,0.030097758997726487,30.097758997726487
4287,0.027545881999685662,27.545881999685662
4288,0.02021283799695084,20.21283799695084
4289,0.021742204000474885,21.742204000474885
4290,0.0300832659995649,30.0832659995649
4291,0.02214905499931774,22.14905499931774
4292,0.020036414000060176,20.036414000060176
4293,0.02173607100121444,21.73607100121444
4294,0.03088241500154254,30.88241500154254
4295,0.028005703999951947,28.005703999951947
4296,0.02044769699932658,20.44769699932658
4297,0.02237180700103636,22.37180700103636
4298,0.029298949000803987,29.298949000803987
4299,0.02592286199796945,25.92286199796945
4300,0.020252900998457335,20.252900998457335
4301,0.02163314399876981,21.63314399876981
4302,0.02599478100091801,25.99478100091801
4303,0.025912496999808354,25.912496999808354
4304,0.02000414700160036,20.00414700160036
4305,0.021604740002658218,21.604740002658218
4306,0.028129698999691755,28.129698999691755
4307,0.02651655099907657,26.51655099907657
4308,0.02006150400120532,20.06150400120532
4309,0.021577614003035706,21.577614003035706
4310,0.026909243999398313,26.909243999398313
4311,0.025675773998955265,25.675773998955265
4312,0.020665435997216264,20.665435997216264
4313,0.02535179999904358,25.35179999904358
4314,0.032512476998817874,32.512476998817874
4315,0.02279839500261005,22.79839500261005
4316,0.019951190002757357,19.951190002757357
4317,0.021949040001345566,21.949040001345566
4318,0.02922198899977957,29.22198899977957
4319,0.028206733000843087,28.206733000843087
4320,0.02066766300049494,20.66766300049494
4321,0.02183059399976628,21.83059399976628
4322,0.028832119998696726,28.832119998696726
4323,0.027787964001618093,27.787964001618093
4324,0.02036479600064922,20.36479600064922
4325,0.02185387300050934,21.85387300050934
4326,0.02755073300068034,27.55073300068034
4327,0.024552639999456005,24.552639999456005
4328,0.020375842999783345,20.375842999783345
4329,0.021646840999892447,21.646840999892447
4330,0.029884302002756158,29.884302002756158
4331,0.027884977997018723,27.884977997018723
4332,0.020740865998959634,20.740865998959634
4333,0.022330514999339357,22.330514999339357
4334,0.0335241720022168,33.5241720022168
4335,0.027501340002345387,27.501340002345387
4336,0.020490019000135362,20.490019000135362
4337,0.021820572997967247,21.820572997967247
4338,0.025287651998951333,25.287651998951333
4339,0.030639791999419685,30.639791999419685
4340,0.021879182000702713,21.879182000702713
4341,0.0224778880001395,22.4778880001395
4342,0.024059298000793206,24.059298000793206
4343,0.03556418800144456,35.56418800144456
4344,0.02080164099970716,20.80164099970716
4345,0.02197749799961457,21.97749799961457
4346,0.031344082999567036,31.344082999567036
4347,0.028565738000907004,28.565738000907004
4348,0.021890665997489123,21.890665997489123
4349,0.025866656000289368,25.866656000289368
4350,0.03679035599998315,36.79035599998315
4351,0.028178657001262764,28.178657001262764
4352,0.02014486199914245,20.14486199914245
4353,0.022388957000657683,22.388957000657683
4354,0.03259111700026551,32.59111700026551
4355,0.029506726998079102,29.506726998079102
4356,0.02031396099846461,20.31396099846461
4357,0.021796531000290997,21.796531000290997
4358,0.03493011799946544,34.93011799946544
4359,0.028510414998891065,28.510414998891065
4360,0.02069828000094276,20.69828000094276
4361,0.022171446998981992,22.171446998981992
4362,0.03253022300123121,32.53022300123121
4363,0.027981073002592893,27.981073002592893
4364,0.0200836949989025,20.0836949989025
4365,0.022010451000824105,22.010451000824105
4366,0.033149116999993566,33.149116999993566
4367,0.03379503599717282,33.79503599717282
4368,0.022322854998492403,22.322854998492403
4369,0.02267313300035312,22.67313300035312
4370,0.03824052400159417,38.24052400159417
4371,0.022272792000876507,22.272792000876507
4372,0.020145786998909898,20.145786998909898
4373,0.02183827999760979,21.83827999760979
4374,0.031611228001565905,31.611228001565905
4375,0.022019693999027368,22.019693999027368
4376,0.02044315900275251,20.44315900275251
4377,0.02187437499742373,21.87437499742373
4378,0.02870375600105035,28.70375600105035
4379,0.02697079700010363,26.97079700010363
4380,0.023724712002149317,23.724712002149317
4381,0.022318838000501273,22.318838000501273
4382,0.030583690000639763,30.583690000639763
4383,0.029112208998412825,29.112208998412825
4384,0.02042038499712362,20.42038499712362
4385,0.02190751200032537,21.90751200032537
4386,0.030288483001640998,30.288483001640998
4387,0.026445055998919997,26.445055998919997
4388,0.020422306999535067,20.422306999535067
4389,0.022026816001016414,22.026816001016414
4390,0.027312584999890532,27.312584999890532
4391,0.026604702001350233,26.604702001350233
4392,0.020178970000415575,20.178970000415575
4393,0.021845326002221555,21.845326002221555
4394,0.03244628000174998,32.44628000174998
4395,0.028465798000979703,28.465798000979703
4396,0.020862695997493574,20.862695997493574
4397,0.022240729002078297,22.240729002078297
4398,0.027998057998047443,27.998057998047443
4399,0.02865430599922547,28.65430599922547
4400,0.02018098999906215,20.18098999906215
4401,0.021888201001274865,21.888201001274865
4402,0.02634663000208093,26.34663000208093
4403,0.03037898500042502,30.37898500042502
4404,0.022324670000671176,22.324670000671176
4405,0.021983073998853797,21.983073998853797
4406,0.03040008400057559,30.40008400057559
4407,0.022191452997503802,22.191452997503802
4408,0.020044414999574656,20.044414999574656
4409,0.02203865699993912,22.03865699993912
4410,0.028672463999100728,28.672463999100728
4411,0.028537337999296142,28.537337999296142
4412,0.02021791999868583,20.21791999868583
4413,0.021867535000637872,21.867535000637872
4414,0.03007352300119237,30.07352300119237
4415,0.026392207000753842,26.392207000753842
4416,0.020053727999766124,20.053727999766124
4417,0.021797913999762386,21.797913999762386
4418,0.02803611299896147,28.03611299896147
4419,0.023895727998024086,23.895727998024086
4420,0.03669241500028875,36.69241500028875
4421,0.022022975001164014,22.022975001164014
4422,0.039615296002011746,39.615296002011746
4423,0.024600531000032788,24.600531000032788
4424,0.020223609997628955,20.223609997628955
4425,0.021511485996597912,21.511485996597912
4426,0.03005510000002687,30.05510000002687
4427,0.027374809000320965,27.374809000320965
4428,0.020196806002786616,20.196806002786616
4429,0.021527395998418797,21.527395998418797
4430,0.028363572997477604,28.363572997477604
4431,0.026878772001509788,26.878772001509788
4432,0.020097814001928782,20.097814001928782
4433,0.022023880999768153,22.023880999768153
4434,0.027441856000223197,27.441856000223197
4435,0.026592384001560276,26.592384001560276
4436,0.02026454100268893,20.26454100268893
4437,0.02224067299903254,22.24067299903254
4438,0.029138513000361854,29.138513000361854
4439,0.02806742599932477,28.06742599932477
4440,0.020608115999493748,20.608115999493748
4441,0.022047746999305673,22.047746999305673
4442,0.030086597998888465,30.086597998888465
4443,0.02610641499995836,26.10641499995836
4444,0.02017124199846876,20.17124199846876
4445,0.022451557000749744,22.451557000749744
4446,0.028908437001518905,28.908437001518905
4447,0.022161905999382725,22.161905999382725
4448,0.02011543800108484,20.11543800108484
4449,0.024697021002793917,24.697021002793917
4450,0.03188669699738966,31.886696997389663
4451,0.02817251500164275,28.17251500164275
4452,0.02035879300092347,20.35879300092347
4453,0.023131845002353657,23.131845002353657
4454,0.03186248099882505,31.86248099882505
4455,0.02780960900054197,27.80960900054197
4456,0.02018264999787789,20.18264999787789
4457,0.021941212999081472,21.941212999081472
4458,0.03085282300162362,30.85282300162362
4459,0.028807562001020415,28.807562001020415
4460,0.0206756840016169,20.6756840016169
4461,0.022056983998481883,22.056983998481883
4462,0.032482572001754306,32.482572001754306
4463,0.027193235997401644,27.193235997401644
4464,0.020354093998321332,20.354093998321332
4465,0.021582309000223177,21.582309000223177
4466,0.03202901900294819,32.02901900294819
4467,0.02246480399844586,22.46480399844586
4468,0.020364439002150903,20.364439002150903
4469,0.022054843000660185,22.054843000660185
4470,0.03153716399901896,31.537163999018958
4471,0.023513524000009056,23.513524000009056
4472,0.02005264800027362,20.05264800027362
4473,0.02235330000257818,22.35330000257818
4474,0.029337863001273945,29.337863001273945
4475,0.028095541998482076,28.095541998482076
4476,0.0207815629983088,20.7815629983088
4477,0.022332217999064596,22.332217999064596
4478,0.0303399040021759,30.3399040021759
4479,0.02570918499986874,25.70918499986874
4480,0.020272858997486765,20.272858997486765
4481,0.021821807997184806,21.821807997184806
4482,0.03676632399947266,36.76632399947266
4483,0.025812755000515608,25.812755000515608
4484,0.019825449999189004,19.825449999189004
4485,0.021451568998600123,21.451568998600123
4486,0.03724942700137035,37.24942700137035
4487,0.023248347999469843,23.248347999469843
4488,0.020288673000322888,20.288673000322888
4489,0.02181833700160496,21.81833700160496
4490,0.03176918900135206,31.76918900135206
4491,0.02213461700011976,22.13461700011976
4492,0.01997444999869913,19.97444999869913
4493,0.02149771599943051,21.49771599943051
4494,0.02971083800002816,29.71083800002816
4495,0.02809141199759324,28.09141199759324
4496,0.020480139999563107,20.480139999563107
4497,0.021827522999956273,21.827522999956273
4498,0.026144516999920597,26.144516999920597
4499,0.02949885799898766,29.49885799898766
4500,0.020054016000358388,20.054016000358388
4501,0.021835348998138215,21.835348998138215
4502,0.027302426999085583,27.302426999085583
4503,0.027570124999328982,27.570124999328982
4504,0.020196610999846598,20.196610999846598
4505,0.02186304399947403,21.86304399947403
4506,0.02922263900109101,29.22263900109101
4507,0.027711922997696092,27.711922997696092
4508,0.020520370999292936,20.520370999292936
4509,0.022040666997781955,22.040666997781955
4510,0.0279978430007759,27.9978430007759
4511,0.0285899310001696,28.5899310001696
4512,0.020573502999468474,20.573502999468474
4513,0.021865691000130028,21.865691000130028
4514,0.027729826000722824,27.729826000722824
4515,0.022437036997871473,22.437036997871473
4516,0.02030445700074779,20.30445700074779
4517,0.021872585002711276,21.872585002711276
4518,0.030724200001714053,30.724200001714053
4519,0.027659788000164554,27.659788000164554
4520,0.020187996000458952,20.187996000458952
4521,0.021834473001945298,21.834473001945298
4522,0.024740041000768542,24.740041000768542
4523,0.030791879999014782,30.791879999014782
4524,0.020458201001019916,20.458201001019916
4525,0.021712235000450164,21.712235000450164
4526,0.03383662399937748,33.83662399937748
4527,0.025030581000464736,25.030581000464736
4528,0.023147236999648158,23.147236999648158
4529,0.06712096900082543,67.12096900082543
4530,0.04591569200056256,45.91569200056256
4531,0.026782533001096454,26.782533001096454
4532,0.025885013998049544,25.885013998049544
4533,0.022216877001483226,22.216877001483226
4534,0.03712291700139758,37.12291700139758
4535,0.023912376000225777,23.912376000225777
4536,0.023760167001455557,23.760167001455557
4537,0.025743730999238323,25.743730999238323
4538,0.03515102000164916,35.15102000164916
4539,0.028046149000147125,28.046149000147125
4540,0.020564075999573106,20.564075999573106
4541,0.025671804000012344,25.671804000012344
4542,0.05055065900160116,50.55065900160116
4543,0.020497182998951757,20.497182998951757
4544,0.019039971000893274,19.039971000893274
4545,0.0204838630015729,20.4838630015729
4546,0.033795937000832055,33.795937000832055
4547,0.022119704997749068,22.119704997749068
4548,0.019740706000447972,19.74070600044797
4549,0.023943446998600848,23.943446998600848
4550,0.0330606550014636,33.0606550014636
4551,0.02642983800251386,26.42983800251386
4552,0.01930065799751901,19.30065799751901
4553,0.02082417499696021,20.82417499696021
4554,0.026318845000787405,26.318845000787405
4555,0.02760196300005191,27.60196300005191
4556,0.019167225000273902,19.167225000273902
4557,0.02045434300089255,20.45434300089255
4558,0.0335807580013352,33.5807580013352
4559,0.021103356997627998,21.103356997627998
4560,0.01870829700055765,18.70829700055765
4561,0.020748040999023942,20.748040999023942
4562,0.026838372003112454,26.838372003112454
4563,0.02681556799871032,26.81556799871032
4564,0.019310188999952516,19.310188999952516
4565,0.020359386999189155,20.359386999189155
4566,0.0335665450002125,33.5665450002125
4567,0.02727328699984355,27.27328699984355
4568,0.018763741998554906,18.763741998554906
4569,0.020669736000854755,20.669736000854755
4570,0.03540096900178469,35.40096900178469
4571,0.021532171998842387,21.532171998842387
4572,0.018993445999512915,18.993445999512915
4573,0.02056658299989067,20.56658299989067
4574,0.029251207000925206,29.251207000925206
4575,0.026333253001212142,26.333253001212142
4576,0.01880828499997733,18.80828499997733
4577,0.020569362000969704,20.569362000969704
4578,0.034213778999401256,34.213778999401256
4579,0.024775720998150064,24.775720998150064
4580,0.01892435499757994,18.92435499757994
4581,0.02080888899945421,20.80888899945421
4582,0.02965934600069886,29.65934600069886
4583,0.027531049003300723,27.531049003300723
4584,0.019212878996768268,19.212878996768268
4585,0.021727816998463823,21.727816998463823
4586,0.029719550999288913,29.719550999288913
4587,0.020626385001378367,20.626385001378367
4588,0.01880571299989242,18.80571299989242
4589,0.02040600899999845,20.40600899999845
4590,0.0275394199998118,27.5394199998118
4591,0.028212779998284532,28.21277999828453
4592,0.019475260000035632,19.475260000035632
4593,0.021689031997084385,21.689031997084385
4594,0.02886054899863666,28.86054899863666
4595,0.044979500002227724,44.979500002227724
4596,0.027785296999354614,27.785296999354614
4597,0.021075229000416584,21.075229000416584
4598,0.03579704499861691,35.79704499861691
4599,0.021596926999336574,21.596926999336574
4600,0.018722065000474686,18.722065000474686
4601,0.020535706000373466,20.535706000373466
4602,0.02953247599725728,29.53247599725728
4603,0.027535303997865412,27.535303997865412
4604,0.019091827001830097,19.091827001830097
4605,0.02084145700064255,20.84145700064255
4606,0.027889045999472728,27.889045999472728
4607,0.026029380002000835,26.029380002000835
4608,0.019007585000508698,19.007585000508698
4609,0.020604713998181978,20.60471399818198
4610,0.03042696100237663,30.42696100237663
4611,0.025214641998900333,25.214641998900333
4612,0.01890950300003169,18.90950300003169
4613,0.021465863999765133,21.465863999765133
4614,0.03369306499735103,33.69306499735103
4615,0.021212285999354208,21.212285999354208
4616,0.019236721000197576,19.236721000197576
4617,0.02092723600071622,20.92723600071622
4618,0.031269970000721514,31.269970000721514
4619,0.026136423002753872,26.136423002753872
4620,0.019166232999850763,19.166232999850763
4621,0.020522427999821957,20.522427999821957
4622,0.028695542001514696,28.695542001514696
4623,0.02702137199958088,27.02137199958088
4624,0.019713205998414196,19.713205998414196
4625,0.020655822001572233,20.655822001572233
4626,0.02956278000056045,29.56278000056045
4627,0.029009550999035127,29.009550999035127
4628,0.019660828002088238,19.660828002088238
4629,0.020870288000878645,20.870288000878645
4630,0.028282766998017905,28.282766998017905
4631,0.02181414699953166,21.81414699953166
4632,0.01894554899990908,18.94554899990908
4633,0.020753805001731962,20.753805001731962
4634,0.032463409999763826,32.463409999763826
4635,0.027099023001937894,27.099023001937894
4636,0.019065865002630744,19.065865002630744
4637,0.0204331729983096,20.4331729983096
4638,0.04026533800060861,40.26533800060861
4639,0.021545640996919246,21.545640996919246
4640,0.02007851699818275,20.07851699818275
4641,0.022152520999952685,22.152520999952685
4642,0.03873262199704186,38.73262199704186
4643,0.02328927499911515,23.28927499911515
4644,0.020174692002910888,20.174692002910888
4645,0.021962294998957077,21.962294998957077
4646,0.04024262199891382,40.24262199891382
4647,0.022588870997424237,22.588870997424237
4648,0.01993909500015434,19.93909500015434
4649,0.02128177099802997,21.28177099802997
4650,0.02746265099995071,27.46265099995071
4651,0.03379635099918232,33.79635099918232
4652,0.02067716199962888,20.67716199962888
4653,0.021884824000153458,21.884824000153458
4654,0.04239395599870477,42.39395599870477
4655,0.021776123001473024,21.776123001473024
4656,0.01929325400124071,19.29325400124071
4657,0.020850409997365205,20.850409997365205
4658,0.03815260299961665,38.15260299961665
4659,0.021266587998979958,21.266587998979958
4660,0.01890351900146925,18.90351900146925
4661,0.0230745000008028,23.0745000008028
4662,0.0335780050008907,33.5780050008907
4663,0.02798412499760161,27.98412499760161
4664,0.019687511998199625,19.687511998199625
4665,0.020740197000122862,20.740197000122862
4666,0.033839484000054654,33.839484000054654
4667,0.02532124999925145,25.32124999925145
4668,0.018989475996932015,18.989475996932015
4669,0.020688232001703,20.688232001703
4670,0.14545166500101914,145.45166500101914
4671,0.041074585999012925,41.074585999012925
4672,0.018301563999557402,18.301563999557402
4673,0.02156386999922688,21.56386999922688
4674,0.03454192700155545,34.54192700155545
4675,0.022034641999198357,22.034641999198357
4676,0.018713402998400852,18.713402998400852
4677,0.020468339000217384,20.468339000217384
4678,0.03333391599880997,33.33391599880997
4679,0.022122122001746902,22.122122001746902
4680,0.018954835999466013,18.954835999466013
4681,0.020759068000188563,20.759068000188563
4682,0.03300001699972199,33.00001699972199
4683,0.027326400002493756,27.326400002493756
4684,0.01951907799957553,19.51907799957553
4685,0.023301080000237562,23.30108000023756
4686,0.03212478700152133,32.12478700152133
4687,0.02700789899972733,27.00789899972733
4688,0.019639456000732025,19.639456000732025
4689,0.02099951600030181,20.99951600030181
4690,0.033817317002103664,33.817317002103664
4691,0.0218671139991784,21.8671139991784
4692,0.01916957600042224,19.16957600042224
4693,0.02095739100332139,20.95739100332139
4694,0.032420044000900816,32.420044000900816
4695,0.036709328000142705,36.709328000142705
4696,0.026373258002422517,26.373258002422517
4697,0.02717473200027598,27.17473200027598
4698,0.029460189001838444,29.460189001838444
4699,0.02131509500031825,21.31509500031825
4700,0.01879791999817826,18.79791999817826
4701,0.020715052996820305,20.715052996820305
4702,0.033661853998637525,33.661853998637525
4703,0.027191171997401398,27.191171997401398
4704,0.01937862100021448,19.37862100021448
4705,0.020876099999441067,20.876099999441067
4706,0.03508495799906086,35.08495799906086
4707,0.02104535900070914,21.04535900070914
4708,0.019019064002350206,19.019064002350206
4709,0.020999483997002244,20.999483997002244
4710,0.03229414599991287,32.29414599991287
4711,0.02724707400193438,27.24707400193438
4712,0.019265962997451425,19.265962997451425
4713,0.02093565199902514,20.93565199902514
4714,0.03392500099653262,33.92500099653262
4715,0.02191214599952218,21.91214599952218
4716,0.029317384000023594,29.317384000023594
4717,0.029675132002012106,29.675132002012106
4718,0.029982717001985293,29.982717001985293
4719,0.024554387000534916,24.554387000534916
4720,0.018912641000497388,18.912641000497388
4721,0.020954948999133194,20.954948999133194
4722,0.034272869997948874,34.272869997948874
4723,0.02732397799991304,27.32397799991304
4724,0.019824439001240535,19.824439001240535
4725,0.02111020500160521,21.11020500160521
4726,0.034932367998408154,34.932367998408154
4727,0.021290286000294145,21.290286000294145
4728,0.018746538000414148,18.746538000414148
4729,0.021827004999067867,21.827004999067867
4730,0.02902326999901561,29.02326999901561
4731,0.02825165200192714,28.25165200192714
4732,0.020480413997574942,20.480413997574942
4733,0.022063484000682365,22.063484000682365
4734,0.029542284999479307,29.542284999479307
4735,0.026120626000192715,26.120626000192715
4736,0.02008109400048852,20.08109400048852
4737,0.02353263399709249,23.53263399709249
4738,0.026190669002971845,26.190669002971845
4739,0.0303556020007818,30.3556020007818
4740,0.02043765800044639,20.43765800044639
4741,0.022243604002142092,22.243604002142092
4742,0.04260218499985058,42.60218499985058
4743,0.022306053000647807,22.306053000647807
4744,0.019847302999551175,19.847302999551175
4745,0.0212824680020276,21.2824680020276
4746,0.03436596100073075,34.36596100073075
4747,0.022541891001310432,22.541891001310432
4748,0.019800091999059077,19.800091999059077
4749,0.02186789700135705,21.86789700135705
4750,0.033262304998061154,33.262304998061154
4751,0.022305575999780558,22.305575999780558
4752,0.021533373001147993,21.533373001147993
4753,0.022788992999267066,22.788992999267066
4754,0.03496870099843363,34.96870099843363
4755,0.023804696000297554,23.804696000297554
4756,0.019993816000351217,19.993816000351217
4757,0.021925082000961993,21.925082000961993
4758,0.023040248997858725,23.040248997858725
4759,0.033747517998563126,33.747517998563126
4760,0.021582087996648625,21.582087996648625
4761,0.022274724000453716,22.274724000453716
4762,0.02755922700089286,27.55922700089286
4763,0.027870780999364797,27.870780999364797
4764,0.020224808999046218,20.224808999046218
4765,0.021998184998665238,21.998184998665238
4766,0.028888999000628246,28.888999000628246
4767,0.022563899001397658,22.563899001397658
4768,0.03911334800068289,39.11334800068289
4769,0.025972154002374737,25.972154002374737
4770,0.04030925299957744,40.30925299957744
4771,0.023294288002944086,23.294288002944086
4772,0.02009434399951715,20.09434399951715
4773,0.02206304700303008,22.06304700303008
4774,0.026859236000746023,26.859236000746023
4775,0.02760206800303422,27.60206800303422
4776,0.020079617002920713,20.079617002920713
4777,0.021819225999934133,21.819225999934133
4778,0.03142416699847672,31.42416699847672
4779,0.028312862999882782,28.312862999882782
4780,0.02043209499970544,20.43209499970544
4781,0.02185354000175721,21.85354000175721
4782,0.02957015100037097,29.57015100037097
4783,0.026110333001270192,26.11033300127019
4784,0.020073571999091655,20.073571999091655
4785,0.02150513499873341,21.50513499873341
4786,0.03174693199980538,31.746931999805383
4787,0.026875310999457724,26.875310999457724
4788,0.019644312000309583,19.644312000309583
4789,0.021905567999056075,21.905567999056075
4790,0.031827538998186355,31.827538998186355
4791,0.0219403160008369,21.9403160008369
4792,0.020038999002281344,20.038999002281344
4793,0.022663794003165094,22.663794003165094
4794,0.032003514003008604,32.003514003008604
4795,0.028498474002844887,28.498474002844887
4796,0.020498841000517132,20.49884100051713
4797,0.02186133600116591,21.86133600116591
4798,0.031669832998886704,31.669832998886704
4799,0.02800490399749833,28.00490399749833
4800,0.021115423998708138,21.11542399870814
4801,0.021959615998639492,21.959615998639492
4802,0.02850179999950342,28.50179999950342
4803,0.026487734998227097,26.487734998227097
4804,0.019920368999009952,19.920368999009952
4805,0.022829805999208475,22.829805999208475
4806,0.03916130500147119,39.16130500147119
4807,0.023224831002153223,23.224831002153223
4808,0.020122003999858862,20.122003999858862
4809,0.02206007899803808,22.06007899803808
4810,0.028573436000442598,28.573436000442598
4811,0.021901623000303516,21.901623000303516
4812,0.020297704999393318,20.297704999393318
4813,0.022930693998205243,22.930693998205243
4814,0.03861316300026374,38.61316300026374
4815,0.03096539200123516,30.96539200123516
4816,0.020045646000653505,20.045646000653505
4817,0.022969010999077,22.969010999077
4818,0.038886809001269285,38.886809001269285
4819,0.021886765000090236,21.886765000090236
4820,0.019994063997728517,19.994063997728517
4821,0.022893841000040993,22.893841000040993
4822,0.040379287001997,40.379287001997
4823,0.023327776998485206,23.327776998485206
4824,0.020637720997910947,20.637720997910947
4825,0.022004619000654202,22.004619000654202
4826,0.02643668900054763,26.43668900054763
4827,0.030498567000904586,30.498567000904586
4828,0.020345561002613977,20.345561002613977
4829,0.02184422700156574,21.84422700156574
4830,0.02766192799754208,27.66192799754208
4831,0.026036179002403514,26.036179002403514
4832,0.020317823000368662,20.317823000368662
4833,0.022033066001313273,22.033066001313273
4834,0.03099142000064603,30.99142000064603
4835,0.028562914001668105,28.562914001668105
4836,0.020450972002436174,20.450972002436174
4837,0.02183408199925907,21.83408199925907
4838,0.02871284499997273,28.71284499997273
4839,0.027730533998692408,27.730533998692408
4840,0.020545195999147836,20.545195999147836
4841,0.022062437998101814,22.062437998101814
4842,0.03771669999696314,37.71669999696314
4843,0.02237851599784335,22.37851599784335
4844,0.019943578998208977,19.943578998208977
4845,0.022390281003026757,22.390281003026757
4846,0.026822898998943856,26.822898998943856
4847,0.02304748000096879,23.04748000096879
4848,0.02027830199949676,20.27830199949676
4849,0.02398927600006573,23.98927600006573
4850,0.028184095997858094,28.184095997858094
4851,0.02792320499793277,27.92320499793277
4852,0.020843932001298526,20.843932001298526
4853,0.022201506999408593,22.201506999408593
4854,0.028083159999368945,28.083159999368945
4855,0.027032476999011124,27.032476999011124
4856,0.020168792998447316,20.168792998447316
4857,0.022078912999859313,22.078912999859313
4858,0.028221426000527572,28.221426000527572
4859,0.022168897001392907,22.168897001392907
4860,0.020321315998444334,20.321315998444334
4861,0.022620068997639464,22.620068997639464
4862,0.03122278899900266,31.22278899900266
4863,0.028785028000129387,28.785028000129387
4864,0.020710800999950152,20.710800999950152
4865,0.021879850999539485,21.879850999539485
4866,0.02935843900195323,29.35843900195323
4867,0.025899929998558946,25.899929998558946
4868,0.020188833001157036,20.188833001157036
4869,0.021922782998444745,21.922782998444745
4870,0.027320680001139408,27.320680001139408
4871,0.022006183997291373,22.006183997291373
4872,0.02000595999925281,20.00595999925281
4873,0.05052313800115371,50.52313800115371
4874,0.04615961499803234,46.15961499803234
4875,0.02672567199988407,26.72567199988407
4876,0.02703111100345268,27.03111100345268
4877,0.022641220002697082,22.641220002697082
4878,0.034088188000168884,34.088188000168884
4879,0.028279010999540333,28.279010999540333
4880,0.02505544200175791,25.05544200175791
4881,0.026340101001551375,26.340101001551375
4882,0.04274125899974024,42.74125899974024
4883,0.022356699999363627,22.356699999363627
4884,0.020292260000132956,20.292260000132956
4885,0.02123572799973772,21.23572799973772
4886,0.027082438002253184,27.082438002253184
4887,0.021398035998572595,21.398035998572595
4888,0.021480177998455474,21.480177998455474
4889,0.021733128000050783,21.733128000050783
4890,0.03140325100321206,31.403251003212063
4891,0.03317571500156191,33.17571500156191
4892,0.02141396000297391,21.41396000297391
4893,0.02244008400157327,22.44008400157327
4894,0.03892240499772015,38.92240499772015
4895,0.022091566999733914,22.091566999733914
4896,0.01964401499935775,19.64401499935775
4897,0.02247845600140863,22.47845600140863
4898,0.033316326000203844,33.316326000203844
4899,0.023615142999915406,23.615142999915406
4900,0.02003133799735224,20.03133799735224
4901,0.021710902998165693,21.710902998165693
4902,0.033615196000027936,33.615196000027936
4903,0.02810892200068338,28.10892200068338
4904,0.021042168998974375,21.042168998974375
4905,0.021776729998236988,21.776729998236988
4906,0.029222670000308426,29.222670000308426
4907,0.026416396998683922,26.416396998683922
4908,0.020119787997828098,20.119787997828098
4909,0.021762234002380865,21.762234002380865
4910,0.03194103199712117,31.941031997121172
4911,0.023380324000754626,23.380324000754626
4912,0.020140030999755254,20.140030999755254
4913,0.021910506999120116,21.910506999120116
4914,0.03220055099882302,32.20055099882302
4915,0.025183141999150394,25.183141999150394
4916,0.020072760999028105,20.072760999028105
4917,0.021726081002270803,21.726081002270803
4918,0.033985432997724274,33.985432997724274
4919,0.028758566000760766,28.758566000760766
4920,0.020465928999328753,20.465928999328753
4921,0.021773045998997986,21.773045998997986
4922,0.04108916499899351,41.08916499899351
4923,0.022607065002375748,22.607065002375748
4924,0.020963083999959053,20.963083999959053
4925,0.021742676999565447,21.742676999565447
4926,0.030755498999496922,30.755498999496922
4927,0.030097815000772243,30.097815000772243
4928,0.02090708600007929,20.90708600007929
4929,0.0215004020028573,21.5004020028573
4930,0.03077912099979585,30.77912099979585
4931,0.027481754001200898,27.481754001200898
4932,0.020346500001323875,20.346500001323875
4933,0.021632709002005868,21.632709002005868
4934,0.025929617000656435,25.929617000656435
4935,0.029173226001148578,29.173226001148578
4936,0.020176335001451662,20.176335001451662
4937,0.021791549999761628,21.791549999761628
4938,0.036145899997791275,36.145899997791275
4939,0.022874135996971745,22.874135996971745
4940,0.02018502200007788,20.18502200007788
4941,0.034377809999568854,34.37780999956885
4942,0.04827657400164753,48.27657400164753
4943,0.023660101996938465,23.660101996938465
4944,0.021134999999048887,21.134999999048887
4945,0.0228411789976235,22.8411789976235
4946,0.03303750899794977,33.03750899794977
4947,0.027340714001184097,27.340714001184097
4948,0.020175573001324665,20.175573001324665
4949,0.021701499001210323,21.701499001210323
4950,0.027001834998372942,27.001834998372942
4951,0.021870098000363214,21.870098000363214
4952,0.0200988389988197,20.0988389988197
4953,0.021917715999734355,21.917715999734355
4954,0.02802169799906551,28.02169799906551
4955,0.03277431500100647,32.77431500100647
4956,0.020050487997650634,20.050487997650634
4957,0.0215379520013812,21.5379520013812
4958,0.032755478998296894,32.755478998296894
4959,0.027339298998413142,27.339298998413142
4960,0.020762088999617845,20.762088999617845
4961,0.02213527600179077,22.13527600179077
4962,0.027662735999911092,27.662735999911092
4963,0.028030027002387214,28.030027002387214
4964,0.02017616099692532,20.17616099692532
4965,0.021697331001632847,21.697331001632847
4966,0.024557841999921948,24.557841999921948
4967,0.03503906300102244,35.03906300102244
4968,0.021073719999549212,21.073719999549212
4969,0.022436432001995854,22.436432001995854
4970,0.03438042400011909,34.38042400011909
4971,0.022593928999413038,22.593928999413038
4972,0.0201035630016122,20.1035630016122
4973,0.021709148000809364,21.709148000809364
4974,0.031541667001874885,31.541667001874885
4975,0.02811330199983786,28.11330199983786
4976,0.020482369996898342,20.482369996898342
4977,0.021799031001137337,21.799031001137337
4978,0.03204705899770488,32.04705899770488
4979,0.02808420200017281,28.08420200017281
4980,0.021180776002438506,21.180776002438506
4981,0.022065325996663887,22.065325996663887
4982,0.029343525999138365,29.343525999138365
4983,0.02598813499935204,25.98813499935204
4984,0.02011062900055549,20.11062900055549
4985,0.021821510999870952,21.821510999870952
4986,0.030365947997779585,30.365947997779585
4987,0.022325097997963894,22.325097997963894
4988,0.02051040600053966,20.51040600053966
4989,0.02197576999969897,21.97576999969897
4990,0.04346325300139142,43.46325300139142
4991,0.021867274001124315,21.867274001124315
4992,0.019704981001268607,19.704981001268607
4993,0.02152472700254293,21.52472700254293
4994,0.029847280999092618,29.847280999092618
4995,0.027784498997789342,27.784498997789342
4996,0.020417516003362834,20.417516003362834
4997,0.021949467998638283,21.949467998638283
4998,0.03147047699894756,31.47047699894756
4999,0.026963131000229623,26.963131000229623
5000,0.02017406199956895,20.17406199956895
5001,0.021770330997242127,21.770330997242127
5002,0.031335518000560114,31.335518000560114
5003,0.022155016999022337,22.155016999022337
5004,0.020174542998574907,20.174542998574907
5005,0.021533114999328973,21.533114999328973
5006,0.03141849299936439,31.41849299936439
5007,0.02854531900084112,28.54531900084112
5008,0.021286130999214947,21.286130999214947
5009,0.02215397299733013,22.15397299733013
5010,0.032184970998059725,32.184970998059725
5011,0.027956633999565383,27.956633999565383
5012,0.020415261999005452,20.415261999005452
5013,0.021888463998038787,21.888463998038787
5014,0.030999362999864388,30.99936299986439
5015,0.02845612899909611,28.45612899909611
5016,0.020874773003015434,20.874773003015434
5017,0.021840678000444314,21.840678000444314
5018,0.03035038599773543,30.35038599773543
5019,0.027157159998751013,27.157159998751013
5020,0.020355638000182807,20.355638000182807
5021,0.02188192000176059,21.88192000176059
5022,0.03404573600346339,34.04573600346339
5023,0.02280206800060114,22.80206800060114
5024,0.022576383998966776,22.576383998966776
5025,0.021856366001884453,21.856366001884453
5026,0.028122637999331346,28.122637999331346
5027,0.02736602699951618,27.36602699951618
5028,0.02024684799835086,20.24684799835086
5029,0.0219134290018701,21.9134290018701
5030,0.028825558001699392,28.82555800169939
5031,0.027529790000698995,27.529790000698995
5032,0.020940844999131514,20.940844999131514
5033,0.021936321001703618,21.936321001703618
5034,0.02591108200067538,25.91108200067538
5035,0.030697187001351267,30.697187001351267
5036,0.020450756001082482,20.450756001082482
5037,0.022170192998601124,22.170192998601124
5038,0.027819807997730095,27.819807997730095
5039,0.022191162999661174,22.191162999661174
5040,0.019992737998109078,19.992737998109078
5041,0.021611440999549814,21.611440999549814
5042,0.029029568999249022,29.029568999249022
5043,0.02668794499913929,26.68794499913929
5044,0.02036155599853373,20.36155599853373
5045,0.023620405001565814,23.620405001565814
5046,0.040248270001029596,40.248270001029596
5047,0.02779031399768428,27.79031399768428
5048,0.020172084001387702,20.172084001387702
5049,0.021835378000105266,21.835378000105266
5050,0.03221536700220895,32.21536700220895
5051,0.02524420799818472,25.24420799818472
5052,0.020732354998472147,20.732354998472147
5053,0.02189348499814514,21.89348499814514
5054,0.02997919500194257,29.97919500194257
5055,0.02817596299792058,28.17596299792058
5056,0.020302659999288153,20.302659999288153
5057,0.021818405999511015,21.818405999511015
5058,0.031202529000438517,31.202529000438517
5059,0.10506018999876687,105.06018999876687
5060,0.08938266299810493,89.38266299810493
5061,0.028340652999759186,28.340652999759186
5062,0.03855760199803626,38.55760199803626
5063,0.021375129999796627,21.375129999796627
5064,0.01865177700165077,18.65177700165077
5065,0.020661242000642233,20.661242000642233
5066,0.028949225998076145,28.949225998076145
5067,0.025703081002575345,25.703081002575345
5068,0.019637032997707138,19.637032997707138
5069,0.02065627299816697,20.65627299816697
5070,0.02901474800091819,29.01474800091819
5071,0.02314190899778623,23.14190899778623
5072,0.019274139998742612,19.274139998742612
5073,0.020464512999751605,20.464512999751605
5074,0.03157013400050346,31.570134000503458
5075,0.02576187100203242,25.76187100203242
5076,0.019556301998818526,19.556301998818526
5077,0.0209841329997289,20.9841329997289
5078,0.03409454800203093,34.09454800203093
5079,0.021124651000718586,21.124651000718586
5080,0.018771061000734335,18.771061000734335
5081,0.02040197799942689,20.40197799942689
5082,0.03022861299905344,30.22861299905344
5083,0.02626795600008336,26.26795600008336
5084,0.018919176000053994,18.919176000053994
5085,0.02056132500001695,20.56132500001695
5086,0.03413351000199327,34.13351000199327
5087,0.021066512999823317,21.066512999823317
5088,0.02270363199932035,22.70363199932035
5089,0.020499236998148263,20.499236998148263
5090,0.033463753999967594,33.463753999967594
5091,0.027782428998762043,27.782428998762043
5092,0.01930261500092456,19.30261500092456
5093,0.020566311999573372,20.566311999573372
5094,0.026577591001114342,26.577591001114342
5095,0.030620387002272764,30.620387002272764
5096,0.019234726001741365,19.234726001741365
5097,0.02078577200154541,20.78577200154541
5098,0.041722346999449655,41.722346999449655
5099,0.021475789999385597,21.475789999385597
5100,0.018934249001176795,18.934249001176795
5101,0.020064401000126963,20.064401000126963
5102,0.031077306000952376,31.077306000952376
5103,0.0265619970014086,26.5619970014086
5104,0.019060922997596208,19.060922997596208
5105,0.02083187700191047,20.83187700191047
5106,0.032472317998326616,32.472317998326616
5107,0.021386181000707438,21.386181000707438
5108,0.018795804000546923,18.795804000546923
5109,0.0204177380001056,20.4177380001056
5110,0.03065444300227682,30.65444300227682
5111,0.0258710849993804,25.8710849993804
5112,0.018935773998236982,18.935773998236982
5113,0.036920876998919994,36.920876998919994
5114,0.04864729099790566,48.64729099790566
5115,0.020999436001147842,20.999436001147842
5116,0.01868500800264883,18.68500800264883
5117,0.021228549001534702,21.228549001534702
5118,0.03333842299980461,33.33842299980461
5119,0.02056740799889667,20.56740799889667
5120,0.018797938002535375,18.797938002535375
5121,0.02029486599712982,20.29486599712982
5122,0.030370881999260746,30.370881999260746
5123,0.026477356001123553,26.477356001123553
5124,0.019140204996801913,19.140204996801913
5125,0.02043285699983244,20.43285699983244
5126,0.03765035299875308,37.65035299875308
5127,0.020938173998729326,20.938173998729326
5128,0.018737704001978273,18.737704001978273
5129,0.02046008199977223,20.46008199977223
5130,0.03344147099778638,33.44147099778638
5131,0.027328832002240233,27.328832002240233
5132,0.01957757900163415,19.57757900163415
5133,0.021134465998329688,21.134465998329688
5134,0.0335810130018217,33.5810130018217
5135,0.021326319998479448,21.32631999847945
5136,0.018674315000680508,18.674315000680508
5137,0.020624150001822272,20.624150001822272
5138,0.03276890300185187,32.76890300185187
5139,0.027908560001378646,27.908560001378646
5140,0.019303855999169173,19.303855999169173
5141,0.020753433000209043,20.753433000209043
5142,0.03415367599882302,34.15367599882302
5143,0.02082944699941436,20.82944699941436
5144,0.01879616000223905,18.79616000223905
5145,0.020391961999848718,20.391961999848718
5146,0.037850536002224544,37.850536002224544
5147,0.022754101002647076,22.754101002647076
5148,0.019463369997538393,19.463369997538393
5149,0.021947364999505226,21.947364999505226
5150,0.03236313500019605,32.36313500019605
5151,0.029644717997143744,29.644717997143744
5152,0.020258851000107825,20.258851000107825
5153,0.022728493000613526,22.728493000613526
5154,0.033792939997510985,33.792939997510985
5155,0.028662281001743395,28.662281001743395
5156,0.020002732999273576,20.002732999273576
5157,0.02163303500128677,21.63303500128677
5158,0.0348909280000953,34.8909280000953
5159,0.02784312799849431,27.84312799849431
5160,0.01987740800177562,19.87740800177562
5161,0.02144700099961483,21.44700099961483
5162,0.034898850000899984,34.898850000899984
5163,0.027909747997910017,27.909747997910017
5164,0.01982835799935856,19.82835799935856
5165,0.0217212509996898,21.7212509996898
5166,0.032850447998498566,32.85044799849857
5167,0.028656029000558192,28.656029000558192
5168,0.020288481999159558,20.288481999159558
5169,0.021879932002775604,21.879932002775604
5170,0.03209640799832414,32.09640799832414
5171,0.02800313300031121,28.00313300031121
5172,0.02025442499871133,20.25442499871133
5173,0.02188700499755214,21.88700499755214
5174,0.025781831001950195,25.781831001950195
5175,0.030688886999996612,30.688886999996612
5176,0.020181332001811825,20.181332001811825
5177,0.02196921399809071,21.96921399809071
5178,0.02676431399959256,26.76431399959256
5179,0.026966985999024473,26.966985999024473
5180,0.02037167100206716,20.37167100206716
5181,0.021629168000799837,21.629168000799837
5182,0.03438096800164203,34.38096800164203
5183,0.026687050001783064,26.687050001783064
5184,0.018994383000972448,18.994383000972448
5185,0.02080022799782455,20.80022799782455
5186,0.02595711700269021,25.95711700269021
5187,0.030270594998000888,30.270594998000888
5188,0.019055796998145524,19.055796998145524
5189,0.021228421999694547,21.228421999694547
5190,0.035258400999737205,35.258400999737205
5191,0.022477118000097107,22.477118000097107
5192,0.023093110001354944,23.093110001354944
5193,0.020009359999676235,20.009359999676235
5194,0.03446203200292075,34.46203200292075
5195,0.026796723999723326,26.796723999723326
5196,0.01896511200175155,18.96511200175155
5197,0.020733451001433423,20.733451001433423
5198,0.026818918002391,26.818918002391
5199,0.02651531399897067,26.51531399897067
5200,0.0190552280000702,19.0552280000702
5201,0.020294417001423426,20.294417001423426
5202,0.03772055900117266,37.72055900117266
5203,0.021217303001321852,21.217303001321852
5204,0.01869558599719312,18.69558599719312
5205,0.020349315000203205,20.349315000203205
5206,0.030841984000289813,30.841984000289813
5207,0.025099922997469548,25.099922997469548
5208,0.018802202001097612,18.802202001097612
5209,0.02026689800186432,20.26689800186432
5210,0.03352976599853719,33.52976599853719
5211,0.0214456230023643,21.4456230023643
5212,0.018785599000693765,18.785599000693765
5213,0.020433560999663314,20.433560999663314
5214,0.02950139099993976,29.50139099993976
5215,0.025795376001042314,25.795376001042314
5216,0.018960478002554737,18.960478002554737
5217,0.02123252300225431,21.23252300225431
5218,0.03339161999974749,33.39161999974749
5219,0.02109141600158182,21.09141600158182
5220,0.021018614002969116,21.018614002969116
5221,0.028146818000095664,28.146818000095664
5222,0.06844732800163911,68.44732800163911
5223,0.025022459001775132,25.022459001775132
5224,0.02836112899967702,28.36112899967702
5225,0.02860691300156759,28.60691300156759
5226,0.042563687999063404,42.563687999063404
5227,0.020931263999955263,20.931263999955263
5228,0.018646368000190705,18.646368000190705
5229,0.02018675399813219,20.18675399813219
5230,0.035420529999100836,35.420529999100836
5231,0.032708357997762505,32.708357997762505
5232,0.027098967002530117,27.098967002530117
5233,0.0240645769990806,24.0645769990806
5234,0.02769472699947073,27.69472699947073
5235,0.03415786100231344,34.15786100231344
5236,0.022191980999195948,22.19198099919595
5237,0.02402704600172001,24.02704600172001
5238,0.03216876399892499,32.16876399892499
5239,0.02915790699989884,29.15790699989884
5240,0.020475022996834014,20.475022996834014
5241,0.02190394799981732,21.90394799981732
5242,0.029750312998658046,29.750312998658046
5243,0.02902704299776815,29.02704299776815
5244,0.02105064499846776,21.05064499846776
5245,0.02210033499795827,22.10033499795827
5246,0.033334433999698376,33.334433999698376
5247,0.028084672001568833,28.084672001568833
5248,0.020341370000096504,20.341370000096504
5249,0.02181926699995529,21.81926699995529
5250,0.028316075000475394,28.316075000475394
5251,0.02697708100095042,26.97708100095042
5252,0.020148077001067577,20.148077001067577
5253,0.02169310499812127,21.69310499812127
5254,0.03076091800176073,30.76091800176073
5255,0.022126107000076445,22.126107000076445
5256,0.020162728000286734,20.162728000286734
5257,0.02310540400139871,23.10540400139871
5258,0.03287767100118799,32.87767100118799
5259,0.02561622099892702,25.61622099892702
5260,0.020211571998515865,20.211571998515865
5261,0.021902489999774843,21.902489999774843
5262,0.03158524600075907,31.58524600075907
5263,0.028189375003421446,28.189375003421446
5264,0.02038557900232263,20.38557900232263
5265,0.0218031170006725,21.8031170006725
5266,0.029141221999452682,29.141221999452682
5267,0.026247963000059826,26.247963000059826
5268,0.020186752000881825,20.186752000881825
5269,0.021827280997968046,21.827280997968046
5270,0.02856733899898245,28.56733899898245
5271,0.022535341999173397,22.535341999173397
5272,0.020100757999898633,20.100757999898633
5273,0.02182151500164764,21.82151500164764
5274,0.027838827998493798,27.838827998493798
5275,0.02963450099923648,29.63450099923648
5276,0.02022776400190196,20.22776400190196
5277,0.021874234997085296,21.874234997085296
5278,0.025687770001241006,25.687770001241006
5279,0.031239200001436984,31.239200001436984
5280,0.020443867000722094,20.443867000722094
5281,0.02203817400004482,22.03817400004482
5282,0.02743927700066706,27.43927700066706
5283,0.022839220997411758,22.839220997411758
5284,0.020002893998025684,20.002893998025684
5285,0.02167459599877475,21.67459599877475
5286,0.030843368000205373,30.843368000205373
5287,0.028007610999338794,28.007610999338794
5288,0.03846757499923115,38.46757499923115
5289,0.025599675998819293,25.599675998819293
5290,0.032934365000983234,32.934365000983234
5291,0.02846094299820834,28.46094299820834
5292,0.02240755800085026,22.40755800085026
5293,0.021256543997878907,21.256543997878907
5294,0.030533507000654936,30.533507000654936
5295,0.02782640399891534,27.82640399891534
5296,0.020420781002030708,20.420781002030708
5297,0.021889777002797928,21.889777002797928
5298,0.029001369002799038,29.001369002799038
5299,0.026864094001211924,26.864094001211924
5300,0.020253276998118963,20.253276998118963
5301,0.021135455997864483,21.135455997864483
5302,0.026623158999427687,26.623158999427687
5303,0.02464059699923382,24.64059699923382
5304,0.02000597500227741,20.00597500227741
5305,0.021513028001209022,21.513028001209022
5306,0.029825354999047704,29.825354999047704
5307,0.025857867000013357,25.857867000013357
5308,0.020208398000249872,20.208398000249872
5309,0.02155267200214439,21.55267200214439
5310,0.031143070002144668,31.14307000214467
5311,0.02218529699894134,22.18529699894134
5312,0.01984891300162417,19.84891300162417
5313,0.02170942299926537,21.70942299926537
5314,0.0304432929988252,30.4432929988252
5315,0.02748778999739443,27.48778999739443
5316,0.020269847998861223,20.269847998861223
5317,0.021777391000796342,21.777391000796342
5318,0.02958449300058419,29.58449300058419
5319,0.026736899999377783,26.736899999377783
5320,0.02053185700060567,20.53185700060567
5321,0.0220646259986097,22.0646259986097
5322,0.02938087900110986,29.38087900110986
5323,0.021975843999825884,21.975843999825884
5324,0.01988503699976718,19.88503699976718
5325,0.021801782000693493,21.801782000693493
5326,0.029901789002906298,29.9017890029063
5327,0.028251249001186807,28.251249001186807
5328,0.02100362299825065,21.00362299825065
5329,0.02162339099959354,21.62339099959354
5330,0.03140731399980723,31.40731399980723
5331,0.026239097998768557,26.239097998768557
5332,0.020083097002498107,20.083097002498107
5333,0.021554843999183504,21.554843999183504
5334,0.03855910499987658,38.55910499987658
5335,0.02224522500182502,22.24522500182502
5336,0.01984859399817651,19.84859399817651
5337,0.0216738479975902,21.6738479975902
5338,0.03865406299883034,38.65406299883034
5339,0.021785871998872608,21.785871998872608
5340,0.019758726997679332,19.758726997679332
5341,0.022078764999605482,22.078764999605482
5342,0.0323338580019481,32.3338580019481
5343,0.02371618599863723,23.71618599863723
5344,0.019807611999567598,19.807611999567598
5345,0.021815858999616466,21.815858999616466
5346,0.030225670998333953,30.225670998333953
5347,0.028547803998662857,28.547803998662857
5348,0.02026603899867041,20.26603899867041
5349,0.021640803999616764,21.640803999616764
5350,0.030786269999225624,30.786269999225624
5351,0.02205589399818564,22.05589399818564
5352,0.020233292001648806,20.233292001648806
5353,0.0217098419998365,21.7098419998365
5354,0.031007769001007546,31.007769001007546
5355,0.02764675200160127,27.64675200160127
5356,0.02025194900124916,20.25194900124916
5357,0.022007092000421835,22.007092000421835
5358,0.02904992699768627,29.04992699768627
5359,0.02629804400203284,26.29804400203284
5360,0.02016197800185182,20.16197800185182
5361,0.021890418000111822,21.890418000111822
5362,0.036078323999390705,36.078323999390705
5363,0.021948654000880197,21.948654000880197
5364,0.020458062001125654,20.458062001125654
5365,0.021820877998834476,21.820877998834476
5366,0.031628226999600884,31.628226999600884
5367,0.02396631199735566,23.96631199735566
5368,0.020004293997772038,20.004293997772038
5369,0.02190644800066366,21.90644800066366
5370,0.028204345999256475,28.204345999256475
5371,0.025576986001397017,25.576986001397017
5372,0.02008428100089077,20.08428100089077
5373,0.021868431998882443,21.868431998882443
5374,0.03756437400079449,37.56437400079449
5375,0.02286816899868427,22.86816899868427
5376,0.019944054998632055,19.944054998632055
5377,0.02183202999731293,21.83202999731293
5378,0.03742793899800745,37.42793899800745
5379,0.0217079920003016,21.7079920003016
5380,0.02000724000026821,20.00724000026821
5381,0.02233744900149759,22.33744900149759
5382,0.03371640499972273,33.71640499972273
5383,0.02316676800182904,23.16676800182904
5384,0.02030731600098079,20.30731600098079
5385,0.02187674200104084,21.87674200104084
5386,0.03288225500000408,32.88225500000408
5387,0.028503773999545956,28.503773999545956
5388,0.020532288999675075,20.532288999675075
5389,0.021807609002280515,21.807609002280515
5390,0.028456175001338124,28.456175001338124
5391,0.025357868998980848,25.357868998980848
5392,0.0201055620018451,20.1055620018451
5393,0.02172282500032452,21.72282500032452
5394,0.04164601399679668,41.64601399679668
5395,0.028240774998266716,28.240774998266716
5396,0.020781923001777614,20.781923001777614
5397,0.0217630619990814,21.7630619990814
5398,0.033095080998464255,33.095080998464255
5399,0.025417050001124153,25.417050001124153
5400,0.020035550998727558,20.035550998727558
5401,0.021773988999484573,21.773988999484573
5402,0.027854621002916247,27.854621002916247
5403,0.028031182002450805,28.031182002450805
5404,0.020323093001934467,20.323093001934467
5405,0.0218123779995949,21.8123779995949
5406,0.03303327499816078,33.03327499816078
5407,0.02189703000112786,21.89703000112786
5408,0.021762157000921434,21.762157000921434
5409,0.0332950840020203,33.2950840020203
5410,0.03582917000312591,35.82917000312591
5411,0.022459945997979958,22.459945997979958
5412,0.023075575998518616,23.075575998518616
5413,0.02493402099935338,24.93402099935338
5414,0.0406218110001646,40.6218110001646
5415,0.022440222001023358,22.440222001023358
5416,0.02034848699986469,20.34848699986469
5417,0.02149801199993817,21.49801199993817
5418,0.039454970999941,39.454970999941
5419,0.022030290001566755,22.030290001566755
5420,0.01993746000152896,19.93746000152896
5421,0.02176268000039272,21.76268000039272
5422,0.03218788300000597,32.18788300000597
5423,0.023871370998676866,23.871370998676866
5424,0.02018971299912664,20.18971299912664
5425,0.02180968600077904,21.80968600077904
5426,0.03251484199790866,32.51484199790866
5427,0.028198913001688197,28.198913001688197
5428,0.020427511000889353,20.427511000889353
5429,0.02178382100100862,21.78382100100862
5430,0.037919294998573605,37.919294998573605
