image_index,forward_latency_seconds,forward_latency_ms
0,0.027610460999994757,27.610460999994757
1,0.034204534000082276,34.204534000082276
2,0.021696646999998848,21.696646999998848
3,0.022169264000012845,22.169264000012845
4,0.030068997000057607,30.068997000057607
5,0.02750757399996928,27.50757399996928
6,0.021780748000082895,21.780748000082895
7,0.021909253999979228,21.909253999979228
8,0.028490317000091636,28.490317000091636
9,0.03173065700002553,31.73065700002553
10,0.02199931299992386,21.99931299992386
11,0.022263844999997673,22.263844999997673
12,0.028570722000040405,28.570722000040405
13,0.02770102199997382,27.70102199997382
14,0.0220506819999855,22.0506819999855
15,0.021743925000009767,21.743925000009767
16,0.025316204000091602,25.316204000091602
17,0.03138640400004533,31.38640400004533
18,0.021688465000011092,21.688465000011092
19,0.02201964500000031,22.01964500000031
20,0.026159600999903887,26.159600999903887
21,0.03235299400000713,32.35299400000713
22,0.022107969000103367,22.107969000103367
23,0.02195559899996624,21.95559899996624
24,0.024173489999952835,24.173489999952835
25,0.03566438999996535,35.66438999996535
26,0.024131581000006008,24.13158100000601
27,0.02361748600003466,23.61748600003466
28,0.0328192309999622,32.8192309999622
29,0.02819969399990896,28.19969399990896
30,0.021901114000002053,21.901114000002053
31,0.02212771500001054,22.12771500001054
32,0.032930122000038864,32.930122000038864
33,0.023345301000063046,23.345301000063046
34,0.0223852240000042,22.3852240000042
35,0.021884527999986858,21.884527999986858
36,0.02634824500000832,26.34824500000832
37,0.027313891999938278,27.313891999938278
38,0.02192136099995423,21.92136099995423
39,0.02236578899999131,22.36578899999131
40,0.029310227999985727,29.310227999985727
41,0.028263485000024957,28.263485000024957
42,0.021941925999954037,21.941925999954037
43,0.021918545999938033,21.918545999938033
44,0.02819840099994053,28.19840099994053
45,0.030346271999974306,30.346271999974306
46,0.022357076000048437,22.357076000048437
47,0.02200590900008592,22.00590900008592
48,0.033393294999996215,33.393294999996215
49,0.02826586200001202,28.26586200001202
50,0.021931913000003078,21.931913000003078
51,0.0221038930000077,22.1038930000077
52,0.03429526499996882,34.29526499996882
53,0.023717344000033336,23.717344000033336
54,0.021610023000107503,21.610023000107503
55,0.022083973999997397,22.083973999997397
56,0.03935337799998706,39.35337799998706
57,0.022970936999968217,22.970936999968217
58,0.02179754300004788,21.79754300004788
59,0.022003068999993047,22.003068999993047
60,0.040441837000003034,40.441837000003034
61,0.023768738999933703,23.768738999933703
62,0.02175376899992898,21.75376899992898
63,0.021904479999989235,21.904479999989235
64,0.026274996999973155,26.274996999973155
65,0.030679045999931986,30.679045999931986
66,0.02174667799999952,21.74667799999952
67,0.021946738999986337,21.946738999986337
68,0.025385918999973,25.385918999973
69,0.03278746900002716,32.78746900002716
70,0.021841248999976415,21.841248999976415
71,0.02211487700003545,22.11487700003545
72,0.02636198699997294,26.36198699997294
73,0.0255383509999092,25.5383509999092
74,0.022119067000062387,22.119067000062387
75,0.022155982000072072,22.155982000072072
76,0.028417826999998397,28.417826999998397
77,0.028104983000048378,28.104983000048378
78,0.022145235000039065,22.145235000039065
79,0.02310303500007649,23.10303500007649
80,0.033554996000020765,33.554996000020765
81,0.027795739999987745,27.795739999987745
82,0.021904560000052697,21.904560000052697
83,0.021692998000048647,21.692998000048647
84,0.028273684000055255,28.273684000055255
85,0.02881862499998533,28.81862499998533
86,0.021915583000009065,21.915583000009065
87,0.021939984000027835,21.939984000027835
88,0.02521926800000074,25.21926800000074
89,0.03062575800004197,30.62575800004197
90,0.021986902000094233,21.986902000094233
91,0.022158675000014227,22.158675000014227
92,0.026131977999966693,26.131977999966693
93,0.03061373499997444,30.61373499997444
94,0.024030104999951618,24.030104999951618
95,0.023678826999912417,23.678826999912417
96,0.03654429400000936,36.54429400000936
97,0.02760239500003081,27.60239500003081
98,0.02225593600007869,22.25593600007869
99,0.021827895999990687,21.827895999990687
100,0.028192139999987376,28.192139999987376
101,0.028759521999973003,28.759521999973003
102,0.02197079500001564,21.97079500001564
103,0.021962820999988253,21.962820999988253
104,0.025866546999964157,25.866546999964157
105,0.030678638000040337,30.678638000040337
106,0.02196057200001178,21.96057200001178
107,0.022278797000012673,22.278797000012673
108,0.025544096000089667,25.544096000089667
109,0.033617753000044104,33.617753000044104
110,0.021842332000005626,21.842332000005626
111,0.022125920999997106,22.125920999997106
112,0.026630706999981157,26.630706999981157
113,0.02807906099997126,28.07906099997126
114,0.021924043000012716,21.924043000012716
115,0.02273456199998236,22.73456199998236
116,0.02959977800003344,29.59977800003344
117,0.027883468999903016,27.883468999903016
118,0.02165631699995174,21.65631699995174
119,0.022048025999993115,22.048025999993115
120,0.028357433999985915,28.357433999985915
121,0.028465143999937936,28.465143999937936
122,0.021994403999997303,21.994403999997303
123,0.02207268600000134,22.07268600000134
124,0.025260785000000396,25.260785000000396
125,0.03145275800000036,31.452758000000358
126,0.0219755929999792,21.9755929999792
127,0.02187248500001715,21.87248500001715
128,0.024987194999994244,24.987194999994244
129,0.03498250199993436,34.98250199993436
130,0.02185281300000952,21.85281300000952
131,0.021813978999944084,21.813978999944084
132,0.027032658000052834,27.032658000052834
133,0.02589637300002323,25.89637300002323
134,0.02171874900000148,21.71874900000148
135,0.0218451199999663,21.8451199999663
136,0.03089251799997328,30.89251799997328
137,0.02807127699998091,28.07127699998091
138,0.021415926000031504,21.415926000031504
139,0.022231852000004437,22.231852000004437
140,0.042278342000031444,42.278342000031444
141,0.023263191999944866,23.263191999944866
142,0.021832242999948903,21.832242999948903
143,0.022106806000010693,22.106806000010693
144,0.03169160099992041,31.69160099992041
145,0.02295221200006381,22.95221200006381
146,0.022218836999968516,22.218836999968516
147,0.022472609000033117,22.472609000033117
148,0.02611761100001786,26.11761100001786
149,0.030134948000068107,30.134948000068107
150,0.030823146999978235,30.823146999978235
151,0.024008804999994027,24.008804999994027
152,0.026753058999929635,26.753058999929635
153,0.031186656000045332,31.186656000045332
154,0.023070383000003858,23.070383000003858
155,0.02311527900008059,23.11527900008059
156,0.12309350300006372,123.09350300006372
157,0.023597969999968882,23.597969999968882
158,0.023189668999975765,23.189668999975765
159,0.023662243999979182,23.662243999979182
160,0.0319834350000292,31.983435000029203
161,0.025129801000048246,25.129801000048246
162,0.023401085999921634,23.401085999921634
163,0.023230646000001798,23.230646000001798
164,0.028355105000059666,28.355105000059666
165,0.02493441800004348,24.93441800004348
166,0.02345587499996782,23.45587499996782
167,0.02367993600000773,23.67993600000773
168,0.029134665000015048,29.134665000015048
169,0.02788844099995913,27.88844099995913
170,0.023482445000013286,23.482445000013286
171,0.023522963999994317,23.522963999994317
172,0.028933110000025408,28.93311000002541
173,0.024530449000053522,24.530449000053522
174,0.023641308999913235,23.641308999913235
175,0.023703296999997292,23.703296999997292
176,0.028879648000042835,28.879648000042835
177,0.029646675000094547,29.646675000094547
178,0.02351431300007789,23.51431300007789
179,0.023096928000086336,23.096928000086336
180,0.02642185000001973,26.42185000001973
181,0.03290056299999833,32.90056299999833
182,0.023551813000040056,23.551813000040056
183,0.023862399999984518,23.862399999984518
184,0.03171229600002334,31.712296000023343
185,0.029098701000066285,29.098701000066285
186,0.02395689900004072,23.95689900004072
187,0.02374978199998168,23.74978199998168
188,0.0357324049999761,35.7324049999761
189,0.02464571200005139,24.64571200005139
190,0.023158124000019598,23.158124000019598
191,0.023687451000000692,23.687451000000692
192,0.026272466000023087,26.272466000023087
193,0.03396048299998711,33.96048299998711
194,0.023670765000019856,23.670765000019856
195,0.0234923880000224,23.4923880000224
196,0.034718664000024546,34.718664000024546
197,0.028349500999979682,28.349500999979682
198,0.02274948299998414,22.74948299998414
199,0.023120349999999235,23.120349999999235
200,0.03776101599999038,37.76101599999038
201,0.02484929000002012,24.84929000002012
202,0.0238864250000006,23.8864250000006
203,0.02359031399998912,23.59031399998912
204,0.03513094300001285,35.13094300001285
205,0.030187156000010873,30.187156000010873
206,0.023425596999913978,23.425596999913978
207,0.023463377999974,23.463377999974
208,0.04169464999995398,41.69464999995398
209,0.025041796999971666,25.041796999971666
210,0.031009623000045394,31.009623000045394
211,0.024155949000032706,24.155949000032706
212,0.047117395999976,47.117395999976
213,0.026199638999969466,26.199638999969466
214,0.026824153000006845,26.824153000006845
215,0.02422492300001977,24.22492300001977
216,0.034846364000031826,34.846364000031826
217,0.03195789500000501,31.95789500000501
218,0.03237370599993028,32.37370599993028
219,0.030086887000038587,30.086887000038587
220,0.05346254599999156,53.46254599999156
221,0.02225505899991731,22.25505899991731
222,0.021419698000045173,21.419698000045173
223,0.031182896000018445,31.182896000018445
224,0.028165719000071476,28.165719000071476
225,0.021868406999942636,21.868406999942636
226,0.02076468899997508,20.76468899997508
227,0.03214841999999862,32.14841999999862
228,0.028508358999943084,28.508358999943084
229,0.02256707499998356,22.56707499998356
230,0.021320615000036014,21.320615000036014
231,0.031479891999993015,31.479891999993015
232,0.028324708000013743,28.324708000013743
233,0.023038575999976274,23.038575999976274
234,0.020822999999950298,20.822999999950298
235,0.031099156999971456,31.099156999971456
236,0.028224906999980703,28.224906999980703
237,0.021682903999931114,21.682903999931114
238,0.021047408999947947,21.047408999947947
239,0.035095892000072126,35.095892000072126
240,0.022656837999988966,22.656837999988966
241,0.02276895299996795,22.76895299996795
242,0.021700099999975464,21.700099999975464
243,0.027202908999925057,27.202908999925057
244,0.03693778299998485,36.93778299998485
245,0.022539268999935302,22.539268999935302
246,0.021192831000007573,21.192831000007573
247,0.030623127000012573,30.623127000012573
248,0.02873523400000977,28.73523400000977
249,0.022604274999935114,22.604274999935114
250,0.02272884600006364,22.72884600006364
251,0.03130463900004088,31.30463900004088
252,0.027857950999987224,27.857950999987224
253,0.021762383000009322,21.762383000009322
254,0.020927333000031467,20.927333000031467
255,0.02781096899991553,27.81096899991553
256,0.0300053299999945,30.0053299999945
257,0.024096309999890764,24.096309999890764
258,0.03234912900006748,32.34912900006748
259,0.04817262299991398,48.17262299991398
260,0.02315703300007499,23.15703300007499
261,0.02260465100005149,22.60465100005149
262,0.02110192800000732,21.10192800000732
263,0.034953330000007554,34.953330000007554
264,0.02316979599993374,23.16979599993374
265,0.021842948999960754,21.842948999960754
266,0.021157047999963652,21.157047999963652
267,0.03368107500000406,33.68107500000406
268,0.024947042999997393,24.947042999997393
269,0.022153344000003017,22.153344000003017
270,0.0216331540000283,21.6331540000283
271,0.03474233800000093,34.74233800000093
272,0.02844852400005493,28.44852400005493
273,0.022828990999983034,22.828990999983034
274,0.021284055000023727,21.284055000023727
275,0.03870045500002561,38.70045500002561
276,0.02292537099992842,22.92537099992842
277,0.022825380999961453,22.825380999961453
278,0.02188018499998634,21.88018499998634
279,0.029688018000001648,29.688018000001648
280,0.021867802999963715,21.867802999963715
281,0.02206504200000836,22.06504200000836
282,0.021844826999995348,21.844826999995348
283,0.02380834500002038,23.80834500002038
284,0.03405152799996358,34.05152799996358
285,0.023093542999959027,23.093542999959027
286,0.021584743999937928,21.584743999937928
287,0.033006361999923683,33.00636199992368
288,0.028430902000081915,28.430902000081915
289,0.022206443999948533,22.206443999948533
290,0.021267475999934504,21.267475999934504
291,0.033698555999990276,33.698555999990276
292,0.02791972900001838,27.91972900001838
293,0.022045562000016616,22.045562000016616
294,0.020613366000020505,20.613366000020505
295,0.045695261999981085,45.695261999981085
296,0.022392373999991833,22.392373999991833
297,0.02158311899995624,21.58311899995624
298,0.020684765999931187,20.684765999931187
299,0.033597071000031065,33.597071000031065
300,0.023348774000055528,23.348774000055528
301,0.022798290999958226,22.798290999958226
302,0.023200306000035198,23.200306000035198
303,0.03885681899998872,38.85681899998872
304,0.02329676500005462,23.29676500005462
305,0.026733524999940528,26.733524999940528
306,0.021128212000007807,21.128212000007807
307,0.0275304670000196,27.5304670000196
308,0.030162350999944465,30.162350999944465
309,0.02192557199998646,21.92557199998646
310,0.03007626800001617,30.07626800001617
311,0.03420888499999819,34.20888499999819
312,0.027953506000017114,27.953506000017114
313,0.02269456099998024,22.69456099998024
314,0.021291989000019385,21.291989000019385
315,0.03466799099999207,34.66799099999207
316,0.023160516999951142,23.16051699995114
317,0.02288640899996608,22.88640899996608
318,0.021451717999980247,21.451717999980247
319,0.034566885999993247,34.56688599999325
320,0.02322299499996916,23.22299499996916
321,0.022186592000025485,22.186592000025485
322,0.021511962999966272,21.511962999966272
323,0.032814669999993384,32.814669999993384
324,0.026787663000050088,26.787663000050088
325,0.02172774500002106,21.72774500002106
326,0.021323866999978236,21.323866999978236
327,0.035535542000047826,35.535542000047826
328,0.02555095100001381,25.55095100001381
329,0.022814756999991914,22.814756999991914
330,0.02120957499994347,21.20957499994347
331,0.033383545999981834,33.383545999981834
332,0.02792039799999202,27.92039799999202
333,0.022717206999914197,22.717206999914197
334,0.02128853400006392,21.28853400006392
335,0.033527766000020165,33.527766000020165
336,0.02823021099993639,28.23021099993639
337,0.02219865500001106,22.19865500001106
338,0.023614590999955,23.614590999955
339,0.035909262000018316,35.909262000018316
340,0.0231137729999773,23.1137729999773
341,0.022289583999963725,22.289583999963725
342,0.02132121600004666,21.32121600004666
343,0.03421031700008825,34.21031700008825
344,0.022972042999981568,22.972042999981568
345,0.022502147000068362,22.502147000068362
346,0.021603636999998344,21.603636999998344
347,0.032938822999994954,32.938822999994954
348,0.027411540999992212,27.411540999992212
349,0.02169454800002768,21.69454800002768
350,0.02093964200003029,20.93964200003029
351,0.03315091399997527,33.15091399997527
352,0.027824627999962104,27.824627999962104
353,0.021612087999983487,21.612087999983487
354,0.02117013899999165,21.17013899999165
355,0.03337866499998654,33.37866499998654
356,0.027808577999962836,27.808577999962836
357,0.022449279999932514,22.449279999932514
358,0.021236598999962553,21.236598999962553
359,0.03339773199991214,33.39773199991214
360,0.028591871000003266,28.591871000003266
361,0.025132645999974557,25.132645999974557
362,0.028989787000000433,28.989787000000433
363,0.05015438299994912,50.15438299994912
364,0.023626575999969646,23.626575999969646
365,0.021665979999966112,21.665979999966112
366,0.020725772999981018,20.725772999981018
367,0.030608636000010847,30.608636000010847
368,0.023549746999947274,23.549746999947274
369,0.022294007000027705,22.294007000027705
370,0.0213789969999425,21.3789969999425
371,0.03490523799996481,34.90523799996481
372,0.0230028549999588,23.0028549999588
373,0.022459788999981356,22.459788999981356
374,0.021277419999933045,21.277419999933045
375,0.03265272300006927,32.65272300006927
376,0.02742239199994856,27.42239199994856
377,0.022356265000098574,22.356265000098574
378,0.020652906000009352,20.652906000009352
379,0.033232366000106595,33.232366000106595
380,0.027918096999997033,27.918096999997033
381,0.02190430899997864,21.90430899997864
382,0.02166208699998151,21.66208699998151
383,0.0334608240000307,33.4608240000307
384,0.0291095420000147,29.1095420000147
385,0.022453809999888108,22.453809999888108
386,0.021795087999976204,21.795087999976204
387,0.03426038400004927,34.26038400004927
388,0.02370867900003759,23.70867900003759
389,0.021814028999983748,21.814028999983748
390,0.02066834699996889,20.66834699996889
391,0.03289053200001035,32.89053200001035
392,0.028233333000002858,28.233333000002858
393,0.02186880099998234,21.86880099998234
394,0.020756667999989986,20.756667999989986
395,0.0321240470000248,32.1240470000248
396,0.028311037999969813,28.311037999969813
397,0.022776423999971485,22.776423999971485
398,0.021497515000078238,21.497515000078238
399,0.0340189560000681,34.0189560000681
400,0.028126688000043032,28.126688000043032
401,0.02272158200003105,22.72158200003105
402,0.021413170999949216,21.413170999949216
403,0.033307551999996576,33.307551999996576
404,0.028381222000007256,28.381222000007256
405,0.023252206999927694,23.252206999927694
406,0.020976639999958024,20.976639999958024
407,0.03237602900003367,32.37602900003367
408,0.028174076000027526,28.174076000027526
409,0.022472221000043646,22.472221000043646
410,0.02137547999996059,21.37547999996059
411,0.034638939000046776,34.638939000046776
412,0.02800118499999371,28.00118499999371
413,0.02857269499997983,28.57269499997983
414,0.02205039799991937,22.05039799991937
415,0.0315855430000056,31.5855430000056
416,0.03811410200000864,38.11410200000864
417,0.02335342399999263,23.35342399999263
418,0.02247484200006511,22.47484200006511
419,0.03809459499996137,38.09459499996137
420,0.02347056500002509,23.47056500002509
421,0.023956037999937507,23.956037999937507
422,0.022334592999982306,22.334592999982306
423,0.03114961799997218,31.14961799997218
424,0.02827587499996298,28.27587499996298
425,0.02318873399997301,23.18873399997301
426,0.026746943000034662,26.746943000034662
427,0.04776584299997921,47.76584299997921
428,0.02468658299994786,24.68658299994786
429,0.023781841000072745,23.781841000072745
430,0.023202530000048682,23.202530000048682
431,0.043234576000031666,43.234576000031666
432,0.023535559999913858,23.535559999913858
433,0.02360399100007271,23.60399100007271
434,0.02242812499991942,22.42812499991942
435,0.029766930999926444,29.766930999926444
436,0.031036882999956106,31.036882999956106
437,0.02326175099994998,23.26175099994998
438,0.022734790999948018,22.734790999948018
439,0.029647141999930682,29.647141999930682
440,0.028609222000000045,28.609222000000045
441,0.023623563000001013,23.623563000001013
442,0.022279798999988998,22.279798999988998
443,0.0331594799999948,33.1594799999948
444,0.026987703999907353,26.987703999907353
445,0.02378526100005729,23.78526100005729
446,0.023792892000074062,23.792892000074062
447,0.02872153399994204,28.72153399994204
448,0.024700473000052625,24.700473000052625
449,0.023723565000068447,23.723565000068447
450,0.02247782400002052,22.47782400002052
451,0.03224753100005273,32.24753100005273
452,0.024051332999988517,24.051332999988517
453,0.02322832599998037,23.22832599998037
454,0.022678517999906944,22.678517999906944
455,0.03686053199999151,36.86053199999151
456,0.024447025999961625,24.447025999961625
457,0.024061503999973866,24.061503999973866
458,0.02296142400007284,22.96142400007284
459,0.032908282999983385,32.908282999983385
460,0.023673813999948834,23.673813999948834
461,0.026673254999991514,26.673254999991514
462,0.022499027999970167,22.499027999970167
463,0.027910252000083347,27.910252000083347
464,0.02885718499999257,28.85718499999257
465,0.023350606000008156,23.350606000008156
466,0.022360752000054163,22.360752000054163
467,0.029554927000049247,29.554927000049247
468,0.028960691999941446,28.960691999941446
469,0.025466447000098924,25.466447000098924
470,0.023315898999953788,23.315898999953788
471,0.03405303699992146,34.05303699992146
472,0.025344229999973322,25.344229999973322
473,0.0241427419999809,24.1427419999809
474,0.022586382999975285,22.586382999975285
475,0.027857097000037356,27.857097000037356
476,0.027554318999932548,27.554318999932548
477,0.024627428000030704,24.627428000030704
478,0.026679402000013397,26.679402000013397
479,0.03386837000005016,33.86837000005016
480,0.030287952999970003,30.287952999970003
481,0.02432413099995756,24.32413099995756
482,0.023074290999943514,23.074290999943514
483,0.03446806800002378,34.46806800002378
484,0.025557625000033113,25.557625000033113
485,0.02440954700000475,24.40954700000475
486,0.022503223999933653,22.503223999933653
487,0.027880078000066533,27.880078000066533
488,0.027033390000042345,27.033390000042345
489,0.02325853799993638,23.25853799993638
490,0.022395418999963113,22.395418999963113
491,0.03130194599998504,31.301945999985037
492,0.027626917000020512,27.626917000020512
493,0.0242871059999743,24.2871059999743
494,0.023969290999957593,23.969290999957593
495,0.02856392399996821,28.56392399996821
496,0.023717550000014853,23.717550000014853
497,0.023827860999972472,23.827860999972472
498,0.022395202999973662,22.395202999973662
499,0.033648263000031875,33.648263000031875
500,0.0233772560000034,23.3772560000034
501,0.023214663999965524,23.214663999965524
502,0.024320401999943897,24.320401999943897
503,0.0378525040000568,37.8525040000568
504,0.024041122999960862,24.041122999960862
505,0.02394458100002339,23.94458100002339
506,0.023198424000042905,23.198424000042905
507,0.03035798700000214,30.35798700000214
508,0.028587205000007998,28.587205000007998
509,0.023428201000001536,23.428201000001536
510,0.02240883800004667,22.40883800004667
511,0.03112973999998303,31.12973999998303
512,0.029019549000054212,29.019549000054212
513,0.024429655999938404,24.429655999938404
514,0.023317970999983118,23.317970999983118
515,0.039825570000061816,39.825570000061816
516,0.023289020999982313,23.289020999982313
517,0.023282593999965684,23.282593999965684
518,0.022903659999997217,22.903659999997217
519,0.027976974000011978,27.976974000011978
520,0.023161869999967166,23.161869999967166
521,0.023469867000017075,23.469867000017075
522,0.022829617000070357,22.829617000070357
523,0.03903770900001291,39.03770900001291
524,0.023865850999982285,23.865850999982285
525,0.023879882999949587,23.879882999949587
526,0.02304390400001921,23.04390400001921
527,0.031186185000024125,31.186185000024125
528,0.028478240999902482,28.478240999902482
529,0.023376170999995338,23.376170999995338
530,0.022433846000012636,22.433846000012636
531,0.030886172000009537,30.886172000009537
532,0.027875353000013092,27.875353000013092
533,0.02367395499993563,23.67395499993563
534,0.028471319999994193,28.471319999994193
535,0.035215352000022904,35.215352000022904
536,0.023785876000033568,23.785876000033568
537,0.023976973000003454,23.976973000003454
538,0.023039432000018678,23.039432000018678
539,0.029282069000032607,29.282069000032607
540,0.023956239999961326,23.956239999961326
541,0.024209975999951894,24.209975999951894
542,0.022439663999989534,22.439663999989534
543,0.028195443000072373,28.195443000072373
544,0.025409559000081572,25.409559000081572
545,0.02516154100010226,25.16154100010226
546,0.0246830600000294,24.6830600000294
547,0.04508958500002791,45.08958500002791
548,0.02953124000009666,29.53124000009666
549,0.02987455000004502,29.87455000004502
550,0.024816023999960635,24.816023999960635
551,0.04801012300004004,48.01012300004004
552,0.02489830999991227,24.89830999991227
553,0.023523165000028712,23.523165000028712
554,0.022573959000055766,22.573959000055766
555,0.03926924500001405,39.26924500001405
556,0.027898684999968282,27.89868499996828
557,0.02535506499998519,25.35506499998519
558,0.02452278800001295,24.52278800001295
559,0.036270312999931775,36.270312999931775
560,0.024132052000027215,24.132052000027215
561,0.024116982000009557,24.116982000009557
562,0.023746125000002394,23.746125000002394
563,0.026815086000056,26.815086000056
564,0.03257790500003921,32.57790500003921
565,0.029822835999993913,29.822835999993913
566,0.022723358000007465,22.723358000007465
567,0.031143476000011105,31.143476000011105
568,0.028454676000023937,28.454676000023937
569,0.024132271999974364,24.132271999974364
570,0.023201051000000916,23.201051000000916
571,0.03373182400002861,33.73182400002861
572,0.024351073999923756,24.351073999923756
573,0.023878604000060477,23.878604000060477
574,0.02310031499996512,23.10031499996512
575,0.14767357599998832,147.67357599998832
576,0.04216596000003392,42.16596000003392
577,0.02435931399998026,24.35931399998026
578,0.022604860999990706,22.604860999990706
579,0.03987412799995127,39.87412799995127
580,0.023376466000058826,23.376466000058826
581,0.023990389000005052,23.990389000005052
582,0.022458680999989156,22.458680999989156
583,0.03181073800010381,31.81073800010381
584,0.027950809000003574,27.950809000003574
585,0.023275431000001845,23.275431000001845
586,0.029688844000020254,29.688844000020254
587,0.04132396299996799,41.32396299996799
588,0.025066046999995706,25.066046999995706
589,0.02377757199997177,23.77757199997177
590,0.027600796000001537,27.600796000001537
591,0.02476819899993643,24.76819899993643
592,0.023534255000072335,23.534255000072335
593,0.02297412699999768,22.97412699999768
594,0.03199781699993309,31.997816999933093
595,0.024957000999961565,24.957000999961565
596,0.02360768799997004,23.60768799997004
597,0.02331708700000945,23.31708700000945
598,0.026935105000006843,26.935105000006843
599,0.027198712999961572,27.19871299996157
600,0.02285036000000673,22.85036000000673
601,0.02318075999994562,23.18075999994562
602,0.03003135200003726,30.03135200003726
603,0.027598420999993323,27.598420999993323
604,0.02289924699994117,22.89924699994117
605,0.02277889899994534,22.77889899994534
606,0.031190311000045767,31.190311000045767
607,0.026039007000008496,26.039007000008496
608,0.023960780999914277,23.960780999914277
609,0.02371801999993295,23.71801999993295
610,0.02771965299996282,27.71965299996282
611,0.02620727999999417,26.20727999999417
612,0.023453073000041513,23.453073000041513
613,0.023841583000034916,23.841583000034916
614,0.028678144999958022,28.678144999958022
615,0.025750515000027008,25.750515000027008
616,0.02328457900000558,23.28457900000558
617,0.02295261099993695,22.95261099993695
618,0.03237416600006782,32.37416600006782
619,0.02452966299995296,24.52966299995296
620,0.02329420499995649,23.29420499995649
621,0.02374792700004491,23.74792700004491
622,0.02993718799996259,29.93718799996259
623,0.0266609810000773,26.6609810000773
624,0.02287606599998071,22.87606599998071
625,0.022923024999954578,22.923024999954578
626,0.025867897000011908,25.867897000011908
627,0.034069136000084654,34.069136000084654
628,0.022773885999981758,22.773885999981758
629,0.02292226400004438,22.92226400004438
630,0.026451922999967792,26.451922999967792
631,0.031168344999969122,31.168344999969122
632,0.0234677290000036,23.4677290000036
633,0.02336975100001837,23.36975100001837
634,0.02852245499991568,28.52245499991568
635,0.029466303000049265,29.466303000049265
636,0.0235552369999823,23.5552369999823
637,0.023681677000013224,23.681677000013224
638,0.035748546000036185,35.748546000036185
639,0.02747252500000741,27.47252500000741
640,0.023133210000082727,23.133210000082727
641,0.023556380999934845,23.556380999934845
642,0.028454876999944645,28.454876999944645
643,0.025714880000009543,25.714880000009543
644,0.022869847000038135,22.869847000038135
645,0.023123136999970484,23.123136999970484
646,0.036861606999991636,36.861606999991636
647,0.024780736000025172,24.780736000025172
648,0.02405321300000196,24.05321300000196
649,0.023423444999934873,23.423444999934873
650,0.03279424400000153,32.79424400000153
651,0.02476741199996013,24.76741199996013
652,0.022789342999999462,22.789342999999462
653,0.022817324000016015,22.817324000016015
654,0.027485243000000992,27.48524300000099
655,0.031581544000005124,31.581544000005124
656,0.022978280000074847,22.978280000074847
657,0.0231879980000258,23.1879980000258
658,0.032800388999930874,32.800388999930874
659,0.03181962600001498,31.819626000014978
660,0.023176469999953042,23.176469999953042
661,0.023087945000042964,23.087945000042964
662,0.031761967000079494,31.761967000079494
663,0.024464687000090635,24.464687000090635
664,0.02301602499994715,23.01602499994715
665,0.023266951999971752,23.266951999971752
666,0.02785391299994444,27.85391299994444
667,0.028091506999999183,28.091506999999183
668,0.023658120000050076,23.658120000050076
669,0.023674935000030928,23.674935000030928
670,0.027648952000049576,27.648952000049576
671,0.027775206999990587,27.775206999990587
672,0.02299490699999751,22.99490699999751
673,0.02286688700007744,22.86688700007744
674,0.030350536000014472,30.350536000014472
675,0.027360042999930556,27.360042999930556
676,0.02301170800001273,23.01170800001273
677,0.02343874800010326,23.43874800010326
678,0.031113085000015417,31.113085000015417
679,0.024562338999999156,24.562338999999156
680,0.024309130999995432,24.309130999995432
681,0.023919775000081245,23.919775000081245
682,0.027901255000074343,27.901255000074343
683,0.024500272000068435,24.500272000068435
684,0.023020367999947666,23.020367999947666
685,0.02314666600000237,23.14666600000237
686,0.031663876000038726,31.663876000038726
687,0.024353162000011253,24.353162000011253
688,0.023351327999989735,23.351327999989735
689,0.023896843999978046,23.896843999978046
690,0.027835253000034754,27.835253000034754
691,0.028845808000028228,28.845808000028228
692,0.02740510799992535,27.40510799992535
693,0.027140035999991596,27.140035999991596
694,0.029550341000003755,29.550341000003755
695,0.029388509999989765,29.388509999989765
696,0.023738054000091324,23.738054000091324
697,0.023911447000045882,23.911447000045882
698,0.03129627100008747,31.296271000087472
699,0.02511874300000727,25.11874300000727
700,0.023071557999969627,23.071557999969627
701,0.023301800000012918,23.301800000012918
702,0.030322807000061403,30.322807000061403
703,0.026798934999987978,26.798934999987978
704,0.023645596999926966,23.645596999926966
705,0.02373132800005351,23.73132800005351
706,0.02767564200007655,27.67564200007655
707,0.027188455999976213,27.188455999976213
708,0.02297271700001602,22.97271700001602
709,0.023226449999924625,23.226449999924625
710,0.03101101999993716,31.01101999993716
711,0.025119259999996757,25.119259999996757
712,0.023185277000038695,23.185277000038695
713,0.023336287999995875,23.336287999995875
714,0.03399269600004118,33.99269600004118
715,0.025610044000018206,25.610044000018206
716,0.024106641000003037,24.106641000003037
717,0.023645419999979822,23.645419999979822
718,0.03215072900002269,32.15072900002269
719,0.0243213910000577,24.3213910000577
720,0.023300901000084195,23.300901000084195
721,0.023456170000031307,23.456170000031307
722,0.026340636999975686,26.340636999975686
723,0.03052460699996118,30.52460699996118
724,0.02469585599999391,24.69585599999391
725,0.023362901999917085,23.362901999917085
726,0.029298537000045144,29.298537000045144
727,0.02872168099997907,28.72168099997907
728,0.023715615000014623,23.715615000014623
729,0.02446679300010146,24.46679300010146
730,0.031979449000004934,31.979449000004934
731,0.028691468000033638,28.691468000033638
732,0.023575770000093144,23.575770000093144
733,0.023299081000004662,23.299081000004662
734,0.03510222300008081,35.10222300008081
735,0.024808039999925313,24.808039999925313
736,0.02429982299997846,24.29982299997846
737,0.023900913000034052,23.900913000034052
738,0.03160165400004189,31.60165400004189
739,0.025437273000079585,25.437273000079585
740,0.024744579999946836,24.744579999946836
741,0.02474461099996006,24.74461099996006
742,0.03184422399999676,31.844223999996757
743,0.028702938999913385,28.702938999913385
744,0.023803133000001253,23.803133000001253
745,0.02383531399993899,23.83531399993899
746,0.0319300660000863,31.9300660000863
747,0.025086653000016668,25.086653000016668
748,0.023554068000066763,23.554068000066763
749,0.02450466699997378,24.50466699997378
750,0.028023512000004303,28.023512000004303
751,0.023606097999959275,23.606097999959275
752,0.02335771500008832,23.35771500008832
753,0.02304618000005121,23.04618000005121
754,0.027495122000004812,27.495122000004812
755,0.042492798000012044,42.492798000012044
756,0.03102449500011062,31.02449500011062
757,0.024175723999974252,24.175723999974252
758,0.0271648529999311,27.1648529999311
759,0.0328659819999757,32.8659819999757
760,0.0232062740000174,23.2062740000174
761,0.022919667999985904,22.919667999985904
762,0.02925328800006355,29.25328800006355
763,0.029335918999890964,29.335918999890964
764,0.023039981000010812,23.039981000010812
765,0.02303609000000506,23.03609000000506
766,0.028384765000055268,28.384765000055268
767,0.029370502000006127,29.370502000006127
768,0.024070362999964345,24.070362999964345
769,0.023877212000002146,23.877212000002146
770,0.0300963210000873,30.0963210000873
771,0.02986694300000181,29.86694300000181
772,0.023189317999936065,23.189317999936065
773,0.023297345999935715,23.297345999935715
774,0.032042323000041506,32.042323000041506
775,0.024572831000000406,24.572831000000406
776,0.023608645000081196,23.608645000081196
777,0.02379699300001903,23.79699300001903
778,0.025228082000012364,25.228082000012364
779,0.033623961999978746,33.62396199997875
780,0.02337866099992425,23.37866099992425
781,0.02309867700000723,23.09867700000723
782,0.028195030000006227,28.195030000006227
783,0.024427884000033373,24.427884000033373
784,0.02364723599998797,23.64723599998797
785,0.023843541000019286,23.843541000019286
786,0.027702590999979293,27.702590999979293
787,0.0268257940000467,26.8257940000467
788,0.022784771000033288,22.784771000033288
789,0.02415669800006981,24.15669800006981
790,0.02774641700000302,27.74641700000302
791,0.02856360600003427,28.56360600003427
792,0.023088786000016626,23.088786000016626
793,0.023082014999999956,23.082014999999956
794,0.0315068050000491,31.5068050000491
795,0.024508769000021857,24.508769000021857
796,0.023745251999912398,23.745251999912398
797,0.024188053999978365,24.188053999978365
798,0.04326324199996634,43.26324199996634
799,0.024315906999959225,24.315906999959225
800,0.0232321259999253,23.2321259999253
801,0.023767542000086905,23.767542000086905
802,0.03161107199991875,31.61107199991875
803,0.025335674999951152,25.335674999951152
804,0.02291071499996633,22.91071499996633
805,0.023087281000016446,23.087281000016446
806,0.04504051800006437,45.04051800006437
807,0.026032701999952224,26.032701999952224
808,0.02317398200000298,23.17398200000298
809,0.023598172999982125,23.598172999982125
810,0.030128513000022394,30.128513000022394
811,0.029283180999982505,29.283180999982505
812,0.023468367999953443,23.468367999953443
813,0.02387616299995443,23.87616299995443
814,0.03356551499996385,33.56551499996385
815,0.024476949000018067,24.476949000018067
816,0.02344526699994276,23.44526699994276
817,0.023104213999999956,23.104213999999956
818,0.02497461200005091,24.97461200005091
819,0.03342449400008718,33.42449400008718
820,0.022707726000021466,22.707726000021466
821,0.023067368999932114,23.067368999932114
822,0.02583164999998644,25.83164999998644
823,0.03524758799994743,35.24758799994743
824,0.023653746999912073,23.653746999912073
825,0.023492719999921974,23.492719999921974
826,0.029315680999957294,29.315680999957294
827,0.0291925279999532,29.1925279999532
828,0.022719403999985843,22.719403999985843
829,0.02326059400002123,23.26059400002123
830,0.028956326000070476,28.956326000070476
831,0.029040148000035515,29.040148000035515
832,0.02268108700002358,22.68108700002358
833,0.022758694999993168,22.758694999993168
834,0.028770407000024534,28.770407000024534
835,0.0289766350000491,28.9766350000491
836,0.023179977999916446,23.179977999916446
837,0.02365758900009496,23.65758900009496
838,0.029468589000089196,29.468589000089196
839,0.028986416999941866,28.986416999941866
840,0.023252262000028168,23.252262000028168
841,0.023198495999963598,23.198495999963598
842,0.029199780999988434,29.199780999988434
843,0.028195299000003615,28.195299000003615
844,0.022957271999985096,22.957271999985096
845,0.022900085999935982,22.900085999935982
846,0.029491350999933275,29.491350999933275
847,0.0285518300000831,28.5518300000831
848,0.022839967999971122,22.839967999971122
849,0.022929861000079654,22.929861000079654
850,0.030851652000023932,30.851652000023932
851,0.02908818399998836,29.08818399998836
852,0.023559267999985423,23.559267999985423
853,0.023537254999951074,23.537254999951074
854,0.032016076999980214,32.016076999980214
855,0.0266387259999874,26.6387259999874
856,0.02348725900003501,23.48725900003501
857,0.02350415899991276,23.50415899991276
858,0.026559098999996422,26.559098999996422
859,0.03276771200000894,32.76771200000894
860,0.022981641999990643,22.981641999990643
861,0.02296385099998588,22.96385099998588
862,0.027230258000031426,27.230258000031426
863,0.03008798600001228,30.08798600001228
864,0.023198686000000635,23.198686000000635
865,0.02305390800006535,23.05390800006535
866,0.028685345000099005,28.685345000099005
867,0.028582224000047063,28.582224000047063
868,0.02289412999994056,22.89412999994056
869,0.023093778999964343,23.093778999964343
870,0.02896990800002186,28.96990800002186
871,0.03019303899998249,30.19303899998249
872,0.023704967999947257,23.704967999947257
873,0.024331290999953126,24.331290999953126
874,0.045055628999989494,45.055628999989494
875,0.02736357699996006,27.36357699996006
876,0.026379398000017318,26.379398000017318
877,0.02426882800000385,24.26882800000385
878,0.04134467100004713,41.34467100004713
879,0.02537205700002687,25.37205700002687
880,0.026063270000008742,26.063270000008742
881,0.024590478000050098,24.590478000050098
882,0.046148496000000705,46.148496000000705
883,0.024899527999991733,24.899527999991733
884,0.022626521000006505,22.626521000006505
885,0.022953953000069305,22.953953000069305
886,0.04548097399992912,45.48097399992912
887,0.024305851999997685,24.305851999997685
888,0.023072072999980264,23.072072999980264
889,0.023950501000058466,23.950501000058466
890,0.029752401999985523,29.752401999985523
891,0.02921009800002139,29.21009800002139
892,0.023489233999953285,23.489233999953285
893,0.023500988000023426,23.500988000023426
894,0.029742174999910276,29.742174999910276
895,0.030885764999993626,30.885764999993626
896,0.023381332000099064,23.381332000099064
897,0.023595045999968534,23.595045999968534
898,0.03857911700004024,38.57911700004024
899,0.024019973000008576,24.019973000008576
900,0.022975790000032248,22.975790000032248
901,0.023552649999942332,23.552649999942332
902,0.025872427999956926,25.872427999956926
903,0.030667624999978216,30.667624999978216
904,0.023145763000002262,23.145763000002262
905,0.023092896999969525,23.092896999969525
906,0.026532143999929758,26.532143999929758
907,0.03145327900006123,31.45327900006123
908,0.023529888000098254,23.529888000098254
909,0.02375432900009855,23.75432900009855
910,0.029218931000059456,29.218931000059456
911,0.029211390999989817,29.211390999989817
912,0.02282695799999601,22.82695799999601
913,0.023357428000053915,23.357428000053915
914,0.02906831100006002,29.06831100006002
915,0.02898308999999699,28.98308999999699
916,0.023148952999918038,23.148952999918038
917,0.023346724000020913,23.346724000020913
918,0.025348187000076905,25.348187000076905
919,0.03488231400001496,34.88231400001496
920,0.03001940100000411,30.01940100000411
921,0.02674024499992811,26.74024499992811
922,0.03495268500000748,34.95268500000748
923,0.027872910000041884,27.872910000041884
924,0.023592100999962895,23.592100999962895
925,0.02313888000003317,23.13888000003317
926,0.02710463600010371,27.10463600010371
927,0.028398710000033134,28.398710000033134
928,0.02318442099999629,23.18442099999629
929,0.023267351000072267,23.267351000072267
930,0.03177161099995374,31.771610999953737
931,0.02444314999991093,24.44314999991093
932,0.02375262299995029,23.75262299995029
933,0.023668214000053922,23.668214000053922
934,0.027691174999972645,27.691174999972645
935,0.02740412399998604,27.40412399998604
936,0.023430593000057343,23.430593000057343
937,0.023132771000064167,23.132771000064167
938,0.024981499999967127,24.981499999967127
939,0.032692673000042305,32.692673000042305
940,0.023246063999977196,23.246063999977196
941,0.023203418999969472,23.20341899996947
942,0.02675205000002734,26.75205000002734
943,0.027606302999970467,27.606302999970467
944,0.022921537999991415,22.921537999991415
945,0.023070390999919255,23.070390999919255
946,0.03068496299999879,30.68496299999879
947,0.029093261000070925,29.093261000070925
948,0.02366911900003288,23.66911900003288
949,0.023922167000023364,23.922167000023364
950,0.03241473599996425,32.41473599996425
951,0.02680011100005686,26.80011100005686
952,0.02355936300000394,23.55936300000394
953,0.023129764000032083,23.129764000032083
954,0.025802405000035833,25.802405000035833
955,0.03304075799997008,33.04075799997008
956,0.02385381099998085,23.85381099998085
957,0.024520623999933377,24.520623999933377
958,0.03164386299999933,31.643862999999328
959,0.02868816699992749,28.68816699992749
960,0.023114918000032958,23.114918000032958
961,0.023047663000056673,23.047663000056673
962,0.029921162000050572,29.921162000050572
963,0.028809630999944602,28.809630999944602
964,0.02301079699998354,23.01079699998354
965,0.02316455700008646,23.16455700008646
966,0.031027855999923304,31.027855999923304
967,0.024354012000003422,24.354012000003422
968,0.023323633000018162,23.323633000018162
969,0.024004623999985597,24.004623999985597
970,0.02783787700002449,27.83787700002449
971,0.029561426999975993,29.561426999975993
972,0.02471643100000165,24.71643100000165
973,0.023789609999994354,23.789609999994354
974,0.028506848999995782,28.506848999995782
975,0.029807534000042324,29.807534000042324
976,0.022831280999980663,22.831280999980663
977,0.02313562599999841,23.13562599999841
978,0.030429461000039737,30.429461000039737
979,0.02862504999995963,28.62504999995963
980,0.023851043000036043,23.851043000036043
981,0.022428356999967036,22.428356999967036
982,0.03372355500005142,33.72355500005142
983,0.027565369000058126,27.565369000058126
984,0.023978317999990395,23.978317999990395
985,0.02319700800001101,23.19700800001101
986,0.028495448999933615,28.495448999933615
987,0.0239029169999867,23.9029169999867
988,0.02477969699998539,24.77969699998539
989,0.023321876000068187,23.321876000068187
990,0.02991461400006301,29.91461400006301
991,0.023861380999960602,23.861380999960602
992,0.023918585000046733,23.918585000046733
993,0.022521767999933218,22.521767999933218
994,0.03238861099998758,32.38861099998758
995,0.023540629999956764,23.540629999956764
996,0.02374803600002906,23.74803600002906
997,0.022702463999962674,22.702463999962674
998,0.02780101200005447,27.80101200005447
999,0.027344999999968422,27.344999999968422
1000,0.023622365999926842,23.622365999926842
1001,0.022634860000039225,22.634860000039225
1002,0.11894290800000817,118.94290800000817
1003,0.039012221999996655,39.012221999996655
1004,0.023819172000003164,23.819172000003164
1005,0.022763376999932916,22.763376999932916
1006,0.02961550999998508,29.61550999998508
1007,0.024514209000017217,24.514209000017217
1008,0.02372216699995988,23.72216699995988
1009,0.023076108000054774,23.076108000054774
1010,0.03310018900003797,33.10018900003797
1011,0.024030518000017764,24.030518000017764
1012,0.024253316999988783,24.253316999988783
1013,0.02390431699996043,23.90431699996043
1014,0.028643039000030512,28.643039000030512
1015,0.02382375700005923,23.82375700005923
1016,0.0238671949999798,23.8671949999798
1017,0.022643260999984705,22.643260999984705
1018,0.03450578499996482,34.50578499996482
1019,0.024295002000030763,24.295002000030763
1020,0.02428845100007493,24.28845100007493
1021,0.023882319999984247,23.882319999984247
1022,0.02402786899995135,24.02786899995135
1023,0.02695729900005972,26.95729900005972
1024,0.03866495499994471,38.66495499994471
1025,0.02366012499999215,23.66012499999215
1026,0.03484094200007348,34.84094200007348
1027,0.023716336000006777,23.716336000006777
1028,0.024240264000013667,24.240264000013667
1029,0.0228711669999484,22.8711669999484
1030,0.027342327000042133,27.342327000042133
1031,0.030747674999929586,30.747674999929586
1032,0.024059717999989516,24.059717999989516
1033,0.02325522399996771,23.25522399996771
1034,0.028830670999923314,28.830670999923314
1035,0.028655949000039982,28.655949000039982
1036,0.023773723000090285,23.773723000090285
1037,0.022661991999939346,22.661991999939346
1038,0.030647368000018105,30.647368000018105
1039,0.027895762000071045,27.895762000071045
1040,0.023418516999981875,23.418516999981875
1041,0.022498156999972707,22.498156999972707
1042,0.031125699999961398,31.125699999961398
1043,0.0296921530000418,29.6921530000418
1044,0.024166973999967922,24.166973999967922
1045,0.023172953000084817,23.172953000084817
1046,0.026859920999982023,26.859920999982023
1047,0.03329063199998927,33.29063199998927
1048,0.02345753899999181,23.45753899999181
1049,0.022573010999963117,22.573010999963117
1050,0.02777838800000154,27.77838800000154
1051,0.02485001000002285,24.85001000002285
1052,0.023329827999987174,23.329827999987174
1053,0.022651085000006788,22.651085000006788
1054,0.030260359000067183,30.260359000067183
1055,0.02837050100004035,28.37050100004035
1056,0.024146765999944364,24.146765999944364
1057,0.023141861999988578,23.141861999988578
1058,0.028630345999999918,28.630345999999918
1059,0.027031094999983907,27.031094999983907
1060,0.023710674999961157,23.710674999961157
1061,0.022600763000014013,22.600763000014013
1062,0.03199900599997818,31.99900599997818
1063,0.022887078999929145,22.887078999929145
1064,0.02368349899995792,23.68349899995792
1065,0.02227980000009211,22.27980000009211
1066,0.031451355000058356,31.451355000058356
1067,0.025274366000076043,25.274366000076043
1068,0.024310092000064287,24.310092000064287
1069,0.02347530400004416,23.47530400004416
1070,0.02568371899997146,25.68371899997146
1071,0.03429916400000366,34.29916400000366
1072,0.02399726099997679,23.99726099997679
1073,0.023308936999910657,23.308936999910657
1074,0.029024427000081232,29.024427000081232
1075,0.030295113000079255,30.295113000079255
1076,0.02327527599993573,23.27527599993573
1077,0.022734505000016725,22.734505000016725
1078,0.030172243999913917,30.172243999913917
1079,0.029660551999995732,29.660551999995732
1080,0.02405615299994679,24.05615299994679
1081,0.022942098999919835,22.942098999919835
1082,0.0322432770000205,32.2432770000205
1083,0.0253417610000497,25.3417610000497
1084,0.02567287999988821,25.67287999988821
1085,0.02480566999997791,24.80566999997791
1086,0.04281166799989933,42.81166799989933
1087,0.024123876999965432,24.123876999965432
1088,0.023422568000000865,23.422568000000865
1089,0.02310056999999688,23.10056999999688
1090,0.032550718000038614,32.550718000038614
1091,0.02278447799994865,22.78447799994865
1092,0.02311732199996186,23.11732199996186
1093,0.02310779000004004,23.10779000004004
1094,0.0402138480000076,40.2138480000076
1095,0.023359148999929857,23.359148999929857
1096,0.023239649000061036,23.239649000061036
1097,0.022696994000057202,22.696994000057202
1098,0.02787383999998383,27.87383999998383
1099,0.031113785999991705,31.113785999991705
1100,0.024145297000018218,24.145297000018218
1101,0.023146460000020852,23.146460000020852
1102,0.029703799999992953,29.703799999992953
1103,0.0283652800001164,28.3652800001164
1104,0.024374303999820768,24.374303999820768
1105,0.022654885000065406,22.654885000065406
1106,0.029075419000037073,29.075419000037073
1107,0.0282984899999974,28.2984899999974
1108,0.02337401099998715,23.37401099998715
1109,0.0225963270002012,22.5963270002012
1110,0.03148596300002282,31.48596300002282
1111,0.03354874999990898,33.54874999990898
1112,0.023984764000033465,23.984764000033465
1113,0.02320199800010414,23.20199800010414
1114,0.027760705999980928,27.760705999980928
1115,0.0308324940001512,30.8324940001512
1116,0.0237173680000069,23.7173680000069
1117,0.02263351699980376,22.63351699980376
1118,0.02982196799985104,29.82196799985104
1119,0.03136327899983371,31.36327899983371
1120,0.023675612000033652,23.675612000033652
1121,0.0228165959999842,22.8165959999842
1122,0.030434708000029786,30.434708000029786
1123,0.02818842100009533,28.18842100009533
1124,0.023663378000037483,23.663378000037483
1125,0.02273798699980034,22.73798699980034
1126,0.0313403190000372,31.340319000037198
1127,0.029235251999807588,29.235251999807588
1128,0.0241832169999725,24.1832169999725
1129,0.02318921500000215,23.18921500000215
1130,0.027382731999978205,27.382731999978205
1131,0.02753884199978529,27.53884199978529
1132,0.023731606999945143,23.731606999945143
1133,0.02263390400003118,22.63390400003118
1134,0.03133828800014271,31.33828800014271
1135,0.028029790000118737,28.029790000118737
1136,0.0269597200001499,26.9597200001499
1137,0.023998453000103837,23.998453000103837
1138,0.03078926800003501,30.78926800003501
1139,0.03011108400005469,30.11108400005469
1140,0.024054630000136967,24.054630000136967
1141,0.02283047100013391,22.83047100013391
1142,0.03021058199988147,30.21058199988147
1143,0.030051546999857237,30.051546999857237
1144,0.02360811899984583,23.60811899984583
1145,0.022519725000165636,22.519725000165636
1146,0.03217532600001505,32.17532600001505
1147,0.024099126000010074,24.099126000010074
1148,0.024081485000124303,24.081485000124303
1149,0.02315816400005133,23.15816400005133
1150,0.02772990300013589,27.72990300013589
1151,0.02720821699995213,27.20821699995213
1152,0.023933031000069604,23.933031000069604
1153,0.022887452999839297,22.887452999839297
1154,0.032548208999969575,32.548208999969575
1155,0.024052240000173697,24.052240000173697
1156,0.02418817400007356,24.18817400007356
1157,0.023119379999798184,23.119379999798184
1158,0.027685766999866246,27.685766999866246
1159,0.023832353999978295,23.832353999978295
1160,0.023595464999971227,23.595464999971227
1161,0.022896706999972594,22.896706999972594
1162,0.03223930800004382,32.23930800004382
1163,0.024011127999983728,24.011127999983728
1164,0.02442939400020805,24.42939400020805
1165,0.023280600000134655,23.280600000134655
1166,0.02873717699981171,28.73717699981171
1167,0.02414052099993569,24.14052099993569
1168,0.02379107199999453,23.79107199999453
1169,0.022788536999996722,22.788536999996722
1170,0.03162830899987057,31.62830899987057
1171,0.023575996000090527,23.575996000090527
1172,0.023488638999879186,23.488638999879186
1173,0.022604317999821433,22.604317999821433
1174,0.03208142400012548,32.08142400012548
1175,0.024009277999994083,24.009277999994083
1176,0.024172975000055885,24.172975000055885
1177,0.024779270999943037,24.779270999943037
1178,0.02705088299990166,27.05088299990166
1179,0.030945078000058857,30.945078000058857
1180,0.024248989999932746,24.248989999932746
1181,0.022822706999932052,22.822706999932052
1182,0.029120872000021336,29.120872000021336
1183,0.028558235999980752,28.558235999980752
1184,0.02369815799988828,23.69815799988828
1185,0.022610350999912043,22.610350999912043
1186,0.02921696799990059,29.21696799990059
1187,0.028347807000045577,28.347807000045577
1188,0.02366967700004352,23.66967700004352
1189,0.02238331700004892,22.38331700004892
1190,0.0295749040001283,29.5749040001283
1191,0.028595003999953406,28.595003999953406
1192,0.024288754000053814,24.288754000053814
1193,0.023157559000082983,23.157559000082983
1194,0.029811929000061355,29.811929000061355
1195,0.029002962000049592,29.002962000049592
1196,0.023951420000003054,23.951420000003054
1197,0.022575772999971377,22.575772999971377
1198,0.030157509999980903,30.157509999980903
1199,0.028176608999956443,28.176608999956443
1200,0.023615821000021242,23.615821000021242
1201,0.022741376000112723,22.741376000112723
1202,0.031401685999981055,31.401685999981055
1203,0.02584690200001205,25.84690200001205
1204,0.02663934799988965,26.63934799988965
1205,0.025458758000013404,25.458758000013404
1206,0.04492781199996898,44.92781199996898
1207,0.026864758000101574,26.864758000101574
1208,0.026976714000056745,26.976714000056745
1209,0.029314684999917517,29.314684999917517
1210,0.04650864399991406,46.50864399991406
1211,0.02483461800011355,24.83461800011355
1212,0.030349522999813416,30.349522999813416
1213,0.04053486200018597,40.53486200018597
1214,0.038099038000154906,38.099038000154906
1215,0.027002174000017476,27.002174000017476
1216,0.023647604999951,23.647604999951
1217,0.02955685999995694,29.55685999995694
1218,0.02909459300008166,29.09459300008166
1219,0.023408334999885483,23.408334999885483
1220,0.023489841000127853,23.489841000127853
1221,0.03070028199999797,30.70028199999797
1222,0.028906590000133292,28.906590000133292
1223,0.023769616999970822,23.769616999970822
1224,0.02335441299987906,23.35441299987906
1225,0.03139259299996411,31.39259299996411
1226,0.02576488199997584,25.76488199997584
1227,0.023588896000092063,23.588896000092063
1228,0.02346744999999828,23.46744999999828
1229,0.026710660999924585,26.710660999924585
1230,0.028038932000072236,28.038932000072236
1231,0.0231211790000998,23.1211790000998
1232,0.02313624099997469,23.13624099997469
1233,0.025086601999873892,25.086601999873892
1234,0.03192980299991177,31.92980299991177
1235,0.023268415000075038,23.268415000075038
1236,0.023388737000004767,23.388737000004767
1237,0.03173534699999436,31.735346999994363
1238,0.026179344999945897,26.179344999945897
1239,0.02379992700002731,23.79992700002731
1240,0.025784660999988773,25.784660999988773
1241,0.026808141999936197,26.808141999936197
1242,0.0314001259998804,31.4001259998804
1243,0.02378215800013095,23.78215800013095
1244,0.02383277600006295,23.83277600006295
1245,0.029185520000055476,29.185520000055476
1246,0.029332599000099435,29.332599000099435
1247,0.0237082300000111,23.7082300000111
1248,0.023481170999957612,23.481170999957612
1249,0.030723584999805098,30.723584999805098
1250,0.03110411300008309,31.10411300008309
1251,0.026244790999953693,26.244790999953693
1252,0.023927635000063674,23.927635000063674
1253,0.026750771000024542,26.750771000024542
1254,0.0321068580001338,32.1068580001338
1255,0.023606787000062468,23.606787000062468
1256,0.023057481000023472,23.057481000023472
1257,0.028492852999988827,28.492852999988827
1258,0.029818020999982764,29.818020999982764
1259,0.023505657999976393,23.505657999976393
1260,0.022972220000156085,22.972220000156085
1261,0.02906502099995123,29.06502099995123
1262,0.028553467999927307,28.553467999927307
1263,0.023051729000144405,23.051729000144405
1264,0.023240683000040008,23.240683000040008
1265,0.029189293999934307,29.189293999934307
1266,0.030176729999993768,30.176729999993768
1267,0.023859694000066156,23.859694000066156
1268,0.02384574799998518,23.84574799998518
1269,0.03168436099986138,31.684360999861383
1270,0.024725703000058274,24.725703000058274
1271,0.023959228999956395,23.959228999956395
1272,0.02604123400010394,26.04123400010394
1273,0.02491078799994284,24.91078799994284
1274,0.03521729499993853,35.21729499993853
1275,0.022987037000120836,22.987037000120836
1276,0.023239101999934064,23.239101999934064
1277,0.027788426000142863,27.788426000142863
1278,0.029618544999948426,29.618544999948426
1279,0.02314644800003407,23.14644800003407
1280,0.023038182999925993,23.038182999925993
1281,0.028312173000131224,28.312173000131224
1282,0.02970163300005879,29.70163300005879
1283,0.02349988600008146,23.49988600008146
1284,0.023603019999882235,23.603019999882235
1285,0.029256341000063912,29.256341000063912
1286,0.03035197900021558,30.35197900021558
1287,0.02304328000013811,23.04328000013811
1288,0.022897510999882797,22.897510999882797
1289,0.030025066000007428,30.025066000007428
1290,0.028733768999927634,28.733768999927634
1291,0.02297090499996557,22.97090499996557
1292,0.023283124000045063,23.283124000045063
1293,0.03068656599998576,30.68656599998576
1294,0.028011252999931457,28.011252999931457
1295,0.023487076000037632,23.487076000037632
1296,0.02381009800001266,23.81009800001266
1297,0.02831989900005283,28.31989900005283
1298,0.027984601000071052,27.984601000071052
1299,0.023009976999901482,23.009976999901482
1300,0.025629017000028398,25.629017000028398
1301,0.029739769000116212,29.739769000116212
1302,0.03047139000000243,30.47139000000243
1303,0.02305439900010242,23.05439900010242
1304,0.023595465999960652,23.595465999960652
1305,0.03278576699995028,32.78576699995028
1306,0.028854950999857465,28.854950999857465
1307,0.025763178999795855,25.763178999795855
1308,0.023617441999931543,23.617441999931543
1309,0.028673143000105483,28.673143000105483
1310,0.027801419000070382,27.801419000070382
1311,0.02481265300002633,24.81265300002633
1312,0.02579012799992597,25.79012799992597
1313,0.04590180400009558,45.90180400009558
1314,0.027077561999931277,27.077561999931277
1315,0.02472271500005263,24.72271500005263
1316,0.0259006070000396,25.9006070000396
1317,0.046294022000211044,46.294022000211044
1318,0.027879440000106115,27.879440000106115
1319,0.030797885000083625,30.797885000083625
1320,0.02696781400004511,26.96781400004511
1321,0.04732507399990027,47.32507399990027
1322,0.038296317999993335,38.296317999993335
1323,0.023723284999960015,23.723284999960015
1324,0.02458468100007849,24.58468100007849
1325,0.036772754999901736,36.772754999901736
1326,0.02300797199995941,23.00797199995941
1327,0.02104461099997934,21.04461099997934
1328,0.02196800499996243,21.96800499996243
1329,0.031125786000075095,31.125786000075095
1330,0.029978025999980673,29.978025999980673
1331,0.022166013000060047,22.166013000060047
1332,0.022019919000058508,22.019919000058508
1333,0.032078578999971796,32.078578999971796
1334,0.028813451999894824,28.813451999894824
1335,0.023507321000124648,23.507321000124648
1336,0.021644394000077227,21.644394000077227
1337,0.030926972000088426,30.926972000088426
1338,0.028083262000109244,28.083262000109244
1339,0.021414768999875378,21.414768999875378
1340,0.02219890900005339,22.19890900005339
1341,0.030481516999998348,30.481516999998348
1342,0.028520733000050313,28.520733000050313
1343,0.02252457700001287,22.52457700001287
1344,0.0220588750000843,22.0588750000843
1345,0.03137422800000422,31.374228000004223
1346,0.028987896999979057,28.987896999979057
1347,0.0218064289999802,21.8064289999802
1348,0.021372226000039518,21.372226000039518
1349,0.02980749400012428,29.80749400012428
1350,0.029199352999967232,29.199352999967232
1351,0.028548426000043037,28.548426000043037
1352,0.028712559000041438,28.712559000041438
1353,0.04921781300004113,49.21781300004113
1354,0.023488505999921472,23.488505999921472
1355,0.02157633799993164,21.57633799993164
1356,0.02228010999988328,22.28010999988328
1357,0.028011273999936748,28.011273999936748
1358,0.032173331000194594,32.173331000194594
1359,0.021968330999925456,21.968330999925456
1360,0.02217361499992876,22.17361499992876
1361,0.03465177600014613,34.65177600014613
1362,0.029275667999854704,29.275667999854704
1363,0.02215831199987406,22.15831199987406
1364,0.0221987770000851,22.1987770000851
1365,0.03441861700002846,34.41861700002846
1366,0.028638694999926884,28.638694999926884
1367,0.02480823399992005,24.80823399992005
1368,0.02125129499995637,21.25129499995637
1369,0.03377534099990953,33.77534099990953
1370,0.02516155900002559,25.16155900002559
1371,0.021708372999910353,21.708372999910353
1372,0.021425270999998247,21.425270999998247
1373,0.033128264999959356,33.128264999959356
1374,0.02825178600005529,28.25178600005529
1375,0.02163061600003857,21.63061600003857
1376,0.021941787000059776,21.941787000059776
1377,0.03391581699997914,33.91581699997914
1378,0.027823766999972577,27.823766999972577
1379,0.02205551099996228,22.05551099996228
1380,0.022044061000087822,22.044061000087822
1381,0.03299542600007044,32.99542600007044
1382,0.027477162999957727,27.477162999957727
1383,0.021896936000075584,21.896936000075584
1384,0.022858715999973356,22.858715999973356
1385,0.03250008500003787,32.50008500003787
1386,0.028169123999987278,28.169123999987278
1387,0.02163337899992257,21.63337899992257
1388,0.021499083999970026,21.499083999970026
1389,0.14913835400011521,149.1383540001152
1390,0.02314948999992339,23.14948999992339
1391,0.022917083000038474,22.917083000038474
1392,0.023272981999980402,23.272981999980402
1393,0.031999474000031114,31.999474000031114
1394,0.046883449000006294,46.883449000006294
1395,0.023408358999859047,23.408358999859047
1396,0.042786023999951794,42.786023999951794
1397,0.025255896999851757,25.255896999851757
1398,0.023498886999959723,23.498886999959723
1399,0.0264053949999834,26.4053949999834
1400,0.030002883999941332,30.002883999941332
1401,0.02326450999998997,23.26450999998997
1402,0.023468245000003662,23.468245000003662
1403,0.029201413999999204,29.201413999999204
1404,0.029672026000071128,29.672026000071128
1405,0.023672717999943416,23.672717999943416
1406,0.02431932899980893,24.31932899980893
1407,0.030192560000159574,30.192560000159574
1408,0.032831789999818284,32.831789999818284
1409,0.036773773000049914,36.773773000049914
1410,0.030236216000048444,30.236216000048444
1411,0.050805778000039936,50.805778000039936
1412,0.030279469000106474,30.279469000106474
1413,0.02835762299991984,28.35762299991984
1414,0.028320744999973613,28.320744999973613
1415,0.05154975999994349,51.54975999994349
1416,0.02500974400004452,25.00974400004452
1417,0.02117597200003729,21.17597200003729
1418,0.03539643499993872,35.39643499993872
1419,0.02847124699997039,28.47124699997039
1420,0.022372244000052888,22.372244000052888
1421,0.02101402399989638,21.01402399989638
1422,0.03371846100003495,33.71846100003495
1423,0.028068301000075735,28.068301000075735
1424,0.021921354999903997,21.921354999903997
1425,0.02066590399999768,20.66590399999768
1426,0.03456637299996146,34.56637299996146
1427,0.027198780000162515,27.198780000162515
1428,0.021622065999963525,21.622065999963525
1429,0.020723517000078573,20.723517000078573
1430,0.03362228800006051,33.62228800006051
1431,0.02811331199995948,28.11331199995948
1432,0.022522264000144787,22.522264000144787
1433,0.021584814999869195,21.584814999869195
1434,0.033305964000192034,33.305964000192034
1435,0.027881578000005902,27.881578000005902
1436,0.02221036100013407,22.21036100013407
1437,0.021134543000016492,21.134543000016492
1438,0.03333116900012101,33.33116900012101
1439,0.02774927500013291,27.74927500013291
1440,0.021817408000060823,21.817408000060823
1441,0.023695259000078295,23.695259000078295
1442,0.03527060800001891,35.27060800001891
1443,0.024468835999869043,24.468835999869043
1444,0.022926375999986703,22.926375999986703
1445,0.021608798999977807,21.608798999977807
1446,0.033838927000033436,33.838927000033436
1447,0.024976927000125215,24.976927000125215
1448,0.023590685000044687,23.590685000044687
1449,0.022437893999949665,22.437893999949665
1450,0.035067197999978816,35.067197999978816
1451,0.024383373999853575,24.383373999853575
1452,0.024418864000153917,24.418864000153917
1453,0.023086932000069282,23.086932000069282
1454,0.02817618299991409,28.17618299991409
1455,0.028891307000094457,28.891307000094457
1456,0.02346832200009885,23.46832200009885
1457,0.022513190999916333,22.513190999916333
1458,0.025604359999988446,25.604359999988446
1459,0.026638761999947747,26.638761999947747
1460,0.0330446610000763,33.0446610000763
1461,0.023498006999943755,23.498006999943755
1462,0.03292583500001456,32.92583500001456
1463,0.024134537000009004,24.134537000009004
1464,0.02435191999984454,24.35191999984454
1465,0.02313035099996341,23.13035099996341
1466,0.028039979999903153,28.039979999903153
1467,0.028490961000215975,28.490961000215975
1468,0.0239115680001305,23.9115680001305
1469,0.022417689000121754,22.417689000121754
1470,0.03357222800013915,33.57222800013915
1471,0.023839743000053204,23.839743000053204
1472,0.0240890089999084,24.0890089999084
1473,0.023036918999878253,23.036918999878253
1474,0.028264589999935197,28.264589999935197
1475,0.023646740000003774,23.646740000003774
1476,0.023506284999939453,23.506284999939453
1477,0.022623937000162186,22.623937000162186
1478,0.031733588999941276,31.733588999941276
1479,0.025083334999862927,25.083334999862927
1480,0.02416374600011295,24.16374600011295
1481,0.023119266000094285,23.119266000094285
1482,0.029028833999973358,29.028833999973358
1483,0.024415651000026628,24.415651000026628
1484,0.024095083000020168,24.095083000020168
1485,0.022534120000045732,22.534120000045732
1486,0.0317959480000809,31.795948000080898
1487,0.023253795000073296,23.253795000073296
1488,0.02324389700015672,23.24389700015672
1489,0.02278180500002236,22.78180500002236
1490,0.033024897000132114,33.024897000132114
1491,0.024306831000103557,24.306831000103557
1492,0.024129014999971332,24.129014999971332
1493,0.022990452999920308,22.990452999920308
1494,0.028486510999982784,28.486510999982784
1495,0.023823371000162297,23.823371000162297
1496,0.02387227899998834,23.87227899998834
1497,0.022617663999881188,22.617663999881188
1498,0.02864946099998633,28.64946099998633
1499,0.027058918000193444,27.058918000193444
1500,0.023368333000007624,23.368333000007624
1501,0.022875287999795546,22.875287999795546
1502,0.03168088600000374,31.68088600000374
1503,0.025478242999952272,25.478242999952272
1504,0.02417813700003535,24.17813700003535
1505,0.023433019000094646,23.433019000094646
1506,0.025647795999930167,25.647795999930167
1507,0.03318557200009309,33.18557200009309
1508,0.023482196999793814,23.482196999793814
1509,0.02258709199986697,22.58709199986697
1510,0.02922556299995449,29.22556299995449
1511,0.024117213999943488,24.117213999943488
1512,0.024040664000040124,24.040664000040124
1513,0.022954731000027095,22.954731000027095
1514,0.028468829000075857,28.468829000075857
1515,0.02401033799992547,24.01033799992547
1516,0.02415203800001109,24.15203800001109
1517,0.022445516000061616,22.445516000061616
1518,0.03207354200003465,32.07354200003465
1519,0.023214472000063324,23.214472000063324
1520,0.02329398899996704,23.29398899996704
1521,0.0224666479998632,22.4666479998632
1522,0.03201375599996936,32.01375599996936
1523,0.024014326000042274,24.014326000042274
1524,0.024176118000013957,24.176118000013957
1525,0.023399620999953186,23.399620999953186
1526,0.04490117999989707,44.90117999989707
1527,0.027270778999991308,27.270778999991308
1528,0.02535645900002237,25.35645900002237
1529,0.025024871999903553,25.024871999903553
1530,0.042570143000148164,42.570143000148164
1531,0.02393232999997963,23.93232999997963
1532,0.02365815999996812,23.65815999996812
1533,0.02350158400008695,23.50158400008695
1534,0.02714839899999788,27.14839899999788
1535,0.035816727999872455,35.816727999872455
1536,0.025181425000027957,25.181425000027957
1537,0.02499486200008505,24.99486200008505
1538,0.03178752600001644,31.78752600001644
1539,0.028946624999889536,28.946624999889536
1540,0.023740727999893352,23.740727999893352
1541,0.022618937000061123,22.618937000061123
1542,0.03601138799990622,36.01138799990622
1543,0.02417893400001958,24.17893400001958
1544,0.024610839999922973,24.610839999922973
1545,0.022583948999908898,22.5839489999089
1546,0.039453469999898516,39.453469999898516
1547,0.023834953999994468,23.834953999994468
1548,0.0232011660000353,23.2011660000353
1549,0.022379473999990296,22.379473999990296
1550,0.03441492499996457,34.41492499996457
1551,0.029572866999842518,29.572866999842518
1552,0.024225245000025097,24.225245000025097
1553,0.023066399999834175,23.066399999834175
1554,0.037892319000093266,37.892319000093266
1555,0.024076621999938652,24.076621999938652
1556,0.025478446999841253,25.478446999841253
1557,0.02288060000000769,22.88060000000769
1558,0.03029280100008691,30.29280100008691
1559,0.028256679999913104,28.256679999913104
1560,0.023546350000060556,23.546350000060556
1561,0.022453286999962074,22.453286999962074
1562,0.02975783599981696,29.75783599981696
1563,0.028904502000159482,28.904502000159482
1564,0.024408999000115728,24.408999000115728
1565,0.022996365000153673,22.996365000153673
1566,0.03191470199999458,31.914701999994577
1567,0.029375675999972373,29.375675999972373
1568,0.023949893999997585,23.949893999997585
1569,0.02304892900019695,23.04892900019695
1570,0.028705221000109304,28.705221000109304
1571,0.0268846599999506,26.8846599999506
1572,0.023283956999875954,23.283956999875954
1573,0.02414201999999932,24.14201999999932
1574,0.047571611999956076,47.571611999956076
1575,0.02410479300010593,24.10479300010593
1576,0.022876913000118293,22.876913000118293
1577,0.022843932999876415,22.843932999876415
1578,0.03430629600006796,34.30629600006796
1579,0.023472246999972413,23.472246999972413
1580,0.023319346000107544,23.319346000107544
1581,0.022453987000062625,22.453987000062625
1582,0.02856008800017662,28.56008800017662
1583,0.02745375600011357,27.45375600011357
1584,0.0254980859999705,25.4980859999705
1585,0.023174988999926427,23.174988999926427
1586,0.028500236000127188,28.500236000127188
1587,0.02323230499996498,23.23230499996498
1588,0.023529224000185422,23.529224000185422
1589,0.0268549110001004,26.8549110001004
1590,0.028139583999973183,28.139583999973183
1591,0.023388237999824923,23.388237999824923
1592,0.023170856999968237,23.170856999968237
1593,0.023509689000093204,23.509689000093204
1594,0.03385108199995557,33.85108199995557
1595,0.023860750000039843,23.860750000039843
1596,0.024146937000068647,24.146937000068647
1597,0.023836529999925915,23.836529999925915
1598,0.03175218399996993,31.75218399996993
1599,0.023266481999826283,23.266481999826283
1600,0.02334575300005781,23.34575300005781
1601,0.022846189999881972,22.84618999988197
1602,0.02774893500009057,27.74893500009057
1603,0.024717112999951496,24.717112999951496
1604,0.024480652999955055,24.480652999955055
1605,0.022944253000105164,22.944253000105164
1606,0.0331229160001385,33.1229160001385
1607,0.023826614999961748,23.82661499996175
1608,0.02415653299999576,24.15653299999576
1609,0.026323382999862588,26.323382999862588
1610,0.033093881000013425,33.093881000013425
1611,0.02872135600000547,28.72135600000547
1612,0.0233881190001739,23.3881190001739
1613,0.022517467000170655,22.517467000170655
1614,0.03169825400004811,31.69825400004811
1615,0.027864390000104322,27.864390000104322
1616,0.02345817399987027,23.45817399987027
1617,0.02267447600002015,22.67447600002015
1618,0.03217504700000973,32.17504700000973
1619,0.028382246999854033,28.382246999854033
1620,0.02316917600001034,23.16917600001034
1621,0.022580264999987776,22.580264999987776
1622,0.04038994999996248,40.38994999996248
1623,0.02506281800015131,25.06281800015131
1624,0.02497658099991895,24.97658099991895
1625,0.02693406399998821,26.93406399998821
1626,0.03317620700022417,33.17620700022417
1627,0.026893249999830005,26.893249999830005
1628,0.023561879999988378,23.561879999988378
1629,0.022450557999945886,22.450557999945886
1630,0.030183148999867626,30.183148999867626
1631,0.02338547599993035,23.38547599993035
1632,0.023435291999930996,23.435291999930996
1633,0.022384203000001435,22.384203000001435
1634,0.03358727800014094,33.58727800014094
1635,0.023833739000110654,23.833739000110654
1636,0.024058061000005182,24.058061000005182
1637,0.023318734000213226,23.318734000213226
1638,0.030775687999948786,30.775687999948786
1639,0.0238206619999346,23.8206619999346
1640,0.023948339000071428,23.948339000071428
1641,0.02299967699991612,22.99967699991612
1642,0.029762540000092486,29.762540000092486
1643,0.023242793000008533,23.242793000008533
1644,0.024267174999977215,24.267174999977215
1645,0.022684514000047784,22.684514000047784
1646,0.032742314999950395,32.742314999950395
1647,0.02377117199989698,23.77117199989698
1648,0.02396064100003059,23.96064100003059
1649,0.023102010999991762,23.102010999991762
1650,0.029073241000105554,29.073241000105554
1651,0.02471427299997231,24.71427299997231
1652,0.023963872999956948,23.963872999956948
1653,0.022454316999983348,22.454316999983348
1654,0.0311722330000066,31.1722330000066
1655,0.02487483400000201,24.87483400000201
1656,0.023859155000081955,23.859155000081955
1657,0.022457796000026065,22.457796000026065
1658,0.04183032999981151,41.83032999981151
1659,0.02428815999996914,24.28815999996914
1660,0.023164701000041532,23.164701000041532
1661,0.02264220300003217,22.64220300003217
1662,0.03184539800008679,31.84539800008679
1663,0.02867455999989943,28.67455999989943
1664,0.024973359999876266,24.973359999876266
1665,0.023506205999865415,23.506205999865415
1666,0.03468177700005981,34.68177700005981
1667,0.0248497600000519,24.8497600000519
1668,0.024420786000064254,24.420786000064254
1669,0.02336485000000721,23.36485000000721
1670,0.027595637000104034,27.595637000104034
1671,0.029707829000017227,29.707829000017227
1672,0.024001686000019617,24.001686000019617
1673,0.02263313699995706,22.63313699995706
1674,0.02985543999989204,29.85543999989204
1675,0.02971139100009168,29.71139100009168
1676,0.024226244000146835,24.226244000146835
1677,0.023170637000021088,23.170637000021088
1678,0.031119654999884006,31.119654999884006
1679,0.030316788000163797,30.316788000163797
1680,0.025490444999832107,25.490444999832107
1681,0.02539250700010598,25.39250700010598
1682,0.033715141999891785,33.715141999891785
1683,0.02375166999991052,23.75166999991052
1684,0.02420282100001714,24.20282100001714
1685,0.022825889999921856,22.825889999921856
1686,0.0334066799998709,33.4066799998709
1687,0.029378386999951545,29.378386999951545
1688,0.02413743700003579,24.13743700003579
1689,0.023221378000016557,23.221378000016557
1690,0.030959722000034162,30.959722000034162
1691,0.027458246999913172,27.45824699991317
1692,0.02348917600011191,23.48917600011191
1693,0.022811454000020603,22.811454000020603
1694,0.03268144900016523,32.68144900016523
1695,0.024372472999857564,24.372472999857564
1696,0.02440964100014753,24.40964100014753
1697,0.023347956000179693,23.347956000179693
1698,0.030180061000010028,30.180061000010028
1699,0.023977425999873958,23.977425999873958
1700,0.023675065000134055,23.675065000134055
1701,0.023416214999997464,23.416214999997464
1702,0.028786625000066124,28.786625000066124
1703,0.0233285250001245,23.3285250001245
1704,0.024207143000012366,24.207143000012366
1705,0.023014000999864948,23.014000999864948
1706,0.03496935199996187,34.96935199996187
1707,0.024009514999988824,24.009514999988824
1708,0.024270198000067467,24.270198000067467
1709,0.02325436199998876,23.25436199998876
1710,0.03061410700001943,30.61410700001943
1711,0.02469954000002872,24.69954000002872
1712,0.023720325000113007,23.720325000113007
1713,0.02242504699984238,22.42504699984238
1714,0.027117282000062914,27.117282000062914
1715,0.024286423000148716,24.286423000148716
1716,0.023172400000021298,23.172400000021298
1717,0.023286675000008472,23.286675000008472
1718,0.03506206899987774,35.06206899987774
1719,0.024951390000069296,24.951390000069296
1720,0.02387097700011509,23.87097700011509
1721,0.023897081999848524,23.897081999848524
1722,0.027175898999985293,27.175898999985293
1723,0.03021549799996137,30.21549799996137
1724,0.02377902200009885,23.77902200009885
1725,0.024815769000042565,24.815769000042565
1726,0.02967818399997668,29.67818399997668
1727,0.02994413400006124,29.94413400006124
1728,0.023785249999946245,23.785249999946245
1729,0.023467197999934797,23.467197999934797
1730,0.03166840599988063,31.668405999880633
1731,0.02473666600008073,24.73666600008073
1732,0.022953187999974034,22.953187999974034
1733,0.022927617000050304,22.927617000050304
1734,0.0344038289999844,34.4038289999844
1735,0.024961436000012327,24.961436000012327
1736,0.023767663999933575,23.767663999933575
1737,0.02393146400004298,23.93146400004298
1738,0.027205825999999433,27.205825999999433
1739,0.03023826599996937,30.23826599996937
1740,0.025470306999977765,25.470306999977765
1741,0.02495034100002158,24.95034100002158
1742,0.029025015999877724,29.025015999877724
1743,0.02870168599997669,28.70168599997669
1744,0.02422547800006214,24.22547800006214
1745,0.023638216999870565,23.638216999870565
1746,0.03302939700006391,33.02939700006391
1747,0.024759758999834958,24.759758999834958
1748,0.02399418799996056,23.99418799996056
1749,0.023632413999848723,23.632413999848723
1750,0.027339027000152782,27.339027000152782
1751,0.02476951999983612,24.76951999983612
1752,0.024494305999951393,24.494305999951393
1753,0.023242160000108925,23.242160000108925
1754,0.028218704999972033,28.218704999972033
1755,0.02459102900002108,24.59102900002108
1756,0.02353850400004376,23.53850400004376
1757,0.023698820999925374,23.698820999925374
1758,0.029136955000012676,29.136955000012676
1759,0.024704008000071553,24.704008000071553
1760,0.025650584000004528,25.650584000004528
1761,0.023632813999938662,23.632813999938662
1762,0.02980530600007114,29.80530600007114
1763,0.02501620099997126,25.01620099997126
1764,0.023105643000008058,23.105643000008058
1765,0.023209989999941172,23.209989999941172
1766,0.025219162999974287,25.219162999974287
1767,0.03589324799986571,35.89324799986571
1768,0.023334231000035288,23.334231000035288
1769,0.023286274999918533,23.286274999918533
1770,0.031052656000156276,31.052656000156276
1771,0.029762091000065993,29.762091000065993
1772,0.023823756000183494,23.823756000183494
1773,0.023776682000061555,23.776682000061555
1774,0.030361944000105723,30.361944000105723
1775,0.028866418999996313,28.866418999996313
1776,0.02372965299991847,23.72965299991847
1777,0.023961329000030673,23.961329000030673
1778,0.027539320000187217,27.539320000187217
1779,0.02815405399996962,28.15405399996962
1780,0.023109181000108947,23.109181000108947
1781,0.023207208000030732,23.207208000030732
1782,0.029960841000047367,29.960841000047367
1783,0.028089352999813855,28.089352999813855
1784,0.023121870000068157,23.121870000068157
1785,0.025845703999948455,25.845703999948455
1786,0.025138917000049332,25.138917000049332
1787,0.03651423699989209,36.51423699989209
1788,0.023618268000063836,23.618268000063836
1789,0.023774514000024283,23.774514000024283
1790,0.03123916299978191,31.23916299978191
1791,0.029951624999966953,29.951624999966953
1792,0.026197888000069725,26.197888000069725
1793,0.02781363799999781,27.81363799999781
1794,0.043548552999936874,43.548552999936874
1795,0.024229495000099632,24.229495000099632
1796,0.02271183600009863,22.71183600009863
1797,0.023358337999979994,23.358337999979994
1798,0.032684802999938256,32.684802999938256
1799,0.024638779000042632,24.638779000042632
1800,0.02372369699992305,23.72369699992305
1801,0.024049820999834992,24.049820999834992
1802,0.0294017870000971,29.4017870000971
1803,0.024275021999983437,24.275021999983437
1804,0.023654400999930658,23.654400999930658
1805,0.02363466699989658,23.63466699989658
1806,0.028598103000149422,28.598103000149422
1807,0.024896420999994007,24.896420999994007
1808,0.023888273000011395,23.888273000011395
1809,0.0241976600000271,24.1976600000271
1810,0.027938506000054986,27.938506000054986
1811,0.024837931000092794,24.837931000092794
1812,0.02299316199992063,22.99316199992063
1813,0.02343415699988327,23.43415699988327
1814,0.027318033000028663,27.318033000028663
1815,0.028578522000088924,28.578522000088924
1816,0.02325762999998915,23.25762999998915
1817,0.02335750499992173,23.35750499992173
1818,0.031196729000157575,31.196729000157575
1819,0.034447467000063625,34.447467000063625
1820,0.12317570300001535,123.17570300001535
1821,0.02367665500014482,23.67665500014482
1822,0.031493611000087185,31.493611000087185
1823,0.024830942999869876,24.830942999869876
1824,0.023086662999958207,23.086662999958207
1825,0.02311300199994548,23.11300199994548
1826,0.034908875999917655,34.908875999917655
1827,0.024832531000129165,24.832531000129165
1828,0.023663996999857773,23.663996999857773
1829,0.023921317000031195,23.921317000031195
1830,0.026900023000052897,26.900023000052897
1831,0.03237926899987542,32.37926899987542
1832,0.023737579999988156,23.737579999988156
1833,0.023697907000041596,23.697907000041596
1834,0.02976841300005617,29.76841300005617
1835,0.029026126999951884,29.026126999951884
1836,0.02323937799997111,23.23937799997111
1837,0.023192092999806846,23.192092999806846
1838,0.030629987000111214,30.629987000111214
1839,0.02875255100002505,28.75255100002505
1840,0.02315481200002978,23.15481200002978
1841,0.02337327700001879,23.37327700001879
1842,0.02546105099986562,25.46105099986562
1843,0.033849765000013576,33.849765000013576
1844,0.023905768000076932,23.905768000076932
1845,0.023908173000108945,23.908173000108945
1846,0.03608555699997851,36.08555699997851
1847,0.024589177000052587,24.589177000052587
1848,0.02293755300001976,22.93755300001976
1849,0.023123903000168866,23.123903000168866
1850,0.03180071199994927,31.80071199994927
1851,0.028976174000035826,28.976174000035826
1852,0.023270500000080574,23.270500000080574
1853,0.02290822300005857,22.90822300005857
1854,0.030871355000044787,30.871355000044787
1855,0.03220446099999208,32.20446099999208
1856,0.025239393999981985,25.239393999981985
1857,0.02554120099989632,25.54120099989632
1858,0.04675096500000109,46.75096500000109
1859,0.026590317999989566,26.590317999989566
1860,0.02846790799981136,28.46790799981136
1861,0.025900723999939146,25.900723999939146
1862,0.046963559999994686,46.963559999994686
1863,0.026120372999912433,26.120372999912433
1864,0.02273236199994244,22.73236199994244
1865,0.023484794000069087,23.484794000069087
1866,0.03990853100003733,39.90853100003733
1867,0.028043973999956506,28.043973999956506
1868,0.024967164000145203,24.967164000145203
1869,0.024402276000046186,24.402276000046186
1870,0.03302453799983596,33.02453799983596
1871,0.028646105999996507,28.646105999996507
1872,0.0224976819999938,22.4976819999938
1873,0.02160390499989262,21.60390499989262
1874,0.03552488199989057,35.52488199989057
1875,0.023432637999803774,23.432637999803774
1876,0.021312696999984837,21.312696999984837
1877,0.023893002000022534,23.893002000022534
1878,0.034173948999978165,34.173948999978165
1879,0.024239556000111406,24.239556000111406
1880,0.02158595399987462,21.58595399987462
1881,0.021539292999932513,21.539292999932513
1882,0.033502899000041,33.502899000041
1883,0.024636545000021215,24.636545000021215
1884,0.022078581999949165,22.078581999949165
1885,0.022141959000009592,22.141959000009592
1886,0.035764984999786975,35.764984999786975
1887,0.02426570200009337,24.26570200009337
1888,0.02187149499991392,21.87149499991392
1889,0.022044154000013805,22.044154000013805
1890,0.034236507000059646,34.236507000059646
1891,0.023401473000149053,23.401473000149053
1892,0.021361519999800294,21.361519999800294
1893,0.021585822000133703,21.585822000133703
1894,0.03603002399995603,36.03002399995603
1895,0.02417912200007777,24.17912200007777
1896,0.023854339999843432,23.854339999843432
1897,0.02306529199995566,23.06529199995566
1898,0.02917431200012288,29.17431200012288
1899,0.02463046699995175,24.63046699995175
1900,0.02416945200002374,24.16945200002374
1901,0.024127288000045155,24.127288000045155
1902,0.02732652200006669,27.32652200006669
1903,0.03537453600006302,35.37453600006302
1904,0.026452030999962517,26.452030999962517
1905,0.024125848000039696,24.125848000039696
1906,0.032334632999891255,32.334632999891255
1907,0.024958147000006647,24.958147000006647
1908,0.023768378999875495,23.768378999875495
1909,0.023737870999866573,23.737870999866573
1910,0.03977630600002158,39.77630600002158
1911,0.02467339500003618,24.67339500003618
1912,0.022992716000089786,22.992716000089786
1913,0.02366466499984199,23.66466499984199
1914,0.03108571600000687,31.08571600000687
1915,0.028397453000025052,28.397453000025052
1916,0.02321184099992024,23.21184099992024
1917,0.023374712000077125,23.374712000077125
1918,0.030903161999958684,30.903161999958684
1919,0.02959158400017259,29.59158400017259
1920,0.02368934400010403,23.68934400010403
1921,0.02380852600003891,23.80852600003891
1922,0.033725903999993534,33.725903999993534
1923,0.024510362000000896,24.510362000000896
1924,0.02317609499982609,23.17609499982609
1925,0.023348760000089896,23.348760000089896
1926,0.02731337000000167,27.31337000000167
1927,0.02385210299985374,23.85210299985374
1928,0.02312321499994141,23.12321499994141
1929,0.023099567000144816,23.099567000144816
1930,0.03438077100008741,34.38077100008741
1931,0.025318066999943767,25.318066999943767
1932,0.023642016000167132,23.642016000167132
1933,0.02376436500003365,23.76436500003365
1934,0.026954471000181,26.954471000181
1935,0.030579004999935933,30.579004999935933
1936,0.023572040999852106,23.572040999852106
1937,0.023203253000019686,23.203253000019686
1938,0.028961002999949415,28.961002999949415
1939,0.030966168000077232,30.966168000077232
1940,0.02316395000002558,23.16395000002558
1941,0.02293191599983402,22.93191599983402
1942,0.03387798499989003,33.87798499989003
1943,0.02762038599985317,27.62038599985317
1944,0.023038482999936605,23.038482999936605
1945,0.023246669000172915,23.246669000172915
1946,0.03236220000007961,32.36220000007961
1947,0.024815083000021332,24.815083000021332
1948,0.02367327399997521,23.67327399997521
1949,0.023791008999978658,23.791008999978658
1950,0.026959168000075806,26.959168000075806
1951,0.031721763000177816,31.721763000177816
1952,0.02362669200010714,23.62669200010714
1953,0.02501161200007118,25.01161200007118
1954,0.035282277000078466,35.282277000078466
1955,0.02851844099996015,28.51844099996015
1956,0.02302640000016254,23.02640000016254
1957,0.023060314000076687,23.060314000076687
1958,0.0338383010000598,33.8383010000598
1959,0.025339753000025667,25.339753000025667
1960,0.023704761999852053,23.704761999852053
1961,0.023679828000013003,23.679828000013003
1962,0.026117547000012564,26.117547000012564
1963,0.03201057900014348,32.01057900014348
1964,0.02305771199985429,23.05771199985429
1965,0.02326237200009018,23.26237200009018
1966,0.030120370999838997,30.120370999838997
1967,0.029183722999960082,29.183722999960082
1968,0.0230772170000364,23.0772170000364
1969,0.02305435799985389,23.05435799985389
1970,0.030425945000160937,30.425945000160937
1971,0.029564954000079524,29.564954000079524
1972,0.02353634099995361,23.53634099995361
1973,0.02358866899999157,23.58866899999157
1974,0.03209219500013205,32.09219500013205
1975,0.025179156000149305,25.179156000149305
1976,0.02300428299986379,23.00428299986379
1977,0.023725272999854496,23.725272999854496
1978,0.027325332999907914,27.325332999907914
1979,0.030063763000043764,30.063763000043764
1980,0.023520749999988766,23.520749999988766
1981,0.022944219999999405,22.944219999999405
1982,0.04013393599984738,40.13393599984738
1983,0.02443428500009759,24.43428500009759
1984,0.022957571000006283,22.957571000006283
1985,0.023213550000036776,23.213550000036776
1986,0.0294580939998923,29.4580939998923
1987,0.029607312000052843,29.607312000052843
1988,0.024417631000005713,24.417631000005713
1989,0.02368485200008763,23.68485200008763
1990,0.030615517000114778,30.615517000114778
1991,0.029196665999961624,29.196665999961624
1992,0.02313958700005969,23.13958700005969
1993,0.023412888000166276,23.412888000166276
1994,0.03440497399992637,34.40497399992637
1995,0.02507949899995765,25.07949899995765
1996,0.024016375999963202,24.016375999963202
1997,0.02357170599998426,23.57170599998426
1998,0.026285399000016696,26.285399000016696
1999,0.03312759699997514,33.12759699997514
2000,0.023726826000029178,23.726826000029178
2001,0.023632785999780026,23.632785999780026
2002,0.030676782000000458,30.676782000000458
2003,0.02887526299991805,28.87526299991805
2004,0.023188100000197664,23.188100000197664
2005,0.02310508799996569,23.10508799996569
2006,0.031579622999970525,31.579622999970525
2007,0.033024778000026345,33.024778000026345
2008,0.025706297000169798,25.706297000169798
2009,0.0245389100000466,24.5389100000466
2010,0.04358414900002572,43.58414900002572
2011,0.024568582000028982,24.568582000028982
2012,0.02384533500003272,23.84533500003272
2013,0.02326387900006921,23.26387900006921
2014,0.02617537700007233,26.17537700007233
2015,0.031332172000020364,31.332172000020364
2016,0.023155290999966383,23.155290999966383
2017,0.023102650999817342,23.102650999817342
2018,0.028811185999984446,28.811185999984446
2019,0.029527801999847725,29.527801999847725
2020,0.023331098999960886,23.331098999960886
2021,0.023029864000136513,23.029864000136513
2022,0.02919286200017268,29.19286200017268
2023,0.0297663480000665,29.7663480000665
2024,0.02364139999986037,23.64139999986037
2025,0.023660294000137583,23.660294000137583
2026,0.03096433799987608,30.96433799987608
2027,0.029397981000101936,29.397981000101936
2028,0.022986375000073167,22.986375000073167
2029,0.023265352000180428,23.265352000180428
2030,0.03199608099998841,31.996080999988408
2031,0.025059832999886567,25.059832999886567
2032,0.0236756179999702,23.6756179999702
2033,0.023742311000205518,23.742311000205518
2034,0.026498508000031507,26.498508000031507
2035,0.03535147100001268,35.35147100001268
2036,0.023750836999852254,23.750836999852254
2037,0.023730017999923803,23.730017999923803
2038,0.02952826199998526,29.52826199998526
2039,0.03028570799983754,30.28570799983754
2040,0.02315097199993943,23.15097199993943
2041,0.023325462000002517,23.325462000002517
2042,0.03006333700000141,30.06333700000141
2043,0.02875061400004597,28.75061400004597
2044,0.0231421149999278,23.1421149999278
2045,0.023447286999953576,23.447286999953576
2046,0.041229567999835126,41.229567999835126
2047,0.02506666099998256,25.06666099998256
2048,0.023208480999983294,23.208480999983294
2049,0.022776404000069306,22.776404000069306
2050,0.03524022999999943,35.24022999999943
2051,0.03058703799979412,30.58703799979412
2052,0.024686667999958445,24.686667999958445
2053,0.02580168400004368,25.80168400004368
2054,0.04211615100007293,42.11615100007293
2055,0.025840732999995453,25.840732999995453
2056,0.023022543000024598,23.022543000024598
2057,0.02442608699993798,24.42608699993798
2058,0.03690766500017162,36.90766500017162
2059,0.024590256999999838,24.590256999999838
2060,0.022892732999935106,22.892732999935106
2061,0.02327638599990678,23.27638599990678
2062,0.03176565499984463,31.765654999844628
2063,0.029558762000078787,29.558762000078787
2064,0.02350092799997583,23.50092799997583
2065,0.02428867799994805,24.28867799994805
2066,0.04245629699994424,42.45629699994424
2067,0.026234447999968324,26.234447999968324
2068,0.025984594999954425,25.984594999954425
2069,0.023869024000077843,23.869024000077843
2070,0.0342416339999545,34.2416339999545
2071,0.024079965999817432,24.079965999817432
2072,0.023121081999988746,23.121081999988746
2073,0.022994929000105913,22.994929000105913
2074,0.03207358000008753,32.07358000008753
2075,0.024956626999937725,24.956626999937725
2076,0.02377075499998682,23.77075499998682
2077,0.024715681000088807,24.715681000088807
2078,0.04174134299978505,41.74134299978505
2079,0.02654772400001093,26.54772400001093
2080,0.022851596999998947,22.851596999998947
2081,0.022921403000054852,22.921403000054852
2082,0.04034449799996764,40.34449799996764
2083,0.025273448000007193,25.273448000007193
2084,0.023231791000171143,23.231791000171143
2085,0.023229378999985784,23.229378999985784
2086,0.033670110999992175,33.670110999992175
2087,0.029993373000024803,29.993373000024803
2088,0.023673761000054583,23.673761000054583
2089,0.023657779000131995,23.657779000131995
2090,0.0362671739999314,36.2671739999314
2091,0.02498974900004214,24.98974900004214
2092,0.023597302000098352,23.597302000098352
2093,0.02370781700005864,23.70781700005864
2094,0.028399928999988333,28.399928999988333
2095,0.029725296999913553,29.725296999913553
2096,0.023470734999818887,23.470734999818887
2097,0.023492129000032946,23.492129000032946
2098,0.029795386999921902,29.795386999921902
2099,0.029416886999797498,29.416886999797498
2100,0.022942439999951603,22.942439999951603
2101,0.02406762999999046,24.06762999999046
2102,0.035394387999986066,35.394387999986066
2103,0.02503620599986789,25.03620599986789
2104,0.02368439500014574,23.68439500014574
2105,0.023772097999881225,23.772097999881225
2106,0.029258044000016525,29.258044000016525
2107,0.025061224000182847,25.061224000182847
2108,0.023471013000062158,23.471013000062158
2109,0.023004764000006617,23.004764000006617
2110,0.028051411999967968,28.051411999967968
2111,0.023976472999947873,23.976472999947873
2112,0.02304620899985821,23.04620899985821
2113,0.02310415700003432,23.10415700003432
2114,0.033439594000128636,33.439594000128636
2115,0.024879432000034285,24.879432000034285
2116,0.0241566080001121,24.1566080001121
2117,0.025543461000097523,25.543461000097523
2118,0.030832220999855053,30.832220999855053
2119,0.03207927399989785,32.07927399989785
2120,0.023960553000051732,23.960553000051732
2121,0.02352544499990472,23.52544499990472
2122,0.030864655000186758,30.864655000186758
2123,0.027295517000084146,27.295517000084146
2124,0.022848120999924504,22.848120999924504
2125,0.023231183999996574,23.231183999996574
2126,0.03208296299999347,32.08296299999347
2127,0.02552136100007374,25.52136100007374
2128,0.023673187999975198,23.673187999975198
2129,0.023884522999878754,23.884522999878754
2130,0.029867953000120906,29.867953000120906
2131,0.029129982000085874,29.129982000085874
2132,0.022879640000155632,22.879640000155632
2133,0.023392375999947035,23.392375999947035
2134,0.03500988399991911,35.00988399991911
2135,0.028798779999988255,28.798779999988255
2136,0.02361912200012739,23.61912200012739
2137,0.02386055499982831,23.86055499982831
2138,0.036613208999824565,36.613208999824565
2139,0.024422146999995675,24.422146999995675
2140,0.02345896199994968,23.45896199994968
2141,0.023509262000061426,23.509262000061426
2142,0.03142862000004243,31.42862000004243
2143,0.025119683999946574,25.119683999946574
2144,0.023249698999961765,23.249698999961765
2145,0.022911639000085415,22.911639000085415
2146,0.027945440999928906,27.945440999928906
2147,0.023404381999853285,23.404381999853285
2148,0.023218021000047884,23.218021000047884
2149,0.023115421000056813,23.115421000056813
2150,0.031127662000017153,31.127662000017153
2151,0.024846465000109674,24.846465000109674
2152,0.02361051299999417,23.61051299999417
2153,0.02365124899984039,23.65124899984039
2154,0.028022553000027983,28.022553000027983
2155,0.02439567100009299,24.39567100009299
2156,0.024065740999958507,24.065740999958507
2157,0.023252960000036182,23.252960000036182
2158,0.026906148999842117,26.906148999842117
2159,0.027819968999892808,27.819968999892808
2160,0.023349847999952544,23.349847999952544
2161,0.02318849800008138,23.18849800008138
2162,0.030198537999922337,30.198537999922337
2163,0.028295008999975835,28.295008999975835
2164,0.022969401000182188,22.969401000182188
2165,0.023363944000038828,23.363944000038828
2166,0.031243033000009746,31.243033000009746
2167,0.02699597199989512,26.99597199989512
2168,0.02352907299996332,23.52907299996332
2169,0.023574774000053367,23.574774000053367
2170,0.028758723000009923,28.758723000009923
2171,0.024466680000159613,24.466680000159613
2172,0.02361429000006865,23.61429000006865
2173,0.023531064000053448,23.531064000053448
2174,0.02851211000006515,28.51211000006515
2175,0.02392502899988358,23.92502899988358
2176,0.023450949000107357,23.450949000107357
2177,0.024157024000032834,24.157024000032834
2178,0.025292304999993576,25.292304999993576
2179,0.03290659700019205,32.90659700019205
2180,0.023825080000051457,23.825080000051457
2181,0.024076555999954508,24.076555999954508
2182,0.02911991099995248,29.11991099995248
2183,0.024394014999870706,24.394014999870706
2184,0.023905853000087518,23.905853000087518
2185,0.02501969900004042,25.01969900004042
2186,0.04320739199988566,43.20739199988566
2187,0.028682303000096,28.682303000096
2188,0.027831638000179737,27.831638000179737
2189,0.023976781000101255,23.976781000101255
2190,0.03581113800009916,35.81113800009916
2191,0.029899420999981885,29.899420999981885
2192,0.02763383999990765,27.63383999990765
2193,0.02603322400000252,26.03322400000252
2194,0.04660332399998879,46.60332399998879
2195,0.026326798999889434,26.326798999889434
2196,0.02356456999996226,23.56456999996226
2197,0.024344341999949393,24.344341999949393
2198,0.03561121400002776,35.61121400002776
2199,0.02696689599997626,26.96689599997626
2200,0.023111487000051056,23.111487000051056
2201,0.023117964999983087,23.117964999983087
2202,0.028940664000174365,28.940664000174365
2203,0.0250510559999384,25.0510559999384
2204,0.02369908199989368,23.69908199989368
2205,0.023848753000038414,23.848753000038414
2206,0.028960758000039277,28.960758000039277
2207,0.024722971999835863,24.722971999835863
2208,0.023681616999965627,23.681616999965627
2209,0.023203792000003887,23.203792000003887
2210,0.028426514000102543,28.426514000102543
2211,0.025908934999961275,25.908934999961275
2212,0.02317464700013261,23.17464700013261
2213,0.023292090000040844,23.292090000040844
2214,0.038478449999956865,38.478449999956865
2215,0.02534824400004254,25.34824400004254
2216,0.023841951000122208,23.841951000122208
2217,0.02393903400002273,23.93903400002273
2218,0.029766569000003074,29.766569000003074
2219,0.0295366660000127,29.5366660000127
2220,0.023193301000219435,23.193301000219435
2221,0.02293775800012554,22.93775800012554
2222,0.03021975100000418,30.21975100000418
2223,0.029782929000020886,29.782929000020886
2224,0.0231634749998193,23.1634749998193
2225,0.023208282000041436,23.208282000041436
2226,0.03253827999992609,32.53827999992609
2227,0.026170409000087602,26.170409000087602
2228,0.023709867999968992,23.709867999968992
2229,0.023874462999856405,23.874462999856405
2230,0.029576559999895835,29.576559999895835
2231,0.031177223999975467,31.177223999975467
2232,0.024722437000036734,24.722437000036734
2233,0.02591864600003646,25.91864600003646
2234,0.03149154299990187,31.491542999901867
2235,0.029186115000129575,29.186115000129575
2236,0.023188029999801074,23.188029999801074
2237,0.023389308000105302,23.389308000105302
2238,0.03386853999995765,33.86853999995765
2239,0.024752167000087866,24.752167000087866
2240,0.023653405999993993,23.653405999993993
2241,0.02376523900011307,23.76523900011307
2242,0.026656827000124395,26.656827000124395
2243,0.03260889000011957,32.60889000011957
2244,0.02389230599987968,23.89230599987968
2245,0.02384203399992657,23.84203399992657
2246,0.0299007910000455,29.9007910000455
2247,0.029804130999991685,29.804130999991685
2248,0.02308584200000041,23.08584200000041
2249,0.023233387999880506,23.233387999880506
2250,0.02814130899992051,28.14130899992051
2251,0.048438289000159784,48.438289000159784
2252,0.1429699289999462,142.9699289999462
2253,0.023080425999978615,23.080425999978615
2254,0.030258810999839625,30.258810999839625
2255,0.029170690000000832,29.170690000000832
2256,0.02312191700002586,23.12191700002586
2257,0.023309056000016426,23.309056000016426
2258,0.033037245000059556,33.037245000059556
2259,0.030474573999981658,30.474573999981658
2260,0.022871465999969587,22.871465999969587
2261,0.02376768399994944,23.76768399994944
2262,0.04245652299982794,42.45652299982794
2263,0.02551713299999392,25.51713299999392
2264,0.02283488600005512,22.83488600005512
2265,0.02330561899998429,23.30561899998429
2266,0.0335944500000096,33.5944500000096
2267,0.026283128999921246,26.283128999921246
2268,0.02309972100010782,23.09972100010782
2269,0.023083865999979025,23.083865999979025
2270,0.02561293299982026,25.61293299982026
2271,0.03375709900001311,33.75709900001311
2272,0.02316105700015214,23.16105700015214
2273,0.023404154999980165,23.404154999980165
2274,0.031240475999993578,31.240475999993578
2275,0.024297509000007267,24.297509000007267
2276,0.023029240000141726,23.029240000141726
2277,0.0239985319999505,23.9985319999505
2278,0.043142218999946635,43.142218999946635
2279,0.02546370899995054,25.46370899995054
2280,0.02356634300008409,23.56634300008409
2281,0.023961207999946055,23.961207999946055
2282,0.0408995180000602,40.8995180000602
2283,0.02558494899994912,25.58494899994912
2284,0.023355247000154122,23.355247000154122
2285,0.02350914700014073,23.50914700014073
2286,0.034066655999822615,34.066655999822615
2287,0.02987177199997859,29.87177199997859
2288,0.02293941800007815,22.93941800007815
2289,0.023883145000127115,23.883145000127115
2290,0.042872656000099596,42.872656000099596
2291,0.02430494300006103,24.30494300006103
2292,0.02257063900015055,22.57063900015055
2293,0.023541465000107564,23.541465000107564
2294,0.03238066600010825,32.38066600010825
2295,0.02927160199988066,29.27160199988066
2296,0.023992855999949825,23.992855999949825
2297,0.023726914000008037,23.726914000008037
2298,0.031054855999855135,31.054855999855135
2299,0.02463269700001547,24.63269700001547
2300,0.023610336000047027,23.610336000047027
2301,0.02385928800003967,23.85928800003967
2302,0.02724757500004671,27.24757500004671
2303,0.026433821000182434,26.433821000182434
2304,0.0233450210000683,23.3450210000683
2305,0.023178719000043202,23.178719000043202
2306,0.03419048900013877,34.19048900013877
2307,0.02497670399998242,24.97670399998242
2308,0.023731910999913453,23.731910999913453
2309,0.02545240300014484,25.45240300014484
2310,0.02684257600003548,26.84257600003548
2311,0.030957707999959894,30.957707999959894
2312,0.023192454999843903,23.192454999843903
2313,0.023064139000098294,23.064139000098294
2314,0.029305253000075027,29.305253000075027
2315,0.029327568999860887,29.327568999860887
2316,0.023151463999965927,23.151463999965927
2317,0.023210961999893698,23.210961999893698
2318,0.02997026299999561,29.97026299999561
2319,0.02919506300008834,29.19506300008834
2320,0.024152483000079883,24.152483000079883
2321,0.023945737000076406,23.945737000076406
2322,0.04159982500004844,41.59982500004844
2323,0.025654461999920386,25.654461999920386
2324,0.024032493000049726,24.032493000049726
2325,0.02336116099991159,23.36116099991159
2326,0.03194621899979211,31.94621899979211
2327,0.029103361000125005,29.103361000125005
2328,0.023175778999984686,23.175778999984686
2329,0.023182136000059472,23.182136000059472
2330,0.025349364000021524,25.349364000021524
2331,0.03318742999999813,33.18742999999813
2332,0.024715680000099383,24.715680000099383
2333,0.025003345000186528,25.003345000186528
2334,0.04630008200001612,46.30008200001612
2335,0.025673420999964947,25.673420999964947
2336,0.02322667399994316,23.22667399994316
2337,0.024188805999983742,24.188805999983742
2338,0.02721441800008506,27.21441800008506
2339,0.023963419999972757,23.963419999972757
2340,0.023027056000046286,23.027056000046286
2341,0.02303399500010528,23.03399500010528
2342,0.031620958000075916,31.620958000075916
2343,0.024865482999985034,24.865482999985034
2344,0.02440817199999401,24.40817199999401
2345,0.02367806400002337,23.67806400002337
2346,0.02793968099990707,27.93968099990707
2347,0.024320616000068185,24.320616000068185
2348,0.023068233000003602,23.0682330000036
2349,0.023378318000141007,23.378318000141007
2350,0.025601183999924615,25.601183999924615
2351,0.03318549700020412,33.18549700020412
2352,0.023328038000045126,23.328038000045126
2353,0.02392516899999464,23.92516899999464
2354,0.027796363999868845,27.796363999868845
2355,0.02615722900009132,26.15722900009132
2356,0.023688517999971737,23.688517999971737
2357,0.02363779200004501,23.63779200004501
2358,0.026859469000100944,26.859469000100944
2359,0.03201148100015416,32.01148100015416
2360,0.023786011000083818,23.786011000083818
2361,0.023420325999950364,23.420325999950364
2362,0.028994940999837127,28.994940999837127
2363,0.028147476999947685,28.147476999947685
2364,0.023230658999864318,23.230658999864318
2365,0.023985007999954178,23.985007999954178
2366,0.030751028999929986,30.751028999929986
2367,0.02909707599997091,29.09707599997091
2368,0.023705093999979,23.705093999979
2369,0.023664554000106364,23.664554000106364
2370,0.026531832999808103,26.531832999808103
2371,0.03525017599986313,35.25017599986313
2372,0.02317391800011137,23.17391800011137
2373,0.023399098000027152,23.399098000027152
2374,0.027145005999955174,27.145005999955174
2375,0.027623160999837637,27.623160999837637
2376,0.025287994999871444,25.287994999871444
2377,0.024302011999907336,24.302011999907336
2378,0.03711154899997382,37.11154899997382
2379,0.02468623300001127,24.68623300001127
2380,0.02341070700003911,23.41070700003911
2381,0.023511064999865994,23.511064999865994
2382,0.028540977000147905,28.540977000147905
2383,0.030791246000035244,30.791246000035244
2384,0.025944733000187625,25.944733000187625
2385,0.023581260000128168,23.581260000128168
2386,0.034329182999954355,34.329182999954355
2387,0.026285444999984975,26.285444999984975
2388,0.023637254000050234,23.637254000050234
2389,0.02394722400003957,23.94722400003957
2390,0.026489028000014514,26.489028000014514
2391,0.034304274000078294,34.304274000078294
2392,0.024806388999877527,24.806388999877527
2393,0.02592506099995262,25.92506099995262
2394,0.032826169999907506,32.826169999907506
2395,0.025219168000148784,25.219168000148784
2396,0.023557940000046074,23.557940000046074
2397,0.023613136999983908,23.613136999983908
2398,0.02757968799983246,27.57968799983246
2399,0.02705968300006134,27.05968300006134
2400,0.023056985999801327,23.056985999801327
2401,0.023225141000011718,23.225141000011718
2402,0.03197356700002274,31.97356700002274
2403,0.02460276400006478,24.60276400006478
2404,0.02383475700003146,23.83475700003146
2405,0.02389047299993763,23.89047299993763
2406,0.026987774999952308,26.987774999952308
2407,0.03372245600007773,33.72245600007773
2408,0.02301108300002852,23.01108300002852
2409,0.023470555000130844,23.470555000130844
2410,0.02549228999987463,25.49228999987463
2411,0.032535302000042066,32.535302000042066
2412,0.023357750999821292,23.35775099982129
2413,0.023475621999978102,23.475621999978102
2414,0.030169388999865987,30.169388999865987
2415,0.029250608999973338,29.250608999973338
2416,0.02343597399999453,23.43597399999453
2417,0.023762692999980572,23.762692999980572
2418,0.029838566999842442,29.838566999842442
2419,0.029555208999909155,29.555208999909155
2420,0.023155562000056307,23.155562000056307
2421,0.023161299999856055,23.161299999856055
2422,0.03144016500004909,31.44016500004909
2423,0.024196389999815437,24.196389999815437
2424,0.02348621600003753,23.48621600003753
2425,0.023702674000105617,23.702674000105617
2426,0.03299837299982755,32.99837299982755
2427,0.02592995800000608,25.92995800000608
2428,0.02372530499997083,23.72530499997083
2429,0.023665908000111813,23.665908000111813
2430,0.024890309000056732,24.89030900005673
2431,0.03302699000005305,33.02699000005305
2432,0.022931881999966208,22.93188199996621
2433,0.02291428100011217,22.91428100011217
2434,0.027095274999965113,27.095274999965113
2435,0.030989270999953078,30.989270999953078
2436,0.023338196999930005,23.338196999930005
2437,0.022761596000009376,22.761596000009376
2438,0.028640789999826666,28.640789999826666
2439,0.030408961000148338,30.408961000148338
2440,0.023649178000141546,23.649178000141546
2441,0.023488211000085357,23.488211000085357
2442,0.029585969999970985,29.585969999970985
2443,0.03354304399999819,33.54304399999819
2444,0.02617514200005644,26.17514200005644
2445,0.023969248999947013,23.969248999947013
2446,0.03230501100006222,32.30501100006222
2447,0.024113862999911362,24.113862999911362
2448,0.023062558999981775,23.062558999981775
2449,0.022965326000075947,22.965326000075947
2450,0.02572991500005628,25.72991500005628
2451,0.03322640400006094,33.22640400006094
2452,0.023042949999990014,23.042949999990014
2453,0.022877573999949163,22.877573999949163
2454,0.028918188000034206,28.918188000034206
2455,0.029528103000075134,29.528103000075134
2456,0.023642249999966225,23.642249999966225
2457,0.02366709600005379,23.66709600005379
2458,0.02911555299988322,29.11555299988322
2459,0.029053062999992108,29.053062999992108
2460,0.023384200000009514,23.384200000009514
2461,0.022908661999963442,22.908661999963442
2462,0.030136848999973154,30.136848999973154
2463,0.028777533000038602,28.777533000038602
2464,0.022878792000028625,22.878792000028625
2465,0.023212800999999672,23.212800999999672
2466,0.029378546999851096,29.378546999851096
2467,0.029354441000123188,29.354441000123188
2468,0.02293677300008312,22.93677300008312
2469,0.022872231000064858,22.872231000064858
2470,0.024915671999906408,24.915671999906408
2471,0.0330399080000916,33.0399080000916
2472,0.023874657000078514,23.874657000078514
2473,0.023687564000056227,23.687564000056227
2474,0.032076620999987426,32.076620999987426
2475,0.024497897999935958,24.497897999935958
2476,0.023616925999931482,23.616925999931482
2477,0.023737214999982825,23.737214999982825
2478,0.027663587000006373,27.663587000006373
2479,0.02486846700003298,24.86846700003298
2480,0.02287038500003291,22.87038500003291
2481,0.022934070000019346,22.934070000019346
2482,0.031297275000042646,31.297275000042646
2483,0.02617094700008238,26.17094700008238
2484,0.02396788100008962,23.96788100008962
2485,0.023670661999858567,23.670661999858567
2486,0.02716485099995225,27.16485099995225
2487,0.02560914200012121,25.60914200012121
2488,0.023155821000045762,23.155821000045762
2489,0.02307206499995118,23.07206499995118
2490,0.03124122899998838,31.24122899998838
2491,0.02565457599985166,25.65457599985166
2492,0.02364582299992435,23.64582299992435
2493,0.023506056999849534,23.506056999849534
2494,0.033764723999865964,33.764723999865964
2495,0.02432094899995718,24.32094899995718
2496,0.023406251999858796,23.406251999858796
2497,0.0233532939998895,23.3532939998895
2498,0.026542821000020922,26.542821000020922
2499,0.03220084500003395,32.20084500003395
2500,0.023493170999927315,23.493170999927315
2501,0.02372905900006117,23.72905900006117
2502,0.02979373499988469,29.79373499988469
2503,0.02940033000004405,29.40033000004405
2504,0.02298144799988222,22.98144799988222
2505,0.022963625000102184,22.963625000102184
2506,0.0301279309999245,30.1279309999245
2507,0.02884240900016266,28.84240900016266
2508,0.023552361000156452,23.552361000156452
2509,0.023411589000033928,23.411589000033928
2510,0.029654050000090137,29.654050000090137
2511,0.029609649999883914,29.609649999883914
2512,0.027303214999847114,27.303214999847114
2513,0.02523929499989208,25.23929499989208
2514,0.05053421899992827,50.53421899992827
2515,0.0338233830000263,33.8233830000263
2516,0.02528784099990844,25.28784099990844
2517,0.029681012000082774,29.681012000082774
2518,0.041114896999943085,41.114896999943085
2519,0.025214718999905017,25.214718999905017
2520,0.0232921859999351,23.2921859999351
2521,0.024951637000185656,24.951637000185656
2522,0.04016075599997748,40.16075599997748
2523,0.026871402000097078,26.871402000097078
2524,0.023676434999970297,23.676434999970297
2525,0.02377147199990759,23.77147199990759
2526,0.03651907600010418,36.51907600010418
2527,0.02437733300007494,24.37733300007494
2528,0.021754328000042733,21.754328000042733
2529,0.021612940999830244,21.612940999830244
2530,0.02776053200000206,27.76053200000206
2531,0.032533830999909696,32.533830999909696
2532,0.021607898000183923,21.607898000183923
2533,0.022064291000106095,22.064291000106095
2534,0.029023792000089088,29.023792000089088
2535,0.031641210999850955,31.641210999850955
2536,0.021146450000060213,21.146450000060213
2537,0.021464356000024054,21.464356000024054
2538,0.029611407999937,29.611407999937
2539,0.029260614000122587,29.260614000122587
2540,0.021300419999988662,21.300419999988662
2541,0.02151824299994587,21.51824299994587
2542,0.027125646000058623,27.125646000058623
2543,0.03383511500010172,33.83511500010172
2544,0.02817893099995672,28.17893099995672
2545,0.02235515300003499,22.35515300003499
2546,0.036850644999958604,36.850644999958604
2547,0.02478439900005469,24.78439900005469
2548,0.022042048999992403,22.042048999992403
2549,0.024996966000117027,24.996966000117027
2550,0.03231206400005249,32.31206400005249
2551,0.024326820999931442,24.326820999931442
2552,0.022603622000133328,22.603622000133328
2553,0.021877977000031024,21.877977000031024
2554,0.02895870800011835,28.95870800011835
2555,0.02710372199999256,27.10372199999256
2556,0.02140259799989508,21.40259799989508
2557,0.029206830000021,29.206830000021
2558,0.0402004190000298,40.2004190000298
2559,0.035419047000004866,35.419047000004866
2560,0.021279762999938612,21.27976299993861
2561,0.021396035000179836,21.396035000179836
2562,0.02887697300002401,28.87697300002401
2563,0.022234417999925427,22.234417999925427
2564,0.021827497999993284,21.827497999993284
2565,0.021911335000140753,21.911335000140753
2566,0.03327103100014028,33.27103100014028
2567,0.028973844999882203,28.973844999882203
2568,0.022736155000075087,22.736155000075087
2569,0.022395024000161357,22.395024000161357
2570,0.03289214300002641,32.89214300002641
2571,0.026104398999905243,26.104398999905243
2572,0.021407965999969747,21.407965999969747
2573,0.021446436999895013,21.446436999895013
2574,0.032673528999794144,32.673528999794144
2575,0.028101842000069155,28.101842000069155
2576,0.021615061999909813,21.615061999909813
2577,0.021650380999972185,21.650380999972185
2578,0.03433337499996014,34.33337499996014
2579,0.028109688999848004,28.109688999848004
2580,0.022375933000148507,22.375933000148507
2581,0.022031561999938276,22.031561999938276
2582,0.03411139800005003,34.11139800005003
2583,0.024759205000009388,24.759205000009388
2584,0.02188460299998951,21.88460299998951
2585,0.021625531000154297,21.625531000154297
2586,0.03353305499990711,33.53305499990711
2587,0.027623393000112628,27.623393000112628
2588,0.022454794999930527,22.454794999930527
2589,0.021453883000049245,21.453883000049245
2590,0.03395808799996303,33.95808799996303
2591,0.02689290299986169,26.89290299986169
2592,0.02190517799999725,21.90517799999725
2593,0.021847145000037926,21.847145000037926
2594,0.044511598000099184,44.511598000099184
2595,0.024465033000069525,24.465033000069525
2596,0.02189992200010238,21.89992200010238
2597,0.02121334299999944,21.21334299999944
2598,0.034312969000211524,34.312969000211524
2599,0.02334906900000533,23.34906900000533
2600,0.021304558999872825,21.304558999872825
2601,0.021287267999923642,21.287267999923642
2602,0.034354101999952036,34.354101999952036
2603,0.024318784000115556,24.318784000115556
2604,0.02187880699989364,21.87880699989364
2605,0.02190856799984431,21.90856799984431
2606,0.03655893399991328,36.55893399991328
2607,0.023464071999796943,23.464071999796943
2608,0.021527611000010438,21.527611000010438
2609,0.02454866299990499,24.54866299990499
2610,0.04381207699998413,43.81207699998413
2611,0.028137118999893573,28.137118999893573
2612,0.02176895999991757,21.76895999991757
2613,0.021319208000022627,21.319208000022627
2614,0.03225650600006702,32.25650600006702
2615,0.029823139999962223,29.823139999962223
2616,0.021891733000074964,21.891733000074964
2617,0.02171347000012247,21.71347000012247
2618,0.03309934100002465,33.09934100002465
2619,0.028642304999948465,28.642304999948465
2620,0.022009083000057217,22.009083000057217
2621,0.021459674999960043,21.459674999960043
2622,0.03319045700004608,33.19045700004608
2623,0.023338219999914145,23.338219999914145
2624,0.02148162800017417,21.48162800017417
2625,0.0217231429999174,21.7231429999174
2626,0.034605306999992536,34.605306999992536
2627,0.02693004100001417,26.93004100001417
2628,0.021907258000055663,21.907258000055663
2629,0.022226294999882157,22.226294999882157
2630,0.026599765000128173,26.599765000128173
2631,0.03461476200004654,34.61476200004654
2632,0.022219123000013496,22.219123000013496
2633,0.02223288599998341,22.23288599998341
2634,0.03328131900002518,33.28131900002518
2635,0.023233978000007482,23.233978000007482
2636,0.021727668000039557,21.727668000039557
2637,0.02267054599997209,22.67054599997209
2638,0.034160775999907855,34.160775999907855
2639,0.02438167899981636,24.38167899981636
2640,0.021820236000166915,21.820236000166915
2641,0.0217889059999834,21.7889059999834
2642,0.03428363100010756,34.28363100010756
2643,0.024957281000069997,24.957281000069997
2644,0.021313857999984975,21.313857999984975
2645,0.02141337900002327,21.41337900002327
2646,0.03310665100002552,33.10665100002552
2647,0.02779400800000076,27.79400800000076
2648,0.021649146999834556,21.649146999834556
2649,0.022616625999944517,22.616625999944517
2650,0.03295829699982278,32.95829699982278
2651,0.026119756000070993,26.119756000070993
2652,0.021624936000080197,21.624936000080197
2653,0.021948476000034134,21.948476000034134
2654,0.03393271200002346,33.93271200002346
2655,0.02777064299993981,27.77064299993981
2656,0.02213510799992946,22.13510799992946
2657,0.02199391099998138,21.99391099998138
2658,0.0325151150000238,32.5151150000238
2659,0.028264425999850573,28.264425999850573
2660,0.02153679799994279,21.53679799994279
2661,0.021127785999851767,21.127785999851767
2662,0.03295752099984384,32.95752099984384
2663,0.028421334000086063,28.421334000086063
2664,0.021311910000122225,21.311910000122225
2665,0.02171896300001208,21.71896300001208
2666,0.03295855000010306,32.95855000010306
2667,0.031522565000159375,31.522565000159375
2668,0.02825373199993919,28.25373199993919
2669,0.026092754000046625,26.092754000046625
2670,0.03617690900000525,36.17690900000525
2671,0.026681537000058597,26.681537000058597
2672,0.023526921999973638,23.526921999973638
2673,0.023152905999950235,23.152905999950235
2674,0.026958896999985882,26.958896999985882
2675,0.02701821700020446,27.01821700020446
2676,0.023177798999995503,23.177798999995503
2677,0.023422351000135677,23.422351000135677
2678,0.031231973000103608,31.231973000103608
2679,0.026262504999976954,26.262504999976954
2680,0.02373064899984456,23.73064899984456
2681,0.02591029400014122,25.91029400014122
2682,0.029220096000017293,29.220096000017293
2683,0.024422224000090864,24.422224000090864
2684,0.023161432000051718,23.161432000051718
2685,0.02324889000010444,23.24889000010444
2686,0.02680772700000489,26.80772700000489
2687,0.028620004000003973,28.620004000003973
2688,0.0601316439999664,60.1316439999664
2689,0.0726925899998605,72.6925899998605
2690,0.03702140900008999,37.02140900008999
2691,0.025431189000073573,25.431189000073573
2692,0.023769008000044778,23.769008000044778
2693,0.03076920200010136,30.76920200010136
2694,0.02739181800006918,27.39181800006918
2695,0.023592997000150717,23.592997000150717
2696,0.02277793999996902,22.77793999996902
2697,0.03235932199982017,32.35932199982017
2698,0.023840607000011005,23.840607000011005
2699,0.024237964000121792,24.237964000121792
2700,0.02319353300003968,23.19353300003968
2701,0.028304077000029793,28.304077000029793
2702,0.02445469500003128,24.45469500003128
2703,0.023552688999870952,23.552688999870952
2704,0.022759670999903392,22.759670999903392
2705,0.03199141000004602,31.991410000046017
2706,0.025153434000003472,25.15343400000347
2707,0.025194855999870924,25.194855999870924
2708,0.024732306000032622,24.732306000032622
2709,0.037050039999940054,37.050039999940054
2710,0.024197887999889645,24.197887999889645
2711,0.025173774999984744,25.173774999984744
2712,0.022521610000012515,22.521610000012515
2713,0.029960535000100208,29.960535000100208
2714,0.028395808999903238,28.395808999903238
2715,0.023471645999961765,23.471645999961765
2716,0.022795144000156142,22.795144000156142
2717,0.03447698000013588,34.47698000013588
2718,0.02516790699996818,25.16790699996818
2719,0.024169956999912756,24.169956999912756
2720,0.023168733000147768,23.168733000147768
2721,0.028098716000158674,28.098716000158674
2722,0.026382841000213375,26.382841000213375
2723,0.024842249999892374,24.842249999892374
2724,0.02551724699992519,25.51724699992519
2725,0.02829251900016061,28.29251900016061
2726,0.023911089999955948,23.911089999955948
2727,0.02444222499980242,24.44222499980242
2728,0.023281048999933773,23.281048999933773
2729,0.02948796600003334,29.48796600003334
2730,0.02409743500015793,24.09743500015793
2731,0.024370082999894294,24.370082999894294
2732,0.023195461000113937,23.195461000113937
2733,0.028207729000087056,28.207729000087056
2734,0.024019696999857842,24.019696999857842
2735,0.02422158500007754,24.22158500007754
2736,0.022584209000115152,22.584209000115152
2737,0.03181625000001986,31.816250000019863
2738,0.023980076000043482,23.980076000043482
2739,0.024073395000186792,24.073395000186792
2740,0.023193771000023844,23.193771000023844
2741,0.027751122999916333,27.751122999916333
2742,0.026916896000102497,26.916896000102497
2743,0.023944357000118544,23.944357000118544
2744,0.024296489000107613,24.296489000107613
2745,0.02821008899991284,28.21008899991284
2746,0.0270034749999013,27.0034749999013
2747,0.02425822000009248,24.25822000009248
2748,0.02263811800003168,22.63811800003168
2749,0.03173667300006855,31.73667300006855
2750,0.02507320799986701,25.07320799986701
2751,0.02424348799991094,24.24348799991094
2752,0.023994063000145616,23.994063000145616
2753,0.02837986200006526,28.37986200006526
2754,0.023839340999984415,23.839340999984415
2755,0.02373169800011965,23.73169800011965
2756,0.02258624499995676,22.58624499995676
2757,0.031761138000092615,31.761138000092615
2758,0.023347152000042115,23.347152000042115
2759,0.02527302199996484,25.27302199996484
2760,0.022714065999934974,22.714065999934974
2761,0.027990799000008337,27.990799000008337
2762,0.02744659099994351,27.44659099994351
2763,0.024262820999865653,24.262820999865653
2764,0.023200728999881903,23.200728999881903
2765,0.02822959400009495,28.22959400009495
2766,0.026248174999864204,26.248174999864204
2767,0.023540183000022807,23.540183000022807
2768,0.0227328819999002,22.7328819999002
2769,0.02979504000018096,29.79504000018096
2770,0.034565701000019544,34.565701000019544
2771,0.02394420799987529,23.94420799987529
2772,0.022694490000048972,22.694490000048972
2773,0.030327160999831904,30.327160999831904
2774,0.028199302000075477,28.199302000075477
2775,0.0260657110000011,26.0657110000011
2776,0.02583134500014239,25.83134500014239
2777,0.0419110880000062,41.9110880000062
2778,0.024390068999991854,24.390068999991854
2779,0.02405658000020594,24.05658000020594
2780,0.022480690000065806,22.480690000065806
2781,0.03369684600011169,33.69684600011169
2782,0.02319220399999722,23.19220399999722
2783,0.02312458599999445,23.12458599999445
2784,0.022803050999982588,22.803050999982588
2785,0.030709402999946178,30.709402999946178
2786,0.02818712799989953,28.18712799989953
2787,0.02359845499995572,23.59845499995572
2788,0.022890376000077595,22.890376000077595
2789,0.029591265000135536,29.591265000135536
2790,0.02786754699991434,27.86754699991434
2791,0.02379861500003244,23.79861500003244
2792,0.023180402999969374,23.180402999969374
2793,0.03297184500002004,32.97184500002004
2794,0.02887993700005609,28.87993700005609
2795,0.024133139000014125,24.133139000014125
2796,0.023178146999953242,23.178146999953242
2797,0.04131228800019926,41.31228800019926
2798,0.024435104000076535,24.435104000076535
2799,0.023851443000012296,23.851443000012296
2800,0.022958583999979965,22.958583999979965
2801,0.03240918900019096,32.40918900019096
2802,0.027986016999875574,27.986016999875574
2803,0.02358601300011287,23.58601300011287
2804,0.02280591699991419,22.80591699991419
2805,0.0315050419999352,31.5050419999352
2806,0.028081761000066763,28.081761000066763
2807,0.024225093999802993,24.225093999802993
2808,0.022533709999834173,22.533709999834173
2809,0.03734762899989619,37.34762899989619
2810,0.02387565000003633,23.87565000003633
2811,0.024113437000096383,24.113437000096383
2812,0.023012549999975818,23.012549999975818
2813,0.027168763999952716,27.168763999952716
2814,0.030579062000015256,30.579062000015256
2815,0.02422997300004681,24.22997300004681
2816,0.022599493999905462,22.599493999905462
2817,0.02924232099985602,29.24232099985602
2818,0.028848846000073536,28.848846000073536
2819,0.024068935000059355,24.068935000059355
2820,0.022347309999986464,22.347309999986464
2821,0.028712604000020292,28.712604000020292
2822,0.02848657699996693,28.48657699996693
2823,0.02341826899987609,23.41826899987609
2824,0.02259654599993155,22.59654599993155
2825,0.029528267000159758,29.528267000159758
2826,0.02870246599991333,28.70246599991333
2827,0.024272502000030727,24.272502000030727
2828,0.02315512499990291,23.15512499990291
2829,0.030540950999920824,30.540950999920824
2830,0.02867979400002696,28.67979400002696
2831,0.02321705800000018,23.21705800000018
2832,0.022509249999984604,22.509249999984604
2833,0.031143458000087776,31.143458000087776
2834,0.02755590999981905,27.55590999981905
2835,0.023671128999922075,23.671128999922075
2836,0.022480601000097522,22.480601000097522
2837,0.030410814000106257,30.410814000106257
2838,0.026684501000090677,26.684501000090677
2839,0.02331964700010758,23.31964700010758
2840,0.022466927000095893,22.466927000095893
2841,0.030951685999980327,30.951685999980327
2842,0.03433135599993875,34.33135599993875
2843,0.02642600800004402,26.42600800004402
2844,0.025088520999815955,25.088520999815955
2845,0.031118527000217,31.118527000217
2846,0.02760273499984578,27.60273499984578
2847,0.02719883800000389,27.19883800000389
2848,0.023982879000186585,23.982879000186585
2849,0.02711043299996163,27.11043299996163
2850,0.0303322559998378,30.3322559998378
2851,0.02650844700019661,26.50844700019661
2852,0.026749241000061375,26.749241000061375
2853,0.03672234400005436,36.72234400005436
2854,0.030860784999958923,30.860784999958923
2855,0.02418996000005791,24.18996000005791
2856,0.022370557000158442,22.370557000158442
2857,0.031470744999978706,31.470744999978706
2858,0.028389208000135113,28.389208000135113
2859,0.024358236999887595,24.358236999887595
2860,0.022938614999929996,22.938614999929996
2861,0.03176880900014112,31.76880900014112
2862,0.027014955999902668,27.014955999902668
2863,0.023904312000013306,23.904312000013306
2864,0.022917203000133668,22.917203000133668
2865,0.03215932700004487,32.15932700004487
2866,0.023378071000024647,23.378071000024647
2867,0.023885570000174994,23.885570000174994
2868,0.02329047300008824,23.29047300008824
2869,0.027933403999895745,27.933403999895745
2870,0.02765058900013173,27.65058900013173
2871,0.02341668600001867,23.41668600001867
2872,0.02251366800010146,22.51366800010146
2873,0.031012148999934652,31.012148999934652
2874,0.027905943000178013,27.905943000178013
2875,0.023952462999886848,23.952462999886848
2876,0.02313279099985266,23.13279099985266
2877,0.027399880000075427,27.399880000075427
2878,0.03375397500008148,33.75397500008148
2879,0.023428148999983023,23.428148999983023
2880,0.022475431999964712,22.475431999964712
2881,0.026493730999845866,26.493730999845866
2882,0.031842533999906664,31.842533999906664
2883,0.02401599199993143,24.01599199993143
2884,0.02304899499995372,23.04899499995372
2885,0.030809488000159035,30.809488000159035
2886,0.02935350500001732,29.35350500001732
2887,0.023729949000198758,23.729949000198758
2888,0.022875947999864366,22.875947999864366
2889,0.03448637900009999,34.48637900009999
2890,0.024605799000028128,24.605799000028128
2891,0.025943874999939,25.943874999939
2892,0.02287144599995372,22.87144599995372
2893,0.029424521999999342,29.424521999999342
2894,0.023700506999830395,23.700506999830395
2895,0.02399031599998125,23.99031599998125
2896,0.023111991999940074,23.111991999940074
2897,0.028364182000132132,28.364182000132132
2898,0.02356684099981976,23.56684099981976
2899,0.023883152000053087,23.883152000053087
2900,0.02241240100011055,22.41240100011055
2901,0.034681853999927625,34.681853999927625
2902,0.02363645200011888,23.63645200011888
2903,0.023364670999853843,23.364670999853843
2904,0.022373461000142925,22.373461000142925
2905,0.03398633000006157,33.98633000006157
2906,0.0239454239999759,23.9454239999759
2907,0.024525222999955076,24.525222999955076
2908,0.023286782000013773,23.286782000013773
2909,0.028708309999956327,28.708309999956327
2910,0.023970175999920684,23.970175999920684
2911,0.023912784999993164,23.912784999993164
2912,0.023128402999873288,23.128402999873288
2913,0.02974253200000021,29.74253200000021
2914,0.02392007299999932,23.92007299999932
2915,0.024370995000026596,24.370995000026596
2916,0.02248042099995473,22.48042099995473
2917,0.02815943099994911,28.15943099994911
2918,0.02717684599997483,27.17684599997483
2919,0.023765678000017942,23.765678000017942
2920,0.022560833999932584,22.560833999932584
2921,0.031124451000096087,31.124451000096087
2922,0.024697111000023142,24.697111000023142
2923,0.023641661000056047,23.641661000056047
2924,0.022551790000079563,22.551790000079563
2925,0.031139994000113802,31.139994000113802
2926,0.026544070999989344,26.544070999989344
2927,0.02415381399987382,24.15381399987382
2928,0.02318940199984354,23.18940199984354
2929,0.025792030000047816,25.792030000047816
2930,0.03451617899986559,34.51617899986559
2931,0.02369171100008316,23.69171100008316
2932,0.022490911000204505,22.490911000204505
2933,0.02688074200000301,26.88074200000301
2934,0.030066672999964794,30.066672999964794
2935,0.02439682699991863,24.39682699991863
2936,0.023905629999944722,23.905629999944722
2937,0.03708766500017191,37.08766500017191
2938,0.026356805999967037,26.356805999967037
2939,0.023413656000002447,23.413656000002447
2940,0.022552868000047965,22.552868000047965
2941,0.029206565999857048,29.206565999857048
2942,0.02686791699989044,26.86791699989044
2943,0.023615053999947122,23.615053999947122
2944,0.022702041999991707,22.702041999991707
2945,0.02782045100002506,27.82045100002506
2946,0.025902461999976367,25.902461999976367
2947,0.024272319999909087,24.272319999909087
2948,0.023161098999935348,23.161098999935348
2949,0.02622506800003066,26.22506800003066
2950,0.031900182999834215,31.900182999834215
2951,0.02528762900010406,25.28762900010406
2952,0.022819102000084968,22.819102000084968
2953,0.028243030999874463,28.243030999874463
2954,0.029162057000121422,29.162057000121422
2955,0.023503123000182313,23.503123000182313
2956,0.022567420000086713,22.567420000086713
2957,0.029074610999941797,29.074610999941797
2958,0.02926347600009649,29.26347600009649
2959,0.023975200999984736,23.975200999984736
2960,0.022568997000007585,22.568997000007585
2961,0.03170268400003806,31.70268400003806
2962,0.028541165999968143,28.541165999968143
2963,0.023986892000039006,23.986892000039006
2964,0.023114518000056705,23.114518000056705
2965,0.03265843000008317,32.65843000008317
2966,0.02392838700006905,23.92838700006905
2967,0.023269144999858327,23.269144999858327
2968,0.02266233699992881,22.66233699992881
2969,0.026219145000140998,26.219145000140998
2970,0.03421074499988208,34.21074499988208
2971,0.023746065000068484,23.746065000068484
2972,0.022882816999981515,22.882816999981515
2973,0.028017427999884603,28.017427999884603
2974,0.02316908600005263,23.16908600005263
2975,0.023825496999961615,23.825496999961615
2976,0.022624115000098755,22.624115000098755
2977,0.03313678900008199,33.13678900008199
2978,0.024149255999873276,24.149255999873276
2979,0.024119100000007165,24.119100000007165
2980,0.023323246000018116,23.323246000018116
2981,0.028495359000089593,28.495359000089593
2982,0.02379434499994204,23.79434499994204
2983,0.024627573000088887,24.627573000088887
2984,0.022427558999879693,22.427558999879693
2985,0.034668992999968395,34.668992999968395
2986,0.024455163000084212,24.455163000084212
2987,0.024119168999959584,24.119168999959584
2988,0.023423481000008906,23.423481000008906
2989,0.026625673999888022,26.625673999888022
2990,0.030806706000021222,30.806706000021222
2991,0.024187028000142163,24.187028000142163
2992,0.023206938999919657,23.206938999919657
2993,0.029265531999953964,29.265531999953964
2994,0.028717169999936232,28.71716999993623
2995,0.023692669999945792,23.692669999945792
2996,0.022543863999999303,22.543863999999303
2997,0.02984418800019739,29.84418800019739
2998,0.028137237000009918,28.137237000009918
2999,0.023695661000147084,23.695661000147084
3000,0.022572050999997373,22.572050999997373
3001,0.028719662999947104,28.719662999947104
3002,0.030218728999898303,30.218728999898303
3003,0.025996525000209658,25.996525000209658
3004,0.02685915400002159,26.85915400002159
3005,0.03431429600004776,34.31429600004776
3006,0.03622283000004245,36.22283000004245
3007,0.026625381000030757,26.625381000030757
3008,0.023684407000018837,23.684407000018837
3009,0.029862413000046217,29.862413000046217
3010,0.029278889999886815,29.278889999886815
3011,0.023706776999915746,23.706776999915746
3012,0.022562733999848206,22.562733999848206
3013,0.029741793999846777,29.741793999846777
3014,0.02820521400008147,28.20521400008147
3015,0.023848713999996107,23.848713999996107
3016,0.022450866000099268,22.450866000099268
3017,0.03045938000013848,30.45938000013848
3018,0.02831784999989395,28.31784999989395
3019,0.024192854999910196,24.192854999910196
3020,0.02236508800001502,22.36508800001502
3021,0.030478013999982068,30.478013999982068
3022,0.02857082199989236,28.57082199989236
3023,0.024113293000027625,24.113293000027625
3024,0.02323674400008713,23.23674400008713
3025,0.03444932399997924,34.44932399997924
3026,0.024016294999910315,24.016294999910315
3027,0.02456896799981223,24.56896799981223
3028,0.023430641999993895,23.430641999993895
3029,0.02606047600011152,26.06047600011152
3030,0.03148483000018132,31.48483000018132
3031,0.023870714000167936,23.870714000167936
3032,0.022455974999957107,22.455974999957107
3033,0.03042317999984334,30.42317999984334
3034,0.028541985999936514,28.541985999936514
3035,0.024599430000080247,24.599430000080247
3036,0.023361771000054432,23.361771000054432
3037,0.035499270999935106,35.499270999935106
3038,0.024191746000042258,24.191746000042258
3039,0.023394711000037205,23.394711000037205
3040,0.022631460000184234,22.631460000184234
3041,0.03294237299996894,32.94237299996894
3042,0.024914028000011967,24.914028000011967
3043,0.026219557000104032,26.219557000104032
3044,0.02455049900004269,24.55049900004269
3045,0.03462162499999977,34.62162499999977
3046,0.028570510999998078,28.570510999998078
3047,0.02571065000006456,25.71065000006456
3048,0.02289137499997196,22.89137499997196
3049,0.036396093999883306,36.396093999883306
3050,0.023862895000092976,23.862895000092976
3051,0.02450003000012657,24.50003000012657
3052,0.023312829999895257,23.312829999895257
3053,0.03081518299995878,30.81518299995878
3054,0.02832683600013297,28.32683600013297
3055,0.02352620300007402,23.52620300007402
3056,0.028528104000088206,28.528104000088206
3057,0.04384463099995628,43.84463099995628
3058,0.026888134999808244,26.888134999808244
3059,0.023516968000194538,23.516968000194538
3060,0.022588721000147416,22.588721000147416
3061,0.0292186760000277,29.2186760000277
3062,0.028771588999916275,28.771588999916275
3063,0.024304449000055683,24.304449000055683
3064,0.0233497819999684,23.3497819999684
3065,0.031252900000026784,31.252900000026784
3066,0.02830120400017222,28.30120400017222
3067,0.024039255999923625,24.039255999923625
3068,0.0233522159999211,23.3522159999211
3069,0.02813330899994071,28.13330899994071
3070,0.02684574399995654,26.84574399995654
3071,0.023606817999962004,23.606817999962004
3072,0.022503273999973317,22.503273999973317
3073,0.031138327999997273,31.138327999997273
3074,0.025341038999840748,25.341038999840748
3075,0.023537124999847947,23.537124999847947
3076,0.022642032000021572,22.642032000021572
3077,0.031396210000139035,31.396210000139035
3078,0.02422389999992447,24.22389999992447
3079,0.024391982999986794,24.391982999986794
3080,0.02297563199999786,22.97563199999786
3081,0.02837817299996459,28.37817299996459
3082,0.027487231000122847,27.487231000122847
3083,0.0239624040000308,23.9624040000308
3084,0.02299631699997917,22.99631699997917
3085,0.02786367299995618,27.86367299995618
3086,0.026700205999986792,26.700205999986792
3087,0.024009071000136828,24.009071000136828
3088,0.02261878300009812,22.61878300009812
3089,0.03173713899991526,31.73713899991526
3090,0.023987441999906878,23.987441999906878
3091,0.023918052999988504,23.918052999988504
3092,0.024673094000036144,24.673094000036144
3093,0.02958009500002845,29.58009500002845
3094,0.02399277299991809,23.99277299991809
3095,0.02334986400001071,23.34986400001071
3096,0.022487845000114248,22.48784500011425
3097,0.02768174499988163,27.68174499988163
3098,0.027369384000166974,27.369384000166974
3099,0.02334066499997789,23.34066499997789
3100,0.02254233700000441,22.54233700000441
3101,0.030457945000080144,30.457945000080144
3102,0.029588009000008242,29.588009000008242
3103,0.02347801500013702,23.47801500013702
3104,0.022715853999898172,22.715853999898172
3105,0.02800795199982531,28.00795199982531
3106,0.027898904000039693,27.898904000039693
3107,0.02391062099991359,23.91062099991359
3108,0.023597565000045506,23.597565000045506
3109,0.028588346000105958,28.588346000105958
3110,0.03920613499985848,39.20613499985848
3111,0.02511845000003632,25.11845000003632
3112,0.02343065300010494,23.43065300010494
3113,0.03413162199990438,34.13162199990438
3114,0.02393806599980053,23.93806599980053
3115,0.02404362399988713,24.04362399988713
3116,0.02314076900006512,23.14076900006512
3117,0.027800973000012164,27.800973000012164
3118,0.02381532699996569,23.81532699996569
3119,0.02388850000011189,23.88850000011189
3120,0.022528418000092643,22.528418000092643
3121,0.1452381349999996,145.2381349999996
3122,0.04812205600001107,48.12205600001107
3123,0.023271391000207586,23.271391000207586
3124,0.022652914999980567,22.652914999980567
3125,0.035185031000082745,35.185031000082745
3126,0.027030960000047344,27.030960000047344
3127,0.02409296800010452,24.09296800010452
3128,0.022448062999956164,22.448062999956164
3129,0.032235514999911175,32.235514999911175
3130,0.02809830499995769,28.09830499995769
3131,0.023950707000039984,23.950707000039984
3132,0.02237096599992583,22.37096599992583
3133,0.02998123299994404,29.98123299994404
3134,0.02837126999997963,28.37126999997963
3135,0.024055412000052456,24.055412000052456
3136,0.023198085999865725,23.198085999865725
3137,0.030711160999999265,30.711160999999265
3138,0.028492716000073415,28.492716000073415
3139,0.02399243599984402,23.99243599984402
3140,0.02238529400005973,22.38529400005973
3141,0.03167143500013481,31.671435000134807
3142,0.02493014299989227,24.93014299989227
3143,0.02396598600012112,23.96598600012112
3144,0.022654050000028292,22.654050000028292
3145,0.0325724319998244,32.5724319998244
3146,0.023817605999965963,23.817605999965963
3147,0.024421990000064397,24.421990000064397
3148,0.023569081999994523,23.569081999994523
3149,0.02799300700007734,27.99300700007734
3150,0.023808003000112876,23.808003000112876
3151,0.023916814999893177,23.916814999893177
3152,0.022503607999851738,22.503607999851738
3153,0.03258296000012706,32.58296000012706
3154,0.02392274599992561,23.92274599992561
3155,0.023976765000043088,23.976765000043088
3156,0.02259475100004238,22.59475100004238
3157,0.027891585000134,27.891585000134
3158,0.027201977999993687,27.201977999993687
3159,0.02353991500012853,23.53991500012853
3160,0.022346634999848902,22.346634999848902
3161,0.03222394199997325,32.22394199997325
3162,0.02389360699999088,23.89360699999088
3163,0.023955718999786768,23.955718999786768
3164,0.023496665000038774,23.496665000038774
3165,0.02697292299990295,26.97292299990295
3166,0.03524635300004775,35.24635300004775
3167,0.02435795699989285,24.35795699989285
3168,0.023178426999947987,23.178426999947987
3169,0.0305446249999477,30.5446249999477
3170,0.028343201999859957,28.343201999859957
3171,0.025162758999840662,25.162758999840662
3172,0.025382318000083615,25.382318000083615
3173,0.04502203799984272,45.02203799984272
3174,0.032928840999829845,32.928840999829845
3175,0.029014848999850074,29.014848999850074
3176,0.025184482999975444,25.184482999975444
3177,0.0457646190000105,45.7646190000105
3178,0.027966818999857423,27.966818999857423
3179,0.023458846000039557,23.458846000039557
3180,0.02264312100010102,22.64312100010102
3181,0.07977167800004281,79.77167800004281
3182,0.02430670600006124,24.30670600006124
3183,0.023667822999868804,23.667822999868804
3184,0.02254230399989865,22.54230399989865
3185,0.03798281799981851,37.98281799981851
3186,0.025725749000002907,25.725749000002907
3187,0.02417800799980796,24.17800799980796
3188,0.022305080000023736,22.305080000023736
3189,0.035575582000092254,35.575582000092254
3190,0.023479115999862188,23.479115999862188
3191,0.023305718999836245,23.305718999836245
3192,0.022743871000102445,22.743871000102445
3193,0.03772514999991472,37.72514999991472
3194,0.023598958999855313,23.598958999855313
3195,0.023624680000011722,23.624680000011722
3196,0.0225704219999443,22.5704219999443
3197,0.029967188000000533,29.967188000000533
3198,0.028456390999963332,28.456390999963332
3199,0.02401776700003211,24.01776700003211
3200,0.02324064999993425,23.24064999993425
3201,0.029906009000114864,29.906009000114864
3202,0.028387634999944567,28.387634999944567
3203,0.023656974999994418,23.656974999994418
3204,0.02277450199994746,22.77450199994746
3205,0.03065037500005019,30.65037500005019
3206,0.028302424000003157,28.302424000003157
3207,0.02365415799999937,23.65415799999937
3208,0.02217978699991363,22.17978699991363
3209,0.03129688599983638,31.296885999836377
3210,0.027799859999959153,27.799859999959153
3211,0.023481504999836034,23.481504999836034
3212,0.02253025599998182,22.53025599998182
3213,0.030712860999983604,30.712860999983604
3214,0.028535711000131414,28.535711000131414
3215,0.024086932000045636,24.086932000045636
3216,0.02320080100002997,23.20080100002997
3217,0.027665258000070025,27.665258000070025
3218,0.040950516999828324,40.950516999828324
3219,0.025216361000047982,25.216361000047982
3220,0.0236812429998281,23.6812429998281
3221,0.03824911200013048,38.24911200013048
3222,0.02486498500002199,24.86498500002199
3223,0.023319813999933103,23.319813999933103
3224,0.022342375999869546,22.342375999869546
3225,0.03810353600010785,38.10353600010785
3226,0.025036699999873235,25.036699999873235
3227,0.023393994999878487,23.393994999878487
3228,0.022423162999984925,22.423162999984925
3229,0.03697067200005222,36.97067200005222
3230,0.02362634899986915,23.62634899986915
3231,0.024444878999929642,24.444878999929642
3232,0.023290291999956025,23.290291999956025
3233,0.029255916000010984,29.255916000010984
3234,0.040231184999811376,40.231184999811376
3235,0.02435857700015731,24.35857700015731
3236,0.0231680699998833,23.1680699998833
3237,0.03004799800010005,30.04799800010005
3238,0.028316470000163463,28.316470000163463
3239,0.023477886999899056,23.477886999899056
3240,0.02271490700013601,22.71490700013601
3241,0.025371633000077054,25.371633000077054
3242,0.031575759999896036,31.575759999896036
3243,0.02476217799994629,24.76217799994629
3244,0.023340746000030776,23.340746000030776
3245,0.03391116400007377,33.91116400007377
3246,0.024101534999999785,24.101534999999785
3247,0.024096616999941034,24.096616999941034
3248,0.022996812999963367,22.996812999963367
3249,0.027513688999988517,27.513688999988517
3250,0.02311803699990378,23.11803699990378
3251,0.023597818999860465,23.597818999860465
3252,0.023003951999953642,23.003951999953642
3253,0.03647160800005622,36.47160800005622
3254,0.02392356700011078,23.92356700011078
3255,0.02393485899983716,23.93485899983716
3256,0.022975664000114193,22.975664000114193
3257,0.02726168599997436,27.26168599997436
3258,0.031233685999950467,31.233685999950467
3259,0.02378856900008941,23.78856900008941
3260,0.023447343000043475,23.447343000043475
3261,0.030041683000035846,30.041683000035846
3262,0.028334924999853683,28.334924999853683
3263,0.02357314799996857,23.57314799996857
3264,0.022293472000001202,22.293472000001202
3265,0.029637310999987676,29.637310999987676
3266,0.027887280999948416,27.887280999948416
3267,0.02456792799989671,24.56792799989671
3268,0.026543631000095047,26.543631000095047
3269,0.034452073000011296,34.452073000011296
3270,0.024656712000023617,24.656712000023617
3271,0.024339994000001752,24.339994000001752
3272,0.023143479000054867,23.143479000054867
3273,0.02778213900000992,27.78213900000992
3274,0.023191891000124087,23.191891000124087
3275,0.023503849000007904,23.503849000007904
3276,0.022475084000006973,22.475084000006973
3277,0.03281203500000629,32.81203500000629
3278,0.02391140700001415,23.91140700001415
3279,0.024265171999786617,24.265171999786617
3280,0.023326685999791152,23.326685999791152
3281,0.02792132800004765,27.92132800004765
3282,0.023879250999925716,23.879250999925716
3283,0.023787849999962418,23.78784999996242
3284,0.02245770500007893,22.45770500007893
3285,0.033043122999970365,33.043122999970365
3286,0.02347908499996265,23.47908499996265
3287,0.02337757899999815,23.37757899999815
3288,0.022400577000098565,22.400577000098565
3289,0.03214052900011666,32.14052900011666
3290,0.023749074000079418,23.749074000079418
3291,0.02516959899980975,25.16959899980975
3292,0.02305543000011312,23.05543000011312
3293,0.02880134299994097,28.80134299994097
3294,0.023526133999894228,23.526133999894228
3295,0.02431813299995156,24.31813299995156
3296,0.022749340000018492,22.749340000018492
3297,0.034956149999970876,34.956149999970876
3298,0.024018798000042807,24.018798000042807
3299,0.024199038000006112,24.199038000006112
3300,0.023169135999978607,23.169135999978607
3301,0.025545703999796388,25.545703999796388
3302,0.031491125000002285,31.491125000002285
3303,0.02365402800000993,23.65402800000993
3304,0.022308861000055913,22.308861000055913
3305,0.028981171999930666,28.981171999930666
3306,0.029069464000031076,29.069464000031076
3307,0.02421762700009822,24.21762700009822
3308,0.023099190000039016,23.099190000039016
3309,0.03036231099986253,30.36231099986253
3310,0.028701904999934413,28.701904999934413
3311,0.023597342999892135,23.597342999892135
3312,0.02240307700003541,22.40307700003541
3313,0.030531574999940858,30.531574999940858
3314,0.02810566999983166,28.10566999983166
3315,0.023422768000045835,23.422768000045835
3316,0.022477855000033742,22.477855000033742
3317,0.030562951000092653,30.562951000092653
3318,0.027960018000158016,27.960018000158016
3319,0.024381288000085988,24.381288000085988
3320,0.023160318999998708,23.160318999998708
3321,0.03208661000007851,32.08661000007851
3322,0.023981070999980147,23.981070999980147
3323,0.024131807999992816,24.131807999992816
3324,0.02425496499995461,24.25496499995461
3325,0.028222080999967147,28.222080999967147
3326,0.023558311999977377,23.558311999977377
3327,0.02408484500006125,24.08484500006125
3328,0.022614017000023523,22.614017000023523
3329,0.036596092000081626,36.596092000081626
3330,0.025646806000168,25.646806000168
3331,0.025381789999983084,25.381789999983084
3332,0.024122470999827783,24.122470999827783
3333,0.030013848000180587,30.013848000180587
3334,0.02849750500013215,28.49750500013215
3335,0.024083228000108647,24.083228000108647
3336,0.023117387999946004,23.117387999946004
3337,0.030622216999972807,30.622216999972807
3338,0.0285282269999243,28.5282269999243
3339,0.023665795999932016,23.665795999932016
3340,0.022525306000034107,22.525306000034107
3341,0.030201336000118317,30.201336000118317
3342,0.028041060000077778,28.041060000077778
3343,0.02424997799994344,24.24997799994344
3344,0.023058917000071233,23.058917000071233
3345,0.03418472799990013,34.18472799990013
3346,0.02485054199996739,24.85054199996739
3347,0.023264781999841944,23.264781999841944
3348,0.02257472700011931,22.57472700011931
3349,0.027688235000141503,27.688235000141503
3350,0.023150486999838904,23.150486999838904
3351,0.023529447999862896,23.529447999862896
3352,0.022522408999975596,22.522408999975596
3353,0.032287303999964934,32.287303999964934
3354,0.024021834999985003,24.021834999985003
3355,0.024756781999940358,24.756781999940358
3356,0.02313413699994271,23.13413699994271
3357,0.030184275999999954,30.184275999999954
3358,0.023930494000069302,23.930494000069302
3359,0.024039333000018814,24.039333000018814
3360,0.022947817999920517,22.947817999920517
3361,0.02748398299991095,27.48398299991095
3362,0.025936473999990994,25.936473999990994
3363,0.02376426899991202,23.76426899991202
3364,0.022511287000043012,22.511287000043012
3365,0.03263227500019639,32.63227500019639
3366,0.023810403999959817,23.810403999959817
3367,0.024254812999970454,24.254812999970454
3368,0.022959807999995974,22.959807999995974
3369,0.027128766000032556,27.128766000032556
3370,0.058618517000013526,58.618517000013526
3371,0.02348248400016928,23.48248400016928
3372,0.022485021000193228,22.48502100019323
3373,0.031883447000154774,31.883447000154774
3374,0.02790667499994015,27.90667499994015
3375,0.023358602999905997,23.358602999905997
3376,0.02239377799992326,22.39377799992326
3377,0.03249455200011653,32.49455200011653
3378,0.02948756399996455,29.48756399996455
3379,0.024386472999822217,24.386472999822217
3380,0.023027386000194383,23.027386000194383
3381,0.026208512999801314,26.208512999801314
3382,0.03137867800001004,31.37867800001004
3383,0.025576250000085565,25.576250000085565
3384,0.024071838000054413,24.071838000054413
3385,0.04202035100001922,42.02035100001922
3386,0.024331502999984878,24.331502999984878
3387,0.023310349999974278,23.310349999974278
3388,0.02394884299997102,23.94884299997102
3389,0.026692158999821913,26.692158999821913
3390,0.029738406999967992,29.738406999967992
3391,0.02357628200002182,23.57628200002182
3392,0.02263152299997273,22.63152299997273
3393,0.026205189999927825,26.205189999927825
3394,0.029598142999930133,29.598142999930133
3395,0.02336618599997564,23.36618599997564
3396,0.023289831000056438,23.289831000056438
3397,0.02981466400001409,29.81466400001409
3398,0.02927137100004984,29.27137100004984
3399,0.024662587999955576,24.662587999955576
3400,0.023357465999879423,23.357465999879423
3401,0.031186030000071696,31.186030000071696
3402,0.028238962000159518,28.238962000159518
3403,0.023826668999845424,23.826668999845424
3404,0.022774169000058464,22.774169000058464
3405,0.031698265000159154,31.698265000159154
3406,0.026153509000096165,26.153509000096165
3407,0.024278936999962752,24.278936999962752
3408,0.023240471000008256,23.240471000008256
3409,0.028317841999978555,28.317841999978555
3410,0.023809992999986207,23.809992999986207
3411,0.02360569100005705,23.60569100005705
3412,0.0224750249999488,22.4750249999488
3413,0.0313959119998799,31.3959119998799
3414,0.02399821700009852,23.99821700009852
3415,0.02337172800002918,23.37172800002918
3416,0.022606887999927494,22.606887999927494
3417,0.032455793000053745,32.455793000053745
3418,0.023906233999923643,23.906233999923643
3419,0.025557479000099192,25.557479000099192
3420,0.023926752999841483,23.926752999841483
3421,0.028254906999791274,28.254906999791274
3422,0.032086846000083824,32.086846000083824
3423,0.024085039000055986,24.085039000055986
3424,0.023140646999991077,23.140646999991077
3425,0.03092192100007196,30.92192100007196
3426,0.029062191000093662,29.062191000093662
3427,0.024480255000071338,24.480255000071338
3428,0.023498020000033648,23.498020000033648
3429,0.03225169100005587,32.25169100005587
3430,0.023383973999898444,23.383973999898444
3431,0.02343564099987816,23.43564099987816
3432,0.022783105999906184,22.783105999906184
3433,0.033509619999904317,33.50961999990432
3434,0.024670925000009447,24.670925000009447
3435,0.02700099499998032,27.00099499998032
3436,0.025765669999827878,25.765669999827878
3437,0.030388422999976683,30.388422999976683
3438,0.029951245999882303,29.951245999882303
3439,0.024219190999929197,24.219190999929197
3440,0.023246191999987786,23.246191999987786
3441,0.03258041399999456,32.58041399999456
3442,0.0239110879999771,23.9110879999771
3443,0.02349367099986921,23.49367099986921
3444,0.022572029000002658,22.572029000002658
3445,0.03481086100009634,34.81086100009634
3446,0.024179544999924474,24.179544999924474
3447,0.024247905000038372,24.247905000038372
3448,0.023165944999846033,23.165944999846033
3449,0.026317193000068073,26.317193000068073
3450,0.035705956000128936,35.705956000128936
3451,0.023718872000017654,23.718872000017654
3452,0.022945463999803906,22.945463999803906
3453,0.03140728600010334,31.40728600010334
3454,0.028237461000117037,28.237461000117037
3455,0.023489145999974426,23.489145999974426
3456,0.02286062899997887,22.86062899997887
3457,0.032451751000053264,32.451751000053264
3458,0.025180990999842834,25.180990999842834
3459,0.024617017999844393,24.617017999844393
3460,0.02324355500013553,23.24355500013553
3461,0.027865185000109705,27.865185000109705
3462,0.025469220999866593,25.469220999866593
3463,0.024273598999798196,24.273598999798196
3464,0.022622222000109105,22.622222000109105
3465,0.03238117199998669,32.38117199998669
3466,0.023992222999822843,23.992222999822843
3467,0.023891056999900684,23.891056999900684
3468,0.023101332999885926,23.101332999885926
3469,0.028159303999927943,28.159303999927943
3470,0.024014202999978806,24.014202999978806
3471,0.023535025999990467,23.535025999990467
3472,0.022605076999980156,22.605076999980156
3473,0.03148447700004908,31.484477000049083
3474,0.024310587999934796,24.310587999934796
3475,0.023609981000163316,23.609981000163316
3476,0.023131538000143337,23.131538000143337
3477,0.03391950200011706,33.91950200011706
3478,0.02428468600010092,24.28468600010092
3479,0.024597153000058825,24.597153000058825
3480,0.023235424999938914,23.235424999938914
3481,0.026354245999982595,26.354245999982595
3482,0.032248325000182376,32.248325000182376
3483,0.024273472999993828,24.273472999993828
3484,0.023116893999940658,23.116893999940658
3485,0.03027814600000056,30.27814600000056
3486,0.033839069999885396,33.839069999885396
3487,0.02357785200001672,23.57785200001672
3488,0.022704104000013103,22.704104000013103
3489,0.028055138999889095,28.055138999889095
3490,0.02762249400007022,27.62249400007022
3491,0.02377147800007151,23.77147800007151
3492,0.022596354000143037,22.596354000143037
3493,0.031532843999912075,31.532843999912075
3494,0.024727000999973825,24.727000999973825
3495,0.02350721999982852,23.50721999982852
3496,0.0228499100001045,22.8499100001045
3497,0.03761522800004968,37.61522800004968
3498,0.023669348999874273,23.669348999874273
3499,0.023752390000026935,23.752390000026935
3500,0.02314587799992296,23.14587799992296
3501,0.05166727100004209,51.66727100004209
3502,0.02824777599994377,28.24777599994377
3503,0.026227293000147256,26.227293000147256
3504,0.024915738000117926,24.915738000117926
3505,0.04748863600002551,47.48863600002551
3506,0.0246915259999696,24.6915259999696
3507,0.023464748999913354,23.464748999913354
3508,0.04949203099999977,49.49203099999977
3509,0.03624118099992302,36.24118099992302
3510,0.03045325299990509,30.45325299990509
3511,0.03399474200000441,33.99474200000441
3512,0.03425160799997684,34.25160799997684
3513,0.02819462399997974,28.19462399997974
3514,0.021289755999987392,21.289755999987392
3515,0.02178732599986688,21.78732599986688
3516,0.03503441299994847,35.03441299994847
3517,0.028739223000002312,28.739223000002312
3518,0.02349418400012837,23.49418400012837
3519,0.021669616000053793,21.669616000053793
3520,0.14087613799983956,140.87613799983956
3521,0.02384512599996924,23.84512599996924
3522,0.022474878999901193,22.474878999901193
3523,0.023122469000099954,23.122469000099954
3524,0.03899917800004005,38.99917800004005
3525,0.025604949000126,25.604949000126
3526,0.02347942400001557,23.47942400001557
3527,0.023645263999924282,23.645263999924282
3528,0.02985391300012452,29.85391300012452
3529,0.02894738200006941,28.94738200006941
3530,0.02293491399996128,22.93491399996128
3531,0.023560870999972394,23.560870999972394
3532,0.029870844000015495,29.870844000015495
3533,0.02908095900011176,29.08095900011176
3534,0.023585594999985915,23.585594999985915
3535,0.023043738000069425,23.043738000069425
3536,0.030713027000047077,30.713027000047077
3537,0.0269048830000429,26.9048830000429
3538,0.023059162000208744,23.059162000208744
3539,0.023372911000024033,23.372911000024033
3540,0.032412225999905786,32.412225999905786
3541,0.025117167999951562,25.117167999951562
3542,0.023325987000134774,23.325987000134774
3543,0.024716852999972616,24.716852999972616
3544,0.034319992999826354,34.319992999826354
3545,0.03098404100001062,30.98404100001062
3546,0.024268556999913926,24.268556999913926
3547,0.023255843000015375,23.255843000015375
3548,0.032383269000092696,32.383269000092696
3549,0.023657957999830614,23.657957999830614
3550,0.024420541999916168,24.420541999916168
3551,0.023102788999949553,23.102788999949553
3552,0.03007884299995567,30.07884299995567
3553,0.02422586699981366,24.22586699981366
3554,0.02432993100001113,24.32993100001113
3555,0.02269744599993828,22.69744599993828
3556,0.03387680200012255,33.87680200012255
3557,0.023292080000146598,23.292080000146598
3558,0.023534308999842324,23.534308999842324
3559,0.022498126999835222,22.498126999835222
3560,0.02817386800006716,28.17386800006716
3561,0.02338282799996705,23.38282799996705
3562,0.02405449699995188,24.05449699995188
3563,0.0235820599998533,23.5820599998533
3564,0.02926126700003806,29.26126700003806
3565,0.023522311000078844,23.522311000078844
3566,0.024219621999918672,24.219621999918672
3567,0.022622937000051024,22.622937000051024
3568,0.02752603099997941,27.52603099997941
3569,0.027127996999979587,27.127996999979587
3570,0.023802372000091054,23.802372000091054
3571,0.02262606599992978,22.62606599992978
3572,0.03005500600011146,30.05500600011146
3573,0.028125395999950342,28.125395999950342
3574,0.02385192600013397,23.85192600013397
3575,0.022516932000144152,22.516932000144152
3576,0.030967946999908236,30.967946999908236
3577,0.028552846000138743,28.552846000138743
3578,0.024229074000004402,24.229074000004402
3579,0.023044553000090673,23.044553000090673
3580,0.029022204000057172,29.022204000057172
3581,0.031174864999911733,31.174864999911733
3582,0.023498799999970288,23.498799999970288
3583,0.022325538000131928,22.325538000131928
3584,0.03056600700006129,30.56600700006129
3585,0.02827757900013239,28.27757900013239
3586,0.023426147000009223,23.426147000009223
3587,0.02268719699986832,22.68719699986832
3588,0.029388176000111343,29.388176000111343
3589,0.02866232399992441,28.66232399992441
3590,0.02419633900012741,24.19633900012741
3591,0.023215938000021197,23.215938000021197
3592,0.03137184199999865,31.37184199999865
3593,0.02906582399987201,29.06582399987201
3594,0.024379678000059357,24.379678000059357
3595,0.02725746399983109,27.25746399983109
3596,0.03062771800000519,30.62771800000519
3597,0.03005291199997373,30.05291199997373
3598,0.023841615000037564,23.841615000037564
3599,0.022817642000063643,22.817642000063643
3600,0.030969108000135748,30.969108000135748
3601,0.02915033200019934,29.15033200019934
3602,0.02416642299999694,24.16642299999694
3603,0.023040147999836336,23.040147999836336
3604,0.032568436000019574,32.568436000019574
3605,0.024211841000123968,24.211841000123968
3606,0.024519841999790515,24.519841999790515
3607,0.02295142599996325,22.95142599996325
3608,0.02801084899988382,28.01084899988382
3609,0.02557308399991598,25.57308399991598
3610,0.024843740999813235,24.843740999813235
3611,0.02274700800012397,22.74700800012397
3612,0.02838243499991222,28.38243499991222
3613,0.025804953000033493,25.804953000033493
3614,0.024323020000110773,24.323020000110773
3615,0.022688596999842048,22.688596999842048
3616,0.03283680099980302,32.83680099980302
3617,0.02419696499987367,24.19696499987367
3618,0.024195024999926318,24.195024999926318
3619,0.02321017400004166,23.21017400004166
3620,0.028594177000059062,28.594177000059062
3621,0.02404278900007739,24.04278900007739
3622,0.024167763999912495,24.167763999912495
3623,0.023062531000050512,23.062531000050512
3624,0.039210477000096944,39.210477000096944
3625,0.023314330999937738,23.314330999937738
3626,0.023430620999988605,23.430620999988605
3627,0.02249250399995617,22.49250399995617
3628,0.026978022999855966,26.978022999855966
3629,0.02921997399994325,29.21997399994325
3630,0.023601994000046034,23.601994000046034
3631,0.02269351299992195,22.69351299992195
3632,0.030129898999803117,30.129898999803117
3633,0.02936883699999271,29.36883699999271
3634,0.02424444600001152,24.24444600001152
3635,0.022994410000137577,22.994410000137577
3636,0.03086988699988069,30.86988699988069
3637,0.02796181600001546,27.96181600001546
3638,0.02385447300002852,23.85447300002852
3639,0.022544084999935876,22.544084999935876
3640,0.0316067149999526,31.6067149999526
3641,0.02750497100009852,27.50497100009852
3642,0.023865092000050936,23.865092000050936
3643,0.02682406999997511,26.82406999997511
3644,0.02748848300007012,27.48848300007012
3645,0.0230133410000235,23.0133410000235
3646,0.02363185100011833,23.63185100011833
3647,0.022541306999983135,22.541306999983135
3648,0.032367068999974435,32.367068999974435
3649,0.023909675999902902,23.909675999902902
3650,0.02392205000001013,23.92205000001013
3651,0.02308575100005328,23.08575100005328
3652,0.02807549699991796,28.07549699991796
3653,0.026575314999945476,26.575314999945476
3654,0.024135277999903337,24.135277999903337
3655,0.022892936000062036,22.892936000062036
3656,0.027502610000055938,27.502610000055938
3657,0.027459262000093076,27.459262000093076
3658,0.028083834999961255,28.083834999961255
3659,0.023531260000027032,23.531260000027032
3660,0.048803528000007645,48.803528000007645
3661,0.02458795999996255,24.58795999996255
3662,0.023447707999821432,23.447707999821432
3663,0.022604253000054086,22.604253000054086
3664,0.03814773899989632,38.14773899989632
3665,0.02360601600003065,23.60601600003065
3666,0.023307991000137918,23.307991000137918
3667,0.02263834800010045,22.63834800010045
3668,0.030331432000139102,30.331432000139102
3669,0.029400329000054626,29.400329000054626
3670,0.024377300000196556,24.377300000196556
3671,0.02323517400009223,23.23517400009223
3672,0.03199252699982935,31.99252699982935
3673,0.030292850000023464,30.292850000023464
3674,0.02387722200001008,23.87722200001008
3675,0.024343499999986307,24.343499999986307
3676,0.0280217619999803,28.0217619999803
3677,0.023271883999996135,23.271883999996135
3678,0.023484523999968587,23.484523999968587
3679,0.022631739999951606,22.631739999951606
3680,0.033216496000022744,33.216496000022744
3681,0.024321645999862085,24.321645999862085
3682,0.024044114999924204,24.044114999924204
3683,0.02320063999991362,23.20063999991362
3684,0.029471606000015527,29.471606000015527
3685,0.024137012999972285,24.137012999972285
3686,0.02330901699997412,23.30901699997412
3687,0.022759188999998514,22.759188999998514
3688,0.028337498999917443,28.337498999917443
3689,0.027044705999969665,27.044705999969665
3690,0.02404539899998781,24.04539899998781
3691,0.02270246400007636,22.70246400007636
3692,0.03314480199992431,33.14480199992431
3693,0.024021413000127723,24.021413000127723
3694,0.024153515000080006,24.153515000080006
3695,0.023560159999988173,23.560159999988173
3696,0.027164688000084425,27.164688000084425
3697,0.03154923400006737,31.549234000067372
3698,0.025326397000071665,25.326397000071665
3699,0.023475733999930526,23.475733999930526
3700,0.0311014950000299,31.1014950000299
3701,0.028346251999892047,28.346251999892047
3702,0.02393261700012772,23.93261700012772
3703,0.022452899999962028,22.45289999996203
3704,0.031174057999805882,31.174057999805882
3705,0.029039218999969307,29.039218999969307
3706,0.024143392000041786,24.143392000041786
3707,0.023515448000125616,23.515448000125616
3708,0.028004362000046967,28.004362000046967
3709,0.03461503500011531,34.61503500011531
3710,0.02438277500004915,24.38277500004915
3711,0.023640123999939533,23.640123999939533
3712,0.03355957700000545,33.55957700000545
3713,0.02917675200001213,29.17675200001213
3714,0.024857393999809574,24.857393999809574
3715,0.02328013800001827,23.28013800001827
3716,0.028432476000034512,28.432476000034512
3717,0.028045918999850983,28.045918999850983
3718,0.023787381000147434,23.787381000147434
3719,0.022598110999979326,22.598110999979326
3720,0.03265563300010399,32.65563300010399
3721,0.0236496550000993,23.6496550000993
3722,0.02352871699986281,23.52871699986281
3723,0.02301822300000822,23.01822300000822
3724,0.02802446400005465,28.02446400005465
3725,0.02715612599990891,27.15612599990891
3726,0.024072431000149663,24.072431000149663
3727,0.023291729999982635,23.291729999982635
3728,0.029041979999874457,29.041979999874457
3729,0.024758754000004046,24.758754000004046
3730,0.025479543000074045,25.479543000074045
3731,0.02289552199999889,22.89552199999889
3732,0.028723332000026858,28.723332000026858
3733,0.02339199900006861,23.39199900006861
3734,0.02460109900016505,24.60109900016505
3735,0.02284954100014147,22.84954100014147
3736,0.030082234000019525,30.082234000019525
3737,0.02401863900013268,24.01863900013268
3738,0.024462820000053398,24.462820000053398
3739,0.02328788399995574,23.28788399995574
3740,0.02974384200001623,29.74384200001623
3741,0.025313471999879766,25.313471999879766
3742,0.024442334000013943,24.442334000013943
3743,0.022657048999917606,22.657048999917606
3744,0.028416473999868685,28.416473999868685
3745,0.0234025610000117,23.4025610000117
3746,0.0233609740000702,23.3609740000702
3747,0.023869487999945704,23.869487999945704
3748,0.02925246699987838,29.25246699987838
3749,0.027007851000007577,27.007851000007577
3750,0.02418905900003665,24.18905900003665
3751,0.023113710000188803,23.113710000188803
3752,0.028353690000130882,28.353690000130882
3753,0.026014809000116657,26.014809000116657
3754,0.02362971299999117,23.62971299999117
3755,0.02276952300007906,22.76952300007906
3756,0.034883949999994,34.883949999994
3757,0.02422093700010919,24.22093700010919
3758,0.024083829999881345,24.083829999881345
3759,0.02319701700002952,23.19701700002952
3760,0.029118379999999888,29.11837999999989
3761,0.023643157999913456,23.643157999913456
3762,0.023698451999962344,23.698451999962344
3763,0.024658442000145442,24.658442000145442
3764,0.040891348000059224,40.891348000059224
3765,0.03223787199999606,32.23787199999606
3766,0.024172160999796688,24.172160999796688
3767,0.023759272000006604,23.759272000006604
3768,0.032276311000032365,32.276311000032365
3769,0.02858345399999962,28.58345399999962
3770,0.023373781000145755,23.373781000145755
3771,0.022578312999939953,22.578312999939953
3772,0.030214878999913708,30.214878999913708
3773,0.030934565999814367,30.934565999814367
3774,0.02445713300016905,24.45713300016905
3775,0.02347505300008379,23.47505300008379
3776,0.026295888000049672,26.295888000049672
3777,0.03333176099999946,33.33176099999946
3778,0.023976018999974258,23.976018999974258
3779,0.023014844999806883,23.014844999806883
3780,0.028454488000079436,28.454488000079436
3781,0.023365894999869852,23.36589499986985
3782,0.02380371499998546,23.80371499998546
3783,0.022744278000118356,22.744278000118356
3784,0.03650593299994398,36.50593299994398
3785,0.024160585000117862,24.160585000117862
3786,0.024396500999955606,24.396500999955606
3787,0.023238776999960464,23.238776999960464
3788,0.03110440699992978,31.10440699992978
3789,0.029416715999786902,29.416715999786902
3790,0.023869345000093745,23.869345000093745
3791,0.022670556999855762,22.670556999855762
3792,0.030332108000038716,30.332108000038716
3793,0.028695513999991817,28.695513999991817
3794,0.0236419279999609,23.6419279999609
3795,0.023024406000104136,23.024406000104136
3796,0.024057422999931077,24.057422999931077
3797,0.03691332600010355,36.91332600010355
3798,0.02566339899999548,25.66339899999548
3799,0.02262394699982906,22.62394699982906
3800,0.029588644999876124,29.588644999876124
3801,0.024270779000062248,24.270779000062248
3802,0.024179530000083105,24.179530000083105
3803,0.023364155000081155,23.364155000081155
3804,0.029230110999833414,29.230110999833414
3805,0.024068222999858335,24.068222999858335
3806,0.025337798999998995,25.337798999998995
3807,0.022973056999944674,22.973056999944674
3808,0.02817993300004673,28.17993300004673
3809,0.023910672000056366,23.910672000056366
3810,0.02374349899992012,23.74349899992012
3811,0.022577625999929296,22.577625999929296
3812,0.03500552599984985,35.00552599984985
3813,0.024225156999818864,24.225156999818864
3814,0.0239613260000624,23.9613260000624
3815,0.023486936000153946,23.486936000153946
3816,0.029160731000047235,29.160731000047235
3817,0.023596234000024197,23.596234000024197
3818,0.023571016999994754,23.571016999994754
3819,0.02261698699999215,22.61698699999215
3820,0.031790386000011495,31.790386000011495
3821,0.024134195999977237,24.134195999977237
3822,0.02385558200012383,23.85558200012383
3823,0.022666432000050918,22.666432000050918
3824,0.027508449999913864,27.508449999913864
3825,0.027991018999955486,27.991018999955486
3826,0.023633896000092136,23.633896000092136
3827,0.022624165000024732,22.624165000024732
3828,0.03159064600004058,31.59064600004058
3829,0.02412965999997141,24.12965999997141
3830,0.026093102000004365,26.093102000004365
3831,0.024843952000082936,24.843952000082936
3832,0.02871383600017907,28.71383600017907
3833,0.03074218500000825,30.74218500000825
3834,0.02814593700009027,28.14593700009027
3835,0.0344073369999478,34.4073369999478
3836,0.034490917000084664,34.490917000084664
3837,0.02666949000013119,26.66949000013119
3838,0.027023881000104666,27.023881000104666
3839,0.022950010000158727,22.950010000158727
3840,0.03375101000005998,33.75101000005998
3841,0.025552546999961123,25.552546999961123
3842,0.025548934999960693,25.548934999960693
3843,0.024471008000091388,24.471008000091388
3844,0.04509887899985188,45.09887899985188
3845,0.02527880599996024,25.27880599996024
3846,0.02400827700012087,24.00827700012087
3847,0.023148163999849203,23.148163999849203
3848,0.030735675999949308,30.735675999949308
3849,0.028473987000097623,28.473987000097623
3850,0.023602082999786944,23.602082999786944
3851,0.02259310599993114,22.59310599993114
3852,0.029500568999992538,29.500568999992538
3853,0.0286238379999304,28.6238379999304
3854,0.024212362000071153,24.212362000071153
3855,0.022664733000056003,22.664733000056003
3856,0.031496596999886606,31.496596999886606
3857,0.02922155400005977,29.22155400005977
3858,0.02419031299996277,24.19031299996277
3859,0.023367634999885922,23.367634999885922
3860,0.033644384999888644,33.64438499988864
3861,0.024139882000099533,24.139882000099533
3862,0.024180030000025,24.180030000025
3863,0.022932544000013877,22.932544000013877
3864,0.027990376000161632,27.990376000161632
3865,0.023319144999959462,23.319144999959462
3866,0.02361309100001563,23.61309100001563
3867,0.02255655400017531,22.55655400017531
3868,0.032849071999862645,32.849071999862645
3869,0.023912977999998475,23.912977999998475
3870,0.02578907900010563,25.78907900010563
3871,0.023186811999948986,23.186811999948986
3872,0.028204821000144875,28.204821000144875
3873,0.024272415000041292,24.272415000041292
3874,0.023830339000141976,23.830339000141976
3875,0.022703204999970694,22.703204999970694
3876,0.03128826199986179,31.28826199986179
3877,0.025721840999949563,25.721840999949563
3878,0.025914585000009538,25.914585000009538
3879,0.024010002000068198,24.010002000068198
3880,0.029245838999941043,29.245838999941043
3881,0.029647915999930774,29.647915999930774
3882,0.024377095000090776,24.377095000090776
3883,0.023078964999967866,23.078964999967866
3884,0.030187589999968623,30.187589999968623
3885,0.028328358000180742,28.328358000180742
3886,0.023324621000028856,23.324621000028856
3887,0.0227320219999001,22.7320219999001
3888,0.030915941999865026,30.915941999865026
3889,0.028482684999971752,28.482684999971752
3890,0.023850293999885253,23.850293999885253
3891,0.0226271540000198,22.6271540000198
3892,0.030681887000127972,30.681887000127972
3893,0.028430809999917983,28.430809999917983
3894,0.024546864000058122,24.54686400005812
3895,0.023474130000067817,23.474130000067817
3896,0.028570512000214876,28.570512000214876
3897,0.0238266610001574,23.8266610001574
3898,0.023720900999933292,23.720900999933292
3899,0.02264915499995368,22.64915499995368
3900,0.032584347000010894,32.584347000010894
3901,0.02391398100007791,23.91398100007791
3902,0.02411856899993836,24.11856899993836
3903,0.02496296300000722,24.96296300000722
3904,0.028925009999966278,28.925009999966278
3905,0.02336809100006576,23.36809100006576
3906,0.023600929000167525,23.600929000167525
3907,0.02290525500006879,22.90525500006879
3908,0.03622516399991582,36.22516399991582
3909,0.024258359999976165,24.258359999976165
3910,0.02441012100007356,24.41012100007356
3911,0.02326139299998431,23.26139299998431
3912,0.030107928000006723,30.107928000006723
3913,0.03166243600003327,31.662436000033267
3914,0.02372573600018768,23.72573600018768
3915,0.02260745099988526,22.60745099988526
3916,0.03321195900002749,33.21195900002749
3917,0.02833378399986941,28.33378399986941
3918,0.023364849000017784,23.364849000017784
3919,0.022657924999975876,22.657924999975876
3920,0.03693371899998965,36.93371899998965
3921,0.024259110999992117,24.259110999992117
3922,0.02424567200000638,24.24567200000638
3923,0.023261472000058347,23.261472000058347
3924,0.030508937999911723,30.508937999911723
3925,0.02960501400002613,29.60501400002613
3926,0.024368222000020978,24.368222000020978
3927,0.023551028000156293,23.551028000156293
3928,0.032229445999973905,32.229445999973905
3929,0.034674900000027264,34.674900000027264
3930,0.02235622200009857,22.35622200009857
3931,0.0216165499998624,21.6165499998624
3932,0.03043444000013551,30.43444000013551
3933,0.022670362000098976,22.670362000098976
3934,0.023404506999895602,23.404506999895602
3935,0.02182019599990781,21.82019599990781
3936,0.039414291000184676,39.414291000184676
3937,0.02343310199989901,23.43310199989901
3938,0.02281842799993683,22.81842799993683
3939,0.021047804000090764,21.047804000090764
3940,0.03913120299989714,39.13120299989714
3941,0.02283972600002926,22.83972600002926
3942,0.022090884999897753,22.090884999897753
3943,0.021662956000000122,21.662956000000122
3944,0.03128546500010998,31.28546500010998
3945,0.023790402000031463,23.790402000031463
3946,0.023189265999917552,23.189265999917552
3947,0.021527525999999853,21.527525999999853
3948,0.039608864999991056,39.608864999991056
3949,0.023431765999930576,23.431765999930576
3950,0.022310567999966224,22.310567999966224
3951,0.021059336000007534,21.059336000007534
3952,0.0296361779999188,29.6361779999188
3953,0.026210631999902034,26.210631999902034
3954,0.022097328999961974,22.097328999961974
3955,0.021948380000139878,21.948380000139878
3956,0.025267723000069964,25.267723000069964
3957,0.034538465999958134,34.538465999958134
3958,0.022517685999901005,22.517685999901005
3959,0.021220125000127155,21.220125000127155
3960,0.03358757399996648,33.58757399996648
3961,0.02900075000002289,29.00075000002289
3962,0.022586939999882816,22.586939999882816
3963,0.021387585999946168,21.387585999946168
3964,0.036232815999937884,36.232815999937884
3965,0.023074945999951524,23.074945999951524
3966,0.0218719740000779,21.8719740000779
3967,0.020918629000107103,20.918629000107103
3968,0.03316462899988437,33.16462899988437
3969,0.028950016999942818,28.950016999942818
3970,0.022599227999990035,22.599227999990035
3971,0.02064456900006917,20.64456900006917
3972,0.034999040000002424,34.999040000002424
3973,0.022591408999915075,22.591408999915075
3974,0.023001539999995657,23.001539999995657
3975,0.022164463999843065,22.164463999843065
3976,0.0870233759999337,87.0233759999337
3977,0.0761368839998795,76.1368839998795
3978,0.04253814100002273,42.53814100002273
3979,0.0225498750000952,22.5498750000952
3980,0.03191476400002102,31.914764000021023
3981,0.028530517000035616,28.530517000035616
3982,0.02347467799995684,23.47467799995684
3983,0.022470095000016954,22.470095000016954
3984,0.030551858000080756,30.551858000080756
3985,0.02868730099999084,28.68730099999084
3986,0.023854426999832867,23.854426999832867
3987,0.022603676000017003,22.603676000017003
3988,0.03468408900016584,34.68408900016584
3989,0.029731028000014703,29.731028000014703
3990,0.02524824100009937,25.24824100009937
3991,0.026520039000160978,26.520039000160978
3992,0.0437902909998229,43.7902909998229
3993,0.028139778999957343,28.139778999957343
3994,0.024234103000026153,24.234103000026153
3995,0.022827134999943155,22.827134999943155
3996,0.031023905999973067,31.023905999973067
3997,0.02976944000010917,29.76944000010917
3998,0.02373772100008864,23.73772100008864
3999,0.022728668999889123,22.728668999889123
4000,0.03078269699994962,30.78269699994962
4001,0.02836983799988957,28.36983799988957
4002,0.023354105999942476,23.354105999942476
4003,0.022819233000063832,22.819233000063832
4004,0.031193091999966782,31.193091999966782
4005,0.029662837999921976,29.662837999921976
4006,0.025167449000036868,25.167449000036868
4007,0.023186581000118167,23.186581000118167
4008,0.028705770000215125,28.705770000215125
4009,0.02383924399987336,23.83924399987336
4010,0.024220408000019233,24.220408000019233
4011,0.0228791160000128,22.8791160000128
4012,0.027041450999831795,27.041450999831795
4013,0.03584905799993976,35.84905799993976
4014,0.02416868299997077,24.16868299997077
4015,0.02268117100015843,22.68117100015843
4016,0.030028948000108358,30.028948000108358
4017,0.028310035000004063,28.310035000004063
4018,0.02379499400012719,23.79499400012719
4019,0.022490789999892513,22.490789999892513
4020,0.030119016000071497,30.119016000071497
4021,0.028244401999927504,28.244401999927504
4022,0.023465173999966282,23.465173999966282
4023,0.02253079299998717,22.53079299998717
4024,0.029966270000159057,29.966270000159057
4025,0.02815198099983718,28.15198099983718
4026,0.02540778100001262,25.40778100001262
4027,0.025603881000051842,25.603881000051842
4028,0.02870488300004581,28.70488300004581
4029,0.028582224999809114,28.582224999809114
4030,0.02417822999996133,24.17822999996133
4031,0.023112803999993048,23.112803999993048
4032,0.025395249999974112,25.395249999974112
4033,0.03506825599993135,35.06825599993135
4034,0.02437273800001094,24.37273800001094
4035,0.022952624000026844,22.952624000026844
4036,0.030926621999924464,30.926621999924464
4037,0.02886766100004934,28.86766100004934
4038,0.02384292200008531,23.84292200008531
4039,0.023126076999915313,23.126076999915313
4040,0.02552365099995768,25.52365099995768
4041,0.037162436000016896,37.162436000016896
4042,0.028928631999860954,28.928631999860954
4043,0.022668875999897864,22.668875999897864
4044,0.032349115999977585,32.349115999977585
4045,0.023440198000116652,23.440198000116652
4046,0.02363269199986462,23.63269199986462
4047,0.022534186000029877,22.534186000029877
4048,0.02778557000010551,27.78557000010551
4049,0.02322075200004292,23.22075200004292
4050,0.023270064000143975,23.270064000143975
4051,0.02275393000013537,22.75393000013537
4052,0.02555609099999856,25.55609099999856
4053,0.03425101299990274,34.25101299990274
4054,0.024284722999937003,24.284722999937003
4055,0.023122957999930804,23.122957999930804
4056,0.03297228300016286,32.97228300016286
4057,0.024319553999930577,24.319553999930577
4058,0.0240108620000683,24.0108620000683
4059,0.02248350400009258,22.48350400009258
4060,0.026912843999980396,26.912843999980396
4061,0.03119556299998294,31.19556299998294
4062,0.024942033999877822,24.94203399987782
4063,0.022530116000098133,22.530116000098133
4064,0.029900274000056015,29.900274000056015
4065,0.02858146699986719,28.58146699986719
4066,0.023589724999965256,23.589724999965256
4067,0.022520352000128696,22.520352000128696
4068,0.029326618999903076,29.326618999903076
4069,0.03007513700003983,30.07513700003983
4070,0.02431148599998778,24.31148599998778
4071,0.023797253000111596,23.797253000111596
4072,0.031097922999833827,31.097922999833827
4073,0.02800040000010995,28.00040000010995
4074,0.02362449799989008,23.62449799989008
4075,0.02252417699992293,22.52417699992293
4076,0.03654352300009123,36.54352300009123
4077,0.02441462199999478,24.41462199999478
4078,0.023650798000062423,23.650798000062423
4079,0.022482308000007833,22.482308000007833
4080,0.026270995000004405,26.270995000004405
4081,0.031263717000001634,31.263717000001634
4082,0.023626647000128287,23.626647000128287
4083,0.02257535600006122,22.57535600006122
4084,0.027376967000009245,27.376967000009245
4085,0.03087485099990772,30.87485099990772
4086,0.023998548999998093,23.998548999998093
4087,0.023478325000041878,23.478325000041878
4088,0.030183961000147974,30.183961000147974
4089,0.028585660000089774,28.585660000089774
4090,0.02339453400009006,23.39453400009006
4091,0.023216943000079482,23.216943000079482
4092,0.03230967399986184,32.30967399986184
4093,0.039783896000017194,39.783896000017194
4094,0.025241385999834165,25.241385999834165
4095,0.022367369999983566,22.367369999983566
4096,0.030642909000107466,30.642909000107466
4097,0.028615935999823705,28.615935999823705
4098,0.023540985999943587,23.540985999943587
4099,0.0225410540001576,22.5410540001576
4100,0.03297889000009491,32.97889000009491
4101,0.025375960000019404,25.375960000019404
4102,0.023942097999906764,23.942097999906764
4103,0.023107385999992403,23.107385999992403
4104,0.027632558000050267,27.632558000050267
4105,0.028174989000035566,28.174989000035566
4106,0.02322756700004902,23.22756700004902
4107,0.02298331299994061,22.98331299994061
4108,0.034919470999966506,34.91947099996651
4109,0.02492118199984361,24.92118199984361
4110,0.023601096999982474,23.601096999982474
4111,0.02381975399998737,23.81975399998737
4112,0.025119239999867204,25.119239999867204
4113,0.03459514599990143,34.59514599990143
4114,0.02316138200012574,23.16138200012574
4115,0.023119387999940955,23.119387999940955
4116,0.029718966999780605,29.718966999780605
4117,0.029337198000121134,29.337198000121134
4118,0.02360862399996222,23.60862399996222
4119,0.023655981000047177,23.655981000047177
4120,0.03267131400002654,32.67131400002654
4121,0.02995275800003583,29.95275800003583
4122,0.02356572899998355,23.56572899998355
4123,0.023188854999943942,23.188854999943942
4124,0.027041884000027494,27.041884000027494
4125,0.0299636949998785,29.9636949998785
4126,0.023494323000022632,23.494323000022632
4127,0.0275837040001079,27.5837040001079
4128,0.040325794000182213,40.32579400018221
4129,0.022948734000010518,22.948734000010518
4130,0.021742227999993702,21.742227999993702
4131,0.021966942000062772,21.966942000062772
4132,0.030365345000063826,30.365345000063826
4133,0.03217877499992028,32.17877499992028
4134,0.022972843000161447,22.972843000161447
4135,0.02313991599999099,23.13991599999099
4136,0.0336834639999779,33.6834639999779
4137,0.02501074399992831,25.01074399992831
4138,0.023339382999893132,23.339382999893132
4139,0.023558315999935076,23.558315999935076
4140,0.03783684599989101,37.83684599989101
4141,0.02427165800008879,24.27165800008879
4142,0.02337871599979735,23.37871599979735
4143,0.023484146000100736,23.484146000100736
4144,0.030964218999997684,30.964218999997684
4145,0.0283816690000549,28.3816690000549
4146,0.023330977000114217,23.330977000114217
4147,0.02334415900008935,23.34415900008935
4148,0.03138860800004295,31.38860800004295
4149,0.028763785999899483,28.763785999899483
4150,0.024187961000052383,24.187961000052383
4151,0.02366436000011163,23.66436000011163
4152,0.03216948199997205,32.16948199997205
4153,0.02564129700022022,25.64129700022022
4154,0.023850248000144347,23.850248000144347
4155,0.023172939999994924,23.172939999994924
4156,0.028949757000191312,28.949757000191312
4157,0.03857162799999969,38.57162799999969
4158,0.02395272900002965,23.95272900002965
4159,0.03172050900002432,31.72050900002432
4160,0.04449213799989593,44.49213799989593
4161,0.029314054999986183,29.314054999986183
4162,0.023556244000019433,23.556244000019433
4163,0.02398563900010231,23.98563900010231
4164,0.031550914000035846,31.550914000035846
4165,0.031301126000016666,31.301126000016666
4166,0.024108029999979408,24.108029999979408
4167,0.02432313599979352,24.32313599979352
4168,0.04289819399991757,42.89819399991757
4169,0.02438232499980586,24.38232499980586
4170,0.0226309920001313,22.6309920001313
4171,0.02354590899994946,23.54590899994946
4172,0.03379075200018633,33.79075200018633
4173,0.029537960999959978,29.537960999959978
4174,0.023505148999902303,23.505148999902303
4175,0.023537860000033106,23.537860000033106
4176,0.038932925999915824,38.932925999915824
4177,0.025023853999982748,25.023853999982748
4178,0.023752562000026956,23.752562000026956
4179,0.02302127199982351,23.02127199982351
4180,0.029075352000063504,29.075352000063504
4181,0.029036372000064148,29.036372000064148
4182,0.022996573000000353,22.996573000000353
4183,0.02317945000004329,23.17945000004329
4184,0.029319743000087328,29.31974300008733
4185,0.029349499000090873,29.349499000090873
4186,0.022914468999942983,22.914468999942983
4187,0.023168444000020827,23.168444000020827
4188,0.03020599699993909,30.20599699993909
4189,0.029560212999967916,29.560212999967916
4190,0.025403268000218304,25.403268000218304
4191,0.02373138799998742,23.73138799998742
4192,0.027582944999949177,27.582944999949177
4193,0.026094663000094442,26.094663000094442
4194,0.022822038000185785,22.822038000185785
4195,0.0232427020000614,23.2427020000614
4196,0.03200616100002662,32.00616100002662
4197,0.02478100500002256,24.78100500002256
4198,0.023761860999911733,23.761860999911733
4199,0.023679829999991853,23.679829999991853
4200,0.027650852999840936,27.650852999840936
4201,0.024434573999997156,24.434573999997156
4202,0.023210052999957043,23.210052999957043
4203,0.023414295999828028,23.414295999828028
4204,0.035151741999925434,35.151741999925434
4205,0.028735196999832624,28.735196999832624
4206,0.025968880999926114,25.968880999926114
4207,0.024006642999893302,24.0066429998933
4208,0.031253546000016286,31.253546000016286
4209,0.029710432000001674,29.710432000001674
4210,0.023211634999825037,23.211634999825037
4211,0.02341589299999214,23.41589299999214
4212,0.027289730999882522,27.289730999882522
4213,0.028299189999870578,28.299189999870578
4214,0.022858147000079043,22.858147000079043
4215,0.022915091999948345,22.915091999948345
4216,0.030739224999933867,30.739224999933867
4217,0.02593005800008541,25.93005800008541
4218,0.02392328400014776,23.92328400014776
4219,0.022987737999983437,22.987737999983437
4220,0.03966254599981767,39.66254599981767
4221,0.02382983699999386,23.82983699999386
4222,0.022943750999957047,22.943750999957047
4223,0.024675605000084033,24.675605000084033
4224,0.02934871699994801,29.34871699994801
4225,0.029704390999995667,29.704390999995667
4226,0.02373806700006753,23.73806700006753
4227,0.023554531000172574,23.554531000172574
4228,0.031207718999894496,31.207718999894496
4229,0.029266903000007005,29.266903000007005
4230,0.02304759899993769,23.04759899993769
4231,0.02306097900009263,23.06097900009263
4232,0.030163030000039726,30.163030000039726
4233,0.02915640599985636,29.15640599985636
4234,0.02301681600010852,23.01681600010852
4235,0.023999459000151546,23.999459000151546
4236,0.027404369000123552,27.404369000123552
4237,0.028492598000184444,28.492598000184444
4238,0.02299822499981019,22.99822499981019
4239,0.02327734799996506,23.27734799996506
4240,0.031979308000018136,31.979308000018136
4241,0.026251614999864614,26.251614999864614
4242,0.02355669400003535,23.55669400003535
4243,0.023745429999962653,23.745429999962653
4244,0.027608964000137348,27.608964000137348
4245,0.0247034710000662,24.7034710000662
4246,0.023686693999934505,23.686693999934505
4247,0.02367949100016631,23.67949100016631
4248,0.02705948600009833,27.05948600009833
4249,0.02786972700005208,27.86972700005208
4250,0.02321319299994684,23.21319299994684
4251,0.02325531799988312,23.25531799988312
4252,0.03415609600006064,34.15609600006064
4253,0.024143920999904367,24.143920999904367
4254,0.02292744600003971,22.92744600003971
4255,0.023216401999889058,23.216401999889058
4256,0.02803440299999238,28.03440299999238
4257,0.03167497699996602,31.67497699996602
4258,0.02366715999983171,23.66715999983171
4259,0.02388300200004778,23.88300200004778
4260,0.03241911300005995,32.41911300005995
4261,0.030266710999967472,30.266710999967472
4262,0.023548272999960318,23.548272999960318
4263,0.023280453000097623,23.280453000097623
4264,0.0321015020001596,32.1015020001596
4265,0.024578359000088312,24.578359000088312
4266,0.023552376999987246,23.552376999987246
4267,0.02353046100006395,23.53046100006395
4268,0.027207787999941502,27.2077879999415
4269,0.027658545999884154,27.658545999884154
4270,0.022136236000051213,22.136236000051213
4271,0.02137307900011365,21.37307900011365
4272,0.0328939989999526,32.8939989999526
4273,0.02819785499991667,28.19785499991667
4274,0.021956132000013895,21.956132000013895
4275,0.02123677999998108,21.23677999998108
4276,0.03262540200012154,32.62540200012154
4277,0.029268272000081197,29.268272000081197
4278,0.02216424400012329,22.16424400012329
4279,0.02221140300002844,22.21140300002844
4280,0.03286636999996517,32.86636999996517
4281,0.02702640000006795,27.02640000006795
4282,0.021518583999977636,21.518583999977636
4283,0.02142597600004592,21.42597600004592
4284,0.03305162499987091,33.05162499987091
4285,0.027941896000129418,27.941896000129418
4286,0.022351269999944634,22.351269999944634
4287,0.0214512279999326,21.4512279999326
4288,0.03277991100003419,32.77991100003419
4289,0.031105554999840024,31.105554999840024
4290,0.022531712000045445,22.531712000045445
4291,0.022741561999964688,22.741561999964688
4292,0.03686913199999253,36.86913199999253
4293,0.024078361999954723,24.078361999954723
4294,0.021908263999876,21.908263999876
4295,0.022146280000015395,22.146280000015395
4296,0.029470661999994263,29.470661999994263
4297,0.027576194999937798,27.576194999937798
4298,0.02148674199997913,21.48674199997913
4299,0.021340269999882366,21.340269999882366
4300,0.03249616499988406,32.49616499988406
4301,0.028009038999925906,28.009038999925906
4302,0.021722692000139432,21.722692000139432
4303,0.022282990000121572,22.282990000121572
4304,0.032706692000147086,32.706692000147086
4305,0.02803104899999198,28.03104899999198
4306,0.02158663299996988,21.58663299996988
4307,0.021604451000030167,21.604451000030167
4308,0.03265171599991845,32.65171599991845
4309,0.028655167999886544,28.655167999886544
4310,0.02293010899984438,22.93010899984438
4311,0.02244495999980245,22.44495999980245
4312,0.033230952999929286,33.230952999929286
4313,0.02876745599996866,28.76745599996866
4314,0.021640819000140255,21.640819000140255
4315,0.021241700000018682,21.24170000001868
4316,0.03244471100015289,32.44471100015289
4317,0.028359184000009918,28.35918400000992
4318,0.02153001199985738,21.53001199985738
4319,0.021546644999943965,21.546644999943965
4320,0.032887195999819596,32.887195999819596
4321,0.0283923209999557,28.3923209999557
4322,0.02371859200002291,23.71859200002291
4323,0.03642121699999734,36.42121699999734
4324,0.04785159600010047,47.85159600010047
4325,0.025125448999915534,25.125448999915534
4326,0.024391167999965546,24.391167999965546
4327,0.023652865000030943,23.652865000030943
4328,0.03135969300001307,31.359693000013067
4329,0.02863341500005845,28.63341500005845
4330,0.023465568999881725,23.465568999881725
4331,0.02360286599991923,23.60286599991923
4332,0.036173885999915,36.173885999915
4333,0.025051489999896148,25.051489999896148
4334,0.023752460999958203,23.752460999958203
4335,0.023856042999796045,23.856042999796045
4336,0.031048235000071145,31.048235000071145
4337,0.02976385100009793,29.76385100009793
4338,0.02338247600005161,23.38247600005161
4339,0.02346553200004564,23.46553200004564
4340,0.02973137900016809,29.73137900016809
4341,0.02923650999991878,29.23650999991878
4342,0.022852524999962043,22.852524999962043
4343,0.023118479999993724,23.118479999993724
4344,0.029898825999907785,29.898825999907785
4345,0.028637669000090682,28.637669000090682
4346,0.022978559999955905,22.978559999955905
4347,0.02330891800011159,23.30891800011159
4348,0.030229871000074127,30.229871000074127
4349,0.029613700000027166,29.613700000027166
4350,0.023550592999981745,23.550592999981745
4351,0.023941672000091785,23.941672000091785
4352,0.027895012000044517,27.895012000044517
4353,0.025497496999832947,25.497496999832947
4354,0.024664716999950542,24.664716999950542
4355,0.02311034599983941,23.11034599983941
4356,0.027198023000210014,27.198023000210014
4357,0.02919304700003522,29.19304700003522
4358,0.024696428999959608,24.696428999959608
4359,0.023443140999916068,23.443140999916068
4360,0.026544645999820204,26.544645999820204
4361,0.036303759000020364,36.303759000020364
4362,0.023621929999990243,23.621929999990243
4363,0.023593546000029164,23.593546000029164
4364,0.028592718999789213,28.592718999789213
4365,0.02888449099987156,28.88449099987156
4366,0.02325056999984554,23.25056999984554
4367,0.023149373000023843,23.149373000023843
4368,0.04201372700003958,42.01372700003958
4369,0.026599914000144054,26.599914000144054
4370,0.02297100800001317,22.97100800001317
4371,0.023567948999925648,23.567948999925648
4372,0.032819867999933194,32.819867999933194
4373,0.03226220100009414,32.26220100009414
4374,0.02581852000002982,25.81852000002982
4375,0.023756885000011607,23.756885000011607
4376,0.028240716000027533,28.240716000027533
4377,0.024722225999994407,24.722225999994407
4378,0.023472999999967215,23.472999999967215
4379,0.023108924999860392,23.108924999860392
4380,0.03435766500001591,34.35766500001591
4381,0.02414992300009544,24.14992300009544
4382,0.02276416400013659,22.76416400013659
4383,0.023009436000165806,23.009436000165806
4384,0.0272439130001203,27.2439130001203
4385,0.026316771999972843,26.316771999972843
4386,0.025867216999813536,25.867216999813536
4387,0.023659551000037027,23.659551000037027
4388,0.02634411300005013,26.34411300005013
4389,0.03058790299996872,30.58790299996872
4390,0.022938698999951157,22.938698999951157
4391,0.02311087399993994,23.11087399993994
4392,0.025880322999910277,25.880322999910277
4393,0.030699461000040174,30.699461000040174
4394,0.023346269000057873,23.346269000057873
4395,0.02373275700006161,23.73275700006161
4396,0.02938501499988888,29.38501499988888
4397,0.028828744000065853,28.828744000065853
4398,0.022947942999962834,22.947942999962834
4399,0.023079630999973233,23.079630999973233
4400,0.029374619999998686,29.374619999998686
4401,0.028573347000019567,28.573347000019567
4402,0.02292970600001354,22.92970600001354
4403,0.02396909499998401,23.96909499998401
4404,0.029869358000041757,29.869358000041757
4405,0.028711187999988397,28.711187999988397
4406,0.022966971999949237,22.966971999949237
4407,0.023101718000134497,23.101718000134497
4408,0.02944492899996476,29.44492899996476
4409,0.030888646999983393,30.888646999983393
4410,0.023997025000198846,23.997025000198846
4411,0.02389489400002276,23.89489400002276
4412,0.027350311999953192,27.350311999953192
4413,0.059869387999924584,59.869387999924584
4414,0.08111611200001789,81.11611200001789
4415,0.02317394399983641,23.17394399983641
4416,0.034044013000084306,34.044013000084306
4417,0.02365853500009507,23.65853500009507
4418,0.023043616999984806,23.043616999984806
4419,0.02292924500011395,22.92924500011395
4420,0.02572052599998642,25.72052599998642
4421,0.03985102599995116,39.85102599995116
4422,0.021801719999984925,21.801719999984925
4423,0.023058904999970764,23.058904999970764
4424,0.02858187599986195,28.58187599986195
4425,0.029712671000197588,29.712671000197588
4426,0.0220440000000508,22.0440000000508
4427,0.021721954999975424,21.721954999975424
4428,0.029837466000117274,29.837466000117274
4429,0.02957729899981132,29.57729899981132
4430,0.02131123200001639,21.31123200001639
4431,0.021194994000097722,21.194994000097722
4432,0.02713546699988001,27.13546699988001
4433,0.03176731300004576,31.76731300004576
4434,0.021459525999944162,21.459525999944162
4435,0.02162165000004279,21.62165000004279
4436,0.028258222999966165,28.258222999966165
4437,0.03153251799994905,31.53251799994905
4438,0.02228457499995784,22.28457499995784
4439,0.02198405199987974,21.98405199987974
4440,0.027766332999817678,27.766332999817678
4441,0.03085802300006435,30.85802300006435
4442,0.021426195000003645,21.426195000003645
4443,0.021261036000169042,21.261036000169042
4444,0.02726643799996964,27.26643799996964
4445,0.030431619000182764,30.431619000182764
4446,0.02201382799989915,22.01382799989915
4447,0.021953833999987182,21.953833999987182
4448,0.02576248199989095,25.76248199989095
4449,0.03778886200007037,37.78886200007037
4450,0.022156004999942525,22.156004999942525
4451,0.02196091099995101,21.96091099995101
4452,0.031162882999979047,31.162882999979047
4453,0.028740154000161056,28.740154000161056
4454,0.02193311599990011,21.93311599990011
4455,0.022110634999989998,22.110634999989998
4456,0.030017311999927188,30.017311999927188
4457,0.0291462060001777,29.1462060001777
4458,0.02136142699987431,21.36142699987431
4459,0.0214989759999753,21.4989759999753
4460,0.030992030999868803,30.992030999868803
4461,0.02331603799984805,23.31603799984805
4462,0.021445106000101077,21.445106000101077
4463,0.02192955800001073,21.92955800001073
4464,0.035065296999846396,35.065296999846396
4465,0.023704914999825633,23.704914999825633
4466,0.022104058000195437,22.104058000195437
4467,0.022698589999890828,22.698589999890828
4468,0.037196087999973315,37.196087999973315
4469,0.023483291000047757,23.483291000047757
4470,0.0217617020000489,21.7617020000489
4471,0.022213878000002296,22.213878000002296
4472,0.03976087999990341,39.76087999990341
4473,0.023281908999933876,23.281908999933876
4474,0.021690713000225514,21.690713000225514
4475,0.02137716799984446,21.37716799984446
4476,0.03990762800003722,39.90762800003722
4477,0.02298212699997748,22.98212699997748
4478,0.021467745999871113,21.467745999871113
4479,0.021703226999989056,21.703226999989056
4480,0.02950073799979691,29.50073799979691
4481,0.02359354300006089,23.59354300006089
4482,0.02527625200013972,25.27625200013972
4483,0.021888861000206816,21.888861000206816
4484,0.031353575000139244,31.353575000139244
4485,0.024397245000045586,24.397245000045586
4486,0.021873481000056927,21.873481000056927
4487,0.022240000000010696,22.240000000010696
4488,0.03627910199998041,36.27910199998041
4489,0.029943734999960725,29.943734999960725
4490,0.029408060999912777,29.408060999912777
4491,0.029926383999963946,29.926383999963946
4492,0.051530730999957086,51.530730999957086
4493,0.042671305999874676,42.671305999874676
4494,0.02534719599998425,25.34719599998425
4495,0.02620731899992279,26.20731899992279
4496,0.036245913999891854,36.245913999891854
4497,0.024823869000101695,24.823869000101695
4498,0.023532826999826284,23.532826999826284
4499,0.026151114999947822,26.151114999947822
4500,0.038829879000104484,38.829879000104484
4501,0.0269845489999625,26.9845489999625
4502,0.02496874400003435,24.96874400003435
4503,0.023640084999897226,23.640084999897226
4504,0.026889205000088623,26.889205000088623
4505,0.030148938000138514,30.148938000138514
4506,0.023238705000039772,23.238705000039772
4507,0.023955182999998215,23.955182999998215
4508,0.029443168999932823,29.443168999932823
4509,0.029207199999973454,29.207199999973454
4510,0.02381244800017157,23.81244800017157
4511,0.02320152299989786,23.20152299989786
4512,0.02872462599998471,28.72462599998471
4513,0.029438175999985106,29.438175999985106
4514,0.022965010999996593,22.965010999996593
4515,0.023249075999956403,23.249075999956403
4516,0.0309538500000599,30.9538500000599
4517,0.029208740000058242,29.208740000058242
4518,0.02375173499990524,23.75173499990524
4519,0.02383951799993156,23.83951799993156
4520,0.032084043999930145,32.084043999930145
4521,0.02463097800000469,24.63097800000469
4522,0.023755408999932115,23.755408999932115
4523,0.023697450000099707,23.697450000099707
4524,0.026791850000108752,26.791850000108752
4525,0.027443697000080647,27.443697000080647
4526,0.023595742999987124,23.595742999987124
4527,0.023393483000063497,23.393483000063497
4528,0.031753891999869666,31.753891999869666
4529,0.024411089000068387,24.411089000068387
4530,0.023437105000084557,23.437105000084557
4531,0.024073581000038757,24.073581000038757
4532,0.02842619500006549,28.42619500006549
4533,0.02456110200000694,24.56110200000694
4534,0.023571409999931348,23.571409999931348
4535,0.024451325999962137,24.451325999962137
4536,0.033851825000056124,33.851825000056124
4537,0.03159453900002518,31.59453900002518
4538,0.023368834000166316,23.368834000166316
4539,0.023190299999896524,23.190299999896524
4540,0.029668164999975488,29.668164999975488
4541,0.028941276999830734,28.941276999830734
4542,0.023513213999876825,23.513213999876825
4543,0.023816663000161498,23.816663000161498
4544,0.03179086700015432,31.79086700015432
4545,0.02658464000001004,26.58464000001004
4546,0.02359892800018315,23.59892800018315
4547,0.023658890999968207,23.658890999968207
4548,0.029238988999850335,29.238988999850335
4549,0.02421937400004026,24.21937400004026
4550,0.02310991300009846,23.10991300009846
4551,0.02340724800001226,23.40724800001226
4552,0.027015398000003188,27.015398000003188
4553,0.028593211000043084,28.593211000043084
4554,0.023425109999834604,23.425109999834604
4555,0.02404970299994602,24.04970299994602
4556,0.027914008000152535,27.914008000152535
4557,0.028158104999874922,28.158104999874922
4558,0.022877322000113054,22.877322000113054
4559,0.023000483000032546,23.000483000032546
4560,0.03105737600003522,31.05737600003522
4561,0.02638267099996483,26.38267099996483
4562,0.023683039000161443,23.683039000161443
4563,0.024267206999866175,24.267206999866175
4564,0.027465642000152002,27.465642000152002
4565,0.026505907999990086,26.505907999990086
4566,0.024243458999990253,24.243458999990253
4567,0.023165183999935834,23.165183999935834
4568,0.026867710000033185,26.867710000033185
4569,0.026805388999946445,26.805388999946445
4570,0.02333033200011414,23.33033200011414
4571,0.022907756999984485,22.907756999984485
4572,0.027079009000090082,27.079009000090082
4573,0.029400599000155125,29.400599000155125
4574,0.0229966899998999,22.9966899998999
4575,0.022886214999971344,22.886214999971344
4576,0.030407890000105908,30.40789000010591
4577,0.029178025999954116,29.178025999954116
4578,0.023544243000060305,23.544243000060305
4579,0.02463778700007424,24.63778700007424
4580,0.027920406000021103,27.920406000021103
4581,0.024207015000001775,24.207015000001775
4582,0.022941402000014932,22.941402000014932
4583,0.023254549000057523,23.254549000057523
4584,0.03195457499987242,31.95457499987242
4585,0.02509978900002352,25.09978900002352
4586,0.02184962599994833,21.84962599994833
4587,0.028566184000055728,28.566184000055728
4588,0.04168694100007997,41.68694100007997
4589,0.0263720299999477,26.3720299999477
4590,0.023075252999888107,23.075252999888107
4591,0.023153065000087736,23.153065000087736
4592,0.034113724000008006,34.113724000008006
4593,0.025060166000002937,25.060166000002937
4594,0.023517085000094085,23.517085000094085
4595,0.023931445000016538,23.931445000016538
4596,0.026550236000048244,26.550236000048244
4597,0.03220174400007636,32.20174400007636
4598,0.023512743000082992,23.512743000082992
4599,0.02383068899985119,23.83068899985119
4600,0.028940299999931085,28.940299999931085
4601,0.028831079999918074,28.831079999918074
4602,0.022970652000140035,22.970652000140035
4603,0.022936102999892682,22.936102999892682
4604,0.0299470319998818,29.9470319998818
4605,0.029054129999849465,29.054129999849465
4606,0.023021744000061517,23.021744000061517
4607,0.0235679979998622,23.5679979998622
4608,0.031073979000211693,31.073979000211693
4609,0.0290149529998871,29.0149529998871
4610,0.023726010000018505,23.726010000018505
4611,0.025849903000107588,25.849903000107588
4612,0.02759710400005133,27.59710400005133
4613,0.02561286500008464,25.61286500008464
4614,0.0232134429998041,23.2134429998041
4615,0.022993950999989465,22.993950999989465
4616,0.032242325999959576,32.242325999959576
4617,0.02488935700012007,24.88935700012007
4618,0.023512416999892594,23.512416999892594
4619,0.023765400000002046,23.765400000002046
4620,0.028413697000132743,28.413697000132743
4621,0.023652465999930428,23.652465999930428
4622,0.02321811899992099,23.21811899992099
4623,0.022970076999854427,22.970076999854427
4624,0.031623966000097425,31.623966000097425
4625,0.02443372599987015,24.43372599987015
4626,0.023584557000049244,23.584557000049244
4627,0.02371011000013823,23.71011000013823
4628,0.02620485199986433,26.20485199986433
4629,0.034524433000115096,34.524433000115096
4630,0.023583253999959197,23.583253999959197
4631,0.02363891999993939,23.63891999993939
4632,0.029038004999847544,29.038004999847544
4633,0.029665214000033302,29.665214000033302
4634,0.023755427000196505,23.755427000196505
4635,0.023331337999934476,23.331337999934476
4636,0.029037605999974403,29.037605999974403
4637,0.028336115000001882,28.336115000001882
4638,0.022961226000006718,22.961226000006718
4639,0.023290156000030038,23.290156000030038
4640,0.029071883999904458,29.071883999904458
4641,0.028412260000095557,28.412260000095557
4642,0.02298348499994063,22.98348499994063
4643,0.02311566599996695,23.11566599996695
4644,0.031065013999977964,31.065013999977964
4645,0.028845869999940987,28.845869999940987
4646,0.023616792999973768,23.616792999973768
4647,0.023953155999834053,23.953155999834053
4648,0.025575309000032576,25.575309000032576
4649,0.03288425700020525,32.88425700020525
4650,0.023122569000179283,23.122569000179283
4651,0.02445159900003091,24.45159900003091
4652,0.027836280999963492,27.836280999963492
4653,0.02892320099999779,28.92320099999779
4654,0.024783081999885326,24.783081999885326
4655,0.02587653099999443,25.87653099999443
4656,0.032764663999842014,32.764663999842014
4657,0.029545069000050717,29.545069000050717
4658,0.02359648200012998,23.59648200012998
4659,0.0238428360000853,23.8428360000853
4660,0.030650372000081916,30.650372000081916
4661,0.027966150000111156,27.966150000111156
4662,0.02358542000001762,23.58542000001762
4663,0.02326379100009035,23.26379100009035
4664,0.03415649899989148,34.15649899989148
4665,0.024624463999998625,24.624463999998625
4666,0.023717525999927602,23.717525999927602
4667,0.024453185999846028,24.453185999846028
4668,0.025697697999930824,25.697697999930824
4669,0.03225620200009871,32.25620200009871
4670,0.022849116000088543,22.849116000088543
4671,0.022939113000120415,22.939113000120415
4672,0.026476903000002494,26.476903000002494
4673,0.03013316900000973,30.13316900000973
4674,0.02277547899984711,22.77547899984711
4675,0.02306917800001429,23.06917800001429
4676,0.02893239500008349,28.93239500008349
4677,0.031380531999957384,31.380531999957384
4678,0.02356052599998293,23.56052599998293
4679,0.023733883999966565,23.733883999966565
4680,0.030315549000079045,30.315549000079045
4681,0.029033646000016233,29.033646000016233
4682,0.022996163000016168,22.996163000016168
4683,0.023543861000007382,23.543861000007382
4684,0.03188176300000123,31.88176300000123
4685,0.02458218499987197,24.58218499987197
4686,0.02340653500004919,23.40653500004919
4687,0.024158202999842615,24.158202999842615
4688,0.02593956300006539,25.93956300006539
4689,0.03807858599998326,38.07858599998326
4690,0.023722606000092128,23.722606000092128
4691,0.023231102999943687,23.231102999943687
4692,0.028785181999865017,28.785181999865017
4693,0.029198713999903703,29.198713999903703
4694,0.022958015000085652,22.958015000085652
4695,0.02301331300009224,23.01331300009224
4696,0.028697570000076666,28.697570000076666
4697,0.029157853000015166,29.157853000015166
4698,0.023612633000084315,23.612633000084315
4699,0.023665160000064134,23.665160000064134
4700,0.03061624099996152,30.61624099996152
4701,0.02897271400001955,28.97271400001955
4702,0.02317233300004773,23.17233300004773
4703,0.024832694999986415,24.832694999986415
4704,0.04349128900003052,43.49128900003052
4705,0.024635540999952354,24.635540999952354
4706,0.023036747999867657,23.036747999867657
4707,0.023385655999845767,23.385655999845767
4708,0.029154886000014812,29.154886000014812
4709,0.03065791799986073,30.65791799986073
4710,0.02361452700006339,23.61452700006339
4711,0.023922472000094785,23.922472000094785
4712,0.03164604999983567,31.646049999835668
4713,0.024593853999931525,24.593853999931525
4714,0.023447133999979997,23.447133999979997
4715,0.023950655000135157,23.950655000135157
4716,0.02862947499988877,28.62947499988877
4717,0.025201302000141368,25.201302000141368
4718,0.022926049000034254,22.926049000034254
4719,0.02319346400008726,23.19346400008726
4720,0.03130137800008015,31.30137800008015
4721,0.024755440000035378,24.755440000035378
4722,0.02343009199989865,23.43009199989865
4723,0.023600970999950732,23.600970999950732
4724,0.027764601999933802,27.764601999933802
4725,0.026383955000028436,26.383955000028436
4726,0.022935568999855604,22.935568999855604
4727,0.023987248000139516,23.987248000139516
4728,0.025715472999991107,25.715472999991107
4729,0.03405434700016485,34.05434700016485
4730,0.022882934000108435,22.882934000108435
4731,0.023229303000107393,23.229303000107393
4732,0.027345799999920928,27.345799999920928
4733,0.024488715000188677,24.488715000188677
4734,0.023702709999952276,23.702709999952276
4735,0.02385946000003969,23.85946000003969
4736,0.028538723000110622,28.538723000110622
4737,0.024424821000138763,24.424821000138763
4738,0.02347742200004177,23.47742200004177
4739,0.024530956000035076,24.530956000035076
4740,0.02868868699988525,28.68868699988525
4741,0.024700427999960084,24.700427999960084
4742,0.024962634999837974,24.962634999837974
4743,0.023131737999847246,23.131737999847246
4744,0.0336936969999897,33.6936969999897
4745,0.024593159999994896,24.593159999994896
4746,0.023486800000000585,23.486800000000585
4747,0.023607291000189434,23.607291000189434
4748,0.028390854000008403,28.390854000008403
4749,0.024333458000000974,24.333458000000974
4750,0.02360398099995109,23.60398099995109
4751,0.02398925100010274,23.98925100010274
4752,0.028737847000002148,28.737847000002148
4753,0.02552557099988917,25.52557099988917
4754,0.023038304000010612,23.038304000010612
4755,0.028719162000015785,28.719162000015785
4756,0.03908890499997142,39.08890499997142
4757,0.02996982200011189,29.96982200011189
4758,0.0237239650000447,23.7239650000447
4759,0.02361848900000041,23.61848900000041
4760,0.027773389999993014,27.773389999993014
4761,0.024244533000000956,24.244533000000956
4762,0.02290562799998952,22.90562799998952
4763,0.023375471000008474,23.375471000008474
4764,0.031970096999884845,31.970096999884845
4765,0.024022070000000895,24.022070000000895
4766,0.022759875000019747,22.759875000019747
4767,0.023221584999873812,23.221584999873812
4768,0.035923771999932796,35.9237719999328
4769,0.02471777200003089,24.71777200003089
4770,0.02329224699997212,23.29224699997212
4771,0.023754321000069467,23.754321000069467
4772,0.030573648999961733,30.573648999961733
4773,0.03357018499991682,33.57018499991682
4774,0.02282950400012851,22.82950400012851
4775,0.023395943999958035,23.395943999958035
4776,0.04150979299993196,41.50979299993196
4777,0.02509306399997513,25.09306399997513
4778,0.02324593299999833,23.24593299999833
4779,0.02319576100012455,23.19576100012455
4780,0.034044803999904616,34.044803999904616
4781,0.02880288900018968,28.80288900018968
4782,0.023007040000038614,23.007040000038614
4783,0.0233873649999623,23.3873649999623
4784,0.03847882299987759,38.47882299987759
4785,0.025185248999832766,25.185248999832766
4786,0.02339860300003238,23.39860300003238
4787,0.02349043200001688,23.49043200001688
4788,0.03431361100001595,34.31361100001595
4789,0.029921801000000414,29.921801000000414
4790,0.023294776999819078,23.294776999819078
4791,0.024319509999941147,24.319509999941147
4792,0.02803000900007646,28.03000900007646
4793,0.02836686299997382,28.36686299997382
4794,0.022769186000004993,22.769186000004993
4795,0.023388066000052277,23.388066000052277
4796,0.03143000199997914,31.43000199997914
4797,0.024932102000093437,24.932102000093437
4798,0.023549819999971078,23.549819999971078
4799,0.023600923000003604,23.600923000003604
4800,0.03495973899998717,34.95973899998717
4801,0.02487632699990172,24.87632699990172
4802,0.023213438000084352,23.213438000084352
4803,0.023168528000041988,23.168528000041988
4804,0.026173556999992798,26.173556999992798
4805,0.030956262000017887,30.956262000017887
4806,0.02354998999999225,23.54998999999225
4807,0.02417008599991277,24.17008599991277
4808,0.029213849000143455,29.213849000143455
4809,0.028928336000035415,28.928336000035415
4810,0.02280208299998776,22.80208299998776
4811,0.023203074000093693,23.203074000093693
4812,0.029023491999851103,29.023491999851103
4813,0.02899581799988482,28.99581799988482
4814,0.02301502399996025,23.01502399996025
4815,0.023020798999823455,23.020798999823455
4816,0.029047158999901512,29.047158999901512
4817,0.029464161000078093,29.464161000078093
4818,0.024414937000074133,24.414937000074133
4819,0.023854616999869904,23.854616999869904
4820,0.031630412999902546,31.630412999902546
4821,0.027015248999987307,27.015248999987307
4822,0.02506627100001424,25.06627100001424
4823,0.025820730999839725,25.820730999839725
4824,0.03040428899998915,30.40428899998915
4825,0.030734615000028498,30.734615000028498
4826,0.025925592000021425,25.925592000021425
4827,0.024549871999852257,24.549871999852257
4828,0.03401756499988551,34.01756499988551
4829,0.02486476900003254,24.86476900003254
4830,0.025722947999838652,25.722947999838652
4831,0.02572732800013,25.72732800013
4832,0.04376959399996849,43.76959399996849
4833,0.02795471199988242,27.95471199988242
4834,0.023240751999992426,23.240751999992426
4835,0.023216874000127063,23.216874000127063
4836,0.02797153099982097,27.97153099982097
4837,0.030159569000034026,30.159569000034026
4838,0.025086235000117085,25.086235000117085
4839,0.02334378199998355,23.34378199998355
4840,0.028561471999864807,28.561471999864807
4841,0.028535597999962192,28.535597999962192
4842,0.022621881000077337,22.621881000077337
4843,0.023112656999956016,23.112656999956016
4844,0.02820462099998622,28.20462099998622
4845,0.029343259000143007,29.343259000143007
4846,0.02385072099991703,23.85072099991703
4847,0.023586691999980758,23.586691999980758
4848,0.030130706999898393,30.130706999898393
4849,0.02998005299991746,29.98005299991746
4850,0.022814659999994547,22.814659999994547
4851,0.02327242599994861,23.27242599994861
4852,0.023828538000088884,23.828538000088884
4853,0.1272887840000294,127.28878400002941
4854,0.036547757000107595,36.547757000107595
4855,0.02314385699992272,23.14385699992272
4856,0.030648853999991843,30.648853999991843
4857,0.028444505999914327,28.444505999914327
4858,0.02307346099996721,23.07346099996721
4859,0.022811253000099896,22.811253000099896
4860,0.03073734700001296,30.73734700001296
4861,0.027926923999984865,27.926923999984865
4862,0.02335497299986855,23.35497299986855
4863,0.024103247000084593,24.103247000084593
4864,0.027476346999947054,27.476346999947054
4865,0.030648281000139832,30.648281000139832
4866,0.024435613999912675,24.435613999912675
4867,0.0282478159999755,28.2478159999755
4868,0.029214099000000715,29.214099000000715
4869,0.030600297000091814,30.600297000091814
4870,0.02381232000016098,23.81232000016098
4871,0.02310543399994458,23.10543399994458
4872,0.03058469100005823,30.58469100005823
4873,0.03005087899987302,30.05087899987302
4874,0.023541086000022915,23.541086000022915
4875,0.02374261199997818,23.74261199997818
4876,0.03830747599999995,38.30747599999995
4877,0.025640768000130265,25.640768000130265
4878,0.023020381000151247,23.020381000151247
4879,0.023922154000047158,23.922154000047158
4880,0.03627285800007485,36.27285800007485
4881,0.02864471699990645,28.64471699990645
4882,0.023317883999879996,23.317883999879996
4883,0.023401687000159654,23.401687000159654
4884,0.03257122500008336,32.57122500008336
4885,0.02506493399982901,25.06493399982901
4886,0.02319029800014505,23.19029800014505
4887,0.024184171999877435,24.184171999877435
4888,0.030691826000065703,30.691826000065703
4889,0.024390897999865047,24.390897999865047
4890,0.022732270000005883,22.732270000005883
4891,0.023155836999876556,23.155836999876556
4892,0.03060161100006553,30.60161100006553
4893,0.024292859999832217,24.292859999832217
4894,0.02337967700009358,23.37967700009358
4895,0.023541241999964768,23.541241999964768
4896,0.03243491500006712,32.43491500006712
4897,0.024982462000025407,24.982462000025407
4898,0.023147228999960134,23.147228999960134
4899,0.022853164999787623,22.853164999787623
4900,0.02841276000003745,28.41276000003745
4901,0.03356653500009088,33.56653500009088
4902,0.02412420599989673,24.12420599989673
4903,0.023709279000058814,23.709279000058814
4904,0.030751583999972354,30.751583999972354
4905,0.028781984000033844,28.781984000033844
4906,0.023577919000217662,23.577919000217662
4907,0.023091691999979957,23.091691999979957
4908,0.029824955000094633,29.824955000094633
4909,0.02815742500001761,28.15742500001761
4910,0.022579515999950672,22.579515999950672
4911,0.023098512999922605,23.098512999922605
4912,0.030658019000156855,30.658019000156855
4913,0.026368613999920854,26.368613999920854
4914,0.024300095999933546,24.300095999933546
4915,0.02289988000006815,22.89988000006815
4916,0.0414426499999081,41.4426499999081
4917,0.029944766999960848,29.944766999960848
4918,0.024827304999917033,24.827304999917033
4919,0.02307661100007863,23.07661100007863
4920,0.028732349000165414,28.732349000165414
4921,0.02507492000017919,25.07492000017919
4922,0.024112412000022232,24.112412000022232
4923,0.02240080499996111,22.40080499996111
4924,0.03144919600003959,31.449196000039592
4925,0.023605038000141576,23.605038000141576
4926,0.024238169999989623,24.238169999989623
4927,0.023212865999994392,23.212865999994392
4928,0.029903324000088105,29.903324000088105
4929,0.024499888000036663,24.499888000036663
4930,0.023867266000024756,23.867266000024756
4931,0.023127003999888984,23.127003999888984
4932,0.03138539899987336,31.38539899987336
4933,0.02358086299977913,23.58086299977913
4934,0.023462822000055894,23.462822000055894
4935,0.02241438000010021,22.41438000010021
4936,0.034787742999924376,34.787742999924376
4937,0.02393729400000666,23.93729400000666
4938,0.024054165000052308,24.054165000052308
4939,0.02285840400008965,22.85840400008965
4940,0.027565052999989348,27.565052999989348
4941,0.030967535999934626,30.967535999934626
4942,0.024427107000065007,24.427107000065007
4943,0.022861220999857323,22.861220999857323
4944,0.029335504999835393,29.335504999835393
4945,0.02909848600006626,29.09848600006626
4946,0.024048406000019895,24.048406000019895
4947,0.022588233000078617,22.588233000078617
4948,0.032488751999835586,32.488751999835586
4949,0.027828132999957234,27.828132999957234
4950,0.023654306000025827,23.654306000025827
4951,0.022610057000065353,22.610057000065353
4952,0.033719564999955765,33.719564999955765
4953,0.023942339000086577,23.942339000086577
4954,0.024378628000022218,24.378628000022218
4955,0.02284040500012452,22.84040500012452
4956,0.02969093799993061,29.69093799993061
4957,0.024258092000081888,24.258092000081888
4958,0.024362058999940928,24.362058999940928
4959,0.023102904000097624,23.102904000097624
4960,0.028028542999891215,28.028542999891215
4961,0.025405861999843182,25.405861999843182
4962,0.023203642999988006,23.203642999988006
4963,0.02406092399996851,24.06092399996851
4964,0.03340110499993898,33.40110499993898
4965,0.026206766000086645,26.206766000086645
4966,0.023318072999927608,23.318072999927608
4967,0.02347586400014734,23.47586400014734
4968,0.02924030799999855,29.24030799999855
4969,0.030072937000113598,30.072937000113598
4970,0.023369708000018363,23.369708000018363
4971,0.023619817000053445,23.619817000053445
4972,0.030846391999830303,30.846391999830303
4973,0.029184681000060664,29.184681000060664
4974,0.022857005000105346,22.857005000105346
4975,0.02328177100002904,23.28177100002904
4976,0.03008935200000451,30.08935200000451
4977,0.029587444000071628,29.587444000071628
4978,0.022654428000123517,22.654428000123517
4979,0.022989678999920216,22.989678999920216
4980,0.0322327490000589,32.2327490000589
4981,0.02492950999999266,24.92950999999266
4982,0.02374610899983054,23.74610899983054
4983,0.025242817999924227,25.242817999924227
4984,0.04367298900001515,43.67298900001515
4985,0.031140967000055753,31.140967000055753
4986,0.023882784999841533,23.882784999841533
4987,0.023932267999953183,23.932267999953183
4988,0.030318096999963018,30.318096999963018
4989,0.029147519999924043,29.147519999924043
4990,0.022964344999991226,22.964344999991226
4991,0.023248187000035614,23.248187000035614
4992,0.031020764999993844,31.020764999993844
4993,0.028824821999933192,28.824821999933192
4994,0.02328332499996577,23.28332499996577
4995,0.023920244000009916,23.920244000009916
4996,0.03750489599997309,37.50489599997309
4997,0.02481294699987302,24.81294699987302
4998,0.023103065000213974,23.103065000213974
4999,0.02291664199992738,22.91664199992738
5000,0.02647250199993323,26.47250199993323
5001,0.03251637399989704,32.51637399989704
5002,0.023734872999966683,23.734872999966683
5003,0.02374377500018454,23.74377500018454
5004,0.03010000399990531,30.10000399990531
5005,0.02968210300014107,29.68210300014107
5006,0.023641380000071877,23.641380000071877
5007,0.023588649999965128,23.588649999965128
5008,0.030490335999957097,30.490335999957097
5009,0.027961651999930837,27.961651999930837
5010,0.022912586000074953,22.912586000074953
5011,0.023127366999915466,23.127366999915466
5012,0.03253069199990932,32.53069199990932
5013,0.02536016500016558,25.36016500016558
5014,0.02368189899993922,23.68189899993922
5015,0.023993194000013318,23.993194000013318
5016,0.026687611999932415,26.687611999932415
5017,0.03183427299995856,31.834272999958557
5018,0.024293510999996215,24.293510999996215
5019,0.02426139899989721,24.26139899989721
5020,0.02928916900009426,29.28916900009426
5021,0.03060902100014573,30.60902100014573
5022,0.023672725999858812,23.672725999858812
5023,0.02345477199992274,23.45477199992274
5024,0.030645034999906784,30.645034999906784
5025,0.029670000999885815,29.670000999885815
5026,0.02287842299983822,22.87842299983822
5027,0.02334796499985714,23.34796499985714
5028,0.030703184000003603,30.703184000003603
5029,0.02591523700016296,25.91523700016296
5030,0.023338238999940586,23.338238999940586
5031,0.024948612000116555,24.948612000116555
5032,0.02786723200006236,27.86723200006236
5033,0.03362341899992316,33.62341899992316
5034,0.023720811999965008,23.720811999965008
5035,0.02379040999994686,23.79040999994686
5036,0.03031246600016857,30.31246600016857
5037,0.02955470000006244,29.55470000006244
5038,0.02276048199996694,22.76048199996694
5039,0.023389961000020776,23.389961000020776
5040,0.030868331999954535,30.868331999954535
5041,0.028193212000132917,28.193212000132917
5042,0.023159886000030383,23.159886000030383
5043,0.023046002999990378,23.046002999990378
5044,0.03179915200007599,31.799152000075992
5045,0.025340940999967643,25.340940999967643
5046,0.0236560929999996,23.6560929999996
5047,0.023651064999967275,23.651064999967275
5048,0.027141878000065844,27.141878000065844
5049,0.033286928000052285,33.286928000052285
5050,0.02297776899990822,22.97776899990822
5051,0.023025746000030267,23.025746000030267
5052,0.02840364899998349,28.40364899998349
5053,0.02893250200008879,28.93250200008879
5054,0.02159390099996017,21.59390099996017
5055,0.021864413999992394,21.864413999992394
5056,0.03260738499989202,32.60738499989202
5057,0.0243758510000589,24.3758510000589
5058,0.023327241000060894,23.327241000060894
5059,0.0230140470000606,23.0140470000606
5060,0.026289836999922045,26.289836999922045
5061,0.03260980400000335,32.60980400000335
5062,0.025249468000083652,25.249468000083652
5063,0.02348113099992588,23.48113099992588
5064,0.031238529999882303,31.238529999882303
5065,0.029421287000104712,29.421287000104712
5066,0.02351913899997271,23.51913899997271
5067,0.02503260800017415,25.03260800017415
5068,0.027603632000136713,27.603632000136713
5069,0.027216811000016605,27.216811000016605
5070,0.0231041469999127,23.1041469999127
5071,0.023068118999844955,23.068118999844955
5072,0.03166117400019175,31.66117400019175
5073,0.023762511000086306,23.762511000086306
5074,0.022953542000095695,22.953542000095695
5075,0.023035946999925727,23.035946999925727
5076,0.032225867999841284,32.225867999841284
5077,0.024704918999987058,24.704918999987058
5078,0.023613536000084423,23.613536000084423
5079,0.024219391999849904,24.219391999849904
5080,0.0423643980000179,42.3643980000179
5081,0.026778629000091314,26.778629000091314
5082,0.027074641000126576,27.074641000126576
5083,0.02831171799994081,28.31171799994081
5084,0.033363322000013795,33.363322000013795
5085,0.029126086000133,29.126086000133
5086,0.021773381999992125,21.773381999992125
5087,0.021429876999945918,21.429876999945918
5088,0.03168376500002523,31.683765000025232
5089,0.028300408999939464,28.300408999939464
5090,0.02121955200004777,21.21955200004777
5091,0.02143713899999966,21.43713899999966
5092,0.02970294700003251,29.70294700003251
5093,0.02936514799989709,29.36514799989709
5094,0.026080904000082228,26.080904000082228
5095,0.022395929999902364,22.395929999902364
5096,0.03263774500010186,32.63774500010186
5097,0.028126908000103867,28.126908000103867
5098,0.02152067099996202,21.52067099996202
5099,0.02205765300004714,22.05765300004714
5100,0.03254728100000648,32.54728100000648
5101,0.02886281699989013,28.86281699989013
5102,0.021373661000097854,21.373661000097854
5103,0.021430727000051775,21.430727000051775
5104,0.035602576999963276,35.602576999963276
5105,0.028010094000137542,28.010094000137542
5106,0.021589428999959637,21.589428999959637
5107,0.021790221999935966,21.790221999935966
5108,0.03296745600005124,32.96745600005124
5109,0.029048683999917557,29.048683999917557
5110,0.021757267999873875,21.757267999873875
5111,0.02165469200008374,21.65469200008374
5112,0.03354022200005602,33.54022200005602
5113,0.02774986600002194,27.74986600002194
5114,0.02152546299998903,21.52546299998903
5115,0.02122699400001693,21.22699400001693
5116,0.03264129500007584,32.64129500007584
5117,0.028202017000012347,28.202017000012347
5118,0.02146195299997089,21.46195299997089
5119,0.021916199999850505,21.916199999850505
5120,0.030655929999966247,30.655929999966247
5121,0.029595432999940385,29.595432999940385
5122,0.022510082000053444,22.510082000053444
5123,0.02241924800000561,22.41924800000561
5124,0.0328281300000981,32.8281300000981
5125,0.029133208000075683,29.133208000075683
5126,0.021278908000113006,21.278908000113006
5127,0.022037844999886147,22.037844999886147
5128,0.03508038499990107,35.08038499990107
5129,0.02569046000007802,25.69046000007802
5130,0.0212890340001195,21.2890340001195
5131,0.02146761499989225,21.46761499989225
5132,0.033206356999926356,33.206356999926356
5133,0.0277634209999178,27.7634209999178
5134,0.021497054000064963,21.497054000064963
5135,0.021338101999845094,21.338101999845094
5136,0.03313370599994414,33.13370599994414
5137,0.02893175000008341,28.93175000008341
5138,0.021905398999933823,21.905398999933823
5139,0.022616690999939237,22.616690999939237
5140,0.03321154200011733,33.21154200011733
5141,0.027885196999932305,27.885196999932305
5142,0.022354544000108945,22.354544000108945
5143,0.021730711999907726,21.730711999907726
5144,0.032635205999895334,32.635205999895334
5145,0.027787481999894226,27.787481999894226
5146,0.02178926099986711,21.78926099986711
5147,0.021588263000012375,21.588263000012375
5148,0.03516071999979431,35.16071999979431
5149,0.024517669000033493,24.517669000033493
5150,0.030151124999974854,30.151124999974854
5151,0.031215097000085734,31.215097000085734
5152,0.04807590599989453,48.07590599989453
5153,0.03416331199991873,34.16331199991873
5154,0.03031756099994709,30.31756099994709
5155,0.025772117000087746,25.772117000087746
5156,0.04543377400000281,45.43377400000281
5157,0.02613867900004152,26.13867900004152
5158,0.023209985999983473,23.209985999983473
5159,0.023962935999861656,23.962935999861656
5160,0.027474206999841044,27.474206999841044
5161,0.03324207800005752,33.24207800005752
5162,0.02451825799994367,24.51825799994367
5163,0.025045455000054062,25.045455000054062
5164,0.030033318000050713,30.033318000050713
5165,0.0256136030000107,25.6136030000107
5166,0.022775501000069198,22.775501000069198
5167,0.02320647600004122,23.20647600004122
5168,0.03221461399994041,32.21461399994041
5169,0.02530028400019546,25.30028400019546
5170,0.023497176000091713,23.497176000091713
5171,0.02370804599991061,23.70804599991061
5172,0.034553335000055085,34.553335000055085
5173,0.024362565000046743,24.362565000046743
5174,0.023457789000076446,23.457789000076446
5175,0.023808088999885513,23.808088999885513
5176,0.02585649000002377,25.85649000002377
5177,0.03029925300006653,30.29925300006653
5178,0.022918248999985735,22.918248999985735
5179,0.023160168999993402,23.160168999993402
5180,0.03227842100000089,32.27842100000089
5181,0.03045727300013823,30.45727300013823
5182,0.02391816999988805,23.91816999988805
5183,0.023873131000073045,23.873131000073045
5184,0.03149701500001356,31.497015000013562
5185,0.02670068999987052,26.70068999987052
5186,0.02352510900004745,23.52510900004745
5187,0.023528252999994947,23.528252999994947
5188,0.03977568999994219,39.77568999994219
5189,0.024620121999987532,24.620121999987532
5190,0.026930644000003667,26.930644000003667
5191,0.022827864999953817,22.827864999953817
5192,0.03357825600005526,33.57825600005526
5193,0.023719589999927848,23.719589999927848
5194,0.02313200899993717,23.13200899993717
5195,0.022873929000070348,22.873929000070348
5196,0.026302908999923602,26.302908999923602
5197,0.039421735999894736,39.421735999894736
5198,0.02686599399999068,26.86599399999068
5199,0.023933631000090827,23.933631000090827
5200,0.032240845999922385,32.240845999922385
5201,0.028811783000037394,28.811783000037394
5202,0.02342104199988171,23.42104199988171
5203,0.0236380270000609,23.6380270000609
5204,0.028555263999805902,28.555263999805902
5205,0.026969251999844346,26.969251999844346
5206,0.022646673000053852,22.646673000053852
5207,0.023147439000013037,23.147439000013037
5208,0.030200592000028337,30.200592000028337
5209,0.027578202000086094,27.578202000086094
5210,0.02282392200004324,22.82392200004324
5211,0.022973547999981747,22.973547999981747
5212,0.029516211999862207,29.516211999862207
5213,0.03260528999999224,32.60528999999224
5214,0.023532360999979574,23.532360999979574
5215,0.023794231000010768,23.794231000010768
5216,0.029125664000048346,29.125664000048346
5217,0.03068495200000143,30.68495200000143
5218,0.02378093299989814,23.78093299989814
5219,0.02323466699999699,23.23466699999699
5220,0.028706773000067187,28.706773000067187
5221,0.02952035699991029,29.52035699991029
5222,0.022668838999834406,22.668838999834406
5223,0.02364802200008853,23.64802200008853
5224,0.030911479999986113,30.911479999986113
5225,0.028726663000043118,28.726663000043118
5226,0.022625358999903256,22.625358999903256
5227,0.023329720999981873,23.329720999981873
5228,0.030869745000018156,30.869745000018156
5229,0.029025898000099914,29.025898000099914
5230,0.02361918099995819,23.61918099995819
5231,0.023475083999983326,23.475083999983326
5232,0.032912420000002385,32.912420000002385
5233,0.025943436000034126,25.943436000034126
5234,0.02385376899997027,23.85376899997027
5235,0.0232846700000664,23.2846700000664
5236,0.026072342999896136,26.072342999896136
5237,0.03077056100005393,30.77056100005393
5238,0.02335283000002164,23.35283000002164
5239,0.022776991000000635,22.776991000000635
5240,0.025712821000070107,25.712821000070107
5241,0.03189411600010317,31.894116000103168
5242,0.023554965000130323,23.554965000130323
5243,0.02317369799993685,23.17369799993685
5244,0.029804178000176762,29.804178000176762
5245,0.028802469999845925,28.802469999845925
5246,0.023882854000021325,23.882854000021325
5247,0.02452107299995987,24.52107299995987
5248,0.039213590999906955,39.213590999906955
5249,0.02398280900001737,23.98280900001737
5250,0.02344840499995371,23.44840499995371
5251,0.022599068000090483,22.599068000090483
5252,0.027181626999890796,27.181626999890796
5253,0.02596467000012126,25.96467000012126
5254,0.023379835000014282,23.379835000014282
5255,0.0235370600000806,23.5370600000806
5256,0.03741831299998921,37.41831299998921
5257,0.024260537999907683,24.260537999907683
5258,0.023516682999797922,23.516682999797922
5259,0.02349525099998573,23.49525099998573
5260,0.026132963000009113,26.132963000009113
5261,0.03345532999992429,33.45532999992429
5262,0.02394522099984897,23.94522099984897
5263,0.022789971000065634,22.789971000065634
5264,0.032147490999932415,32.147490999932415
5265,0.029954757000041354,29.954757000041354
5266,0.023056009000129052,23.056009000129052
5267,0.02274691000002349,22.74691000002349
5268,0.039777446000016425,39.777446000016425
5269,0.02432877399996869,24.32877399996869
5270,0.02361171600000489,23.61171600000489
5271,0.02308466300019063,23.08466300019063
5272,0.03354164999996101,33.54164999996101
5273,0.024903156999926068,24.90315699992607
5274,0.023357813999837163,23.357813999837163
5275,0.02250110099998892,22.50110099998892
5276,0.0356479549998312,35.6479549998312
5277,0.025085508000074697,25.085508000074697
5278,0.023569937999809554,23.569937999809554
5279,0.023491193999916504,23.491193999916504
5280,0.03207835399985015,32.07835399985015
5281,0.028731750999895667,28.731750999895667
5282,0.02382977199999914,23.82977199999914
5283,0.023293817999956445,23.293817999956445
5284,0.031837781999911385,31.837781999911385
5285,0.024285236999958215,24.285236999958215
5286,0.1265857620001043,126.5857620001043
5287,0.0473315009999169,47.3315009999169
5288,0.03128688000015245,31.28688000015245
5289,0.029672320999907242,29.672320999907242
5290,0.023143799999843395,23.143799999843395
5291,0.022981552999908672,22.981552999908672
5292,0.030823069000007308,30.823069000007308
5293,0.02590012900009242,25.90012900009242
5294,0.023570138999957635,23.570138999957635
5295,0.022754228999929182,22.754228999929182
5296,0.03265680699996665,32.65680699996665
5297,0.024333858999852964,24.333858999852964
5298,0.023647175000178322,23.647175000178322
5299,0.02305881799998133,23.05881799998133
5300,0.027727097000024514,27.727097000024514
5301,0.02686489600000641,26.86489600000641
5302,0.02282323700001143,22.82323700001143
5303,0.023325903999875663,23.325903999875663
5304,0.032870290999881036,32.870290999881036
5305,0.024611842000012984,24.611842000012984
5306,0.02409895100004178,24.09895100004178
5307,0.023494039000070188,23.494039000070188
5308,0.03134253700000045,31.342537000000448
5309,0.02461693500004003,24.61693500004003
5310,0.023454476000097202,23.454476000097202
5311,0.02500740899995435,25.00740899995435
5312,0.041923821999944266,41.923821999944266
5313,0.02503750300002139,25.03750300002139
5314,0.022949024000126883,22.949024000126883
5315,0.023676036000097156,23.676036000097156
5316,0.031044870999949126,31.044870999949126
5317,0.024267011000119965,24.267011000119965
5318,0.02401445300006344,24.01445300006344
5319,0.023551957999870865,23.551957999870865
5320,0.027096113999959925,27.096113999959925
5321,0.023795799000026818,23.79579900002682
5322,0.023170242000105645,23.170242000105645
5323,0.02348595600005865,23.48595600005865
5324,0.030797627000083594,30.797627000083594
5325,0.02363050500002828,23.63050500002828
5326,0.02335040699995261,23.35040699995261
5327,0.022723282000015388,22.723282000015388
5328,0.033339103999878716,33.339103999878716
5329,0.025078185999973357,25.078185999973357
5330,0.024273908999930427,24.273908999930427
5331,0.023277739999912228,23.277739999912228
5332,0.028315818999999465,28.315818999999465
5333,0.02427611699999943,24.27611699999943
5334,0.023404240999980175,23.404240999980175
5335,0.02267565400006788,22.67565400006788
5336,0.029326226999955907,29.326226999955907
5337,0.023774622000019008,23.774622000019008
5338,0.023167796000052476,23.167796000052476
5339,0.022817870999915613,22.817870999915613
5340,0.038054642999895805,38.054642999895805
5341,0.024040137000156392,24.040137000156392
5342,0.024024767999890173,24.024767999890173
5343,0.023541533000070558,23.541533000070558
5344,0.024490993999961574,24.490993999961574
5345,0.03260651100003997,32.60651100003997
5346,0.025807098000086626,25.807098000086626
5347,0.02401127100006306,24.01127100006306
5348,0.030991238999831694,30.991238999831694
5349,0.030501897000021927,30.501897000021927
5350,0.02308245399990483,23.08245399990483
5351,0.022946971999999732,22.946971999999732
5352,0.03046489799999108,30.46489799999108
5353,0.02663344400002643,26.63344400002643
5354,0.02299444699997366,22.99444699997366
5355,0.02294296799982476,22.94296799982476
5356,0.04394844200010084,43.94844200010084
5357,0.024314538999988144,24.314538999988144
5358,0.023994964000166874,23.994964000166874
5359,0.024241705000122238,24.241705000122238
5360,0.03986481399988406,39.86481399988406
5361,0.024687431000074866,24.687431000074866
5362,0.023521275000121022,23.521275000121022
5363,0.02325213100016299,23.25213100016299
5364,0.02762111900005948,27.62111900005948
5365,0.02949535800007652,29.49535800007652
5366,0.023738032999972347,23.738032999972347
5367,0.023256248000052437,23.256248000052437
5368,0.02948406099994827,29.48406099994827
5369,0.0288206390000596,28.8206390000596
5370,0.023045341999932134,23.045341999932134
5371,0.022862129000031928,22.862129000031928
5372,0.029447160000017902,29.447160000017902
5373,0.02925851499981036,29.25851499981036
5374,0.023190334999981133,23.190334999981133
5375,0.024518936999811558,24.518936999811558
5376,0.03564431299992066,35.64431299992066
5377,0.02394306799988044,23.94306799988044
5378,0.02333001800002421,23.33001800002421
5379,0.022767039999962435,22.767039999962435
5380,0.027621535999969637,27.621535999969637
5381,0.02987847399981547,29.87847399981547
5382,0.02359420399989176,23.59420399989176
5383,0.023333401999934722,23.333401999934722
5384,0.027949528999897666,27.949528999897666
5385,0.02414370099995722,24.14370099995722
5386,0.023013534999790863,23.013534999790863
5387,0.022744699999975637,22.744699999975637
5388,0.03257831700011593,32.57831700011593
5389,0.02396635399986735,23.96635399986735
5390,0.02359818600007202,23.59818600007202
5391,0.02265405200000714,22.65405200000714
5392,0.03392413899996427,33.92413899996427
5393,0.02482410599986906,24.82410599986906
5394,0.024258611000050223,24.258611000050223
5395,0.023437098000158585,23.437098000158585
5396,0.026620639000157098,26.620639000157098
5397,0.033030641000095784,33.030641000095784
5398,0.02396686200017939,23.96686200017939
5399,0.023516776999940703,23.516776999940703
5400,0.030962619000092673,30.962619000092673
5401,0.028621006999856036,28.621006999856036
5402,0.023405098000012003,23.405098000012003
5403,0.023155159999987518,23.155159999987518
5404,0.03028798800005461,30.28798800005461
5405,0.02853863000018464,28.53863000018464
5406,0.023595900999907826,23.595900999907826
5407,0.02344650100008039,23.44650100008039
5408,0.03415953500007163,34.15953500007163
5409,0.024770733999957883,24.770733999957883
5410,0.02653773499991985,26.53773499991985
5411,0.025759704999927635,25.759704999927635
5412,0.032535509999888745,32.535509999888745
5413,0.03181945300002553,31.819453000025533
5414,0.024049143999945954,24.049143999945954
5415,0.022852199999988443,22.852199999988443
5416,0.034146657000064806,34.146657000064806
5417,0.024834222999970734,24.834222999970734
5418,0.023834890999978597,23.834890999978597
5419,0.0227319069999794,22.7319069999794
5420,0.026341021999996883,26.341021999996883
5421,0.03403823899998315,34.03823899998315
5422,0.02367066400006479,23.67066400006479
5423,0.024531771000056324,24.531771000056324
5424,0.030233611000085148,30.233611000085148
5425,0.028353921999951126,28.353921999951126
5426,0.023857855999949606,23.857855999949606
5427,0.022932911999987482,22.932911999987482
5428,0.03135515899998609,31.355158999986088
5429,0.02912060600010591,29.12060600010591
5430,0.02397375100008503,23.97375100008503
