image_index,forward_latency_seconds,forward_latency_ms
0,0.028019109999945613,28.019109999945613
1,0.027796455000043352,27.796455000043352
2,0.021270678999940174,21.270678999940174
3,0.022077823000017816,22.077823000017816
4,0.03131900699997914,31.319006999979138
5,0.022373403999949915,22.373403999949915
6,0.020777657000053296,20.777657000053296
7,0.020754274999944755,20.754274999944755
8,0.03008608599998297,30.08608599998297
9,0.026649646000009852,26.649646000009852
10,0.021700054000007185,21.700054000007185
11,0.020630321999988155,20.630321999988155
12,0.027206160999980966,27.206160999980966
13,0.022579102999998213,22.579102999998213
14,0.02190170999995189,21.90170999995189
15,0.02136630300003617,21.36630300003617
16,0.03696194099995864,36.96194099995864
17,0.024737416999982997,24.737416999982997
18,0.02298024300000634,22.98024300000634
19,0.021333655000034923,21.333655000034923
20,0.03829473600001165,38.29473600001165
21,0.02154163599993808,21.54163599993808
22,0.021181957000067086,21.181957000067086
23,0.02150659899996299,21.50659899996299
24,0.03138532699995267,31.385326999952667
25,0.027080587000000378,27.080587000000378
26,0.021166493000009723,21.166493000009723
27,0.020903771999996934,20.903771999996934
28,0.029572870999913903,29.572870999913903
29,0.027228178999962438,27.228178999962438
30,0.026542625000047337,26.542625000047337
31,0.0205539690000478,20.5539690000478
32,0.027444541000022582,27.444541000022582
33,0.028188162999981614,28.188162999981614
34,0.02154222700005448,21.54222700005448
35,0.021925602000010258,21.925602000010258
36,0.027798112000027686,27.798112000027686
37,0.021217221000028985,21.217221000028985
38,0.022203063000006296,22.203063000006296
39,0.021955726999976832,21.955726999976832
40,0.030400846000020465,30.400846000020465
41,0.02600366399997256,26.00366399997256
42,0.021269161000077474,21.269161000077474
43,0.021812238999928013,21.812238999928013
44,0.027705319000006057,27.705319000006057
45,0.022201873999961208,22.201873999961208
46,0.021222846000000573,21.222846000000573
47,0.021070256999905723,21.070256999905723
48,0.03021950199990897,30.21950199990897
49,0.026955035000014504,26.955035000014504
50,0.022147896999967998,22.147896999967998
51,0.02061941099998421,20.61941099998421
52,0.023749637000037183,23.749637000037183
53,0.029226956000002247,29.226956000002247
54,0.10494812699994327,104.94812699994327
55,0.044077650000076574,44.077650000076574
56,0.050911435000102756,50.911435000102756
57,0.025190758000007918,25.190758000007918
58,0.022466642000040338,22.466642000040338
59,0.02128228800006582,21.28228800006582
60,0.02790401300001122,27.90401300001122
61,0.02858870999989449,28.58870999989449
62,0.021428066999988005,21.428066999988005
63,0.021788906999972824,21.788906999972824
64,0.02503111299995453,25.03111299995453
65,0.03039544199998545,30.39544199998545
66,0.021391858000015418,21.391858000015418
67,0.02080071400007455,20.80071400007455
68,0.030242661999977827,30.242661999977827
69,0.02205005700000129,22.05005700000129
70,0.021403782999982468,21.403782999982468
71,0.020530860000008033,20.530860000008033
72,0.027254672000026403,27.254672000026403
73,0.02924486999995679,29.24486999995679
74,0.02206752199992934,22.06752199992934
75,0.021954000000050655,21.954000000050655
76,0.024263601999905404,24.263601999905404
77,0.03208121400007258,32.08121400007258
78,0.022137469999961468,22.137469999961468
79,0.02172512300001017,21.72512300001017
80,0.030927007000059348,30.927007000059348
81,0.02266393299998981,22.66393299998981
82,0.021202469999934692,21.202469999934692
83,0.021553343000050518,21.553343000050518
84,0.027743030999999974,27.743030999999974
85,0.029449091000060434,29.449091000060434
86,0.02092266500005735,20.92266500005735
87,0.020622901000024285,20.622901000024285
88,0.024718197999959557,24.718197999959557
89,0.03191699000001336,31.916990000013357
90,0.021872296000083224,21.872296000083224
91,0.020827838000059273,20.827838000059273
92,0.029481849000035254,29.481849000035254
93,0.027364591000036853,27.364591000036853
94,0.02170954600001096,21.70954600001096
95,0.02116662000003089,21.16662000003089
96,0.02657545499994285,26.57545499994285
97,0.029682095999987723,29.682095999987723
98,0.02382688800003052,23.82688800003052
99,0.023478345000057743,23.478345000057743
100,0.025258335999978954,25.258335999978954
101,0.033036003999995955,33.036003999995955
102,0.024562715000001845,24.562715000001845
103,0.02195222900002136,21.95222900002136
104,0.027415991999987455,27.415991999987455
105,0.029122993999976643,29.122993999976643
106,0.02318782800000463,23.18782800000463
107,0.022695246000012048,22.695246000012048
108,0.04127696199998354,41.27696199998354
109,0.02231314799996653,22.31314799996653
110,0.02194974299993646,21.94974299993646
111,0.020611898000083784,20.611898000083784
112,0.026999602000046252,26.999602000046252
113,0.02798477199996796,27.98477199996796
114,0.021629370000027848,21.629370000027848
115,0.02158995899992533,21.58995899992533
116,0.024671260999980404,24.671260999980404
117,0.032384965999995075,32.384965999995075
118,0.022351006000008056,22.351006000008056
119,0.021371283999997104,21.371283999997104
120,0.0339562560000104,33.9562560000104
121,0.021053434000009474,21.053434000009474
122,0.020980562000090686,20.980562000090686
123,0.02181360700001278,21.81360700001278
124,0.027441846999977315,27.441846999977315
125,0.02755973399996492,27.55973399996492
126,0.020661873999983982,20.66187399998398
127,0.02077019399996516,20.77019399996516
128,0.02528442300001643,25.28442300001643
129,0.032667669999909776,32.667669999909776
130,0.023374407000005704,23.374407000005704
131,0.020702744000004714,20.702744000004714
132,0.03041456999994807,30.41456999994807
133,0.025696961999983614,25.696961999983614
134,0.025203961999977764,25.203961999977764
135,0.022464800999955514,22.464800999955514
136,0.030980353000018113,30.980353000018113
137,0.021836939000081657,21.836939000081657
138,0.022089184000037676,22.089184000037676
139,0.021140719999948487,21.140719999948487
140,0.02747442800000499,27.47442800000499
141,0.026791548000005605,26.791548000005605
142,0.022374766999973872,22.374766999973872
143,0.02187588300000698,21.87588300000698
144,0.025152576999971643,25.152576999971643
145,0.02875385200002256,28.75385200002256
146,0.02168066399997315,21.68066399997315
147,0.02310366699998667,23.10366699998667
148,0.02585628799999995,25.85628799999995
149,0.034819036000044434,34.819036000044434
150,0.022138863999998648,22.138863999998648
151,0.021994125999981406,21.994125999981406
152,0.02662158600003295,26.62158600003295
153,0.03082805400003963,30.82805400003963
154,0.023053645000004508,23.053645000004508
155,0.022129247000066243,22.129247000066243
156,0.02478617299993857,24.78617299993857
157,0.03196018799997091,31.960187999970913
158,0.023212526999941474,23.212526999941474
159,0.0222459379999691,22.2459379999691
160,0.02515082699994764,25.15082699994764
161,0.033930217000033736,33.930217000033736
162,0.024128079999968577,24.128079999968577
163,0.023254166000015175,23.254166000015175
164,0.032576401000028454,32.576401000028454
165,0.027573068000037892,27.573068000037892
166,0.023733797000090817,23.733797000090817
167,0.023070703000030335,23.070703000030335
168,0.030796917999964535,30.796917999964535
169,0.026891649999924994,26.891649999924994
170,0.022307398999942052,22.307398999942052
171,0.022948209999981373,22.948209999981373
172,0.03158365699994192,31.583656999941923
173,0.02661341399993944,26.61341399993944
174,0.02211902999999893,22.11902999999893
175,0.021832195000001775,21.832195000001775
176,0.030264448000025368,30.264448000025368
177,0.028632595999965815,28.632595999965815
178,0.022708543000021564,22.708543000021564
179,0.0224374419999549,22.4374419999549
180,0.026446429999964494,26.446429999964494
181,0.03176304600003732,31.76304600003732
182,0.023679027000071073,23.679027000071073
183,0.02275487700001122,22.75487700001122
184,0.03090021900004558,30.90021900004558
185,0.026323804999947242,26.323804999947242
186,0.02354845899992597,23.54845899992597
187,0.024120202000062818,24.120202000062818
188,0.04016593699998339,40.16593699998339
189,0.025496673999896302,25.496673999896302
190,0.023012355999981082,23.012355999981082
191,0.022216591999949742,22.216591999949742
192,0.03043465500002185,30.43465500002185
193,0.027114140999970004,27.114140999970004
194,0.02235301000007439,22.35301000007439
195,0.023271980999993502,23.271980999993502
196,0.028874540000060733,28.874540000060733
197,0.030345104999923933,30.345104999923933
198,0.022678473000041777,22.678473000041777
199,0.022339362000025176,22.339362000025176
200,0.030036013999961142,30.036013999961142
201,0.02835566800001743,28.35566800001743
202,0.02377947200000108,23.77947200000108
203,0.02162750299999061,21.62750299999061
204,0.0280835980000802,28.0835980000802
205,0.02825294199999462,28.25294199999462
206,0.02315691000001152,23.15691000001152
207,0.021545108999930562,21.545108999930562
208,0.027989226999920902,27.989226999920902
209,0.02927811799997926,29.27811799997926
210,0.023806551999996373,23.806551999996373
211,0.02336125300007552,23.36125300007552
212,0.028246437000007063,28.246437000007063
213,0.02825267299999723,28.25267299999723
214,0.02355784600001698,23.55784600001698
215,0.02271752500007551,22.71752500007551
216,0.029536644000017986,29.536644000017986
217,0.02740158100004919,27.40158100004919
218,0.02238012299994807,22.38012299994807
219,0.022879455999941456,22.879455999941456
220,0.02841093400002137,28.41093400002137
221,0.02844411300009142,28.44411300009142
222,0.022488469000109035,22.488469000109035
223,0.023208290999946257,23.208290999946257
224,0.02963711899997179,29.63711899997179
225,0.028522854000016196,28.522854000016196
226,0.023970480999992105,23.970480999992105
227,0.02237308199994459,22.37308199994459
228,0.028109206000067388,28.10920600006739
229,0.028461261999950693,28.461261999950693
230,0.02751559900002576,27.51559900002576
231,0.0224431149999873,22.4431149999873
232,0.030555484000046818,30.555484000046818
233,0.024880990000042402,24.880990000042402
234,0.023914009000009173,23.914009000009173
235,0.023803563000001304,23.803563000001304
236,0.024365685000020676,24.365685000020676
237,0.029934237000020403,29.934237000020403
238,0.028146830999958183,28.146830999958183
239,0.02405016800003068,24.05016800003068
240,0.04155804499998794,41.55804499998794
241,0.02399356600005831,23.99356600005831
242,0.02246052399993914,22.46052399993914
243,0.02229702800002542,22.29702800002542
244,0.03000787799999216,30.00787799999216
245,0.028616517999921598,28.616517999921598
246,0.02314506100003655,23.14506100003655
247,0.0222391490000291,22.2391490000291
248,0.0283259079999425,28.3259079999425
249,0.028257601999939652,28.257601999939652
250,0.02306684999996378,23.06684999996378
251,0.022100499999964995,22.100499999964995
252,0.027872534999914933,27.872534999914933
253,0.029865295999911723,29.865295999911723
254,0.02458284699991964,24.58284699991964
255,0.024838713000008283,24.838713000008283
256,0.04505544400001327,45.05544400001327
257,0.023268554999958724,23.268554999958724
258,0.022681962999968164,22.681962999968164
259,0.02333457500003533,23.33457500003533
260,0.034100844000022335,34.100844000022335
261,0.02820242400002826,28.20242400002826
262,0.026608161000012842,26.608161000012842
263,0.021956910000085372,21.956910000085372
264,0.0295189850000952,29.5189850000952
265,0.022557601000016803,22.557601000016803
266,0.022862433000000237,22.862433000000237
267,0.02169193199995334,21.69193199995334
268,0.030970006000075045,30.970006000075045
269,0.029119185000013204,29.119185000013204
270,0.023631904000012582,23.631904000012582
271,0.02234474399995179,22.34474399995179
272,0.026852340000004915,26.852340000004915
273,0.0286722959999679,28.6722959999679
274,0.023427814999990915,23.427814999990915
275,0.022370173000012983,22.370173000012983
276,0.029623705999938466,29.623705999938466
277,0.02904760499995973,29.04760499995973
278,0.022774313000013535,22.774313000013535
279,0.021627125999998498,21.627125999998498
280,0.02944141499995112,29.44141499995112
281,0.02882926300003419,28.82926300003419
282,0.022751938999931554,22.751938999931554
283,0.02166270500003975,21.66270500003975
284,0.030016265999961433,30.016265999961433
285,0.028697297999997318,28.697297999997318
286,0.023870402000056856,23.870402000056856
287,0.02213245600000846,22.13245600000846
288,0.025697337999986303,25.697337999986303
289,0.02871499799994126,28.71499799994126
290,0.02366292700003214,23.66292700003214
291,0.021618304999947213,21.618304999947213
292,0.02858598099999199,28.58598099999199
293,0.028287524999996094,28.287524999996094
294,0.022628186000019923,22.628186000019923
295,0.022036146999994344,22.036146999994344
296,0.02941859200007002,29.41859200007002
297,0.02870540699996127,28.70540699996127
298,0.023838610999973753,23.838610999973753
299,0.022495608999975047,22.495608999975047
300,0.02923159099998429,29.23159099998429
301,0.029060066999932133,29.060066999932133
302,0.023302919000002476,23.302919000002476
303,0.042461486999968656,42.461486999968656
304,0.031568960999948104,31.568960999948104
305,0.027295173999959843,27.295173999959843
306,0.02370703200006119,23.70703200006119
307,0.02186971999992693,21.86971999992693
308,0.026734596999972382,26.734596999972382
309,0.02757022200000847,27.57022200000847
310,0.0236726189999672,23.6726189999672
311,0.021686261000013474,21.686261000013474
312,0.03022050100003071,30.22050100003071
313,0.02863451799998984,28.63451799998984
314,0.023098482999898806,23.098482999898806
315,0.022212437999996837,22.212437999996837
316,0.031839095000009365,31.839095000009365
317,0.025677221000023565,25.677221000023565
318,0.023554488000058882,23.554488000058882
319,0.022102921999930913,22.102921999930913
320,0.031943921999982194,31.943921999982194
321,0.02397321099999772,23.97321099999772
322,0.02336198900002273,23.36198900002273
323,0.022271242999977403,22.271242999977403
324,0.032716719000063677,32.71671900006368
325,0.024609647000033874,24.609647000033874
326,0.02326028100003441,23.26028100003441
327,0.022283894000111104,22.283894000111104
328,0.027231526000036865,27.231526000036865
329,0.028439736999985143,28.439736999985143
330,0.02312586799996552,23.12586799996552
331,0.02155876500000886,21.55876500000886
332,0.029748123999979725,29.748123999979725
333,0.029020709000064926,29.020709000064926
334,0.023134202999926856,23.134202999926856
335,0.022263414000008197,22.263414000008197
336,0.030503788000032728,30.503788000032728
337,0.027636406000056013,27.636406000056013
338,0.02364300200008529,23.64300200008529
339,0.022196906999965904,22.196906999965904
340,0.03780937399994855,37.80937399994855
341,0.02356866299999183,23.56866299999183
342,0.023122527999930753,23.122527999930753
343,0.02246589000003496,22.46589000003496
344,0.02734897700008787,27.34897700008787
345,0.02360126400003537,23.60126400003537
346,0.023180120000006355,23.180120000006355
347,0.022289713999953165,22.289713999953165
348,0.028879992000042876,28.879992000042876
349,0.028738260999944032,28.738260999944032
350,0.023364436000065325,23.364436000065325
351,0.022255295000036313,22.255295000036313
352,0.03004837299999963,30.04837299999963
353,0.029083164999974542,29.083164999974542
354,0.023362104999932853,23.362104999932853
355,0.022149026999954913,22.149026999954913
356,0.028574337999998534,28.574337999998534
357,0.02932628600001408,29.32628600001408
358,0.026177544000006492,26.177544000006492
359,0.023640967999995155,23.640967999995155
360,0.028269378999993933,28.269378999993933
361,0.02825593199997911,28.25593199997911
362,0.024230353999996623,24.230353999996623
363,0.023306028999968476,23.306028999968476
364,0.029163544999960322,29.163544999960322
365,0.02906955299999936,29.06955299999936
366,0.022961330000043745,22.961330000043745
367,0.022469400999966638,22.469400999966638
368,0.029524719000050936,29.524719000050936
369,0.028244908999909057,28.244908999909057
370,0.02335603300002731,23.35603300002731
371,0.021605651000072612,21.605651000072612
372,0.02901309300000321,29.01309300000321
373,0.028092202000038924,28.092202000038924
374,0.023298038000007182,23.298038000007182
375,0.022730624000018906,22.730624000018906
376,0.029609083999957875,29.609083999957875
377,0.027731473000017104,27.731473000017104
378,0.023936057000014443,23.936057000014443
379,0.022839750000002823,22.839750000002823
380,0.029357774999994035,29.357774999994035
381,0.028562316000034116,28.562316000034116
382,0.023789491999991697,23.789491999991697
383,0.0228950429999486,22.8950429999486
384,0.022838287000013224,22.838287000013224
385,0.031595969000022706,31.595969000022706
386,0.023020789999918634,23.020789999918634
387,0.02265285800001493,22.65285800001493
388,0.03146743900003912,31.46743900003912
389,0.02852276700002676,28.52276700002676
390,0.022900413999991542,22.900413999991542
391,0.0232823979999921,23.2823979999921
392,0.03107844400005888,31.07844400005888
393,0.029308858000035798,29.308858000035798
394,0.022170209000023533,22.170209000023533
395,0.023654985999996825,23.654985999996825
396,0.03081523700006983,30.81523700006983
397,0.024267709000014293,24.267709000014293
398,0.023215525000068737,23.215525000068737
399,0.022330533999934232,22.330533999934232
400,0.031234888999961186,31.234888999961186
401,0.023866286000043146,23.866286000043146
402,0.02304388399988966,23.04388399988966
403,0.02219582099996842,22.19582099996842
404,0.03126918199995998,31.269181999959983
405,0.02547792899997603,25.47792899997603
406,0.023358078000001115,23.358078000001115
407,0.023638618999939354,23.638618999939354
408,0.025848547999999028,25.848547999999028
409,0.027362792999952035,27.362792999952035
410,0.02316684400000213,23.16684400000213
411,0.022695755000086137,22.695755000086137
412,0.04142556199997216,41.42556199997216
413,0.023778256000014153,23.778256000014153
414,0.022888878000003388,22.888878000003388
415,0.02350207799997861,23.50207799997861
416,0.03434136699991086,34.34136699991086
417,0.023660897000013392,23.660897000013392
418,0.022238221000066005,22.238221000066005
419,0.022084739999968406,22.084739999968406
420,0.031186151999918366,31.186151999918366
421,0.02312875300003725,23.12875300003725
422,0.02335942399997748,23.35942399997748
423,0.021640194999918094,21.640194999918094
424,0.025233332999960112,25.233332999960112
425,0.0332447079999838,33.2447079999838
426,0.024246926999921925,24.246926999921925
427,0.024080338999965534,24.080338999965534
428,0.027591375000042717,27.591375000042717
429,0.03179019899994273,31.79019899994273
430,0.024193461999971078,24.193461999971078
431,0.023074657000051957,23.074657000051957
432,0.02935271000001194,29.35271000001194
433,0.027619096999956128,27.619096999956128
434,0.022918510000067727,22.918510000067727
435,0.022963732999983222,22.963732999983222
436,0.030379181000057542,30.379181000057542
437,0.028607248000071195,28.607248000071195
438,0.0233966399999872,23.3966399999872
439,0.025190457000007882,25.190457000007882
440,0.04642637699998886,46.42637699998886
441,0.028497971999968286,28.497971999968286
442,0.025465948999908505,25.465948999908505
443,0.026349302000085117,26.349302000085117
444,0.041182740999943235,41.182740999943235
445,0.024176251999961096,24.176251999961096
446,0.023968756000044777,23.968756000044777
447,0.023819759999923917,23.819759999923917
448,0.02555686899995635,25.55686899995635
449,0.029600312999946254,29.600312999946254
450,0.029985560999989502,29.985560999989502
451,0.023645198999929562,23.645198999929562
452,0.04605092999997851,46.05092999997851
453,0.02224257700004273,22.24257700004273
454,0.021972731000005297,21.972731000005297
455,0.023007022999991023,23.007022999991023
456,0.028115008999975544,28.115008999975544
457,0.02442753200000425,24.42753200000425
458,0.022827233999919372,22.827233999919372
459,0.02190666000001329,21.90666000001329
460,0.03410061800002495,34.10061800002495
461,0.02333286299995052,23.33286299995052
462,0.02334688900009496,23.34688900009496
463,0.021700663000046916,21.700663000046916
464,0.024145023000073706,24.145023000073706
465,0.03312346799998522,33.12346799998522
466,0.023623953999958758,23.623953999958758
467,0.0220534120001048,22.0534120001048
468,0.030104801999982556,30.104801999982556
469,0.028855322000026717,28.855322000026717
470,0.023484721000045283,23.484721000045283
471,0.025931685000045945,25.931685000045945
472,0.032127044000048954,32.127044000048954
473,0.02395448699996905,23.95448699996905
474,0.02377336600000035,23.77336600000035
475,0.023231934000023102,23.231934000023102
476,0.026457435999986956,26.457435999986956
477,0.030447214999981043,30.447214999981043
478,0.022161808000078054,22.161808000078054
479,0.0225486809999893,22.5486809999893
480,0.026439658999947824,26.439658999947824
481,0.02275625899994793,22.75625899994793
482,0.02206358299997646,22.06358299997646
483,0.021881740000026184,21.881740000026184
484,0.03131176500005495,31.311765000054947
485,0.02807382400010283,28.07382400010283
486,0.023897743000020455,23.897743000020455
487,0.022724114999959966,22.724114999959966
488,0.031098193000048013,31.098193000048013
489,0.025893415000041387,25.893415000041387
490,0.023426222000011876,23.426222000011876
491,0.02306606100000863,23.06606100000863
492,0.030593270000053963,30.593270000053963
493,0.02518280100002812,25.18280100002812
494,0.0242773989999705,24.2773989999705
495,0.023326793000023827,23.326793000023827
496,0.02726048699992134,27.26048699992134
497,0.030317112999910023,30.317112999910023
498,0.02297423599998183,22.97423599998183
499,0.02314703800004736,23.14703800004736
500,0.025825628999996297,25.825628999996297
501,0.032588986000064324,32.588986000064324
502,0.0226245569999719,22.6245569999719
503,0.022653433000073164,22.653433000073164
504,0.029176957999993647,29.176957999993647
505,0.02950975200008088,29.50975200008088
506,0.023471653000001425,23.471653000001425
507,0.022547361999954774,22.547361999954774
508,0.028674997000052826,28.674997000052826
509,0.02894617599997673,28.94617599997673
510,0.023428829000067708,23.428829000067708
511,0.02291646900005162,22.91646900005162
512,0.028327963000037926,28.327963000037926
513,0.027254825999989407,27.254825999989407
514,0.023610325999925408,23.610325999925408
515,0.022520374000009724,22.520374000009724
516,0.029316038999922966,29.316038999922966
517,0.02789544199993088,27.89544199993088
518,0.022877910999909545,22.877910999909545
519,0.023296981999919808,23.296981999919808
520,0.029259538000019347,29.259538000019347
521,0.029010696999989705,29.010696999989705
522,0.02218917299990153,22.18917299990153
523,0.021786520000091514,21.786520000091514
524,0.02884716800008391,28.84716800008391
525,0.031232885000008537,31.232885000008537
526,0.02410258600002635,24.10258600002635
527,0.02514731999997366,25.14731999997366
528,0.03517003900003601,35.17003900003601
529,0.02278972600004181,22.78972600004181
530,0.02171431100009613,21.71431100009613
531,0.020517482999935055,20.517482999935055
532,0.03298046299994439,32.98046299994439
533,0.02719618600008289,27.19618600008289
534,0.021673856000006708,21.673856000006708
535,0.02031661000000895,20.31661000000895
536,0.03007370600005288,30.07370600005288
537,0.027338839000094595,27.338839000094595
538,0.021313761999977032,21.313761999977032
539,0.020644637000032162,20.644637000032162
540,0.029411707999997816,29.411707999997816
541,0.02299308800002109,22.99308800002109
542,0.021885021999992205,21.885021999992205
543,0.021371070999975927,21.371070999975927
544,0.033798462999925505,33.798462999925505
545,0.0219321619999846,21.9321619999846
546,0.021366430000057335,21.366430000057335
547,0.02122321500007729,21.22321500007729
548,0.03339012600008573,33.39012600008573
549,0.02719195400004537,27.19195400004537
550,0.02050584699998126,20.50584699998126
551,0.02021369700003106,20.21369700003106
552,0.03112912200003848,31.12912200003848
553,0.027681362999942394,27.681362999942394
554,0.021645551999995405,21.645551999995405
555,0.020816591000084372,20.816591000084372
556,0.028154558999972323,28.154558999972323
557,0.03110951999997269,31.10951999997269
558,0.021648066000011568,21.648066000011568
559,0.021339357999977437,21.339357999977437
560,0.029637386999979753,29.637386999979753
561,0.022298755999941022,22.298755999941022
562,0.02205903899994155,22.05903899994155
563,0.02542042700008551,25.42042700008551
564,0.028860409999992953,28.860409999992953
565,0.024797929999976986,24.797929999976986
566,0.022692312000003767,22.692312000003767
567,0.021571450999999797,21.571450999999797
568,0.033708818000036445,33.708818000036445
569,0.02684820199999649,26.84820199999649
570,0.021550602000047547,21.550602000047547
571,0.02117475900001864,21.17475900001864
572,0.031091634000063095,31.091634000063095
573,0.026490288999980294,26.490288999980294
574,0.022535505999940142,22.535505999940142
575,0.02585781200002657,25.85781200002657
576,0.04055623800002195,40.55623800002195
577,0.02245117199993274,22.45117199993274
578,0.020630339000035747,20.630339000035747
579,0.020813626000062868,20.813626000062868
580,0.033958425000037096,33.958425000037096
581,0.02247832299997299,22.47832299997299
582,0.022247042999993027,22.247042999993027
583,0.02083494399994379,20.83494399994379
584,0.03372710799999368,33.72710799999368
585,0.03009302199996,30.09302199996
586,0.02237804900005358,22.37804900005358
587,0.021449715000017022,21.449715000017022
588,0.023025992000043516,23.025992000043516
589,0.032272943000066334,32.272943000066334
590,0.022168779000026007,22.168779000026007
591,0.021339475999980095,21.339475999980095
592,0.030574195999975018,30.574195999975018
593,0.0264603169999873,26.4603169999873
594,0.034497633999990285,34.497633999990285
595,0.024128163999989738,24.128163999989738
596,0.04544857899998078,45.44857899998078
597,0.023740675999988525,23.740675999988525
598,0.022414158000060525,22.414158000060525
599,0.022447699999929682,22.447699999929682
600,0.03516168199996628,35.16168199996628
601,0.023781430999974873,23.781430999974873
602,0.02271867399997518,22.71867399997518
603,0.02246616599995832,22.46616599995832
604,0.03391947000000073,33.91947000000073
605,0.024101695000013024,24.101695000013024
606,0.023454028000060134,23.454028000060134
607,0.022666922999974304,22.666922999974304
608,0.024945064999997157,24.945064999997157
609,0.03288116099997751,32.88116099997751
610,0.023247075999961453,23.247075999961453
611,0.02198159800002486,21.98159800002486
612,0.027633986999944682,27.633986999944682
613,0.025958601000070303,25.958601000070303
614,0.022805781999977626,22.805781999977626
615,0.022415345000013076,22.415345000013076
616,0.029846528999996735,29.846528999996735
617,0.028181412999970235,28.181412999970235
618,0.023386314000049424,23.386314000049424
619,0.023037736999981462,23.037736999981462
620,0.030581401000063124,30.581401000063124
621,0.024400628999956098,24.400628999956098
622,0.022327613000015845,22.327613000015845
623,0.022440460999973766,22.440460999973766
624,0.02952830599997469,29.52830599997469
625,0.02801010599989695,28.01010599989695
626,0.02262805500004106,22.62805500004106
627,0.02336831999991773,23.36831999991773
628,0.029823308000004545,29.823308000004545
629,0.02875877799999671,28.75877799999671
630,0.023472776999938105,23.472776999938105
631,0.022400203999950463,22.400203999950463
632,0.030335809999996854,30.335809999996854
633,0.028573444000016934,28.573444000016934
634,0.02264708600000631,22.64708600000631
635,0.021567723000089245,21.567723000089245
636,0.028875805999973636,28.875805999973636
637,0.027929412000048615,27.929412000048615
638,0.022836748000031548,22.836748000031548
639,0.021733108000034917,21.733108000034917
640,0.028284770000027493,28.284770000027493
641,0.02771602799998618,27.71602799998618
642,0.028280904999974155,28.280904999974155
643,0.02699629999995068,26.99629999995068
644,0.028831449999984216,28.831449999984216
645,0.023597400000085145,23.597400000085145
646,0.023784658000067793,23.784658000067793
647,0.034641567999983636,34.641567999983636
648,0.03086510699995415,30.86510699995415
649,0.02688585199996396,26.88585199996396
650,0.022692484999993212,22.692484999993212
651,0.02263491000007889,22.63491000007889
652,0.028956559999983256,28.956559999983256
653,0.027780134000067847,27.780134000067847
654,0.022143748000075902,22.143748000075902
655,0.02181177199997819,21.81177199997819
656,0.029606971000021076,29.606971000021076
657,0.0280840300000591,28.0840300000591
658,0.02279943700000331,22.79943700000331
659,0.021751760000029208,21.751760000029208
660,0.029467361999991226,29.467361999991226
661,0.03132527800005391,31.325278000053913
662,0.023114031999966755,23.114031999966755
663,0.022224749000088195,22.224749000088195
664,0.0297231089999741,29.7231089999741
665,0.029045869000015045,29.045869000015045
666,0.023004775000003974,23.004775000003974
667,0.022772989000031885,22.772989000031885
668,0.023153722999950332,23.153722999950332
669,0.02987207900002886,29.87207900002886
670,0.023624635000032868,23.624635000032868
671,0.022850920999985647,22.850920999985647
672,0.02816346099996281,28.16346099996281
673,0.028148013999953037,28.148013999953037
674,0.02227662699999655,22.27662699999655
675,0.022548469000071236,22.548469000071236
676,0.027536806000057368,27.536806000057368
677,0.0308472309999388,30.8472309999388
678,0.02242233899994517,22.42233899994517
679,0.02242932199999359,22.42932199999359
680,0.02914226099994721,29.14226099994721
681,0.029041894999977558,29.041894999977558
682,0.02316429900008643,23.16429900008643
683,0.021607422999977643,21.607422999977643
684,0.02801277100002153,28.01277100002153
685,0.029202206000036313,29.202206000036313
686,0.022773975999939466,22.773975999939466
687,0.021687227000029452,21.687227000029452
688,0.027973808999945504,27.973808999945504
689,0.029816887999913888,29.816887999913888
690,0.02208576999998968,22.08576999998968
691,0.022497004000001652,22.497004000001652
692,0.026884586999926796,26.884586999926796
693,0.030649230999983956,30.649230999983956
694,0.024768835000031686,24.768835000031686
695,0.02319445499995254,23.19445499995254
696,0.029328009999971982,29.328009999971982
697,0.030308579999996255,30.308579999996255
698,0.02566124200006925,25.66124200006925
699,0.022661083999992115,22.661083999992115
700,0.0358911780000426,35.8911780000426
701,0.022936934999961522,22.936934999961522
702,0.022736054000006334,22.736054000006334
703,0.021673473999953785,21.673473999953785
704,0.027070415000025605,27.070415000025605
705,0.027855384999952548,27.85538499995255
706,0.022764573000017663,22.764573000017663
707,0.022227969999903507,22.227969999903507
708,0.029589155000053324,29.589155000053324
709,0.02807493099999192,28.07493099999192
710,0.023593196999968313,23.593196999968313
711,0.02236532699998861,22.36532699998861
712,0.029271094000023368,29.271094000023368
713,0.13089749099992787,130.89749099992787
714,0.02984711299995979,29.84711299995979
715,0.022396407000087493,22.396407000087493
716,0.02792996599998787,27.92996599998787
717,0.022543556999949033,22.543556999949033
718,0.02353601599998001,23.53601599998001
719,0.022319949999996425,22.319949999996425
720,0.031110936000004585,31.110936000004585
721,0.024694078000038644,24.694078000038644
722,0.02316685599998891,23.16685599998891
723,0.02490313700002389,24.90313700002389
724,0.028185613000005105,28.185613000005105
725,0.027982038999994074,27.982038999994074
726,0.02239070299992818,22.39070299992818
727,0.021967024999980822,21.967024999980822
728,0.031048933999954897,31.048933999954897
729,0.02989700000000539,29.89700000000539
730,0.023992434999968282,23.99243499996828
731,0.022668197000029977,22.668197000029977
732,0.02789976500002922,27.89976500002922
733,0.024364903999980925,24.364903999980925
734,0.022849724000025162,22.849724000025162
735,0.02180839000004653,21.80839000004653
736,0.030425809000007575,30.425809000007575
737,0.028386701000044923,28.386701000044923
738,0.02303547599990452,23.03547599990452
739,0.02307680799992795,23.07680799992795
740,0.030743905999997878,30.743905999997878
741,0.02474893900000552,24.74893900000552
742,0.024198719999958485,24.198719999958485
743,0.023294785000075535,23.294785000075535
744,0.029304065000019364,29.304065000019364
745,0.024970337000013387,24.970337000013387
746,0.02373958099997253,23.73958099997253
747,0.023454602000015257,23.454602000015257
748,0.03114056200001869,31.14056200001869
749,0.022416892999899574,22.416892999899574
750,0.022678320000068197,22.678320000068197
751,0.022534548000066934,22.534548000066934
752,0.030132912999988548,30.132912999988548
753,0.028462912000009055,28.462912000009055
754,0.02284874100007528,22.84874100007528
755,0.022599674000048253,22.599674000048253
756,0.030774315000030583,30.774315000030583
757,0.02767296999991231,27.67296999991231
758,0.02333654699998533,23.33654699998533
759,0.021784690000004048,21.784690000004048
760,0.0309866279999369,30.9866279999369
761,0.025904203999971287,25.904203999971287
762,0.023633140000015374,23.633140000015374
763,0.02375533099996119,23.75533099996119
764,0.03313665799998944,33.13665799998944
765,0.023616505999939363,23.616505999939363
766,0.023812861000010344,23.812861000010344
767,0.023019368999939616,23.019368999939616
768,0.024883949000013672,24.883949000013672
769,0.03310003299998243,33.10003299998243
770,0.023264150000045447,23.264150000045447
771,0.02258464500005175,22.58464500005175
772,0.02840878199992858,28.40878199992858
773,0.023141897999948924,23.141897999948924
774,0.024071917000014764,24.071917000014764
775,0.023726422000095226,23.726422000095226
776,0.024362814000028266,24.362814000028266
777,0.0332356000000118,33.2356000000118
778,0.025834680000002663,25.834680000002663
779,0.026268901999969785,26.268901999969785
780,0.031546863000016856,31.546863000016856
781,0.028067172000078244,28.067172000078244
782,0.023022592999950575,23.022592999950575
783,0.025479051000047548,25.479051000047548
784,0.02592193899999984,25.92193899999984
785,0.02691627600006541,26.91627600006541
786,0.03192690700007006,31.92690700007006
787,0.024033794999922975,24.033794999922975
788,0.026366348000010476,26.366348000010476
789,0.036517632000027334,36.517632000027334
790,0.02379940599996644,23.79940599996644
791,0.022394504999965648,22.394504999965648
792,0.031068570000002182,31.068570000002182
793,0.02847743300003458,28.47743300003458
794,0.02324169600001369,23.24169600001369
795,0.022863018000066404,22.863018000066404
796,0.031322341999953096,31.322341999953096
797,0.023656163999930868,23.656163999930868
798,0.023143712999967647,23.143712999967647
799,0.022531020000087665,22.531020000087665
800,0.030678254000008565,30.678254000008565
801,0.027150004000077388,27.150004000077388
802,0.022730467999963366,22.730467999963366
803,0.022711469999990186,22.711469999990186
804,0.03035412000008364,30.35412000008364
805,0.029019378999919354,29.019378999919354
806,0.023001668000006248,23.001668000006248
807,0.02274991499996304,22.74991499996304
808,0.027081572999918535,27.081572999918535
809,0.04226322399995297,42.26322399995297
810,0.02300805900006253,23.00805900006253
811,0.022287878000042838,22.287878000042838
812,0.03223847200001728,32.23847200001728
813,0.02853223500005697,28.53223500005697
814,0.023273088999985703,23.273088999985703
815,0.02181495599995742,21.81495599995742
816,0.030552347000025293,30.552347000025293
817,0.0281795680000414,28.1795680000414
818,0.023506164000082208,23.506164000082208
819,0.023100922000026003,23.100922000026003
820,0.03504627600000276,35.04627600000276
821,0.024060969999936788,24.060969999936788
822,0.023568417999968005,23.568417999968005
823,0.02184405700006664,21.84405700006664
824,0.0276339710000002,27.6339710000002
825,0.023657915000057983,23.657915000057983
826,0.022935836999977255,22.935836999977255
827,0.021957113999974354,21.957113999974354
828,0.03244706399993902,32.44706399993902
829,0.02411622499994337,24.11622499994337
830,0.024594932000013614,24.594932000013614
831,0.022332190999918566,22.332190999918566
832,0.02914657399992393,29.14657399992393
833,0.02440871800001787,24.40871800001787
834,0.023706069000013485,23.706069000013485
835,0.021929068000076768,21.929068000076768
836,0.03030750599998555,30.30750599998555
837,0.024754135999955906,24.754135999955906
838,0.02336324999998851,23.36324999998851
839,0.02233829900001183,22.33829900001183
840,0.03150632500000938,31.506325000009383
841,0.02539559799993185,25.39559799993185
842,0.023413655000013023,23.413655000013023
843,0.022286269000005632,22.286269000005632
844,0.03785875699998087,37.85875699998087
845,0.02416284399998858,24.16284399998858
846,0.023161011999945913,23.161011999945913
847,0.022604007999916575,22.604007999916575
848,0.0338018730000158,33.8018730000158
849,0.022750435000034486,22.750435000034486
850,0.021556820000000698,21.556820000000698
851,0.020057340999983353,20.057340999983353
852,0.03296597300004578,32.96597300004578
853,0.022961774000009427,22.961774000009427
854,0.021902490000002217,21.902490000002217
855,0.0254366739999341,25.4366739999341
856,0.03607380699997975,36.07380699997975
857,0.022666456000024482,22.666456000024482
858,0.022450853000009374,22.450853000009374
859,0.020861589999981334,20.861589999981334
860,0.03230648399994607,32.30648399994607
861,0.03273682600001848,32.73682600001848
862,0.031488798000054885,31.488798000054885
863,0.023935642000083135,23.935642000083135
864,0.03837505699993926,38.37505699993926
865,0.02233458500006691,22.33458500006691
866,0.02205052900001192,22.05052900001192
867,0.022494571000038377,22.494571000038377
868,0.030601361999970322,30.601361999970322
869,0.02325882700006332,23.25882700006332
870,0.02101587999993626,21.01587999993626
871,0.020640023000055407,20.640023000055407
872,0.030966668000019126,30.966668000019126
873,0.02795758400009163,27.95758400009163
874,0.020899766999946223,20.899766999946223
875,0.02018015099997683,20.18015099997683
876,0.027689323999993576,27.689323999993576
877,0.02929838000000018,29.29838000000018
878,0.020589690999941013,20.589690999941013
879,0.020436610999922777,20.436610999922777
880,0.029966355000055955,29.966355000055955
881,0.025213911999912852,25.213911999912852
882,0.022377579000021797,22.377579000021797
883,0.02070516100002351,20.70516100002351
884,0.03290202800008046,32.90202800008046
885,0.026592067000024144,26.592067000024144
886,0.02137401000004502,21.37401000004502
887,0.02172975599989968,21.72975599989968
888,0.02945387900001606,29.45387900001606
889,0.029133327000067766,29.133327000067766
890,0.021669367999948008,21.669367999948008
891,0.021150234000060664,21.150234000060664
892,0.028766394000058426,28.766394000058426
893,0.0276918150000256,27.6918150000256
894,0.02240605700001197,22.40605700001197
895,0.021752714000058404,21.752714000058404
896,0.028533699000035995,28.533699000035995
897,0.028016680999940036,28.016680999940036
898,0.025496218000057524,25.496218000057524
899,0.02178652099996725,21.78652099996725
900,0.031191314000011516,31.191314000011516
901,0.026864307000096233,26.864307000096233
902,0.020807633999993413,20.807633999993413
903,0.02118149299997185,21.18149299997185
904,0.027982126999972934,27.982126999972934
905,0.03137282199998026,31.37282199998026
906,0.02128748000006908,21.28748000006908
907,0.02088050000008934,20.88050000008934
908,0.03275032200008354,32.75032200008354
909,0.0229448530000127,22.9448530000127
910,0.022515746999943076,22.515746999943076
911,0.026017010000032315,26.017010000032315
912,0.04230714099992383,42.30714099992383
913,0.02223068199998579,22.23068199998579
914,0.021768887000007453,21.768887000007453
915,0.02107354800000394,21.07354800000394
916,0.033424286000013126,33.424286000013126
917,0.026610451999999896,26.610451999999896
918,0.02165321600000425,21.65321600000425
919,0.02169727500006502,21.69727500006502
920,0.036494457999992846,36.49445799999285
921,0.02650495000000319,26.50495000000319
922,0.02699521499994262,26.99521499994262
923,0.02188303299999461,21.88303299999461
924,0.03836797500002831,38.36797500002831
925,0.022151187999952526,22.151187999952526
926,0.022138513000072635,22.138513000072635
927,0.02127699400000438,21.27699400000438
928,0.03024899500007905,30.24899500007905
929,0.025874144999988857,25.874144999988857
930,0.02532249099999717,25.32249099999717
931,0.02754526400008217,27.54526400008217
932,0.04728209600000355,47.28209600000355
933,0.023689704999924288,23.689704999924288
934,0.02264112600005319,22.64112600005319
935,0.021996136999973714,21.996136999973714
936,0.030388737000066612,30.388737000066612
937,0.025660569000024225,25.660569000024225
938,0.023427674000004117,23.427674000004117
939,0.022930034999944837,22.930034999944837
940,0.032512857999904554,32.512857999904554
941,0.023969369000042207,23.969369000042207
942,0.023834157000010237,23.834157000010237
943,0.022302346000060425,22.302346000060425
944,0.03373009999995702,33.73009999995702
945,0.024232810999933463,24.232810999933463
946,0.023754316000008657,23.754316000008657
947,0.02289816699999392,22.89816699999392
948,0.027148296000063965,27.148296000063965
949,0.024623069999961444,24.623069999961444
950,0.023376366999968923,23.376366999968923
951,0.022254104000012376,22.254104000012376
952,0.02965427100002671,29.65427100002671
953,0.02744640999992498,27.44640999992498
954,0.023215244000084567,23.215244000084567
955,0.022269915000038054,22.269915000038054
956,0.030769719999966583,30.769719999966583
957,0.02802182499999617,28.02182499999617
958,0.02309128799993232,23.09128799993232
959,0.023457847000031506,23.457847000031506
960,0.031084645999953864,31.084645999953864
961,0.023821181000016622,23.821181000016622
962,0.02226161300006879,22.26161300006879
963,0.021954338999989886,21.954338999989886
964,0.03214983999998822,32.14983999998822
965,0.024617018999947504,24.617018999947504
966,0.022825171999897975,22.825171999897975
967,0.02262937900002271,22.62937900002271
968,0.03090516299994306,30.90516299994306
969,0.02581082899996545,25.81082899996545
970,0.024026780999975017,24.026780999975017
971,0.02265555899998617,22.65555899998617
972,0.03215851400000247,32.15851400000247
973,0.024340882000046804,24.340882000046804
974,0.02378131900002245,23.78131900002245
975,0.023108251999929053,23.108251999929053
976,0.026922044999992067,26.922044999992067
977,0.023542671999962295,23.542671999962295
978,0.02441281300002629,24.41281300002629
979,0.025962262000007286,25.962262000007286
980,0.03458636799996384,34.58636799996384
981,0.02323291900006552,23.23291900006552
982,0.023230370999954175,23.230370999954175
983,0.023031176000017695,23.031176000017695
984,0.03147738400002709,31.477384000027087
985,0.028089866000073016,28.089866000073016
986,0.02328149699997084,23.28149699997084
987,0.021776984999974047,21.776984999974047
988,0.03562013999999181,35.62013999999181
989,0.02829309200001262,28.29309200001262
990,0.023132274999966285,23.132274999966285
991,0.021847794999985126,21.847794999985126
992,0.03488028799995391,34.88028799995391
993,0.02340950799998609,23.40950799998609
994,0.02222389700000349,22.22389700000349
995,0.022636315999989165,22.636315999989165
996,0.04048190599996815,40.48190599996815
997,0.024079335999999785,24.079335999999785
998,0.02395646399997986,23.95646399997986
999,0.022379149000016696,22.379149000016696
1000,0.029496901000015896,29.496901000015896
1001,0.029448965000028693,29.448965000028693
1002,0.023857732999999826,23.857732999999826
1003,0.02187643599995681,21.87643599995681
1004,0.028721385999915583,28.721385999915583
1005,0.028756347000012283,28.756347000012283
1006,0.023083963999965817,23.083963999965817
1007,0.02244408100000328,22.44408100000328
1008,0.02778847600006884,27.78847600006884
1009,0.02962082699991697,29.62082699991697
1010,0.02366967500006467,23.66967500006467
1011,0.022834272999944005,22.834272999944005
1012,0.028332848999980342,28.332848999980342
1013,0.028840266999964115,28.840266999964115
1014,0.024002357999961532,24.002357999961532
1015,0.0232267999999749,23.2267999999749
1016,0.033319002999974145,33.319002999974145
1017,0.027017679999971733,27.017679999971733
1018,0.02229038899997704,22.29038899997704
1019,0.0228606220000529,22.8606220000529
1020,0.03366594900001019,33.66594900001019
1021,0.030082843999934994,30.082843999934994
1022,0.022497372999964682,22.497372999964682
1023,0.021848535999993146,21.848535999993146
1024,0.039549952000015764,39.549952000015764
1025,0.02278555899999901,22.78555899999901
1026,0.02319490600007157,23.19490600007157
1027,0.021654409000007036,21.654409000007036
1028,0.03465012899994235,34.65012899994235
1029,0.02388574700000845,23.88574700000845
1030,0.023341395999977976,23.341395999977976
1031,0.02863277099993411,28.63277099993411
1032,0.05060238800001571,50.60238800001571
1033,0.023449291000019912,23.44929100001991
1034,0.022657045999949332,22.657045999949332
1035,0.02315173900001355,23.15173900001355
1036,0.03134179599999243,31.341795999992428
1037,0.0272860430000037,27.2860430000037
1038,0.022956097000019327,22.956097000019327
1039,0.02337481199992908,23.37481199992908
1040,0.031426552000084484,31.426552000084484
1041,0.023862595999958103,23.862595999958103
1042,0.022675583000022925,22.675583000022925
1043,0.022344760000009956,22.344760000009956
1044,0.032204524999997375,32.204524999997375
1045,0.023819888000048195,23.819888000048195
1046,0.022673770999972476,22.673770999972476
1047,0.02266825100002734,22.66825100002734
1048,0.0320079649999343,32.0079649999343
1049,0.023900802000071053,23.900802000071053
1050,0.024384054999927685,24.384054999927685
1051,0.022506765000002815,22.506765000002815
1052,0.02781669300009071,27.81669300009071
1053,0.02632483400009278,26.32483400009278
1054,0.022738080999943122,22.738080999943122
1055,0.021927075999997214,21.927075999997214
1056,0.030063505000043733,30.063505000043733
1057,0.029074955999931262,29.074955999931262
1058,0.023807885000110218,23.80788500011022
1059,0.02241778500001601,22.41778500001601
1060,0.032338746999926116,32.338746999926116
1061,0.02445677999992313,24.45677999992313
1062,0.023630766999986008,23.630766999986008
1063,0.0229239459999917,22.9239459999917
1064,0.027073362999999517,27.073362999999517
1065,0.025850543000046855,25.850543000046855
1066,0.023259634999931222,23.259634999931222
1067,0.024185450999993918,24.18545099999392
1068,0.032117595000045185,32.117595000045185
1069,0.02386661500008813,23.86661500008813
1070,0.02399043000002621,23.99043000002621
1071,0.023014146000036817,23.014146000036817
1072,0.025940958999967734,25.940958999967734
1073,0.033470586000021285,33.470586000021285
1074,0.023587206999991395,23.587206999991395
1075,0.02186518700000306,21.86518700000306
1076,0.027955462000022635,27.955462000022635
1077,0.023402070999964053,23.402070999964053
1078,0.022495344000049045,22.495344000049045
1079,0.022176937000040198,22.176937000040198
1080,0.032379106000007596,32.379106000007596
1081,0.024557326000035573,24.557326000035573
1082,0.02278468300005443,22.78468300005443
1083,0.022618442000066352,22.618442000066352
1084,0.030638693000014428,30.638693000014428
1085,0.024086561999979494,24.086561999979494
1086,0.022763481999959367,22.763481999959367
1087,0.024166051999941374,24.166051999941374
1088,0.028959855999914907,28.959855999914907
1089,0.024898224000025948,24.898224000025948
1090,0.022339555000030487,22.339555000030487
1091,0.02246607799997946,22.46607799997946
1092,0.03203604500004076,32.03604500004076
1093,0.023822246000008818,23.822246000008818
1094,0.02400482899997769,24.00482899997769
1095,0.02241321400003926,22.41321400003926
1096,0.031911868000065624,31.911868000065624
1097,0.023901364000039393,23.901364000039393
1098,0.023554572000080043,23.554572000080043
1099,0.023003852000101688,23.003852000101688
1100,0.028119702000026336,28.119702000026336
1101,0.024436483000044973,24.436483000044973
1102,0.023599351999905593,23.599351999905593
1103,0.022559812999929818,22.559812999929818
1104,0.03276394600004551,32.76394600004551
1105,0.0231011700000181,23.1011700000181
1106,0.022957233999932214,22.957233999932214
1107,0.023474362000001747,23.474362000001747
1108,0.028691624999964915,28.691624999964915
1109,0.02529568499994639,25.29568499994639
1110,0.022465106000026935,22.465106000026935
1111,0.022782559000006586,22.782559000006586
1112,0.02614644400000543,26.14644400000543
1113,0.027723934000050576,27.723934000050576
1114,0.02895823299991207,28.95823299991207
1115,0.026419866999958685,26.419866999958685
1116,0.0475898380000217,47.5898380000217
1117,0.028303503999950408,28.303503999950408
1118,0.02508269299994481,25.08269299994481
1119,0.03039710300004117,30.39710300004117
1120,0.042022178000024724,42.022178000024724
1121,0.02413255199996911,24.13255199996911
1122,0.023750725000013517,23.750725000013517
1123,0.02414817600003971,24.14817600003971
1124,0.03442332700001316,34.42332700001316
1125,0.026587235999954828,26.587235999954828
1126,0.023418424000055893,23.418424000055893
1127,0.022661320999986856,22.661320999986856
1128,0.039222494999989976,39.222494999989976
1129,0.023143905999972958,23.143905999972958
1130,0.023161915999935445,23.161915999935445
1131,0.02284195599997929,22.84195599997929
1132,0.026788847000034366,26.788847000034366
1133,0.029805169000042042,29.805169000042042
1134,0.02275015899999744,22.75015899999744
1135,0.022595700000010766,22.595700000010766
1136,0.02573647200006235,25.73647200006235
1137,0.03212595599995893,32.12595599995893
1138,0.023615590000076736,23.615590000076736
1139,0.022644036000087908,22.644036000087908
1140,0.029719907000071544,29.719907000071544
1141,0.02933201399991958,29.33201399991958
1142,0.022968759000036698,22.968759000036698
1143,0.022024723999948037,22.024723999948037
1144,0.028722905999984505,28.722905999984505
1145,0.030814890000101514,30.814890000101514
1146,0.025756989999990765,25.756989999990765
1147,0.02269342699992194,22.69342699992194
1148,0.030522467000082543,30.522467000082543
1149,0.028244173999951272,28.244173999951272
1150,0.023636131999978716,23.636131999978716
1151,0.022959786999990683,22.959786999990683
1152,0.037319937000006576,37.319937000006576
1153,0.02408455799991316,24.08455799991316
1154,0.023399545999950533,23.399545999950533
1155,0.02783824400000867,27.83824400000867
1156,0.031397487000049296,31.397487000049296
1157,0.027716074000068147,27.716074000068147
1158,0.0234756520000019,23.4756520000019
1159,0.022404451999932462,22.404451999932462
1160,0.03514684499998566,35.14684499998566
1161,0.022347055999944132,22.347055999944132
1162,0.0235056669999949,23.5056669999949
1163,0.023148491000029026,23.148491000029026
1164,0.03455314799998632,34.55314799998632
1165,0.023631776999991416,23.631776999991416
1166,0.023224056000003657,23.224056000003657
1167,0.023342195999930482,23.34219599993048
1168,0.027867420999996284,27.867420999996284
1169,0.02253702100006194,22.53702100006194
1170,0.02260594899996704,22.60594899996704
1171,0.02259018000006563,22.59018000006563
1172,0.023758215000043492,23.758215000043492
1173,0.03306885999995757,33.06885999995757
1174,0.0233222269999942,23.3222269999942
1175,0.022665115999984664,22.665115999984664
1176,0.03342764899991835,33.42764899991835
1177,0.022957568999913747,22.957568999913747
1178,0.022910566000064136,22.910566000064136
1179,0.02292514199996276,22.92514199996276
1180,0.032523767000043335,32.523767000043335
1181,0.022814512000081777,22.814512000081777
1182,0.02278315199998815,22.78315199998815
1183,0.02308258300001853,23.08258300001853
1184,0.029400636999980634,29.400636999980634
1185,0.03047105799998917,30.47105799998917
1186,0.02187097299997731,21.87097299997731
1187,0.022223080000003392,22.223080000003392
1188,0.028999954000028083,28.999954000028083
1189,0.0278157679999822,27.8157679999822
1190,0.023797113000000536,23.797113000000536
1191,0.022559577999913927,22.559577999913927
1192,0.03174689800005126,31.74689800005126
1193,0.023789232000012817,23.789232000012817
1194,0.023404884000001402,23.404884000001402
1195,0.022882697000000007,22.882697000000007
1196,0.030911752000065462,30.911752000065462
1197,0.024282111000047735,24.282111000047735
1198,0.023789562000047226,23.789562000047226
1199,0.02494848199989974,24.94848199989974
1200,0.033644440000102804,33.644440000102804
1201,0.03176014699999996,31.76014699999996
1202,0.02267377700002271,22.67377700002271
1203,0.02281791300003988,22.81791300003988
1204,0.031821155999978146,31.821155999978146
1205,0.026503310999942187,26.503310999942187
1206,0.02225093200001993,22.25093200001993
1207,0.022640598999942085,22.640598999942085
1208,0.03451701599999524,34.51701599999524
1209,0.027974782999990566,27.974782999990566
1210,0.023088027999961014,23.088027999961014
1211,0.02309109299994816,23.09109299994816
1212,0.03718185100001392,37.18185100001392
1213,0.02364964499997768,23.64964499997768
1214,0.022297059000038644,22.297059000038644
1215,0.021851573999924767,21.851573999924767
1216,0.03701417100000981,37.01417100000981
1217,0.025478858999917975,25.478858999917975
1218,0.02334942899994985,23.34942899994985
1219,0.021573303999957716,21.573303999957716
1220,0.026781206999999085,26.781206999999085
1221,0.03062509099993349,30.62509099993349
1222,0.023315033000017138,23.315033000017138
1223,0.02326117899997371,23.26117899997371
1224,0.03113962999998421,31.13962999998421
1225,0.0275541759999669,27.5541759999669
1226,0.02354641099998389,23.54641099998389
1227,0.022408820000009655,22.408820000009655
1228,0.0340409919999729,34.0409919999729
1229,0.027059216999987257,27.059216999987257
1230,0.023519369999917217,23.519369999917217
1231,0.02272506200006319,22.72506200006319
1232,0.03178543299998182,31.785432999981822
1233,0.02690532600001916,26.90532600001916
1234,0.022868703999961326,22.868703999961326
1235,0.02556313399998089,25.56313399998089
1236,0.03931182300004821,39.31182300004821
1237,0.02357598899993718,23.57598899993718
1238,0.02292335799995726,22.92335799995726
1239,0.02283281799998349,22.83281799998349
1240,0.03130741899997247,31.30741899997247
1241,0.02696716799994192,26.96716799994192
1242,0.022314821999998458,22.314821999998458
1243,0.023264246999929128,23.264246999929128
1244,0.033304802000088785,33.304802000088785
1245,0.027450937000025988,27.450937000025988
1246,0.02372099900003377,23.72099900003377
1247,0.025145735000023706,25.145735000023706
1248,0.03605711499994868,36.05711499994868
1249,0.02618953400008195,26.18953400008195
1250,0.023528194000050462,23.528194000050462
1251,0.023446542000101545,23.446542000101545
1252,0.032634253000082936,32.634253000082936
1253,0.023399069999982203,23.399069999982203
1254,0.02297272199996314,22.97272199996314
1255,0.021705081999925824,21.705081999925824
1256,0.02706303599995863,27.06303599995863
1257,0.026744591000010587,26.744591000010587
1258,0.022574196000050506,22.574196000050506
1259,0.02162413500002458,21.62413500002458
1260,0.030189320999966185,30.189320999966185
1261,0.026931118999982573,26.931118999982573
1262,0.02272762400002648,22.72762400002648
1263,0.022212199999898985,22.212199999898985
1264,0.03054285999996864,30.54285999996864
1265,0.02748503600003005,27.48503600003005
1266,0.024358520999953726,24.358520999953726
1267,0.02818048999995426,28.18048999995426
1268,0.04284215600000607,42.84215600000607
1269,0.023644620000027317,23.644620000027317
1270,0.02272574899996016,22.72574899996016
1271,0.024516192999954,24.516192999954
1272,0.039562136999961695,39.562136999961695
1273,0.022449735999998666,22.449735999998666
1274,0.02216128200007006,22.16128200007006
1275,0.02304169500007447,23.04169500007447
1276,0.02855260499995893,28.55260499995893
1277,0.02416432499990151,24.16432499990151
1278,0.022252444000059768,22.252444000059768
1279,0.023287873000072068,23.287873000072068
1280,0.031102258000032634,31.102258000032634
1281,0.023056522000047153,23.056522000047153
1282,0.022706268999968415,22.706268999968415
1283,0.02272058799997012,22.72058799997012
1284,0.028412906999960796,28.412906999960796
1285,0.02293024300001889,22.93024300001889
1286,0.022271321000062017,22.271321000062017
1287,0.022936852000043473,22.936852000043473
1288,0.032289500000047155,32.289500000047155
1289,0.023602059000040754,23.602059000040754
1290,0.022987273000012465,22.987273000012465
1291,0.02363996400003998,23.63996400003998
1292,0.027658148999989862,27.658148999989862
1293,0.03257462500005204,32.57462500005204
1294,0.022883526000100574,22.883526000100574
1295,0.023248345000070003,23.248345000070003
1296,0.027568454999936876,27.568454999936876
1297,0.024518890000081228,24.518890000081228
1298,0.023205526999959147,23.205526999959147
1299,0.022619496999936928,22.619496999936928
1300,0.03082915600009528,30.82915600009528
1301,0.027562023999962548,27.56202399996255
1302,0.023634304000097472,23.634304000097472
1303,0.023351649000005636,23.351649000005636
1304,0.03417807499999981,34.17807499999981
1305,0.022975398999960817,22.975398999960817
1306,0.02277694600002178,22.77694600002178
1307,0.02331711700003325,23.31711700003325
1308,0.027601435999940804,27.601435999940804
1309,0.024367855999912535,24.367855999912535
1310,0.02255123099996581,22.55123099996581
1311,0.022242862999974022,22.242862999974022
1312,0.03053575000001274,30.53575000001274
1313,0.02741132699998161,27.41132699998161
1314,0.025361512000017683,25.361512000017683
1315,0.025961348999999245,25.961348999999245
1316,0.027994755999998233,27.994755999998233
1317,0.03075917700004993,30.75917700004993
1318,0.023051061000046502,23.051061000046502
1319,0.023815262999960396,23.815262999960396
1320,0.03718174599998747,37.18174599998747
1321,0.026986119000071085,26.986119000071085
1322,0.022385148000012123,22.385148000012123
1323,0.022527546999981496,22.527546999981496
1324,0.0302668959999437,30.2668959999437
1325,0.027372805000027256,27.372805000027256
1326,0.022828656999990926,22.828656999990926
1327,0.02311559700001453,23.11559700001453
1328,0.029927936000035515,29.927936000035515
1329,0.027244074000009277,27.244074000009277
1330,0.023214969000036945,23.214969000036945
1331,0.023114076000069872,23.114076000069872
1332,0.030636643999969237,30.636643999969237
1333,0.02685644100006357,26.85644100006357
1334,0.02219137800000226,22.19137800000226
1335,0.022573917999920923,22.573917999920923
1336,0.03538597700003265,35.38597700003265
1337,0.022366156000089177,22.366156000089177
1338,0.022464842999966095,22.464842999966095
1339,0.022466010000016468,22.466010000016468
1340,0.039263893999986976,39.263893999986976
1341,0.02275354599998991,22.75354599998991
1342,0.022752387999958046,22.752387999958046
1343,0.02379395699995257,23.79395699995257
1344,0.04004528799998752,40.04528799998752
1345,0.023314120000009098,23.314120000009098
1346,0.02279674800001885,22.79674800001885
1347,0.023189603999981045,23.189603999981045
1348,0.036842395000007855,36.842395000007855
1349,0.027688104000048952,27.688104000048952
1350,0.022369108000020788,22.369108000020788
1351,0.022849959000041054,22.849959000041054
1352,0.1618344830000069,161.8344830000069
1353,0.04191228499996669,41.91228499996669
1354,0.0262039960000493,26.2039960000493
1355,0.024765044999981,24.765044999981
1356,0.032799771999975746,32.799771999975746
1357,0.024782883999932892,24.782883999932892
1358,0.022594755000000077,22.594755000000077
1359,0.022023555000032502,22.023555000032502
1360,0.02670265200003996,26.70265200003996
1361,0.02745901099990533,27.45901099990533
1362,0.02732066400005806,27.32066400005806
1363,0.028851259000020946,28.851259000020946
1364,0.033546463999982734,33.546463999982734
1365,0.028794270000048527,28.794270000048527
1366,0.023892248000038308,23.892248000038308
1367,0.02322806799998034,23.22806799998034
1368,0.03110493500003031,31.10493500003031
1369,0.02527424599998085,25.27424599998085
1370,0.023315011000022423,23.315011000022423
1371,0.02297563500007982,22.97563500007982
1372,0.03350560699993821,33.50560699993821
1373,0.02269283300006464,22.69283300006464
1374,0.022958852999977353,22.958852999977353
1375,0.0227963440000849,22.7963440000849
1376,0.03709615200000371,37.09615200000371
1377,0.023032073000081255,23.032073000081255
1378,0.02323634200001834,23.23634200001834
1379,0.023325137000028917,23.325137000028917
1380,0.028939430000036737,28.939430000036737
1381,0.024035259000015685,24.035259000015685
1382,0.023032350999983464,23.032350999983464
1383,0.02354403000003913,23.54403000003913
1384,0.029612983999982134,29.612983999982134
1385,0.022374586999944768,22.374586999944768
1386,0.022650208999948518,22.650208999948518
1387,0.0227104649999319,22.7104649999319
1388,0.026887760000022354,26.887760000022354
1389,0.032441362999975354,32.441362999975354
1390,0.022992876999978762,22.992876999978762
1391,0.022836317000042072,22.836317000042072
1392,0.03235645899997053,32.35645899997053
1393,0.02362364600003275,23.62364600003275
1394,0.023443822999979602,23.443822999979602
1395,0.022848545999977432,22.848545999977432
1396,0.0321519649999118,32.1519649999118
1397,0.029302848000043014,29.302848000043014
1398,0.023127625000029184,23.127625000029184
1399,0.021683358999894153,21.683358999894153
1400,0.026334315999974933,26.334315999974933
1401,0.0317787970000154,31.778797000015402
1402,0.023535591000040768,23.535591000040768
1403,0.02269249200003287,22.69249200003287
1404,0.029694897000013043,29.694897000013043
1405,0.027951981999990494,27.951981999990494
1406,0.023596184999973957,23.596184999973957
1407,0.023206268999956592,23.206268999956592
1408,0.037130392999984,37.130392999984
1409,0.02518406700005471,25.18406700005471
1410,0.02216979699994681,22.16979699994681
1411,0.022983298999974977,22.983298999974977
1412,0.03283088700004555,32.83088700004555
1413,0.02454390200000489,24.54390200000489
1414,0.022542766000015035,22.542766000015035
1415,0.023561787999938133,23.561787999938133
1416,0.027201238999964517,27.201238999964517
1417,0.02681945300003008,26.81945300003008
1418,0.023885391000021627,23.885391000021627
1419,0.02185315500003071,21.85315500003071
1420,0.03178839400004563,31.788394000045628
1421,0.025022122999985186,25.022122999985186
1422,0.023903072000052816,23.903072000052816
1423,0.022123302999943917,22.123302999943917
1424,0.03113219299996217,31.13219299996217
1425,0.024349289000042518,24.349289000042518
1426,0.02293435700005375,22.93435700005375
1427,0.022722925999914878,22.722925999914878
1428,0.029891640000073494,29.891640000073494
1429,0.02722230999995645,27.22230999995645
1430,0.023123295999994298,23.123295999994298
1431,0.02223549899997579,22.23549899997579
1432,0.030614006000064364,30.614006000064364
1433,0.02866677500003334,28.66677500003334
1434,0.0228353640000023,22.8353640000023
1435,0.02355959500005156,23.55959500005156
1436,0.02797191499996643,27.97191499996643
1437,0.027537056000028315,27.537056000028315
1438,0.02212283699998352,22.12283699998352
1439,0.02193250799996349,21.93250799996349
1440,0.0295335039999145,29.5335039999145
1441,0.028010602999984258,28.010602999984258
1442,0.023940243000083683,23.940243000083683
1443,0.034281669999927544,34.281669999927544
1444,0.045528865000051155,45.528865000051155
1445,0.034698537000053875,34.698537000053875
1446,0.024930660999984866,24.930660999984866
1447,0.02236183799993796,22.36183799993796
1448,0.025000189000024875,25.000189000024875
1449,0.033366905999969276,33.366905999969276
1450,0.024642414000027202,24.642414000027202
1451,0.024945909999928517,24.945909999928517
1452,0.04216927000004489,42.16927000004489
1453,0.023089499000093383,23.089499000093383
1454,0.02385915499996827,23.85915499996827
1455,0.023594426000045132,23.594426000045132
1456,0.027837900999998055,27.837900999998055
1457,0.02287820300000476,22.87820300000476
1458,0.02317392899999504,23.17392899999504
1459,0.022564238999962072,22.564238999962072
1460,0.032104929000070115,32.104929000070115
1461,0.022208687999977883,22.208687999977883
1462,0.022280371999954696,22.280371999954696
1463,0.022569853999925726,22.569853999925726
1464,0.031131404000007024,31.131404000007024
1465,0.028401812000083737,28.401812000083737
1466,0.022632421000025715,22.632421000025715
1467,0.022426794000011796,22.426794000011796
1468,0.026177674999985356,26.177674999985356
1469,0.03192312299995592,31.923122999955922
1470,0.02403300200001013,24.03300200001013
1471,0.021970949000092332,21.970949000092332
1472,0.030795824000051653,30.795824000051653
1473,0.025230039999996734,25.230039999996734
1474,0.027931343999966884,27.931343999966884
1475,0.022785343999998986,22.785343999998986
1476,0.0515909199999669,51.5909199999669
1477,0.02308736499992392,23.08736499992392
1478,0.02291117499999018,22.91117499999018
1479,0.022168566999994255,22.168566999994255
1480,0.02628123699992102,26.28123699992102
1481,0.034472886999992625,34.472886999992625
1482,0.03654639500007306,36.54639500007306
1483,0.023678164999978435,23.678164999978435
1484,0.029720393000047807,29.720393000047807
1485,0.028076489999989462,28.076489999989462
1486,0.022877891000007367,22.877891000007367
1487,0.0226757739999357,22.6757739999357
1488,0.028603625000073407,28.603625000073407
1489,0.027220063999948252,27.220063999948252
1490,0.022220515000071828,22.220515000071828
1491,0.02253860000007535,22.53860000007535
1492,0.028058894999958284,28.058894999958284
1493,0.02886220699997466,28.86220699997466
1494,0.022303859999965425,22.303859999965425
1495,0.021941600999980437,21.941600999980437
1496,0.026884263999932045,26.884263999932045
1497,0.03813330000002679,38.13330000002679
1498,0.022930203999976584,22.930203999976584
1499,0.021735389000014038,21.735389000014038
1500,0.03628735500001312,36.28735500001312
1501,0.024273638999943614,24.273638999943614
1502,0.023687434000066787,23.687434000066787
1503,0.022319512999956714,22.319512999956714
1504,0.029128386000024875,29.128386000024875
1505,0.02387751899993873,23.87751899993873
1506,0.025174497999955747,25.174497999955747
1507,0.023325134000060643,23.325134000060643
1508,0.027430675000005067,27.430675000005067
1509,0.02206322800009275,22.06322800009275
1510,0.023040716999958022,23.040716999958022
1511,0.022770586999968145,22.770586999968145
1512,0.0299066050000647,29.9066050000647
1513,0.02852869900004862,28.52869900004862
1514,0.02372989499997402,23.72989499997402
1515,0.023281074999999873,23.281074999999873
1516,0.030632823000019016,30.632823000019016
1517,0.023229302999993706,23.229302999993706
1518,0.02374026799998319,23.74026799998319
1519,0.023486780999974144,23.486780999974144
1520,0.028284525999993093,28.284525999993093
1521,0.02619026499996835,26.19026499996835
1522,0.022200818999976946,22.200818999976946
1523,0.02281361600000764,22.81361600000764
1524,0.030607218000000103,30.607218000000103
1525,0.02845924300004299,28.45924300004299
1526,0.022481553000034182,22.481553000034182
1527,0.02310196900009487,23.10196900009487
1528,0.024606507000044076,24.606507000044076
1529,0.04156353100006527,41.56353100006527
1530,0.02713754500007326,27.13754500007326
1531,0.022448940999993283,22.448940999993283
1532,0.031276031000061266,31.276031000061266
1533,0.027724549000026855,27.724549000026855
1534,0.022651150000001508,22.651150000001508
1535,0.021759493000104158,21.759493000104158
1536,0.027829051000026084,27.829051000026084
1537,0.028020203999972182,28.020203999972182
1538,0.02327057899992724,23.27057899992724
1539,0.02179508500000793,21.79508500000793
1540,0.02868478299990329,28.68478299990329
1541,0.02876780500002951,28.76780500002951
1542,0.023899108999899,23.899108999899
1543,0.02287512699990657,22.87512699990657
1544,0.027631249000023672,27.631249000023672
1545,0.027354899999977533,27.354899999977533
1546,0.0230345730000181,23.0345730000181
1547,0.02243933600004766,22.43933600004766
1548,0.028997943000035775,28.997943000035775
1549,0.028587344000015946,28.587344000015946
1550,0.022334032999992814,22.334032999992814
1551,0.022409285999970052,22.409285999970052
1552,0.028696803000002546,28.696803000002546
1553,0.02931230800004414,29.31230800004414
1554,0.022928876000037235,22.928876000037235
1555,0.023330443999952877,23.330443999952877
1556,0.029122658000005686,29.122658000005686
1557,0.028513515999975425,28.513515999975425
1558,0.022195526999894355,22.195526999894355
1559,0.022484629000018685,22.484629000018685
1560,0.02864156400005413,28.64156400005413
1561,0.028175884999996015,28.175884999996015
1562,0.02266167499999483,22.66167499999483
1563,0.02170011099997282,21.70011099997282
1564,0.025795527000013863,25.795527000013863
1565,0.03312525299998015,33.12525299998015
1566,0.02415758100005405,24.15758100005405
1567,0.022165885000049457,22.165885000049457
1568,0.028648546999988866,28.648546999988866
1569,0.028331526000101803,28.331526000101803
1570,0.02324985600000673,23.24985600000673
1571,0.021573897000052966,21.573897000052966
1572,0.02778246599996237,27.78246599996237
1573,0.032437296000011884,32.437296000011884
1574,0.022734040000045752,22.734040000045752
1575,0.022790759000031358,22.790759000031358
1576,0.028503225999997994,28.503225999997994
1577,0.028223629999956756,28.223629999956756
1578,0.034376662999989094,34.376662999989094
1579,0.022797040999989804,22.797040999989804
1580,0.030228571999941778,30.228571999941778
1581,0.028705664000085562,28.705664000085562
1582,0.022890943999982483,22.890943999982483
1583,0.02352807700003723,23.52807700003723
1584,0.032334958999967967,32.33495899996797
1585,0.026752173999966544,26.752173999966544
1586,0.02217644699999255,22.17644699999255
1587,0.022577053000077285,22.577053000077285
1588,0.03356369300001916,33.56369300001916
1589,0.02842984999995224,28.42984999995224
1590,0.02285082000003058,22.85082000003058
1591,0.022449757000003956,22.449757000003956
1592,0.030905131999929836,30.905131999929836
1593,0.02703694199999518,27.03694199999518
1594,0.02319525200005046,23.19525200005046
1595,0.021557176999976946,21.557176999976946
1596,0.029857211000035022,29.857211000035022
1597,0.02891556400004447,28.91556400004447
1598,0.02613853699995161,26.13853699995161
1599,0.023426142999937838,23.426142999937838
1600,0.03965688899995712,39.65688899995712
1601,0.023938363999945977,23.938363999945977
1602,0.023332721000087986,23.332721000087986
1603,0.02224373100000321,22.24373100000321
1604,0.02834297999993396,28.34297999993396
1605,0.030280492999963826,30.280492999963826
1606,0.022918240000080914,22.918240000080914
1607,0.022355320999963624,22.355320999963624
1608,0.027664092999998502,27.664092999998502
1609,0.02839345199993204,28.39345199993204
1610,0.023145590000012817,23.145590000012817
1611,0.022198239999966063,22.198239999966063
1612,0.02902399900006003,29.02399900006003
1613,0.028476339999997435,28.476339999997435
1614,0.02292634899993118,22.92634899993118
1615,0.023444542999982332,23.444542999982332
1616,0.030664813000043978,30.664813000043978
1617,0.02755253400005131,27.55253400005131
1618,0.022253011999964656,22.253011999964656
1619,0.022639303000005384,22.639303000005384
1620,0.028535454999996546,28.535454999996546
1621,0.027342318999899362,27.342318999899362
1622,0.022434996000015417,22.434996000015417
1623,0.022934433999921566,22.934433999921566
1624,0.028695511000023544,28.695511000023544
1625,0.029200961000015013,29.200961000015013
1626,0.022662883999942096,22.662883999942096
1627,0.022356785000056334,22.356785000056334
1628,0.029126883000003545,29.126883000003545
1629,0.029203705999975682,29.203705999975682
1630,0.022168725000028644,22.168725000028644
1631,0.021816616000023714,21.816616000023714
1632,0.028693438999994214,28.693438999994214
1633,0.02831966899998406,28.31966899998406
1634,0.02346655400003783,23.46655400003783
1635,0.02158838699995158,21.58838699995158
1636,0.026489507999940543,26.489507999940543
1637,0.03050738599995384,30.50738599995384
1638,0.02435915599994587,24.35915599994587
1639,0.022075156000028073,22.075156000028073
1640,0.02783441799999764,27.83441799999764
1641,0.029497981000076834,29.497981000076834
1642,0.023716680999996242,23.716680999996242
1643,0.022938659000033113,22.938659000033113
1644,0.034661029999938364,34.661029999938364
1645,0.029107505999945715,29.107505999945715
1646,0.022413417999928242,22.413417999928242
1647,0.022948584999994637,22.948584999994637
1648,0.030014685000082864,30.014685000082864
1649,0.040155822999963675,40.155822999963675
1650,0.022757693000016843,22.757693000016843
1651,0.022053423999977895,22.053423999977895
1652,0.029324158000008538,29.324158000008538
1653,0.02907634700000017,29.07634700000017
1654,0.023148754000089866,23.148754000089866
1655,0.021455704000004516,21.455704000004516
1656,0.028249994000020706,28.249994000020706
1657,0.02887632100009796,28.87632100009796
1658,0.023418946999981927,23.418946999981927
1659,0.022892587000001186,22.892587000001186
1660,0.028731453999967016,28.731453999967016
1661,0.028271696000047086,28.271696000047086
1662,0.023622785000043223,23.622785000043223
1663,0.022632561000023088,22.632561000023088
1664,0.028090735999967364,28.090735999967364
1665,0.02765859900000578,27.65859900000578
1666,0.023182470999927318,23.182470999927318
1667,0.022379324999974415,22.379324999974415
1668,0.0285202490000529,28.5202490000529
1669,0.027461601000027258,27.461601000027258
1670,0.02243591599994943,22.43591599994943
1671,0.022390980999944077,22.390980999944077
1672,0.028123983999989832,28.123983999989832
1673,0.0311789109999836,31.1789109999836
1674,0.022440623999955278,22.440623999955278
1675,0.02329504600004384,23.29504600004384
1676,0.029139776999954847,29.139776999954847
1677,0.02840991599998688,28.40991599998688
1678,0.023375973999918642,23.375973999918642
1679,0.021527371000047424,21.527371000047424
1680,0.027705677999961154,27.705677999961154
1681,0.02970634300004349,29.70634300004349
1682,0.022897345000046698,22.8973450000467
1683,0.022705456000039703,22.705456000039703
1684,0.026855109999928573,26.855109999928573
1685,0.030055158999971354,30.055158999971354
1686,0.023210536999954456,23.210536999954456
1687,0.022614057999930992,22.614057999930992
1688,0.02676861599991298,26.76861599991298
1689,0.03030508999995618,30.30508999995618
1690,0.024124250999989272,24.124250999989272
1691,0.022829791999924964,22.829791999924964
1692,0.028491525000049478,28.491525000049478
1693,0.028256453000039983,28.256453000039983
1694,0.02325618999998369,23.25618999998369
1695,0.02239391800003432,22.39391800003432
1696,0.02860633299997062,28.60633299997062
1697,0.02801058899990494,28.01058899990494
1698,0.024407225000004473,24.407225000004473
1699,0.025777669999911268,25.777669999911268
1700,0.044468246999940675,44.468246999940675
1701,0.024768134000055397,24.768134000055397
1702,0.022405821000006654,22.405821000006654
1703,0.021820671000000402,21.820671000000402
1704,0.033711408000044685,33.711408000044685
1705,0.028158950000033656,28.158950000033656
1706,0.023226013999988027,23.226013999988027
1707,0.02173463700000866,21.73463700000866
1708,0.030165484999997716,30.165484999997716
1709,0.02836744599994745,28.36744599994745
1710,0.023516036999922107,23.516036999922107
1711,0.02281220699990172,22.81220699990172
1712,0.02981396399991354,29.81396399991354
1713,0.02715992200000983,27.15992200000983
1714,0.02305203100002018,23.05203100002018
1715,0.022605982999948537,22.605982999948537
1716,0.029993087999969248,29.993087999969248
1717,0.027740944000015588,27.74094400001559
1718,0.024572720999913145,24.572720999913145
1719,0.022977093999998033,22.977093999998033
1720,0.030500631999984762,30.500631999984762
1721,0.026157538000006753,26.157538000006753
1722,0.022303072999989126,22.303072999989126
1723,0.022667863999913607,22.667863999913607
1724,0.029571382999961315,29.571382999961315
1725,0.027536099000030845,27.536099000030845
1726,0.02202273199998217,22.02273199998217
1727,0.021847288000003573,21.847288000003573
1728,0.029386328999976286,29.386328999976286
1729,0.02780325300000186,27.80325300000186
1730,0.022606885000072907,22.606885000072907
1731,0.021545701000036388,21.545701000036388
1732,0.028689861000088968,28.689861000088968
1733,0.029921528000045328,29.921528000045328
1734,0.02332074899993586,23.32074899993586
1735,0.022192955999912556,22.192955999912556
1736,0.02985012299996015,29.85012299996015
1737,0.028237730999990163,28.237730999990163
1738,0.023118295000017497,23.118295000017497
1739,0.02281921799999509,22.81921799999509
1740,0.02893585799995435,28.93585799995435
1741,0.027386360000036802,27.386360000036802
1742,0.023215520000007928,23.215520000007928
1743,0.02250217200003135,22.50217200003135
1744,0.031557874999975866,31.557874999975866
1745,0.026975568000011663,26.975568000011663
1746,0.02234541600000739,22.34541600000739
1747,0.02305783999997857,23.05783999997857
1748,0.030347520999953304,30.347520999953304
1749,0.028932674999964547,28.932674999964547
1750,0.02252365499998632,22.52365499998632
1751,0.022611463999965054,22.611463999965054
1752,0.030802062999896407,30.802062999896407
1753,0.028024814999980663,28.024814999980663
1754,0.02319483099995523,23.19483099995523
1755,0.021730574999992314,21.730574999992314
1756,0.033338204999949994,33.338204999949994
1757,0.026529048000043076,26.529048000043076
1758,0.023090115999934824,23.090115999934824
1759,0.02229508900006749,22.29508900006749
1760,0.029823779000025752,29.823779000025752
1761,0.027947464000021682,27.947464000021682
1762,0.023610632999975678,23.610632999975678
1763,0.02313381900000877,23.13381900000877
1764,0.03392581399998562,33.92581399998562
1765,0.022763143000020136,22.763143000020136
1766,0.022783115999914116,22.783115999914116
1767,0.02268488400000024,22.68488400000024
1768,0.030865102000007028,30.865102000007028
1769,0.025344910000058007,25.344910000058007
1770,0.022593501000073957,22.593501000073957
1771,0.024203435000003992,24.203435000003992
1772,0.027444648000027883,27.444648000027883
1773,0.027483025000037742,27.483025000037742
1774,0.02326574599999276,23.26574599999276
1775,0.02177690700000312,21.77690700000312
1776,0.030086491000020033,30.086491000020033
1777,0.028449528000010105,28.449528000010105
1778,0.023635912000031567,23.635912000031567
1779,0.02389797599994381,23.89797599994381
1780,0.02914539000005334,29.14539000005334
1781,0.027595934000032685,27.595934000032685
1782,0.024938180000049215,24.938180000049215
1783,0.02497972599996956,24.97972599996956
1784,0.04666506000000936,46.66506000000936
1785,0.025746343000037086,25.746343000037086
1786,0.02323336700010259,23.23336700010259
1787,0.023381701000062094,23.381701000062094
1788,0.037748729000099956,37.74872900009996
1789,0.02580520800006525,25.80520800006525
1790,0.024112550000040756,24.112550000040756
1791,0.024091165999948316,24.091165999948316
1792,0.0393897989999914,39.3897989999914
1793,0.023307818000034786,23.307818000034786
1794,0.02334785200002898,23.34785200002898
1795,0.022148940000079165,22.148940000079165
1796,0.026878901000031874,26.878901000031874
1797,0.02725411999995231,27.25411999995231
1798,0.02275988500002768,22.75988500002768
1799,0.022766466999996737,22.766466999996737
1800,0.02963265199991838,29.63265199991838
1801,0.027086633000067195,27.086633000067195
1802,0.024383282000030704,24.383282000030704
1803,0.024294940000004317,24.294940000004317
1804,0.027696890000015628,27.696890000015628
1805,0.025715053999988413,25.715053999988413
1806,0.022432404000028328,22.432404000028328
1807,0.022613864000049944,22.613864000049944
1808,0.029025789000002078,29.025789000002078
1809,0.02824736100001246,28.24736100001246
1810,0.02210789199989449,22.10789199989449
1811,0.02182340700005625,21.82340700005625
1812,0.029252358000007916,29.252358000007916
1813,0.03214544000002206,32.14544000002206
1814,0.02283242299995436,22.83242299995436
1815,0.022751058999915585,22.751058999915585
1816,0.027502015999971263,27.502015999971263
1817,0.02897402200005672,28.97402200005672
1818,0.023180308000064542,23.180308000064542
1819,0.02165497700002561,21.65497700002561
1820,0.03077053899994553,30.77053899994553
1821,0.027834623999979158,27.834623999979158
1822,0.022857025000007525,22.857025000007525
1823,0.02169500100001187,21.69500100001187
1824,0.028466208000054394,28.466208000054394
1825,0.028476071000000047,28.476071000000047
1826,0.02414565300000504,24.14565300000504
1827,0.022864515999913237,22.864515999913237
1828,0.02809532300000228,28.09532300000228
1829,0.028285267000001113,28.285267000001113
1830,0.02347439800007578,23.47439800007578
1831,0.022396157999992283,22.396157999992283
1832,0.025921528000026228,25.92152800002623
1833,0.03233390899993083,32.33390899993083
1834,0.02337705200000073,23.37705200000073
1835,0.023566514999970423,23.566514999970423
1836,0.03463966399999663,34.63966399999663
1837,0.023999579000019367,23.999579000019367
1838,0.021965688000022965,21.965688000022965
1839,0.021847582999953374,21.847582999953374
1840,0.029866113000025507,29.866113000025507
1841,0.027918702999954803,27.918702999954803
1842,0.023088382999958412,23.088382999958412
1843,0.02248251399998935,22.48251399998935
1844,0.02992346999997153,29.92346999997153
1845,0.02784266799994839,27.84266799994839
1846,0.023012172999983704,23.012172999983704
1847,0.021668216999955803,21.668216999955803
1848,0.029523332999929153,29.523332999929153
1849,0.028928848999953516,28.928848999953516
1850,0.023374023999963356,23.374023999963356
1851,0.02343840400010322,23.43840400010322
1852,0.029786119999926086,29.786119999926086
1853,0.027610854999920775,27.610854999920775
1854,0.02309119599999576,23.09119599999576
1855,0.022549080999965554,22.549080999965554
1856,0.02998657800003457,29.98657800003457
1857,0.026915137000059985,26.915137000059985
1858,0.022338801999921998,22.338801999921998
1859,0.022779629999945428,22.779629999945428
1860,0.03416170599996349,34.16170599996349
1861,0.02336561500010248,23.36561500010248
1862,0.022386489000041365,22.386489000041365
1863,0.022871186999964266,22.871186999964266
1864,0.03561772800003382,35.61772800003382
1865,0.023286631000019042,23.286631000019042
1866,0.02858834999994997,28.58834999994997
1867,0.025781864999999016,25.781864999999016
1868,0.03439316099991174,34.39316099991174
1869,0.0340715069999078,34.0715069999078
1870,0.022373238999989553,22.373238999989553
1871,0.02187394099996709,21.87394099996709
1872,0.028744004000031964,28.744004000031964
1873,0.02298770599998079,22.98770599998079
1874,0.02267975099994146,22.67975099994146
1875,0.021852973000022757,21.852973000022757
1876,0.030224444000054973,30.224444000054973
1877,0.027696818999970674,27.696818999970674
1878,0.022822555000061584,22.822555000061584
1879,0.021557410000013988,21.557410000013988
1880,0.031057791000080215,31.057791000080215
1881,0.029456471000003148,29.456471000003148
1882,0.023543584999970335,23.543584999970335
1883,0.023281098999973437,23.281098999973437
1884,0.03194039000004523,31.940390000045227
1885,0.023106449000010798,23.106449000010798
1886,0.023579297999958726,23.579297999958726
1887,0.023489855000093485,23.489855000093485
1888,0.03200222500004202,32.00222500004202
1889,0.02326396000000841,23.26396000000841
1890,0.023964886000044316,23.964886000044316
1891,0.022934463999945365,22.934463999945365
1892,0.02767264300007355,27.67264300007355
1893,0.026215503999992507,26.215503999992507
1894,0.02236499000002823,22.36499000002823
1895,0.022856027999978323,22.856027999978323
1896,0.029893291999997018,29.893291999997018
1897,0.026867362999951183,26.867362999951183
1898,0.022270160000061878,22.27016000006188
1899,0.022646426999926916,22.646426999926916
1900,0.029232970999942154,29.232970999942154
1901,0.02855481000005966,28.55481000005966
1902,0.023232905999975628,23.232905999975628
1903,0.0241065879999951,24.1065879999951
1904,0.030137374999981148,30.137374999981148
1905,0.028185181000026205,28.185181000026205
1906,0.02319319599996561,23.19319599996561
1907,0.021575895999944805,21.575895999944805
1908,0.029417722000061985,29.417722000061985
1909,0.028728660000069794,28.728660000069794
1910,0.023122513999965122,23.122513999965122
1911,0.022716755000033118,22.716755000033118
1912,0.029124073000048156,29.124073000048156
1913,0.02729248599996481,27.29248599996481
1914,0.023214963999976135,23.214963999976135
1915,0.0236660479999955,23.6660479999955
1916,0.025937545000033424,25.937545000033424
1917,0.039306776999978865,39.306776999978865
1918,0.02392858400003206,23.92858400003206
1919,0.023106599000016104,23.106599000016104
1920,0.029737068000031286,29.737068000031286
1921,0.0296045680000816,29.6045680000816
1922,0.023894266000070274,23.894266000070274
1923,0.02291525400005412,22.91525400005412
1924,0.03693069200005539,36.93069200005539
1925,0.02221564000001308,22.21564000001308
1926,0.022508795000021564,22.508795000021564
1927,0.022598399000003155,22.598399000003155
1928,0.030653476999987106,30.653476999987106
1929,0.02712676700002703,27.12676700002703
1930,0.02209726299997783,22.09726299997783
1931,0.022288397000011173,22.288397000011173
1932,0.030821217000038814,30.821217000038814
1933,0.027684804000045915,27.684804000045915
1934,0.022868434999963938,22.868434999963938
1935,0.02320158000009087,23.20158000009087
1936,0.03768768399993405,37.68768399993405
1937,0.025741621000065606,25.741621000065606
1938,0.024753693000093335,24.753693000093335
1939,0.025826134999988426,25.826134999988426
1940,0.04490661400006957,44.90661400006957
1941,0.02645862400004262,26.45862400004262
1942,0.02383321199999955,23.83321199999955
1943,0.02246114900003704,22.46114900003704
1944,0.035181674000000385,35.181674000000385
1945,0.023007538999991084,23.007538999991084
1946,0.02196937799999432,21.96937799999432
1947,0.022115887000040857,22.115887000040857
1948,0.026080223999997543,26.080223999997543
1949,0.03199490600002264,31.994906000022638
1950,0.024233097999967868,24.233097999967868
1951,0.022451592000038545,22.451592000038545
1952,0.028757464000022992,28.757464000022992
1953,0.029432995999968625,29.432995999968625
1954,0.023587579000036385,23.587579000036385
1955,0.021708834000037314,21.708834000037314
1956,0.028444435999972484,28.444435999972484
1957,0.028257127000074433,28.257127000074433
1958,0.02304589200002738,23.04589200002738
1959,0.02241369199998644,22.41369199998644
1960,0.02774512999997114,27.74512999997114
1961,0.02903143799994723,29.03143799994723
1962,0.02325053500010199,23.25053500010199
1963,0.023216516000047704,23.216516000047704
1964,0.02849766200006343,28.49766200006343
1965,0.03242806899993411,32.42806899993411
1966,0.02350501900002655,23.50501900002655
1967,0.022391746000039348,22.391746000039348
1968,0.02676781000002393,26.76781000002393
1969,0.02647769599991534,26.47769599991534
1970,0.02238631299996996,22.38631299996996
1971,0.02215769699989778,22.15769699989778
1972,0.029155614000046626,29.155614000046626
1973,0.029091101000062736,29.091101000062736
1974,0.0221347250000008,22.1347250000008
1975,0.021830310999916946,21.830310999916946
1976,0.027475838999976077,27.475838999976077
1977,0.029709045999993577,29.709045999993577
1978,0.023863610000034896,23.863610000034896
1979,0.022236407000036706,22.236407000036706
1980,0.02952097600007164,29.52097600007164
1981,0.028868160999991233,28.868160999991233
1982,0.026279929999986962,26.27992999998696
1983,0.02413474299999052,24.13474299999052
1984,0.03993845699994836,39.93845699994836
1985,0.022949605999997402,22.949605999997402
1986,0.02298810600007073,22.98810600007073
1987,0.022292231000051288,22.292231000051288
1988,0.02963459000000057,29.63459000000057
1989,0.02900390399997832,29.00390399997832
1990,0.023396171999934268,23.396171999934268
1991,0.022399605000032352,22.399605000032352
1992,0.038208601999940583,38.20860199994058
1993,0.02327744599995185,23.27744599995185
1994,0.022675774000049387,22.675774000049387
1995,0.02271848099996987,22.71848099996987
1996,0.04109421199996177,41.09421199996177
1997,0.023065953000013906,23.065953000013906
1998,0.02351749900003597,23.51749900003597
1999,0.023477153000044382,23.47715300004438
2000,0.03840977400000156,38.40977400000156
2001,0.026933058999929926,26.933058999929926
2002,0.022568986999999652,22.56898699999965
2003,0.022493707999956314,22.493707999956314
2004,0.04120253799999318,41.20253799999318
2005,0.022661964000008084,22.661964000008084
2006,0.023044343999913508,23.044343999913508
2007,0.0226894809999294,22.6894809999294
2008,0.04191041500007486,41.91041500007486
2009,0.023675072000060027,23.675072000060027
2010,0.02271586599999864,22.71586599999864
2011,0.022786118999988503,22.786118999988503
2012,0.031967118000011396,31.967118000011396
2013,0.02856992900001387,28.56992900001387
2014,0.02400784899998598,24.00784899998598
2015,0.022383428000011918,22.383428000011918
2016,0.03022861700003432,30.22861700003432
2017,0.02738601099997595,27.38601099997595
2018,0.023232773000017914,23.232773000017914
2019,0.022810459000083938,22.810459000083938
2020,0.029581884999970498,29.581884999970498
2021,0.027612261999934162,27.612261999934162
2022,0.023698437999996713,23.698437999996713
2023,0.023166812999988906,23.166812999988906
2024,0.0333288410000705,33.3288410000705
2025,0.12146345200005726,121.46345200005726
2026,0.04464015600001403,44.64015600001403
2027,0.02258527599997251,22.58527599997251
2028,0.028084411000008913,28.084411000008913
2029,0.027039704999992864,27.039704999992864
2030,0.024506201999997757,24.506201999997757
2031,0.02372614800003703,23.72614800003703
2032,0.036822008000058304,36.822008000058304
2033,0.027683807000016714,27.683807000016714
2034,0.023368784000012965,23.368784000012965
2035,0.023400723999998263,23.400723999998263
2036,0.03129614300007688,31.29614300007688
2037,0.029126850000011473,29.126850000011473
2038,0.02265243499994085,22.65243499994085
2039,0.022174031999952604,22.174031999952604
2040,0.03192296999998234,31.922969999982342
2041,0.024735338000027696,24.735338000027696
2042,0.023428940000030707,23.428940000030707
2043,0.022438320999981443,22.438320999981443
2044,0.03187184299997625,31.871842999976252
2045,0.02436508700009199,24.36508700009199
2046,0.023820992000082697,23.820992000082697
2047,0.02178270199999588,21.78270199999588
2048,0.03006460899996455,30.06460899996455
2049,0.02394007300006251,23.94007300006251
2050,0.02372605499999736,23.72605499999736
2051,0.02272479500004465,22.72479500004465
2052,0.03104648500004714,31.04648500004714
2053,0.02385566700002073,23.85566700002073
2054,0.024094664000017474,24.094664000017474
2055,0.02315713300004063,23.15713300004063
2056,0.028837053000074775,28.837053000074775
2057,0.02440352400003576,24.40352400003576
2058,0.022519541999940884,22.519541999940884
2059,0.022925231000044732,22.925231000044732
2060,0.03043727800002216,30.43727800002216
2061,0.027708360999895376,27.708360999895376
2062,0.024075135000089176,24.075135000089176
2063,0.02198472899999615,21.98472899999615
2064,0.03182281800002329,31.82281800002329
2065,0.024107711000056042,24.107711000056042
2066,0.02553714000009677,25.53714000009677
2067,0.0225197739999885,22.5197739999885
2068,0.02791669800001273,27.91669800001273
2069,0.0248959499999728,24.8959499999728
2070,0.024227825000025405,24.227825000025405
2071,0.0221488939999972,22.1488939999972
2072,0.027920712999957686,27.920712999957686
2073,0.02442354599997998,24.42354599997998
2074,0.023398390000011204,23.398390000011204
2075,0.021803683999905843,21.803683999905843
2076,0.030689365999933216,30.689365999933216
2077,0.02545735199998944,25.45735199998944
2078,0.02396913300003689,23.96913300003689
2079,0.02312916900007167,23.12916900007167
2080,0.028947211999934552,28.947211999934552
2081,0.02491808199999923,24.91808199999923
2082,0.02288008200002878,22.88008200002878
2083,0.021811877000004642,21.811877000004642
2084,0.029903439999998227,29.903439999998227
2085,0.029096899000023768,29.096899000023768
2086,0.02327140199997757,23.27140199997757
2087,0.022567416000015328,22.567416000015328
2088,0.031057772000053774,31.057772000053774
2089,0.023059480000028998,23.059480000028998
2090,0.022778486999982306,22.778486999982306
2091,0.02209027399999286,22.09027399999286
2092,0.031179963999989013,31.179963999989013
2093,0.027676283000005242,27.67628300000524
2094,0.023237352000023748,23.237352000023748
2095,0.022321915000020454,22.321915000020454
2096,0.0316928890000554,31.692889000055402
2097,0.025344517000007727,25.344517000007727
2098,0.02332475000002887,23.32475000002887
2099,0.02215166999997109,22.15166999997109
2100,0.030214017000048443,30.214017000048443
2101,0.02760601299996779,27.60601299996779
2102,0.0239385019999645,23.9385019999645
2103,0.023178477999977076,23.178477999977076
2104,0.030642363000083606,30.642363000083606
2105,0.023385260000054586,23.385260000054586
2106,0.024085594000098354,24.085594000098354
2107,0.022655167000039,22.655167000039
2108,0.027876266000021133,27.876266000021133
2109,0.02653721100000439,26.53721100000439
2110,0.022435476000055132,22.435476000055132
2111,0.02281455199999982,22.81455199999982
2112,0.030655234999926506,30.655234999926506
2113,0.029066253999985747,29.066253999985747
2114,0.02440978299989638,24.40978299989638
2115,0.025333938000017042,25.333938000017042
2116,0.04338300299991715,43.38300299991715
2117,0.0237561999999798,23.7561999999798
2118,0.02390972300008798,23.90972300008798
2119,0.022698540999954275,22.698540999954275
2120,0.04437282599997161,44.37282599997161
2121,0.025196108999921307,25.196108999921307
2122,0.026349901999992653,26.349901999992653
2123,0.023061863000066296,23.061863000066296
2124,0.02915614400001232,29.15614400001232
2125,0.027851724000015565,27.851724000015565
2126,0.023619229000019004,23.619229000019004
2127,0.023204548999956387,23.204548999956387
2128,0.028953924000006737,28.953924000006737
2129,0.026960203000044203,26.960203000044203
2130,0.02237399499995263,22.37399499995263
2131,0.022671368999908736,22.671368999908736
2132,0.029388258999915706,29.388258999915706
2133,0.026872865999962414,26.872865999962414
2134,0.022963564000065162,22.963564000065162
2135,0.022560862999966957,22.560862999966957
2136,0.03133320000006279,31.33320000006279
2137,0.026934673000027942,26.934673000027942
2138,0.02233846399997219,22.33846399997219
2139,0.022189354000033745,22.189354000033745
2140,0.029145459000005758,29.145459000005758
2141,0.028158253000015065,28.158253000015065
2142,0.023280183999986548,23.280183999986548
2143,0.023289800000043215,23.289800000043215
2144,0.03017721399999118,30.17721399999118
2145,0.027758919000007154,27.758919000007154
2146,0.02600285099993016,26.00285099993016
2147,0.023328493000008166,23.328493000008166
2148,0.032201797999960036,32.201797999960036
2149,0.02310377600008451,23.10377600008451
2150,0.02288734800004022,22.88734800004022
2151,0.0236469850000276,23.6469850000276
2152,0.026198548000024857,26.198548000024857
2153,0.033128388000022824,33.128388000022824
2154,0.02300062100005107,23.00062100005107
2155,0.022916410999982872,22.916410999982872
2156,0.028672498000105406,28.672498000105406
2157,0.022710656999947787,22.710656999947787
2158,0.02231194700004835,22.31194700004835
2159,0.021801692000053663,21.801692000053663
2160,0.03131155999994917,31.311559999949168
2161,0.028245956999967348,28.245956999967348
2162,0.023868108999977267,23.868108999977267
2163,0.023045996000064406,23.045996000064406
2164,0.032202426999901945,32.202426999901945
2165,0.024020255999971596,24.020255999971596
2166,0.023122323000052347,23.122323000052347
2167,0.022215923999965526,22.215923999965526
2168,0.031049276999965514,31.049276999965514
2169,0.023788612999965153,23.788612999965153
2170,0.023292035000054057,23.292035000054057
2171,0.021656777000089278,21.656777000089278
2172,0.030705975999921975,30.705975999921975
2173,0.025666270999977314,25.666270999977314
2174,0.022827787999972315,22.827787999972315
2175,0.02352626300000793,23.52626300000793
2176,0.03063482599998224,30.63482599998224
2177,0.025727639000024283,25.727639000024283
2178,0.023782445000051666,23.782445000051666
2179,0.022976007000011123,22.976007000011123
2180,0.04183333199989647,41.83333199989647
2181,0.023727301999997508,23.727301999997508
2182,0.023586631000057423,23.586631000057423
2183,0.022749810000050275,22.749810000050275
2184,0.034880846000078236,34.880846000078236
2185,0.027349227999934556,27.349227999934556
2186,0.023559707999993407,23.559707999993407
2187,0.02333058500005336,23.33058500005336
2188,0.038935152000021844,38.935152000021844
2189,0.022617354000090018,22.617354000090018
2190,0.02313969800002269,23.13969800002269
2191,0.02322642100000394,23.22642100000394
2192,0.027534065000054397,27.534065000054397
2193,0.022390767000047163,22.390767000047163
2194,0.023136659000101645,23.136659000101645
2195,0.022950824000076864,22.950824000076864
2196,0.031838109999966946,31.838109999966946
2197,0.026110471999913898,26.110471999913898
2198,0.022939240000027894,22.939240000027894
2199,0.024120833999973,24.120833999973
2200,0.026428525000028458,26.428525000028458
2201,0.03730266100001245,37.30266100001245
2202,0.023125568999944335,23.125568999944335
2203,0.022709783999971478,22.709783999971478
2204,0.028895063999925696,28.895063999925696
2205,0.029255266999939522,29.255266999939522
2206,0.023505219999947258,23.505219999947258
2207,0.021616270999970766,21.616270999970766
2208,0.028046987000038825,28.046987000038825
2209,0.029177145999938148,29.177145999938148
2210,0.023085456999979215,23.085456999979215
2211,0.02279712600000039,22.79712600000039
2212,0.025228745000049457,25.228745000049457
2213,0.03061839700001201,30.61839700001201
2214,0.02328276299999743,23.28276299999743
2215,0.022492529000032846,22.492529000032846
2216,0.029297952999968402,29.297952999968402
2217,0.028573910999966756,28.573910999966756
2218,0.02303247999998348,23.03247999998348
2219,0.023555723999947986,23.555723999947986
2220,0.030428065000023707,30.428065000023707
2221,0.027698203999989346,27.698203999989346
2222,0.02304689300001428,23.04689300001428
2223,0.02334354999993593,23.34354999993593
2224,0.031074117000002843,31.074117000002843
2225,0.026926802000048156,26.926802000048156
2226,0.022348709000084455,22.348709000084455
2227,0.024456046999944192,24.456046999944192
2228,0.03000753900005293,30.00753900005293
2229,0.027764059999981328,27.764059999981328
2230,0.02299481799991554,22.99481799991554
2231,0.023250562999919566,23.250562999919566
2232,0.032136852999997245,32.136852999997245
2233,0.023756278000064412,23.756278000064412
2234,0.023050444000091375,23.050444000091375
2235,0.02264854899999591,22.64854899999591
2236,0.03315599500001554,33.15599500001554
2237,0.024832115999970483,24.832115999970483
2238,0.02238883400002578,22.38883400002578
2239,0.021933255000021745,21.933255000021745
2240,0.030367177000016454,30.367177000016454
2241,0.029300861999900008,29.300861999900008
2242,0.02280122999991363,22.80122999991363
2243,0.022843425000019124,22.843425000019124
2244,0.03228673500007062,32.28673500007062
2245,0.02411705899999106,24.11705899999106
2246,0.022668311999950674,22.668311999950674
2247,0.02348910099999557,23.48910099999557
2248,0.04289137299997492,42.89137299997492
2249,0.024153286000000662,24.153286000000662
2250,0.02296581200005221,22.96581200005221
2251,0.021725623000065752,21.725623000065752
2252,0.03793739100001403,37.93739100001403
2253,0.02210511500004486,22.10511500004486
2254,0.022003740999934962,22.003740999934962
2255,0.020979399999987436,20.979399999987436
2256,0.032683415000065,32.683415000065
2257,0.027622363000091354,27.622363000091354
2258,0.022213618000023416,22.213618000023416
2259,0.02150585200001842,21.50585200001842
2260,0.03244953900002656,32.44953900002656
2261,0.02687243100001524,26.87243100001524
2262,0.02165442599994094,21.65442599994094
2263,0.02087641100001747,20.87641100001747
2264,0.029350755999985267,29.350755999985267
2265,0.027268757000001642,27.268757000001642
2266,0.021442702999934227,21.442702999934227
2267,0.020801539999979468,20.801539999979468
2268,0.029442426999935378,29.44242699993538
2269,0.021129448000010598,21.129448000010598
2270,0.021177770000008422,21.177770000008422
2271,0.021474986999919565,21.474986999919565
2272,0.03526441100007105,35.26441100007105
2273,0.03606273100001545,36.06273100001545
2274,0.027592354000034902,27.592354000034902
2275,0.027169840000055956,27.169840000055956
2276,0.02885535500001879,28.85535500001879
2277,0.02896563599995261,28.96563599995261
2278,0.021645669999998063,21.645669999998063
2279,0.020232161999956588,20.23216199995659
2280,0.029268028000046797,29.268028000046797
2281,0.02537967499995375,25.37967499995375
2282,0.0212413069999684,21.2413069999684
2283,0.02068308699995214,20.68308699995214
2284,0.03010273900008542,30.10273900008542
2285,0.02745005899998887,27.45005899998887
2286,0.022524375000102737,22.524375000102737
2287,0.021708408999984385,21.708408999984385
2288,0.03141229499999554,31.412294999995538
2289,0.027885826000101588,27.885826000101588
2290,0.021104414999967958,21.104414999967958
2291,0.02098902199998065,20.98902199998065
2292,0.026751894999961223,26.751894999961223
2293,0.032577640999988944,32.577640999988944
2294,0.022726200999954926,22.726200999954926
2295,0.020818890999976247,20.818890999976247
2296,0.03159970299998349,31.599702999983492
2297,0.028390239000032125,28.390239000032125
2298,0.02061974100001862,20.61974100001862
2299,0.020272967999972025,20.272967999972025
2300,0.029107586000009178,29.107586000009178
2301,0.021557228000006035,21.557228000006035
2302,0.020424362999960977,20.424362999960977
2303,0.02015599799995016,20.15599799995016
2304,0.031019637999975203,31.019637999975203
2305,0.02740941499996552,27.40941499996552
2306,0.021123136000028353,21.123136000028353
2307,0.02131046800002423,21.31046800002423
2308,0.028308039000080498,28.3080390000805
2309,0.03001133700001901,30.01133700001901
2310,0.020887857999923654,20.887857999923654
2311,0.020240055000044777,20.240055000044777
2312,0.029607211999973515,29.607211999973515
2313,0.022097445999975207,22.097445999975207
2314,0.02181258500002059,21.81258500002059
2315,0.020911362999981975,20.911362999981975
2316,0.04380834000005507,43.80834000005507
2317,0.02851280900006259,28.51280900006259
2318,0.023296092000009594,23.296092000009594
2319,0.02239895900004285,22.39895900004285
2320,0.028264057999990655,28.264057999990655
2321,0.03146486800005732,31.464868000057322
2322,0.023140197000088847,23.140197000088847
2323,0.02299160099994424,22.99160099994424
2324,0.03216932000009365,32.16932000009365
2325,0.027401641999972526,27.401641999972526
2326,0.023331733000077293,23.331733000077293
2327,0.022866781000061565,22.866781000061565
2328,0.03339386799996191,33.39386799996191
2329,0.023801762999937637,23.801762999937637
2330,0.02308095300008972,23.08095300008972
2331,0.022499510999978156,22.499510999978156
2332,0.032141148000050634,32.141148000050634
2333,0.024487050000061572,24.487050000061572
2334,0.02339231700000255,23.39231700000255
2335,0.023707274000003054,23.707274000003054
2336,0.03210328000000118,32.10328000000118
2337,0.02316978199996811,23.16978199996811
2338,0.02291343499996401,22.91343499996401
2339,0.023482149999949797,23.482149999949797
2340,0.03465357599998242,34.65357599998242
2341,0.024419768000029762,24.419768000029762
2342,0.022735656999998355,22.735656999998355
2343,0.021810044999938327,21.810044999938327
2344,0.026958970000009685,26.958970000009685
2345,0.02713671300000442,27.13671300000442
2346,0.02221915900008753,22.21915900008753
2347,0.021850204000088524,21.850204000088524
2348,0.029728042999977333,29.728042999977333
2349,0.02797937399998318,27.97937399998318
2350,0.022935970000048655,22.935970000048655
2351,0.021841166999934103,21.841166999934103
2352,0.03218318099993667,32.18318099993667
2353,0.028626603000020623,28.626603000020623
2354,0.023742213999980777,23.742213999980777
2355,0.02235144400003719,22.35144400003719
2356,0.031134495999936007,31.134495999936007
2357,0.024858448000031785,24.858448000031785
2358,0.024247423000019808,24.247423000019808
2359,0.022395039000002726,22.395039000002726
2360,0.033526176999998825,33.526176999998825
2361,0.025531578999903104,25.531578999903104
2362,0.023645684000030087,23.645684000030087
2363,0.022792428000002474,22.792428000002474
2364,0.02682571299999381,26.82571299999381
2365,0.023965031999978237,23.965031999978237
2366,0.04859863700005462,48.59863700005462
2367,0.023062751999987086,23.062751999987086
2368,0.024923858000079235,24.923858000079235
2369,0.03186555499996757,31.86555499996757
2370,0.024931444000003466,24.931444000003466
2371,0.02586302899999282,25.86302899999282
2372,0.030682968000064648,30.682968000064648
2373,0.027545229999986987,27.545229999986987
2374,0.02430320500002381,24.30320500002381
2375,0.023564496000062718,23.564496000062718
2376,0.026069025999959194,26.069025999959194
2377,0.031297231000053216,31.297231000053216
2378,0.02276385700008632,22.76385700008632
2379,0.02257338799995523,22.57338799995523
2380,0.032067093000023306,32.067093000023306
2381,0.024035378999997192,24.035378999997192
2382,0.022966688999986218,22.966688999986218
2383,0.02329192199999852,23.29192199999852
2384,0.0319018559999904,31.901855999990403
2385,0.023613694000005125,23.613694000005125
2386,0.02291928200008897,22.91928200008897
2387,0.023045002999992903,23.045002999992903
2388,0.0320038619998968,32.0038619998968
2389,0.023367733999975826,23.367733999975826
2390,0.02278027399995608,22.78027399995608
2391,0.0236206450000509,23.6206450000509
2392,0.03292937799994888,32.92937799994888
2393,0.024925513999960458,24.925513999960458
2394,0.022846856000001026,22.846856000001026
2395,0.023015120999957617,23.015120999957617
2396,0.027006389000007403,27.006389000007403
2397,0.027676491999955033,27.676491999955033
2398,0.0220226910000747,22.0226910000747
2399,0.021852260000059687,21.852260000059687
2400,0.041495362999967256,41.495362999967256
2401,0.0228408530000479,22.8408530000479
2402,0.023609879999980876,23.609879999980876
2403,0.021851728999990883,21.851728999990883
2404,0.026937926999949013,26.937926999949013
2405,0.025336691000006795,25.336691000006795
2406,0.023588448000054996,23.588448000054996
2407,0.02400939799997559,24.00939799997559
2408,0.02891796999995222,28.91796999995222
2409,0.023116737999998804,23.116737999998804
2410,0.023543773000028523,23.543773000028523
2411,0.02234425500000725,22.34425500000725
2412,0.030522198999960892,30.522198999960892
2413,0.026175640000019484,26.175640000019484
2414,0.023478694000004907,23.478694000004907
2415,0.022848241000019698,22.848241000019698
2416,0.02927797699999246,29.27797699999246
2417,0.02745209599993359,27.45209599993359
2418,0.0230953299999328,23.0953299999328
2419,0.022234475999994174,22.234475999994174
2420,0.029099614000074325,29.099614000074325
2421,0.027496990000031474,27.496990000031474
2422,0.023143983999943885,23.143983999943885
2423,0.022257452000076228,22.257452000076228
2424,0.02913748299999952,29.13748299999952
2425,0.02852870999993229,28.52870999993229
2426,0.023705337000023974,23.705337000023974
2427,0.025040713999942454,25.040713999942454
2428,0.03070437300004869,30.70437300004869
2429,0.02468428000008771,24.68428000008771
2430,0.023387902999957078,23.387902999957078
2431,0.023545385000034003,23.545385000034003
2432,0.02804134600000907,28.04134600000907
2433,0.026218940000035218,26.218940000035218
2434,0.02258892800000467,22.58892800000467
2435,0.02279576000000816,22.79576000000816
2436,0.02971787299998141,29.71787299998141
2437,0.028114184999935787,28.114184999935787
2438,0.02232785299997886,22.32785299997886
2439,0.021938622999982726,21.938622999982726
2440,0.02909359599993877,29.09359599993877
2441,0.028185301000007712,28.185301000007712
2442,0.022191087000010157,22.191087000010157
2443,0.02201755900000535,22.01755900000535
2444,0.02903097999990223,29.03097999990223
2445,0.028718665000042165,28.718665000042165
2446,0.022854952999978195,22.854952999978195
2447,0.02265268999997261,22.65268999997261
2448,0.029688628000030803,29.688628000030803
2449,0.02874036800005797,28.74036800005797
2450,0.02203555599999163,22.03555599999163
2451,0.02194709699995201,21.94709699995201
2452,0.025472505999914574,25.472505999914574
2453,0.03317837000008694,33.17837000008694
2454,0.02668503999996119,26.68503999996119
2455,0.024808774999996785,24.808774999996785
2456,0.062368904999971164,62.368904999971164
2457,0.02577645400003803,25.77645400003803
2458,0.028490694999959487,28.490694999959487
2459,0.02335755900003278,23.35755900003278
2460,0.027399889999969673,27.399889999969673
2461,0.03156235200003721,31.562352000037208
2462,0.02550666199999796,25.50666199999796
2463,0.024016786999936812,24.016786999936812
2464,0.036541951999993216,36.541951999993216
2465,0.02445007500000429,24.45007500000429
2466,0.02399901499995849,23.99901499995849
2467,0.02262650099999064,22.62650099999064
2468,0.029318236999984038,29.318236999984038
2469,0.023805383999956575,23.805383999956575
2470,0.023535422999998445,23.535422999998445
2471,0.022255835000009938,22.255835000009938
2472,0.030900383000016518,30.900383000016518
2473,0.02335958200001187,23.35958200001187
2474,0.022908144999973956,22.908144999973956
2475,0.02347717299994656,23.47717299994656
2476,0.02930849599999874,29.30849599999874
2477,0.027943022999920686,27.943022999920686
2478,0.023649790000035864,23.649790000035864
2479,0.023476995999999417,23.476995999999417
2480,0.029933330000062597,29.933330000062597
2481,0.025645250000025044,25.645250000025044
2482,0.023009363999904053,23.009363999904053
2483,0.022726641999952335,22.726641999952335
2484,0.028809808999994857,28.809808999994857
2485,0.02753853700005493,27.53853700005493
2486,0.029276160999984313,29.276160999984313
2487,0.02272011000002294,22.72011000002294
2488,0.026945526999952563,26.945526999952563
2489,0.02539529599994239,25.39529599994239
2490,0.02362433799999053,23.62433799999053
2491,0.023021266999990075,23.021266999990075
2492,0.03518413899996631,35.18413899996631
2493,0.023108731999968768,23.108731999968768
2494,0.02293417300006695,22.93417300006695
2495,0.02281666999999743,22.81666999999743
2496,0.028258663999963574,28.258663999963574
2497,0.02295723999998245,22.95723999998245
2498,0.02255411600003754,22.55411600003754
2499,0.022874526999999034,22.874526999999034
2500,0.030447664000007535,30.447664000007535
2501,0.02683529500006898,26.83529500006898
2502,0.02261365599997589,22.61365599997589
2503,0.022684583999989627,22.684583999989627
2504,0.031141182999931516,31.141182999931516
2505,0.02948246299990842,29.48246299990842
2506,0.02275269400001889,22.75269400001889
2507,0.022519852000073115,22.519852000073115
2508,0.031859511999982715,31.859511999982715
2509,0.025246768999977576,25.246768999977576
2510,0.02273988100000679,22.73988100000679
2511,0.022436362000007648,22.436362000007648
2512,0.03192152500002976,31.92152500002976
2513,0.024294981000025473,24.294981000025473
2514,0.022253492999993796,22.253492999993796
2515,0.021954130000040095,21.954130000040095
2516,0.030191622999950596,30.191622999950596
2517,0.027821108000011918,27.821108000011918
2518,0.022260674999984076,22.260674999984076
2519,0.022038399999928515,22.038399999928515
2520,0.03076510400001098,30.76510400001098
2521,0.029304830999990372,29.304830999990372
2522,0.023878705000015543,23.878705000015543
2523,0.022662635999949998,22.662635999949998
2524,0.044301555000060944,44.301555000060944
2525,0.028074916000036865,28.074916000036865
2526,0.02303252000001521,23.03252000001521
2527,0.021560109000006378,21.560109000006378
2528,0.0334223470000552,33.4223470000552
2529,0.023366854000073545,23.366854000073545
2530,0.02315814999997201,23.15814999997201
2531,0.021583923999969556,21.583923999969556
2532,0.03323332299999038,33.23332299999038
2533,0.024759626999980355,24.759626999980355
2534,0.02270273699991776,22.70273699991776
2535,0.02343804999998156,23.43804999998156
2536,0.04090206900002613,40.90206900002613
2537,0.02346491099990544,23.46491099990544
2538,0.02760699600003136,27.60699600003136
2539,0.02570638899999267,25.70638899999267
2540,0.03171588700001848,31.715887000018483
2541,0.023447132000001147,23.447132000001147
2542,0.024465478000024632,24.465478000024632
2543,0.02335499700006949,23.35499700006949
2544,0.03355479300000752,33.55479300000752
2545,0.02414652900006331,24.14652900006331
2546,0.023700274000020727,23.700274000020727
2547,0.022958291999998437,22.958291999998437
2548,0.02662487999998575,26.62487999998575
2549,0.03149748999999247,31.497489999992467
2550,0.022237340000060613,22.237340000060613
2551,0.022841728999992483,22.841728999992483
2552,0.02700793100007104,27.00793100007104
2553,0.03057932100000471,30.57932100000471
2554,0.022894819000043753,22.894819000043753
2555,0.02328619599995818,23.28619599995818
2556,0.02965969599995333,29.65969599995333
2557,0.02853056200001447,28.53056200001447
2558,0.023811115999933463,23.811115999933463
2559,0.023030251000022872,23.030251000022872
2560,0.028394078000019363,28.394078000019363
2561,0.027969260999952894,27.969260999952894
2562,0.02253641400000106,22.53641400000106
2563,0.022713068000030034,22.713068000030034
2564,0.02888358600000629,28.88358600000629
2565,0.029458236000095894,29.458236000095894
2566,0.02231358199992428,22.31358199992428
2567,0.022578988000077516,22.578988000077516
2568,0.0287566599999991,28.7566599999991
2569,0.028754150000054324,28.754150000054324
2570,0.02330936400005612,23.30936400005612
2571,0.02282108499991864,22.82108499991864
2572,0.028903420999995433,28.903420999995433
2573,0.030017199999974764,30.017199999974764
2574,0.024387117000060243,24.387117000060243
2575,0.02231142200002978,22.31142200002978
2576,0.035484848999999485,35.484848999999485
2577,0.02345786799992311,23.45786799992311
2578,0.023203534000003856,23.203534000003856
2579,0.021662536999997428,21.662536999997428
2580,0.029111337000017556,29.111337000017556
2581,0.027794446000029893,27.794446000029893
2582,0.023384179000004224,23.384179000004224
2583,0.022781369999961498,22.7813699999615
2584,0.02895501900002273,28.95501900002273
2585,0.028009526999994705,28.009526999994705
2586,0.024368871999968178,24.368871999968178
2587,0.023843456999998125,23.843456999998125
2588,0.035738453000021764,35.738453000021764
2589,0.023191526999994494,23.191526999994494
2590,0.023650132000057056,23.650132000057056
2591,0.025946234999992157,25.946234999992157
2592,0.027805420000049708,27.805420000049708
2593,0.02883900500000891,28.83900500000891
2594,0.02245424600005208,22.45424600005208
2595,0.022605682999937926,22.605682999937926
2596,0.025634292999939134,25.634292999939134
2597,0.029865110999935496,29.865110999935496
2598,0.022792847000005168,22.792847000005168
2599,0.023154444000056174,23.154444000056174
2600,0.02643155199996272,26.43155199996272
2601,0.03032443899996906,30.32443899996906
2602,0.022183629999972254,22.183629999972254
2603,0.021819662999973843,21.819662999973843
2604,0.025865209000016876,25.865209000016876
2605,0.030659875999958786,30.659875999958786
2606,0.023630502999935743,23.630502999935743
2607,0.022234421000007387,22.234421000007387
2608,0.02695673200003057,26.95673200003057
2609,0.0305131769999889,30.5131769999889
2610,0.024107855000011114,24.107855000011114
2611,0.022869218999971963,22.869218999971963
2612,0.05466528899989953,54.66528899989953
2613,0.024382005000006757,24.382005000006757
2614,0.025712679999969623,25.712679999969623
2615,0.023188446999938606,23.188446999938606
2616,0.02886901800002306,28.86901800002306
2617,0.025513340000088647,25.513340000088647
2618,0.023516782999990937,23.516782999990937
2619,0.022486153000045306,22.486153000045306
2620,0.03284431500003393,32.84431500003393
2621,0.022918707000030736,22.918707000030736
2622,0.023867376999987755,23.867376999987755
2623,0.023193200000036995,23.193200000036995
2624,0.02819007200002943,28.19007200002943
2625,0.026800001999959022,26.800001999959022
2626,0.02264740200007509,22.64740200007509
2627,0.022436833000028855,22.436833000028855
2628,0.031696864000082314,31.696864000082314
2629,0.02472820499997397,24.72820499997397
2630,0.023822057000074892,23.822057000074892
2631,0.02232041799993567,22.32041799993567
2632,0.0320819550000806,32.0819550000806
2633,0.023674497000001793,23.674497000001793
2634,0.022742842999946333,22.742842999946333
2635,0.023177679000013995,23.177679000013995
2636,0.030627891999984058,30.627891999984058
2637,0.024276767999936055,24.276767999936055
2638,0.02412161200004448,24.12161200004448
2639,0.02317149199996038,23.17149199996038
2640,0.02662070600001698,26.62070600001698
2641,0.026213182999981655,26.213182999981655
2642,0.022465219999958208,22.465219999958208
2643,0.022618765000061103,22.618765000061103
2644,0.03127584900005331,31.275849000053313
2645,0.027610051999999996,27.610051999999996
2646,0.022342485999956807,22.342485999956807
2647,0.022586235000062516,22.586235000062516
2648,0.032767304000003605,32.767304000003605
2649,0.02756731099998433,27.56731099998433
2650,0.022909099000003152,22.909099000003152
2651,0.023362702999975227,23.362702999975227
2652,0.03150411500007522,31.504115000075217
2653,0.04582467700004145,45.82467700004145
2654,0.02317171300001064,23.17171300001064
2655,0.022665475999929185,22.665475999929185
2656,0.029776656000080948,29.776656000080948
2657,0.023449993000099312,23.44999300009931
2658,0.02309315799993783,23.09315799993783
2659,0.02387820899991766,23.87820899991766
2660,0.029760324999983823,29.760324999983823
2661,0.023272237000014684,23.272237000014684
2662,0.02284105199998976,22.84105199998976
2663,0.022481857000002492,22.481857000002492
2664,0.032001438999941456,32.001438999941456
2665,0.023666322000053697,23.666322000053697
2666,0.023653207999927872,23.653207999927872
2667,0.02217868599996109,22.17868599996109
2668,0.02995176199999605,29.95176199999605
2669,0.02622938600006819,26.22938600006819
2670,0.02357549700002437,23.57549700002437
2671,0.022351643999968474,22.351643999968474
2672,0.03112602800001696,31.12602800001696
2673,0.0240267929999618,24.0267929999618
2674,0.023218845999963378,23.218845999963378
2675,0.023163802999988548,23.163802999988548
2676,0.02964788300005239,29.64788300005239
2677,0.028224910999938402,28.224910999938402
2678,0.02374200299993845,23.74200299993845
2679,0.02330891300005078,23.30891300005078
2680,0.02974958799995875,29.74958799995875
2681,0.03882991900002253,38.82991900002253
2682,0.11925965500006441,119.25965500006441
2683,0.022142213000051925,22.142213000051925
2684,0.029677758000048016,29.677758000048016
2685,0.02919046099998468,29.19046099998468
2686,0.023319945999901392,23.319945999901392
2687,0.022705504999976256,22.705504999976256
2688,0.02802952499996536,28.02952499996536
2689,0.028021469000009347,28.021469000009347
2690,0.02353364199996122,23.53364199996122
2691,0.02277344600008746,22.77344600008746
2692,0.02790905400001975,27.90905400001975
2693,0.028173944000059237,28.173944000059237
2694,0.023847086000046147,23.847086000046147
2695,0.02323089899994102,23.23089899994102
2696,0.029712561999986065,29.712561999986065
2697,0.027762553999991724,27.762553999991724
2698,0.022315667999919242,22.315667999919242
2699,0.022893870999951105,22.893870999951105
2700,0.029746555000087938,29.746555000087938
2701,0.02704519999997501,27.04519999997501
2702,0.023138142999982847,23.138142999982847
2703,0.023498354000025756,23.498354000025756
2704,0.03434559499999068,34.34559499999068
2705,0.024665247000029922,24.66524700002992
2706,0.02284997700007807,22.84997700007807
2707,0.02397800799997185,23.97800799997185
2708,0.029061376999948152,29.061376999948152
2709,0.026573030000008657,26.573030000008657
2710,0.02288489699992624,22.88489699992624
2711,0.02322965500002283,23.22965500002283
2712,0.02898862500001087,28.98862500001087
2713,0.027710563000027832,27.710563000027832
2714,0.02216340699999364,22.16340699999364
2715,0.02315025899997636,23.15025899997636
2716,0.02475869900001726,24.75869900001726
2717,0.03128220299993245,31.28220299993245
2718,0.023768012999994426,23.768012999994426
2719,0.023327877000042463,23.327877000042463
2720,0.02851184700000431,28.51184700000431
2721,0.028636643000027107,28.636643000027107
2722,0.023792008999976133,23.792008999976133
2723,0.0229856529999779,22.9856529999779
2724,0.030426476000002367,30.426476000002367
2725,0.028813334000005852,28.813334000005852
2726,0.022788533000039024,22.788533000039024
2727,0.02224635400000352,22.24635400000352
2728,0.029108145000009245,29.108145000009245
2729,0.027118173999951978,27.118173999951978
2730,0.023115502999985438,23.115502999985438
2731,0.022846251999908418,22.846251999908418
2732,0.03073940899992067,30.73940899992067
2733,0.027664190999985294,27.664190999985294
2734,0.02280072000007749,22.80072000007749
2735,0.02322627899991403,23.22627899991403
2736,0.03124704300000758,31.24704300000758
2737,0.02444407999996656,24.44407999996656
2738,0.022770313999899372,22.770313999899372
2739,0.024301411000010376,24.301411000010376
2740,0.032325520999961554,32.325520999961554
2741,0.024771792000024107,24.771792000024107
2742,0.022669651999990492,22.669651999990492
2743,0.022213767000039297,22.213767000039297
2744,0.02688088100001096,26.88088100001096
2745,0.023052115999917078,23.052115999917078
2746,0.021948376000068492,21.948376000068492
2747,0.02275015399993663,22.75015399993663
2748,0.03172023500007981,31.72023500007981
2749,0.026747741000008318,26.74774100000832
2750,0.023580797000022358,23.580797000022358
2751,0.02237819600009061,22.37819600009061
2752,0.039588780000030965,39.588780000030965
2753,0.024024020000069868,24.024020000069868
2754,0.02326051499994719,23.26051499994719
2755,0.02228730199999518,22.28730199999518
2756,0.028321035999965716,28.321035999965716
2757,0.027831716000036977,27.831716000036977
2758,0.023342602000070656,23.342602000070656
2759,0.022661739000000125,22.661739000000125
2760,0.030965470999944955,30.965470999944955
2761,0.027712548999943465,27.712548999943465
2762,0.023658365999949638,23.658365999949638
2763,0.02311354999994819,23.11354999994819
2764,0.033508213000004616,33.508213000004616
2765,0.02809796600001846,28.09796600001846
2766,0.022806429999945976,22.806429999945976
2767,0.023350237999920864,23.350237999920864
2768,0.03263591200004612,32.63591200004612
2769,0.024171498999976393,24.171498999976393
2770,0.02176742500000728,21.76742500000728
2771,0.022235244999933457,22.235244999933457
2772,0.030901066999945215,30.901066999945215
2773,0.028952300000014475,28.952300000014475
2774,0.023562899000012294,23.562899000012294
2775,0.022972013999947194,22.972013999947194
2776,0.028699096999957874,28.699096999957874
2777,0.02770981900005154,27.70981900005154
2778,0.02202353400002721,22.02353400002721
2779,0.021866005999982008,21.866005999982008
2780,0.030688719000067977,30.688719000067977
2781,0.02849538800001028,28.49538800001028
2782,0.022328731000015978,22.328731000015978
2783,0.02184537100004036,21.84537100004036
2784,0.05418688599991128,54.18688599991128
2785,0.026201376000017262,26.201376000017262
2786,0.023946701999989273,23.946701999989273
2787,0.025228733000062675,25.228733000062675
2788,0.03261311299991121,32.61311299991121
2789,0.02817480600003819,28.17480600003819
2790,0.02301944500004538,23.01944500004538
2791,0.024218773000029614,24.218773000029614
2792,0.044291057999998884,44.291057999998884
2793,0.026462132000006022,26.462132000006022
2794,0.023157325000056517,23.157325000056517
2795,0.02425045699999373,24.25045699999373
2796,0.037336663000019144,37.33666300001914
2797,0.022576960000037616,22.576960000037616
2798,0.022691628999950808,22.691628999950808
2799,0.02177053499997328,21.77053499997328
2800,0.03076170099996034,30.76170099996034
2801,0.028207905000044775,28.207905000044775
2802,0.02182000599998446,21.82000599998446
2803,0.02189267699998254,21.89267699998254
2804,0.03263202900006945,32.63202900006945
2805,0.028794835999974566,28.794835999974566
2806,0.02262591800001701,22.62591800001701
2807,0.022922808999965127,22.922808999965127
2808,0.0344885140000315,34.4885140000315
2809,0.023459688000002643,23.459688000002643
2810,0.021954079000011006,21.954079000011006
2811,0.021822203999931844,21.822203999931844
2812,0.03097273599996697,30.97273599996697
2813,0.027799822000019958,27.799822000019958
2814,0.021957561000021997,21.957561000021997
2815,0.0218585320000102,21.8585320000102
2816,0.0323600899999974,32.3600899999974
2817,0.03048390100002507,30.48390100002507
2818,0.022747803000015665,22.747803000015665
2819,0.02348116600001049,23.48116600001049
2820,0.02802302600002804,28.02302600002804
2821,0.03142482700002347,31.42482700002347
2822,0.023400342999934765,23.400342999934765
2823,0.021879542999954538,21.879542999954538
2824,0.029509595999911653,29.509595999911653
2825,0.02796451199992589,27.96451199992589
2826,0.022771508999994694,22.771508999994694
2827,0.02210618499998418,22.10618499998418
2828,0.028833567999981824,28.833567999981824
2829,0.02842371600002025,28.42371600002025
2830,0.02208199599999716,22.08199599999716
2831,0.02197041200008698,21.97041200008698
2832,0.029574591000027795,29.574591000027795
2833,0.028963468000029025,28.963468000029025
2834,0.023454312000012578,23.454312000012578
2835,0.023180485000011686,23.180485000011686
2836,0.035676362999993216,35.676362999993216
2837,0.02301880999993955,23.01880999993955
2838,0.02185764700004711,21.85764700004711
2839,0.0217228139999861,21.7228139999861
2840,0.034665832000086994,34.66583200008699
2841,0.024322672999915085,24.322672999915085
2842,0.022597791999942274,22.597791999942274
2843,0.022387202000004436,22.387202000004436
2844,0.0377365289999716,37.7365289999716
2845,0.02361922499994762,23.61922499994762
2846,0.02277600800005075,22.77600800005075
2847,0.022158888000035404,22.158888000035404
2848,0.02912702599996919,29.12702599996919
2849,0.027850587999978416,27.850587999978416
2850,0.02282245900005364,22.82245900005364
2851,0.021822268000050826,21.822268000050826
2852,0.02896961300007206,28.96961300007206
2853,0.023255478999999468,23.255478999999468
2854,0.023405905999993593,23.405905999993593
2855,0.02201390100003664,22.01390100003664
2856,0.031469338999954743,31.469338999954743
2857,0.024654034999912255,24.654034999912255
2858,0.02361289800001032,23.61289800001032
2859,0.022437589999981356,22.437589999981356
2860,0.03145655200000874,31.45655200000874
2861,0.023852944000054777,23.852944000054777
2862,0.023856445999967946,23.856445999967946
2863,0.022226174000024912,22.226174000024912
2864,0.031567908999932115,31.567908999932115
2865,0.024329459999989922,24.329459999989922
2866,0.024055951000036657,24.055951000036657
2867,0.022363971999993737,22.363971999993737
2868,0.03089923999993971,30.89923999993971
2869,0.024017741000079695,24.017741000079695
2870,0.023767797000004975,23.767797000004975
2871,0.023791949000042223,23.791949000042223
2872,0.02946134199999051,29.46134199999051
2873,0.031782845999941856,31.782845999941856
2874,0.023961902999985796,23.961902999985796
2875,0.02179796300004,21.79796300004
2876,0.028604598000015358,28.604598000015358
2877,0.028128354999921612,28.128354999921612
2878,0.022656851999954597,22.656851999954597
2879,0.021689107999918633,21.689107999918633
2880,0.028297091999888835,28.297091999888835
2881,0.028557570000089072,28.557570000089072
2882,0.02304536700000881,23.04536700000881
2883,0.02736253700004454,27.36253700004454
2884,0.02923108200002389,29.23108200002389
2885,0.027263330000096175,27.263330000096175
2886,0.023082696999949803,23.082696999949803
2887,0.022307156000010764,22.307156000010764
2888,0.029918779000013274,29.918779000013274
2889,0.02819583899997724,28.19583899997724
2890,0.023801780999974653,23.801780999974653
2891,0.023320235000028333,23.320235000028333
2892,0.029116045000023405,29.116045000023405
2893,0.026818784999932177,26.818784999932177
2894,0.023218414999973902,23.218414999973902
2895,0.02252493899993624,22.52493899993624
2896,0.030621811999935744,30.621811999935744
2897,0.02724682800010214,27.24682800010214
2898,0.02238374599994586,22.38374599994586
2899,0.022671793000085927,22.671793000085927
2900,0.029357623999999305,29.357623999999305
2901,0.02829971900007422,28.29971900007422
2902,0.022658906000060597,22.658906000060597
2903,0.023315667000019857,23.315667000019857
2904,0.029953916000067693,29.953916000067693
2905,0.027801239000041278,27.801239000041278
2906,0.022155294999947728,22.155294999947728
2907,0.0218860060000452,21.8860060000452
2908,0.029569663999950535,29.569663999950535
2909,0.02812692700001662,28.12692700001662
2910,0.023020082000016373,23.020082000016373
2911,0.021612303999972937,21.612303999972937
2912,0.028368963999923835,28.368963999923835
2913,0.028417630999911125,28.417630999911125
2914,0.023099310000020523,23.099310000020523
2915,0.022340826999993624,22.340826999993624
2916,0.029741860000058296,29.741860000058296
2917,0.02861980099999073,28.61980099999073
2918,0.023556809000069734,23.556809000069734
2919,0.023890257999937603,23.890257999937603
2920,0.033432478000008814,33.432478000008814
2921,0.03231380400006856,32.31380400006856
2922,0.023114897000027668,23.114897000027668
2923,0.02287656699991203,22.87656699991203
2924,0.02572111599999971,25.72111599999971
2925,0.03229098599990721,32.29098599990721
2926,0.023077002000036373,23.077002000036373
2927,0.022350071999994725,22.350071999994725
2928,0.029592272000058983,29.592272000058983
2929,0.028720386000031795,28.720386000031795
2930,0.023948925000013332,23.948925000013332
2931,0.02166648599995824,21.66648599995824
2932,0.02838914400001613,28.38914400001613
2933,0.030189049000000523,30.189049000000523
2934,0.023047700999995868,23.047700999995868
2935,0.022977330999992773,22.977330999992773
2936,0.027653049000036845,27.653049000036845
2937,0.028158243999996557,28.158243999996557
2938,0.02316703500002859,23.16703500002859
2939,0.022658881999973346,22.658881999973346
2940,0.028181166999956986,28.181166999956986
2941,0.028457250999963435,28.457250999963435
2942,0.02370318100008717,23.70318100008717
2943,0.022982318999993367,22.982318999993367
2944,0.030313863999936075,30.313863999936075
2945,0.027590290000034656,27.590290000034656
2946,0.027768192000053205,27.768192000053205
2947,0.024001533999921776,24.001533999921776
2948,0.04646578899996712,46.46578899996712
2949,0.024645360000022265,24.645360000022265
2950,0.022912937000000966,22.912937000000966
2951,0.022834599000020717,22.834599000020717
2952,0.03086169100004099,30.86169100004099
2953,0.028719641999941814,28.719641999941814
2954,0.023023723999926915,23.023723999926915
2955,0.022304291999944326,22.304291999944326
2956,0.02942456999994647,29.42456999994647
2957,0.027943613000047662,27.943613000047662
2958,0.023219992999997885,23.219992999997885
2959,0.022489718000088033,22.489718000088033
2960,0.029599120999932893,29.599120999932893
2961,0.027148568000029627,27.148568000029627
2962,0.023266930999966462,23.266930999966462
2963,0.02232930600007421,22.32930600007421
2964,0.030351594999956433,30.351594999956433
2965,0.027387276000013117,27.387276000013117
2966,0.02282964300002277,22.82964300002277
2967,0.02323351300003651,23.23351300003651
2968,0.02986962299996776,29.86962299996776
2969,0.027337883999962287,27.337883999962287
2970,0.022392043999957423,22.392043999957423
2971,0.022659105000002455,22.659105000002455
2972,0.03034807100004855,30.34807100004855
2973,0.028122137999957886,28.122137999957886
2974,0.022224422999897797,22.224422999897797
2975,0.021876239999983227,21.876239999983227
2976,0.029055932999995093,29.055932999995093
2977,0.02984069800004363,29.84069800004363
2978,0.022395529000050374,22.395529000050374
2979,0.021870128000045952,21.870128000045952
2980,0.03336862800006202,33.36862800006202
2981,0.027629282000020794,27.629282000020794
2982,0.023333334999961153,23.333334999961153
2983,0.022835783000004994,22.835783000004994
2984,0.03411304700000528,34.11304700000528
2985,0.023881733999928656,23.881733999928656
2986,0.028594422999958624,28.594422999958624
2987,0.025696301999914795,25.696301999914795
2988,0.038424512999995386,38.424512999995386
2989,0.02489252200007286,24.89252200007286
2990,0.023255561999917518,23.255561999917518
2991,0.022775333000026876,22.775333000026876
2992,0.031141255000079582,31.141255000079582
2993,0.023323979999986477,23.323979999986477
2994,0.02397597300000598,23.97597300000598
2995,0.022843845000011243,22.843845000011243
2996,0.03260657199996331,32.60657199996331
2997,0.023074726000004375,23.074726000004375
2998,0.023905495999997584,23.905495999997584
2999,0.02350849399999788,23.50849399999788
3000,0.029097815000000082,29.097815000000082
3001,0.022882745000060822,22.882745000060822
3002,0.02277984700003799,22.77984700003799
3003,0.02272005099996477,22.72005099996477
3004,0.03131961400004002,31.31961400004002
3005,0.024478213000065807,24.478213000065807
3006,0.02286612500006413,22.86612500006413
3007,0.02265230000000429,22.65230000000429
3008,0.02930210099998476,29.30210099998476
3009,0.02799313200000597,27.99313200000597
3010,0.022406388000035804,22.406388000035804
3011,0.02308573499999511,23.08573499999511
3012,0.03025954700001421,30.25954700001421
3013,0.0281845690000182,28.1845690000182
3014,0.02268331200002649,22.68331200002649
3015,0.02459243399994193,24.59243399994193
3016,0.03128756599994631,31.28756599994631
3017,0.025392008000039823,25.392008000039823
3018,0.023554267999998046,23.554267999998046
3019,0.022908062000055907,22.908062000055907
3020,0.03245755000000372,32.45755000000372
3021,0.02377767199993741,23.77767199993741
3022,0.022758307000003697,22.758307000003697
3023,0.02205955499994161,22.05955499994161
3024,0.031747984000048746,31.747984000048746
3025,0.02353541500008305,23.53541500008305
3026,0.022726290999912635,22.726290999912635
3027,0.022591185000010228,22.591185000010228
3028,0.03247355600001356,32.47355600001356
3029,0.02400697299992771,24.00697299992771
3030,0.022673174000033214,22.673174000033214
3031,0.022476449999999204,22.476449999999204
3032,0.02681929300001684,26.81929300001684
3033,0.026990763000071638,26.990763000071638
3034,0.022685755999987123,22.685755999987123
3035,0.021922768999957043,21.922768999957043
3036,0.029771834999905877,29.771834999905877
3037,0.02847866399997656,28.47866399997656
3038,0.022031005999906483,22.031005999906483
3039,0.022307393000005504,22.307393000005504
3040,0.0306878849999066,30.6878849999066
3041,0.02954396799998449,29.54396799998449
3042,0.026950074999945173,26.950074999945173
3043,0.022586003000014898,22.586003000014898
3044,0.036320152999905986,36.320152999905986
3045,0.024869954999985566,24.869954999985566
3046,0.02389808099997026,23.89808099997026
3047,0.022285173000000214,22.285173000000214
3048,0.03461394099997506,34.61394099997506
3049,0.028514223999991373,28.514223999991373
3050,0.023209586999996645,23.209586999996645
3051,0.022444957999937287,22.444957999937287
3052,0.03008183499991901,30.08183499991901
3053,0.028464474999964295,28.464474999964295
3054,0.02338701899998341,23.38701899998341
3055,0.021727488000010453,21.727488000010453
3056,0.028850493000049937,28.850493000049937
3057,0.027532439999959024,27.532439999959024
3058,0.02305312999999387,23.05312999999387
3059,0.02348079900002631,23.48079900002631
3060,0.0226034659999641,22.6034659999641
3061,0.03142053400006262,31.420534000062617
3062,0.023238743999968392,23.238743999968392
3063,0.023142974000052163,23.142974000052163
3064,0.02792407499998717,27.92407499998717
3065,0.028079101000002993,28.079101000002993
3066,0.023911680999958662,23.911680999958662
3067,0.023145735999946737,23.145735999946737
3068,0.029526579000048514,29.526579000048514
3069,0.027570169000000533,27.570169000000533
3070,0.02239127699999699,22.39127699999699
3071,0.022701302999962536,22.701302999962536
3072,0.029024791999972877,29.024791999972877
3073,0.027637468999955672,27.637468999955672
3074,0.022480416999997033,22.480416999997033
3075,0.02241708999997627,22.41708999997627
3076,0.02880559700008689,28.80559700008689
3077,0.029529588000059448,29.529588000059448
3078,0.023010203000012552,23.010203000012552
3079,0.024023246000069776,24.023246000069776
3080,0.030200288999935765,30.200288999935765
3081,0.030556813000089278,30.556813000089278
3082,0.022394186000042282,22.394186000042282
3083,0.022020623999992495,22.020623999992495
3084,0.029582887999936247,29.582887999936247
3085,0.028596042000003763,28.596042000003763
3086,0.02230171500002598,22.30171500002598
3087,0.022697596999933012,22.697596999933012
3088,0.029738412000028802,29.738412000028802
3089,0.028524576999984674,28.524576999984674
3090,0.02224819999992178,22.24819999992178
3091,0.022206290999974954,22.206290999974954
3092,0.0297095899999249,29.7095899999249
3093,0.028405986000052508,28.405986000052508
3094,0.02301005399999667,23.01005399999667
3095,0.02272863400003189,22.72863400003189
3096,0.030564534999939497,30.564534999939497
3097,0.02872673899992151,28.72673899992151
3098,0.024025896000011926,24.025896000011926
3099,0.022111455999947793,22.111455999947793
3100,0.031151488000091376,31.151488000091376
3101,0.024844242999961352,24.844242999961352
3102,0.02304976000004899,23.04976000004899
3103,0.023328342000013436,23.328342000013436
3104,0.03183493300002738,31.834933000027377
3105,0.023696702000052028,23.696702000052028
3106,0.02380769900003088,23.80769900003088
3107,0.022463793000042642,22.463793000042642
3108,0.03161759800002528,31.617598000025282
3109,0.02407842700006313,24.07842700006313
3110,0.023785237999959463,23.785237999959463
3111,0.022296609000022727,22.296609000022727
3112,0.031216513999993367,31.216513999993367
3113,0.02423755200004507,24.23755200004507
3114,0.02344798899991929,23.44798899991929
3115,0.02239554400000543,22.39554400000543
3116,0.030858481999985088,30.858481999985088
3117,0.02417519599998741,24.17519599998741
3118,0.024304008000058275,24.304008000058275
3119,0.02264858799992453,22.64858799992453
3120,0.02822779999996783,28.22779999996783
3121,0.027469715999927757,27.469715999927757
3122,0.02537053699995795,25.37053699995795
3123,0.024748096999928748,24.748096999928748
3124,0.027761324999914905,27.761324999914905
3125,0.03387089199998172,33.87089199998172
3126,0.025031733999981043,25.031733999981043
3127,0.030144231000008403,30.144231000008403
3128,0.04550601599999027,45.50601599999027
3129,0.02367081300008067,23.67081300008067
3130,0.022540706999961913,22.540706999961913
3131,0.022470865000059348,22.470865000059348
3132,0.02690233599992098,26.90233599992098
3133,0.02670753600000353,26.70753600000353
3134,0.024499334999973144,24.499334999973144
3135,0.024754490999953305,24.754490999953305
3136,0.03092852600002516,30.92852600002516
3137,0.027339363999999478,27.339363999999478
3138,0.02380326200000127,23.80326200000127
3139,0.023179180000056476,23.179180000056476
3140,0.03192837699998563,31.92837699998563
3141,0.02352421900002355,23.52421900002355
3142,0.023660723000034523,23.660723000034523
3143,0.023214665000068635,23.214665000068635
3144,0.03154141400000299,31.541414000002987
3145,0.024171455999976388,24.171455999976388
3146,0.022779936999995698,22.779936999995698
3147,0.024752564999971582,24.752564999971582
3148,0.027429820000065774,27.429820000065774
3149,0.026938889000007293,26.938889000007293
3150,0.022032717000001867,22.032717000001867
3151,0.02202014599993163,22.02014599993163
3152,0.029541367000092578,29.541367000092578
3153,0.028208585000015773,28.208585000015773
3154,0.022221992000027058,22.221992000027058
3155,0.023216219000005367,23.216219000005367
3156,0.029487464999988333,29.487464999988333
3157,0.03148391900003844,31.48391900003844
3158,0.02283473500006039,22.83473500006039
3159,0.022845759999995607,22.845759999995607
3160,0.031881605999956264,31.881605999956264
3161,0.023853321999922628,23.853321999922628
3162,0.022727175999989413,22.727175999989413
3163,0.023026989000072717,23.026989000072717
3164,0.03190433900010703,31.90433900010703
3165,0.02470171400000254,24.70171400000254
3166,0.022582674999966912,22.582674999966912
3167,0.02233224600001904,22.33224600001904
3168,0.0333496619999778,33.3496619999778
3169,0.023690393000038057,23.690393000038057
3170,0.02346966799996153,23.46966799996153
3171,0.022286205000000336,22.286205000000336
3172,0.026983994000033817,26.983994000033817
3173,0.027453070999968077,27.453070999968077
3174,0.023224951999964105,23.224951999964105
3175,0.02247331099999883,22.47331099999883
3176,0.02953819200001817,29.53819200001817
3177,0.027590462000034677,27.590462000034677
3178,0.023372940000058406,23.372940000058406
3179,0.02274515400006294,22.74515400006294
3180,0.03069274300003144,30.69274300003144
3181,0.029093981000073654,29.093981000073654
3182,0.023671823999961816,23.671823999961816
3183,0.022862053999915588,22.862053999915588
3184,0.026681690999907914,26.681690999907914
3185,0.027411106000045038,27.411106000045038
3186,0.023524636999923132,23.524636999923132
3187,0.02219875699995555,22.19875699995555
3188,0.031169481999995696,31.169481999995696
3189,0.027179199999977754,27.179199999977754
3190,0.023067212000000836,23.067212000000836
3191,0.022358394999969278,22.358394999969278
3192,0.027399238000043624,27.399238000043624
3193,0.027246704999924987,27.246704999924987
3194,0.02327545800005737,23.27545800005737
3195,0.022859109000023636,22.859109000023636
3196,0.030561314000010498,30.561314000010498
3197,0.028894619000084276,28.894619000084276
3198,0.02373852200003057,23.73852200003057
3199,0.023371147000034398,23.371147000034398
3200,0.029838132000008954,29.838132000008954
3201,0.02689019800004644,26.89019800004644
3202,0.024092245999895567,24.092245999895567
3203,0.023010935000002064,23.010935000002064
3204,0.028986304999989443,28.986304999989443
3205,0.027145354999902338,27.145354999902338
3206,0.022969690999957493,22.969690999957493
3207,0.022907554999960666,22.907554999960666
3208,0.028997584999956416,28.997584999956416
3209,0.02750657499996123,27.50657499996123
3210,0.025482929000077092,25.482929000077092
3211,0.025540493999983482,25.540493999983482
3212,0.02720440200005214,27.20440200005214
3213,0.02517478899994785,25.17478899994785
3214,0.02543532899994716,25.43532899994716
3215,0.023793855999997504,23.793855999997504
3216,0.027256609000005483,27.256609000005483
3217,0.02579869300006976,25.79869300006976
3218,0.023169677999931082,23.169677999931082
3219,0.022756511000011415,22.756511000011415
3220,0.02891012200007026,28.91012200007026
3221,0.027212224999971113,27.212224999971113
3222,0.023313401999985217,23.313401999985217
3223,0.0228851480000003,22.8851480000003
3224,0.029555471999969996,29.555471999969996
3225,0.02735352000001967,27.35352000001967
3226,0.02318503799995142,23.18503799995142
3227,0.022836824000023626,22.836824000023626
3228,0.02926168700003018,29.26168700003018
3229,0.02770300400004544,27.70300400004544
3230,0.02343238499997824,23.43238499997824
3231,0.023251592000065102,23.251592000065102
3232,0.029439894999995886,29.439894999995886
3233,0.027964787999962937,27.964787999962937
3234,0.02344621100007771,23.44621100007771
3235,0.022502884000004997,22.502884000004997
3236,0.029181805000007444,29.181805000007444
3237,0.027286804000027587,27.286804000027587
3238,0.023504468000055567,23.504468000055567
3239,0.02299748199993701,22.99748199993701
3240,0.028441645000043536,28.441645000043536
3241,0.027588165999986813,27.588165999986813
3242,0.023464421999960905,23.464421999960905
3243,0.023574312000050668,23.574312000050668
3244,0.022649723000085942,22.64972300008594
3245,0.030413286999987577,30.413286999987577
3246,0.025343960999975934,25.343960999975934
3247,0.023352865999981987,23.352865999981987
3248,0.031311291999941204,31.311291999941204
3249,0.028095125000049848,28.095125000049848
3250,0.024329833000024337,24.329833000024337
3251,0.02243087400006516,22.43087400006516
3252,0.028956397000001743,28.956397000001743
3253,0.027705162999950517,27.705162999950517
3254,0.023417920000042614,23.417920000042614
3255,0.02253675600002225,22.53675600002225
3256,0.030777478999993946,30.777478999993946
3257,0.027019934000009016,27.019934000009016
3258,0.022988415999975587,22.988415999975587
3259,0.02467458199998873,24.67458199998873
3260,0.03575066899998092,35.75066899998092
3261,0.023325095999894074,23.325095999894074
3262,0.022897647999911896,22.897647999911896
3263,0.023565474999941216,23.565474999941216
3264,0.02906796199999917,29.06796199999917
3265,0.024147975999994742,24.147975999994742
3266,0.022619188000021495,22.619188000021495
3267,0.022834379000073568,22.834379000073568
3268,0.03163718700000118,31.637187000001177
3269,0.02346138300003986,23.46138300003986
3270,0.022516416000030404,22.516416000030404
3271,0.02269545299998299,22.69545299998299
3272,0.030345646999990095,30.345646999990095
3273,0.02691211600006227,26.91211600006227
3274,0.021979772999998204,21.979772999998204
3275,0.02192114899992248,21.92114899992248
3276,0.029755561000001762,29.755561000001762
3277,0.027479711000069074,27.479711000069074
3278,0.02326694300006693,23.26694300006693
3279,0.021652082000059636,21.652082000059636
3280,0.02911637400006839,29.11637400006839
3281,0.030184839999947144,30.184839999947144
3282,0.023548172999994677,23.548172999994677
3283,0.023618951000003108,23.618951000003108
3284,0.03205023699990761,32.05023699990761
3285,0.023253649999901427,23.253649999901427
3286,0.0235767560000113,23.5767560000113
3287,0.02307716600000731,23.07716600000731
3288,0.026434516999984226,26.434516999984226
3289,0.03284597900005792,32.84597900005792
3290,0.023494438000057016,23.494438000057016
3291,0.024974267000061445,24.974267000061445
3292,0.025875609999957305,25.875609999957305
3293,0.03442523100000017,34.42523100000017
3294,0.025909096999953363,25.909096999953363
3295,0.02329548300008355,23.29548300008355
3296,0.03250558499996714,32.50558499996714
3297,0.0243517049999582,24.3517049999582
3298,0.02342951900004664,23.42951900004664
3299,0.022657568999989053,22.657568999989053
3300,0.028530940999985432,28.530940999985432
3301,0.024551055999950222,24.551055999950222
3302,0.023479585000018233,23.479585000018233
3303,0.021904759000108243,21.904759000108243
3304,0.03064168800005973,30.64168800005973
3305,0.027517880999994304,27.517880999994304
3306,0.023233046000086688,23.233046000086688
3307,0.022941697999954158,22.941697999954158
3308,0.03133787200010829,31.33787200010829
3309,0.023169996999968134,23.169996999968134
3310,0.02364524300003268,23.64524300003268
3311,0.02342985499990391,23.42985499990391
3312,0.027907784000035463,27.907784000035463
3313,0.02638702900003409,26.38702900003409
3314,0.022601653000037913,22.601653000037913
3315,0.022879919000047266,22.879919000047266
3316,0.029370627000048444,29.370627000048444
3317,0.027945786000032058,27.945786000032058
3318,0.023246074999974553,23.246074999974553
3319,0.021847087999958603,21.847087999958603
3320,0.030168840000101227,30.168840000101227
3321,0.02867591699998684,28.67591699998684
3322,0.02331146999995326,23.31146999995326
3323,0.022417796000013368,22.417796000013368
3324,0.030691615000023376,30.691615000023376
3325,0.02926552399992488,29.26552399992488
3326,0.02688056800002414,26.88056800002414
3327,0.025681421999934173,25.681421999934173
3328,0.03623485000002802,36.23485000002802
3329,0.028674684999941746,28.674684999941746
3330,0.023558417999993253,23.558417999993253
3331,0.02158142999996926,21.58142999996926
3332,0.030470287999946777,30.470287999946777
3333,0.029004384000018035,29.004384000018035
3334,0.02388099899997087,23.88099899997087
3335,0.02312082100002044,23.12082100002044
3336,0.031030501999907756,31.030501999907756
3337,0.024497540000083973,24.497540000083973
3338,0.023837232000005315,23.837232000005315
3339,0.023361811000086163,23.361811000086163
3340,0.0314061330000186,31.4061330000186
3341,0.15914270199994007,159.14270199994007
3342,0.0273802510000678,27.3802510000678
3343,0.023026891000085925,23.026891000085925
3344,0.0304129369999373,30.4129369999373
3345,0.026854221999997208,26.854221999997208
3346,0.022571172999960254,22.571172999960254
3347,0.02295692000006966,22.95692000006966
3348,0.028222146999951292,28.222146999951292
3349,0.0297735729999431,29.7735729999431
3350,0.022308752000071763,22.308752000071763
3351,0.022349404999999933,22.349404999999933
3352,0.029076442000018687,29.076442000018687
3353,0.028377269999964483,28.377269999964483
3354,0.022437511000021004,22.437511000021004
3355,0.022778421999987586,22.778421999987586
3356,0.02957264600001963,29.57264600001963
3357,0.028657921999979408,28.657921999979408
3358,0.022591942999952153,22.591942999952153
3359,0.02274760000000242,22.74760000000242
3360,0.028719746999968265,28.719746999968265
3361,0.029813087999968957,29.813087999968957
3362,0.023104514000010568,23.104514000010568
3363,0.02327116300000398,23.27116300000398
3364,0.02992777200006458,29.92777200006458
3365,0.028912565000041468,28.912565000041468
3366,0.022063973000058468,22.063973000058468
3367,0.02201869999998962,22.01869999998962
3368,0.02910677800002759,29.10677800002759
3369,0.02867073800007347,28.67073800007347
3370,0.022176502000093024,22.176502000093024
3371,0.022164231000033396,22.164231000033396
3372,0.0290006180000546,29.0006180000546
3373,0.02934027399999195,29.34027399999195
3374,0.023992400999986785,23.992400999986785
3375,0.025431134000086786,25.431134000086786
3376,0.046962677000010444,46.962677000010444
3377,0.023954784000011387,23.954784000011387
3378,0.022501766000004864,22.501766000004864
3379,0.021797913000000335,21.797913000000335
3380,0.0407238340000049,40.7238340000049
3381,0.023327023999968333,23.327023999968333
3382,0.023082898000097885,23.082898000097885
3383,0.02238627200006249,22.38627200006249
3384,0.031246805000023414,31.246805000023414
3385,0.02332564599998932,23.32564599998932
3386,0.02376493899998877,23.76493899998877
3387,0.023530813999968814,23.530813999968814
3388,0.0333011699999588,33.3011699999588
3389,0.023342950000028395,23.342950000028395
3390,0.023860506999994868,23.86050699999487
3391,0.02285654100001011,22.85654100001011
3392,0.027779079000083584,27.779079000083584
3393,0.023740843000041423,23.740843000041423
3394,0.02322792900008608,23.22792900008608
3395,0.022469806999993125,22.469806999993125
3396,0.0316084180000189,31.6084180000189
3397,0.02453091699999277,24.53091699999277
3398,0.022961810999959198,22.961810999959198
3399,0.02345126000000164,23.45126000000164
3400,0.03047556199999235,30.47556199999235
3401,0.025884856999937256,25.884856999937256
3402,0.022903283000005104,22.903283000005104
3403,0.022760436999988087,22.760436999988087
3404,0.02686928600007832,26.86928600007832
3405,0.027314903000046797,27.314903000046797
3406,0.02214384199999131,22.14384199999131
3407,0.021906762999947205,21.906762999947205
3408,0.03250923899997815,32.50923899997815
3409,0.028577898999969875,28.577898999969875
3410,0.02402640299999348,24.02640299999348
3411,0.022916655000017272,22.916655000017272
3412,0.03162360200008152,31.62360200008152
3413,0.024025481999956355,24.025481999956355
3414,0.02371637599992482,23.71637599992482
3415,0.023028369999906317,23.028369999906317
3416,0.03147045699995488,31.470456999954877
3417,0.022599193000019113,22.599193000019113
3418,0.022870665000027657,22.870665000027657
3419,0.022767090999991524,22.767090999991524
3420,0.029884201999948345,29.884201999948345
3421,0.0273621409999123,27.3621409999123
3422,0.023810840999999527,23.810840999999527
3423,0.02331728500007557,23.31728500007557
3424,0.03136639600006674,31.366396000066743
3425,0.023019500999907905,23.019500999907905
3426,0.02387538699997549,23.87538699997549
3427,0.023133121000000756,23.133121000000756
3428,0.03189219800003684,31.892198000036842
3429,0.02252590299997337,22.52590299997337
3430,0.02229483700000401,22.29483700000401
3431,0.022746067999946717,22.746067999946717
3432,0.035655762000033064,35.655762000033064
3433,0.0229742689999739,22.9742689999739
3434,0.02307426300001225,23.07426300001225
3435,0.023301016999994317,23.301016999994317
3436,0.027654378999955043,27.654378999955043
3437,0.02823842199995852,28.23842199995852
3438,0.022757125999987693,22.757125999987693
3439,0.02215422699998726,22.15422699998726
3440,0.03074260999994749,30.74260999994749
3441,0.029303807000019333,29.303807000019333
3442,0.022500832999980958,22.500832999980958
3443,0.022154978999992636,22.154978999992636
3444,0.03834934700000758,38.34934700000758
3445,0.023771076000002722,23.771076000002722
3446,0.023334253000030003,23.334253000030003
3447,0.02228186000002097,22.28186000002097
3448,0.036629887999993116,36.629887999993116
3449,0.023576270000035038,23.576270000035038
3450,0.02313661999994565,23.13661999994565
3451,0.021608453999988342,21.608453999988342
3452,0.028222975000062434,28.222975000062434
3453,0.029930408000041098,29.930408000041098
3454,0.022622952999995505,22.622952999995505
3455,0.021874254000067594,21.874254000067594
3456,0.02674790399998983,26.74790399998983
3457,0.03957831399998213,39.57831399998213
3458,0.02760311500003354,27.60311500003354
3459,0.024763172000007216,24.763172000007216
3460,0.034953221000023404,34.953221000023404
3461,0.02677115199992386,26.77115199992386
3462,0.023704720999944584,23.704720999944584
3463,0.024645700000064608,24.645700000064608
3464,0.028002239999977974,28.002239999977974
3465,0.02391805199999908,23.91805199999908
3466,0.025691573000017343,25.691573000017343
3467,0.024444948999985172,24.444948999985172
3468,0.025964149000060388,25.964149000060388
3469,0.03540493399998468,35.40493399998468
3470,0.023100573999954577,23.100573999954577
3471,0.02221373100007895,22.21373100007895
3472,0.025700564999965536,25.700564999965536
3473,0.03149790399993435,31.49790399993435
3474,0.02393700799996168,23.93700799996168
3475,0.02298538299999109,22.98538299999109
3476,0.029470428000081483,29.470428000081483
3477,0.02813893300003656,28.13893300003656
3478,0.02223819099992852,22.23819099992852
3479,0.022566092999909415,22.566092999909415
3480,0.028451652999933685,28.451652999933685
3481,0.03004455899997538,30.04455899997538
3482,0.022099076000017703,22.099076000017703
3483,0.022526433999928486,22.526433999928486
3484,0.0251345520000541,25.1345520000541
3485,0.03174263100004282,31.74263100004282
3486,0.022693969999977526,22.693969999977526
3487,0.02236730999993597,22.36730999993597
3488,0.02947522699992078,29.47522699992078
3489,0.02843312799996056,28.43312799996056
3490,0.027652866000039467,27.652866000039467
3491,0.0229113509999479,22.9113509999479
3492,0.030537213999991764,30.537213999991764
3493,0.02935797099996762,29.35797099996762
3494,0.023039653000068938,23.039653000068938
3495,0.021563302000004114,21.563302000004114
3496,0.024923213999954896,24.923213999954896
3497,0.037788285000033284,37.788285000033284
3498,0.033120635000045695,33.120635000045695
3499,0.02220510099994044,22.20510099994044
3500,0.02976646100000835,29.76646100000835
3501,0.031273225999939314,31.273225999939314
3502,0.023597489999929167,23.597489999929167
3503,0.024062896000032197,24.062896000032197
3504,0.026931687000001148,26.931687000001148
3505,0.0242237219999879,24.2237219999879
3506,0.026503121000018837,26.503121000018837
3507,0.02286547099993186,22.86547099993186
3508,0.02812417600000572,28.12417600000572
3509,0.022934737000014138,22.934737000014138
3510,0.02355233799994494,23.55233799994494
3511,0.023901229999978568,23.90122999997857
3512,0.026814329999979236,26.814329999979236
3513,0.03312395299997206,33.12395299997206
3514,0.02547902800006341,25.47902800006341
3515,0.02753744699998606,27.53744699998606
3516,0.034383409000042775,34.383409000042775
3517,0.030475996000063788,30.475996000063788
3518,0.024428116999956728,24.42811699995673
3519,0.030529027000056885,30.529027000056885
3520,0.059560770000075536,59.560770000075536
3521,0.025174976000016613,25.174976000016613
3522,0.024631308999914836,24.631308999914836
3523,0.029094099000076312,29.094099000076312
3524,0.03100859500000297,31.00859500000297
3525,0.028297959000042283,28.297959000042283
3526,0.02368931099999827,23.68931099999827
3527,0.02276332199994613,22.76332199994613
3528,0.03168288799997754,31.682887999977538
3529,0.02302020399997673,23.02020399997673
3530,0.024694339999996373,24.694339999996373
3531,0.023103363000018362,23.103363000018362
3532,0.02901684699997986,29.01684699997986
3533,0.022122018999993998,22.122018999993998
3534,0.022237485999994533,22.237485999994533
3535,0.022479135000025963,22.479135000025963
3536,0.030045037999911983,30.045037999911983
3537,0.027961042000015368,27.961042000015368
3538,0.022821083000053477,22.821083000053477
3539,0.022945293000020683,22.945293000020683
3540,0.031245441999999457,31.245441999999457
3541,0.028901144000087697,28.901144000087697
3542,0.024401431999990564,24.401431999990564
3543,0.025153875999990305,25.153875999990305
3544,0.026966705999939222,26.966705999939222
3545,0.02976262200002111,29.76262200002111
3546,0.02280981800004156,22.80981800004156
3547,0.023698043999957008,23.698043999957008
3548,0.02757053100003759,27.57053100003759
3549,0.029380010999943806,29.380010999943806
3550,0.02196837899998627,21.96837899998627
3551,0.021873384999935297,21.873384999935297
3552,0.02635247500006699,26.35247500006699
3553,0.029998685000009573,29.998685000009573
3554,0.021922805999906814,21.922805999906814
3555,0.0221716319999814,22.1716319999814
3556,0.026024720000009438,26.024720000009438
3557,0.03081426599999304,30.81426599999304
3558,0.02264492499989501,22.64492499989501
3559,0.02175919800004067,21.75919800004067
3560,0.02563101700002335,25.63101700002335
3561,0.03397355399999924,33.97355399999924
3562,0.023397152000029564,23.397152000029564
3563,0.02203020500007824,22.03020500007824
3564,0.02720133499997246,27.20133499997246
3565,0.029910881999967387,29.910881999967387
3566,0.022715563000019756,22.715563000019756
3567,0.021650700999998662,21.650700999998662
3568,0.025311775000091075,25.311775000091075
3569,0.031851042999960555,31.851042999960555
3570,0.023818331000029502,23.818331000029502
3571,0.022257786999944074,22.257786999944074
3572,0.029032563999976446,29.032563999976446
3573,0.028638415000045825,28.638415000045825
3574,0.02370771699997931,23.70771699997931
3575,0.021688985999958277,21.688985999958277
3576,0.027995035000003554,27.995035000003554
3577,0.02959364599996661,29.59364599996661
3578,0.02355611300004057,23.55611300004057
3579,0.021714484999961314,21.714484999961314
3580,0.034500388999958886,34.500388999958886
3581,0.02902423400007592,29.02423400007592
3582,0.023949239999979,23.949239999979
3583,0.023235107999994398,23.235107999994398
3584,0.03153404599993337,31.53404599993337
3585,0.023249040999985482,23.249040999985482
3586,0.023638194999989537,23.638194999989537
3587,0.02328263699996569,23.28263699996569
3588,0.032715701000029185,32.715701000029185
3589,0.02353553099999317,23.53553099999317
3590,0.025139976999980718,25.139976999980718
3591,0.026305256000000554,26.305256000000554
3592,0.026895953000007466,26.895953000007466
3593,0.02970202300002711,29.70202300002711
3594,0.02364075400009824,23.64075400009824
3595,0.022921827999994093,22.921827999994093
3596,0.029572614000016983,29.572614000016983
3597,0.027984632999960013,27.984632999960013
3598,0.022565639999925224,22.565639999925224
3599,0.02264087700007167,22.64087700007167
3600,0.028753173999916726,28.753173999916726
3601,0.030144438000093032,30.144438000093032
3602,0.022998846999939815,22.998846999939815
3603,0.021755985000027067,21.755985000027067
3604,0.030467490999967595,30.467490999967595
3605,0.028906441000003724,28.906441000003724
3606,0.022637418000044818,22.637418000044818
3607,0.02251929299995936,22.51929299995936
3608,0.029345434000106252,29.345434000106252
3609,0.028910156000051757,28.910156000051757
3610,0.021905665999952362,21.90566599995236
3611,0.021738188999961494,21.738188999961494
3612,0.02840290400001777,28.40290400001777
3613,0.02884566900002028,28.84566900002028
3614,0.022104390999970747,22.104390999970747
3615,0.022391351000010218,22.391351000010218
3616,0.028531158999953732,28.531158999953732
3617,0.03133195299994895,31.331952999948953
3618,0.025293645000033393,25.293645000033393
3619,0.02368558800003484,23.68558800003484
3620,0.11895430699996723,118.95430699996723
3621,0.035961827000051017,35.96182700005102
3622,0.02707928000006632,27.07928000006632
3623,0.021908669000026748,21.908669000026748
3624,0.03956189300004098,39.56189300004098
3625,0.024006338000049254,24.006338000049254
3626,0.022931766000056086,22.931766000056086
3627,0.02224133000004258,22.24133000004258
3628,0.03921432700008154,39.21432700008154
3629,0.023258343999941644,23.258343999941644
3630,0.02341846000001624,23.41846000001624
3631,0.02432959199995821,24.32959199995821
3632,0.033388897999998335,33.388897999998335
3633,0.028561832000036702,28.561832000036702
3634,0.022887263000029634,22.887263000029634
3635,0.022902697999938937,22.902697999938937
3636,0.02888898500009418,28.88898500009418
3637,0.027895548000060444,27.895548000060444
3638,0.02223972000001595,22.23972000001595
3639,0.022123765000060303,22.123765000060303
3640,0.02898442800005796,28.98442800005796
3641,0.02810098600002675,28.10098600002675
3642,0.021946888000002218,21.946888000002218
3643,0.02180950699994355,21.80950699994355
3644,0.028936668000028476,28.936668000028476
3645,0.02971315299998878,29.71315299998878
3646,0.022677233000081287,22.677233000081287
3647,0.02250243700007104,22.50243700007104
3648,0.030049229000042033,30.049229000042033
3649,0.02855583600000955,28.55583600000955
3650,0.02225308800007042,22.25308800007042
3651,0.021856966999962424,21.856966999962424
3652,0.036501133999991,36.501133999991
3653,0.03066562399999384,30.66562399999384
3654,0.021594310000068617,21.594310000068617
3655,0.020280419999949117,20.280419999949117
3656,0.029161507000026177,29.161507000026177
3657,0.02289153400010946,22.89153400010946
3658,0.022467153999969014,22.467153999969014
3659,0.022721058000001904,22.721058000001904
3660,0.03232272900004318,32.32272900004318
3661,0.034366228999942905,34.366228999942905
3662,0.02367294700002276,23.67294700002276
3663,0.022676914999919973,22.676914999919973
3664,0.033367432999966695,33.367432999966695
3665,0.03066034900007253,30.66034900007253
3666,0.023332777000064198,23.332777000064198
3667,0.022652341999901182,22.652341999901182
3668,0.03277475700008381,32.77475700008381
3669,0.022631325999896035,22.631325999896035
3670,0.02263687899994693,22.63687899994693
3671,0.022581903000059356,22.581903000059356
3672,0.03079777000004924,30.79777000004924
3673,0.026571448000026976,26.571448000026976
3674,0.023434837000081643,23.434837000081643
3675,0.022511494000013954,22.511494000013954
3676,0.03257576800001516,32.57576800001516
3677,0.024291167999990648,24.29116799999065
3678,0.023429634000081023,23.429634000081023
3679,0.022816113999965637,22.816113999965637
3680,0.03411812000001646,34.11812000001646
3681,0.02374736199999461,23.74736199999461
3682,0.02345553200007089,23.45553200007089
3683,0.02188637500000823,21.88637500000823
3684,0.027200373000027867,27.200373000027867
3685,0.027451872000028743,27.451872000028743
3686,0.02308238299997356,23.08238299997356
3687,0.023196450000000368,23.196450000000368
3688,0.03186360299991975,31.86360299991975
3689,0.02470124499996018,24.70124499996018
3690,0.023782946000096672,23.782946000096672
3691,0.022218924000071638,22.218924000071638
3692,0.031854803999976866,31.854803999976866
3693,0.024302210000087143,24.302210000087143
3694,0.023693922999996175,23.693922999996175
3695,0.023777303999963806,23.777303999963806
3696,0.038139219000072444,38.139219000072444
3697,0.02342627099994843,23.42627099994843
3698,0.025488274999929672,25.488274999929672
3699,0.02239281699996809,22.39281699996809
3700,0.034037246000025334,34.037246000025334
3701,0.027692820999959622,27.692820999959622
3702,0.02342128500004037,23.42128500004037
3703,0.02284424900005888,22.84424900005888
3704,0.02863986699992438,28.63986699992438
3705,0.028166692000013427,28.166692000013427
3706,0.025679945999968368,25.679945999968368
3707,0.02459066400001575,24.59066400001575
3708,0.043151525000098445,43.151525000098445
3709,0.023015276000023732,23.015276000023732
3710,0.0228391800000054,22.8391800000054
3711,0.023650720000091496,23.650720000091496
3712,0.03265648500007501,32.65648500007501
3713,0.028330965999998625,28.330965999998625
3714,0.022020507999968686,22.020507999968686
3715,0.021975948000090284,21.975948000090284
3716,0.03513754199991581,35.13754199991581
3717,0.025045885000054113,25.045885000054113
3718,0.023038573999997425,23.038573999997425
3719,0.022350695000000087,22.350695000000087
3720,0.03344589100004214,33.44589100004214
3721,0.02366717899997184,23.66717899997184
3722,0.02208438600007412,22.08438600007412
3723,0.02263735799999722,22.63735799999722
3724,0.03235726399998384,32.35726399998384
3725,0.025659796000013557,25.659796000013557
3726,0.02264766000007512,22.64766000007512
3727,0.022598070999947595,22.598070999947595
3728,0.029404582999973172,29.404582999973172
3729,0.02389447999996719,23.89447999996719
3730,0.022812199999975746,22.812199999975746
3731,0.023394539999912922,23.394539999912922
3732,0.03203597100002753,32.03597100002753
3733,0.02437242899998182,24.37242899998182
3734,0.022698893999972825,22.698893999972825
3735,0.022265830999913305,22.265830999913305
3736,0.03529308400004538,35.29308400004538
3737,0.02349752299994634,23.49752299994634
3738,0.0238529490000019,23.8529490000019
3739,0.02175613000008525,21.75613000008525
3740,0.026983747000031144,26.983747000031144
3741,0.02840239299996483,28.40239299996483
3742,0.02284394900004827,22.84394900004827
3743,0.02181191299996499,21.81191299996499
3744,0.03079936100004943,30.79936100004943
3745,0.028689775000088957,28.689775000088957
3746,0.023661597000000256,23.661597000000256
3747,0.0235260559999233,23.5260559999233
3748,0.031188987999939854,31.188987999939854
3749,0.023171050999962972,23.171050999962972
3750,0.02374861599992073,23.74861599992073
3751,0.023267418000045836,23.267418000045836
3752,0.02751231199999893,27.51231199999893
3753,0.026155616999972153,26.155616999972153
3754,0.022539533000099254,22.539533000099254
3755,0.02253420800002459,22.53420800002459
3756,0.03136044999996557,31.360449999965567
3757,0.027833124999915526,27.833124999915526
3758,0.02260954899998069,22.60954899998069
3759,0.0231862100000626,23.1862100000626
3760,0.029854703000069094,29.854703000069094
3761,0.028366430000005494,28.366430000005494
3762,0.02342128500004037,23.42128500004037
3763,0.022747360999915145,22.747360999915145
3764,0.02937975700001516,29.37975700001516
3765,0.02875889899996764,28.75889899996764
3766,0.023000480000064272,23.00048000006427
3767,0.021761878000006618,21.761878000006618
3768,0.029556964999983393,29.556964999983393
3769,0.02789227200003097,27.89227200003097
3770,0.022983062000093923,22.983062000093923
3771,0.022917272000086086,22.917272000086086
3772,0.03009022100002312,30.09022100002312
3773,0.02735617500002263,27.35617500002263
3774,0.022840385000108654,22.840385000108654
3775,0.022662232000016047,22.662232000016047
3776,0.02892980000001444,28.92980000001444
3777,0.02794996500006164,27.94996500006164
3778,0.023831977999975607,23.831977999975607
3779,0.023344871000062994,23.344871000062994
3780,0.02972875499995098,29.72875499995098
3781,0.02786772399997517,27.86772399997517
3782,0.023104461999992054,23.104461999992054
3783,0.02254112499997518,22.54112499997518
3784,0.029998584000054507,29.998584000054507
3785,0.027083129999937228,27.083129999937228
3786,0.022421445999952994,22.421445999952994
3787,0.023207158000104755,23.207158000104755
3788,0.025224385000001348,25.224385000001348
3789,0.03254256100001385,32.54256100001385
3790,0.02590867599997182,25.90867599997182
3791,0.025820605999911095,25.820605999911095
3792,0.062424190000001545,62.424190000001545
3793,0.024174922000042898,24.174922000042898
3794,0.027237915999990037,27.237915999990037
3795,0.022447879999958786,22.447879999958786
3796,0.027881143000058728,27.881143000058728
3797,0.023929634999944938,23.929634999944938
3798,0.024158111999895482,24.158111999895482
3799,0.024971343999936835,24.971343999936835
3800,0.04126258799999505,41.26258799999505
3801,0.024466588999985106,24.466588999985106
3802,0.022474869000006947,22.474869000006947
3803,0.022765097000046808,22.765097000046808
3804,0.0329185770000322,32.9185770000322
3805,0.028833330999987083,28.833330999987083
3806,0.021970427999917774,21.970427999917774
3807,0.022372175999976207,22.372175999976207
3808,0.030431021000026703,30.431021000026703
3809,0.027851252999994358,27.851252999994358
3810,0.02318463700009943,23.18463700009943
3811,0.02171854000005169,21.71854000005169
3812,0.031816939999998795,31.816939999998795
3813,0.026510554999958913,26.510554999958913
3814,0.02371897800003353,23.71897800003353
3815,0.023422294000056354,23.422294000056354
3816,0.03549814400003015,35.49814400003015
3817,0.02360678899992763,23.60678899992763
3818,0.023398384000074657,23.398384000074657
3819,0.02353783299997758,23.53783299997758
3820,0.023114831000043523,23.114831000043523
3821,0.03291328600005272,32.91328600005272
3822,0.0250174389999529,25.0174389999529
3823,0.022757436000006237,22.757436000006237
3824,0.026414664000071753,26.414664000071753
3825,0.03004460299996481,30.04460299996481
3826,0.023127509000005375,23.127509000005375
3827,0.02337272900001608,23.37272900001608
3828,0.029450682999936362,29.45068299993636
3829,0.030048032000081548,30.048032000081548
3830,0.023126420000039616,23.126420000039616
3831,0.02191570499996942,21.91570499996942
3832,0.028374752999980046,28.374752999980046
3833,0.028180120000001807,28.180120000001807
3834,0.02233677300000636,22.33677300000636
3835,0.02198120499997458,21.98120499997458
3836,0.027307062999966547,27.307062999966547
3837,0.030371930999990582,30.37193099999058
3838,0.02221769800007678,22.21769800007678
3839,0.0219659629999569,21.9659629999569
3840,0.027092557999935707,27.092557999935707
3841,0.030728591000070082,30.728591000070082
3842,0.023002177999956075,23.002177999956075
3843,0.02235116700001072,22.35116700001072
3844,0.029205803999957425,29.205803999957425
3845,0.02840302000004158,28.40302000004158
3846,0.023891028000093684,23.891028000093684
3847,0.021845810999934656,21.845810999934656
3848,0.027588521999973636,27.588521999973636
3849,0.028431817999944542,28.431817999944542
3850,0.023098103000052106,23.098103000052106
3851,0.022724942000081683,22.724942000081683
3852,0.028701415999989877,28.701415999989877
3853,0.02927760499994747,29.27760499994747
3854,0.023340192999967257,23.340192999967257
3855,0.023014180000018314,23.014180000018314
3856,0.029169145999958346,29.169145999958346
3857,0.027873435000060454,27.873435000060454
3858,0.02303119800001241,23.03119800001241
3859,0.023259254999970835,23.259254999970835
3860,0.02966395199996441,29.66395199996441
3861,0.027723804999936874,27.723804999936874
3862,0.022391344999959983,22.391344999959983
3863,0.02286475400001109,22.86475400001109
3864,0.029650303999915195,29.650303999915195
3865,0.026987210000015693,26.987210000015693
3866,0.0223453649999783,22.3453649999783
3867,0.022670242000003782,22.670242000003782
3868,0.029191038000021763,29.191038000021763
3869,0.02750032699998428,27.50032699998428
3870,0.02307750300008138,23.07750300008138
3871,0.022606012000096598,22.606012000096598
3872,0.027673821999997017,27.673821999997017
3873,0.02964932600002612,29.64932600002612
3874,0.02323133599998073,23.23133599998073
3875,0.024161418999938178,24.161418999938178
3876,0.045638748999977,45.638748999977
3877,0.024331898000014007,24.331898000014007
3878,0.02198560700003327,21.98560700003327
3879,0.02187221100007264,21.87221100007264
3880,0.027630744000020968,27.630744000020968
3881,0.029936837000036576,29.936837000036576
3882,0.02385708099996009,23.85708099996009
3883,0.02170701900001859,21.70701900001859
3884,0.026908573000014258,26.908573000014258
3885,0.030310998000004474,30.310998000004474
3886,0.02265284599991446,22.65284599991446
3887,0.021551341999952456,21.551341999952456
3888,0.024914138999974966,24.914138999974966
3889,0.031792940999935126,31.792940999935126
3890,0.0235502829999632,23.5502829999632
3891,0.022267652999971688,22.267652999971688
3892,0.029519362000087312,29.519362000087312
3893,0.028992161000019223,28.992161000019223
3894,0.024188867000020764,24.188867000020764
3895,0.023039255999947272,23.039255999947272
3896,0.03168534899998576,31.685348999985763
3897,0.023993670999971073,23.993670999971073
3898,0.0232706589999907,23.2706589999907
3899,0.023021544000016547,23.021544000016547
3900,0.033784736000029625,33.784736000029625
3901,0.023057031000007555,23.057031000007555
3902,0.022851252999998906,22.851252999998906
3903,0.023028889999977764,23.028889999977764
3904,0.031756988999973146,31.756988999973146
3905,0.023216171999933977,23.216171999933977
3906,0.023531671999990067,23.531671999990067
3907,0.023257757000010315,23.257757000010315
3908,0.028369741999995313,28.369741999995313
3909,0.02542576400003327,25.42576400003327
3910,0.023034243999973114,23.034243999973114
3911,0.023843560000045727,23.843560000045727
3912,0.03300739199994496,33.00739199994496
3913,0.023251818999938223,23.251818999938223
3914,0.023317421999990984,23.317421999990984
3915,0.023280922000026294,23.280922000026294
3916,0.02784301899998809,27.84301899998809
3917,0.024690469000006487,24.690469000006487
3918,0.02250012499996501,22.50012499996501
3919,0.023176212000066698,23.1762120000667
3920,0.025762863000068137,25.762863000068137
3921,0.03214876699996694,32.14876699996694
3922,0.0235416069999701,23.5416069999701
3923,0.025000920000024962,25.000920000024962
3924,0.029566112999987126,29.566112999987126
3925,0.030280423000021983,30.280423000021983
3926,0.023162219000028017,23.162219000028017
3927,0.023364868000044225,23.364868000044225
3928,0.030579751000004762,30.579751000004762
3929,0.029780436000010013,29.780436000010013
3930,0.022514120999971965,22.514120999971965
3931,0.023150422000071558,23.150422000071558
3932,0.03682039299997086,36.82039299997086
3933,0.025749267999913172,25.749267999913172
3934,0.022901447999970515,22.901447999970515
3935,0.022623653999971793,22.623653999971793
3936,0.0323566029999256,32.3566029999256
3937,0.02421537800000806,24.21537800000806
3938,0.02343661500003691,23.43661500003691
3939,0.02216407900004924,22.16407900004924
3940,0.03110513199999332,31.10513199999332
3941,0.023615621999965697,23.615621999965697
3942,0.023294648000046436,23.294648000046436
3943,0.02173940299996957,21.73940299996957
3944,0.03158207000001312,31.58207000001312
3945,0.024116521999985707,24.116521999985707
3946,0.023674276999940957,23.674276999940957
3947,0.02383603199996287,23.83603199996287
3948,0.02805258099999719,28.05258099999719
3949,0.025700350000079197,25.700350000079197
3950,0.02394726600005015,23.94726600005015
3951,0.022454906999996638,22.454906999996638
3952,0.03131393900002877,31.313939000028768
3953,0.16094142899999042,160.94142899999042
3954,0.023609772999975576,23.609772999975576
3955,0.0230434409999134,23.0434409999134
3956,0.03241390099992714,32.41390099992714
3957,0.02733413400005702,27.33413400005702
3958,0.023132067999995343,23.132067999995343
3959,0.023703879999970923,23.703879999970923
3960,0.03012374800005091,30.12374800005091
3961,0.028181769000070744,28.181769000070744
3962,0.022499783999933243,22.499783999933243
3963,0.022704309000005196,22.704309000005196
3964,0.029960906000042087,29.960906000042087
3965,0.028145963000042684,28.145963000042684
3966,0.022448895999900742,22.448895999900742
3967,0.022808719000067867,22.808719000067867
3968,0.029696532999992087,29.696532999992087
3969,0.028293455000039103,28.293455000039103
3970,0.02216538400000445,22.16538400000445
3971,0.02271532899999329,22.71532899999329
3972,0.029410756000061156,29.410756000061156
3973,0.029441249000001335,29.441249000001335
3974,0.023966100000052393,23.966100000052393
3975,0.02228800099999262,22.28800099999262
3976,0.029122824999944896,29.122824999944896
3977,0.029296543999976166,29.296543999976166
3978,0.02351415700002235,23.51415700002235
3979,0.02165609200005747,21.65609200005747
3980,0.029475101999992148,29.475101999992148
3981,0.028627647999996952,28.627647999996952
3982,0.02271486500001174,22.71486500001174
3983,0.0215720930000316,21.5720930000316
3984,0.029011153000055856,29.011153000055856
3985,0.029545237999968776,29.545237999968776
3986,0.027199256000017158,27.199256000017158
3987,0.02284178200000042,22.84178200000042
3988,0.03523605600003066,35.23605600003066
3989,0.023820297000042956,23.820297000042956
3990,0.024272888999917086,24.272888999917086
3991,0.022307205000061003,22.307205000061003
3992,0.026316876999999295,26.316876999999295
3993,0.03151019599999927,31.51019599999927
3994,0.023769525000034264,23.769525000034264
3995,0.02232405299992024,22.32405299992024
3996,0.028079815999944913,28.079815999944913
3997,0.03100399999993897,31.00399999993897
3998,0.02300146900006439,23.00146900006439
3999,0.02272204899998087,22.72204899998087
4000,0.029515448000097422,29.51544800009742
4001,0.02732178799999474,27.32178799999474
4002,0.023562192999975196,23.562192999975196
4003,0.022841319000008298,22.841319000008298
4004,0.029831700000045203,29.831700000045203
4005,0.028217142000016793,28.217142000016793
4006,0.02372402899993631,23.72402899993631
4007,0.02358619799997541,23.58619799997541
4008,0.03179156500004865,31.79156500004865
4009,0.028022108999948614,28.022108999948614
4010,0.022935956999958762,22.935956999958762
4011,0.024055156000031275,24.055156000031275
4012,0.03594802299994626,35.94802299994626
4013,0.022473006000041096,22.473006000041096
4014,0.022427712999956384,22.427712999956384
4015,0.022750253000026532,22.750253000026532
4016,0.03277029499997752,32.77029499997752
4017,0.024553363999984867,24.553363999984867
4018,0.023716777000004186,23.716777000004186
4019,0.022629143000017393,22.629143000017393
4020,0.028205009000089376,28.205009000089376
4021,0.024922497000034127,24.922497000034127
4022,0.022201962000053754,22.201962000053754
4023,0.022574862000055873,22.574862000055873
4024,0.03181274400003531,31.81274400003531
4025,0.025011958000050072,25.011958000050072
4026,0.022728356000015992,22.728356000015992
4027,0.022636461000047348,22.636461000047348
4028,0.032466413999941324,32.466413999941324
4029,0.023925917999918056,23.925917999918056
4030,0.023427062999985537,23.427062999985537
4031,0.02173227399998723,21.73227399998723
4032,0.02867693700000018,28.67693700000018
4033,0.027590092000082223,27.590092000082223
4034,0.023398197000005894,23.398197000005894
4035,0.022096215000033226,22.096215000033226
4036,0.029092445000060252,29.092445000060252
4037,0.02801064999994196,28.01064999994196
4038,0.02437417600003755,24.37417600003755
4039,0.024191804999986743,24.191804999986743
4040,0.04635318400005417,46.35318400005417
4041,0.023764269000025706,23.764269000025706
4042,0.022788012999967577,22.788012999967577
4043,0.02231950299994878,22.31950299994878
4044,0.04379498999992393,43.79498999992393
4045,0.02424568599997201,24.24568599997201
4046,0.023778343999993012,23.778343999993012
4047,0.02320824499997798,23.20824499997798
4048,0.03758482400007779,37.58482400007779
4049,0.02880685600007382,28.80685600007382
4050,0.023112671000035334,23.112671000035334
4051,0.022834099000078822,22.834099000078822
4052,0.03248459400003867,32.48459400003867
4053,0.02229334599996946,22.29334599996946
4054,0.022438689999944472,22.438689999944472
4055,0.025065403999974478,25.065403999974478
4056,0.03151705400000537,31.517054000005373
4057,0.02461386400000265,24.61386400000265
4058,0.023491653000064616,23.491653000064616
4059,0.022698091000052045,22.698091000052045
4060,0.027244192000011935,27.244192000011935
4061,0.02867783099998178,28.67783099998178
4062,0.023258253999983936,23.258253999983936
4063,0.021838043999991896,21.838043999991896
4064,0.029073916000015743,29.073916000015743
4065,0.02805441400005293,28.05441400005293
4066,0.023111129000085384,23.111129000085384
4067,0.023049560999993446,23.049560999993446
4068,0.028960251999933462,28.96025199993346
4069,0.027157256999998935,27.157256999998935
4070,0.023167336000028627,23.167336000028627
4071,0.02257967999992161,22.57967999992161
4072,0.030342717999928936,30.342717999928936
4073,0.028546638999955576,28.546638999955576
4074,0.023704150000071422,23.704150000071422
4075,0.02361427799996818,23.61427799996818
4076,0.031501105999950596,31.501105999950596
4077,0.024565339999981006,24.565339999981006
4078,0.023083011000039733,23.083011000039733
4079,0.022321068999985982,22.321068999985982
4080,0.027193292999982077,27.193292999982077
4081,0.027407579000055193,27.407579000055193
4082,0.023345747999997002,23.345747999997002
4083,0.021840284000063548,21.840284000063548
4084,0.02954561100000319,29.54561100000319
4085,0.027906264000080228,27.906264000080228
4086,0.023024821000035445,23.024821000035445
4087,0.021886946999984502,21.886946999984502
4088,0.03159561899997243,31.59561899997243
4089,0.03027283400001579,30.27283400001579
4090,0.023294665000094028,23.294665000094028
4091,0.02374152499999127,23.74152499999127
4092,0.027714271999911944,27.714271999911944
4093,0.02716036399999666,27.16036399999666
4094,0.02372550699999465,23.72550699999465
4095,0.02350162499999442,23.50162499999442
4096,0.030519826000045214,30.519826000045214
4097,0.024007938000067952,24.007938000067952
4098,0.023292946999958986,23.292946999958986
4099,0.02353867400006493,23.53867400006493
4100,0.02945552799997131,29.45552799997131
4101,0.027702999999974054,27.702999999974054
4102,0.023683772000026693,23.683772000026693
4103,0.022487052999963453,22.487052999963453
4104,0.030226641000012933,30.226641000012933
4105,0.026039612999966266,26.039612999966266
4106,0.02371756299999106,23.71756299999106
4107,0.02349682900000971,23.49682900000971
4108,0.030940729000008105,30.940729000008105
4109,0.03308116800008065,33.08116800008065
4110,0.02297932400006175,22.97932400006175
4111,0.023311143999990236,23.311143999990236
4112,0.03641873100002613,36.41873100002613
4113,0.025884029999929226,25.884029999929226
4114,0.02317933599999833,23.17933599999833
4115,0.023228341000049113,23.228341000049113
4116,0.025861020999968787,25.861020999968787
4117,0.02678428999990956,26.78428999990956
4118,0.023413195999978598,23.413195999978598
4119,0.022741476999954102,22.741476999954102
4120,0.027948691000005965,27.948691000005965
4121,0.029054502999997567,29.054502999997567
4122,0.030174105000014606,30.174105000014606
4123,0.026607023999986268,26.607023999986268
4124,0.0475818119999758,47.5818119999758
4125,0.02401300999997602,24.01300999997602
4126,0.0230066670000042,23.0066670000042
4127,0.022469171000011556,22.469171000011556
4128,0.040320431999930406,40.320431999930406
4129,0.02516905400000269,25.16905400000269
4130,0.02569528000003629,25.69528000003629
4131,0.022321282999996583,22.321282999996583
4132,0.035752958999978546,35.752958999978546
4133,0.02391642099996716,23.91642099996716
4134,0.023717523999948753,23.717523999948753
4135,0.022435883999946782,22.435883999946782
4136,0.03610246499999903,36.10246499999903
4137,0.024093139999990854,24.093139999990854
4138,0.023719704999962232,23.719704999962232
4139,0.022336131999963982,22.336131999963982
4140,0.026287045000003673,26.287045000003673
4141,0.031877554999937274,31.877554999937274
4142,0.0231255340000871,23.1255340000871
4143,0.0218394690000423,21.8394690000423
4144,0.0252705689999857,25.2705689999857
4145,0.03267748199994003,32.67748199994003
4146,0.02354937699999482,23.54937699999482
4147,0.023011210999925424,23.011210999925424
4148,0.02859722099992723,28.59722099992723
4149,0.0286159449999559,28.6159449999559
4150,0.023528800999997657,23.528800999997657
4151,0.022538669999903505,22.538669999903505
4152,0.02790974900005949,27.90974900005949
4153,0.029294043000049896,29.294043000049896
4154,0.028851852999991934,28.851852999991934
4155,0.023114458000009108,23.114458000009108
4156,0.026850265999996736,26.850265999996736
4157,0.028523017999987132,28.523017999987132
4158,0.02356948800002101,23.56948800002101
4159,0.023270779999961633,23.270779999961633
4160,0.035119550999979765,35.119550999979765
4161,0.023184851999985767,23.184851999985767
4162,0.023208797000052073,23.208797000052073
4163,0.023209442999927887,23.209442999927887
4164,0.03359195899997758,33.59195899997758
4165,0.0239508099999739,23.9508099999739
4166,0.022241033999989668,22.241033999989668
4167,0.02227805100005753,22.27805100005753
4168,0.02747580100003688,27.47580100003688
4169,0.026709185000072466,26.709185000072466
4170,0.023807336999993822,23.807336999993822
4171,0.02182106499992642,21.82106499992642
4172,0.029597741000088718,29.597741000088718
4173,0.02841756800000894,28.41756800000894
4174,0.023472210000022642,23.472210000022642
4175,0.02278673799992248,22.78673799992248
4176,0.03110571800004891,31.10571800004891
4177,0.026086340999995627,26.086340999995627
4178,0.024133144999950673,24.133144999950673
4179,0.02338931299993874,23.38931299993874
4180,0.030825642000081643,30.825642000081643
4181,0.023132348999979513,23.132348999979513
4182,0.023848929999985558,23.848929999985558
4183,0.02320316099996944,23.20316099996944
4184,0.02794975099993735,27.94975099993735
4185,0.026184006999983467,26.184006999983467
4186,0.022440372000005482,22.440372000005482
4187,0.025013475000037033,25.013475000037033
4188,0.031543184000042856,31.543184000042856
4189,0.025396367999974245,25.396367999974245
4190,0.02283506399999169,22.83506399999169
4191,0.0225028760000896,22.5028760000896
4192,0.03102030700006253,31.02030700006253
4193,0.025097180999978264,25.097180999978264
4194,0.023996622000026946,23.996622000026946
4195,0.022307962000013504,22.307962000013504
4196,0.03181066800004828,31.81066800004828
4197,0.024246274999995876,24.246274999995876
4198,0.02384306800001923,23.84306800001923
4199,0.022320253000088996,22.320253000088996
4200,0.024416483999971206,24.416483999971206
4201,0.03174079300003996,31.740793000039957
4202,0.023099836999904255,23.099836999904255
4203,0.022225993000006383,22.225993000006383
4204,0.030294960999981413,30.294960999981413
4205,0.028688720999980433,28.688720999980433
4206,0.023611917999915022,23.611917999915022
4207,0.02566511800000626,25.66511800000626
4208,0.03484474300000784,34.84474300000784
4209,0.031154533999938394,31.154533999938394
4210,0.02374390099998891,23.74390099998891
4211,0.023474401000044054,23.474401000044054
4212,0.03137131599999066,31.371315999990657
4213,0.023730155999942326,23.730155999942326
4214,0.023816183000008095,23.816183000008095
4215,0.02254505300004439,22.54505300004439
4216,0.031849084999976185,31.849084999976185
4217,0.022625982000022304,22.625982000022304
4218,0.02325070400002005,23.25070400002005
4219,0.023111716000016713,23.111716000016713
4220,0.030880388000014136,30.880388000014136
4221,0.03347240599998713,33.47240599998713
4222,0.023625805000051514,23.625805000051514
4223,0.02330798599996342,23.30798599996342
4224,0.031422675000044364,31.422675000044364
4225,0.027714102999993884,27.714102999993884
4226,0.02386354099996879,23.86354099996879
4227,0.023655125000004773,23.655125000004773
4228,0.028773483000009037,28.773483000009037
4229,0.028026432000046952,28.026432000046952
4230,0.02205383199998323,22.05383199998323
4231,0.021991254999988996,21.991254999988996
4232,0.029225016000054893,29.225016000054893
4233,0.028362459000049967,28.362459000049967
4234,0.022176211999976658,22.17621199997666
4235,0.0218960119999565,21.8960119999565
4236,0.02928072899999279,29.28072899999279
4237,0.0286406300000408,28.6406300000408
4238,0.02410032600005252,24.10032600005252
4239,0.022809556999959568,22.809556999959568
4240,0.023903238000002602,23.903238000002602
4241,0.03249854699993193,32.49854699993193
4242,0.023604435000038393,23.604435000038393
4243,0.023149410999963038,23.149410999963038
4244,0.029358440999999402,29.358440999999402
4245,0.02822397699992507,28.22397699992507
4246,0.022912312999892492,22.912312999892492
4247,0.022604022999985318,22.604022999985318
4248,0.02804835999995703,28.04835999995703
4249,0.028584118000026137,28.584118000026137
4250,0.023818648000087705,23.818648000087705
4251,0.022849932999974953,22.849932999974953
4252,0.030084127000009175,30.084127000009175
4253,0.0289777430000413,28.9777430000413
4254,0.025052168000001984,25.052168000001984
4255,0.025086001999966356,25.086001999966356
4256,0.0381036530000074,38.1036530000074
4257,0.022653870999988612,22.653870999988612
4258,0.022890755000048557,22.890755000048557
4259,0.0227529470000718,22.7529470000718
4260,0.02505473400003666,25.05473400003666
4261,0.03299076700000114,32.99076700000114
4262,0.023688991999961218,23.688991999961218
4263,0.02314748099990993,23.14748099990993
4264,0.029557916000044315,29.557916000044315
4265,0.028529707999950915,28.529707999950915
4266,0.022338133000062044,22.338133000062044
4267,0.022947423000005074,22.947423000005074
4268,0.028150502000016786,28.150502000016786
4269,0.030541911000000255,30.541911000000255
4270,0.022194226999999955,22.194226999999955
4271,0.02192176500000187,21.92176500000187
4272,0.026579457000025286,26.579457000025286
4273,0.03002031400001215,30.02031400001215
4274,0.022186998000051972,22.18699800005197
4275,0.02187964299992018,21.87964299992018
4276,0.026383397000017794,26.383397000017794
4277,0.03129307000006065,31.293070000060652
4278,0.023567428999967888,23.567428999967888
4279,0.022545562000004793,22.545562000004793
4280,0.028445277000059832,28.445277000059832
4281,0.03057638699999643,30.57638699999643
4282,0.022970457999917926,22.970457999917926
4283,0.021739397000033023,21.739397000033023
4284,0.02838873300004252,28.38873300004252
4285,0.028152725000040846,28.152725000040846
4286,0.02480555199997525,24.80555199997525
4287,0.022635679000018172,22.635679000018172
4288,0.035856684999998834,35.85668499999883
4289,0.025152838000053634,25.152838000053634
4290,0.02579088100003446,25.79088100003446
4291,0.027294017999906828,27.294017999906828
4292,0.03044914899999185,30.44914899999185
4293,0.028297168999984024,28.297168999984024
4294,0.022966580000002068,22.966580000002068
4295,0.02342881100003069,23.42881100003069
4296,0.029976783999927648,29.976783999927648
4297,0.029165031000047748,29.165031000047748
4298,0.02221804400005567,22.21804400005567
4299,0.022173664999968423,22.173664999968423
4300,0.02932625599999028,29.32625599999028
4301,0.027681811999968886,27.681811999968886
4302,0.02375617899997451,23.75617899997451
4303,0.021723343999951794,21.723343999951794
4304,0.028457275000050686,28.457275000050686
4305,0.028546397000013712,28.546397000013712
4306,0.02278918900003646,22.78918900003646
4307,0.02235805899999832,22.35805899999832
4308,0.028071597000007387,28.071597000007387
4309,0.02988076999997702,29.88076999997702
4310,0.023838785999942047,23.838785999942047
4311,0.022829482000020107,22.829482000020107
4312,0.02863638400003765,28.63638400003765
4313,0.028121019999957753,28.121019999957753
4314,0.023561178000022664,23.561178000022664
4315,0.02260755899999367,22.60755899999367
4316,0.029348317999961182,29.348317999961182
4317,0.027611753999963184,27.611753999963184
4318,0.022561370999937935,22.561370999937935
4319,0.023978144000011525,23.978144000011525
4320,0.03532400000005964,35.32400000005964
4321,0.028132025999980215,28.132025999980215
4322,0.02612210999996023,26.12210999996023
4323,0.023535184000024856,23.535184000024856
4324,0.02915152599996418,29.15152599996418
4325,0.02966518100004123,29.66518100004123
4326,0.024085151999997834,24.085151999997834
4327,0.02192041499995412,21.92041499995412
4328,0.02860822599996027,28.60822599996027
4329,0.029324298999995335,29.324298999995335
4330,0.022974126000008255,22.974126000008255
4331,0.023583570000027976,23.583570000027976
4332,0.029152846999977555,29.152846999977555
4333,0.027490433000025405,27.490433000025405
4334,0.02322865299993282,23.22865299993282
4335,0.022502690999999686,22.502690999999686
4336,0.02867930799993701,28.67930799993701
4337,0.028093714000078762,28.093714000078762
4338,0.02304869099998541,23.04869099998541
4339,0.024001431999977285,24.001431999977285
4340,0.03062395999995715,30.62395999995715
4341,0.02850099899990255,28.50099899990255
4342,0.022856920999970498,22.856920999970498
4343,0.02260694299991428,22.60694299991428
4344,0.03072276399996099,30.72276399996099
4345,0.027802230000020245,27.802230000020245
4346,0.022202476999950704,22.202476999950704
4347,0.022080227000060404,22.080227000060404
4348,0.03026282700000138,30.26282700000138
4349,0.028048804000036398,28.048804000036398
4350,0.02281698400008736,22.81698400008736
4351,0.021961576999956378,21.961576999956378
4352,0.03224557900000491,32.24557900000491
4353,0.02822318100004395,28.22318100004395
4354,0.023573042999942118,23.573042999942118
4355,0.02370555400000285,23.70555400000285
4356,0.030650481999941803,30.650481999941803
4357,0.02437529500002711,24.37529500002711
4358,0.02361741900006109,23.61741900006109
4359,0.022273019999943244,22.273019999943244
4360,0.030330400000025293,30.330400000025293
4361,0.024541126000031,24.541126000031
4362,0.024328328000024158,24.328328000024158
4363,0.02273624400004337,22.73624400004337
4364,0.027341325999941546,27.341325999941546
4365,0.027223069999990912,27.223069999990912
4366,0.022318418999930145,22.318418999930145
4367,0.02303601300002356,23.03601300002356
4368,0.02983369700007188,29.83369700007188
4369,0.026978517000088686,26.978517000088686
4370,0.02248489300006895,22.48489300006895
4371,0.022318241999983,22.318241999983
4372,0.029169659999979558,29.169659999979558
4373,0.02778489400009221,27.78489400009221
4374,0.02292731099998946,22.92731099998946
4375,0.023560206999945876,23.560206999945876
4376,0.028916157000026033,28.916157000026033
4377,0.02833687400004692,28.33687400004692
4378,0.025833659999989322,25.833659999989322
4379,0.022486183000069104,22.486183000069104
4380,0.03227612299997418,32.27612299997418
4381,0.023578208000003542,23.578208000003542
4382,0.023297145000015007,23.297145000015007
4383,0.023020185999939713,23.020185999939713
4384,0.02769334600009188,27.69334600009188
4385,0.028094059999943966,28.094059999943966
4386,0.022324034000007487,22.324034000007487
4387,0.022823622999908366,22.823622999908366
4388,0.029393564999963928,29.393564999963928
4389,0.02680211799997778,26.80211799997778
4390,0.02242452799998773,22.42452799998773
4391,0.022742974000038885,22.742974000038885
4392,0.028756090999991102,28.756090999991102
4393,0.0284090830000423,28.4090830000423
4394,0.02283589400008168,22.83589400008168
4395,0.02266596600009052,22.66596600009052
4396,0.0302620789999537,30.2620789999537
4397,0.028778850999970018,28.778850999970018
4398,0.022274753000033343,22.274753000033343
4399,0.02210502999992059,22.10502999992059
4400,0.03487317000008261,34.87317000008261
4401,0.02501289099996029,25.01289099996029
4402,0.02450794300000325,24.50794300000325
4403,0.022589547999928072,22.589547999928072
4404,0.029843025999980455,29.843025999980455
4405,0.023946729000044797,23.946729000044797
4406,0.023213225000063176,23.213225000063176
4407,0.02246709500002453,22.46709500002453
4408,0.03078988799995841,30.78988799995841
4409,0.025482474000000366,25.482474000000366
4410,0.023536051999940355,23.536051999940355
4411,0.02303176700002041,23.03176700002041
4412,0.0309048569999959,30.9048569999959
4413,0.028650475000063125,28.650475000063125
4414,0.02362360000006447,23.62360000006447
4415,0.022899410999912106,22.899410999912106
4416,0.03378461599993443,33.78461599993443
4417,0.022594705999949838,22.594705999949838
4418,0.027901229999997668,27.901229999997668
4419,0.02253009599996858,22.53009599996858
4420,0.03240846500000316,32.40846500000316
4421,0.02815054199993483,28.15054199993483
4422,0.025548875000026783,25.548875000026783
4423,0.023680454999976064,23.680454999976064
4424,0.036452195000038046,36.452195000038046
4425,0.022993129000042245,22.993129000042245
4426,0.0231762930000059,23.1762930000059
4427,0.02273422700000083,22.73422700000083
4428,0.0268833379999478,26.8833379999478
4429,0.027734195999983058,27.734195999983058
4430,0.023394201999963116,23.394201999963116
4431,0.022589207000009992,22.589207000009992
4432,0.02750896100008049,27.50896100008049
4433,0.027755087000059575,27.755087000059575
4434,0.02251812199995129,22.51812199995129
4435,0.022952829999894675,22.952829999894675
4436,0.03125630599993201,31.25630599993201
4437,0.02938441200001307,29.38441200001307
4438,0.022749286999896867,22.749286999896867
4439,0.02253666699994028,22.53666699994028
4440,0.0321573129999706,32.1573129999706
4441,0.025344470000050023,25.344470000050023
4442,0.023201266999990366,23.201266999990366
4443,0.022585410000033335,22.585410000033335
4444,0.030894006000039553,30.894006000039553
4445,0.02348612499997671,23.48612499997671
4446,0.022087650000003123,22.087650000003123
4447,0.022852828000054615,22.852828000054615
4448,0.031588458999976865,31.588458999976865
4449,0.024252060999970126,24.252060999970126
4450,0.02308559100004004,23.08559100004004
4451,0.023856036999973185,23.856036999973185
4452,0.03556739599991943,35.56739599991943
4453,0.02427037100005691,24.27037100005691
4454,0.023975510000013855,23.975510000013855
4455,0.02234085400004915,22.34085400004915
4456,0.026294950000078643,26.294950000078643
4457,0.030591376999950626,30.591376999950626
4458,0.025416276999976617,25.416276999976617
4459,0.024817162999966058,24.817162999966058
4460,0.028207561000044734,28.207561000044734
4461,0.03117204000000129,31.17204000000129
4462,0.027338108999970245,27.338108999970245
4463,0.024695944000086456,24.695944000086456
4464,0.024481516000037118,24.481516000037118
4465,0.03670568999996249,36.70568999996249
4466,0.023843159999955787,23.843159999955787
4467,0.023802497000019684,23.802497000019684
4468,0.029303236000032484,29.303236000032484
4469,0.028405294999970465,28.405294999970465
4470,0.025273450999975466,25.273450999975466
4471,0.025703075999899738,25.70307599989974
4472,0.04128836500001398,41.28836500001398
4473,0.02341892699996606,23.41892699996606
4474,0.02377452399991853,23.77452399991853
4475,0.022916538999993463,22.916538999993463
4476,0.028728118000003633,28.728118000003633
4477,0.02769997500001864,27.69997500001864
4478,0.022456729999930758,22.456729999930758
4479,0.02261034799994377,22.61034799994377
4480,0.028057185999955436,28.057185999955436
4481,0.030169045999969057,30.169045999969057
4482,0.022329033999994863,22.329033999994863
4483,0.02314731700005268,23.14731700005268
4484,0.029535499000076015,29.535499000076015
4485,0.02853439000000435,28.53439000000435
4486,0.024478259000034086,24.478259000034086
4487,0.022332713999958287,22.332713999958287
4488,0.030394022999985282,30.394022999985282
4489,0.02881401099989489,28.81401099989489
4490,0.026838262999945073,26.838262999945073
4491,0.02280350199998793,22.80350199998793
4492,0.034179195999968215,34.179195999968215
4493,0.022588015999986055,22.588015999986055
4494,0.02093963499999063,20.93963499999063
4495,0.02003067199996167,20.03067199996167
4496,0.033125876999974935,33.125876999974935
4497,0.027556899000046542,27.556899000046542
4498,0.022396484000068995,22.396484000068995
4499,0.02139454999996815,21.39454999996815
4500,0.035037875000057284,35.037875000057284
4501,0.02370400500001324,23.70400500001324
4502,0.022842050000008385,22.842050000008385
4503,0.021636094999962552,21.636094999962552
4504,0.03331455099998948,33.31455099998948
4505,0.02647929199997634,26.47929199997634
4506,0.021818733999907636,21.818733999907636
4507,0.02115950499990049,21.15950499990049
4508,0.0333606100000452,33.3606100000452
4509,0.026461606999987453,26.461606999987453
4510,0.02044274000002133,20.44274000002133
4511,0.020321088999935455,20.321088999935455
4512,0.028096800000071198,28.096800000071198
4513,0.030030110999973658,30.030110999973658
4514,0.020861796999952276,20.861796999952276
4515,0.020918046000019785,20.918046000019785
4516,0.030081728000027397,30.081728000027397
4517,0.024884884000016427,24.884884000016427
4518,0.022763916000030804,22.763916000030804
4519,0.025861005000024306,25.861005000024306
4520,0.043402716999935365,43.402716999935365
4521,0.023344328999996833,23.344328999996833
4522,0.022711248000064188,22.711248000064188
4523,0.023339348000035898,23.339348000035898
4524,0.022688334999998006,22.688334999998006
4525,0.03165094500002397,31.650945000023967
4526,0.02394586699995216,23.94586699995216
4527,0.023678359999962595,23.678359999962595
4528,0.031008779999979197,31.008779999979197
4529,0.028225540999983423,28.225540999983423
4530,0.022288013999968825,22.288013999968825
4531,0.022722662999967724,22.722662999967724
4532,0.02980624799999987,29.80624799999987
4533,0.02804498499995134,28.04498499995134
4534,0.022508476999973936,22.508476999973936
4535,0.021973054999989472,21.973054999989472
4536,0.030075650999947356,30.075650999947356
4537,0.02766310100003011,27.66310100003011
4538,0.02215400700004011,22.15400700004011
4539,0.02203048400008356,22.03048400008356
4540,0.029413610000005974,29.413610000005974
4541,0.028782635000084156,28.782635000084156
4542,0.022844208000037725,22.844208000037725
4543,0.02267231400003311,22.67231400003311
4544,0.031459110000014334,31.459110000014334
4545,0.030199454000012338,30.199454000012338
4546,0.025077306999946813,25.077306999946813
4547,0.023095506000004207,23.095506000004207
4548,0.027481085999966126,27.481085999966126
4549,0.023882382000010693,23.882382000010693
4550,0.025512133000006543,25.512133000006543
4551,0.02246819200001937,22.46819200001937
4552,0.030798289000017576,30.798289000017576
4553,0.023338484999953835,23.338484999953835
4554,0.023725205999994614,23.725205999994614
4555,0.022873957999991035,22.873957999991035
4556,0.028062773999977253,28.062773999977253
4557,0.02681099800008724,26.81099800008724
4558,0.022356210999987525,22.356210999987525
4559,0.022690503000035278,22.690503000035278
4560,0.030866805999949065,30.866805999949065
4561,0.027324016999955347,27.324016999955347
4562,0.022521046999941063,22.521046999941063
4563,0.02268498700004784,22.68498700004784
4564,0.029985126999918066,29.985126999918066
4565,0.03119754500005456,31.19754500005456
4566,0.022432290999972793,22.432290999972793
4567,0.022719101000006958,22.719101000006958
4568,0.034949380999933055,34.949380999933055
4569,0.024300467999978537,24.300467999978537
4570,0.022572026000034384,22.572026000034384
4571,0.022014513999920382,22.014513999920382
4572,0.027232588999936524,27.232588999936524
4573,0.027310403000001315,27.310403000001315
4574,0.02235483499998736,22.35483499998736
4575,0.022136322000051223,22.136322000051223
4576,0.03108780900004149,31.08780900004149
4577,0.028389698000069075,28.389698000069075
4578,0.022827464999977565,22.827464999977565
4579,0.022537415999977384,22.537415999977384
4580,0.032703677999961656,32.703677999961656
4581,0.024719829999980902,24.719829999980902
4582,0.023219893000032243,23.219893000032243
4583,0.02233632200000102,22.33632200000102
4584,0.02954711099994256,29.54711099994256
4585,0.02469564700004412,24.69564700004412
4586,0.023714355000038267,23.714355000038267
4587,0.021817212999962976,21.817212999962976
4588,0.03190372699998534,31.903726999985338
4589,0.02410132700003942,24.10132700003942
4590,0.02341657399995256,23.41657399995256
4591,0.022407612000051813,22.407612000051813
4592,0.03215396200005216,32.15396200005216
4593,0.02459003000001303,24.59003000001303
4594,0.025026969999998983,25.026969999998983
4595,0.022710173999939798,22.710173999939798
4596,0.027113009999993665,27.113009999993665
4597,0.024291071999982705,24.291071999982705
4598,0.023268182999913734,23.268182999913734
4599,0.022777195000003303,22.777195000003303
4600,0.03160564200004501,31.60564200004501
4601,0.024190136000015627,24.190136000015627
4602,0.02410955200002718,24.10955200002718
4603,0.022856671999988976,22.856671999988976
4604,0.044285694999985026,44.285694999985026
4605,0.02436374399997021,24.36374399997021
4606,0.02240760900008354,22.40760900008354
4607,0.021825110000008863,21.825110000008863
4608,0.03588921300001857,35.88921300001857
4609,0.025229050999996616,25.229050999996616
4610,0.022890634999953363,22.890634999953363
4611,0.022380799000075058,22.380799000075058
4612,0.03224855300004492,32.24855300004492
4613,0.023115571999937856,23.115571999937856
4614,0.02393773799997234,23.93773799997234
4615,0.023127164999891647,23.127164999891647
4616,0.030789068999979463,30.789068999979463
4617,0.02308217900008458,23.08217900008458
4618,0.023002388000008978,23.002388000008978
4619,0.022665883999934522,22.665883999934522
4620,0.0325697250000303,32.5697250000303
4621,0.025038060000042606,25.038060000042606
4622,0.02215522900007727,22.15522900007727
4623,0.021952923999947416,21.952923999947416
4624,0.028719305999970857,28.719305999970857
4625,0.024677137999901788,24.677137999901788
4626,0.034369528000070204,34.369528000070204
4627,0.1647671260000152,164.7671260000152
4628,0.04256800600001043,42.56800600001043
4629,0.021889969999961068,21.889969999961068
4630,0.02209151900001416,22.09151900001416
4631,0.02016302499998801,20.16302499998801
4632,0.042602290000104404,42.602290000104404
4633,0.02257233599993924,22.57233599993924
4634,0.021892908000040734,21.892908000040734
4635,0.021163374000025215,21.163374000025215
4636,0.04049637699995401,40.49637699995401
4637,0.022243521000063993,22.243521000063993
4638,0.021973861999981636,21.973861999981636
4639,0.021641724000005524,21.641724000005524
4640,0.03186176500003057,31.861765000030573
4641,0.02653944299993327,26.53944299993327
4642,0.020628484999974717,20.628484999974717
4643,0.021019752000029257,21.019752000029257
4644,0.03798062999999274,37.98062999999274
4645,0.021411950000015167,21.411950000015167
4646,0.020631535000006807,20.631535000006807
4647,0.021056291000036254,21.056291000036254
4648,0.04003937599998153,40.03937599998153
4649,0.02168448999998418,21.68448999998418
4650,0.02108153099993615,21.08153099993615
4651,0.022045439000066835,22.045439000066835
4652,0.03967606200001228,39.67606200001228
4653,0.021633215999941058,21.633215999941058
4654,0.021332062000055885,21.332062000055885
4655,0.021582617999911236,21.582617999911236
4656,0.05504646600002161,55.04646600002161
4657,0.0221431020000864,22.1431020000864
4658,0.020067586000095616,20.067586000095616
4659,0.02063312500001757,20.63312500001757
4660,0.03438714800006437,34.38714800006437
4661,0.022843630000011217,22.843630000011217
4662,0.020747034999999414,20.747034999999414
4663,0.020591632999980902,20.591632999980902
4664,0.04678526299994701,46.78526299994701
4665,0.02317230500000278,23.17230500000278
4666,0.020889209999950253,20.889209999950253
4667,0.020857215999967593,20.857215999967593
4668,0.02930342100000871,29.30342100000871
4669,0.022312985999974444,22.312985999974444
4670,0.020582295999929556,20.582295999929556
4671,0.021245507000003272,21.245507000003272
4672,0.03421595099996466,34.21595099996466
4673,0.027866416999927424,27.866416999927424
4674,0.02132765799990466,21.32765799990466
4675,0.020969045000015285,20.969045000015285
4676,0.03190413099991929,31.90413099991929
4677,0.02766640900006223,27.66640900006223
4678,0.023374110000077053,23.374110000077053
4679,0.02034196400006749,20.34196400006749
4680,0.031083939000041028,31.083939000041028
4681,0.026993281999921237,26.993281999921237
4682,0.02218016999995598,22.18016999995598
4683,0.021668790000035187,21.668790000035187
4684,0.030448320999994394,30.448320999994394
4685,0.028400414999964596,28.400414999964596
4686,0.022044859999937216,22.044859999937216
4687,0.021315975999982584,21.315975999982584
4688,0.02820227799998065,28.20227799998065
4689,0.02949009400003888,29.49009400003888
4690,0.022079373999986274,22.079373999986274
4691,0.021326032000047235,21.326032000047235
4692,0.03236818799996399,32.36818799996399
4693,0.02169048999996903,21.69048999996903
4694,0.02140933999999106,21.40933999999106
4695,0.0211779830000296,21.1779830000296
4696,0.03320879500006413,33.20879500006413
4697,0.025494585000046754,25.494585000046754
4698,0.02098349099992447,20.98349099992447
4699,0.021492696999985128,21.492696999985128
4700,0.031955367000023216,31.955367000023216
4701,0.02676008200000979,26.76008200000979
4702,0.02213898600007269,22.13898600007269
4703,0.022200695999913478,22.200695999913478
4704,0.032445248999920295,32.445248999920295
4705,0.02707235499997296,27.07235499997296
4706,0.021935795999979746,21.935795999979746
4707,0.021595683999976245,21.595683999976245
4708,0.030447175000062998,30.447175000062998
4709,0.027621135999993385,27.621135999993385
4710,0.025039380999942296,25.039380999942296
4711,0.03056859200000872,30.56859200000872
4712,0.04244789799997761,42.44789799997761
4713,0.02218170099990857,22.18170099990857
4714,0.02259840500005339,22.59840500005339
4715,0.02054888899999696,20.54888899999696
4716,0.03432015699991098,34.32015699991098
4717,0.028162704999999733,28.162704999999733
4718,0.022442162000061217,22.442162000061217
4719,0.02182990900007553,21.82990900007553
4720,0.032173041999953966,32.173041999953966
4721,0.02664509999999609,26.64509999999609
4722,0.022196171000018694,22.196171000018694
4723,0.02081566300000759,20.81566300000759
4724,0.03239380999991681,32.39380999991681
4725,0.026470244000051935,26.470244000051935
4726,0.021015255999941473,21.015255999941473
4727,0.021364215999938097,21.364215999938097
4728,0.030780119999917588,30.780119999917588
4729,0.028204727000002094,28.204727000002094
4730,0.02132376099996236,21.32376099996236
4731,0.020809162999967157,20.809162999967157
4732,0.027752613000075144,27.752613000075144
4733,0.029997550999951272,29.997550999951272
4734,0.021469290000027286,21.469290000027286
4735,0.02050129399992784,20.50129399992784
4736,0.02905809499998213,29.05809499998213
4737,0.02258302100005949,22.58302100005949
4738,0.021387052000022777,21.387052000022777
4739,0.02158584599999358,21.58584599999358
4740,0.03320940600008271,33.20940600008271
4741,0.027191399000003003,27.191399000003003
4742,0.022571908999907464,22.571908999907464
4743,0.021744375000025684,21.744375000025684
4744,0.033549596000057136,33.549596000057136
4745,0.02876774200001364,28.76774200001364
4746,0.02074150600003577,20.74150600003577
4747,0.02524862200004918,25.24862200004918
4748,0.03257215299993277,32.57215299993277
4749,0.026387978000002477,26.387978000002477
4750,0.02059725399999479,20.59725399999479
4751,0.020314549000090665,20.314549000090665
4752,0.03257706099998359,32.57706099998359
4753,0.02695276899999044,26.95276899999044
4754,0.021744528999988688,21.744528999988688
4755,0.02086211200003163,20.86211200003163
4756,0.031235129999913624,31.235129999913624
4757,0.027815493000048264,27.815493000048264
4758,0.021983125000019754,21.983125000019754
4759,0.021645508000005975,21.645508000005975
4760,0.026638939999998,26.638939999998
4761,0.03164683599993623,31.64683599993623
4762,0.02152980599998955,21.52980599998955
4763,0.020940215999985412,20.940215999985412
4764,0.027244297000038387,27.244297000038387
4765,0.0313150870000527,31.3150870000527
4766,0.021963776000006874,21.963776000006874
4767,0.021963562999985697,21.963562999985697
4768,0.03319997100004457,33.19997100004457
4769,0.02233525000008285,22.33525000008285
4770,0.02179281999997329,21.79281999997329
4771,0.021602909999955955,21.602909999955955
4772,0.03268332800007556,32.68332800007556
4773,0.021315723000043363,21.315723000043363
4774,0.021580018999998174,21.580018999998174
4775,0.02075562400000308,20.75562400000308
4776,0.03357747899997321,33.57747899997321
4777,0.027493082999967555,27.493082999967555
4778,0.022048380999990513,22.048380999990513
4779,0.021440461999986837,21.440461999986837
4780,0.03554056899997704,35.54056899997704
4781,0.02652955100006693,26.52955100006693
4782,0.02115593100006663,21.15593100006663
4783,0.02164955499995358,21.64955499995358
4784,0.032945846999950845,32.945846999950845
4785,0.02724018700007491,27.24018700007491
4786,0.020718282999951043,20.718282999951043
4787,0.02115649500001382,21.15649500001382
4788,0.033349546999943414,33.34954699994341
4789,0.027715570000054868,27.715570000054868
4790,0.020865998999965996,20.865998999965996
4791,0.02087012100002994,20.87012100002994
4792,0.03131998399999247,31.319983999992473
4793,0.040140178999990894,40.140178999990894
4794,0.024075741000046946,24.075741000046946
4795,0.025678162999952292,25.678162999952292
4796,0.04642741500003922,46.42741500003922
4797,0.023393330999965656,23.393330999965656
4798,0.022948316999986673,22.948316999986673
4799,0.02173603300002469,21.73603300002469
4800,0.026052927000023374,26.052927000023374
4801,0.03232115599996632,32.32115599996632
4802,0.024655059999986406,24.655059999986406
4803,0.026522042000010515,26.522042000010515
4804,0.031759872000066025,31.759872000066025
4805,0.02870253000003231,28.70253000003231
4806,0.023850455999991027,23.850455999991027
4807,0.023130046000005677,23.130046000005677
4808,0.03334626499997739,33.34626499997739
4809,0.02356295799995678,23.56295799995678
4810,0.022592482999925778,22.592482999925778
4811,0.02287089100002504,22.87089100002504
4812,0.03924044200005028,39.24044200005028
4813,0.022276842999986002,22.276842999986002
4814,0.0224605309999788,22.4605309999788
4815,0.023016722000079426,23.016722000079426
4816,0.027927334000082737,27.927334000082737
4817,0.02373867899996185,23.73867899996185
4818,0.022014121000097475,22.014121000097475
4819,0.02189764299998842,21.89764299998842
4820,0.033829615999934504,33.829615999934504
4821,0.024033431000020755,24.033431000020755
4822,0.023043903000029786,23.043903000029786
4823,0.022945639999988998,22.945639999988998
4824,0.028742943999986892,28.742943999986892
4825,0.027964451000002555,27.964451000002555
4826,0.022660203999976147,22.660203999976147
4827,0.025356590000001233,25.356590000001233
4828,0.04109636300006514,41.09636300006514
4829,0.024154688000066926,24.154688000066926
4830,0.024543665999999575,24.543665999999575
4831,0.02234111000007033,22.34111000007033
4832,0.02950731199996426,29.50731199996426
4833,0.028502446999937092,28.502446999937092
4834,0.023416767999947297,23.416767999947297
4835,0.022776668000005884,22.776668000005884
4836,0.0287383840000075,28.7383840000075
4837,0.027828350000049795,27.828350000049795
4838,0.02305656800001543,23.05656800001543
4839,0.022775713999976688,22.775713999976688
4840,0.027438660000029813,27.438660000029813
4841,0.028444293999996262,28.444293999996262
4842,0.023797989999934543,23.797989999934543
4843,0.02335963100006211,23.35963100006211
4844,0.03022414600002321,30.22414600002321
4845,0.0288650370000596,28.8650370000596
4846,0.023316881000027934,23.316881000027934
4847,0.023085619999960727,23.085619999960727
4848,0.029239325000048666,29.239325000048666
4849,0.027600243000051705,27.600243000051705
4850,0.023284366999973827,23.284366999973827
4851,0.022943066999914663,22.943066999914663
4852,0.029953919000035967,29.953919000035967
4853,0.027221674999964307,27.221674999964307
4854,0.023202674000003753,23.202674000003753
4855,0.023321194000004652,23.321194000004652
4856,0.031118010999989565,31.118010999989565
4857,0.028331013999945753,28.331013999945753
4858,0.02259866399992916,22.59866399992916
4859,0.022471170000017082,22.471170000017082
4860,0.03112150999993446,31.12150999993446
4861,0.02483774099994207,24.83774099994207
4862,0.022161318000030406,22.161318000030406
4863,0.022031451999964702,22.031451999964702
4864,0.030143545999976595,30.143545999976595
4865,0.028026786000054926,28.026786000054926
4866,0.023812093000060486,23.812093000060486
4867,0.021735887999966508,21.735887999966508
4868,0.02923310500000298,29.23310500000298
4869,0.02804042599996137,28.04042599996137
4870,0.023347920999981397,23.347920999981397
4871,0.02207221899993783,22.07221899993783
4872,0.029682536999985132,29.682536999985132
4873,0.028726884000093378,28.726884000093378
4874,0.023952766000093106,23.952766000093106
4875,0.023405381999964447,23.405381999964447
4876,0.03129613299995526,31.29613299995526
4877,0.02376241399997525,23.76241399997525
4878,0.025596429999950487,25.596429999950487
4879,0.022780728000043382,22.780728000043382
4880,0.027336512000033508,27.33651200003351
4881,0.029178840999975364,29.178840999975364
4882,0.025196681000011267,25.196681000011267
4883,0.02245358900006522,22.45358900006522
4884,0.028319725999949696,28.319725999949696
4885,0.023362740000038684,23.362740000038684
4886,0.024061268999957974,24.061268999957974
4887,0.023450846000059755,23.450846000059755
4888,0.03235784900005001,32.35784900005001
4889,0.023657944999968095,23.657944999968095
4890,0.022148319000052652,22.148319000052652
4891,0.022811132000015277,22.811132000015277
4892,0.030961014000013165,30.961014000013165
4893,0.023281379999957608,23.281379999957608
4894,0.02327088399999866,23.27088399999866
4895,0.021772440000063398,21.772440000063398
4896,0.030946151999955873,30.946151999955873
4897,0.025899411999944277,25.899411999944277
4898,0.0232540599999993,23.2540599999993
4899,0.022281376000023556,22.281376000023556
4900,0.031961966000039865,31.961966000039865
4901,0.024034242999960043,24.034242999960043
4902,0.023467625999956,23.467625999956
4903,0.023366552999959822,23.366552999959822
4904,0.02943232799998441,29.43232799998441
4905,0.023579944999937652,23.579944999937652
4906,0.02356367799995951,23.56367799995951
4907,0.022583442000041032,22.583442000041032
4908,0.024084034000111387,24.084034000111387
4909,0.03285528799995063,32.85528799995063
4910,0.023466027000040413,23.466027000040413
4911,0.023365504000025794,23.365504000025794
4912,0.03216996699995889,32.16996699995889
4913,0.02332654500003173,23.32654500003173
4914,0.02382273199998508,23.82273199998508
4915,0.023350835999963238,23.350835999963238
4916,0.03590311699997528,35.90311699997528
4917,0.025071676999914416,25.071676999914416
4918,0.024089237999987745,24.089237999987745
4919,0.02396256099996208,23.96256099996208
4920,0.034850426000048174,34.850426000048174
4921,0.027212519000045177,27.212519000045177
4922,0.023520948000054887,23.520948000054887
4923,0.02266154399990228,22.66154399990228
4924,0.027971353999987514,27.971353999987514
4925,0.027310289000070043,27.310289000070043
4926,0.022665924999955678,22.665924999955678
4927,0.023193815000013274,23.193815000013274
4928,0.027387883000073998,27.387883000073998
4929,0.028821947999972508,28.821947999972508
4930,0.02619467200008785,26.19467200008785
4931,0.02402742800006763,24.02742800006763
4932,0.0311152869999205,31.1152869999205
4933,0.02784400099994855,27.84400099994855
4934,0.023674967999909313,23.674967999909313
4935,0.02353077000009307,23.53077000009307
4936,0.031671743000060815,31.671743000060815
4937,0.022625253000001067,22.625253000001067
4938,0.023180796000019654,23.180796000019654
4939,0.02361933500003488,23.61933500003488
4940,0.031847146000018256,31.847146000018256
4941,0.023372661000053085,23.372661000053085
4942,0.022752555000010943,22.752555000010943
4943,0.022520689999964816,22.520689999964816
4944,0.03579142400008095,35.79142400008095
4945,0.023342001999935746,23.342001999935746
4946,0.022792991999949663,22.792991999949663
4947,0.021797582999965925,21.797582999965925
4948,0.03066048999994564,30.66048999994564
4949,0.024866481999993084,24.866481999993084
4950,0.023517265000009502,23.517265000009502
4951,0.02293024100004004,22.93024100004004
4952,0.030789055000013832,30.789055000013832
4953,0.02339740200000051,23.39740200000051
4954,0.02383784599999217,23.83784599999217
4955,0.022337207999953534,22.337207999953534
4956,0.029635043999974187,29.635043999974187
4957,0.027018671000064387,27.018671000064387
4958,0.02302216300006421,23.02216300006421
4959,0.02232668999999987,22.32668999999987
4960,0.029608546999952523,29.608546999952523
4961,0.02759240700004284,27.59240700004284
4962,0.024585126999909335,24.585126999909335
4963,0.02320401800000127,23.20401800000127
4964,0.03762533600001916,37.62533600001916
4965,0.024818250000066655,24.818250000066655
4966,0.0269447160000027,26.9447160000027
4967,0.02500799699998879,25.00799699998879
4968,0.03691754199996922,36.91754199996922
4969,0.023092541999972127,23.092541999972127
4970,0.02255950100004611,22.55950100004611
4971,0.022678966999933436,22.678966999933436
4972,0.033361532999947485,33.361532999947485
4973,0.02314209300004677,23.14209300004677
4974,0.022009257000036087,22.009257000036087
4975,0.022056273999965015,22.056273999965015
4976,0.04275146999998469,42.75146999998469
4977,0.027855017999968368,27.855017999968368
4978,0.02311275299996396,23.11275299996396
4979,0.022090348000006088,22.090348000006088
4980,0.031846378999944136,31.846378999944136
4981,0.02842211999995925,28.42211999995925
4982,0.023645456000053855,23.645456000053855
4983,0.0223053480000317,22.3053480000317
4984,0.029830197000023873,29.830197000023873
4985,0.02786052400006156,27.86052400006156
4986,0.023058411999954842,23.058411999954842
4987,0.022157367999966482,22.157367999966482
4988,0.029828700000052777,29.828700000052777
4989,0.02848971299999903,28.48971299999903
4990,0.023261567000076866,23.261567000076866
4991,0.022709406999979365,22.709406999979365
4992,0.03182785100000274,31.827851000002738
4993,0.02777430500009359,27.77430500009359
4994,0.023631255000054807,23.631255000054807
4995,0.023088841999992837,23.088841999992837
4996,0.045415053000056105,45.415053000056105
4997,0.0239578089999668,23.9578089999668
4998,0.02066620599998714,20.66620599998714
4999,0.021046951000016634,21.046951000016634
5000,0.02933986199991523,29.33986199991523
5001,0.030223240999930567,30.223240999930567
5002,0.020248383999955877,20.248383999955877
5003,0.020338630999958696,20.338630999958696
5004,0.03019100200003777,30.19100200003777
5005,0.022624646000053872,22.624646000053872
5006,0.024186972999928003,24.186972999928003
5007,0.0205213609999646,20.5213609999646
5008,0.033377045000065664,33.377045000065664
5009,0.023207969000054618,23.207969000054618
5010,0.02418732600006024,24.18732600006024
5011,0.01997512699995241,19.97512699995241
5012,0.03239189499993245,32.39189499993245
5013,0.02707219100000202,27.07219100000202
5014,0.022316095000064706,22.316095000064706
5015,0.02066985199996907,20.66985199996907
5016,0.029690414000015153,29.690414000015153
5017,0.026645875999975033,26.645875999975033
5018,0.02239624100002402,22.39624100002402
5019,0.02159044100005758,21.59044100005758
5020,0.032436085999961506,32.436085999961506
5021,0.027553889000046183,27.553889000046183
5022,0.021322647000033612,21.322647000033612
5023,0.02152610000007371,21.52610000007371
5024,0.028860425999937434,28.860425999937434
5025,0.029049806000102762,29.049806000102762
5026,0.020702959999994164,20.702959999994164
5027,0.0211587020000934,21.1587020000934
5028,0.02972655600001417,29.72655600001417
5029,0.022373033000008036,22.373033000008036
5030,0.02065425000000687,20.65425000000687
5031,0.020595919000015783,20.595919000015783
5032,0.034080486999982895,34.080486999982895
5033,0.02789947899998424,27.89947899998424
5034,0.022256053999967662,22.256053999967662
5035,0.020541675000004034,20.541675000004034
5036,0.031835521999937555,31.835521999937555
5037,0.02751861399997324,27.51861399997324
5038,0.021726676000071166,21.726676000071166
5039,0.02196407700000691,21.96407700000691
5040,0.03089741199994478,30.89741199994478
5041,0.026984728999991603,26.984728999991603
5042,0.02153311200004282,21.53311200004282
5043,0.020958746000019346,20.958746000019346
5044,0.028319441999997252,28.319441999997252
5045,0.026456213999949796,26.456213999949796
5046,0.020611485000017638,20.611485000017638
5047,0.020561789999987923,20.561789999987923
5048,0.028785411000058048,28.785411000058048
5049,0.03149251800005004,31.49251800005004
5050,0.021680278999951952,21.680278999951952
5051,0.03114076099996055,31.14076099996055
5052,0.05845376499996746,58.45376499996746
5053,0.022209774999964793,22.209774999964793
5054,0.020446078999952988,20.446078999952988
5055,0.020315785000093456,20.315785000093456
5056,0.02909674200009249,29.09674200009249
5057,0.02291462200003025,22.91462200003025
5058,0.021670137999990402,21.670137999990402
5059,0.019868399000074533,19.868399000074533
5060,0.029841872000019976,29.841872000019976
5061,0.02808690600011232,28.08690600011232
5062,0.022012625999991542,22.012625999991542
5063,0.020481022000012672,20.481022000012672
5064,0.031193015999974705,31.193015999974705
5065,0.027753533000009156,27.753533000009156
5066,0.022451473000046462,22.451473000046462
5067,0.021613225999999486,21.613225999999486
5068,0.02732781800000339,27.32781800000339
5069,0.02696932999992896,26.96932999992896
5070,0.02237676000004285,22.37676000004285
5071,0.021083594999936395,21.083594999936395
5072,0.02998351000007915,29.98351000007915
5073,0.021499711000046773,21.499711000046773
5074,0.021375979999902484,21.375979999902484
5075,0.021420379000005596,21.420379000005596
5076,0.033533079999983784,33.533079999983784
5077,0.027856741000050533,27.856741000050533
5078,0.022234412000102566,22.234412000102566
5079,0.020158801000093263,20.158801000093263
5080,0.030589827999961017,30.589827999961017
5081,0.02740849999997863,27.40849999997863
5082,0.020940127000017128,20.940127000017128
5083,0.020163448999937827,20.163448999937827
5084,0.027719184000034147,27.719184000034147
5085,0.02918926899997132,29.18926899997132
5086,0.020484169999917867,20.484169999917867
5087,0.021115228999974534,21.115228999974534
5088,0.03155118500001208,31.551185000012083
5089,0.026077496999960204,26.077496999960204
5090,0.02362822899999628,23.62822899999628
5091,0.023575154000013754,23.575154000013754
5092,0.02737909900008617,27.37909900008617
5093,0.023376260999953047,23.376260999953047
5094,0.022039245999962986,22.039245999962986
5095,0.021914488999982495,21.914488999982495
5096,0.029342963999965832,29.342963999965832
5097,0.02891421000003902,28.91421000003902
5098,0.022770769999965523,22.770769999965523
5099,0.021700648999967598,21.700648999967598
5100,0.02861871400000382,28.61871400000382
5101,0.02863910400003533,28.63910400003533
5102,0.023266169999942576,23.266169999942576
5103,0.022189754000009998,22.189754000009998
5104,0.028953959000091345,28.953959000091345
5105,0.028264535999937834,28.264535999937834
5106,0.023318292999988444,23.318292999988444
5107,0.021621312999968723,21.621312999968723
5108,0.028237967999984903,28.237967999984903
5109,0.028110829000070225,28.110829000070225
5110,0.02513078200001928,25.13078200001928
5111,0.02163241299990659,21.63241299990659
5112,0.032104884999967,32.104884999967
5113,0.02825959399990552,28.25959399990552
5114,0.023401368000008915,23.401368000008915
5115,0.022956436999947982,22.956436999947982
5116,0.0299091720000888,29.9091720000888
5117,0.02702716600003896,27.02716600003896
5118,0.023666011999921466,23.666011999921466
5119,0.023316749000059644,23.316749000059644
5120,0.029948954000019512,29.948954000019512
5121,0.023905173999992257,23.905173999992257
5122,0.023703175000036936,23.703175000036936
5123,0.02347837399997843,23.47837399997843
5124,0.030511687000057464,30.511687000057464
5125,0.024516296000001603,24.516296000001603
5126,0.023564094999983354,23.564094999983354
5127,0.023190715999930944,23.190715999930944
5128,0.030007840999928703,30.007840999928703
5129,0.025085535000016534,25.085535000016534
5130,0.023004806000017197,23.004806000017197
5131,0.02274314700002833,22.74314700002833
5132,0.02882687299995723,28.82687299995723
5133,0.028322926999976517,28.322926999976517
5134,0.024520413000004737,24.520413000004737
5135,0.025519629000086752,25.519629000086752
5136,0.04251528299994334,42.51528299994334
5137,0.02763467199997649,27.63467199997649
5138,0.025906916999929308,25.906916999929308
5139,0.02456084400000691,24.56084400000691
5140,0.03952969299996312,39.52969299996312
5141,0.021827486000006502,21.827486000006502
5142,0.022211656999957086,22.211656999957086
5143,0.02162971899997501,21.62971899997501
5144,0.03024545300002046,30.24545300002046
5145,0.043823148999990735,43.823148999990735
5146,0.028289734000054523,28.289734000054523
5147,0.021597018999955253,21.597018999955253
5148,0.034683046000054674,34.683046000054674
5149,0.025224776999948517,25.224776999948517
5150,0.02036680300000171,20.36680300000171
5151,0.021493527999950857,21.493527999950857
5152,0.03314651000005142,33.14651000005142
5153,0.027364723999994567,27.364723999994567
5154,0.020906637999928535,20.906637999928535
5155,0.020709908999947402,20.7099089999474
5156,0.03358844999991106,33.58844999991106
5157,0.027819787999987966,27.819787999987966
5158,0.021302427000023272,21.302427000023272
5159,0.020525621000047067,20.525621000047067
5160,0.035853747000032854,35.853747000032854
5161,0.02724397500003306,27.24397500003306
5162,0.02161875800004509,21.61875800004509
5163,0.020193731000063053,20.193731000063053
5164,0.03102322600000207,31.02322600000207
5165,0.0276900570000862,27.6900570000862
5166,0.021198224999920967,21.198224999920967
5167,0.02979042999993453,29.79042999993453
5168,0.03564790799998718,35.64790799998718
5169,0.02185059199996431,21.85059199996431
5170,0.02186577599991324,21.86577599991324
5171,0.02103319399998327,21.03319399998327
5172,0.03361531699999887,33.61531699999887
5173,0.025202776000014637,25.202776000014637
5174,0.021313187000032485,21.313187000032485
5175,0.020850906999953622,20.850906999953622
5176,0.032992603000025156,32.992603000025156
5177,0.029304495000019415,29.304495000019415
5178,0.020680975000004764,20.680975000004764
5179,0.021320511999988412,21.320511999988412
5180,0.033486669000012625,33.486669000012625
5181,0.02640168799996445,26.40168799996445
5182,0.020793612000034045,20.793612000034045
5183,0.021490184000072077,21.490184000072077
5184,0.034471492000079706,34.47149200007971
5185,0.027001778999988346,27.001778999988346
5186,0.02138124600003266,21.38124600003266
5187,0.021242232999952648,21.24223299995265
5188,0.0352551589999166,35.2551589999166
5189,0.022647534999919117,22.647534999919117
5190,0.02211637699997482,22.11637699997482
5191,0.02291458499996679,22.91458499996679
5192,0.03220571500003189,32.20571500003189
5193,0.029242881999948622,29.242881999948622
5194,0.023397703000000547,23.397703000000547
5195,0.023076343000070665,23.076343000070665
5196,0.032360247000042364,32.360247000042364
5197,0.027886258999956226,27.886258999956226
5198,0.023529317999987143,23.529317999987143
5199,0.025765437999893948,25.765437999893948
5200,0.038164198000004035,38.164198000004035
5201,0.023761014999990948,23.761014999990948
5202,0.023461645000111275,23.461645000111275
5203,0.022924233000026106,22.924233000026106
5204,0.0352013319999287,35.2013319999287
5205,0.023515197000051558,23.515197000051558
5206,0.023315830999990794,23.315830999990794
5207,0.02527127600001222,25.27127600001222
5208,0.032889121999915005,32.889121999915005
5209,0.027879159000008258,27.879159000008258
5210,0.02744125399999575,27.44125399999575
5211,0.022783735999951205,22.783735999951205
5212,0.0304138609999427,30.4138609999427
5213,0.022082908000015777,22.082908000015777
5214,0.02247163200001978,22.47163200001978
5215,0.02272916900005839,22.72916900005839
5216,0.03309672499995031,33.09672499995031
5217,0.02314789000001838,23.14789000001838
5218,0.02294781000000512,22.94781000000512
5219,0.023808867999946415,23.808867999946415
5220,0.04236673399998381,42.36673399998381
5221,0.02538940099998399,25.38940099998399
5222,0.025415879999968638,25.415879999968638
5223,0.022501619999957256,22.501619999957256
5224,0.031795688999977756,31.795688999977756
5225,0.02808372499998768,28.08372499998768
5226,0.022611005999920053,22.611005999920053
5227,0.022020114000042668,22.020114000042668
5228,0.03148658100008106,31.48658100008106
5229,0.027046553000104723,27.046553000104723
5230,0.02322023099998205,23.22023099998205
5231,0.02167345199995907,21.67345199995907
5232,0.029989723999960916,29.989723999960916
5233,0.027995825000061814,27.995825000061814
5234,0.023448379000001296,23.448379000001296
5235,0.022330797999984497,22.330797999984497
5236,0.029807462000007945,29.807462000007945
5237,0.028133987999922283,28.133987999922283
5238,0.023916446000043834,23.916446000043834
5239,0.021860873000036918,21.860873000036918
5240,0.029299811999976555,29.299811999976555
5241,0.027496713999994427,27.496713999994427
5242,0.02302477099999578,23.02477099999578
5243,0.022969941000042127,22.969941000042127
5244,0.03004086200007805,30.04086200007805
5245,0.028731336000078045,28.731336000078045
5246,0.024221875999955955,24.221875999955955
5247,0.02346803499995076,23.46803499995076
5248,0.030984687000000122,30.98468700000012
5249,0.023069251000038093,23.069251000038093
5250,0.02373418800004856,23.73418800004856
5251,0.022836123000047337,22.836123000047337
5252,0.03213747300003433,32.13747300003433
5253,0.022982546000093862,22.982546000093862
5254,0.023000567999929444,23.000567999929444
5255,0.02354834600009781,23.54834600009781
5256,0.043767103000050156,43.767103000050156
5257,0.024409835999904317,24.409835999904317
5258,0.022022988000003352,22.02298800000335
5259,0.02227626199999122,22.27626199999122
5260,0.03463131099999828,34.63131099999828
5261,0.023034144999996897,23.034144999996897
5262,0.02328897400002461,23.28897400002461
5263,0.021772531999999956,21.772531999999956
5264,0.03288702199995441,32.88702199995441
5265,0.02716507000002366,27.16507000002366
5266,0.02244521900001928,22.44521900001928
5267,0.022337465999953565,22.337465999953565
5268,0.03831399099999544,38.31399099999544
5269,0.024567025999999714,24.567025999999714
5270,0.023833231999901727,23.833231999901727
5271,0.02358955199997581,23.58955199997581
5272,0.04295008199994754,42.95008199994754
5273,0.023111998000103995,23.111998000103995
5274,0.022077865000028396,22.077865000028396
5275,0.02296176300001207,22.96176300001207
5276,0.033807846999934554,33.807846999934554
5277,0.022522290999972938,22.522290999972938
5278,0.022282439000036902,22.282439000036902
5279,0.023008958999980678,23.008958999980678
5280,0.09816950499998711,98.16950499998711
5281,0.06804737400000249,68.04737400000249
5282,0.022308835999979237,22.308835999979237
5283,0.02294470200001797,22.94470200001797
5284,0.030381154999986393,30.381154999986393
5285,0.028828698999973312,28.828698999973312
5286,0.02210610599991014,22.10610599991014
5287,0.021874190999938037,21.874190999938037
5288,0.029909761999988405,29.909761999988405
5289,0.02930470800004059,29.30470800004059
5290,0.023993070000074113,23.993070000074113
5291,0.022289736000061566,22.289736000061566
5292,0.02946733999999651,29.46733999999651
5293,0.02826810999999907,28.26810999999907
5294,0.023245603999953346,23.245603999953346
5295,0.022295751000001474,22.295751000001474
5296,0.030231787000047916,30.231787000047916
5297,0.028230851999978768,28.230851999978768
5298,0.02307365599995137,23.07365599995137
5299,0.022568733000071006,22.568733000071006
5300,0.02816971200002172,28.16971200002172
5301,0.029635077999955683,29.635077999955683
5302,0.0246849249999741,24.6849249999741
5303,0.024131379999971614,24.131379999971614
5304,0.052632987999913894,52.632987999913894
5305,0.026609393999933673,26.609393999933673
5306,0.024697539999920082,24.69753999992008
5307,0.023954558000014003,23.954558000014003
5308,0.034942576000048575,34.942576000048575
5309,0.02741666899999018,27.41666899999018
5310,0.023207562000038706,23.207562000038706
5311,0.022289599000032467,22.289599000032467
5312,0.033849401999987094,33.849401999987094
5313,0.02499798600001668,24.99798600001668
5314,0.02304242799993972,23.04242799993972
5315,0.022474167000041234,22.474167000041234
5316,0.03980138400004307,39.80138400004307
5317,0.023342595000030997,23.342595000030997
5318,0.023438987999952587,23.438987999952587
5319,0.022258065999949395,22.258065999949395
5320,0.026989060000005338,26.98906000000534
5321,0.022898316999999224,22.898316999999224
5322,0.023790138999970623,23.790138999970623
5323,0.02334464199998365,23.34464199998365
5324,0.03166131900002256,31.66131900002256
5325,0.023264169000071888,23.264169000071888
5326,0.023386364000089088,23.386364000089088
5327,0.023302571000044736,23.302571000044736
5328,0.03188374399996974,31.883743999969738
5329,0.0233300690000533,23.3300690000533
5330,0.026658555999915734,26.658555999915734
5331,0.030740209999976287,30.740209999976287
5332,0.03452107199996135,34.52107199996135
5333,0.024475923000068178,24.47592300006818
5334,0.020324804999972912,20.324804999972912
5335,0.020412868999983402,20.412868999983402
5336,0.03128894400003901,31.28894400003901
5337,0.02849784099998942,28.49784099998942
5338,0.020892001999982313,20.892001999982313
5339,0.02069124100000863,20.69124100000863
5340,0.03359165500000927,33.59165500000927
5341,0.027784881000002315,27.784881000002315
5342,0.022176988000069286,22.176988000069286
5343,0.020691950000014003,20.691950000014003
5344,0.030328563000011854,30.328563000011854
5345,0.027693401000078666,27.693401000078666
5346,0.02174365799999123,21.74365799999123
5347,0.020008677000078023,20.008677000078023
5348,0.02773858900002324,27.73858900002324
5349,0.03156124700001328,31.56124700001328
5350,0.022621921999984806,22.621921999984806
5351,0.020104943000092135,20.104943000092135
5352,0.028486796999914077,28.486796999914077
5353,0.024347153999997317,24.347153999997317
5354,0.021545594000031087,21.545594000031087
5355,0.022038706999978785,22.038706999978785
5356,0.032025109999949564,32.025109999949564
5357,0.028088458999945942,28.088458999945942
5358,0.021803147000014178,21.803147000014178
5359,0.022128319999978885,22.128319999978885
5360,0.029965786999923694,29.965786999923694
5361,0.026434404999918115,26.434404999918115
5362,0.021751164999955108,21.751164999955108
5363,0.02085630300007324,20.85630300007324
5364,0.028131960999985495,28.131960999985495
5365,0.028995747999942978,28.995747999942978
5366,0.020886787999984335,20.886787999984335
5367,0.023450249000006806,23.450249000006806
5368,0.02776306700002351,27.76306700002351
5369,0.03029569900002116,30.29569900002116
5370,0.021718172999953822,21.718172999953822
5371,0.024226575000056982,24.226575000056982
5372,0.030394891000014468,30.394891000014468
5373,0.02900792699995236,29.00792699995236
5374,0.021900892000076055,21.900892000076055
5375,0.02004882100004579,20.04882100004579
5376,0.02701731000001928,27.01731000001928
5377,0.03142221999996764,31.422219999967638
5378,0.022430608000036045,22.430608000036045
5379,0.02187347200003842,21.87347200003842
5380,0.029798439999922266,29.798439999922266
5381,0.02848471199990854,28.48471199990854
5382,0.02166599099996347,21.66599099996347
5383,0.021113880999905632,21.113880999905632
5384,0.03202502999999979,32.02502999999979
5385,0.02349159999994299,23.49159999994299
5386,0.031344992000072125,31.344992000072125
5387,0.0288091989999657,28.8091989999657
5388,0.028731589000017266,28.731589000017266
5389,0.022263303000045198,22.263303000045198
5390,0.020464330000095288,20.464330000095288
5391,0.02140218400006688,21.40218400006688
5392,0.03272624199996699,32.72624199996699
5393,0.02773829200009459,27.73829200009459
5394,0.022403059999987818,22.403059999987818
5395,0.020899520000057237,20.899520000057237
5396,0.03134799299994029,31.34799299994029
5397,0.02776868099999774,27.76868099999774
5398,0.022062113999936628,22.062113999936628
5399,0.020207975000062106,20.207975000062106
5400,0.02775696000003336,27.75696000003336
5401,0.028942137999933948,28.942137999933948
5402,0.02122753899993768,21.22753899993768
5403,0.020844248000003063,20.844248000003063
5404,0.03031835800004501,30.31835800004501
5405,0.024134176000075058,24.13417600007506
5406,0.021711890999995376,21.711890999995376
5407,0.020687500000008185,20.687500000008185
5408,0.033005920999926275,33.005920999926275
5409,0.028046079999967333,28.046079999967333
5410,0.02179511300005288,21.79511300005288
5411,0.0218006670000932,21.8006670000932
5412,0.03254089600000043,32.54089600000043
5413,0.026465902000040842,26.465902000040842
5414,0.02154779900001813,21.54779900001813
5415,0.020783724000011716,20.783724000011716
5416,0.03069038000001001,30.69038000001001
5417,0.02672059300005003,26.72059300005003
5418,0.02082195499997397,20.82195499997397
5419,0.02180046199998742,21.80046199998742
5420,0.02829142600000978,28.29142600000978
5421,0.029798599999935504,29.798599999935504
5422,0.02119908800000303,21.19908800000303
5423,0.0247445790000711,24.7445790000711
5424,0.032095540000000256,32.095540000000256
5425,0.027564181000002463,27.564181000002463
5426,0.021309854000037376,21.309854000037376
5427,0.021516501999940374,21.516501999940374
5428,0.029808936999984326,29.808936999984326
5429,0.026477050000039526,26.477050000039526
5430,0.020795521000081862,20.795521000081862
