image_index,forward_latency_seconds,forward_latency_ms
0,0.028029555000102846,28.029555000102846
1,0.026310632000104306,26.310632000104306
2,0.02211254900021231,22.11254900021231
3,0.021496809999916877,21.496809999916877
4,0.025482219999958033,25.482219999958033
5,0.029357917999959682,29.35791799995968
6,0.022090129999924102,22.090129999924102
7,0.02140119799992135,21.40119799992135
8,0.026722086000063427,26.722086000063427
9,0.026827884999875096,26.827884999875096
10,0.022611702999938643,22.611702999938643
11,0.021335049000072104,21.335049000072104
12,0.028205382999885842,28.205382999885842
13,0.02717704099995899,27.17704099995899
14,0.022218693000013445,22.218693000013445
15,0.021555365000040183,21.555365000040183
16,0.03137682500005212,31.376825000052122
17,0.022156019000021843,22.156019000021843
18,0.022399404999987382,22.399404999987382
19,0.021736269999792057,21.736269999792057
20,0.030711310000015146,30.711310000015146
21,0.027065455999945698,27.065455999945698
22,0.02216176800016001,22.16176800016001
23,0.021130602000084764,21.130602000084764
24,0.027884438000000955,27.884438000000955
25,0.028008598000042184,28.008598000042184
26,0.022210634999964896,22.210634999964896
27,0.02109988800020801,21.09988800020801
28,0.03500949900012529,35.00949900012529
29,0.023611222999988968,23.611222999988968
30,0.02201979400001619,22.01979400001619
31,0.022073829999953887,22.073829999953887
32,0.026916201999938494,26.916201999938494
33,0.025844314000096347,25.844314000096347
34,0.02347797799984619,23.47797799984619
35,0.022244433999958346,22.244433999958346
36,0.02909076300011293,29.09076300011293
37,0.026751541000066936,26.751541000066936
38,0.02225956600000245,22.25956600000245
39,0.02127049499995337,21.27049499995337
40,0.02541660200017759,25.41660200017759
41,0.029312409999874944,29.312409999874944
42,0.022016893999989406,22.016893999989406
43,0.02153256900010092,21.53256900010092
44,0.026527160000114236,26.527160000114236
45,0.026824970000006942,26.824970000006942
46,0.021944587000007232,21.944587000007232
47,0.0212357670000074,21.2357670000074
48,0.027987421000034374,27.987421000034374
49,0.02798762199995508,27.98762199995508
50,0.02203452899993863,22.03452899993863
51,0.021328725999865128,21.328725999865128
52,0.024481153999886374,24.481153999886374
53,0.027440547999958653,27.440547999958653
54,0.027620960999911404,27.620960999911404
55,0.0219377359999271,21.9377359999271
56,0.02685921500005861,26.85921500005861
57,0.026940553000031287,26.940553000031287
58,0.022221502999855147,22.221502999855147
59,0.02153598199993212,21.53598199993212
60,0.028297103999875617,28.297103999875617
61,0.02739773600001172,27.39773600001172
62,0.02238906999991741,22.38906999991741
63,0.021425042999908328,21.425042999908328
64,0.025496923999980936,25.496923999980936
65,0.029353451999895697,29.353451999895697
66,0.022240021000015986,22.240021000015986
67,0.021629999999959182,21.629999999959182
68,0.026183457000115595,26.183457000115595
69,0.026161318000049505,26.161318000049505
70,0.02222496600006707,22.22496600006707
71,0.020916793000196776,20.916793000196776
72,0.02694303599992054,26.94303599992054
73,0.02952834599977905,29.52834599977905
74,0.02212995900003989,22.12995900003989
75,0.021279098999912094,21.279098999912094
76,0.026612624000108553,26.612624000108553
77,0.022440168000002814,22.440168000002814
78,0.02220493799995893,22.20493799995893
79,0.021353482999984408,21.353482999984408
80,0.030509611000070436,30.509611000070436
81,0.026609907999954885,26.609907999954885
82,0.021930805000010878,21.930805000010878
83,0.021479276000036407,21.479276000036407
84,0.02526499700002205,25.26499700002205
85,0.030397087999972427,30.397087999972427
86,0.021889959999953135,21.889959999953135
87,0.021428995999940526,21.428995999940526
88,0.026534109000067474,26.534109000067474
89,0.025724648000050365,25.724648000050365
90,0.02277260000005299,22.77260000005299
91,0.02135475199997927,21.35475199997927
92,0.02787131800005227,27.87131800005227
93,0.02758049200019741,27.58049200019741
94,0.022035092000123768,22.03509200012377
95,0.0219592549999561,21.9592549999561
96,0.025756207999847902,25.756207999847902
97,0.030003458999999566,30.003458999999566
98,0.02225808399998641,22.25808399998641
99,0.028687886000170693,28.687886000170693
100,0.03973675099996399,39.73675099996399
101,0.022434590000102617,22.434590000102617
102,0.022124716000007538,22.12471600000754
103,0.021343163999972603,21.343163999972603
104,0.030657280000013998,30.657280000013998
105,0.026684974000090733,26.684974000090733
106,0.022320244000184175,22.320244000184175
107,0.021332724999865604,21.332724999865604
108,0.027183760999832884,27.183760999832884
109,0.029302439000048253,29.302439000048253
110,0.022195986000042467,22.195986000042467
111,0.021230070999990858,21.230070999990858
112,0.026569341000140412,26.569341000140412
113,0.02236642299999403,22.36642299999403
114,0.02260998299993844,22.60998299993844
115,0.021566333000009763,21.566333000009763
116,0.028442883000025176,28.442883000025176
117,0.028683201999911034,28.683201999911034
118,0.022498833999861745,22.498833999861745
119,0.02162866399999075,21.62866399999075
120,0.025691346000030535,25.691346000030535
121,0.029361637999954837,29.361637999954837
122,0.02200181199987128,22.00181199987128
123,0.02160930900004132,21.60930900004132
124,0.02617588699990847,26.17588699990847
125,0.02724443900001461,27.24443900001461
126,0.022862605999989682,22.862605999989682
127,0.02158179299999574,21.58179299999574
128,0.029309420000117825,29.309420000117825
129,0.026751880000119854,26.751880000119854
130,0.02230280000003404,22.30280000003404
131,0.02068875800000569,20.68875800000569
132,0.02493648400013626,24.93648400013626
133,0.028725956000016595,28.725956000016595
134,0.023959826999998768,23.959826999998768
135,0.021528641000031712,21.528641000031712
136,0.026839368000082686,26.839368000082686
137,0.022896506000051886,22.896506000051886
138,0.023281989999986763,23.281989999986763
139,0.02199896499996612,21.99896499996612
140,0.029242862000046443,29.242862000046443
141,0.028132494000146835,28.132494000146835
142,0.023257641999862244,23.257641999862244
143,0.022918479000054504,22.918479000054504
144,0.030934372000047006,30.934372000047006
145,0.028198331999874426,28.198331999874426
146,0.023319327000081103,23.319327000081103
147,0.022470737000048757,22.470737000048757
148,0.030248767999864867,30.248767999864867
149,0.027985318999981246,27.985318999981246
150,0.02336599099999148,23.36599099999148
151,0.022154271000090375,22.154271000090375
152,0.024474324000038905,24.474324000038905
153,0.027235073999918313,27.235073999918313
154,0.026891419999856225,26.891419999856225
155,0.10105426500012982,101.05426500012982
156,0.11853085799998553,118.53085799998553
157,0.022465734000206794,22.465734000206794
158,0.023058207000076436,23.058207000076436
159,0.02253619499992965,22.53619499992965
160,0.02817553499994574,28.17553499994574
161,0.027079839000180073,27.079839000180073
162,0.025521237000020847,25.521237000020847
163,0.024182364000125744,24.182364000125744
164,0.04545853100012209,45.45853100012209
165,0.024868516999958956,24.868516999958956
166,0.023852435999970112,23.852435999970112
167,0.03152766499988502,31.52766499988502
168,0.024306658000114112,24.306658000114112
169,0.025349410999979227,25.349410999979227
170,0.026301649999822985,26.301649999822985
171,0.029687523999882615,29.687523999882615
172,0.02947961600011695,29.47961600011695
173,0.023316772000043784,23.316772000043784
174,0.023564335999935793,23.564335999935793
175,0.029244313999924998,29.244313999924998
176,0.028812906999974075,28.812906999974075
177,0.023646411999834527,23.646411999834527
178,0.023018914999966,23.018914999966
179,0.029044455999837737,29.044455999837737
180,0.02847442699999192,28.47442699999192
181,0.022570171000097616,22.570171000097616
182,0.022937615000046208,22.937615000046208
183,0.03036302599980445,30.36302599980445
184,0.02856568599986531,28.56568599986531
185,0.023392378000153258,23.392378000153258
186,0.02392862600004264,23.92862600004264
187,0.03064085599999089,30.64085599999089
188,0.025931847000038033,25.931847000038033
189,0.023471364999977595,23.471364999977595
190,0.02284795699983988,22.84795699983988
191,0.029948779000051218,29.948779000051218
192,0.024585126000147284,24.585126000147284
193,0.023244411000177934,23.244411000177934
194,0.02481042299996261,24.81042299996261
195,0.03295241499995427,32.95241499995427
196,0.024593946999857508,24.593946999857508
197,0.023535291999905894,23.535291999905894
198,0.023664313999915976,23.664313999915976
199,0.027466846999914196,27.466846999914196
200,0.02392620499995246,23.92620499995246
201,0.023470841000062137,23.470841000062137
202,0.023554849999982252,23.554849999982252
203,0.028736615999832793,28.736615999832793
204,0.02618884799994703,26.18884799994703
205,0.02522771499980081,25.22771499980081
206,0.023360990000128368,23.360990000128368
207,0.02821885100001964,28.21885100001964
208,0.024288334999937433,24.288334999937433
209,0.023595583999849623,23.595583999849623
210,0.02313100200012741,23.13100200012741
211,0.03224869200016656,32.24869200016656
212,0.02390591699986544,23.90591699986544
213,0.023067874000162192,23.067874000162192
214,0.023078025000131674,23.078025000131674
215,0.027117026000041733,27.117026000041733
216,0.028304616000013993,28.304616000013993
217,0.023528906999899846,23.528906999899846
218,0.023567744999809292,23.567744999809292
219,0.03379121199986912,33.79121199986912
220,0.028012150999984442,28.012150999984442
221,0.02859065699999519,28.59065699999519
222,0.024073667000038768,24.073667000038768
223,0.030484476000083305,30.484476000083305
224,0.030143955000085043,30.143955000085043
225,0.023717100999874674,23.717100999874674
226,0.022837509000055434,22.837509000055434
227,0.025875582000026043,25.875582000026043
228,0.02762170599999081,27.62170599999081
229,0.02276630100004695,22.76630100004695
230,0.02301843899999767,23.01843899999767
231,0.030778255000086574,30.778255000086574
232,0.02863576799995826,28.63576799995826
233,0.024194612999963283,24.194612999963283
234,0.023602952999908666,23.602952999908666
235,0.03164752500015311,31.64752500015311
236,0.024234807999846453,24.234807999846453
237,0.024260525000045163,24.260525000045163
238,0.024025520000122924,24.025520000122924
239,0.028036669999892183,28.036669999892183
240,0.02409078599998793,24.09078599998793
241,0.023429908000025534,23.429908000025534
242,0.023258457999872917,23.258457999872917
243,0.03449672300007478,34.49672300007478
244,0.024372583000058512,24.372583000058512
245,0.023108729999876232,23.108729999876232
246,0.022717191000083403,22.717191000083403
247,0.027054600999917966,27.054600999917966
248,0.025036083000031795,25.036083000031795
249,0.02314230399997541,23.14230399997541
250,0.022591249000015523,22.591249000015523
251,0.03066779100004169,30.66779100004169
252,0.028359837000152766,28.359837000152766
253,0.024091506999866397,24.091506999866397
254,0.02368781699988176,23.68781699988176
255,0.028697689999944487,28.697689999944487
256,0.024283218000164197,24.283218000164197
257,0.023689900999897873,23.689900999897873
258,0.02344932100004371,23.44932100004371
259,0.030679910999879212,30.679910999879212
260,0.023688735999940036,23.688735999940036
261,0.022928914999965855,22.928914999965855
262,0.02286016700008986,22.86016700008986
263,0.033485190999954284,33.485190999954284
264,0.024610133999885875,24.610133999885875
265,0.02386201100011931,23.86201100011931
266,0.023447339999847827,23.447339999847827
267,0.027617309999868667,27.617309999868667
268,0.024098404999904233,24.098404999904233
269,0.023438337000015963,23.438337000015963
270,0.02350888999990275,23.50888999990275
271,0.03379047900011756,33.79047900011756
272,0.02459184200006348,24.59184200006348
273,0.023740981000173633,23.740981000173633
274,0.023506319000034637,23.506319000034637
275,0.024473251000017626,24.473251000017626
276,0.03508797499989669,35.08797499989669
277,0.023026037999898108,23.026037999898108
278,0.023767613000018173,23.767613000018173
279,0.030507059999990815,30.507059999990815
280,0.029970148000074914,29.970148000074914
281,0.023754618000111805,23.754618000111805
282,0.022891248999940217,22.891248999940217
283,0.034497317999921506,34.497317999921506
284,0.02638286399997014,26.38286399997014
285,0.022928114000023925,22.928114000023925
286,0.02294945599987841,22.94945599987841
287,0.03934775700008686,39.34775700008686
288,0.026105258000143294,26.105258000143294
289,0.023081702000126825,23.081702000126825
290,0.023356309999826408,23.356309999826408
291,0.03568801100004748,35.68801100004748
292,0.034217790999946374,34.217790999946374
293,0.024089687000014237,24.089687000014237
294,0.02346629299995584,23.46629299995584
295,0.03384616299990739,33.84616299990739
296,0.029618540000001303,29.618540000001303
297,0.023773477999839088,23.773477999839088
298,0.02282131600009052,22.82131600009052
299,0.031158033999872714,31.158033999872714
300,0.02869985400002406,28.69985400002406
301,0.022619650000024194,22.619650000024194
302,0.022920049999811454,22.920049999811454
303,0.03823977300021397,38.23977300021397
304,0.02477834499995879,24.77834499995879
305,0.02298106800003552,22.98106800003552
306,0.024319048000052135,24.319048000052135
307,0.03525078999996367,35.25078999996367
308,0.02474629800008188,24.74629800008188
309,0.02351080300013564,23.51080300013564
310,0.023643597000045702,23.643597000045702
311,0.02952207999987877,29.52207999987877
312,0.029677214000003005,29.677214000003005
313,0.028205467999896428,28.205467999896428
314,0.025272181999980603,25.272181999980603
315,0.04209732000003896,42.09732000003896
316,0.02311948300007316,23.11948300007316
317,0.021512099000119633,21.512099000119633
318,0.021608128000025317,21.608128000025317
319,0.03204871200000525,32.04871200000525
320,0.030617942999924708,30.617942999924708
321,0.028651762999970742,28.651762999970742
322,0.02172714099992845,21.72714099992845
323,0.029723826000008557,29.723826000008557
324,0.025886012000000846,25.886012000000846
325,0.021215737999909834,21.215737999909834
326,0.021692310999924302,21.692310999924302
327,0.0334126400000514,33.4126400000514
328,0.02357903000006445,23.57903000006445
329,0.021774425999865343,21.774425999865343
330,0.02205603999982486,22.05603999982486
331,0.032721517000027234,32.721517000027234
332,0.02721160299984149,27.21160299984149
333,0.021945278999965012,21.945278999965012
334,0.02141819000007672,21.41819000007672
335,0.03190752899990912,31.90752899990912
336,0.035750739999912184,35.750739999912184
337,0.031448900999976104,31.448900999976104
338,0.024909647999947993,24.909647999947993
339,0.03743043999998008,37.43043999998008
340,0.023368933000028846,23.368933000028846
341,0.02171397799997976,21.71397799997976
342,0.03128193599991391,31.281935999913912
343,0.02982009999982438,29.82009999982438
344,0.029058092000013858,29.058092000013858
345,0.022906227000021318,22.906227000021318
346,0.022817596999857415,22.817596999857415
347,0.03090499799986901,30.90499799986901
348,0.02692383500016149,26.92383500016149
349,0.022752747999902567,22.752747999902567
350,0.02318710200006535,23.18710200006535
351,0.030848673999798848,30.848673999798848
352,0.02590570199981812,25.90570199981812
353,0.023818587000050684,23.818587000050684
354,0.024406791000046724,24.406791000046724
355,0.027373466999961238,27.373466999961238
356,0.025925336999989668,25.925336999989668
357,0.023415364000129557,23.415364000129557
358,0.02288861200008796,22.88861200008796
359,0.032154446000049575,32.154446000049575
360,0.024300246999928277,24.300246999928277
361,0.023132659000111744,23.132659000111744
362,0.023361100999863993,23.361100999863993
363,0.03404209200016339,34.04209200016339
364,0.024239859999852342,24.239859999852342
365,0.02309597900011795,23.09597900011795
366,0.02340254000000641,23.40254000000641
367,0.027803355000060037,27.803355000060037
368,0.023654671000031158,23.654671000031158
369,0.022863893000021562,22.863893000021562
370,0.022905837000052998,22.905837000052998
371,0.030961653999838745,30.961653999838745
372,0.02709245899995949,27.09245899995949
373,0.02423978399997395,24.23978399997395
374,0.02389077699990594,23.89077699990594
375,0.04171074999999291,41.71074999999291
376,0.02386983499991402,23.86983499991402
377,0.022658631000012974,22.658631000012974
378,0.022985379999909128,22.985379999909128
379,0.029868359000147393,29.868359000147393
380,0.02883308900004522,28.83308900004522
381,0.02313933999994333,23.13933999994333
382,0.02328906699995059,23.28906699995059
383,0.03004499600001509,30.04499600001509
384,0.0291443660000823,29.1443660000823
385,0.023587126999927932,23.587126999927932
386,0.023941540999885547,23.941540999885547
387,0.045149631999947815,45.149631999947815
388,0.026789240999960384,26.789240999960384
389,0.024549858999989738,24.549858999989738
390,0.023034780999978466,23.034780999978466
391,0.026731767999990552,26.731767999990552
392,0.025894874999949025,25.894874999949025
393,0.02300813300007576,23.00813300007576
394,0.022831063000012364,22.831063000012364
395,0.030087252000157605,30.087252000157605
396,0.028219820999993317,28.219820999993317
397,0.02358561099981671,23.58561099981671
398,0.02348162099997353,23.48162099997353
399,0.02801030799992077,28.01030799992077
400,0.027561205999973026,27.561205999973026
401,0.02287498200007576,22.87498200007576
402,0.022971762999986822,22.971762999986822
403,0.031302027999799975,31.302027999799975
404,0.026519401999848924,26.519401999848924
405,0.023521393000009994,23.521393000009994
406,0.023426531000040995,23.426531000040995
407,0.02772728099989763,27.72728099989763
408,0.025873797000031118,25.873797000031118
409,0.022563527000102113,22.563527000102113
410,0.022979700999940178,22.979700999940178
411,0.03176851400007763,31.76851400007763
412,0.02498108599979787,24.98108599979787
413,0.02389148599991131,23.89148599991131
414,0.02383383899996261,23.83383899996261
415,0.02770116900001085,27.70116900001085
416,0.026905183000053512,26.905183000053512
417,0.023180163999995784,23.180163999995784
418,0.022870446000069933,22.870446000069933
419,0.030994781999879706,30.994781999879706
420,0.025281345999928817,25.281345999928817
421,0.023501647999864872,23.501647999864872
422,0.023755201000085435,23.755201000085435
423,0.028020596000033038,28.020596000033038
424,0.025936758999932863,25.936758999932863
425,0.022531587999992553,22.531587999992553
426,0.02293895100001464,22.93895100001464
427,0.02911184599997796,29.11184599997796
428,0.027965114000153335,27.965114000153335
429,0.022743455999943762,22.743455999943762
430,0.022682571000132157,22.682571000132157
431,0.03010500699997465,30.10500699997465
432,0.02908783900011258,29.08783900011258
433,0.024156076999815923,24.156076999815923
434,0.023631472000033682,23.631472000033682
435,0.03408866500012664,34.08866500012664
436,0.024631935000115845,24.631935000115845
437,0.023261241000000155,23.261241000000155
438,0.022680007999952068,22.680007999952068
439,0.027023460000009436,27.023460000009436
440,0.026440178000029846,26.440178000029846
441,0.02284885500012024,22.84885500012024
442,0.022620898000013767,22.620898000013767
443,0.029437724999979764,29.437724999979764
444,0.027912947999993776,27.912947999993776
445,0.023559078999824123,23.559078999824123
446,0.023467964000019492,23.467964000019492
447,0.03067596300002151,30.67596300002151
448,0.0252342819999285,25.2342819999285
449,0.023170718999836026,23.170718999836026
450,0.02351364800006195,23.51364800006195
451,0.03075933599984637,30.75933599984637
452,0.023705061000100613,23.705061000100613
453,0.022882842999933928,22.882842999933928
454,0.02292937700008224,22.92937700008224
455,0.024960793999980524,24.960793999980524
456,0.03664886399997158,36.64886399997158
457,0.022922250999954485,22.922250999954485
458,0.023208047000025545,23.208047000025545
459,0.030402445000163425,30.402445000163425
460,0.023581345999900805,23.581345999900805
461,0.022876126000028307,22.876126000028307
462,0.022852760000205308,22.852760000205308
463,0.034167844000194236,34.167844000194236
464,0.02433358100006444,24.33358100006444
465,0.02351778499996726,23.51778499996726
466,0.023269064000032813,23.269064000032813
467,0.027663578999863603,27.663578999863603
468,0.023954726000056326,23.954726000056326
469,0.02349164700012807,23.49164700012807
470,0.023524900999973397,23.524900999973397
471,0.03466684499994699,34.66684499994699
472,0.02453786800015223,24.53786800015223
473,0.023507826000013665,23.507826000013665
474,0.023535218000006353,23.535218000006353
475,0.025656811000089874,25.656811000089874
476,0.03149858500000846,31.49858500000846
477,0.02349869900012891,23.49869900012891
478,0.0233938589999525,23.3938589999525
479,0.029892924000023413,29.892924000023413
480,0.027802025000028152,27.802025000028152
481,0.022865430000138076,22.865430000138076
482,0.022846609999987777,22.846609999987777
483,0.028076180999960343,28.076180999960343
484,0.029756894999991346,29.756894999991346
485,0.02302602199983994,23.02602199983994
486,0.022836009000002377,22.836009000002377
487,0.030140100999915376,30.140100999915376
488,0.03106865899985678,31.06865899985678
489,0.03205433700009053,32.05433700009053
490,0.02694877999988421,26.94877999988421
491,0.049319705000016256,49.319705000016256
492,0.030547349000016766,30.547349000016766
493,0.026958858999933,26.958858999933
494,0.02617060600005061,26.17060600005061
495,0.04049216999987948,40.49216999987948
496,0.02442251299999043,24.42251299999043
497,0.023469606000162457,23.469606000162457
498,0.02410298299992064,24.10298299992064
499,0.03359643700014203,33.59643700014203
500,0.030650571000023774,30.650571000023774
501,0.025265386000000944,25.265386000000944
502,0.026013429999920845,26.013429999920845
503,0.03978211100002227,39.78211100002227
504,0.02997173600010683,29.97173600010683
505,0.023001069999963875,23.001069999963875
506,0.023043656000027113,23.043656000027113
507,0.031140405000087412,31.140405000087412
508,0.029117808999899353,29.117808999899353
509,0.023489850000032675,23.489850000032675
510,0.023597380999945017,23.597380999945017
511,0.03233659600005012,32.33659600005012
512,0.024686489000032452,24.686489000032452
513,0.023711019000074884,23.711019000074884
514,0.024053928000057567,24.053928000057567
515,0.026309529999934966,26.309529999934966
516,0.03114042599986533,31.14042599986533
517,0.023712662999969325,23.712662999969325
518,0.02342524300001969,23.42524300001969
519,0.03038766999998188,30.38766999998188
520,0.029006069999923056,29.006069999923056
521,0.02398637500004952,23.98637500004952
522,0.023025735999908647,23.025735999908647
523,0.03136948299993492,31.369482999934917
524,0.028525854999998046,28.525854999998046
525,0.023315200000070035,23.315200000070035
526,0.02306875299996136,23.06875299996136
527,0.031869959999994535,31.869959999994535
528,0.026195175999873754,26.195175999873754
529,0.02369871700011572,23.69871700011572
530,0.023397156999863,23.397156999863
531,0.03624784199996611,36.24784199996611
532,0.02385205399991719,23.85205399991719
533,0.02172465600006035,21.72465600006035
534,0.02121182799987764,21.21182799987764
535,0.03934676699986994,39.34676699986994
536,0.02327757299985933,23.27757299985933
537,0.022091275000093447,22.091275000093447
538,0.02881385999990016,28.81385999990016
539,0.03166103200010184,31.66103200010184
540,0.027869430999999167,27.869430999999167
541,0.021493520999911198,21.493520999911198
542,0.02123779899989131,21.23779899989131
543,0.027180473000044003,27.180473000044003
544,0.030185471999857327,30.185471999857327
545,0.02154293300009158,21.54293300009158
546,0.021105484999907276,21.105484999907276
547,0.032663862999925186,32.663862999925186
548,0.023522044999936043,23.522044999936043
549,0.021965341000168337,21.965341000168337
550,0.021761005000143996,21.761005000143996
551,0.0375648919998639,37.5648919998639
552,0.02645029500013152,26.45029500013152
553,0.028552226000101655,28.552226000101655
554,0.023862484999881417,23.862484999881417
555,0.03128159100015182,31.28159100015182
556,0.028927998999961346,28.927998999961346
557,0.02328690300009839,23.28690300009839
558,0.023001319000059084,23.001319000059084
559,0.034368033999953695,34.368033999953695
560,0.024225560999866502,24.225560999866502
561,0.023717978999911793,23.717978999911793
562,0.023631190000060087,23.631190000060087
563,0.026871831000107704,26.871831000107704
564,0.030731314000149723,30.731314000149723
565,0.023692506000088542,23.692506000088542
566,0.023601967000104196,23.601967000104196
567,0.02868538500001705,28.68538500001705
568,0.029708027999959086,29.708027999959086
569,0.02317609600004289,23.17609600004289
570,0.023640549999981886,23.640549999981886
571,0.03027048399985688,30.27048399985688
572,0.028463160000001153,28.463160000001153
573,0.021641997000187985,21.641997000187985
574,0.02118464199998016,21.18464199998016
575,0.030309770000030767,30.309770000030767
576,0.029072753999798806,29.072753999798806
577,0.022568108000086795,22.568108000086795
578,0.021741500999951313,21.741500999951313
579,0.03109255000003941,31.09255000003941
580,0.02850241500004813,28.50241500004813
581,0.021665185000074416,21.665185000074416
582,0.021223068999915995,21.223068999915995
583,0.03103034200012189,31.03034200012189
584,0.028185782000036852,28.185782000036852
585,0.02407705500013435,24.07705500013435
586,0.021261795000100392,21.261795000100392
587,0.030941722000079608,30.941722000079608
588,0.029036567000048308,29.036567000048308
589,0.021646429000156786,21.646429000156786
590,0.02184273500006384,21.84273500006384
591,0.03117829600000732,31.17829600000732
592,0.028790848999960872,28.790848999960872
593,0.022781592999990607,22.781592999990607
594,0.02240451100010432,22.40451100010432
595,0.029628292000097645,29.628292000097645
596,0.02856758300004003,28.56758300004003
597,0.021694496000009167,21.694496000009167
598,0.02180305600018073,21.80305600018073
599,0.029754081999953996,29.754081999953996
600,0.028645460000007006,28.645460000007006
601,0.021508314000129758,21.508314000129758
602,0.021383824999929857,21.383824999929857
603,0.027966105999894353,27.966105999894353
604,0.03092908200005695,30.92908200005695
605,0.022787084999890794,22.787084999890794
606,0.02184682100005375,21.84682100005375
607,0.031163717000026736,31.163717000026736
608,0.028317020000031334,28.317020000031334
609,0.022087264999981926,22.087264999981926
610,0.02178288100003556,21.78288100003556
611,0.027794647000064288,27.794647000064288
612,0.029517226000052688,29.517226000052688
613,0.021949073000087083,21.949073000087083
614,0.02196909200006303,21.96909200006303
615,0.025501710000071398,25.501710000071398
616,0.03473897699996087,34.73897699996087
617,0.02213667199998781,22.13667199998781
618,0.021656398999994053,21.656398999994053
619,0.032381971999939196,32.381971999939196
620,0.029185559999859834,29.185559999859834
621,0.022072223999884955,22.072223999884955
622,0.021541735000027984,21.541735000027984
623,0.032844635999936145,32.844635999936145
624,0.027872070000057647,27.872070000057647
625,0.021505320999949618,21.505320999949618
626,0.021313768999789318,21.313768999789318
627,0.13278707700010273,132.78707700010273
628,0.038050921999911225,38.050921999911225
629,0.04443799000000581,44.43799000000581
630,0.023009145000060016,23.009145000060016
631,0.032060703000070134,32.060703000070134
632,0.02843940599996131,28.43940599996131
633,0.02302408600007766,23.02408600007766
634,0.023081112999989273,23.081112999989273
635,0.03304119700010233,33.04119700010233
636,0.02385046499989585,23.85046499989585
637,0.02307096399999864,23.07096399999864
638,0.023042130000021643,23.042130000021643
639,0.03645316899996942,36.45316899996942
640,0.024523825999949622,24.523825999949622
641,0.023529030999952738,23.529030999952738
642,0.023594621000029292,23.594621000029292
643,0.03284880599994722,32.84880599994722
644,0.025729054999828804,25.729054999828804
645,0.023891870999932507,23.891870999932507
646,0.026167401000066093,26.167401000066093
647,0.03537761499978842,35.37761499978842
648,0.024921251000023403,24.921251000023403
649,0.024411044999851583,24.411044999851583
650,0.02424668899993776,24.24668899993776
651,0.027092041000059908,27.092041000059908
652,0.03129992999993192,31.29992999993192
653,0.023987640000086685,23.987640000086685
654,0.023099885999954495,23.099885999954495
655,0.03136895300008291,31.36895300008291
656,0.02870453700006692,28.70453700006692
657,0.023139804000038566,23.139804000038566
658,0.02296964300012405,22.96964300012405
659,0.030914088000145057,30.914088000145057
660,0.02988403500012282,29.88403500012282
661,0.024176813000167385,24.176813000167385
662,0.023572472999831007,23.572472999831007
663,0.03120446599996285,31.20446599996285
664,0.025248257000157537,25.248257000157537
665,0.023061856999902375,23.061856999902375
666,0.024724248999973497,24.724248999973497
667,0.041370315999984086,41.370315999984086
668,0.03059467000002769,30.59467000002769
669,0.024353880000035133,24.353880000035133
670,0.02340281299984781,23.40281299984781
671,0.03465707000009388,34.65707000009388
672,0.02457187300001351,24.57187300001351
673,0.023702818000174375,23.702818000174375
674,0.023806432000128552,23.806432000128552
675,0.026599801999964257,26.599801999964257
676,0.03096071300001313,30.96071300001313
677,0.024327508999931524,24.327508999931524
678,0.022911537000027238,22.911537000027238
679,0.029309650999948644,29.309650999948644
680,0.028775575000054232,28.775575000054232
681,0.023283808000087447,23.283808000087447
682,0.023099694999928033,23.099694999928033
683,0.029999959999940984,29.999959999940984
684,0.03010146200017516,30.10146200017516
685,0.023730135000050723,23.730135000050723
686,0.02366544000005888,23.66544000005888
687,0.030666220000057365,30.666220000057365
688,0.024690730999964217,24.690730999964217
689,0.023391319999973348,23.391319999973348
690,0.02315843099995618,23.15843099995618
691,0.03157361100011258,31.573611000112578
692,0.024310324999987643,24.310324999987643
693,0.023679211000171563,23.679211000171563
694,0.023703409000063402,23.703409000063402
695,0.02753485899984298,27.53485899984298
696,0.025773313999934544,25.773313999934544
697,0.02366004400005295,23.66004400005295
698,0.02295895600013864,22.95895600013864
699,0.031742298999915874,31.742298999915874
700,0.024462281000069197,24.462281000069197
701,0.02460128400002759,24.60128400002759
702,0.023683406000145624,23.683406000145624
703,0.0288116120000268,28.8116120000268
704,0.02461849099995561,24.61849099995561
705,0.0231791029998476,23.1791029998476
706,0.02297921999979735,22.97921999979735
707,0.02811977599981219,28.11977599981219
708,0.025528441999995266,25.528441999995266
709,0.02362068399997952,23.62068399997952
710,0.023116170000093916,23.116170000093916
711,0.03159280900013073,31.59280900013073
712,0.02851755299980141,28.51755299980141
713,0.023718931000075827,23.718931000075827
714,0.02365778000012142,23.65778000012142
715,0.03090381099991646,30.90381099991646
716,0.034464956000192615,34.464956000192615
717,0.02622636399996736,26.22636399996736
718,0.02444849800008342,24.44849800008342
719,0.04124187200000051,41.24187200000051
720,0.023704011999825525,23.704011999825525
721,0.022842186000161746,22.842186000161746
722,0.023037060999968162,23.037060999968162
723,0.030601274999980888,30.601274999980888
724,0.02869591700005003,28.69591700005003
725,0.022923525999885896,22.923525999885896
726,0.023157810000157042,23.157810000157042
727,0.030748013999982504,30.748013999982504
728,0.028677298999809864,28.677298999809864
729,0.0240644569998949,24.0644569998949
730,0.02342644200007271,23.42644200007271
731,0.03772472100013147,37.72472100013147
732,0.024257585999976072,24.257585999976072
733,0.023804464000022563,23.804464000022563
734,0.024155500000006214,24.155500000006214
735,0.032441385000083756,32.441385000083756
736,0.02389241600008063,23.89241600008063
737,0.02300135100017542,23.00135100017542
738,0.02299796600004811,22.99796600004811
739,0.03037600300012855,30.37600300012855
740,0.023833125000010114,23.833125000010114
741,0.02339702600011151,23.39702600011151
742,0.02299222200008444,22.99222200008444
743,0.027954336999982843,27.954336999982843
744,0.028745401000151105,28.745401000151105
745,0.023466818999850148,23.466818999850148
746,0.023617497000032017,23.617497000032017
747,0.031268238999928144,31.268238999928144
748,0.029577429000028133,29.577429000028133
749,0.024038039000060962,24.038039000060962
750,0.02298321299986128,22.98321299986128
751,0.0325116540000181,32.5116540000181
752,0.02840191700011019,28.40191700011019
753,0.02304197000012209,23.04197000012209
754,0.023097403000065242,23.097403000065242
755,0.03353257799994935,33.53257799994935
756,0.024401240000088364,24.401240000088364
757,0.023867440000003626,23.867440000003626
758,0.023644325000077515,23.644325000077515
759,0.027689669999972466,27.689669999972466
760,0.023873879999882774,23.873879999882774
761,0.023299561000158064,23.299561000158064
762,0.022986366999930397,22.986366999930397
763,0.03130275599983179,31.30275599983179
764,0.02379339400022218,23.79339400022218
765,0.023098374000028343,23.098374000028343
766,0.023578352000185987,23.578352000185987
767,0.032521395000003395,32.521395000003395
768,0.02453861899994081,24.53861899994081
769,0.024076735000107874,24.076735000107874
770,0.023705445000132386,23.705445000132386
771,0.02737618400010433,27.37618400010433
772,0.024236971000163976,24.236971000163976
773,0.02349869900012891,23.49869900012891
774,0.022962489000065034,22.962489000065034
775,0.03219561799983239,32.19561799983239
776,0.024541709999994055,24.541709999994055
777,0.02820703600013985,28.20703600013985
778,0.023007597999821883,23.007597999821883
779,0.026261362000013833,26.261362000013833
780,0.029814977000114595,29.814977000114595
781,0.022936369000035484,22.936369000035484
782,0.02300649400012844,23.00649400012844
783,0.02663775600012741,26.63775600012741
784,0.03097731200000453,30.97731200000453
785,0.023613792000105605,23.613792000105605
786,0.022968083000023398,22.968083000023398
787,0.029541777000076763,29.541777000076763
788,0.02946602400015763,29.46602400015763
789,0.024309599000162052,24.309599000162052
790,0.023718620000181545,23.718620000181545
791,0.03024767800002337,30.24767800002337
792,0.028412575999936962,28.412575999936962
793,0.023131990000138103,23.131990000138103
794,0.02318291999995381,23.18291999995381
795,0.03091195100000732,30.91195100000732
796,0.02745742499996595,27.45742499996595
797,0.023788567999872612,23.788567999872612
798,0.023614456999894173,23.614456999894173
799,0.034969899000088844,34.969899000088844
800,0.024644211000122596,24.644211000122596
801,0.023790379000047324,23.790379000047324
802,0.023430271000052016,23.430271000052016
803,0.037628399000141144,37.628399000141144
804,0.029064001999813627,29.064001999813627
805,0.02289181700007248,22.89181700007248
806,0.022679699000036635,22.679699000036635
807,0.03903988500019295,39.03988500019295
808,0.023823988999993162,23.823988999993162
809,0.02801302900002156,28.01302900002156
810,0.023007168000049205,23.007168000049205
811,0.029523004999873592,29.523004999873592
812,0.02900298000008661,29.00298000008661
813,0.023099802000160707,23.099802000160707
814,0.023518969999940964,23.518969999940964
815,0.031364943999960815,31.364943999960815
816,0.04641055599995525,46.41055599995525
817,0.02644507600007273,26.44507600007273
818,0.025638805000198772,25.638805000198772
819,0.026003648000141766,26.003648000141766
820,0.03290628799982187,32.90628799982187
821,0.0269130540000333,26.9130540000333
822,0.02343289499981438,23.43289499981438
823,0.029128095000032772,29.128095000032772
824,0.028692448000128934,28.692448000128934
825,0.02500496400011798,25.00496400011798
826,0.024984667999888188,24.984667999888188
827,0.046496822999870346,46.496822999870346
828,0.025328090999892083,25.328090999892083
829,0.0233220939999228,23.3220939999228
830,0.023262534000195956,23.262534000195956
831,0.041030214000102205,41.030214000102205
832,0.025129655999990064,25.129655999990064
833,0.025749078999979247,25.749078999979247
834,0.02298832799988304,22.98832799988304
835,0.03339686399999664,33.39686399999664
836,0.02861473100006151,28.61473100006151
837,0.023747415000116234,23.747415000116234
838,0.023547010000129376,23.547010000129376
839,0.03141308699991896,31.41308699991896
840,0.025926315000106115,25.926315000106115
841,0.023424148000003697,23.424148000003697
842,0.023890985999969416,23.890985999969416
843,0.027522518000068885,27.522518000068885
844,0.024095894000083717,24.095894000083717
845,0.023428333000083512,23.428333000083512
846,0.022925188000044727,22.925188000044727
847,0.03138719100002163,31.38719100002163
848,0.02362189599989506,23.62189599989506
849,0.02344689999995353,23.44689999995353
850,0.023527417999957834,23.527417999957834
851,0.03144980300021416,31.44980300021416
852,0.024291611999842644,24.291611999842644
853,0.02368860699994002,23.68860699994002
854,0.02356425399989348,23.56425399989348
855,0.02785325000013472,27.85325000013472
856,0.024458021999862467,24.458021999862467
857,0.02350765300002422,23.50765300002422
858,0.02334007600006771,23.34007600006771
859,0.03131534199997077,31.31534199997077
860,0.023981162999916705,23.981162999916705
861,0.023603934999982812,23.603934999982812
862,0.022931017000018983,22.931017000018983
863,0.03084806800006845,30.84806800006845
864,0.023441014999889376,23.441014999889376
865,0.023007029000154944,23.007029000154944
866,0.022837844000150653,22.837844000150653
867,0.03175138799997512,31.751387999975123
868,0.026230267999835633,26.230267999835633
869,0.023640409000108775,23.640409000108775
870,0.023419039000145858,23.419039000145858
871,0.02797950000012861,27.97950000012861
872,0.023932936000164773,23.932936000164773
873,0.025151575999871056,25.151575999871056
874,0.02373977100000957,23.73977100000957
875,0.02852207000000817,28.52207000000817
876,0.02384485999982644,23.84485999982644
877,0.023520978999840736,23.520978999840736
878,0.02329083599988735,23.29083599988735
879,0.031016209999961575,31.016209999961575
880,0.024097234999999273,24.097234999999273
881,0.02362790600000153,23.62790600000153
882,0.0254344840000158,25.4344840000158
883,0.04740599900014786,47.40599900014786
884,0.023710002999905555,23.710002999905555
885,0.02268122000009498,22.68122000009498
886,0.022526446000028955,22.526446000028955
887,0.03154850099986106,31.548500999861062
888,0.024491061000162517,24.491061000162517
889,0.02367089900008068,23.67089900008068
890,0.023539372999948682,23.539372999948682
891,0.02728939500002525,27.28939500002525
892,0.026698888999817427,26.698888999817427
893,0.02363418400000228,23.63418400000228
894,0.023531019000074593,23.531019000074593
895,0.034298963999845,34.298963999845
896,0.024237377999952514,24.237377999952514
897,0.023516871999845534,23.516871999845534
898,0.023209059999999226,23.209059999999226
899,0.027947568999934447,27.947568999934447
900,0.023724285000071177,23.724285000071177
901,0.023215664999952423,23.215664999952423
902,0.02275557000007211,22.75557000007211
903,0.03163880900001459,31.63880900001459
904,0.025313811000160058,25.313811000160058
905,0.023530250000021624,23.530250000021624
906,0.023201617000040642,23.201617000040642
907,0.02697317899992413,26.97317899992413
908,0.02859100099999523,28.59100099999523
909,0.023856371000192667,23.856371000192667
910,0.022985043000062433,22.985043000062433
911,0.031237022999903274,31.237022999903274
912,0.02551983700004712,25.51983700004712
913,0.023488950999990266,23.488950999990266
914,0.022842609999997876,22.842609999997876
915,0.03747080199991615,37.47080199991615
916,0.024387518000139607,24.387518000139607
917,0.02371880499981671,23.71880499981671
918,0.024182376999988264,24.182376999988264
919,0.026251379999848723,26.251379999848723
920,0.029799279999906503,29.799279999906503
921,0.022915450000027704,22.915450000027704
922,0.022850852999908966,22.850852999908966
923,0.027884052000217707,27.884052000217707
924,0.029051530000060666,29.051530000060666
925,0.022860243999957675,22.860243999957675
926,0.022920651000049475,22.920651000049475
927,0.029901285000050848,29.901285000050848
928,0.028560192999975698,28.560192999975698
929,0.0239715459999843,23.9715459999843
930,0.023175496000021667,23.175496000021667
931,0.029304775999889898,29.3047759998899
932,0.02903351300005852,29.03351300005852
933,0.023603874000173164,23.603874000173164
934,0.02328885299993999,23.28885299993999
935,0.03310385000008864,33.10385000008864
936,0.026898680000158492,26.898680000158492
937,0.02367949800009228,23.67949800009228
938,0.022935982000035438,22.935982000035438
939,0.04054686800009222,40.54686800009222
940,0.024224546999903396,24.224546999903396
941,0.023587226000017836,23.587226000017836
942,0.022876616000075956,22.876616000075956
943,0.03177999699983047,31.779996999830473
944,0.0289531360001547,28.9531360001547
945,0.02363841000010325,23.63841000010325
946,0.023264022999910594,23.264022999910594
947,0.035422134999862465,35.422134999862465
948,0.025797344000011435,25.797344000011435
949,0.02387461400007851,23.87461400007851
950,0.023118928000030792,23.11892800003079
951,0.027803309000091758,27.803309000091758
952,0.031601214999909644,31.601214999909644
953,0.023410089999970296,23.410089999970296
954,0.02388975400003801,23.88975400003801
955,0.029497285999923406,29.497285999923406
956,0.028526566999971692,28.526566999971692
957,0.02286509999998998,22.86509999998998
958,0.022603366999874197,22.603366999874197
959,0.03011736899998141,30.11736899998141
960,0.028556935000096928,28.556935000096928
961,0.023754752000058943,23.754752000058943
962,0.02311824200000956,23.11824200000956
963,0.03295345199990152,32.95345199990152
964,0.02727381499994408,27.27381499994408
965,0.02399639300006129,23.99639300006129
966,0.023477828000068257,23.477828000068257
967,0.03907264100007524,39.07264100007524
968,0.02598899400004484,25.98899400004484
969,0.022983460999967065,22.983460999967065
970,0.022851787000035984,22.851787000035984
971,0.034572082999829945,34.572082999829945
972,0.0282832950001648,28.2832950001648
973,0.02300019200015413,23.00019200015413
974,0.023634154000092167,23.634154000092167
975,0.03201575499997489,32.01575499997489
976,0.02439106100018762,24.39106100018762
977,0.03505006099999264,35.05006099999264
978,0.025313889000017298,25.313889000017298
979,0.04493024999987938,44.93024999987938
980,0.025192222999976366,25.192222999976366
981,0.02290097499985677,22.90097499985677
982,0.023948111999970934,23.948111999970934
983,0.03268390499988527,32.68390499988527
984,0.027113060999909067,27.113060999909067
985,0.023429403000136517,23.429403000136517
986,0.022799974999998085,22.799974999998085
987,0.030262602999982846,30.262602999982846
988,0.02741160500022488,27.41160500022488
989,0.023489363000180674,23.489363000180674
990,0.023613461999957508,23.613461999957508
991,0.027443772999959037,27.443772999959037
992,0.024142922000010003,24.142922000010003
993,0.02347723799994128,23.47723799994128
994,0.022971933000007994,22.971933000007994
995,0.031090979000055086,31.090979000055086
996,0.023853056999996625,23.853056999996625
997,0.023436079000020982,23.43607900002098
998,0.025055525999960082,25.055525999960082
999,0.04314344999988862,43.14344999988862
1000,0.027961757999946713,27.961757999946713
1001,0.02351614500003052,23.51614500003052
1002,0.02344697500006987,23.44697500006987
1003,0.03529078500014293,35.29078500014293
1004,0.028683332000127848,28.683332000127848
1005,0.022908765000011044,22.908765000011044
1006,0.02289026400012517,22.89026400012517
1007,0.03214489900005901,32.14489900005901
1008,0.02779511099993215,27.79511099993215
1009,0.02331426000000647,23.31426000000647
1010,0.022859818999904746,22.859818999904746
1011,0.029141246999870418,29.141246999870418
1012,0.028365390000089974,28.365390000089974
1013,0.023555800999929488,23.555800999929488
1014,0.023490584000001036,23.490584000001036
1015,0.030043326999930287,30.043326999930287
1016,0.02846279099981075,28.46279099981075
1017,0.02361041800008934,23.61041800008934
1018,0.023171085999820207,23.171085999820207
1019,0.031384334999984276,31.384334999984276
1020,0.0238912900001651,23.8912900001651
1021,0.023615915999926074,23.615915999926074
1022,0.023273850999885326,23.273850999885326
1023,0.03981326200005242,39.81326200005242
1024,0.024237491999883787,24.237491999883787
1025,0.023523545999978523,23.523545999978523
1026,0.02337174500007677,23.37174500007677
1027,0.029011457000024166,29.011457000024166
1028,0.027806453000039255,27.806453000039255
1029,0.02321284000004198,23.21284000004198
1030,0.0228296309999223,22.8296309999223
1031,0.0280613990000802,28.0613990000802
1032,0.028162018999864813,28.162018999864813
1033,0.023910070000056294,23.910070000056294
1034,0.024831051000091975,24.831051000091975
1035,0.034771045000070444,34.771045000070444
1036,0.027478294000047754,27.478294000047754
1037,0.023563051000110136,23.563051000110136
1038,0.023056441000107952,23.056441000107952
1039,0.0306784179999795,30.6784179999795
1040,0.023555044999966412,23.555044999966412
1041,0.023018527999965954,23.018527999965954
1042,0.022955353000043033,22.955353000043033
1043,0.030526049999934912,30.526049999934912
1044,0.029940401999965616,29.940401999965616
1045,0.023612695999872813,23.612695999872813
1046,0.02346717799991893,23.46717799991893
1047,0.026473305000081382,26.473305000081382
1048,0.03685366400009116,36.85366400009116
1049,0.027140102999965166,27.140102999965166
1050,0.024345909999965443,24.345909999965443
1051,0.0350322449999112,35.0322449999112
1052,0.023626246000048923,23.626246000048923
1053,0.023283289999881163,23.283289999881163
1054,0.022931947999950353,22.931947999950353
1055,0.028702025000029607,28.702025000029607
1056,0.029858806999982335,29.858806999982335
1057,0.02312867799992091,23.12867799992091
1058,0.022918766999964646,22.918766999964646
1059,0.028823047000059887,28.823047000059887
1060,0.028915095999991536,28.915095999991536
1061,0.023832722999941325,23.832722999941325
1062,0.02369966699984616,23.69966699984616
1063,0.030977971000083926,30.977971000083926
1064,0.02807604600002378,28.07604600002378
1065,0.023882906000153525,23.882906000153525
1066,0.023760455000001457,23.760455000001457
1067,0.024758367000004,24.758367000004
1068,0.03343818500002271,33.43818500002271
1069,0.02362261500002205,23.62261500002205
1070,0.023751471999958085,23.751471999958085
1071,0.027431330000126763,27.431330000126763
1072,0.026140901000189842,26.140901000189842
1073,0.022866219999968962,22.866219999968962
1074,0.022960099999863814,22.960099999863814
1075,0.03153728100005537,31.537281000055373
1076,0.024946338000063406,24.946338000063406
1077,0.023628728999938176,23.628728999938176
1078,0.023520416999872396,23.520416999872396
1079,0.032733908999944106,32.733908999944106
1080,0.023770518999981505,23.770518999981505
1081,0.02319041800001287,23.19041800001287
1082,0.022850715999993554,22.850715999993554
1083,0.027620440999953644,27.620440999953644
1084,0.027539447999970434,27.539447999970434
1085,0.023547010999891427,23.547010999891427
1086,0.023530136999852402,23.530136999852402
1087,0.03710149200014712,37.10149200014712
1088,0.023944557999811877,23.944557999811877
1089,0.0229224869999598,22.9224869999598
1090,0.02295157699995798,22.95157699995798
1091,0.026364938999904552,26.364938999904552
1092,0.05091511399996307,50.91511399996307
1093,0.061314786999901116,61.314786999901116
1094,0.022886444000050687,22.886444000050687
1095,0.037438574999896446,37.438574999896446
1096,0.024137518000088676,24.137518000088676
1097,0.02411152099989522,24.11152099989522
1098,0.022852655999940907,22.852655999940907
1099,0.027938741000070877,27.938741000070877
1100,0.03010178900012761,30.10178900012761
1101,0.023601673000030132,23.601673000030132
1102,0.023544863999859444,23.544863999859444
1103,0.033156617000031474,33.156617000031474
1104,0.029737228999920262,29.737228999920262
1105,0.02367767699979595,23.67767699979595
1106,0.023796612000069217,23.796612000069217
1107,0.028041538000024957,28.041538000024957
1108,0.025509046000024682,25.509046000024682
1109,0.02295220800010611,22.95220800010611
1110,0.022963562000086313,22.963562000086313
1111,0.03126197200003844,31.26197200003844
1112,0.025227367000070444,25.227367000070444
1113,0.024702441000044928,24.702441000044928
1114,0.023493681999980254,23.493681999980254
1115,0.02763727599995036,27.63727599995036
1116,0.026679880000074263,26.679880000074263
1117,0.023145804000023418,23.145804000023418
1118,0.02313618200014389,23.13618200014389
1119,0.03113615399979608,31.13615399979608
1120,0.023400295000101323,23.400295000101323
1121,0.02293395500009865,22.93395500009865
1122,0.022916024000096513,22.916024000096513
1123,0.03227779400003783,32.27779400003783
1124,0.024697371000002022,24.697371000002022
1125,0.0234814660000211,23.4814660000211
1126,0.02352907799991044,23.52907799991044
1127,0.02812018600002375,28.12018600002375
1128,0.024276406999888422,24.276406999888422
1129,0.023351970000021538,23.351970000021538
1130,0.024872684000001755,24.872684000001755
1131,0.03630799500001558,36.30799500001558
1132,0.02446202999999514,24.46202999999514
1133,0.023090840000122625,23.090840000122625
1134,0.023016696000013326,23.016696000013326
1135,0.03200729200011665,32.00729200011665
1136,0.024099971999930858,24.099971999930858
1137,0.024038429000029282,24.038429000029282
1138,0.02348463100020126,23.48463100020126
1139,0.028080931999966197,28.080931999966197
1140,0.028889306000110082,28.889306000110082
1141,0.023097079999843118,23.097079999843118
1142,0.022904078000010486,22.904078000010486
1143,0.026152545000059035,26.152545000059035
1144,0.030697798999881343,30.697798999881343
1145,0.025078508999968108,25.078508999968108
1146,0.025744176999978663,25.744176999978663
1147,0.04717728100013119,47.17728100013119
1148,0.03254143000003751,32.54143000003751
1149,0.025447415999906298,25.447415999906298
1150,0.02616236500011837,26.16236500011837
1151,0.04348916499998268,43.48916499998268
1152,0.025557565000099203,25.557565000099203
1153,0.02363729100011369,23.63729100011369
1154,0.02350917299986577,23.50917299986577
1155,0.03372552800010453,33.72552800010453
1156,0.030556903999922724,30.556903999922724
1157,0.02419141999985186,24.19141999985186
1158,0.025310342000011588,25.310342000011588
1159,0.047447165999983554,47.447165999983554
1160,0.03184026400003859,31.840264000038587
1161,0.02389631900018685,23.89631900018685
1162,0.025137385000107315,25.137385000107315
1163,0.035782392000101026,35.78239200010103
1164,0.02857389900009366,28.57389900009366
1165,0.023151742999971248,23.151742999971248
1166,0.023075476000030903,23.075476000030903
1167,0.030787829000018974,30.787829000018974
1168,0.024581951999834928,24.581951999834928
1169,0.023004832999959035,23.004832999959035
1170,0.023100625999859403,23.100625999859403
1171,0.031496187999891845,31.496187999891845
1172,0.024371573000053104,24.371573000053104
1173,0.02364409799997702,23.64409799997702
1174,0.02448155700017196,24.48155700017196
1175,0.03009388600003149,30.09388600003149
1176,0.03604595000001609,36.04595000001609
1177,0.02413717500007806,24.13717500007806
1178,0.02364722599986635,23.64722599986635
1179,0.030573829999866575,30.573829999866575
1180,0.024882782999839037,24.882782999839037
1181,0.023284021000108623,23.284021000108623
1182,0.023613063999846418,23.613063999846418
1183,0.02497376700011955,24.97376700011955
1184,0.032492795000052865,32.492795000052865
1185,0.02307636899990939,23.07636899990939
1186,0.02324568900007762,23.24568900007762
1187,0.03179999600001793,31.799996000017927
1188,0.02467803699983051,24.67803699983051
1189,0.023679727999933675,23.679727999933675
1190,0.023693848999982947,23.693848999982947
1191,0.027728011000135666,27.728011000135666
1192,0.02450893500008533,24.50893500008533
1193,0.024726461999989624,24.726461999989624
1194,0.02333695400011493,23.33695400011493
1195,0.029039630999932342,29.039630999932342
1196,0.02377742099997704,23.77742099997704
1197,0.023082203000058144,23.082203000058144
1198,0.02302858300004118,23.02858300004118
1199,0.03585168400013572,35.85168400013572
1200,0.0245655710000392,24.5655710000392
1201,0.023785488000157784,23.785488000157784
1202,0.024165803000187225,24.165803000187225
1203,0.028785654000103023,28.785654000103023
1204,0.029366370000161623,29.366370000161623
1205,0.023620316000005914,23.620316000005914
1206,0.023636634000013146,23.636634000013146
1207,0.03084351899997273,30.84351899997273
1208,0.029505739000114772,29.505739000114772
1209,0.027641760000051363,27.641760000051363
1210,0.023976758000117115,23.976758000117115
1211,0.03409652499999538,34.09652499999538
1212,0.03001093700004276,30.01093700004276
1213,0.023132785999905536,23.132785999905536
1214,0.022810096999819507,22.810096999819507
1215,0.02969705099985731,29.69705099985731
1216,0.029472844000110854,29.472844000110854
1217,0.02313933499999621,23.13933499999621
1218,0.023052678999874843,23.052678999874843
1219,0.03135221799993815,31.352217999938148
1220,0.0288476810001157,28.8476810001157
1221,0.02538380800001505,25.38380800001505
1222,0.02476636200003668,24.76636200003668
1223,0.03278855899998234,32.78855899998234
1224,0.028284314000075028,28.284314000075028
1225,0.024192363000111072,24.192363000111072
1226,0.02329124200014121,23.29124200014121
1227,0.033920125999884476,33.920125999884476
1228,0.029080119000127524,29.080119000127524
1229,0.022995094999942012,22.995094999942012
1230,0.022824878999927023,22.824878999927023
1231,0.03168047700000898,31.680477000008977
1232,0.023735837999993237,23.735837999993237
1233,0.022936426000114807,22.936426000114807
1234,0.022688864999963698,22.688864999963698
1235,0.0325352899999416,32.5352899999416
1236,0.024672395999914443,24.672395999914443
1237,0.023561667999956626,23.561667999956626
1238,0.02351991899990935,23.51991899990935
1239,0.0324679020000076,32.4679020000076
1240,0.025160204000030717,25.160204000030717
1241,0.02357088799999474,23.57088799999474
1242,0.02327812199996515,23.27812199996515
1243,0.02481971399993199,24.81971399993199
1244,0.03324207000014212,33.24207000014212
1245,0.023066109000183133,23.066109000183133
1246,0.02288453699998172,22.88453699998172
1247,0.025769030999981624,25.769030999981624
1248,0.028941395000174452,28.941395000174452
1249,0.02297352999994473,22.97352999994473
1250,0.02263113699996211,22.63113699996211
1251,0.025772762000087823,25.772762000087823
1252,0.03211970799998198,32.11970799998198
1253,0.02349973799982763,23.49973799982763
1254,0.023450963999948726,23.450963999948726
1255,0.028934715000104916,28.934715000104916
1256,0.02888417000008303,28.88417000008303
1257,0.023648090999813576,23.648090999813576
1258,0.024495195000099557,24.495195000099557
1259,0.028720119999888993,28.720119999888993
1260,0.02811114299993278,28.11114299993278
1261,0.023327448000145523,23.327448000145523
1262,0.022939213999961794,22.939213999961794
1263,0.029402385000139475,29.402385000139475
1264,0.02807395800004997,28.07395800004997
1265,0.02308605100006389,23.08605100006389
1266,0.02278638799998589,22.78638799998589
1267,0.028385213999854386,28.385213999854386
1268,0.02849594999997862,28.49594999997862
1269,0.02350022399991758,23.50022399991758
1270,0.02350654399992891,23.50654399992891
1271,0.02957325099987429,29.57325099987429
1272,0.02861837699992975,28.61837699992975
1273,0.02351518099999339,23.51518099999339
1274,0.023043757999857917,23.043757999857917
1275,0.030316136000010374,30.316136000010374
1276,0.02818006500001502,28.18006500001502
1277,0.023625627999990684,23.625627999990684
1278,0.023617486000148347,23.617486000148347
1279,0.03454016499995305,34.54016499995305
1280,0.024390096999923117,24.390096999923117
1281,0.023505478000060975,23.505478000060975
1282,0.02401584299991555,24.01584299991555
1283,0.02894018100005269,28.94018100005269
1284,0.028851752000036868,28.851752000036868
1285,0.023396779999984574,23.396779999984574
1286,0.02294894400006342,22.94894400006342
1287,0.029017877999876873,29.017877999876873
1288,0.028969021999955658,28.969021999955658
1289,0.023362981999980548,23.362981999980548
1290,0.022921437000150036,22.921437000150036
1291,0.026730477000000974,26.730477000000974
1292,0.03189700400002948,31.897004000029483
1293,0.02492167399987011,24.92167399987011
1294,0.02378871199994137,23.78871199994137
1295,0.03163710900003025,31.63710900003025
1296,0.02906795599983525,29.06795599983525
1297,0.023709293000138132,23.709293000138132
1298,0.023716956000043865,23.716956000043865
1299,0.02761714700000084,27.61714700000084
1300,0.02613224300012007,26.13224300012007
1301,0.02304553799990572,23.04553799990572
1302,0.022794007000129568,22.794007000129568
1303,0.03145281800016164,31.452818000161642
1304,0.02460724599995956,24.60724599995956
1305,0.025550729999849864,25.550729999849864
1306,0.02445623399989927,24.45623399989927
1307,0.04212460899998405,42.12460899998405
1308,0.023321927999859327,23.321927999859327
1309,0.0258837849999054,25.8837849999054
1310,0.026979474999961894,26.979474999961894
1311,0.036277364999932615,36.277364999932615
1312,0.023943695999832926,23.943695999832926
1313,0.023142713999959597,23.142713999959597
1314,0.022992366000153197,22.992366000153197
1315,0.03187578200004282,31.87578200004282
1316,0.02845787499995822,28.45787499995822
1317,0.023042800999974133,23.042800999974133
1318,0.02291863799996463,22.91863799996463
1319,0.031831746000079875,31.831746000079875
1320,0.028475323000066055,28.475323000066055
1321,0.02337419100012994,23.37419100012994
1322,0.023540830999991158,23.540830999991158
1323,0.02574676500012174,25.74676500012174
1324,0.033217596999975285,33.217596999975285
1325,0.02507793900008437,25.07793900008437
1326,0.025119376000020566,25.119376000020566
1327,0.04800859200008745,48.00859200008745
1328,0.02534758999991027,25.34758999991027
1329,0.023304701999904864,23.304701999904864
1330,0.022929356999839,22.929356999839
1331,0.040453034000165644,40.453034000165644
1332,0.02676160000009986,26.76160000009986
1333,0.02286993000006987,22.86993000006987
1334,0.022894843000131004,22.894843000131004
1335,0.03797195900006045,37.97195900006045
1336,0.02506320899988168,25.06320899988168
1337,0.02290997799991601,22.90997799991601
1338,0.02278558900002281,22.78558900002281
1339,0.027454853000108415,27.454853000108415
1340,0.024232266999888452,24.232266999888452
1341,0.02431725099995674,24.31725099995674
1342,0.023980552000011812,23.980552000011812
1343,0.029212572999995245,29.212572999995245
1344,0.024995644999989963,24.995644999989963
1345,0.023320740000144724,23.320740000144724
1346,0.022832039999912013,22.832039999912013
1347,0.034394346999988556,34.39434699998856
1348,0.02509354600010738,25.09354600010738
1349,0.02352558699999463,23.52558699999463
1350,0.02350989199999276,23.50989199999276
1351,0.032870387000002665,32.870387000002665
1352,0.023710428999947908,23.710428999947908
1353,0.022772030999931303,22.772030999931303
1354,0.022908917999984624,22.908917999984624
1355,0.03426534699997319,34.26534699997319
1356,0.02834844099993461,28.34844099993461
1357,0.02368673299997681,23.68673299997681
1358,0.02289585500011526,22.89585500011526
1359,0.030497999000090203,30.497999000090203
1360,0.030279664000090634,30.279664000090634
1361,0.02784587900009683,27.84587900009683
1362,0.02342598700010967,23.42598700010967
1363,0.026968250999971133,26.968250999971133
1364,0.02609978800001045,26.09978800001045
1365,0.023697308999999223,23.697308999999223
1366,0.02336695899998631,23.36695899998631
1367,0.027516260999846054,27.516260999846054
1368,0.02722249299995383,27.22249299995383
1369,0.022956719999911,22.956719999911
1370,0.023107916000071782,23.107916000071782
1371,0.029531782999811185,29.531782999811185
1372,0.028244450000102006,28.244450000102006
1373,0.02287032599997474,22.87032599997474
1374,0.02273079999986294,22.73079999986294
1375,0.03819807599984415,38.19807599984415
1376,0.02895090899983188,28.95090899983188
1377,0.023214700000153243,23.214700000153243
1378,0.02376405299992257,23.76405299992257
1379,0.03740154399997664,37.40154399997664
1380,0.026945501999989574,26.945501999989574
1381,0.024465966000207118,24.465966000207118
1382,0.02376894999997603,23.76894999997603
1383,0.028811447999942175,28.811447999942175
1384,0.024371740000106,24.371740000106
1385,0.02332940599990252,23.32940599990252
1386,0.02310110700000223,23.10110700000223
1387,0.030822965999959706,30.822965999959706
1388,0.024673043999882793,24.673043999882793
1389,0.023189909999928204,23.189909999928204
1390,0.023370427999907406,23.370427999907406
1391,0.028010245000132272,28.010245000132272
1392,0.02631265400009397,26.31265400009397
1393,0.02333557999986624,23.33557999986624
1394,0.02290696799991565,22.90696799991565
1395,0.031767682999998215,31.767682999998215
1396,0.02411955799993848,24.11955799993848
1397,0.023603944999877058,23.603944999877058
1398,0.02356649200009997,23.56649200009997
1399,0.02863133200003176,28.63133200003176
1400,0.024547036000058142,24.547036000058142
1401,0.02368090499999198,23.68090499999198
1402,0.02379380799993669,23.79380799993669
1403,0.026002651999988302,26.002651999988302
1404,0.03471641299984185,34.71641299984185
1405,0.023710434000122405,23.710434000122405
1406,0.02365067200003068,23.65067200003068
1407,0.02906919499992,29.06919499992
1408,0.029549768999913795,29.549768999913795
1409,0.023050737000176014,23.050737000176014
1410,0.022951027999852158,22.95102799985216
1411,0.029832347000137815,29.832347000137815
1412,0.02883223599997109,28.83223599997109
1413,0.023032101000126204,23.032101000126204
1414,0.02309545100001742,23.09545100001742
1415,0.02898106399993594,28.98106399993594
1416,0.029091257000118276,29.091257000118276
1417,0.02321561799999472,23.21561799999472
1418,0.022738324999863835,22.738324999863835
1419,0.02984490799985906,29.84490799985906
1420,0.030298509999965972,30.298509999965972
1421,0.02382231599995066,23.82231599995066
1422,0.023717102000091472,23.717102000091472
1423,0.03228089300000647,32.28089300000647
1424,0.02451900599999135,24.51900599999135
1425,0.02370745899997928,23.70745899997928
1426,0.023600776999955997,23.600776999955997
1427,0.028034009000066362,28.034009000066362
1428,0.024107174000164378,24.107174000164378
1429,0.023035237999920355,23.035237999920355
1430,0.022987854999882984,22.987854999882984
1431,0.03281302599998526,32.81302599998526
1432,0.02443588300002375,24.43588300002375
1433,0.023647756000173104,23.647756000173104
1434,0.023083807999910277,23.083807999910277
1435,0.03518300099995031,35.18300099995031
1436,0.024574734999987413,24.574734999987413
1437,0.023560044999840102,23.560044999840102
1438,0.02334198599987758,23.34198599987758
1439,0.026194242999963535,26.194242999963535
1440,0.03175915299993903,31.759152999939033
1441,0.023170552999999927,23.170552999999927
1442,0.0233259320000343,23.3259320000343
1443,0.027397976999964158,27.397976999964158
1444,0.03004841300003136,30.04841300003136
1445,0.023415401999955066,23.415401999955066
1446,0.02296831800003929,22.96831800003929
1447,0.028801167999972677,28.801167999972677
1448,0.029151855000009164,29.151855000009164
1449,0.023715090999985478,23.715090999985478
1450,0.023852602000033585,23.852602000033585
1451,0.029906618000040908,29.906618000040908
1452,0.029120433000116464,29.120433000116464
1453,0.025147294000134934,25.147294000134934
1454,0.023221685999942565,23.221685999942565
1455,0.03160670900001605,31.606709000016053
1456,0.024634375000005093,24.634375000005093
1457,0.023675272999980734,23.675272999980734
1458,0.023528537000174765,23.528537000174765
1459,0.02741685499995583,27.41685499995583
1460,0.02517427099996894,25.17427099996894
1461,0.022954739999931917,22.954739999931917
1462,0.02348312399999486,23.48312399999486
1463,0.030301491000045644,30.301491000045644
1464,0.026298498999949516,26.298498999949516
1465,0.022962734000202545,22.962734000202545
1466,0.022953319000180272,22.953319000180272
1467,0.0312982400000692,31.2982400000692
1468,0.025616978000016388,25.61697800001639
1469,0.02362319300004856,23.62319300004856
1470,0.02373613400004615,23.73613400004615
1471,0.02748537299999043,27.48537299999043
1472,0.026353894000067157,26.353894000067157
1473,0.023611497000047166,23.611497000047166
1474,0.022963816000128645,22.963816000128645
1475,0.031099949000008564,31.099949000008564
1476,0.025852348000171332,25.852348000171332
1477,0.024301202000060584,24.301202000060584
1478,0.02628183399997397,26.28183399997397
1479,0.047169264000103794,47.169264000103794
1480,0.026891002000184017,26.891002000184017
1481,0.025352318999921408,25.35231899992141
1482,0.025419886999998198,25.419886999998198
1483,0.024805325999977867,24.805325999977867
1484,0.03261443299993516,32.61443299993516
1485,0.02503220399989914,25.03220399989914
1486,0.029498590999992302,29.498590999992302
1487,0.040439243000037095,40.439243000037095
1488,0.025117197000099623,25.117197000099623
1489,0.023772870999891893,23.772870999891893
1490,0.023672082000075534,23.672082000075534
1491,0.0314956270001403,31.495627000140303
1492,0.029211250999878757,29.211250999878757
1493,0.025221002999842312,25.221002999842312
1494,0.02551939900013167,25.51939900013167
1495,0.03920190400003776,39.20190400003776
1496,0.02457275399979153,24.57275399979153
1497,0.023557727000024897,23.557727000024897
1498,0.022891120000167575,22.891120000167575
1499,0.02901483100004043,29.01483100004043
1500,0.02424083599998994,24.24083599998994
1501,0.023595247000002928,23.595247000002928
1502,0.023032308999972884,23.032308999972884
1503,0.032441087000051994,32.44108700005199
1504,0.02457696700002998,24.57696700002998
1505,0.02358912199997576,23.58912199997576
1506,0.024043665999897712,24.043665999897712
1507,0.02906435899990356,29.06435899990356
1508,0.02484207099996638,24.84207099996638
1509,0.022977224999976897,22.977224999976897
1510,0.02356482999994114,23.56482999994114
1511,0.028588962999947398,28.588962999947398
1512,0.02368137899998146,23.68137899998146
1513,0.02291504899994834,22.91504899994834
1514,0.02280367399998795,22.80367399998795
1515,0.032328159000144296,32.328159000144296
1516,0.02427444199997808,24.27444199997808
1517,0.02343440599997848,23.43440599997848
1518,0.025646520000009332,25.646520000009332
1519,0.02709379899988562,27.09379899988562
1520,0.032458614999995916,32.458614999995916
1521,0.023833003999925495,23.833003999925495
1522,0.023468862999834528,23.468862999834528
1523,0.031261258000085945,31.261258000085945
1524,0.028985542999862446,28.985542999862446
1525,0.02300086399986867,23.00086399986867
1526,0.02265120900005968,22.65120900005968
1527,0.029494136999801412,29.494136999801412
1528,0.031156021000015244,31.156021000015244
1529,0.023105241999928694,23.105241999928694
1530,0.02280150600017805,22.80150600017805
1531,0.13105995499995515,131.05995499995515
1532,0.03979759699996066,39.79759699996066
1533,0.02259302199990998,22.59302199990998
1534,0.022859604999894145,22.859604999894145
1535,0.03094325500001105,30.94325500001105
1536,0.02873988599981203,28.73988599981203
1537,0.023863752000124805,23.863752000124805
1538,0.02416024500007552,24.16024500007552
1539,0.03422724600000038,34.22724600000038
1540,0.03248870199990961,32.48870199990961
1541,0.02488341599996602,24.88341599996602
1542,0.02643392999993921,26.43392999993921
1543,0.03125462000002699,31.25462000002699
1544,0.023400349999974424,23.400349999974424
1545,0.022785377999980483,22.785377999980483
1546,0.03080546400019557,30.80546400019557
1547,0.028074074999949516,28.074074999949516
1548,0.02325322599995161,23.25322599995161
1549,0.022605846000033125,22.605846000033125
1550,0.028902763999894887,28.902763999894887
1551,0.028912528000091697,28.912528000091697
1552,0.02332374799993886,23.32374799993886
1553,0.022506190000058268,22.506190000058268
1554,0.027950995000082912,27.950995000082912
1555,0.034527757999967434,34.527757999967434
1556,0.023809772999811685,23.809772999811685
1557,0.02336347499999647,23.36347499999647
1558,0.030878193000035026,30.878193000035026
1559,0.026494796999941173,26.494796999941173
1560,0.023293215000194323,23.293215000194323
1561,0.022604164000085802,22.604164000085802
1562,0.02993110300008084,29.93110300008084
1563,0.02714901500007727,27.14901500007727
1564,0.02302925200001482,23.02925200001482
1565,0.022617149999859976,22.617149999859976
1566,0.029837405000080253,29.837405000080253
1567,0.02862648299992543,28.62648299992543
1568,0.023843619999979637,23.843619999979637
1569,0.023125243999857048,23.125243999857048
1570,0.03159411900014675,31.594119000146748
1571,0.024055139999973107,24.055139999973107
1572,0.023622875999990356,23.622875999990356
1573,0.022849156000120274,22.849156000120274
1574,0.028976582000041162,28.976582000041162
1575,0.024362328000052003,24.362328000052003
1576,0.023997916000098485,23.997916000098485
1577,0.0231576869998662,23.1576869998662
1578,0.02654318500003683,26.54318500003683
1579,0.03841908499998681,38.41908499998681
1580,0.023877712999819778,23.877712999819778
1581,0.02312670500009517,23.12670500009517
1582,0.029596566999998686,29.596566999998686
1583,0.028015941000148814,28.015941000148814
1584,0.023408488000086436,23.408488000086436
1585,0.022588004999988698,22.588004999988698
1586,0.028910502000144334,28.910502000144334
1587,0.027947597999855134,27.947597999855134
1588,0.023433483999951932,23.43348399995193
1589,0.02258949399993071,22.58949399993071
1590,0.029123534000063955,29.123534000063955
1591,0.02913669600002322,29.13669600002322
1592,0.023973747000127332,23.973747000127332
1593,0.023020643999871027,23.020643999871027
1594,0.030218923000120412,30.218923000120412
1595,0.028461135000043214,28.461135000043214
1596,0.023291633999861006,23.291633999861006
1597,0.022530049999886614,22.530049999886614
1598,0.030812556000000768,30.812556000000768
1599,0.028086670999982744,28.086670999982744
1600,0.023995756999966034,23.995756999966034
1601,0.02331522600002245,23.31522600002245
1602,0.03199638099999902,31.99638099999902
1603,0.02420822700014469,24.20822700014469
1604,0.023931143000027078,23.931143000027078
1605,0.022691958999985218,22.691958999985218
1606,0.027168165000148292,27.168165000148292
1607,0.027391425999894636,27.391425999894636
1608,0.023513250000178232,23.513250000178232
1609,0.022378547000016624,22.378547000016624
1610,0.03231185300001016,32.31185300001016
1611,0.025305291999984547,25.305291999984547
1612,0.02536252200002309,25.36252200002309
1613,0.023188399999980902,23.188399999980902
1614,0.02791804499997852,27.91804499997852
1615,0.02479524299997138,24.79524299997138
1616,0.02338503599980868,23.38503599980868
1617,0.022545480999951906,22.545480999951906
1618,0.03186671200001001,31.86671200001001
1619,0.025063871999918774,25.063871999918774
1620,0.02370007399986207,23.70007399986207
1621,0.023140053999895827,23.140053999895827
1622,0.03599200199982988,35.99200199982988
1623,0.025006391000033545,25.006391000033545
1624,0.023254803999861906,23.254803999861906
1625,0.023302908999994543,23.302908999994543
1626,0.03562257299995508,35.62257299995508
1627,0.023535235000053945,23.535235000053945
1628,0.023213948999909917,23.213948999909917
1629,0.022478306000039083,22.478306000039083
1630,0.026814459999968676,26.814459999968676
1631,0.028777002999959223,28.777002999959223
1632,0.02329533000010997,23.29533000010997
1633,0.022550344999899608,22.550344999899608
1634,0.027190615000108664,27.190615000108664
1635,0.03249372899995251,32.49372899995251
1636,0.024725555000031818,24.725555000031818
1637,0.024748950999992303,24.748950999992303
1638,0.035375042999930884,35.37504299993088
1639,0.02549328300005982,25.49328300005982
1640,0.025510889999850406,25.510889999850406
1641,0.02301633899992339,23.01633899992339
1642,0.02987099999995735,29.87099999995735
1643,0.028978643000073134,28.978643000073134
1644,0.023969134999788366,23.969134999788366
1645,0.024874452999938512,24.874452999938512
1646,0.030590880999852743,30.590880999852743
1647,0.028369537000116907,28.369537000116907
1648,0.0232495130001098,23.2495130001098
1649,0.022629312000162827,22.629312000162827
1650,0.029970132000016747,29.970132000016747
1651,0.02840230399988286,28.40230399988286
1652,0.023357562999990478,23.357562999990478
1653,0.022631764999914594,22.631764999914594
1654,0.03011383700004444,30.11383700004444
1655,0.028338733000055072,28.338733000055072
1656,0.024504558999979054,24.504558999979054
1657,0.02573276800012536,25.73276800012536
1658,0.028461656999979823,28.461656999979823
1659,0.02358445100003337,23.58445100003337
1660,0.023823742000104176,23.823742000104176
1661,0.023170409999920594,23.170409999920594
1662,0.028990513000053397,28.990513000053397
1663,0.024240247000079762,24.240247000079762
1664,0.023875374999988708,23.875374999988708
1665,0.02289792800002033,22.89792800002033
1666,0.03129881000018031,31.29881000018031
1667,0.023782981999829644,23.782981999829644
1668,0.022957632000043304,22.957632000043304
1669,0.022571225000092454,22.571225000092454
1670,0.03122010299989597,31.22010299989597
1671,0.024609316999885777,24.609316999885777
1672,0.023418404000040027,23.418404000040027
1673,0.02266837199999827,22.66837199999827
1674,0.031407255999965855,31.407255999965855
1675,0.029747939999879236,29.747939999879236
1676,0.024267120000104114,24.267120000104114
1677,0.02310620299999755,23.10620299999755
1678,0.03278285699980188,32.78285699980188
1679,0.029119346000015867,29.119346000015867
1680,0.02417611400005626,24.17611400005626
1681,0.02253487000007226,22.53487000007226
1682,0.04402455200010991,44.02455200010991
1683,0.024700787000028868,24.700787000028868
1684,0.02329565900004127,23.29565900004127
1685,0.022808936000046742,22.808936000046742
1686,0.02655128799983686,26.55128799983686
1687,0.031104550000009112,31.104550000009112
1688,0.02421857999979693,24.21857999979693
1689,0.023110365999855276,23.110365999855276
1690,0.028888256000072943,28.888256000072943
1691,0.029120446999968408,29.120446999968408
1692,0.023788164000052348,23.788164000052348
1693,0.022523672000033912,22.523672000033912
1694,0.028473436000012953,28.473436000012953
1695,0.027913014999967345,27.913014999967345
1696,0.02370380299998942,23.70380299998942
1697,0.023151448999897184,23.151448999897184
1698,0.03001196200011691,30.01196200011691
1699,0.028746671999897444,28.746671999897444
1700,0.02411358399990604,24.11358399990604
1701,0.022412470999825018,22.41247099982502
1702,0.030066168000075777,30.066168000075777
1703,0.028087658999993437,28.087658999993437
1704,0.023247723999929804,23.247723999929804
1705,0.02253850799979773,22.53850799979773
1706,0.025311444999942978,25.311444999942978
1707,0.03298986300001161,32.98986300001161
1708,0.029342013999894334,29.342013999894334
1709,0.023356384999942748,23.356384999942748
1710,0.03459566400010772,34.59566400010772
1711,0.024029686000176298,24.029686000176298
1712,0.02415193599995291,24.15193599995291
1713,0.023285104000024148,23.28510400002415
1714,0.028373257000112062,28.373257000112062
1715,0.028545195999868156,28.545195999868156
1716,0.02287683399981688,22.87683399981688
1717,0.023133665999921504,23.133665999921504
1718,0.02780063400018662,27.80063400018662
1719,0.02930202300012752,29.30202300012752
1720,0.02326100900017991,23.26100900017991
1721,0.022770785000147953,22.770785000147953
1722,0.02858783300007417,28.58783300007417
1723,0.029504369999813207,29.504369999813207
1724,0.02344926000000669,23.44926000000669
1725,0.022481171000208633,22.481171000208633
1726,0.035892267999997785,35.892267999997785
1727,0.02489821399990433,24.89821399990433
1728,0.02374308599996766,23.74308599996766
1729,0.022643364000032307,22.643364000032307
1730,0.030668696000020645,30.668696000020645
1731,0.02334408399997301,23.34408399997301
1732,0.02295268600005329,22.95268600005329
1733,0.02252717700002904,22.52717700002904
1734,0.03002121999998053,30.02121999998053
1735,0.030551409000054264,30.551409000054264
1736,0.02306066300002385,23.06066300002385
1737,0.02250124500005768,22.50124500005768
1738,0.03184913199993389,31.84913199993389
1739,0.02427011700001458,24.27011700001458
1740,0.024224771000035616,24.224771000035616
1741,0.02342888600014703,23.42888600014703
1742,0.03514065700005631,35.14065700005631
1743,0.02559160099986002,25.59160099986002
1744,0.02335414000003766,23.35414000003766
1745,0.022509361999937028,22.509361999937028
1746,0.026465230999974665,26.465230999974665
1747,0.03114270699984445,31.14270699984445
1748,0.024043023000103858,24.043023000103858
1749,0.02334796400009509,23.34796400009509
1750,0.029451712000081898,29.451712000081898
1751,0.02871705600000496,28.71705600000496
1752,0.02333223999994516,23.33223999994516
1753,0.022641720999899917,22.641720999899917
1754,0.02796976500007986,27.96976500007986
1755,0.028800939999882758,28.800939999882758
1756,0.023053593000213368,23.053593000213368
1757,0.02252297199993336,22.52297199993336
1758,0.028727964999916367,28.727964999916367
1759,0.02889972699995269,28.89972699995269
1760,0.023322897999833003,23.322897999833003
1761,0.022485658999812586,22.485658999812586
1762,0.030196380000006684,30.196380000006684
1763,0.02898156299988841,28.98156299988841
1764,0.023906144000193308,23.906144000193308
1765,0.02303880499994193,23.03880499994193
1766,0.03328996100003678,33.28996100003678
1767,0.02335262499991586,23.35262499991586
1768,0.023725184000113586,23.725184000113586
1769,0.022632731999919997,22.632731999919997
1770,0.030898687999979302,30.898687999979302
1771,0.024673942999925202,24.673942999925202
1772,0.023951616999966063,23.951616999966063
1773,0.023150633999875936,23.150633999875936
1774,0.028323701999852346,28.323701999852346
1775,0.026073501999917426,26.073501999917426
1776,0.02535642500015456,25.35642500015456
1777,0.022620474999939688,22.620474999939688
1778,0.03223414400008551,32.23414400008551
1779,0.023928639999894585,23.928639999894585
1780,0.0242821859999367,24.2821859999367
1781,0.023110790000146153,23.110790000146153
1782,0.027334454999845548,27.334454999845548
1783,0.025497127000107866,25.497127000107866
1784,0.02332103300000199,23.32103300000199
1785,0.022640624000132448,22.640624000132448
1786,0.029337624999925538,29.337624999925538
1787,0.040759901000001264,40.759901000001264
1788,0.02336083199998029,23.36083199998029
1789,0.022607204999985697,22.607204999985697
1790,0.03347675800000616,33.47675800000616
1791,0.02822430799983522,28.22430799983522
1792,0.0232621669999844,23.2621669999844
1793,0.023470063000104346,23.470063000104346
1794,0.031639196000014636,31.639196000014636
1795,0.024068325999905937,24.068325999905937
1796,0.02394735400002901,23.94735400002901
1797,0.02316177800003061,23.16177800003061
1798,0.02884842799994658,28.84842799994658
1799,0.02465375499991751,24.65375499991751
1800,0.024136010000120223,24.136010000120223
1801,0.0228523960001894,22.8523960001894
1802,0.03177255300010984,31.772553000109838
1803,0.02410886099983145,24.10886099983145
1804,0.02371794099985891,23.71794099985891
1805,0.023240502999897217,23.240502999897217
1806,0.0272482969999146,27.2482969999146
1807,0.02815150099991115,28.15150099991115
1808,0.025037990000100763,25.037990000100763
1809,0.029048985999907018,29.048985999907018
1810,0.04958491000002141,49.58491000002141
1811,0.026086716999998316,26.086716999998316
1812,0.025698052000052485,25.698052000052485
1813,0.024776770000016768,24.776770000016768
1814,0.049262946999988344,49.262946999988344
1815,0.024842943000066953,24.842943000066953
1816,0.023106567000013456,23.106567000013456
1817,0.02276020400017842,22.76020400017842
1818,0.038072356999919066,38.072356999919066
1819,0.029002648999949088,29.002648999949088
1820,0.024270644999887736,24.270644999887736
1821,0.02365732500015838,23.65732500015838
1822,0.04282355500004087,42.82355500004087
1823,0.026603918000091653,26.603918000091653
1824,0.02636354600008417,26.36354600008417
1825,0.023355895999884524,23.355895999884524
1826,0.034106199999996534,34.106199999996534
1827,0.02718977300014558,27.18977300014558
1828,0.023392024000031597,23.392024000031597
1829,0.02250675000004776,22.50675000004776
1830,0.03114207799990254,31.14207799990254
1831,0.025449860999970042,25.449860999970042
1832,0.02381512300007671,23.81512300007671
1833,0.02364188199999262,23.64188199999262
1834,0.027685223999924347,27.685223999924347
1835,0.02708852800014938,27.08852800014938
1836,0.023408269000128712,23.408269000128712
1837,0.02246895999996923,22.46895999996923
1838,0.025164465999978347,25.164465999978347
1839,0.03196385100000043,31.96385100000043
1840,0.02437152800007425,24.37152800007425
1841,0.022778450000032535,22.778450000032535
1842,0.03290289699998539,32.90289699998539
1843,0.023991132999981346,23.991132999981346
1844,0.023928090000026714,23.928090000026714
1845,0.023167246999946656,23.167246999946656
1846,0.03518782099990858,35.18782099990858
1847,0.02410418199997366,24.10418199997366
1848,0.023819371000172396,23.819371000172396
1849,0.023040447000084896,23.040447000084896
1850,0.026229878000094686,26.229878000094686
1851,0.03194770100003552,31.947701000035522
1852,0.023874383000020316,23.874383000020316
1853,0.023180543000080434,23.180543000080434
1854,0.029272427000023526,29.272427000023526
1855,0.028421526999864,28.421526999864
1856,0.02315041899987591,23.15041899987591
1857,0.02267776700000468,22.67776700000468
1858,0.03055756100002327,30.55756100002327
1859,0.03013060300008874,30.13060300008874
1860,0.023096399999985806,23.096399999985806
1861,0.022718899999972564,22.718899999972564
1862,0.03137239500006217,31.37239500006217
1863,0.028460727000037878,28.460727000037878
1864,0.0238710070000252,23.8710070000252
1865,0.023288111000056233,23.288111000056233
1866,0.03210656500004916,32.10656500004916
1867,0.024019274000011137,24.019274000011137
1868,0.023484854999878735,23.484854999878735
1869,0.02285040900005697,22.85040900005697
1870,0.02809778300002108,28.09778300002108
1871,0.026977445000056832,26.977445000056832
1872,0.025495869999986098,25.4958699999861
1873,0.02769959499983088,27.69959499983088
1874,0.027028266000115764,27.028266000115764
1875,0.03139809799995419,31.39809799995419
1876,0.02342538599987165,23.42538599987165
1877,0.02319628100008231,23.19628100008231
1878,0.029222354000012274,29.222354000012274
1879,0.028588142999979027,28.588142999979027
1880,0.023993727999823022,23.993727999823022
1881,0.022790743000086877,22.790743000086877
1882,0.029143533000024036,29.143533000024036
1883,0.028444836000062423,28.444836000062423
1884,0.023456749999922977,23.456749999922977
1885,0.02262462599992432,22.62462599992432
1886,0.031175454000049285,31.175454000049285
1887,0.02821424300009312,28.21424300009312
1888,0.023463735999939672,23.463735999939672
1889,0.023595756000077017,23.595756000077017
1890,0.03154589199994007,31.545891999940068
1891,0.027508439000030194,27.508439000030194
1892,0.02436968799997885,24.36968799997885
1893,0.023221172999910777,23.221172999910777
1894,0.036860527000044385,36.860527000044385
1895,0.024106211000116673,24.106211000116673
1896,0.024085711999987325,24.085711999987325
1897,0.02255799400018077,22.55799400018077
1898,0.02655391200005397,26.55391200005397
1899,0.031156541000200377,31.156541000200377
1900,0.02372862700008227,23.72862700008227
1901,0.023464358000182983,23.464358000182983
1902,0.029171767999969234,29.171767999969234
1903,0.029693655000073704,29.693655000073704
1904,0.023294299000099272,23.294299000099272
1905,0.027339575000041805,27.339575000041805
1906,0.03814460099988537,38.14460099988537
1907,0.02577528100005111,25.77528100005111
1908,0.024109284999894953,24.109284999894953
1909,0.022881358000176988,22.881358000176988
1910,0.02895737999983794,28.95737999983794
1911,0.029342858000063643,29.342858000063643
1912,0.023136791000069934,23.136791000069934
1913,0.02256129600004897,22.56129600004897
1914,0.02775305299996944,27.75305299996944
1915,0.02870027799986019,28.70027799986019
1916,0.023934220000001005,23.934220000001005
1917,0.023222360999852754,23.222360999852754
1918,0.029339298000195413,29.339298000195413
1919,0.02897069300001931,28.97069300001931
1920,0.02366522299985263,23.66522299985263
1921,0.02269543900001736,22.69543900001736
1922,0.02983415100015918,29.83415100015918
1923,0.02831862299990462,28.31862299990462
1924,0.0234481519999008,23.4481519999008
1925,0.023218618000100832,23.218618000100832
1926,0.03164173499999379,31.641734999993787
1927,0.02840612900013184,28.40612900013184
1928,0.023266482000053657,23.266482000053657
1929,0.022579683999992994,22.579683999992994
1930,0.0313654020001195,31.365402000119502
1931,0.024371220999910292,24.371220999910292
1932,0.023742003000052136,23.742003000052136
1933,0.02301482699999724,23.01482699999724
1934,0.037492198000109056,37.492198000109056
1935,0.023623383000085596,23.623383000085596
1936,0.023545540999975856,23.545540999975856
1937,0.02261209800008146,22.61209800008146
1938,0.05958268899985342,59.58268899985342
1939,0.0767542080000112,76.7542080000112
1940,0.02283713900010298,22.83713900010298
1941,0.022644233999926655,22.644233999926655
1942,0.030929106000030515,30.929106000030515
1943,0.023720596999964982,23.720596999964982
1944,0.023314541999980065,23.314541999980065
1945,0.02262957799985088,22.62957799985088
1946,0.03097302000014679,30.97302000014679
1947,0.025707492000037746,25.707492000037746
1948,0.024614789999986897,24.614789999986897
1949,0.02706417300009889,27.06417300009889
1950,0.02762076299995897,27.62076299995897
1951,0.030785707000177354,30.785707000177354
1952,0.023911370999940118,23.911370999940118
1953,0.022690467999836983,22.690467999836983
1954,0.02920559900007902,29.20559900007902
1955,0.028184394999925644,28.184394999925644
1956,0.023245919999908438,23.245919999908438
1957,0.02295228700018015,22.95228700018015
1958,0.028747744999918723,28.747744999918723
1959,0.028190614000095593,28.190614000095593
1960,0.023347797000042192,23.347797000042192
1961,0.022401609000098688,22.401609000098688
1962,0.02922327999999652,29.22327999999652
1963,0.028788824999992357,28.788824999992357
1964,0.02402408300008574,24.02408300008574
1965,0.02454889499995261,24.54889499995261
1966,0.04715226500002245,47.15226500002245
1967,0.02879626300000382,28.79626300000382
1968,0.024195009999857575,24.195009999857575
1969,0.023969683000132136,23.969683000132136
1970,0.04074861100002636,40.74861100002636
1971,0.024294192000070325,24.294192000070325
1972,0.023412110999970537,23.412110999970537
1973,0.022884584000166797,22.884584000166797
1974,0.029159473999925467,29.159473999925467
1975,0.028330858999879638,28.330858999879638
1976,0.02361282099991513,23.61282099991513
1977,0.0225566300000537,22.5566300000537
1978,0.029055789000040022,29.055789000040022
1979,0.028215592000151446,28.215592000151446
1980,0.023388239000041722,23.38823900004172
1981,0.022669798000151786,22.669798000151786
1982,0.029602274999888323,29.602274999888323
1983,0.028706381000120018,28.706381000120018
1984,0.024608061999970232,24.608061999970232
1985,0.02411811599995417,24.11811599995417
1986,0.031813587999977244,31.813587999977244
1987,0.024657864000118934,24.657864000118934
1988,0.02367624899989096,23.67624899989096
1989,0.022953147000180252,22.953147000180252
1990,0.033645850000084465,33.645850000084465
1991,0.024251918000118167,24.251918000118167
1992,0.023900861000129225,23.900861000129225
1993,0.02328760799991869,23.28760799991869
1994,0.025088199000038003,25.088199000038003
1995,0.03452196300008836,34.52196300008836
1996,0.023321806000012657,23.321806000012657
1997,0.02263462099995195,22.63462099995195
1998,0.02801160500007427,28.01160500007427
1999,0.032474343000103545,32.474343000103545
2000,0.023453829999880327,23.453829999880327
2001,0.022840866999786158,22.840866999786158
2002,0.029462863999924593,29.462863999924593
2003,0.02934968900012791,29.34968900012791
2004,0.025081034000095315,25.081034000095315
2005,0.023376867000024504,23.376867000024504
2006,0.030536714999925607,30.536714999925607
2007,0.02868437000006452,28.68437000006452
2008,0.023415493999891623,23.415493999891623
2009,0.022568047000049773,22.568047000049773
2010,0.03110992200004148,31.10992200004148
2011,0.025905436999892117,25.905436999892117
2012,0.02396687599980396,23.96687599980396
2013,0.023248439000099097,23.248439000099097
2014,0.026239608999958364,26.239608999958364
2015,0.03483751699991444,34.83751699991444
2016,0.02326465900000585,23.26465900000585
2017,0.02329165500009367,23.29165500009367
2018,0.02645876099995803,26.45876099995803
2019,0.031112447000168686,31.112447000168686
2020,0.024221020999902976,24.221020999902976
2021,0.02435264400014603,24.35264400014603
2022,0.030931992999967406,30.931992999967406
2023,0.02974763800011715,29.74763800011715
2024,0.023994829000002937,23.994829000002937
2025,0.02280864199997268,22.80864199997268
2026,0.030035481000140862,30.035481000140862
2027,0.028089636000004248,28.089636000004248
2028,0.023332957000093302,23.3329570000933
2029,0.022761815999956525,22.761815999956525
2030,0.031748783000011827,31.748783000011827
2031,0.02632245699987834,26.32245699987834
2032,0.024171392999960517,24.171392999960517
2033,0.023345332999952007,23.345332999952007
2034,0.034268989000111105,34.268989000111105
2035,0.032210973000019294,32.210973000019294
2036,0.02415279100000589,24.15279100000589
2037,0.02341667099994993,23.41667099994993
2038,0.0431786919998558,43.1786919998558
2039,0.02356095400000413,23.56095400000413
2040,0.022892149999961475,22.892149999961475
2041,0.02259922800021741,22.59922800021741
2042,0.03168588599987743,31.685885999877428
2043,0.028784453000071153,28.784453000071153
2044,0.023977837000074942,23.977837000074942
2045,0.022856202999946618,22.856202999946618
2046,0.03072924299999613,30.72924299999613
2047,0.028322116000026654,28.322116000026654
2048,0.023859662999939246,23.859662999939246
2049,0.023127208999994764,23.127208999994764
2050,0.03164692499990451,31.646924999904513
2051,0.023487353000064104,23.487353000064104
2052,0.023333417000003465,23.333417000003465
2053,0.022926470999891535,22.926470999891535
2054,0.03320457199993143,33.20457199993143
2055,0.02396255500002553,23.96255500002553
2056,0.023968947000184926,23.968947000184926
2057,0.02312681400007932,23.12681400007932
2058,0.02744348800001717,27.44348800001717
2059,0.02492697900015628,24.92697900015628
2060,0.023958519999951022,23.958519999951022
2061,0.02257906299996648,22.57906299996648
2062,0.03173108300006788,31.731083000067883
2063,0.02581923899992944,25.81923899992944
2064,0.023726536000140186,23.726536000140186
2065,0.022990990999915084,22.990990999915084
2066,0.02761220599995795,27.61220599995795
2067,0.023061567000013383,23.061567000013383
2068,0.023319490999938353,23.319490999938353
2069,0.022629016999871965,22.629016999871965
2070,0.030751781999924788,30.751781999924788
2071,0.028379991000065274,28.379991000065274
2072,0.024236648000169225,24.236648000169225
2073,0.023038577999841436,23.038577999841436
2074,0.025782711000147174,25.782711000147174
2075,0.03347569700008535,33.47569700008535
2076,0.023452454000107537,23.452454000107537
2077,0.022631125999851065,22.631125999851065
2078,0.0281258689999504,28.1258689999504
2079,0.0243987860001198,24.3987860001198
2080,0.02380986599996504,23.80986599996504
2081,0.02316200099994603,23.16200099994603
2082,0.029052116999991995,29.052116999991995
2083,0.023988124999959837,23.988124999959837
2084,0.02387158700003056,23.87158700003056
2085,0.022842680999929144,22.842680999929144
2086,0.0328153719999591,32.8153719999591
2087,0.024314870999887717,24.314870999887717
2088,0.024366245000010167,24.366245000010167
2089,0.02298352299999351,22.98352299999351
2090,0.027610253999910128,27.610253999910128
2091,0.023015792000023794,23.015792000023794
2092,0.023279371999933574,23.279371999933574
2093,0.022475595999821962,22.475595999821962
2094,0.031823566999946706,31.823566999946706
2095,0.024986239999861937,24.986239999861937
2096,0.023730991000093127,23.730991000093127
2097,0.024766074999888588,24.766074999888588
2098,0.02767111399998612,27.67111399998612
2099,0.02700070700007018,27.00070700007018
2100,0.02315479900016726,23.15479900016726
2101,0.02247049499987952,22.47049499987952
2102,0.030064480999953958,30.064480999953958
2103,0.0268568620001588,26.8568620001588
2104,0.0234661149997919,23.4661149997919
2105,0.023116938999919512,23.116938999919512
2106,0.029961717000105637,29.961717000105637
2107,0.027090549000149622,27.090549000149622
2108,0.02341585799990753,23.41585799990753
2109,0.02272856700005832,22.72856700005832
2110,0.029933669000001828,29.933669000001828
2111,0.02864859700002853,28.64859700002853
2112,0.023798579999947833,23.798579999947833
2113,0.023125142000026244,23.125142000026244
2114,0.032389761000104045,32.389761000104045
2115,0.024517758000001777,24.517758000001777
2116,0.023939301000154956,23.939301000154956
2117,0.023074894000046697,23.074894000046697
2118,0.0271652300000369,27.1652300000369
2119,0.025153354999929434,25.153354999929434
2120,0.023197388999960822,23.197388999960822
2121,0.022631316000115476,22.631316000115476
2122,0.03076237499999479,30.76237499999479
2123,0.026575911000009,26.575911000009
2124,0.02337216199998693,23.37216199998693
2125,0.02286993200004872,22.86993200004872
2126,0.03125575800004299,31.255758000042988
2127,0.02532368500010307,25.32368500010307
2128,0.02386336399990796,23.86336399990796
2129,0.02329927300002055,23.29927300002055
2130,0.033715923999807274,33.71592399980727
2131,0.0241538490001858,24.1538490001858
2132,0.023739255000009507,23.739255000009507
2133,0.02288070500003414,22.88070500003414
2134,0.029167992000111553,29.167992000111553
2135,0.023113680000051318,23.113680000051318
2136,0.02410192199999983,24.10192199999983
2137,0.024300545999949463,24.300545999949463
2138,0.04508324200014613,45.08324200014613
2139,0.02823827700012771,28.23827700012771
2140,0.027340868999999657,27.340868999999657
2141,0.02364085099998192,23.64085099998192
2142,0.03751879399987956,37.51879399987956
2143,0.023762984000086362,23.762984000086362
2144,0.02783783199993195,27.83783199993195
2145,0.024162386999933005,24.162386999933005
2146,0.04450681800017264,44.50681800017264
2147,0.024170469999944544,24.170469999944544
2148,0.023084123999979056,23.084123999979056
2149,0.02270966700007193,22.70966700007193
2150,0.030691325999896435,30.691325999896435
2151,0.02920540099989921,29.20540099989921
2152,0.025403826000001573,25.403826000001573
2153,0.02729957699989427,27.29957699989427
2154,0.03381012199997713,33.81012199997713
2155,0.029212764000021707,29.212764000021707
2156,0.02402268500009086,24.02268500009086
2157,0.023228494000022692,23.228494000022692
2158,0.03052185899991855,30.52185899991855
2159,0.028513168000017686,28.513168000017686
2160,0.024035626000113552,24.035626000113552
2161,0.023207719999845722,23.20771999984572
2162,0.03425055299999258,34.25055299999258
2163,0.024196394999989934,24.196394999989934
2164,0.024311850999993112,24.311850999993112
2165,0.023302685999851747,23.302685999851747
2166,0.026897595000036745,26.897595000036745
2167,0.030188003999910507,30.188003999910507
2168,0.023359124000080556,23.359124000080556
2169,0.022635067000010167,22.635067000010167
2170,0.026655522000055498,26.655522000055498
2171,0.031178521999891018,31.178521999891018
2172,0.024093204000109836,24.093204000109836
2173,0.02322448799986887,23.22448799986887
2174,0.029394919999958802,29.394919999958802
2175,0.029068296000104965,29.068296000104965
2176,0.023081516000047486,23.081516000047486
2177,0.022870616999853155,22.870616999853155
2178,0.02942318600003091,29.42318600003091
2179,0.02801698700000088,28.01698700000088
2180,0.023371330000145463,23.371330000145463
2181,0.022745709999981045,22.745709999981045
2182,0.031207542999936777,31.207542999936777
2183,0.028175076000025,28.175076000025
2184,0.023483848999831025,23.483848999831025
2185,0.02286815400020714,22.86815400020714
2186,0.031223266000097283,31.223266000097283
2187,0.0300961880000159,30.0961880000159
2188,0.024213933999817527,24.213933999817527
2189,0.02337959300007242,23.37959300007242
2190,0.028231421000100454,28.231421000100454
2191,0.0246303590001844,24.6303590001844
2192,0.023802967999927205,23.802967999927205
2193,0.022602909999932308,22.602909999932308
2194,0.029502007000019148,29.502007000019148
2195,0.027008431000012934,27.008431000012934
2196,0.023543298000049617,23.543298000049617
2197,0.022649831000080667,22.649831000080667
2198,0.03094268900008501,30.94268900008501
2199,0.025380107000046337,25.380107000046337
2200,0.02391816700014715,23.91816700014715
2201,0.02323278099993331,23.23278099993331
2202,0.04400658800000201,44.00658800000201
2203,0.028440977999935058,28.440977999935058
2204,0.023559332999866456,23.559332999866456
2205,0.023276140000007217,23.276140000007217
2206,0.03153253200002837,31.532532000028368
2207,0.02425593399993886,24.25593399993886
2208,0.023985593999896082,23.985593999896082
2209,0.023330192999992505,23.330192999992505
2210,0.03369735399996898,33.69735399996898
2211,0.024350763000029474,24.350763000029474
2212,0.02369767499999398,23.69767499999398
2213,0.02321286799997324,23.21286799997324
2214,0.027420660999950996,27.420660999950996
2215,0.023224415999948178,23.224415999948178
2216,0.023369386000013037,23.369386000013037
2217,0.022514335000096253,22.514335000096253
2218,0.032041620999962106,32.041620999962106
2219,0.024641979000080028,24.641979000080028
2220,0.024076366000144844,24.076366000144844
2221,0.02329374199985068,23.29374199985068
2222,0.02766497899983733,27.66497899983733
2223,0.026931678999972064,26.931678999972064
2224,0.023715820000006715,23.715820000006715
2225,0.022793975000013234,22.793975000013234
2226,0.030311402000052112,30.311402000052112
2227,0.026814337000132582,26.814337000132582
2228,0.023318684000059875,23.318684000059875
2229,0.022589874000004784,22.589874000004784
2230,0.032455570999900374,32.455570999900374
2231,0.024670130000004065,24.670130000004065
2232,0.023982070000101885,23.982070000101885
2233,0.023247024000056626,23.247024000056626
2234,0.027141765000123996,27.141765000123996
2235,0.023506802000156313,23.506802000156313
2236,0.023732320999897638,23.732320999897638
2237,0.022644064000132857,22.644064000132857
2238,0.030935731999989002,30.935731999989002
2239,0.026649919999954363,26.649919999954363
2240,0.023974877999989985,23.974877999989985
2241,0.023194617999934053,23.194617999934053
2242,0.02797565300011229,27.97565300011229
2243,0.025019843000109177,25.019843000109177
2244,0.02336753300005512,23.36753300005512
2245,0.022711621999860654,22.711621999860654
2246,0.031002498000134437,31.002498000134437
2247,0.025671760000022914,25.671760000022914
2248,0.023976079000021855,23.976079000021855
2249,0.0233741709998867,23.3741709998867
2250,0.027706538999836994,27.706538999836994
2251,0.026719834000004994,26.719834000004994
2252,0.023400493999815808,23.400493999815808
2253,0.02261099500015007,22.61099500015007
2254,0.03181691999998293,31.81691999998293
2255,0.025311503000011726,25.311503000011726
2256,0.024210019999827637,24.210019999827637
2257,0.023184255000160192,23.184255000160192
2258,0.03413461099989945,34.13461099989945
2259,0.02415300899997419,24.15300899997419
2260,0.024051158000020223,24.051158000020223
2261,0.02413050299992392,24.13050299992392
2262,0.02712145700002111,27.12145700002111
2263,0.022979224999971848,22.979224999971848
2264,0.023349550999910207,23.349550999910207
2265,0.022623574000135704,22.623574000135704
2266,0.03147530699993695,31.475306999936947
2267,0.025450759000023027,25.450759000023027
2268,0.023693492000120386,23.693492000120386
2269,0.023220906000005925,23.220906000005925
2270,0.03466966699988916,34.66966699988916
2271,0.02435723600001438,24.35723600001438
2272,0.023771019999912824,23.771019999912824
2273,0.02363212399995973,23.63212399995973
2274,0.02698941099993135,26.98941099993135
2275,0.03178874100012763,31.78874100012763
2276,0.024156705999985206,24.156705999985206
2277,0.02315358999999262,23.15358999999262
2278,0.02945929299994532,29.45929299994532
2279,0.028205089000039152,28.205089000039152
2280,0.023485367999910522,23.485367999910522
2281,0.022628547000067556,22.628547000067556
2282,0.02862829800005784,28.62829800005784
2283,0.028767217999984496,28.767217999984496
2284,0.023487431000148717,23.487431000148717
2285,0.022550746999968396,22.550746999968396
2286,0.0288900289999674,28.8900289999674
2287,0.02862655400008407,28.62655400008407
2288,0.024114478000001327,24.114478000001327
2289,0.0234056970000438,23.4056970000438
2290,0.030422586999975465,30.422586999975465
2291,0.028141412999957538,28.141412999957538
2292,0.023464360000161832,23.464360000161832
2293,0.02291051299994251,22.91051299994251
2294,0.03330081199987944,33.30081199987944
2295,0.024962630999880275,24.962630999880275
2296,0.02451038399999561,24.51038399999561
2297,0.023484456999995018,23.484456999995018
2298,0.03518852999991395,35.18852999991395
2299,0.023585967000144592,23.585967000144592
2300,0.023283073999891712,23.283073999891712
2301,0.022883972000045105,22.883972000045105
2302,0.026610264000055395,26.610264000055395
2303,0.03091406399994412,30.91406399994412
2304,0.02612404400019841,26.12404400019841
2305,0.02615700699993795,26.15700699993795
2306,0.05170190800004093,51.70190800004093
2307,0.02581949499995062,25.81949499995062
2308,0.023538218000112465,23.538218000112465
2309,0.02253754299999855,22.53754299999855
2310,0.03139717399994879,31.39717399994879
2311,0.023999243999924147,23.999243999924147
2312,0.023912774999871544,23.912774999871544
2313,0.02325961300016388,23.25961300016388
2314,0.033671484000024066,33.671484000024066
2315,0.02426094599991302,24.26094599991302
2316,0.023927595000031943,23.927595000031943
2317,0.02267401499989319,22.67401499989319
2318,0.027161176999925374,27.161176999925374
2319,0.02383918700002141,23.83918700002141
2320,0.02485424199994668,24.85424199994668
2321,0.024650139999948806,24.650139999948806
2322,0.0369489220001924,36.9489220001924
2323,0.02461655999991308,24.61655999991308
2324,0.023839336000037292,23.839336000037292
2325,0.023322346999975707,23.322346999975707
2326,0.03667707799991149,36.67707799991149
2327,0.02886318800005938,28.86318800005938
2328,0.03667893500005448,36.67893500005448
2329,0.023064628000156517,23.064628000156517
2330,0.03397824400008176,33.97824400008176
2331,0.024699994000002334,24.699994000002334
2332,0.023242707999997947,23.242707999997947
2333,0.022671661999993376,22.671661999993376
2334,0.03568129199993564,35.68129199993564
2335,0.02402154900005371,24.02154900005371
2336,0.02408432900006119,24.08432900006119
2337,0.023371913999881144,23.371913999881144
2338,0.028354104000072766,28.354104000072766
2339,0.029787454999905094,29.787454999905094
2340,0.02338501299982454,23.38501299982454
2341,0.022801641999876665,22.801641999876665
2342,0.033279918000062025,33.279918000062025
2343,0.028123677999928987,28.123677999928987
2344,0.023406053999906362,23.406053999906362
2345,0.022896016999993662,22.896016999993662
2346,0.03201056500006416,32.01056500006416
2347,0.02696871800003464,26.96871800003464
2348,0.02343821099998422,23.43821099998422
2349,0.0227919930000553,22.7919930000553
2350,0.03389759900005629,33.89759900005629
2351,0.023360515999911513,23.360515999911513
2352,0.02332531399997606,23.32531399997606
2353,0.022738909000054264,22.738909000054264
2354,0.03051173199992263,30.51173199992263
2355,0.026444731000083266,26.444731000083266
2356,0.023954431999982262,23.954431999982262
2357,0.023359475999995993,23.359475999995993
2358,0.04061771399983627,40.61771399983627
2359,0.024589867000031518,24.589867000031518
2360,0.023131232000196178,23.131232000196178
2361,0.022647531000075105,22.647531000075105
2362,0.031042833000128667,31.042833000128667
2363,0.02813016899995091,28.13016899995091
2364,0.023448572000006607,23.448572000006607
2365,0.022726529000010487,22.726529000010487
2366,0.0321198930000719,32.1198930000719
2367,0.025928539999995337,25.928539999995337
2368,0.02411798399998588,24.11798399998588
2369,0.025485536999894975,25.485536999894975
2370,0.033242017000020496,33.242017000020496
2371,0.024005796000210466,24.005796000210466
2372,0.024548055999957796,24.548055999957796
2373,0.02319119799994951,23.19119799994951
2374,0.02897904200017365,28.97904200017365
2375,0.02878256600001805,28.78256600001805
2376,0.023624296999969374,23.624296999969374
2377,0.02269220499988478,22.69220499988478
2378,0.03151329000002079,31.51329000002079
2379,0.02848528599997735,28.48528599997735
2380,0.023505073000023913,23.505073000023913
2381,0.022630023000147048,22.630023000147048
2382,0.0359682129999328,35.9682129999328
2383,0.024300447999848984,24.300447999848984
2384,0.023068820000162304,23.068820000162304
2385,0.022954561000005924,22.954561000005924
2386,0.0371741099997962,37.1741099997962
2387,0.02388601400002699,23.88601400002699
2388,0.0237165040000491,23.7165040000491
2389,0.023732678000214946,23.732678000214946
2390,0.035494157000130144,35.494157000130144
2391,0.029269774000113102,29.269774000113102
2392,0.024305147000177385,24.305147000177385
2393,0.022834228000192525,22.834228000192525
2394,0.132610103999923,132.610103999923
2395,0.03923881400010032,39.23881400010032
2396,0.023024058999908448,23.024058999908448
2397,0.022222145999876375,22.222145999876375
2398,0.03232495400015978,32.32495400015978
2399,0.024861609000026874,24.861609000026874
2400,0.024017461999847,24.017461999847
2401,0.022995406000063667,22.995406000063667
2402,0.038061317000028794,38.061317000028794
2403,0.024068662999980006,24.068662999980006
2404,0.02401830600001631,24.01830600001631
2405,0.023233870000012757,23.233870000012757
2406,0.03599010300013106,35.99010300013106
2407,0.02358312899991688,23.58312899991688
2408,0.023193224999886297,23.193224999886297
2409,0.022597571999995125,22.597571999995125
2410,0.03549775999999838,35.49775999999838
2411,0.029576117000033264,29.576117000033264
2412,0.02337361700006113,23.37361700006113
2413,0.022647896999842487,22.647896999842487
2414,0.036340723999956026,36.340723999956026
2415,0.023642698999992717,23.642698999992717
2416,0.02342798900008347,23.42798900008347
2417,0.0226108199999544,22.6108199999544
2418,0.032195251000075586,32.19525100007559
2419,0.023848520999990797,23.848520999990797
2420,0.023388059999888355,23.388059999888355
2421,0.022760927000035736,22.760927000035736
2422,0.027582143000017822,27.582143000017822
2423,0.024611534999849027,24.611534999849027
2424,0.023954861999982313,23.954861999982313
2425,0.023380630000019664,23.380630000019664
2426,0.03515967799989994,35.15967799989994
2427,0.024575185999992755,24.575185999992755
2428,0.024150254999995013,24.150254999995013
2429,0.02267897299998367,22.67897299998367
2430,0.02754095399996004,27.54095399996004
2431,0.023504129999992074,23.504129999992074
2432,0.023392834999867773,23.392834999867773
2433,0.022814865000100326,22.814865000100326
2434,0.03300746800005072,33.00746800005072
2435,0.024624889000051553,24.624889000051553
2436,0.023114838999845233,23.114838999845233
2437,0.0226361340000949,22.6361340000949
2438,0.03670158099998844,36.70158099998844
2439,0.024139836999893305,24.139836999893305
2440,0.023928754999815283,23.928754999815283
2441,0.023250088999930085,23.250088999930085
2442,0.029445368999859056,29.445368999859056
2443,0.029592282999828967,29.592282999828967
2444,0.02395839599989813,23.95839599989813
2445,0.022760198000014498,22.760198000014498
2446,0.02902642900016872,29.02642900016872
2447,0.02973024300013094,29.73024300013094
2448,0.023579362999953446,23.579362999953446
2449,0.022622531000024537,22.622531000024537
2450,0.032856737999964025,32.856737999964025
2451,0.030803750999893964,30.803750999893964
2452,0.02352276700003131,23.52276700003131
2453,0.02270944899987626,22.70944899987626
2454,0.03629768000018885,36.29768000018885
2455,0.02441303099999459,24.41303099999459
2456,0.02400054600002477,24.00054600002477
2457,0.023267507999889858,23.267507999889858
2458,0.030751506000115114,30.751506000115114
2459,0.029105084999855535,29.105084999855535
2460,0.024012747999904605,24.012747999904605
2461,0.02266097599999739,22.66097599999739
2462,0.03138526699990507,31.38526699990507
2463,0.02824908000002324,28.24908000002324
2464,0.023425038999903336,23.425038999903336
2465,0.02441344899989417,24.41344899989417
2466,0.04803194999999505,48.03194999999505
2467,0.02729807799983064,27.29807799983064
2468,0.05436335100012002,54.36335100012002
2469,0.027966754000090077,27.966754000090077
2470,0.04787324900007661,47.87324900007661
2471,0.024039067000103387,24.039067000103387
2472,0.023033198999883098,23.033198999883098
2473,0.02318183800002771,23.18183800002771
2474,0.042181629999959114,42.181629999959114
2475,0.028597369999943112,28.597369999943112
2476,0.02476006899996719,24.76006899996719
2477,0.025072095000041372,25.072095000041372
2478,0.04455162199997176,44.55162199997176
2479,0.026104132999989815,26.104132999989815
2480,0.026435970999955316,26.435970999955316
2481,0.024226451999993515,24.226451999993515
2482,0.02859779499999604,28.59779499999604
2483,0.029021267999951306,29.021267999951306
2484,0.023990988000150537,23.990988000150537
2485,0.022568428999875323,22.568428999875323
2486,0.029081467999958477,29.081467999958477
2487,0.02782798900011585,27.82798900011585
2488,0.02366395800004284,23.66395800004284
2489,0.022602381000069727,22.602381000069727
2490,0.028397619000088525,28.397619000088525
2491,0.02853850700012117,28.53850700012117
2492,0.024027896000006876,24.027896000006876
2493,0.023249279000083334,23.249279000083334
2494,0.03274920000012571,32.74920000012571
2495,0.028035018000082346,28.035018000082346
2496,0.02358668600004421,23.58668600004421
2497,0.022688642000048276,22.688642000048276
2498,0.030467525999938516,30.467525999938516
2499,0.029437131000122463,29.437131000122463
2500,0.023057165000182067,23.057165000182067
2501,0.02254917999994177,22.54917999994177
2502,0.03869528099994568,38.69528099994568
2503,0.024330904999942504,24.330904999942504
2504,0.02317931600009615,23.17931600009615
2505,0.022869574999958786,22.869574999958786
2506,0.036218781000115996,36.218781000115996
2507,0.026420825000059267,26.420825000059267
2508,0.02377038800000264,23.77038800000264
2509,0.022495744000025297,22.495744000025297
2510,0.03370192199986377,33.70192199986377
2511,0.028010558999994828,28.010558999994828
2512,0.023049787000218203,23.049787000218203
2513,0.02399216900016654,23.99216900016654
2514,0.031055744000013874,31.055744000013874
2515,0.025707244999921386,25.707244999921386
2516,0.02421630899993943,24.21630899993943
2517,0.023109791000024416,23.109791000024416
2518,0.0397016250001343,39.7016250001343
2519,0.02558674500005509,25.58674500005509
2520,0.023462814999902548,23.462814999902548
2521,0.022593966000158616,22.593966000158616
2522,0.03357661199993345,33.57661199993345
2523,0.027806258000055095,27.806258000055095
2524,0.023279155999944123,23.279155999944123
2525,0.02276021100010439,22.76021100010439
2526,0.02949615400007133,29.49615400007133
2527,0.02773168499993517,27.73168499993517
2528,0.04011097900001914,40.11097900001914
2529,0.023087915999894904,23.087915999894904
2530,0.039639575999899535,39.639575999899535
2531,0.025135957999964376,25.135957999964376
2532,0.023352102999979252,23.35210299997925
2533,0.0227113000000827,22.7113000000827
2534,0.026904123000122127,26.904123000122127
2535,0.028645199999800752,28.645199999800752
2536,0.023428306000141674,23.428306000141674
2537,0.022565018000022974,22.565018000022974
2538,0.02832605899993723,28.32605899993723
2539,0.029723437000029662,29.723437000029662
2540,0.024086050000050818,24.086050000050818
2541,0.023322335000102612,23.322335000102612
2542,0.030328301999816176,30.328301999816176
2543,0.028503810999836787,28.503810999836787
2544,0.02362566900001184,23.62566900001184
2545,0.02468180300002132,24.68180300002132
2546,0.030258425000056377,30.258425000056377
2547,0.027745803000016167,27.745803000016167
2548,0.024207803000081185,24.207803000081185
2549,0.022624035999797343,22.624035999797343
2550,0.030900926999947842,30.900926999947842
2551,0.024288984999884633,24.288984999884633
2552,0.02406812699996408,24.06812699996408
2553,0.023375225000108912,23.375225000108912
2554,0.02919773600001463,29.19773600001463
2555,0.024416052999868043,24.416052999868043
2556,0.024137813000152164,24.137813000152164
2557,0.02263146600012078,22.63146600012078
2558,0.0349063489998116,34.9063489998116
2559,0.02373897099982969,23.73897099982969
2560,0.023371766999844112,23.371766999844112
2561,0.022507801000074323,22.507801000074323
2562,0.027671165999890945,27.671165999890945
2563,0.02424155299991071,24.24155299991071
2564,0.0239790670000275,23.9790670000275
2565,0.024154739999858066,24.154739999858066
2566,0.02905657299993436,29.05657299993436
2567,0.024174019999918528,24.174019999918528
2568,0.024160001999916858,24.160001999916858
2569,0.022708256999976584,22.708256999976584
2570,0.03147475200012195,31.474752000121953
2571,0.02367439599993304,23.67439599993304
2572,0.023674986000060017,23.674986000060017
2573,0.022869100999969305,22.869100999969305
2574,0.03490868599988062,34.90868599988062
2575,0.025247868999940692,25.247868999940692
2576,0.024063881000074616,24.063881000074616
2577,0.023308863000011115,23.308863000011115
2578,0.031542006999870864,31.542006999870864
2579,0.028893925999909698,28.893925999909698
2580,0.024092119999977513,24.092119999977513
2581,0.023387815999967643,23.387815999967643
2582,0.030397613000104684,30.397613000104684
2583,0.02888712399999349,28.88712399999349
2584,0.0233534569999847,23.3534569999847
2585,0.02278287499984799,22.78287499984799
2586,0.030605848000050173,30.605848000050173
2587,0.02836222199994154,28.36222199994154
2588,0.023603577000130826,23.603577000130826
2589,0.022644270000000688,22.644270000000688
2590,0.03139520100012305,31.395201000123052
2591,0.02535510100005922,25.35510100005922
2592,0.02407694199996513,24.07694199996513
2593,0.02323478400012391,23.23478400012391
2594,0.027925631000016438,27.925631000016438
2595,0.027122641000005387,27.122641000005387
2596,0.024053776000073412,24.053776000073412
2597,0.02259722899998451,22.59722899998451
2598,0.03216405200009831,32.16405200009831
2599,0.024744322000060492,24.744322000060492
2600,0.02391360799992981,23.91360799992981
2601,0.023249270999940563,23.249270999940563
2602,0.026887380999824018,26.887380999824018
2603,0.02607202900003358,26.07202900003358
2604,0.023396101999878738,23.396101999878738
2605,0.022579783000082898,22.579783000082898
2606,0.031241624999893247,31.241624999893247
2607,0.02546740000002501,25.46740000002501
2608,0.024497973000052298,24.497973000052298
2609,0.023378558999866073,23.378558999866073
2610,0.028403204000142068,28.40320400014207
2611,0.026101649000111138,26.101649000111138
2612,0.023473154999919643,23.473154999919643
2613,0.02274220200001764,22.74220200001764
2614,0.028232947000105924,28.232947000105924
2615,0.02555637399996158,25.55637399996158
2616,0.02369376700016801,23.69376700016801
2617,0.022708146000013585,22.708146000013585
2618,0.03161504700005935,31.61504700005935
2619,0.02515685699995629,25.15685699995629
2620,0.023984381999980542,23.984381999980542
2621,0.023231478000070638,23.231478000070638
2622,0.027919199000052686,27.919199000052686
2623,0.027038519000143424,27.038519000143424
2624,0.02309615199988002,23.09615199988002
2625,0.022672272000136218,22.672272000136218
2626,0.03028805100007048,30.28805100007048
2627,0.026871204999906695,26.871204999906695
2628,0.023403974000075323,23.403974000075323
2629,0.023179178999953365,23.179178999953365
2630,0.040080838999983825,40.080838999983825
2631,0.03262635900000532,32.62635900000532
2632,0.025968091000095228,25.968091000095228
2633,0.025361049000139246,25.361049000139246
2634,0.03396727099993768,33.96727099993768
2635,0.028245822999906522,28.245822999906522
2636,0.023845035000022108,23.845035000022108
2637,0.023252141000057236,23.252141000057236
2638,0.03385136900010366,33.85136900010366
2639,0.028247033999832638,28.247033999832638
2640,0.023222913999916273,23.222913999916273
2641,0.022554509999963557,22.554509999963557
2642,0.032155183999975634,32.155183999975634
2643,0.024135553999940385,24.135553999940385
2644,0.02504805400008081,25.04805400008081
2645,0.023394920000100683,23.394920000100683
2646,0.035139178999997966,35.13917899999797
2647,0.03251287800003411,32.51287800003411
2648,0.024294263999991017,24.294263999991017
2649,0.0227541320000455,22.7541320000455
2650,0.03281809800000701,32.81809800000701
2651,0.024057340999888766,24.057340999888766
2652,0.02395177599987619,23.95177599987619
2653,0.023238072999902215,23.238072999902215
2654,0.028391831999897477,28.391831999897477
2655,0.02583025700005237,25.83025700005237
2656,0.023661453999920923,23.661453999920923
2657,0.022719543999983216,22.719543999983216
2658,0.031154545999925176,31.154545999925176
2659,0.024388611999938803,24.388611999938803
2660,0.023212386000068364,23.212386000068364
2661,0.02262453500020456,22.62453500020456
2662,0.030619556000146986,30.619556000146986
2663,0.026270887999999104,26.270887999999104
2664,0.023990891000039483,23.990891000039483
2665,0.02320654300001479,23.20654300001479
2666,0.028857008999921163,28.857008999921163
2667,0.02687537500014514,26.87537500014514
2668,0.023802202000069883,23.802202000069883
2669,0.022759132999908616,22.759132999908616
2670,0.03046793099997558,30.46793099997558
2671,0.024843325999881927,24.843325999881927
2672,0.023009153999964838,23.009153999964838
2673,0.022426541999948313,22.426541999948313
2674,0.03132207900011963,31.32207900011963
2675,0.02613210499998786,26.13210499998786
2676,0.023069646000067223,23.069646000067223
2677,0.024040804000151184,24.040804000151184
2678,0.03745995600002061,37.45995600002061
2679,0.025879158999941865,25.879158999941865
2680,0.02386082499992881,23.86082499992881
2681,0.02299639499983641,22.99639499983641
2682,0.040677945999959775,40.677945999959775
2683,0.024415864000047804,24.415864000047804
2684,0.022797683999897345,22.797683999897345
2685,0.022617595999918194,22.617595999918194
2686,0.04081242900019788,40.81242900019788
2687,0.025248066000131075,25.248066000131075
2688,0.02315404900014073,23.15404900014073
2689,0.022604713999953674,22.604713999953674
2690,0.04019276400003946,40.19276400003946
2691,0.023549744999854738,23.549744999854738
2692,0.02318145800018101,23.18145800018101
2693,0.022541369999999006,22.541369999999006
2694,0.032062845000154994,32.062845000154994
2695,0.031130259000065053,31.130259000065053
2696,0.027743977000000086,27.743977000000086
2697,0.024073521999980585,24.073521999980585
2698,0.037175850000039645,37.175850000039645
2699,0.028759716000195112,28.759716000195112
2700,0.023367558000018107,23.367558000018107
2701,0.022785045000091486,22.785045000091486
2702,0.02750465200006147,27.50465200006147
2703,0.02735925600018163,27.35925600018163
2704,0.0235641609999675,23.5641609999675
2705,0.022736824000048728,22.736824000048728
2706,0.030824703000007503,30.824703000007503
2707,0.02412496200008718,24.12496200008718
2708,0.025052841000160697,25.052841000160697
2709,0.022599860999889643,22.599860999889643
2710,0.03085227299993676,30.85227299993676
2711,0.024228771000025517,24.228771000025517
2712,0.024573989999908008,24.573989999908008
2713,0.023550825999791414,23.550825999791414
2714,0.02930312800003776,29.30312800003776
2715,0.024646415999995952,24.646415999995952
2716,0.023879193999846393,23.879193999846393
2717,0.023023529999818493,23.023529999818493
2718,0.02833869699998104,28.33869699998104
2719,0.023809826999922734,23.809826999922734
2720,0.023400433999995585,23.400433999995585
2721,0.022730713000100877,22.730713000100877
2722,0.03307456200013803,33.07456200013803
2723,0.0245184129998961,24.5184129998961
2724,0.024045165000188717,24.045165000188717
2725,0.023292518000062046,23.292518000062046
2726,0.028641054999980042,28.641054999980042
2727,0.02396599000007882,23.96599000007882
2728,0.02379169899995759,23.79169899995759
2729,0.02288274900001852,22.88274900001852
2730,0.034378850000166494,34.378850000166494
2731,0.02422092500000872,24.22092500000872
2732,0.0240278420001232,24.0278420001232
2733,0.023389881000184687,23.389881000184687
2734,0.026539473999946495,26.539473999946495
2735,0.032631003000005876,32.631003000005876
2736,0.024198604000048363,24.198604000048363
2737,0.023328415999912977,23.328415999912977
2738,0.029425450999951863,29.425450999951863
2739,0.02854976399999032,28.54976399999032
2740,0.023804303000133586,23.804303000133586
2741,0.027345842999920933,27.345842999920933
2742,0.033086916999991445,33.086916999991445
2743,0.023476859999846056,23.476859999846056
2744,0.023471115999882386,23.471115999882386
2745,0.022625059000120018,22.625059000120018
2746,0.03440672900001118,34.40672900001118
2747,0.024480474000029062,24.480474000029062
2748,0.024263917999860496,24.263917999860496
2749,0.0236292729998695,23.6292729998695
2750,0.027780724999956874,27.780724999956874
2751,0.030661758999940503,30.661758999940503
2752,0.023404077000122925,23.404077000122925
2753,0.022837041999991925,22.837041999991925
2754,0.028974600000083228,28.97460000008323
2755,0.029629032000002553,29.629032000002553
2756,0.02357849999998507,23.57849999998507
2757,0.02268858899992665,22.68858899992665
2758,0.029574292999996032,29.574292999996032
2759,0.028473295999901893,28.473295999901893
2760,0.023189375000129075,23.189375000129075
2761,0.022657366999965234,22.657366999965234
2762,0.03021845599982953,30.21845599982953
2763,0.0285588919998645,28.5588919998645
2764,0.02226775400004044,22.26775400004044
2765,0.021523139000009905,21.523139000009905
2766,0.03596246400002201,35.96246400002201
2767,0.02759735599988744,27.59735599988744
2768,0.02305656899989117,23.05656899989117
2769,0.021218915999952515,21.218915999952515
2770,0.033979197000007844,33.979197000007844
2771,0.022686988000032215,22.686988000032215
2772,0.021784987000046385,21.784987000046385
2773,0.021521455999845784,21.521455999845784
2774,0.04514181199988343,45.14181199988343
2775,0.025447106999990865,25.447106999990865
2776,0.024431571999912194,24.431571999912194
2777,0.023609274999898844,23.609274999898844
2778,0.031185742999923605,31.185742999923605
2779,0.028139559000010195,28.139559000010195
2780,0.02350730900002418,23.50730900002418
2781,0.02282357499984755,22.82357499984755
2782,0.03140228600000228,31.402286000002277
2783,0.029862408999861145,29.862408999861145
2784,0.02417363200015643,24.17363200015643
2785,0.023310975999947914,23.310975999947914
2786,0.0364245960001881,36.4245960001881
2787,0.023148342000013145,23.148342000013145
2788,0.02188936500010641,21.88936500010641
2789,0.02125183900011507,21.25183900011507
2790,0.037636101000089184,37.636101000089184
2791,0.023216068000010637,23.216068000010637
2792,0.022417822000079468,22.417822000079468
2793,0.021770721999928355,21.770721999928355
2794,0.028818276000038168,28.818276000038168
2795,0.028089714999850912,28.089714999850912
2796,0.028639883999858284,28.639883999858284
2797,0.029763173999981518,29.763173999981518
2798,0.0537763410000025,53.7763410000025
2799,0.025792206000005535,25.792206000005535
2800,0.024058732999947097,24.058732999947097
2801,0.023483140000053027,23.483140000053027
2802,0.03572832700001527,35.72832700001527
2803,0.02552999399995315,25.52999399995315
2804,0.026112025999964317,26.112025999964317
2805,0.024821777000170187,24.821777000170187
2806,0.04477485200004594,44.77485200004594
2807,0.023514298999998573,23.514298999998573
2808,0.023056244000144943,23.056244000144943
2809,0.02252705900014007,22.52705900014007
2810,0.03321126700006971,33.21126700006971
2811,0.02708251899980496,27.08251899980496
2812,0.025670802999911757,25.670802999911757
2813,0.02285390199995163,22.85390199995163
2814,0.032078568000088126,32.078568000088126
2815,0.028997098999980153,28.997098999980153
2816,0.024091011000109575,24.091011000109575
2817,0.02332204599997567,23.32204599997567
2818,0.030956875999891054,30.956875999891054
2819,0.027885591000085697,27.885591000085697
2820,0.023363379000102213,23.363379000102213
2821,0.02260311800000636,22.60311800000636
2822,0.03033491199994387,30.33491199994387
2823,0.02869889399994463,28.69889399994463
2824,0.02411202600001161,24.11202600001161
2825,0.023379634999855625,23.379634999855625
2826,0.034520182000051136,34.520182000051136
2827,0.02423603700003696,24.23603700003696
2828,0.023957925000104296,23.957925000104296
2829,0.02329779900014728,23.29779900014728
2830,0.028017526999974507,28.017526999974507
2831,0.024345273000108136,24.345273000108136
2832,0.023496034999880067,23.496034999880067
2833,0.022671444000025076,22.671444000025076
2834,0.032207206000066435,32.207206000066435
2835,0.023952538999992612,23.952538999992612
2836,0.023895287000186727,23.895287000186727
2837,0.023285440000108792,23.285440000108792
2838,0.027210224999862476,27.210224999862476
2839,0.031851086999949985,31.851086999949985
2840,0.023869009999998525,23.869009999998525
2841,0.023149329000034413,23.149329000034413
2842,0.02898164699990957,28.98164699990957
2843,0.028933111000014833,28.933111000014833
2844,0.023386107000078482,23.386107000078482
2845,0.022683360999963043,22.683360999963043
2846,0.02429832699999679,24.29832699999679
2847,0.028808102000084546,28.808102000084546
2848,0.13453118799998265,134.53118799998265
2849,0.039911750000101165,39.911750000101165
2850,0.036240863999864814,36.240863999864814
2851,0.02402209199999561,24.02209199999561
2852,0.02397813899983703,23.97813899983703
2853,0.023289880999982415,23.289880999982415
2854,0.027092338000102245,27.092338000102245
2855,0.029098436000140282,29.098436000140282
2856,0.025350232999926448,25.350232999926448
2857,0.026763914999946792,26.763914999946792
2858,0.03232219099982103,32.32219099982103
2859,0.02461457699996572,24.61457699996572
2860,0.023365253999827473,23.365253999827473
2861,0.022728327000095305,22.728327000095305
2862,0.031043329999874913,31.043329999874913
2863,0.025304516000005606,25.304516000005606
2864,0.023967530999925657,23.967530999925657
2865,0.023177853999868603,23.177853999868603
2866,0.03153454400012379,31.534544000123788
2867,0.02381388200001311,23.81388200001311
2868,0.02331288699997458,23.31288699997458
2869,0.022550346000116406,22.550346000116406
2870,0.03354001299999254,33.54001299999254
2871,0.02403208399982759,24.03208399982759
2872,0.02381595399992875,23.81595399992875
2873,0.02253838799992991,22.53838799992991
2874,0.02853059199992458,28.53059199992458
2875,0.023837239999920712,23.837239999920712
2876,0.023211919000004855,23.211919000004855
2877,0.022360600999945746,22.360600999945746
2878,0.0333399510000163,33.3399510000163
2879,0.02405868499999997,24.05868499999997
2880,0.023467921000019487,23.467921000019487
2881,0.02329438099991421,23.29438099991421
2882,0.027511013000093953,27.511013000093953
2883,0.027427643000009994,27.427643000009994
2884,0.023158821000151875,23.158821000151875
2885,0.0225587390000328,22.5587390000328
2886,0.030071089999864853,30.071089999864853
2887,0.027002421000133836,27.002421000133836
2888,0.023311345999900368,23.311345999900368
2889,0.02241946000003736,22.41946000003736
2890,0.030508125000096697,30.508125000096697
2891,0.027896080000118673,27.896080000118673
2892,0.024022740999953385,24.022740999953385
2893,0.023130475000016304,23.130475000016304
2894,0.03341007599988188,33.41007599988188
2895,0.024419583000053535,24.419583000053535
2896,0.02391663499997776,23.91663499997776
2897,0.022373301000016,22.373301000016
2898,0.02713047999986884,27.13047999986884
2899,0.024307631000056062,24.307631000056062
2900,0.0235075880000295,23.5075880000295
2901,0.02264528099999552,22.64528099999552
2902,0.03147354299994731,31.473542999947313
2903,0.024122665000049892,24.122665000049892
2904,0.024063425999884203,24.063425999884203
2905,0.02315446000011434,23.15446000011434
2906,0.03227217399989968,32.27217399989968
2907,0.02391456800000924,23.91456800000924
2908,0.023798746000011306,23.798746000011306
2909,0.0231576359999508,23.1576359999508
2910,0.027615730999968946,27.615730999968946
2911,0.02516682299983586,25.16682299983586
2912,0.023515373000009276,23.515373000009276
2913,0.022491897000008976,22.491897000008976
2914,0.029645831999914662,29.645831999914662
2915,0.02801070800001071,28.01070800001071
2916,0.023174495000148454,23.174495000148454
2917,0.022539115000199672,22.539115000199672
2918,0.029981980000002295,29.981980000002295
2919,0.028685719000122845,28.685719000122845
2920,0.02581046199998127,25.81046199998127
2921,0.023083107000047676,23.083107000047676
2922,0.027446769999869502,27.446769999869502
2923,0.026456180999957724,26.456180999957724
2924,0.023807045000012295,23.807045000012295
2925,0.022827352000149403,22.827352000149403
2926,0.03002586100001281,30.02586100001281
2927,0.027164879999872937,27.164879999872937
2928,0.023254041999962283,23.254041999962283
2929,0.022831826999890836,22.831826999890836
2930,0.03047580499992364,30.47580499992364
2931,0.025936013999853458,25.936013999853458
2932,0.023805166000101963,23.805166000101963
2933,0.02315867800007254,23.15867800007254
2934,0.03144384100005482,31.443841000054817
2935,0.023950397000135126,23.950397000135126
2936,0.023810001000128977,23.810001000128977
2937,0.023102816000118764,23.102816000118764
2938,0.02809193799998866,28.09193799998866
2939,0.027511942000046474,27.511942000046474
2940,0.023787060000131532,23.787060000131532
2941,0.02252341999997043,22.52341999997043
2942,0.030928270000003977,30.928270000003977
2943,0.023891610000191577,23.891610000191577
2944,0.02388590300006399,23.88590300006399
2945,0.023714713999879677,23.714713999879677
2946,0.02635517399994569,26.35517399994569
2947,0.0343890139999985,34.3890139999985
2948,0.0232642250000481,23.2642250000481
2949,0.02259625000010601,22.59625000010601
2950,0.027149001999987377,27.149001999987377
2951,0.02320364599995628,23.20364599995628
2952,0.023120976999962295,23.120976999962295
2953,0.022431202000007033,22.431202000007033
2954,0.03086988600011864,30.86988600011864
2955,0.027255875000037122,27.255875000037122
2956,0.02377153899988116,23.77153899988116
2957,0.023055101999943872,23.055101999943872
2958,0.0329039980001653,32.9039980001653
2959,0.02503380700022717,25.03380700022717
2960,0.024932543999966583,24.932543999966583
2961,0.023205174999930023,23.205174999930023
2962,0.030369610999969154,30.369610999969154
2963,0.03248396699996192,32.48396699996192
2964,0.02477531399995314,24.77531399995314
2965,0.024964538999938668,24.964538999938668
2966,0.03344755900002383,33.44755900002383
2967,0.03248898000015288,32.48898000015288
2968,0.02388593499995295,23.88593499995295
2969,0.02304400100001658,23.04400100001658
2970,0.029069413000115674,29.069413000115674
2971,0.028763092999952278,28.763092999952278
2972,0.023367813000049864,23.367813000049864
2973,0.022487641999987318,22.487641999987318
2974,0.028890692000004492,28.890692000004492
2975,0.031008185000018784,31.008185000018784
2976,0.025309989000106725,25.309989000106725
2977,0.02555204300006153,25.55204300006153
2978,0.037183834999950705,37.183834999950705
2979,0.024232940000047165,24.232940000047165
2980,0.023656133000031332,23.656133000031332
2981,0.022981193000077837,22.981193000077837
2982,0.02985499500005062,29.85499500005062
2983,0.030400863999830108,30.400863999830108
2984,0.02367488400000184,23.67488400000184
2985,0.02253560600001947,22.53560600001947
2986,0.03069871000002422,30.69871000002422
2987,0.027858161999802178,27.858161999802178
2988,0.02309669400005987,23.09669400005987
2989,0.022327286000063395,22.327286000063395
2990,0.028815019999910874,28.815019999910874
2991,0.029051707999997234,29.051707999997234
2992,0.023235223000028782,23.235223000028782
2993,0.0230848920000426,23.0848920000426
2994,0.03006597800003874,30.06597800003874
2995,0.028823979999970106,28.823979999970106
2996,0.02480614399996739,24.80614399996739
2997,0.023301993999893966,23.301993999893966
2998,0.03971186300009322,39.71186300009322
2999,0.025285855999982232,25.285855999982232
3000,0.023180005999847708,23.180005999847708
3001,0.022348504999854413,22.348504999854413
3002,0.028980412000009892,28.980412000009892
3003,0.028932197999893106,28.932197999893106
3004,0.02351198199994542,23.51198199994542
3005,0.022628127999951175,22.628127999951175
3006,0.028390391000129966,28.390391000129966
3007,0.029732663999993747,29.732663999993747
3008,0.023397239999894737,23.397239999894737
3009,0.02292663100001846,22.92663100001846
3010,0.029567612999926496,29.567612999926496
3011,0.03243947999999364,32.43947999999364
3012,0.02375410199988437,23.75410199988437
3013,0.023441632999947615,23.441632999947615
3014,0.033366569000008894,33.366569000008894
3015,0.02364826699999867,23.64826699999867
3016,0.023797401999900103,23.797401999900103
3017,0.02240064300008271,22.40064300008271
3018,0.033984721000024365,33.984721000024365
3019,0.023841162000053373,23.841162000053373
3020,0.023800702000016827,23.800702000016827
3021,0.023191085999997085,23.191085999997085
3022,0.028955923000012262,28.955923000012262
3023,0.028469927000060125,28.469927000060125
3024,0.02341818099989723,23.41818099989723
3025,0.025267637000069954,25.267637000069954
3026,0.04465512100000524,44.65512100000524
3027,0.024833801999875504,24.833801999875504
3028,0.023605159999988246,23.605159999988246
3029,0.023950319999812564,23.950319999812564
3030,0.029549030999987735,29.549030999987735
3031,0.03133200799993574,31.33200799993574
3032,0.024268017999929725,24.268017999929725
3033,0.023011726000049748,23.011726000049748
3034,0.032824526000013066,32.824526000013066
3035,0.025270876999911707,25.270876999911707
3036,0.02358050399993772,23.58050399993772
3037,0.02231209999990824,22.31209999990824
3038,0.038661336000131996,38.661336000131996
3039,0.023697223999988637,23.697223999988637
3040,0.02319416000000274,23.19416000000274
3041,0.022474230000170792,22.47423000017079
3042,0.04121331199985434,41.21331199985434
3043,0.024130929999955697,24.130929999955697
3044,0.023431675999972867,23.431675999972867
3045,0.02346577499997693,23.46577499997693
3046,0.032843357000047035,32.843357000047035
3047,0.02519734999987122,25.19734999987122
3048,0.023790391999909843,23.790391999909843
3049,0.022854389000031006,22.854389000031006
3050,0.03739396400010264,37.39396400010264
3051,0.023852767000107633,23.852767000107633
3052,0.023981101000117633,23.981101000117633
3053,0.022591619999957402,22.591619999957402
3054,0.026534474000072805,26.534474000072805
3055,0.03061725999987175,30.61725999987175
3056,0.023290251000162243,23.290251000162243
3057,0.022403071000098862,22.403071000098862
3058,0.026097312000047168,26.097312000047168
3059,0.031916024000111065,31.916024000111065
3060,0.02375451499983683,23.75451499983683
3061,0.02309610299994347,23.09610299994347
3062,0.03025548699997671,30.25548699997671
3063,0.03092074899996078,30.92074899996078
3064,0.023607159999983196,23.607159999983196
3065,0.02248658600001363,22.48658600001363
3066,0.034975586999962616,34.975586999962616
3067,0.023315015999969546,23.315015999969546
3068,0.023046697999916432,23.046697999916432
3069,0.022806473000173355,22.806473000173355
3070,0.029819882000083453,29.819882000083453
3071,0.02728789799994047,27.28789799994047
3072,0.023236649000182297,23.236649000182297
3073,0.02250383699993108,22.50383699993108
3074,0.03080705799993666,30.80705799993666
3075,0.0256038659999831,25.6038659999831
3076,0.023938304000012067,23.938304000012067
3077,0.02320605699992484,23.20605699992484
3078,0.03424132899999677,34.24132899999677
3079,0.02428946800000631,24.28946800000631
3080,0.023787379000168585,23.787379000168585
3081,0.0230384920000688,23.0384920000688
3082,0.02665157100000215,26.65157100000215
3083,0.03123726900003021,31.23726900003021
3084,0.022976522999897497,22.976522999897497
3085,0.022768848000168873,22.768848000168873
3086,0.02671143099996698,26.71143099996698
3087,0.029415306999908353,29.415306999908353
3088,0.023138636000112456,23.138636000112456
3089,0.022590676000163512,22.590676000163512
3090,0.02610588699985783,26.10588699985783
3091,0.030331757999874753,30.331757999874753
3092,0.023447954999937792,23.447954999937792
3093,0.023282445999939227,23.282445999939227
3094,0.028591830999857848,28.591830999857848
3095,0.030160525000155758,30.160525000155758
3096,0.02412916799994491,24.12916799994491
3097,0.02262523100012004,22.62523100012004
3098,0.028688325999837616,28.688325999837616
3099,0.028755509999882634,28.755509999882634
3100,0.023247795999850496,23.247795999850496
3101,0.022344629000144778,22.344629000144778
3102,0.029013199000019085,29.013199000019085
3103,0.02823119399999996,28.23119399999996
3104,0.02354147899995951,23.54147899995951
3105,0.022380713000075048,22.380713000075048
3106,0.029187381999918216,29.187381999918216
3107,0.028842473999930007,28.842473999930007
3108,0.023842313000159265,23.842313000159265
3109,0.023171454000021185,23.171454000021185
3110,0.03037118899987945,30.37118899987945
3111,0.02870819300005678,28.70819300005678
3112,0.023154467000040313,23.154467000040313
3113,0.022736057999964032,22.736057999964032
3114,0.030200271000012435,30.200271000012435
3115,0.027695780000158265,27.695780000158265
3116,0.02326744799984226,23.26744799984226
3117,0.022706567999875915,22.706567999875915
3118,0.029755917000102272,29.755917000102272
3119,0.028661748000104126,28.661748000104126
3120,0.02364905100012038,23.64905100012038
3121,0.023091368999985207,23.091368999985207
3122,0.031984959000055824,31.984959000055824
3123,0.02398108200009119,23.98108200009119
3124,0.023805997000181378,23.805997000181378
3125,0.023726004000081957,23.726004000081957
3126,0.025354804000016884,25.354804000016884
3127,0.03953313499982869,39.53313499982869
3128,0.02485028399996736,24.85028399996736
3129,0.024494608000168228,24.494608000168228
3130,0.05896926199989139,58.96926199989139
3131,0.02574733799997375,25.74733799997375
3132,0.024618818999897485,24.618818999897485
3133,0.02553554299993266,25.53554299993266
3134,0.03459265099991171,34.59265099991171
3135,0.02556842100011636,25.56842100011636
3136,0.02464519599993764,24.64519599993764
3137,0.024602412999911394,24.602412999911394
3138,0.04326521200005118,43.26521200005118
3139,0.025528205000000526,25.528205000000526
3140,0.027017041000135578,27.017041000135578
3141,0.024034607999965374,24.034607999965374
3142,0.027971395999884408,27.971395999884408
3143,0.03277946000002885,32.77946000002885
3144,0.02470488800008752,24.70488800008752
3145,0.023053064999885464,23.053064999885464
3146,0.028996099999858416,28.996099999858416
3147,0.027895247000060408,27.895247000060408
3148,0.023204910999993444,23.204910999993444
3149,0.02248380400010319,22.48380400010319
3150,0.029208357000015894,29.208357000015894
3151,0.02839250399983939,28.39250399983939
3152,0.023385039000004326,23.385039000004326
3153,0.02260172399996918,22.60172399996918
3154,0.029041715999937878,29.041715999937878
3155,0.029813738000029844,29.813738000029844
3156,0.031367563999992853,31.367563999992853
3157,0.023572859999831053,23.572859999831053
3158,0.03147593599987886,31.475935999878857
3159,0.03265672799989261,32.65672799989261
3160,0.023727968000002875,23.727968000002875
3161,0.02339377999987846,23.39377999987846
3162,0.03177937700002076,31.77937700002076
3163,0.025213691999852017,25.213691999852017
3164,0.023495895999985805,23.495895999985805
3165,0.022823367999990296,22.823367999990296
3166,0.035240332000057606,35.240332000057606
3167,0.024429984999869703,24.429984999869703
3168,0.02454101099988293,24.54101099988293
3169,0.02331807799987473,23.31807799987473
3170,0.031310792000113,31.310792000112997
3171,0.02357501599999523,23.57501599999523
3172,0.023320400999864432,23.320400999864432
3173,0.022706864999918253,22.706864999918253
3174,0.027582588000086616,27.582588000086616
3175,0.023397486000021672,23.397486000021672
3176,0.025104355999928885,25.104355999928885
3177,0.02273066399993695,22.73066399993695
3178,0.03909875800013651,39.09875800013651
3179,0.024309853000204384,24.309853000204384
3180,0.023981361000096513,23.981361000096513
3181,0.023243843000045672,23.243843000045672
3182,0.030288066999901275,30.288066999901275
3183,0.029145071000129974,29.145071000129974
3184,0.02359158900003422,23.59158900003422
3185,0.02267106099998273,22.67106099998273
3186,0.029468081999993956,29.468081999993956
3187,0.028256575000114026,28.256575000114026
3188,0.023472222000009424,23.472222000009424
3189,0.022884456999918257,22.884456999918257
3190,0.04248983999991651,42.48983999991651
3191,0.03217353699983505,32.17353699983505
3192,0.023696925000194824,23.696925000194824
3193,0.02273108899998988,22.73108899998988
3194,0.03159598999991431,31.59598999991431
3195,0.02842620700016596,28.42620700016596
3196,0.02381234300014512,23.81234300014512
3197,0.02306610300001921,23.06610300001921
3198,0.028426853999917512,28.426853999917512
3199,0.02536333900002319,25.36333900002319
3200,0.023362172999895847,23.362172999895847
3201,0.02267606100008379,22.67606100008379
3202,0.03165914600003816,31.659146000038163
3203,0.023505072000034488,23.505072000034488
3204,0.023344533999988926,23.344533999988926
3205,0.022523125000134314,22.523125000134314
3206,0.032441972000015085,32.441972000015085
3207,0.025136633000101938,25.136633000101938
3208,0.023741514999983337,23.741514999983337
3209,0.02355880300001445,23.55880300001445
3210,0.028189288000021406,28.189288000021406
3211,0.02659226200012199,26.59226200012199
3212,0.022889902000088114,22.889902000088114
3213,0.022440149999965797,22.440149999965797
3214,0.04068051499984904,40.68051499984904
3215,0.024354983999955948,24.354983999955948
3216,0.022791309000012916,22.791309000012916
3217,0.022515901999895505,22.515901999895505
3218,0.03219636599988007,32.19636599988007
3219,0.027997686999924554,27.997686999924554
3220,0.023114060999887442,23.114060999887442
3221,0.022464288000037413,22.464288000037413
3222,0.03557190800006538,35.57190800006538
3223,0.025406461999864405,25.406461999864405
3224,0.025566768000089724,25.566768000089724
3225,0.02304066200008492,23.04066200008492
3226,0.02982475399994655,29.82475399994655
3227,0.024130497999976797,24.130497999976797
3228,0.023580981999884898,23.580981999884898
3229,0.022733816000027218,22.73381600002722
3230,0.026862765999794647,26.862765999794647
3231,0.02716723399998955,27.16723399998955
3232,0.023284151000098063,23.284151000098063
3233,0.0224187300000267,22.4187300000267
3234,0.030122156000061295,30.122156000061295
3235,0.02797970400001759,27.97970400001759
3236,0.023837277999973594,23.837277999973594
3237,0.02291712299984283,22.91712299984283
3238,0.031135811000012836,31.135811000012836
3239,0.025134242999911294,25.134242999911294
3240,0.02379380200000014,23.79380200000014
3241,0.023116449999861288,23.11644999986129
3242,0.031194178999840005,31.194178999840005
3243,0.02383841700020639,23.83841700020639
3244,0.02379625899993698,23.79625899993698
3245,0.023233614999981,23.233614999981
3246,0.03380170600007659,33.80170600007659
3247,0.023220107000042844,23.220107000042844
3248,0.02322010800003227,23.22010800003227
3249,0.02267020599992975,22.67020599992975
3250,0.02807555100002901,28.07555100002901
3251,0.025840154999968945,25.840154999968945
3252,0.023877159999983633,23.877159999983633
3253,0.022975188999907914,22.975188999907914
3254,0.0322497879999446,32.2497879999446
3255,0.023697481999988668,23.697481999988668
3256,0.023750802999984444,23.750802999984444
3257,0.02309740700002294,23.09740700002294
3258,0.02863727699991614,28.63727699991614
3259,0.024976113999855443,24.976113999855443
3260,0.023764798000001974,23.764798000001974
3261,0.022449081999866394,22.449081999866394
3262,0.11731174000010469,117.31174000010469
3263,0.04050649600003453,40.50649600003453
3264,0.023390457999994396,23.390457999994396
3265,0.023003851999874314,23.003851999874314
3266,0.032098363999921276,32.098363999921276
3267,0.02631203100008861,26.31203100008861
3268,0.02374926799984678,23.74926799984678
3269,0.022911800999963816,22.911800999963816
3270,0.02734410800007936,27.34410800007936
3271,0.02285893699990993,22.85893699990993
3272,0.023266171999921426,23.266171999921426
3273,0.02270678899981249,22.70678899981249
3274,0.03153467299989643,31.53467299989643
3275,0.02588483299996369,25.88483299996369
3276,0.024085536000029606,24.085536000029606
3277,0.02315405199988163,23.15405199988163
3278,0.02900079200003347,29.00079200003347
3279,0.02595518899988747,25.95518899988747
3280,0.024560965000091528,24.560965000091528
3281,0.022787074000007124,22.787074000007124
3282,0.025332046000130504,25.332046000130504
3283,0.032288608000044405,32.288608000044405
3284,0.023416383000039787,23.416383000039787
3285,0.02270710099992357,22.70710099992357
3286,0.03529495200018573,35.29495200018573
3287,0.030253318999939438,30.253318999939438
3288,0.02427891700017426,24.27891700017426
3289,0.02471987099988837,24.71987099988837
3290,0.03398978499990335,33.98978499990335
3291,0.024208219999991343,24.208219999991343
3292,0.02478922699992836,24.78922699992836
3293,0.025169729000026564,25.169729000026564
3294,0.04399381100006394,43.99381100006394
3295,0.02852038699984405,28.52038699984405
3296,0.02275425399989217,22.75425399989217
3297,0.02256304800016551,22.56304800016551
3298,0.02702032499996676,27.02032499996676
3299,0.02675021499999275,26.75021499999275
3300,0.023833035000052405,23.833035000052405
3301,0.022442030000092927,22.442030000092927
3302,0.030847781999909785,30.847781999909785
3303,0.026514319999932923,26.514319999932923
3304,0.02458715700004177,24.58715700004177
3305,0.02408735400013029,24.08735400013029
3306,0.03729869300013888,37.29869300013888
3307,0.02319060900003933,23.19060900003933
3308,0.021164382000051774,21.164382000051774
3309,0.02113357400003224,21.13357400003224
3310,0.03474007799991341,34.74007799991341
3311,0.022136584000008952,22.136584000008952
3312,0.02146983099987665,21.46983099987665
3313,0.021116827000014382,21.116827000014382
3314,0.0451898970000002,45.1898970000002
3315,0.022854322000057437,22.854322000057437
3316,0.021948101999896608,21.948101999896608
3317,0.02128212299999177,21.28212299999177
3318,0.030580751000115924,30.580751000115924
3319,0.029556748999993943,29.556748999993943
3320,0.024692201999869212,24.692201999869212
3321,0.02118833800000175,21.18833800000175
3322,0.031544197000130225,31.544197000130225
3323,0.027627673999859326,27.627673999859326
3324,0.021668512000132978,21.668512000132978
3325,0.020774231999894255,20.774231999894255
3326,0.03407287799996084,34.07287799996084
3327,0.028532950999988316,28.532950999988316
3328,0.02222774799997751,22.22774799997751
3329,0.021270177000133117,21.270177000133117
3330,0.03198089700003948,31.980897000039477
3331,0.027850509000018064,27.850509000018064
3332,0.02183947799994712,21.83947799994712
3333,0.020815900000116017,20.815900000116017
3334,0.029727223999998387,29.727223999998387
3335,0.02827335699998912,28.27335699998912
3336,0.02168779099997664,21.68779099997664
3337,0.020753061999812417,20.753061999812417
3338,0.02998703999992358,29.98703999992358
3339,0.022606111999948553,22.606111999948553
3340,0.0218612099999973,21.8612099999973
3341,0.027106214000014006,27.106214000014006
3342,0.028196245999879466,28.196245999879466
3343,0.029698048999989624,29.698048999989624
3344,0.022009168000067802,22.009168000067802
3345,0.021337326999855577,21.337326999855577
3346,0.03283890900002007,32.83890900002007
3347,0.02377804599996125,23.77804599996125
3348,0.022340653999890492,22.340653999890492
3349,0.02081246700004158,20.81246700004158
3350,0.03393797400008225,33.93797400008225
3351,0.02271206700015682,22.71206700015682
3352,0.02164774900006705,21.64774900006705
3353,0.021656460000031075,21.656460000031075
3354,0.0407341869999982,40.7341869999982
3355,0.04269047499997214,42.69047499997214
3356,0.023842821000016556,23.842821000016556
3357,0.022822625000117114,22.822625000117114
3358,0.032864355999890904,32.864355999890904
3359,0.029061628999897948,29.06162899989795
3360,0.023824861999855784,23.824861999855784
3361,0.022885194000082265,22.885194000082265
3362,0.025091887000144197,25.091887000144197
3363,0.03170154600002206,31.701546000022063
3364,0.023650067000062336,23.650067000062336
3365,0.022903347999999824,22.903347999999824
3366,0.029853823999928863,29.853823999928863
3367,0.028414217000090503,28.414217000090503
3368,0.023921276999999463,23.921276999999463
3369,0.023199579999982234,23.199579999982234
3370,0.0320200080000177,32.0200080000177
3371,0.023959335000199644,23.959335000199644
3372,0.024431293999896297,24.431293999896297
3373,0.023271539999996094,23.271539999996094
3374,0.028754580999930113,28.754580999930113
3375,0.023118723999914437,23.118723999914437
3376,0.023236483999880875,23.236483999880875
3377,0.022531628000024284,22.531628000024284
3378,0.03231063599992012,32.31063599992012
3379,0.023935863000133395,23.935863000133395
3380,0.02389620400003878,23.89620400003878
3381,0.02364631399996142,23.64631399996142
3382,0.029320042999870566,29.320042999870566
3383,0.023664310999947702,23.664310999947702
3384,0.023787662000131604,23.787662000131604
3385,0.023301287000094817,23.301287000094817
3386,0.03007559000002402,30.07559000002402
3387,0.023839365999947404,23.839365999947404
3388,0.023387250000041604,23.387250000041604
3389,0.02253494999990835,22.53494999990835
3390,0.03061710000019957,30.61710000019957
3391,0.02739875099996425,27.39875099996425
3392,0.023836825999978828,23.836825999978828
3393,0.02320839399999386,23.20839399999386
3394,0.03501208299985592,35.01208299985592
3395,0.024560132000033263,24.560132000033263
3396,0.02385319800009711,23.85319800009711
3397,0.023141988999896057,23.141988999896057
3398,0.02654182700007368,26.54182700007368
3399,0.030337543000086953,30.337543000086953
3400,0.02396769899996798,23.96769899996798
3401,0.023360916000001453,23.360916000001453
3402,0.029127399000117293,29.127399000117293
3403,0.028642908999927386,28.642908999927386
3404,0.02334554100002606,23.34554100002606
3405,0.022609866000038892,22.609866000038892
3406,0.0286112950000188,28.6112950000188
3407,0.02882128700002795,28.82128700002795
3408,0.023482722000153444,23.482722000153444
3409,0.0225182379999751,22.5182379999751
3410,0.028734513000017614,28.734513000017614
3411,0.02901082299990776,29.01082299990776
3412,0.023330194999971354,23.330194999971354
3413,0.022570118999965416,22.570118999965416
3414,0.029496182999992016,29.496182999992016
3415,0.028870442999959778,28.870442999959778
3416,0.0238917180001863,23.8917180001863
3417,0.023179963000075077,23.179963000075077
3418,0.03112143799990008,31.12143799990008
3419,0.02972836699996151,29.72836699996151
3420,0.02345536699999684,23.45536699999684
3421,0.02251642900000661,22.51642900000661
3422,0.02508830500005388,25.08830500005388
3423,0.03166351099980602,31.66351099980602
3424,0.02374928899985207,23.74928899985207
3425,0.0225258099999337,22.5258099999337
3426,0.042141844999832756,42.141844999832756
3427,0.024560837000080937,24.560837000080937
3428,0.02343042300003617,23.43042300003617
3429,0.022525748000134627,22.525748000134627
3430,0.036982936999947924,36.982936999947924
3431,0.023461914000108663,23.461914000108663
3432,0.023000742000022,23.000742000022
3433,0.022542548000046736,22.542548000046736
3434,0.029914673999883235,29.914673999883235
3435,0.028353630000083285,28.353630000083285
3436,0.023299049999877752,23.299049999877752
3437,0.0231102570000985,23.1102570000985
3438,0.03183573100000103,31.835731000001033
3439,0.02762521900012871,27.62521900012871
3440,0.023823061000030066,23.823061000030066
3441,0.022571704000029058,22.571704000029058
3442,0.025415496000050553,25.415496000050553
3443,0.031317300999944564,31.317300999944564
3444,0.02449948100002075,24.49948100002075
3445,0.022670429000072545,22.670429000072545
3446,0.036811207000027935,36.811207000027935
3447,0.024305374000050506,24.305374000050506
3448,0.02382086900001923,23.82086900001923
3449,0.02321947500013266,23.21947500013266
3450,0.03154795500017826,31.547955000178263
3451,0.025776888999871517,25.776888999871517
3452,0.02331847199980075,23.31847199980075
3453,0.02258361799999875,22.58361799999875
3454,0.026215709000098286,26.215709000098286
3455,0.03274768899996161,32.74768899996161
3456,0.02454392300001018,24.54392300001018
3457,0.025228754999943703,25.228754999943703
3458,0.04724449399986952,47.24449399986952
3459,0.028988255000058416,28.988255000058416
3460,0.02465024599996468,24.65024599996468
3461,0.025366111000039382,25.366111000039382
3462,0.04118875700009994,41.18875700009994
3463,0.029419573999803106,29.419573999803106
3464,0.024465377999831617,24.465377999831617
3465,0.025538914999970075,25.538914999970075
3466,0.039657539000018005,39.657539000018005
3467,0.025690637999787214,25.690637999787214
3468,0.0232277720001548,23.2277720001548
3469,0.022998486999995293,22.998486999995293
3470,0.03462821499988422,34.62821499988422
3471,0.025817766000045594,25.817766000045594
3472,0.02486160800003745,24.86160800003745
3473,0.02467612099985672,24.67612099985672
3474,0.034040239999967525,34.040239999967525
3475,0.03064347200006523,30.64347200006523
3476,0.0237302410000666,23.7302410000666
3477,0.023249238000062178,23.249238000062178
3478,0.033960944999989806,33.960944999989806
3479,0.02379275799989955,23.79275799989955
3480,0.023812697000039407,23.812697000039407
3481,0.022715873999914038,22.715873999914038
3482,0.03928553900004772,39.28553900004772
3483,0.025718889000017953,25.718889000017953
3484,0.023801462999927026,23.801462999927026
3485,0.023017737999907695,23.017737999907695
3486,0.03676052899982096,36.76052899982096
3487,0.0298611499999879,29.8611499999879
3488,0.024251760999959515,24.251760999959515
3489,0.02403950799998711,24.03950799998711
3490,0.041004703999988124,41.00470399998812
3491,0.024678482000126678,24.678482000126678
3492,0.024146490000021004,24.146490000021004
3493,0.023130678000143234,23.130678000143234
3494,0.03502729799993176,35.02729799993176
3495,0.02433315199982644,24.33315199982644
3496,0.023213297999973292,23.213297999973292
3497,0.02261634700016657,22.61634700016657
3498,0.040921581000020524,40.921581000020524
3499,0.02735461900010705,27.35461900010705
3500,0.023894726999969862,23.894726999969862
3501,0.023133890000053725,23.133890000053725
3502,0.03209812199997941,32.09812199997941
3503,0.027919656999984,27.919656999984
3504,0.02321859099993162,23.21859099993162
3505,0.022505507999994734,22.505507999994734
3506,0.02975055899992185,29.75055899992185
3507,0.027173151999932088,27.173151999932088
3508,0.02359370899989699,23.59370899989699
3509,0.02251643999989028,22.51643999989028
3510,0.030972948999988148,30.972948999988148
3511,0.02598024799999621,25.98024799999621
3512,0.02360620000013114,23.60620000013114
3513,0.022535378000156925,22.535378000156925
3514,0.028859851000106573,28.859851000106573
3515,0.028941299000052823,28.941299000052823
3516,0.02359678899983919,23.59678899983919
3517,0.02328723400000854,23.28723400000854
3518,0.03470964199982518,34.70964199982518
3519,0.02403777499989701,24.03777499989701
3520,0.02748617799989006,27.48617799989006
3521,0.023491832999980033,23.491832999980033
3522,0.039369786000179374,39.369786000179374
3523,0.023600929999929576,23.600929999929576
3524,0.02305772599993361,23.05772599993361
3525,0.02294907600003171,22.94907600003171
3526,0.03358729100000346,33.58729100000346
3527,0.023438154999894323,23.438154999894323
3528,0.023432350000121005,23.432350000121005
3529,0.022531176000029518,22.531176000029518
3530,0.032486459999972794,32.486459999972794
3531,0.024163291999911962,24.163291999911962
3532,0.023697592999951667,23.697592999951667
3533,0.023193702000071426,23.193702000071426
3534,0.03562133900004483,35.62133900004483
3535,0.024238220000142974,24.238220000142974
3536,0.02408142600006613,24.08142600006613
3537,0.023899131999996825,23.899131999996825
3538,0.0297028089999003,29.7028089999003
3539,0.029069288000073357,29.069288000073357
3540,0.02361398699986239,23.61398699986239
3541,0.022438761000103113,22.438761000103113
3542,0.02945252199992865,29.45252199992865
3543,0.03951540399998521,39.51540399998521
3544,0.023203758999898128,23.203758999898128
3545,0.022698385000012422,22.698385000012422
3546,0.04311799299989616,43.11799299989616
3547,0.02390574699984427,23.90574699984427
3548,0.02313206300004822,23.13206300004822
3549,0.02268214600007923,22.68214600007923
3550,0.034433839000030275,34.433839000030275
3551,0.023958715000162556,23.958715000162556
3552,0.023483314000031896,23.483314000031896
3553,0.02288744299994505,22.88744299994505
3554,0.04034730499984107,40.34730499984107
3555,0.025250537999909284,25.250537999909284
3556,0.023744658999930834,23.744658999930834
3557,0.02308131199993113,23.08131199993113
3558,0.035391249999975116,35.391249999975116
3559,0.02683749700008775,26.83749700008775
3560,0.02228205699998398,22.28205699998398
3561,0.020780600000080085,20.780600000080085
3562,0.03242287800003396,32.42287800003396
3563,0.02756174700016345,27.56174700016345
3564,0.021909403000108796,21.909403000108796
3565,0.02088367000010294,20.88367000010294
3566,0.031397162000075696,31.397162000075696
3567,0.027883364999979676,27.883364999979676
3568,0.022089131000029738,22.089131000029738
3569,0.021323999000060212,21.323999000060212
3570,0.03278388700005053,32.78388700005053
3571,0.028463107000106902,28.463107000106902
3572,0.02232132099993578,22.32132099993578
3573,0.021420737999960693,21.420737999960693
3574,0.031328528999893024,31.328528999893024
3575,0.027715809000028457,27.715809000028457
3576,0.021813592999933462,21.813592999933462
3577,0.02085556999986693,20.85556999986693
3578,0.027523322999968514,27.523322999968514
3579,0.031237424999972063,31.237424999972063
3580,0.022319223000067723,22.319223000067723
3581,0.02154479299997547,21.54479299997547
3582,0.029989782000029663,29.989782000029663
3583,0.02912821199993232,29.12821199993232
3584,0.022137838999924497,22.137838999924497
3585,0.021301557000015237,21.301557000015237
3586,0.02781766099997185,27.81766099997185
3587,0.03055643700008659,30.55643700008659
3588,0.021901707000097304,21.901707000097304
3589,0.020915160000186006,20.915160000186006
3590,0.03187636999996357,31.876369999963572
3591,0.02288794500009317,22.88794500009317
3592,0.02278879600021355,22.78879600021355
3593,0.021486541000058423,21.486541000058423
3594,0.036726220999980796,36.7262209999808
3595,0.022966332000123657,22.966332000123657
3596,0.021838956999999937,21.838956999999937
3597,0.021641569999928834,21.641569999928834
3598,0.03288925400011067,32.88925400011067
3599,0.022936818000061976,22.936818000061976
3600,0.022671388999924602,22.671388999924602
3601,0.021658402999946702,21.658402999946702
3602,0.03279371500002526,32.79371500002526
3603,0.027946235000172237,27.946235000172237
3604,0.021866378999902736,21.866378999902736
3605,0.020839154999976017,20.839154999976017
3606,0.03315474600003654,33.15474600003654
3607,0.02880037399995672,28.80037399995672
3608,0.0224917870000354,22.4917870000354
3609,0.02206856499992682,22.06856499992682
3610,0.034110308999970584,34.110308999970584
3611,0.025310721999858288,25.310721999858288
3612,0.02134652399990955,21.34652399990955
3613,0.023288583999828916,23.288583999828916
3614,0.03428667000002861,34.28667000002861
3615,0.025439172999995208,25.439172999995208
3616,0.02208677099997658,22.08677099997658
3617,0.021498650000012276,21.498650000012276
3618,0.03261502500004099,32.61502500004099
3619,0.028207967999833272,28.207967999833272
3620,0.02275620299997172,22.75620299997172
3621,0.023565535999978238,23.565535999978238
3622,0.030987801000037507,30.987801000037507
3623,0.027279914000018834,27.279914000018834
3624,0.022163453000075606,22.163453000075606
3625,0.021678343000075984,21.678343000075984
3626,0.029764516000113872,29.764516000113872
3627,0.030850733000079344,30.850733000079344
3628,0.029571632999932262,29.571632999932262
3629,0.02806039500001134,28.06039500001134
3630,0.035829163000016706,35.829163000016706
3631,0.028386856999986776,28.386856999986776
3632,0.02230987300004017,22.30987300004017
3633,0.02120047799985514,21.20047799985514
3634,0.030928265999818905,30.928265999818905
3635,0.028535137000062605,28.535137000062605
3636,0.02215624499990554,22.15624499990554
3637,0.020927804999928412,20.927804999928412
3638,0.03391046199999437,33.91046199999437
3639,0.04188704099988172,41.88704099988172
3640,0.03050370000005387,30.50370000005387
3641,0.020865035999804604,20.865035999804604
3642,0.033361216999992394,33.36121699999239
3643,0.023448163000011846,23.448163000011846
3644,0.022511102000180472,22.511102000180472
3645,0.021620198000164237,21.620198000164237
3646,0.035172390999832714,35.172390999832714
3647,0.02381650899997112,23.81650899997112
3648,0.0223398759999327,22.3398759999327
3649,0.021288278000156424,21.288278000156424
3650,0.032989054999916334,32.989054999916334
3651,0.022444602000177838,22.444602000177838
3652,0.021933267999884265,21.933267999884265
3653,0.020795766999981424,20.795766999981424
3654,0.03272588899994844,32.72588899994844
3655,0.027478383000016038,27.478383000016038
3656,0.02198668500000167,21.98668500000167
3657,0.02471396300006745,24.71396300006745
3658,0.03273455399994418,32.73455399994418
3659,0.027037450999841894,27.037450999841894
3660,0.023425845000019763,23.425845000019763
3661,0.0220889959998658,22.0889959998658
3662,0.03362851800011413,33.62851800011413
3663,0.02779100899988407,27.79100899988407
3664,0.03748638199999732,37.48638199999732
3665,0.1098675060000005,109.8675060000005
3666,0.07839677600009054,78.39677600009054
3667,0.02720739100004721,27.20739100004721
3668,0.02133518899995579,21.33518899995579
3669,0.04232274400010283,42.32274400010283
3670,0.024704201000076864,24.704201000076864
3671,0.021315270000059172,21.315270000059172
3672,0.025593439999965995,25.593439999965995
3673,0.030183134000026257,30.183134000026257
3674,0.028367395000032047,28.367395000032047
3675,0.021581816999969305,21.581816999969305
3676,0.021614688999989085,21.614688999989085
3677,0.03013108700019984,30.13108700019984
3678,0.02974903299991638,29.74903299991638
3679,0.028692590999980894,28.692590999980894
3680,0.022649606999948446,22.649606999948446
3681,0.034173676000136766,34.173676000136766
3682,0.02873865600008685,28.73865600008685
3683,0.023505742999986978,23.50574299998698
3684,0.02457810100008828,24.57810100008828
3685,0.03134109999996326,31.341099999963262
3686,0.029388788999995086,29.388788999995086
3687,0.022714122000024872,22.714122000024872
3688,0.023051521000070352,23.051521000070352
3689,0.03019134999999551,30.19134999999551
3690,0.028721874999973807,28.721874999973807
3691,0.02360160100010944,23.60160100010944
3692,0.023444846999836955,23.444846999836955
3693,0.027750439999863374,27.750439999863374
3694,0.027798795000080645,27.798795000080645
3695,0.023172361999968416,23.172361999968416
3696,0.02316771499999959,23.16771499999959
3697,0.03180505799991806,31.805057999918063
3698,0.024776728000006187,24.776728000006187
3699,0.023927261999915572,23.927261999915572
3700,0.023703529000158596,23.703529000158596
3701,0.027834582999958002,27.834582999958002
3702,0.02442077099999551,24.42077099999551
3703,0.023331691000066712,23.331691000066712
3704,0.023200881000093432,23.200881000093432
3705,0.02963422199991328,29.63422199991328
3706,0.023871359999930064,23.871359999930064
3707,0.02306474400006664,23.06474400006664
3708,0.022920286000044143,22.920286000044143
3709,0.03155803699996795,31.558036999967953
3710,0.024713729000040985,24.713729000040985
3711,0.023790103000010276,23.790103000010276
3712,0.023608362999993915,23.608362999993915
3713,0.027660361000016565,27.660361000016565
3714,0.026463679000016782,26.463679000016782
3715,0.023420787999839376,23.420787999839376
3716,0.02307086599989816,23.07086599989816
3717,0.02702194900007271,27.02194900007271
3718,0.028584738000063226,28.584738000063226
3719,0.023066481000114436,23.066481000114436
3720,0.02295243200001096,22.95243200001096
3721,0.030246211999838124,30.246211999838124
3722,0.02770068099994205,27.70068099994205
3723,0.023108630000024277,23.108630000024277
3724,0.023215086000163865,23.215086000163865
3725,0.03041002700001627,30.41002700001627
3726,0.025881242000195925,25.881242000195925
3727,0.02398569399997541,23.98569399997541
3728,0.023569248000057996,23.569248000057996
3729,0.035411145999887594,35.411145999887594
3730,0.024636875999931362,24.636875999931362
3731,0.023762710000028164,23.762710000028164
3732,0.023544595999965168,23.544595999965168
3733,0.026152427000170064,26.152427000170064
3734,0.031026694000047428,31.026694000047428
3735,0.02394411999989643,23.94411999989643
3736,0.023776963000045725,23.776963000045725
3737,0.028764454999873124,28.764454999873124
3738,0.029982048999954714,29.982048999954714
3739,0.023324942999806808,23.324942999806808
3740,0.022975943000119514,22.975943000119514
3741,0.03044847700016362,30.44847700016362
3742,0.028674527999783095,28.674527999783095
3743,0.0229717580000397,22.9717580000397
3744,0.023046467000085613,23.046467000085613
3745,0.030437075000008917,30.437075000008917
3746,0.0291009939999185,29.1009939999185
3747,0.023722524000049816,23.722524000049816
3748,0.023330168000029516,23.330168000029516
3749,0.031390294999937396,31.390294999937396
3750,0.024355925999998362,24.355925999998362
3751,0.023586976999922626,23.586976999922626
3752,0.022879675000012867,22.879675000012867
3753,0.031794788000070184,31.794788000070184
3754,0.023923118000084287,23.923118000084287
3755,0.02324786399981349,23.24786399981349
3756,0.02302164200000334,23.02164200000334
3757,0.024572251999870787,24.572251999870787
3758,0.033163545999968846,33.163545999968846
3759,0.02381701699982841,23.81701699982841
3760,0.024100070000031337,24.100070000031337
3761,0.02870434400006161,28.70434400006161
3762,0.024519723999901544,24.519723999901544
3763,0.023633371000187253,23.633371000187253
3764,0.023452288000044064,23.452288000044064
3765,0.028111902999853555,28.111902999853555
3766,0.023581413000101747,23.581413000101747
3767,0.023196464999955424,23.196464999955424
3768,0.023056498999949326,23.056498999949326
3769,0.0334273989999474,33.4273989999474
3770,0.02428425099992637,24.28425099992637
3771,0.025609514999814564,25.609514999814564
3772,0.023818530999960785,23.818530999960785
3773,0.030156129000033616,30.156129000033616
3774,0.030062802999964333,30.062802999964333
3775,0.023371361000045,23.371361000045
3776,0.022961760000043796,22.961760000043796
3777,0.03145895200009363,31.458952000093632
3778,0.03043318499999259,30.43318499999259
3779,0.02292139800010773,22.92139800010773
3780,0.022917887999938102,22.917887999938102
3781,0.03323995999994622,33.23995999994622
3782,0.024121938999996928,24.121938999996928
3783,0.024518772999954308,24.518772999954308
3784,0.026419319000069663,26.419319000069663
3785,0.032283582999980354,32.283582999980354
3786,0.047730614999863974,47.730614999863974
3787,0.034853260999852864,34.853260999852864
3788,0.025322271000050023,25.322271000050023
3789,0.044645379000030516,44.645379000030516
3790,0.025443025000186026,25.443025000186026
3791,0.02284824500020477,22.84824500020477
3792,0.022939324000162742,22.939324000162742
3793,0.034188855999900625,34.188855999900625
3794,0.03152645299996948,31.52645299996948
3795,0.024441914999897563,24.441914999897563
3796,0.02564582199988763,25.64582199988763
3797,0.036524934999988545,36.524934999988545
3798,0.036163687999987815,36.163687999987815
3799,0.03224889700004496,32.24889700004496
3800,0.02295277000007445,22.95277000007445
3801,0.03633500799992362,36.33500799992362
3802,0.02467036199982431,24.67036199982431
3803,0.021455348000017693,21.455348000017693
3804,0.022292783000011696,22.292783000011696
3805,0.034391602000141575,34.391602000141575
3806,0.024328843999910532,24.328843999910532
3807,0.022248237999974663,22.248237999974663
3808,0.024219589000040287,24.219589000040287
3809,0.028001145999951405,28.001145999951405
3810,0.03572231999987707,35.72231999987707
3811,0.021901785999943968,21.901785999943968
3812,0.021856517999822245,21.856517999822245
3813,0.027907618999961414,27.907618999961414
3814,0.03189362600005552,31.89362600005552
3815,0.02211165600010645,22.11165600010645
3816,0.021849333999853116,21.849333999853116
3817,0.02920814000003702,29.20814000003702
3818,0.02981624699987151,29.81624699987151
3819,0.021964752000030785,21.964752000030785
3820,0.021532079000053272,21.532079000053272
3821,0.027401093999969817,27.401093999969817
3822,0.030125193000003492,30.12519300000349
3823,0.021827718999929857,21.827718999929857
3824,0.02178098800004591,21.78098800004591
3825,0.028476584999907573,28.476584999907573
3826,0.028634908999947584,28.634908999947584
3827,0.021306187000163845,21.306187000163845
3828,0.021227451999948244,21.227451999948244
3829,0.028831170000103157,28.831170000103157
3830,0.022446763999823816,22.446763999823816
3831,0.021574081000153456,21.574081000153456
3832,0.021559245999924315,21.559245999924315
3833,0.03467121800008499,34.67121800008499
3834,0.03234070000007705,32.34070000007705
3835,0.02191278300006161,21.91278300006161
3836,0.022739863000197147,22.739863000197147
3837,0.028981682000221554,28.981682000221554
3838,0.029014440999844737,29.014440999844737
3839,0.021485596000047735,21.485596000047735
3840,0.021210872999972707,21.210872999972707
3841,0.0287981960000252,28.7981960000252
3842,0.02211495799997465,22.11495799997465
3843,0.021517979999998715,21.517979999998715
3844,0.02124805100015692,21.24805100015692
3845,0.03409584399992127,34.09584399992127
3846,0.028523670999902606,28.523670999902606
3847,0.02173786100001962,21.73786100001962
3848,0.025702273999968384,25.702273999968384
3849,0.04464381200000389,44.64381200000389
3850,0.023710620000201743,23.710620000201743
3851,0.021354433999931643,21.354433999931643
3852,0.021317822000128217,21.317822000128217
3853,0.029922551000026942,29.922551000026942
3854,0.02874592299986034,28.74592299986034
3855,0.021507516999918153,21.507516999918153
3856,0.021326211000086914,21.326211000086914
3857,0.027456107000034535,27.456107000034535
3858,0.029635945999871183,29.635945999871183
3859,0.021412489999875106,21.412489999875106
3860,0.02156350499990367,21.56350499990367
3861,0.029325280999955794,29.325280999955794
3862,0.022934651000014128,22.934651000014128
3863,0.02207047899992176,22.07047899992176
3864,0.022063320999905045,22.063320999905045
3865,0.032611850999956005,32.611850999956005
3866,0.028841552999892883,28.841552999892883
3867,0.021556465999992724,21.556465999992724
3868,0.022530813000003036,22.530813000003036
3869,0.03216610800018316,32.16610800018316
3870,0.028277399999979025,28.277399999979025
3871,0.021717577999879722,21.717577999879722
3872,0.021510869000167077,21.510869000167077
3873,0.03298172400013755,32.98172400013755
3874,0.028196668999953545,28.196668999953545
3875,0.02282554299995354,22.82554299995354
3876,0.02200565800012555,22.00565800012555
3877,0.033494488000087586,33.494488000087586
3878,0.02693832900013149,26.93832900013149
3879,0.021277832000123453,21.277832000123453
3880,0.021594075999928464,21.594075999928464
3881,0.03245520399991619,32.45520399991619
3882,0.028031970000029105,28.031970000029105
3883,0.021285672999965755,21.285672999965755
3884,0.021396717000015997,21.396717000015997
3885,0.0334495690001404,33.4495690001404
3886,0.027747789999921224,27.747789999921224
3887,0.02190210499998102,21.90210499998102
3888,0.022233013999994,22.233013999994
3889,0.03216643899986593,32.16643899986593
3890,0.028565512999875864,28.565512999875864
3891,0.02222127099980753,22.22127099980753
3892,0.021471713999972053,21.471713999972053
3893,0.030269393000025957,30.269393000025957
3894,0.028357009000046673,28.357009000046673
3895,0.021408343000075547,21.408343000075547
3896,0.02170625899998413,21.70625899998413
3897,0.03045404900012727,30.45404900012727
3898,0.028464695000138818,28.464695000138818
3899,0.021319046000144226,21.319046000144226
3900,0.021857173999933366,21.857173999933366
3901,0.03127911799992944,31.27911799992944
3902,0.029318328000044858,29.318328000044858
3903,0.022320906999993895,22.320906999993895
3904,0.02180569300003299,21.80569300003299
3905,0.031128360999900906,31.128360999900906
3906,0.02875526799994077,28.75526799994077
3907,0.021721280000065235,21.721280000065235
3908,0.021343212999909156,21.343212999909156
3909,0.029494923999891398,29.494923999891398
3910,0.028579398999909245,28.579398999909245
3911,0.02140304899990042,21.40304899990042
3912,0.021480917999952,21.480917999952
3913,0.02870171900008245,28.70171900008245
3914,0.022278621999930692,22.278621999930692
3915,0.021436391999941407,21.436391999941407
3916,0.021358413000143628,21.358413000143628
3917,0.023433980999925552,23.433980999925552
3918,0.033906207999962135,33.906207999962135
3919,0.022753487000045425,22.753487000045425
3920,0.022618580999960614,22.618580999960614
3921,0.033139612000013585,33.139612000013585
3922,0.02834640599985505,28.34640599985505
3923,0.022040992999791342,22.040992999791342
3924,0.021262541999931273,21.262541999931273
3925,0.032383487000060995,32.383487000060995
3926,0.028144520999831002,28.144520999831002
3927,0.021005306000006385,21.005306000006385
3928,0.02120638099995631,21.20638099995631
3929,0.030197050999959174,30.197050999959174
3930,0.028385975999981383,28.385975999981383
3931,0.022058033000121213,22.058033000121213
3932,0.02321795300008489,23.21795300008489
3933,0.03142797400005293,31.427974000052927
3934,0.030072668999991947,30.072668999991947
3935,0.024971006999976453,24.971006999976453
3936,0.021423928000103842,21.423928000103842
3937,0.03304242200010776,33.04242200010776
3938,0.027278164000108518,27.278164000108518
3939,0.021220752999852266,21.220752999852266
3940,0.021873154000104478,21.873154000104478
3941,0.03194714699998258,31.94714699998258
3942,0.027920739000137473,27.920739000137473
3943,0.021514603000014176,21.514603000014176
3944,0.021764744000165592,21.764744000165592
3945,0.031503401000009035,31.503401000009035
3946,0.028620415999967008,28.62041599996701
3947,0.021945713999912186,21.945713999912186
3948,0.021313160000090647,21.313160000090647
3949,0.03040058300007331,30.40058300007331
3950,0.02821613600008277,28.21613600008277
3951,0.021354828999847086,21.354828999847086
3952,0.0315757210000811,31.575721000081103
3953,0.04462239199983742,44.62239199983742
3954,0.02499482700000044,24.99482700000044
3955,0.023718974000075832,23.718974000075832
3956,0.02329551400021046,23.29551400021046
3957,0.033930134000002,33.930134000002
3958,0.02656345900004453,26.56345900004453
3959,0.024467634999837173,24.467634999837173
3960,0.02505238499998086,25.05238499998086
3961,0.03776298000002498,37.76298000002498
3962,0.02436052899997776,24.36052899997776
3963,0.02353964700000688,23.53964700000688
3964,0.02358319300014955,23.58319300014955
3965,0.030768634999958522,30.768634999958522
3966,0.02924396599996726,29.24396599996726
3967,0.025005598000007012,25.005598000007012
3968,0.024133957999993072,24.133957999993072
3969,0.026254954000023645,26.254954000023645
3970,0.039707312000018646,39.707312000018646
3971,0.023377567000125055,23.377567000125055
3972,0.022748586000034265,22.748586000034265
3973,0.035672398000087924,35.672398000087924
3974,0.02680368999995153,26.80368999995153
3975,0.023677873999986332,23.677873999986332
3976,0.024324765000073967,24.324765000073967
3977,0.036743928000078085,36.743928000078085
3978,0.025697855000089476,25.697855000089476
3979,0.022112733000085427,22.112733000085427
3980,0.02170478100015316,21.70478100015316
3981,0.02965842999992674,29.65842999992674
3982,0.028375215000096432,28.375215000096432
3983,0.021376776000124664,21.376776000124664
3984,0.021331396000050518,21.331396000050518
3985,0.02887427900009243,28.87427900009243
3986,0.02320323699996152,23.20323699996152
3987,0.021289997999929255,21.289997999929255
3988,0.021495599999980186,21.495599999980186
3989,0.033088227000007464,33.088227000007464
3990,0.02901166399988142,29.01166399988142
3991,0.021929570000111198,21.929570000111198
3992,0.02170570700013741,21.70570700013741
3993,0.032751182000083645,32.751182000083645
3994,0.02682856400019773,26.82856400019773
3995,0.02138289099980284,21.38289099980284
3996,0.021292665999908422,21.292665999908422
3997,0.033011355000098774,33.011355000098774
3998,0.02800462499999412,28.00462499999412
3999,0.021363597999879858,21.363597999879858
4000,0.02173270200000843,21.73270200000843
4001,0.03414787599990632,34.14787599990632
4002,0.028397259000030317,28.397259000030317
4003,0.02262831199982429,22.62831199982429
4004,0.021845748000032472,21.845748000032472
4005,0.043508479999900374,43.50847999990037
4006,0.023727010999891718,23.727010999891718
4007,0.021734673000082694,21.734673000082694
4008,0.021216975000015736,21.216975000015736
4009,0.040347835999909876,40.347835999909876
4010,0.023583666000149606,23.583666000149606
4011,0.02167470500012314,21.67470500012314
4012,0.021194575999970766,21.194575999970766
4013,0.04019053700017139,40.19053700017139
4014,0.02375509700004841,23.75509700004841
4015,0.0217353660000299,21.7353660000299
4016,0.021992624999938926,21.992624999938926
4017,0.034762598000043,34.762598000043
4018,0.03740105800011406,37.40105800011406
4019,0.023203269000077853,23.203269000077853
4020,0.023659832000021197,23.659832000021197
4021,0.03130406600007518,31.30406600007518
4022,0.02903130999993664,29.03130999993664
4023,0.023861108000119202,23.861108000119202
4024,0.023057127000129185,23.057127000129185
4025,0.030495904999952472,30.495904999952472
4026,0.03047736899998199,30.47736899998199
4027,0.02292545200020868,22.92545200020868
4028,0.022600666000016645,22.600666000016645
4029,0.03521117199989021,35.21117199989021
4030,0.025329024000029676,25.329024000029676
4031,0.023646878999898036,23.646878999898036
4032,0.023496417999922414,23.496417999922414
4033,0.02989196799990168,29.89196799990168
4034,0.03071868600000016,30.71868600000016
4035,0.023171407000063482,23.171407000063482
4036,0.023068086000193944,23.068086000193944
4037,0.02872566799987908,28.72566799987908
4038,0.02862673699996776,28.62673699996776
4039,0.023125094000079116,23.125094000079116
4040,0.023195081000039863,23.195081000039863
4041,0.028486831999998685,28.486831999998685
4042,0.02909357299995463,29.09357299995463
4043,0.023120591000179047,23.120591000179047
4044,0.02287323199993807,22.87323199993807
4045,0.028808248999894204,28.808248999894204
4046,0.029447391999838146,29.447391999838146
4047,0.023705476000031922,23.705476000031922
4048,0.023572908000005555,23.572908000005555
4049,0.030324956999947972,30.324956999947972
4050,0.0290343669998947,29.0343669998947
4051,0.023133375000043088,23.133375000043088
4052,0.0229114019998633,22.9114019998633
4053,0.030055317000005743,30.055317000005743
4054,0.028523043000177495,28.523043000177495
4055,0.022866509000095903,22.866509000095903
4056,0.022825929999953587,22.825929999953587
4057,0.03102316299987251,31.02316299987251
4058,0.02725241600001027,27.25241600001027
4059,0.023476674999983516,23.476674999983516
4060,0.0229570489998423,22.9570489998423
4061,0.03113390199996502,31.13390199996502
4062,0.024757609000062075,24.757609000062075
4063,0.023687123999934556,23.687123999934556
4064,0.023502342000028875,23.502342000028875
4065,0.03211688400006096,32.11688400006096
4066,0.025949144000151136,25.949144000151136
4067,0.023657808999814733,23.657808999814733
4068,0.0232636339999317,23.2636339999317
4069,0.028174230999866268,28.174230999866268
4070,0.023984065000149712,23.984065000149712
4071,0.02351288599993495,23.51288599993495
4072,0.02288860399994519,22.88860399994519
4073,0.03186495899990405,31.864958999904047
4074,0.024719783999898937,24.719783999898937
4075,0.023680419000129405,23.680419000129405
4076,0.02261948599993957,22.61948599993957
4077,0.02671345199996722,26.71345199996722
4078,0.02729514699990432,27.29514699990432
4079,0.023214371999983996,23.214371999983996
4080,0.02261831400005576,22.61831400005576
4081,0.05368335000002844,53.68335000002844
4082,0.06412844500005122,64.12844500005122
4083,0.0744018220000271,74.4018220000271
4084,0.02287836100003915,22.87836100003915
4085,0.029114381999988836,29.114381999988836
4086,0.029418368000051487,29.418368000051487
4087,0.0233616240000174,23.3616240000174
4088,0.023165697999957047,23.165697999957047
4089,0.028789178999886644,28.789178999886644
4090,0.028553594999948473,28.553594999948473
4091,0.023796442000048046,23.796442000048046
4092,0.02325286799987225,23.25286799987225
4093,0.029622769000070548,29.622769000070548
4094,0.02947490199994718,29.47490199994718
4095,0.023195754999960627,23.195754999960627
4096,0.022836000999859607,22.836000999859607
4097,0.029845545999933165,29.845545999933165
4098,0.028621809000014764,28.621809000014764
4099,0.023067612000204463,23.067612000204463
4100,0.02279817700014064,22.79817700014064
4101,0.029895815999907427,29.895815999907427
4102,0.028279273999942234,28.279273999942234
4103,0.023102704999928392,23.10270499992839
4104,0.023502128000018274,23.502128000018274
4105,0.02972967300001983,29.72967300001983
4106,0.0290326910001113,29.0326910001113
4107,0.023566916000163474,23.566916000163474
4108,0.023482316000126957,23.482316000126957
4109,0.03254302400000597,32.54302400000597
4110,0.02373247199989237,23.73247199989237
4111,0.022996376000037344,22.996376000037344
4112,0.022940693999998985,22.940693999998985
4113,0.03465055799983929,34.65055799983929
4114,0.024670600000035847,24.670600000035847
4115,0.028132898999956524,28.132898999956524
4116,0.02500108200001705,25.00108200001705
4117,0.047187718000031964,47.187718000031964
4118,0.02752667200002179,27.52667200002179
4119,0.025053105000097275,25.053105000097275
4120,0.023580899999842586,23.580899999842586
4121,0.03924627500009592,39.24627500009592
4122,0.026417450000053577,26.417450000053577
4123,0.0246251650000886,24.6251650000886
4124,0.02414945999998963,24.14945999998963
4125,0.04198145999998815,41.98145999998815
4126,0.029330611999967005,29.330611999967005
4127,0.02351902100008374,23.51902100008374
4128,0.023046754999995755,23.046754999995755
4129,0.028535973999851194,28.535973999851194
4130,0.03188455500003329,31.884555000033288
4131,0.02462238999987676,24.62238999987676
4132,0.02487558400002854,24.87558400002854
4133,0.03307766999978412,33.07766999978412
4134,0.024467243000117378,24.467243000117378
4135,0.02359671499993965,23.59671499993965
4136,0.023917503999882683,23.917503999882683
4137,0.027541674000076455,27.541674000076455
4138,0.02412838199984435,24.12838199984435
4139,0.023583448999943357,23.583448999943357
4140,0.02324982100003581,23.24982100003581
4141,0.03381080400004066,33.81080400004066
4142,0.024658231999865166,24.658231999865166
4143,0.02343347099986204,23.43347099986204
4144,0.023690711999961422,23.690711999961422
4145,0.026994497999794476,26.994497999794476
4146,0.023100962999933472,23.100962999933472
4147,0.022932823000019198,22.932823000019198
4148,0.022836337999933676,22.836337999933676
4149,0.032332058999827495,32.332058999827495
4150,0.024553176999916104,24.553176999916104
4151,0.02364238500013016,23.64238500013016
4152,0.02348372599999493,23.48372599999493
4153,0.028474790000018402,28.4747900000184
4154,0.025967587999957686,25.967587999957686
4155,0.023651261999930284,23.651261999930284
4156,0.022713902000077724,22.713902000077724
4157,0.03190484600008858,31.904846000088583
4158,0.02421815399998195,24.21815399998195
4159,0.023752872999921237,23.752872999921237
4160,0.023218467999868153,23.218467999868153
4161,0.027791107999973974,27.791107999973974
4162,0.024326387999963117,24.326387999963117
4163,0.023144044999980906,23.144044999980906
4164,0.022915410999985397,22.915410999985397
4165,0.03165188000002672,31.651880000026722
4166,0.023267058000101315,23.267058000101315
4167,0.024687991000064358,24.687991000064358
4168,0.02336239999999634,23.36239999999634
4169,0.034581745999958,34.581745999958
4170,0.0247390050001286,24.7390050001286
4171,0.023614723999799025,23.614723999799025
4172,0.023507302000098207,23.507302000098207
4173,0.026412560999915513,26.412560999915513
4174,0.03236150400016413,32.36150400016413
4175,0.023598675999892293,23.598675999892293
4176,0.023468530999934956,23.468530999934956
4177,0.029436873999884483,29.436873999884483
4178,0.028812187000085032,28.812187000085032
4179,0.02359009299993886,23.59009299993886
4180,0.02256129499983217,22.56129499983217
4181,0.025454358000160937,25.454358000160937
4182,0.03239800700021078,32.39800700021078
4183,0.029432002000021384,29.432002000021384
4184,0.023680323000007775,23.680323000007775
4185,0.02712805200008006,27.12805200008006
4186,0.024076354000044375,24.076354000044375
4187,0.023710947999916243,23.710947999916243
4188,0.02353693099985321,23.53693099985321
4189,0.03264029899992238,32.64029899992238
4190,0.024285610000106317,24.285610000106317
4191,0.023576086999810286,23.576086999810286
4192,0.023617697000190674,23.617697000190674
4193,0.027388943999994808,27.388943999994808
4194,0.024384776000033526,24.384776000033526
4195,0.022961452000117788,22.961452000117788
4196,0.022550331000047663,22.550331000047663
4197,0.031310733000054825,31.310733000054825
4198,0.026233880000063436,26.233880000063436
4199,0.023891888999969524,23.891888999969524
4200,0.023470958999951108,23.470958999951108
4201,0.027433397999857334,27.433397999857334
4202,0.026957103000086136,26.957103000086136
4203,0.022904945999925985,22.904945999925985
4204,0.023779329999797483,23.779329999797483
4205,0.03414988700001231,34.14988700001231
4206,0.02431076200014104,24.31076200014104
4207,0.023715524999943227,23.715524999943227
4208,0.023193405000029088,23.193405000029088
4209,0.02784012500001154,27.84012500001154
4210,0.023849394000080792,23.849394000080792
4211,0.02318171699994309,23.18171699994309
4212,0.022987383999861777,22.987383999861777
4213,0.032033713999908286,32.03371399990829
4214,0.024623849000136033,24.623849000136033
4215,0.023722485999996934,23.722485999996934
4216,0.022953178000079788,22.953178000079788
4217,0.027019038999924305,27.019038999924305
4218,0.02783969900019656,27.83969900019656
4219,0.023050804000149583,23.050804000149583
4220,0.022831176000181586,22.831176000181586
4221,0.03063930099983736,30.63930099983736
4222,0.02720964700006334,27.20964700006334
4223,0.023274980999985928,23.274980999985928
4224,0.022946440999930928,22.94644099993093
4225,0.03124371900003098,31.24371900003098
4226,0.02747754899996835,27.47754899996835
4227,0.02360670999996728,23.60670999996728
4228,0.023507108999865522,23.507108999865522
4229,0.027383235999877797,27.383235999877797
4230,0.02560425399997257,25.60425399997257
4231,0.023538285000086034,23.538285000086034
4232,0.022961410000107207,22.961410000107207
4233,0.031407763000061095,31.407763000061095
4234,0.02402490399981616,24.02490399981616
4235,0.02388340800007427,23.88340800007427
4236,0.02346482300004027,23.46482300004027
4237,0.033998456000063015,33.998456000063015
4238,0.024674672999935865,24.674672999935865
4239,0.023621634000164704,23.621634000164704
4240,0.023004524000043602,23.004524000043602
4241,0.027959572000099797,27.959572000099797
4242,0.02340055499985283,23.40055499985283
4243,0.023010616999954436,23.010616999954436
4244,0.022699397999986104,22.699397999986104
4245,0.029859545000135768,29.859545000135768
4246,0.027997374000051423,27.997374000051423
4247,0.023061749999897074,23.061749999897074
4248,0.022970711999960258,22.97071199996026
4249,0.031159207999962746,31.159207999962746
4250,0.025371605999907842,25.371605999907842
4251,0.023716157000080784,23.716157000080784
4252,0.023501752000129272,23.501752000129272
4253,0.027282753999998022,27.28275399999802
4254,0.02788327199982632,27.88327199982632
4255,0.02450174699993113,24.50174699993113
4256,0.023196880000114106,23.196880000114106
4257,0.02711472999999387,27.11472999999387
4258,0.027831893999973545,27.831893999973545
4259,0.024884111000119447,24.884111000119447
4260,0.022980880999966757,22.980880999966757
4261,0.031026047000068502,31.026047000068502
4262,0.028722141000116608,28.722141000116608
4263,0.023424353999871528,23.424353999871528
4264,0.02320104000000356,23.20104000000356
4265,0.028665156999977626,28.665156999977626
4266,0.024424192999958905,24.424192999958905
4267,0.023587619000181803,23.587619000181803
4268,0.02296170899990102,22.96170899990102
4269,0.02818234199980907,28.18234199980907
4270,0.024782353999853513,24.782353999853513
4271,0.023119574000020293,23.119574000020293
4272,0.023108501000024262,23.108501000024262
4273,0.031220709000081115,31.220709000081115
4274,0.025556787000141412,25.556787000141412
4275,0.02344591299993226,23.44591299993226
4276,0.02401734399995803,24.01734399995803
4277,0.035761227000193685,35.761227000193685
4278,0.024565326000129062,24.565326000129062
4279,0.023486952999974164,23.486952999974164
4280,0.02358231700009128,23.58231700009128
4281,0.026905561999910788,26.905561999910788
4282,0.030125247999876592,30.125247999876592
4283,0.023718912000049386,23.718912000049386
4284,0.024165726000092036,24.165726000092036
4285,0.037060029000031136,37.060029000031136
4286,0.025632338999912463,25.632338999912463
4287,0.02351176000001942,23.51176000001942
4288,0.022873808999975154,22.873808999975154
4289,0.03197803900002327,31.978039000023273
4290,0.02575350699999035,25.75350699999035
4291,0.025633285999902,25.633285999902
4292,0.02432065900006819,24.32065900006819
4293,0.05246275800004696,52.46275800004696
4294,0.025070375000041167,25.070375000041167
4295,0.023488199999974313,23.488199999974313
4296,0.023075923000078546,23.075923000078546
4297,0.027230785999790896,27.230785999790896
4298,0.029401062000033562,29.401062000033562
4299,0.023424245999876803,23.424245999876803
4300,0.02398276100007024,23.98276100007024
4301,0.03986144800001057,39.86144800001057
4302,0.024792678000039814,24.792678000039814
4303,0.023470515000099113,23.470515000099113
4304,0.023480096000184858,23.480096000184858
4305,0.02832121599999482,28.32121599999482
4306,0.024234372000137228,24.234372000137228
4307,0.023538130999895657,23.538130999895657
4308,0.022611344000097233,22.611344000097233
4309,0.031418378999887864,31.418378999887864
4310,0.023621333000164668,23.621333000164668
4311,0.023753042000180358,23.753042000180358
4312,0.022923929000171483,22.923929000171483
4313,0.03198968900005639,31.989689000056387
4314,0.024153972000021895,24.153972000021895
4315,0.023623009999937494,23.623009999937494
4316,0.02350936300013018,23.50936300013018
4317,0.02722212599996965,27.22212599996965
4318,0.02631968900004722,26.31968900004722
4319,0.023500216999991608,23.500216999991608
4320,0.023535698000159755,23.535698000159755
4321,0.03201207400002204,32.01207400002204
4322,0.02485283100008928,24.85283100008928
4323,0.023536895000006552,23.536895000006552
4324,0.02387521600007858,23.87521600007858
4325,0.026600214000154665,26.600214000154665
4326,0.024030839000033666,24.030839000033666
4327,0.022895994999998948,22.895994999998948
4328,0.02288389799991819,22.88389799991819
4329,0.029812684000035006,29.812684000035006
4330,0.02835106900010942,28.35106900010942
4331,0.022945079999999507,22.945079999999507
4332,0.022769081999967966,22.769081999967966
4333,0.03052843499995106,30.52843499995106
4334,0.025772519000156535,25.772519000156535
4335,0.02440764199991463,24.40764199991463
4336,0.024072523999848272,24.072523999848272
4337,0.028023658999927648,28.023658999927648
4338,0.023964320999994015,23.964320999994015
4339,0.02387376500018945,23.87376500018945
4340,0.023446600999932343,23.446600999932343
4341,0.03383972500000709,33.83972500000709
4342,0.024109691999910865,24.109691999910865
4343,0.023484608999979173,23.484608999979173
4344,0.023044412000217562,23.044412000217562
4345,0.027698075999978755,27.698075999978755
4346,0.023535126000069795,23.535126000069795
4347,0.022956825999926878,22.956825999926878
4348,0.023632519000102548,23.632519000102548
4349,0.03203564299997197,32.03564299997197
4350,0.024746432000029017,24.746432000029017
4351,0.02678746899982798,26.78746899982798
4352,0.023450414999842906,23.450414999842906
4353,0.02686934400003338,26.86934400003338
4354,0.03163043299991841,31.630432999918412
4355,0.02294933400003174,22.94933400003174
4356,0.02388034399996286,23.88034399996286
4357,0.030164258000013433,30.164258000013433
4358,0.03050916999995934,30.50916999995934
4359,0.022964744999853792,22.964744999853792
4360,0.02285879600003682,22.85879600003682
4361,0.02963912900008836,29.63912900008836
4362,0.028353888000083316,28.353888000083316
4363,0.023012287000028664,23.012287000028664
4364,0.02291899499982719,22.91899499982719
4365,0.030351854000173262,30.35185400017326
4366,0.028799178999861397,28.799178999861397
4367,0.023639023999976416,23.639023999976416
4368,0.023841126999968765,23.841126999968765
4369,0.03075381999997262,30.75381999997262
4370,0.024914807000186556,24.914807000186556
4371,0.022921961000065494,22.921961000065494
4372,0.022861826000053043,22.861826000053043
4373,0.031780183000137185,31.780183000137185
4374,0.024138558000004195,24.138558000004195
4375,0.02338684899996224,23.38684899996224
4376,0.023292197000046144,23.292197000046144
4377,0.03410336600018127,34.10336600018127
4378,0.024494354000125895,24.494354000125895
4379,0.023498419999896214,23.498419999896214
4380,0.023483183999815083,23.483183999815083
4381,0.027414056999987224,27.414056999987224
4382,0.023305655999820374,23.305655999820374
4383,0.02303405699990435,23.03405699990435
4384,0.022965662999922642,22.965662999922642
4385,0.031585658000039984,31.585658000039984
4386,0.024499913999989076,24.499913999989076
4387,0.023557303999950818,23.55730399995082
4388,0.023163715000009688,23.163715000009688
4389,0.03421058899994023,34.21058899994023
4390,0.027233192000039708,27.233192000039708
4391,0.023656506999941485,23.656506999941485
4392,0.02323804000002383,23.23804000002383
4393,0.026333735999969576,26.333735999969576
4394,0.03090521199987961,30.90521199987961
4395,0.02329308699995636,23.29308699995636
4396,0.023132122999868443,23.132122999868443
4397,0.02855112200018084,28.55112200018084
4398,0.029619015999969633,29.619015999969633
4399,0.02315888599991922,23.15888599991922
4400,0.022780099000101472,22.780099000101472
4401,0.028185532999941643,28.185532999941643
4402,0.029582708999896568,29.582708999896568
4403,0.023649501999898348,23.649501999898348
4404,0.023622781000085524,23.622781000085524
4405,0.030545645000074728,30.545645000074728
4406,0.028911831999948845,28.911831999948845
4407,0.023289278999982344,23.289278999982344
4408,0.022878272000070865,22.878272000070865
4409,0.029480680999995457,29.480680999995457
4410,0.02796023099995182,27.96023099995182
4411,0.02292439600000762,22.92439600000762
4412,0.022846366000067064,22.846366000067064
4413,0.02987722200009557,29.87722200009557
4414,0.028334792999885394,28.334792999885394
4415,0.023141101999954117,23.141101999954117
4416,0.02257639799995559,22.57639799995559
4417,0.02987437999991016,29.87437999991016
4418,0.028504562000080114,28.504562000080114
4419,0.023529790999873512,23.529790999873512
4420,0.023540854999964722,23.540854999964722
4421,0.03064285400000699,30.64285400000699
4422,0.024774851000074705,24.774851000074705
4423,0.022937125999987984,22.937125999987984
4424,0.023366724999959843,23.366724999959843
4425,0.030173418999993373,30.173418999993373
4426,0.024578383000061876,24.578383000061876
4427,0.022936117999961425,22.936117999961425
4428,0.023037308999846573,23.037308999846573
4429,0.029895647999865105,29.895647999865105
4430,0.027891957000065304,27.891957000065304
4431,0.022935050999876694,22.935050999876694
4432,0.023482039999862536,23.482039999862536
4433,0.031260083999995913,31.260083999995913
4434,0.029182230000060372,29.182230000060372
4435,0.02460702600001241,24.60702600001241
4436,0.023485644999936994,23.485644999936994
4437,0.03601971900002354,36.01971900002354
4438,0.023290653999993083,23.290653999993083
4439,0.022818812999958027,22.818812999958027
4440,0.022761097000056907,22.761097000056907
4441,0.02912197599994215,29.12197599994215
4442,0.02856001100008143,28.56001100008143
4443,0.023066998000103922,23.066998000103922
4444,0.022779614000000947,22.779614000000947
4445,0.028511296000033326,28.511296000033326
4446,0.029614777999995567,29.614777999995567
4447,0.02369069499991383,23.69069499991383
4448,0.0234955280000122,23.4955280000122
4449,0.030699664000167104,30.699664000167104
4450,0.02876501100013229,28.76501100013229
4451,0.02287827399982234,22.87827399982234
4452,0.024548145000153454,24.548145000153454
4453,0.025485282000090592,25.485282000090592
4454,0.030836179000061748,30.836179000061748
4455,0.031917137000164075,31.917137000164075
4456,0.029469851000158087,29.469851000158087
4457,0.035021254999946905,35.021254999946905
4458,0.02406625100002202,24.06625100002202
4459,0.023891570999921896,23.891570999921896
4460,0.022753172000193445,22.753172000193445
4461,0.028256941999870833,28.256941999870833
4462,0.026649521999843273,26.649521999843273
4463,0.02292985300005057,22.92985300005057
4464,0.022843114000124842,22.843114000124842
4465,0.03219334799996432,32.19334799996432
4466,0.023558992000062062,23.558992000062062
4467,0.02284386899987112,22.84386899987112
4468,0.028132381999967038,28.132381999967038
4469,0.04351039900006981,43.51039900006981
4470,0.026725138999836417,26.725138999836417
4471,0.022666107000077318,22.666107000077318
4472,0.022922895999954562,22.922895999954562
4473,0.027812427000071693,27.812427000071693
4474,0.02634737500011397,26.34737500011397
4475,0.022954618999847298,22.9546189998473
4476,0.02269412700002249,22.69412700002249
4477,0.031656511000164755,31.656511000164755
4478,0.02432378699995752,24.32378699995752
4479,0.023913267999887466,23.913267999887466
4480,0.023610333000078754,23.610333000078754
4481,0.028763479999952324,28.763479999952324
4482,0.024240130999942266,24.240130999942266
4483,0.023628778999864153,23.628778999864153
4484,0.022973784999976488,22.973784999976488
4485,0.02681873300002735,26.81873300002735
4486,0.03763266700002532,37.63266700002532
4487,0.025564251000105287,25.564251000105287
4488,0.03146845299988854,31.46845299988854
4489,0.0435481700001219,43.5481700001219
4490,0.025553067999908308,25.553067999908308
4491,0.0227564589999929,22.7564589999929
4492,0.023194601999875886,23.194601999875886
4493,0.02608151099980205,26.08151099980205
4494,0.0338404609999543,33.8404609999543
4495,0.03352042000005895,33.52042000005895
4496,0.0261280130000614,26.1280130000614
4497,0.03335418899996512,33.35418899996512
4498,0.02437787199983177,24.37787199983177
4499,0.023640361999923698,23.640361999923698
4500,0.023959750000130953,23.959750000130953
4501,0.030801399999973,30.801399999973
4502,0.02481581200004257,24.81581200004257
4503,0.02607933400008733,26.07933400008733
4504,0.022772716000190485,22.772716000190485
4505,0.030724671999905695,30.724671999905695
4506,0.024211352000065745,24.211352000065745
4507,0.023201487000051202,23.201487000051202
4508,0.023098917000197616,23.098917000197616
4509,0.028468657000075837,28.468657000075837
4510,0.023449435999964408,23.449435999964408
4511,0.023852842999986024,23.852842999986024
4512,0.023353715999974156,23.353715999974156
4513,0.03593546000001879,35.93546000001879
4514,0.024260203000039837,24.260203000039837
4515,0.023610285999893676,23.610285999893676
4516,0.023819306999939727,23.819306999939727
4517,0.030037744000082967,30.037744000082967
4518,0.03602464499999769,36.02464499999769
4519,0.023052948999975342,23.052948999975342
4520,0.025268961999927342,25.268961999927342
4521,0.032748593000178516,32.748593000178516
4522,0.02394675899995491,23.94675899995491
4523,0.0236259189998691,23.6259189998691
4524,0.023556540000072346,23.556540000072346
4525,0.027453509999986636,27.453509999986636
4526,0.024194506000185356,24.194506000185356
4527,0.023711923000064417,23.711923000064417
4528,0.02356118499983495,23.56118499983495
4529,0.02814643800002159,28.14643800002159
4530,0.02719142599994484,27.19142599994484
4531,0.023135122999974556,23.135122999974556
4532,0.022759007000104248,22.759007000104248
4533,0.023756980000143813,23.756980000143813
4534,0.024652059000118243,24.652059000118243
4535,0.02468558500004292,24.68558500004292
4536,0.04383921400017243,43.83921400017243
4537,0.1153113329999087,115.3113329999087
4538,0.03249712899992119,32.49712899992119
4539,0.034234737999895515,34.234737999895515
4540,0.02295821799998521,22.95821799998521
4541,0.031229532999986986,31.229532999986986
4542,0.023965415000020585,23.965415000020585
4543,0.023100983999938762,23.100983999938762
4544,0.023193275000039648,23.193275000039648
4545,0.0314123489999929,31.4123489999929
4546,0.0238698729999669,23.8698729999669
4547,0.022857279999925595,22.857279999925595
4548,0.022798379000050772,22.798379000050772
4549,0.029092251000065517,29.092251000065517
4550,0.02851687500015032,28.51687500015032
4551,0.023648463999961677,23.648463999961677
4552,0.02356494500008921,23.56494500008921
4553,0.028071311000076093,28.071311000076093
4554,0.027989305999881253,27.989305999881253
4555,0.023038283000005322,23.038283000005322
4556,0.022945129999925484,22.945129999925484
4557,0.0311924560000989,31.1924560000989
4558,0.024913842000160002,24.913842000160002
4559,0.023100705999922866,23.100705999922866
4560,0.023014021999870238,23.014021999870238
4561,0.03146168500006752,31.46168500006752
4562,0.025749869000037506,25.749869000037506
4563,0.023527414000000135,23.527414000000135
4564,0.02357294900002671,23.57294900002671
4565,0.027445441000054416,27.445441000054416
4566,0.028124576999971396,28.124576999971396
4567,0.023627780999959214,23.627780999959214
4568,0.023651186000051894,23.651186000051894
4569,0.03361903900008656,33.61903900008656
4570,0.025062640999976793,25.062640999976793
4571,0.023898777000113114,23.898777000113114
4572,0.023771256999907564,23.771256999907564
4573,0.026581075999956738,26.581075999956738
4574,0.02986169899986635,29.86169899986635
4575,0.022953184000016336,22.953184000016336
4576,0.023025679000056698,23.025679000056698
4577,0.025950902999966274,25.950902999966274
4578,0.03027014200006306,30.27014200006306
4579,0.023156993000156945,23.156993000156945
4580,0.02315174999989722,23.15174999989722
4581,0.026817192999942563,26.817192999942563
4582,0.03149585599999227,31.495855999992273
4583,0.023697003000052064,23.697003000052064
4584,0.023708023999915895,23.708023999915895
4585,0.03161961499995414,31.619614999954138
4586,0.028931714999998803,28.931714999998803
4587,0.0242278929999884,24.2278929999884
4588,0.022730046999868136,22.730046999868136
4589,0.03145537000000331,31.455370000003313
4590,0.02545262399985404,25.45262399985404
4591,0.023736493999876984,23.736493999876984
4592,0.023583903999906397,23.583903999906397
4593,0.0339293130000442,33.9293130000442
4594,0.02450624799985235,24.50624799985235
4595,0.023587802999827545,23.587802999827545
4596,0.0234472330000699,23.4472330000699
4597,0.02719304600009309,27.19304600009309
4598,0.023743958000068233,23.743958000068233
4599,0.023105166000050303,23.105166000050303
4600,0.023343211999872437,23.343211999872437
4601,0.033224650999954974,33.224650999954974
4602,0.024349526000150945,24.349526000150945
4603,0.023696506000078443,23.696506000078443
4604,0.02377001700006076,23.77001700006076
4605,0.02847155799986467,28.47155799986467
4606,0.024054485000078785,24.054485000078785
4607,0.023801269999921715,23.801269999921715
4608,0.022967611000012766,22.967611000012766
4609,0.03391042900011598,33.91042900011598
4610,0.024630247999994026,24.630247999994026
4611,0.02289102700001422,22.89102700001422
4612,0.022962380000080884,22.962380000080884
4613,0.027307262000022092,27.307262000022092
4614,0.02717053199990005,27.17053199990005
4615,0.03034527599993453,30.34527599993453
4616,0.024600637000048664,24.600637000048664
4617,0.029694084999846382,29.694084999846382
4618,0.02955472100006773,29.55472100006773
4619,0.023682493000023896,23.682493000023896
4620,0.022935306999897875,22.935306999897875
4621,0.029657133000000613,29.657133000000613
4622,0.029442200999937995,29.442200999937995
4623,0.03513482500011378,35.13482500011378
4624,0.024382230999890453,24.382230999890453
4625,0.03568751600005271,35.68751600005271
4626,0.025494267000112814,25.494267000112814
4627,0.023679743999991842,23.679743999991842
4628,0.023460879999902318,23.460879999902318
4629,0.027990922000071805,27.990922000071805
4630,0.0299329710001075,29.9329710001075
4631,0.025108003000013923,25.108003000013923
4632,0.02803763099996104,28.03763099996104
4633,0.03048698200018407,30.48698200018407
4634,0.028429887000129384,28.429887000129384
4635,0.023012048000055074,23.012048000055074
4636,0.022699368999838043,22.699368999838043
4637,0.030637220000016896,30.637220000016896
4638,0.029017372999987856,29.017372999987856
4639,0.02358774899994387,23.58774899994387
4640,0.02358478400014974,23.58478400014974
4641,0.030993596999906003,30.993596999906003
4642,0.025738456999988557,25.738456999988557
4643,0.022831552000070587,22.831552000070587
4644,0.02299299199989946,22.99299199989946
4645,0.0312523819998205,31.2523819998205
4646,0.025355792000027577,25.355792000027577
4647,0.02534799699992618,25.34799699992618
4648,0.023518672999898627,23.518672999898627
4649,0.027302351000116687,27.302351000116687
4650,0.02365342600000986,23.65342600000986
4651,0.02314616099988598,23.14616099988598
4652,0.02290381000011621,22.90381000011621
4653,0.032060933999900953,32.06093399990095
4654,0.025399153000080332,25.399153000080332
4655,0.023772944000029383,23.772944000029383
4656,0.023317112000086126,23.317112000086126
4657,0.02860764599995491,28.60764599995491
4658,0.024354445999961172,24.35444599996117
4659,0.023217677000047843,23.217677000047843
4660,0.022598559000016394,22.598559000016394
4661,0.031509276999940994,31.509276999940994
4662,0.024553118000085306,24.553118000085306
4663,0.0236164559998997,23.6164559998997
4664,0.023361205000128393,23.361205000128393
4665,0.02737451999996665,27.37451999996665
4666,0.02745402899995497,27.45402899995497
4667,0.024785025000028327,24.785025000028327
4668,0.02290049199996247,22.90049199996247
4669,0.0326444199999969,32.6444199999969
4670,0.024357992999966882,24.357992999966882
4671,0.023770775000002686,23.770775000002686
4672,0.023538392999853386,23.538392999853386
4673,0.026555189999953654,26.555189999953654
4674,0.03280862299993714,32.80862299993714
4675,0.023658789999899454,23.658789999899454
4676,0.023689250999950673,23.689250999950673
4677,0.029496046000076603,29.496046000076603
4678,0.028552419999869016,28.552419999869016
4679,0.023018844000034733,23.018844000034733
4680,0.024519717999964996,24.519717999964996
4681,0.03324638300000515,33.24638300000515
4682,0.03152372900012779,31.523729000127787
4683,0.02305583200018191,23.05583200018191
4684,0.023375505000103658,23.375505000103658
4685,0.02588313000001108,25.88313000001108
4686,0.036791411000194785,36.791411000194785
4687,0.02406786899996405,24.06786899996405
4688,0.023378326000056404,23.378326000056404
4689,0.02947989999984202,29.47989999984202
4690,0.02885602099991047,28.85602099991047
4691,0.023111666999966474,23.111666999966474
4692,0.023003375000143933,23.003375000143933
4693,0.02924699100003636,29.24699100003636
4694,0.028542902000026515,28.542902000026515
4695,0.022919573000081073,22.919573000081073
4696,0.022896717000094213,22.896717000094213
4697,0.02980045300000711,29.80045300000711
4698,0.028653165999912744,28.653165999912744
4699,0.023463956999876245,23.463956999876245
4700,0.02283964699995522,22.83964699995522
4701,0.03126861900000222,31.268619000002218
4702,0.029154155000014725,29.154155000014725
4703,0.023546207999970648,23.546207999970648
4704,0.023857289999796194,23.857289999796194
4705,0.027413249000119322,27.413249000119322
4706,0.027342782000005172,27.342782000005172
4707,0.02366079000012178,23.66079000012178
4708,0.022835501999907137,22.835501999907137
4709,0.031070760000147857,31.070760000147857
4710,0.024320993999936036,24.320993999936036
4711,0.02343667199988886,23.43667199988886
4712,0.023565731999951822,23.565731999951822
4713,0.030977939000194965,30.977939000194965
4714,0.023375022999971407,23.375022999971407
4715,0.022942520000015065,22.942520000015065
4716,0.022826420000001235,22.826420000001235
4717,0.031966083000043,31.966083000043
4718,0.02575318200001675,25.75318200001675
4719,0.023628015999975105,23.628015999975105
4720,0.02358630000003359,23.58630000003359
4721,0.02840683999988869,28.40683999988869
4722,0.024392502999944554,24.392502999944554
4723,0.023540204000028098,23.540204000028098
4724,0.02288439899984951,22.88439899984951
4725,0.03551559900006396,35.51559900006396
4726,0.02442656200014426,24.42656200014426
4727,0.02294164600016302,22.94164600016302
4728,0.022769847000063237,22.769847000063237
4729,0.027176432999794997,27.176432999794997
4730,0.024792390999891722,24.792390999891722
4731,0.02295768399994813,22.95768399994813
4732,0.022906352999825685,22.906352999825685
4733,0.03154714400011471,31.547144000114713
4734,0.025380104000078063,25.380104000078063
4735,0.023738166999919486,23.738166999919486
4736,0.02314882799987572,23.14882799987572
4737,0.036996982999880856,36.996982999880856
4738,0.024755099999993035,24.755099999993035
4739,0.023546760000044742,23.546760000044742
4740,0.023502679999864995,23.502679999864995
4741,0.028271668000115824,28.271668000115824
4742,0.028674614999999903,28.674614999999903
4743,0.02311151100002462,23.11151100002462
4744,0.023011599000028582,23.011599000028582
4745,0.028875733999939257,28.875733999939257
4746,0.034027229999992414,34.027229999992414
4747,0.023786742000083905,23.786742000083905
4748,0.023297025999909238,23.297025999909238
4749,0.03270480700007283,32.70480700007283
4750,0.02526111099996342,25.26111099996342
4751,0.02300791999982721,23.00791999982721
4752,0.023233301000118445,23.233301000118445
4753,0.03781195600004139,37.81195600004139
4754,0.024585769999930562,24.585769999930562
4755,0.023208992000036233,23.208992000036233
4756,0.023246317000030103,23.246317000030103
4757,0.03025670700003502,30.25670700003502
4758,0.029102256999976817,29.102256999976817
4759,0.02455114699978367,24.55114699978367
4760,0.023189052000134325,23.189052000134325
4761,0.037705107000192584,37.705107000192584
4762,0.024194232000127158,24.19423200012716
4763,0.02369642400003613,23.69642400003613
4764,0.022978308999881847,22.978308999881847
4765,0.0277363239999886,27.7363239999886
4766,0.023450202999811154,23.450202999811154
4767,0.022956002000000808,22.956002000000808
4768,0.023257335999915085,23.257335999915085
4769,0.028315043000020523,28.315043000020523
4770,0.02775893799980622,27.75893799980622
4771,0.023038709000047675,23.038709000047675
4772,0.022684199999957855,22.684199999957855
4773,0.03138594199981526,31.38594199981526
4774,0.02661184399994454,26.61184399994454
4775,0.023581375999810916,23.581375999810916
4776,0.02338807900014217,23.38807900014217
4777,0.03706872599991584,37.06872599991584
4778,0.02380385399987972,23.80385399987972
4779,0.02373522400012007,23.73522400012007
4780,0.022897186999898622,22.897186999898622
4781,0.033149642999887874,33.149642999887874
4782,0.02347824799994669,23.47824799994669
4783,0.022882858999992095,22.882858999992095
4784,0.023022928999807846,23.022928999807846
4785,0.02833886899998106,28.33886899998106
4786,0.02531521600008091,25.31521600008091
4787,0.02360905399996227,23.60905399996227
4788,0.023531325000021752,23.531325000021752
4789,0.03314085800002431,33.14085800002431
4790,0.02432352499999979,24.32352499999979
4791,0.02375455400010651,23.75455400010651
4792,0.022887664000108998,22.887664000108998
4793,0.02611907899995458,26.11907899995458
4794,0.0335469120000198,33.5469120000198
4795,0.024020279000069422,24.020279000069422
4796,0.023369205000108195,23.369205000108195
4797,0.03599122300011004,35.99122300011004
4798,0.031138475000034305,31.138475000034305
4799,0.024944079000079,24.944079000079
4800,0.02441886099995827,24.41886099995827
4801,0.03544505700006084,35.44505700006084
4802,0.025286935000167432,25.286935000167432
4803,0.023528099000031943,23.528099000031943
4804,0.023566972000026,23.566972000026
4805,0.04215779699984523,42.15779699984523
4806,0.02513218199987932,25.13218199987932
4807,0.0227529499998127,22.7529499998127
4808,0.02262769899994055,22.62769899994055
4809,0.03498561700007485,34.98561700007485
4810,0.026386148000028697,26.386148000028697
4811,0.023038325000015902,23.038325000015902
4812,0.023332781999897634,23.332781999897634
4813,0.041409279000163224,41.409279000163224
4814,0.04229706299997815,42.29706299997815
4815,0.025455001999944216,25.455001999944216
4816,0.025650501999962216,25.650501999962216
4817,0.047800201999962155,47.800201999962155
4818,0.024379241999895385,24.379241999895385
4819,0.022711323999828892,22.711323999828892
4820,0.0232531880001261,23.2531880001261
4821,0.04408100199998444,44.08100199998444
4822,0.02631328699999358,26.31328699999358
4823,0.024660105000066324,24.660105000066324
4824,0.02506373699998221,25.06373699998221
4825,0.041146312000137186,41.146312000137186
4826,0.024192087000074025,24.192087000074025
4827,0.023401641999953426,23.401641999953426
4828,0.023563508000052025,23.563508000052025
4829,0.02936784799999259,29.36784799999259
4830,0.02926435299991681,29.26435299991681
4831,0.025280030999965675,25.280030999965675
4832,0.022681384999941656,22.681384999941656
4833,0.02923334000001887,29.23334000001887
4834,0.028354566000189152,28.354566000189152
4835,0.022785676000012245,22.785676000012245
4836,0.022949933000063538,22.949933000063538
4837,0.029812044999971476,29.812044999971476
4838,0.028533904999903825,28.533904999903825
4839,0.023577456999873903,23.577456999873903
4840,0.023240537999981825,23.240537999981825
4841,0.028735877999906734,28.735877999906734
4842,0.028996344999995927,28.996344999995927
4843,0.023656792999872778,23.656792999872778
4844,0.02283337699986987,22.83337699986987
4845,0.031193016999850443,31.193016999850443
4846,0.032413124999948195,32.413124999948195
4847,0.023852168999837886,23.852168999837886
4848,0.023749520000137636,23.749520000137636
4849,0.0320679139999811,32.0679139999811
4850,0.029699283999889303,29.699283999889303
4851,0.02305066799999622,23.05066799999622
4852,0.023008462000007057,23.008462000007057
4853,0.02942546899998888,29.42546899998888
4854,0.028556677000096897,28.556677000096897
4855,0.023028785999940737,23.028785999940737
4856,0.022923497000192583,22.923497000192583
4857,0.029813191000130246,29.813191000130246
4858,0.0289728790000936,28.9728790000936
4859,0.023447376999911285,23.447376999911285
4860,0.0235161309999512,23.5161309999512
4861,0.033047055999986696,33.047055999986696
4862,0.02418968999995741,24.18968999995741
4863,0.0239268230000107,23.9268230000107
4864,0.023326296000050206,23.326296000050206
4865,0.02699662999998509,26.99662999998509
4866,0.025315271999943434,25.315271999943434
4867,0.023146463000102813,23.146463000102813
4868,0.022839610000119137,22.839610000119137
4869,0.03152556400004869,31.52556400004869
4870,0.023425546999988,23.425546999988
4871,0.023505889000034585,23.505889000034585
4872,0.023858744000108345,23.858744000108345
4873,0.0316211099998327,31.621109999832697
4874,0.025013680000029126,25.013680000029126
4875,0.023636721999992005,23.636721999992005
4876,0.023413391000076444,23.413391000076444
4877,0.026902846999973917,26.902846999973917
4878,0.02711674900001526,27.11674900001526
4879,0.023033774000168705,23.033774000168705
4880,0.0228138449999733,22.8138449999733
4881,0.029771418000109406,29.771418000109406
4882,0.027928772999985085,27.928772999985085
4883,0.022969028000034086,22.969028000034086
4884,0.02318297200008601,23.18297200008601
4885,0.030741272999875946,30.741272999875946
4886,0.025876965000179553,25.876965000179553
4887,0.023508730999992622,23.508730999992622
4888,0.023249495999834835,23.249495999834835
4889,0.035447292000071684,35.447292000071684
4890,0.024458729999878415,24.458729999878415
4891,0.024038744999870687,24.038744999870687
4892,0.023579106999932264,23.579106999932264
4893,0.030678238000064084,30.678238000064084
4894,0.028790882999828682,28.790882999828682
4895,0.02360431600004631,23.60431600004631
4896,0.022824282000101448,22.824282000101448
4897,0.028421215000207667,28.421215000207667
4898,0.028829718999986653,28.829718999986653
4899,0.02306161699993936,23.06161699993936
4900,0.022880116999886013,22.880116999886013
4901,0.028426760000002105,28.426760000002105
4902,0.02862213700018401,28.62213700018401
4903,0.02341460000002371,23.41460000002371
4904,0.022909278999804883,22.909278999804883
4905,0.02860744000008708,28.60744000008708
4906,0.028945643000042764,28.945643000042764
4907,0.025373148999960904,25.373148999960904
4908,0.023580244999948263,23.580244999948263
4909,0.03172879199996714,31.728791999967143
4910,0.027223069999990912,27.223069999990912
4911,0.023640761000024213,23.640761000024213
4912,0.02334122699994623,23.34122699994623
4913,0.027368589999923643,27.368589999923643
4914,0.027784481000026062,27.784481000026062
4915,0.023133932000064306,23.133932000064306
4916,0.02263035900000432,22.63035900000432
4917,0.02956023000001551,29.56023000001551
4918,0.02855106600009094,28.55106600009094
4919,0.022808944999951564,22.808944999951564
4920,0.02313159799996356,23.13159799996356
4921,0.031636156000104165,31.636156000104165
4922,0.024674527999877682,24.674527999877682
4923,0.023679134999838425,23.679134999838425
4924,0.023204017999887583,23.204017999887583
4925,0.03734887399991749,37.34887399991749
4926,0.02415896000002249,24.15896000002249
4927,0.023475039999993896,23.475039999993896
4928,0.023386161999951582,23.386161999951582
4929,0.030954351999980645,30.954351999980645
4930,0.029054347000055714,29.054347000055714
4931,0.024829848000081256,24.829848000081256
4932,0.023731261999955677,23.731261999955677
4933,0.03268010599981608,32.68010599981608
4934,0.02698699199982002,26.98699199982002
4935,0.023671629999853394,23.671629999853394
4936,0.022605301999874428,22.605301999874428
4937,0.032901552999874184,32.901552999874184
4938,0.024613175000013143,24.613175000013143
4939,0.023639434999950026,23.639434999950026
4940,0.027508106000141197,27.508106000141197
4941,0.02788975099997515,27.88975099997515
4942,0.028016931999900407,28.016931999900407
4943,0.0228169810000054,22.8169810000054
4944,0.023053161000007094,23.053161000007094
4945,0.029238026000030004,29.238026000030004
4946,0.02884917200003656,28.84917200003656
4947,0.024269396999898163,24.269396999898163
4948,0.0250756600000841,25.0756600000841
4949,0.03090634799991676,30.90634799991676
4950,0.028961397000102806,28.961397000102806
4951,0.02400979300000472,24.00979300000472
4952,0.023601921000135917,23.601921000135917
4953,0.031213439000111975,31.213439000111975
4954,0.02417734300001939,24.17734300001939
4955,0.023052358000086315,23.052358000086315
4956,0.025540818999843395,25.540818999843395
4957,0.024638755000069068,24.638755000069068
4958,0.03128287799995633,31.282877999956327
4959,0.030889225999999326,30.889225999999326
4960,0.023652723000168407,23.652723000168407
4961,0.12264972000002672,122.64972000002672
4962,0.07969902800005002,79.69902800005002
4963,0.02251512000020739,22.51512000020739
4964,0.02263613900004202,22.63613900004202
4965,0.035656757999959154,35.656757999959154
4966,0.0269359810001788,26.9359810001788
4967,0.023313842000106888,23.313842000106888
4968,0.02295104600011655,22.95104600011655
4969,0.031181108000055247,31.181108000055247
4970,0.024410980999846288,24.410980999846288
4971,0.022888669999929334,22.888669999929334
4972,0.022600381000074776,22.600381000074776
4973,0.029674673999807055,29.674673999807055
4974,0.028623866000089038,28.623866000089038
4975,0.023019942000019,23.019942000019
4976,0.023231608000060078,23.231608000060078
4977,0.031742900999915946,31.742900999915946
4978,0.024367592999851695,24.367592999851695
4979,0.023796332999836523,23.796332999836523
4980,0.02317109699993125,23.17109699993125
4981,0.028217227000141065,28.217227000141065
4982,0.02720382300003621,27.20382300003621
4983,0.023879821000036827,23.879821000036827
4984,0.02287539899998592,22.87539899998592
4985,0.030099650000011025,30.099650000011025
4986,0.025488688999985243,25.488688999985243
4987,0.023070225999845206,23.070225999845206
4988,0.023014973000044847,23.014973000044847
4989,0.030971304000104283,30.971304000104283
4990,0.023902967000140052,23.902967000140052
4991,0.023583360000202447,23.583360000202447
4992,0.02341015700017124,23.41015700017124
4993,0.028086459000178365,28.086459000178365
4994,0.02826772000003075,28.26772000003075
4995,0.023960941000041203,23.960941000041203
4996,0.023555425000040486,23.555425000040486
4997,0.026784354000028543,26.784354000028543
4998,0.029052490000140097,29.052490000140097
4999,0.023016569999981584,23.016569999981584
5000,0.02483035199998085,24.83035199998085
5001,0.03359583499991459,33.59583499991459
5002,0.024601201999985278,24.60120199998528
5003,0.02367645200001789,23.67645200001789
5004,0.02351745300006769,23.51745300006769
5005,0.028242144000159897,28.242144000159897
5006,0.024001187000067148,24.001187000067148
5007,0.023019796000198767,23.019796000198767
5008,0.023306542999989688,23.306542999989688
5009,0.044493373000022984,44.493373000022984
5010,0.027617121000048428,27.617121000048428
5011,0.022942243999978018,22.942243999978018
5012,0.022957765000001018,22.957765000001018
5013,0.03742414900011681,37.42414900011681
5014,0.02377710899986596,23.77710899986596
5015,0.023311298999942665,23.311298999942665
5016,0.0228443469998183,22.8443469998183
5017,0.027162856000131796,27.162856000131796
5018,0.024076731000150176,24.076731000150176
5019,0.023610909999888463,23.610909999888463
5020,0.023998915999982273,23.998915999982273
5021,0.028449192999914885,28.449192999914885
5022,0.02534957500006385,25.34957500006385
5023,0.023217685999952664,23.217685999952664
5024,0.02290814599996338,22.90814599996338
5025,0.030316002000063236,30.316002000063236
5026,0.025667410000096424,25.667410000096424
5027,0.023218698999926346,23.218698999926346
5028,0.02327053499993781,23.27053499993781
5029,0.024948919000053138,24.948919000053138
5030,0.032702386000210026,32.702386000210026
5031,0.023700374999862106,23.700374999862106
5032,0.02391619700006231,23.91619700006231
5033,0.03603378699995119,36.03378699995119
5034,0.02411720400004924,24.11720400004924
5035,0.023702145000015662,23.702145000015662
5036,0.02283278999993854,22.83278999993854
5037,0.025991088999944623,25.991088999944623
5038,0.030471150000039415,30.471150000039415
5039,0.02361949300006927,23.61949300006927
5040,0.023576702000127625,23.576702000127625
5041,0.028963963000023796,28.963963000023796
5042,0.02898162099995716,28.98162099995716
5043,0.02293456100005642,22.93456100005642
5044,0.023099202000139485,23.099202000139485
5045,0.028188912000132405,28.188912000132405
5046,0.028754950999882567,28.754950999882567
5047,0.023184081999943373,23.184081999943373
5048,0.022772735999978977,22.772735999978977
5049,0.028730452999980116,28.730452999980116
5050,0.028000330999930156,28.000330999930156
5051,0.023662264999984473,23.662264999984473
5052,0.02376680999987002,23.76680999987002
5053,0.028837416999976995,28.837416999976995
5054,0.029020913000067594,29.020913000067594
5055,0.023161327000025267,23.161327000025267
5056,0.022871376000011878,22.871376000011878
5057,0.028733854999927644,28.733854999927644
5058,0.028091361999941,28.091361999941
5059,0.022867744999985007,22.867744999985007
5060,0.022890764000067065,22.890764000067065
5061,0.027994710000029954,27.994710000029954
5062,0.028305262000003495,28.305262000003495
5063,0.022996021999915683,22.996021999915683
5064,0.023046388000011575,23.046388000011575
5065,0.02914164499998151,29.14164499998151
5066,0.032841376000078526,32.841376000078526
5067,0.024205376999816508,24.205376999816508
5068,0.023947085000145307,23.947085000145307
5069,0.024959638999916933,24.959638999916933
5070,0.035306499999933294,35.306499999933294
5071,0.023119301999940944,23.119301999940944
5072,0.02317390799998975,23.17390799998975
5073,0.026083200999892142,26.083200999892142
5074,0.031461736999972345,31.461736999972345
5075,0.02361578900013228,23.61578900013228
5076,0.023546694000060597,23.546694000060597
5077,0.029045802999917214,29.045802999917214
5078,0.029133556000033423,29.133556000033423
5079,0.0236364610000237,23.6364610000237
5080,0.023029246000078274,23.029246000078274
5081,0.030204939999975977,30.204939999975977
5082,0.028757821999988664,28.757821999988664
5083,0.023449204000144164,23.449204000144164
5084,0.022853535999956875,22.853535999956875
5085,0.02881630399997448,28.81630399997448
5086,0.028024317000017618,28.024317000017618
5087,0.02300253400017027,23.00253400017027
5088,0.022970673999907376,22.970673999907376
5089,0.024214188999849284,24.214188999849284
5090,0.032897316000116916,32.897316000116916
5091,0.023779727000146522,23.779727000146522
5092,0.023558468000146604,23.558468000146604
5093,0.029346535000058793,29.346535000058793
5094,0.029537583000092127,29.537583000092127
5095,0.02302558999986104,23.02558999986104
5096,0.023149000000103115,23.149000000103115
5097,0.02980026199998065,29.80026199998065
5098,0.028078202999950008,28.07820299995001
5099,0.023320183000123507,23.320183000123507
5100,0.022760606000019834,22.760606000019834
5101,0.03134861600005934,31.348616000059337
5102,0.025320425000018076,25.320425000018076
5103,0.02378125700010969,23.78125700010969
5104,0.023549590999891734,23.549590999891734
5105,0.03770999299990763,37.70999299990763
5106,0.024077878000070996,24.077878000070996
5107,0.02361191900013182,23.61191900013182
5108,0.023588151000012658,23.588151000012658
5109,0.03010602600011225,30.10602600011225
5110,0.028292579999970258,28.292579999970258
5111,0.023044584999979634,23.044584999979634
5112,0.022874005999938163,22.874005999938163
5113,0.028535298999941006,28.535298999941006
5114,0.028391305000013745,28.391305000013745
5115,0.023054438000144728,23.054438000144728
5116,0.0228542429999834,22.8542429999834
5117,0.030012962000000698,30.012962000000698
5118,0.028540426999825286,28.540426999825286
5119,0.023030612999946243,23.030612999946243
5120,0.022876840999970227,22.876840999970227
5121,0.028617763000056584,28.617763000056584
5122,0.029308184999990772,29.30818499999077
5123,0.023662090000016178,23.66209000001618
5124,0.0235500400001456,23.5500400001456
5125,0.03001180299997941,30.01180299997941
5126,0.028576793000183898,28.576793000183898
5127,0.024914694000017334,24.914694000017334
5128,0.02404963999993015,24.04963999993015
5129,0.04037571300000309,40.37571300000309
5130,0.024144823999904474,24.144823999904474
5131,0.022833371000160696,22.833371000160696
5132,0.022892751999961547,22.892751999961547
5133,0.0291568620000362,29.1568620000362
5134,0.028856803000053333,28.856803000053333
5135,0.023865775000103895,23.865775000103895
5136,0.023607580000089,23.607580000089
5137,0.029199013000152263,29.199013000152263
5138,0.028231264999931227,28.231264999931227
5139,0.023154242999908092,23.154242999908092
5140,0.022922581999864633,22.922581999864633
5141,0.0289082540000436,28.9082540000436
5142,0.02951013899996724,29.51013899996724
5143,0.030534073999888278,30.534073999888278
5144,0.02609695399996781,26.09695399996781
5145,0.04213798599994334,42.13798599994334
5146,0.031342414999926405,31.342414999926405
5147,0.02963113400005568,29.63113400005568
5148,0.03199925700005224,31.99925700005224
5149,0.04527795400008472,45.27795400008472
5150,0.02781755399996655,27.81755399996655
5151,0.02298978499993609,22.98978499993609
5152,0.023220533000085197,23.220533000085197
5153,0.03183831599994846,31.838315999948463
5154,0.02813556800015249,28.13556800015249
5155,0.02443194400007087,24.43194400007087
5156,0.025154527000040616,25.154527000040616
5157,0.04139220699994439,41.39220699994439
5158,0.024854150999999547,24.854150999999547
5159,0.023844538000048487,23.844538000048487
5160,0.024606566000102248,24.606566000102248
5161,0.02908635099993262,29.08635099993262
5162,0.0299182109999947,29.9182109999947
5163,0.023331939999934548,23.331939999934548
5164,0.023017320000008112,23.017320000008112
5165,0.02960560700012138,29.60560700012138
5166,0.02853226899992478,28.53226899992478
5167,0.023562482999977874,23.562482999977874
5168,0.023158498999919175,23.158498999919175
5169,0.03168762100017375,31.68762100017375
5170,0.02432038000006287,24.32038000006287
5171,0.023488248999910866,23.488248999910866
5172,0.023681924999891635,23.681924999891635
5173,0.027552128999786873,27.552128999786873
5174,0.028793375000077504,28.793375000077504
5175,0.02663132299994686,26.63132299994686
5176,0.02381935799985513,23.81935799985513
5177,0.027074603000073694,27.074603000073694
5178,0.03127628700008245,31.276287000082448
5179,0.023212263000004896,23.212263000004896
5180,0.02306203800003459,23.06203800003459
5181,0.03038847200014061,30.38847200014061
5182,0.029108229000030406,29.108229000030406
5183,0.02324543199983964,23.24543199983964
5184,0.02276099499999873,22.76099499999873
5185,0.028899394000063694,28.899394000063694
5186,0.029191035000167176,29.191035000167176
5187,0.023949734000098033,23.949734000098033
5188,0.023619618999873637,23.619618999873637
5189,0.030035689999976967,30.035689999976967
5190,0.02936019599997053,29.36019599997053
5191,0.02331863099993825,23.31863099993825
5192,0.023284286000034626,23.284286000034626
5193,0.03220208100015043,32.20208100015043
5194,0.025952135000125054,25.952135000125054
5195,0.02307149099988237,23.07149099988237
5196,0.022963415999811332,22.963415999811332
5197,0.027525758999900063,27.525758999900063
5198,0.026464065000027404,26.464065000027404
5199,0.023835904999941704,23.835904999941704
5200,0.023691622000114876,23.691622000114876
5201,0.03392129199983174,33.92129199983174
5202,0.024599947000069733,24.599947000069733
5203,0.02380227300000115,23.80227300000115
5204,0.023049247000017203,23.049247000017203
5205,0.02699522300008539,26.99522300008539
5206,0.023494816000038554,23.494816000038554
5207,0.023202764999950887,23.202764999950887
5208,0.023141110000096887,23.141110000096887
5209,0.03179347900004359,31.79347900004359
5210,0.02487824499985436,24.87824499985436
5211,0.023798035000027085,23.798035000027085
5212,0.02382763400009935,23.82763400009935
5213,0.0274686230000043,27.4686230000043
5214,0.024868166000032943,24.868166000032943
5215,0.02331083099988973,23.31083099988973
5216,0.023095160000139003,23.095160000139003
5217,0.03065551100007724,30.65551100007724
5218,0.025078976000031616,25.078976000031616
5219,0.02300353699979496,23.00353699979496
5220,0.023685290999992503,23.685290999992503
5221,0.03141523099998267,31.41523099998267
5222,0.023813545999928465,23.813545999928465
5223,0.02295898599982138,22.95898599982138
5224,0.023152259999960734,23.152259999960734
5225,0.03288193200000933,32.88193200000933
5226,0.02434040899993306,24.34040899993306
5227,0.02379338200012171,23.79338200012171
5228,0.029232441999965886,29.232441999965886
5229,0.029674688000113747,29.674688000113747
5230,0.02904519599997002,29.04519599997002
5231,0.023524579999957496,23.524579999957496
5232,0.02331868300007045,23.31868300007045
5233,0.02870551199998772,28.70551199998772
5234,0.02953618399988045,29.53618399988045
5235,0.02318814500017652,23.18814500017652
5236,0.023001707999810606,23.001707999810606
5237,0.029636117000109152,29.636117000109152
5238,0.028881214999955773,28.881214999955773
5239,0.023243617999924027,23.243617999924027
5240,0.023205743999824335,23.205743999824335
5241,0.030931526999893322,30.93152699989332
5242,0.02906561600002533,29.06561600002533
5243,0.02379492799991567,23.79492799991567
5244,0.025752847999910955,25.752847999910955
5245,0.02788968200002273,27.88968200002273
5246,0.024294088000033298,24.294088000033298
5247,0.02372541599993383,23.72541599993383
5248,0.023843814999963797,23.843814999963797
5249,0.028146233999905235,28.146233999905235
5250,0.024325868000005357,24.325868000005357
5251,0.02306945500004076,23.06945500004076
5252,0.022972664999997505,22.972664999997505
5253,0.03087345400012964,30.87345400012964
5254,0.024715792000051806,24.715792000051806
5255,0.023128087000031883,23.128087000031883
5256,0.023057354000002306,23.057354000002306
5257,0.03149755599997661,31.497555999976612
5258,0.024137053000004016,24.137053000004016
5259,0.02375353599995833,23.75353599995833
5260,0.02365834299985181,23.65834299985181
5261,0.033571978000054514,33.571978000054514
5262,0.0249732810000296,24.9732810000296
5263,0.023863336999966123,23.863336999966123
5264,0.023720415000070716,23.720415000070716
5265,0.02608750199988208,26.08750199988208
5266,0.03188196800010701,31.88196800010701
5267,0.023863238999865644,23.863238999865644
5268,0.02374516500003665,23.74516500003665
5269,0.030889403999935894,30.889403999935894
5270,0.028584593000005043,28.584593000005043
5271,0.023077598000099897,23.077598000099897
5272,0.022969013999954768,22.96901399995477
5273,0.030661473999998634,30.661473999998634
5274,0.02851064700007555,28.51064700007555
5275,0.023127373000079388,23.127373000079388
5276,0.024039002000108667,24.039002000108667
5277,0.026244969000117635,26.244969000117635
5278,0.03572143900009905,35.72143900009905
5279,0.025898899999901914,25.898899999901914
5280,0.023713154999995822,23.713154999995822
5281,0.03284212799985653,32.84212799985653
5282,0.028955743000096845,28.955743000096845
5283,0.023400964999837015,23.400964999837015
5284,0.022828578999906313,22.828578999906313
5285,0.03346297699999923,33.46297699999923
5286,0.027532741000186434,27.532741000186434
5287,0.02476240900000448,24.76240900000448
5288,0.027956721000009566,27.956721000009566
5289,0.0338006699998914,33.8006699998914
5290,0.028832419000082155,28.832419000082155
5291,0.02361016700001528,23.61016700001528
5292,0.025042632000122467,25.042632000122467
5293,0.038767673999927865,38.767673999927865
5294,0.029174614999874393,29.174614999874393
5295,0.023387153999919974,23.387153999919974
5296,0.02352313400001549,23.52313400001549
5297,0.029791782000074818,29.791782000074818
5298,0.028649307000023327,28.649307000023327
5299,0.023078387999930783,23.078387999930783
5300,0.022986286000104883,22.986286000104883
5301,0.02952403599988429,29.52403599988429
5302,0.028571415999977035,28.571415999977035
5303,0.023060284999928626,23.060284999928626
5304,0.02390575100002934,23.90575100002934
5305,0.04031704899989563,40.31704899989563
5306,0.024996603999852596,24.996603999852596
5307,0.024350306999849636,24.350306999849636
5308,0.02355444299996634,23.55444299996634
5309,0.02960995900002672,29.60995900002672
5310,0.029451089000076536,29.451089000076536
5311,0.023066617000040424,23.066617000040424
5312,0.023657305999904565,23.657305999904565
5313,0.02962254999988545,29.62254999988545
5314,0.02855106199990587,28.55106199990587
5315,0.023281831000076636,23.281831000076636
5316,0.022670013999913863,22.670013999913863
5317,0.03038813500006654,30.38813500006654
5318,0.028650057999811906,28.650057999811906
5319,0.023533665000059045,23.533665000059045
5320,0.02332433700007641,23.32433700007641
5321,0.03464714400001867,34.64714400001867
5322,0.02438771600009204,24.38771600009204
5323,0.02365407000002051,23.65407000002051
5324,0.023430071000120734,23.430071000120734
5325,0.028235316999825955,28.235316999825955
5326,0.029187345999844183,29.187345999844183
5327,0.02408532300000843,24.08532300000843
5328,0.024647712999922078,24.647712999922078
5329,0.02872797999998511,28.72797999998511
5330,0.028610639999897103,28.610639999897103
5331,0.023077363999846057,23.077363999846057
5332,0.023155848999977025,23.155848999977025
5333,0.02877288900003805,28.77288900003805
5334,0.02860306100001253,28.60306100001253
5335,0.023893880000059653,23.893880000059653
5336,0.023265544999958365,23.265544999958365
5337,0.029651378999915323,29.651378999915323
5338,0.02883375100009289,28.83375100009289
5339,0.02322953799989591,23.22953799989591
5340,0.022966029999906823,22.966029999906823
5341,0.0290963439999814,29.0963439999814
5342,0.03045727300013823,30.45727300013823
5343,0.023119786000052045,23.119786000052045
5344,0.02357453800004805,23.57453800004805
5345,0.03575719099990238,35.75719099990238
5346,0.023077472000068155,23.077472000068155
5347,0.022301870999854145,22.301870999854145
5348,0.021652183000014702,21.652183000014702
5349,0.03121761400007017,31.21761400007017
5350,0.02868838700010201,28.68838700010201
5351,0.02214128199989318,22.14128199989318
5352,0.021796211000037147,21.796211000037147
5353,0.032183142000121734,32.183142000121734
5354,0.02902970800005278,29.02970800005278
5355,0.022277077000126155,22.277077000126155
5356,0.02124361599999247,21.24361599999247
5357,0.03042844299989156,30.42844299989156
5358,0.030914710999923045,30.914710999923045
5359,0.021791722000216396,21.791722000216396
5360,0.021685535000187883,21.685535000187883
5361,0.030618740999898364,30.618740999898364
5362,0.02801046099989435,28.01046099989435
5363,0.021955649000119593,21.955649000119593
5364,0.02132768199999191,21.32768199999191
5365,0.029734477000147308,29.734477000147308
5366,0.02908383099997991,29.08383099997991
5367,0.02244948500015198,22.44948500015198
5368,0.02241550200005804,22.41550200005804
5369,0.03151231700007884,31.512317000078838
5370,0.028561543000023448,28.56154300002345
5371,0.02181027599999652,21.81027599999652
5372,0.02125190899982954,21.25190899982954
5373,0.029881026000111888,29.881026000111888
5374,0.028667467999866858,28.667467999866858
5375,0.021671067999932347,21.671067999932347
5376,0.021223200999884284,21.223200999884284
5377,0.027568535999989763,27.568535999989763
5378,0.031502847000183465,31.502847000183465
5379,0.02197153099996285,21.97153099996285
5380,0.021897412999805965,21.897412999805965
5381,0.028460081000048376,28.460081000048376
5382,0.029513091999888275,29.513091999888275
5383,0.02230109100014488,22.30109100014488
5384,0.021314849999953367,21.314849999953367
5385,0.027419918000077814,27.419918000077814
5386,0.029789299999947616,29.789299999947616
5387,0.021928143999957683,21.928143999957683
5388,0.022568030999991606,22.568030999991606
5389,0.02723593299992899,27.23593299992899
5390,0.03137447299991436,31.37447299991436
5391,0.026048203000073045,26.048203000073045
5392,0.02200329100014642,22.00329100014642
5393,0.03298667400008526,32.98667400008526
5394,0.028757781999956933,28.757781999956933
5395,0.022417647000111174,22.417647000111174
5396,0.021872451000035653,21.872451000035653
5397,0.03064026900005956,30.64026900005956
5398,0.027906552000104057,27.906552000104057
5399,0.02170449200002622,21.70449200002622
5400,0.02170073100000991,21.70073100000991
5401,0.030946360000143613,30.946360000143613
5402,0.028654649999907633,28.654649999907633
5403,0.02156443900003069,21.56443900003069
5404,0.021356102000027022,21.356102000027022
5405,0.03186626900014744,31.86626900014744
5406,0.02974707400016996,29.74707400016996
5407,0.09370066900009988,93.70066900009988
5408,0.04246548299988717,42.46548299988717
5409,0.031088830000044254,31.088830000044254
5410,0.027843027000017173,27.843027000017173
5411,0.02323312600015015,23.23312600015015
5412,0.023253686000089147,23.253686000089147
5413,0.031794823999916844,31.794823999916844
5414,0.02441462899992075,24.41462899992075
5415,0.02299246600000515,22.99246600000515
5416,0.022929168000018763,22.929168000018763
5417,0.031748994999816205,31.748994999816205
5418,0.024617720999913217,24.617720999913217
5419,0.023643647999961104,23.643647999961104
5420,0.024135058999945613,24.135058999945613
5421,0.027299856000126965,27.299856000126965
5422,0.025573693000069397,25.573693000069397
5423,0.02306849899991903,23.06849899991903
5424,0.02378450299988799,23.78450299988799
5425,0.03196917500008567,31.96917500008567
5426,0.024366550999957326,24.366550999957326
5427,0.023823790000051304,23.823790000051304
5428,0.023601079999934882,23.601079999934882
5429,0.02647347699985403,26.47347699985403
5430,0.034664883999994345,34.664883999994345
