image_index,forward_latency_seconds,forward_latency_ms
0,0.03866959200013298,38.66959200013298
1,0.02559939699995084,25.59939699995084
2,0.020056876000126067,20.056876000126067
3,0.019705254999962563,19.705254999962563
4,0.03934709999998631,39.34709999998631
5,0.020386841999879834,20.386841999879834
6,0.019736968999950477,19.736968999950477
7,0.01967511700013347,19.67511700013347
8,0.03371163199994953,33.71163199994953
9,0.024619260999998005,24.619260999998005
10,0.020065703999989637,20.065703999989637
11,0.02000702700001966,20.00702700001966
12,0.03515319799998906,35.15319799998906
13,0.020101589999967473,20.101589999967473
14,0.020038533999922947,20.038533999922947
15,0.019392235000168512,19.39223500016851
16,0.03332954699999391,33.32954699999391
17,0.02557542299996385,25.57542299996385
18,0.02048462700008713,20.48462700008713
19,0.028739957999960097,28.739957999960097
20,0.04512804200021492,45.12804200021492
21,0.04480302100000699,44.80302100000699
22,0.02047520800010716,20.47520800010716
23,0.019567060000099445,19.567060000099445
24,0.03597519000004468,35.97519000004468
25,0.02062276599986035,20.62276599986035
26,0.019905442999970546,19.905442999970546
27,0.019893976000048497,19.893976000048497
28,0.0313678439999876,31.3678439999876
29,0.02560806699989371,25.60806699989371
30,0.020275663000120403,20.275663000120403
31,0.01953697499993723,19.53697499993723
32,0.032974732999946355,32.974732999946355
33,0.022127087999933792,22.127087999933792
34,0.021908982000013566,21.908982000013566
35,0.021304233000137174,21.304233000137174
36,0.030338239999991856,30.338239999991856
37,0.02693853499999932,26.93853499999932
38,0.021596773999817742,21.596773999817742
39,0.021563575000072888,21.563575000072888
40,0.026228640999988784,26.228640999988784
41,0.02762043600000652,27.62043600000652
42,0.02129118900006688,21.29118900006688
43,0.021049690999916493,21.049690999916493
44,0.02702680600009444,27.02680600009444
45,0.029849094000155674,29.849094000155674
46,0.021533399999952962,21.533399999952962
47,0.021138998999958858,21.138998999958858
48,0.03609132499991574,36.09132499991574
49,0.021693851999998515,21.693851999998515
50,0.02143043499995656,21.43043499995656
51,0.02092663000007633,20.92663000007633
52,0.031581685999981346,31.581685999981346
53,0.026555166999969515,26.555166999969515
54,0.02151522200006184,21.51522200006184
55,0.021220142999936797,21.220142999936797
56,0.028565200999992157,28.565200999992157
57,0.028023100000154955,28.023100000154955
58,0.02144999799998004,21.44999799998004
59,0.020999624999831212,20.999624999831212
60,0.026343462000113504,26.343462000113504
61,0.021887819000085074,21.887819000085074
62,0.021440678000089974,21.440678000089974
63,0.020867760999863094,20.867760999863094
64,0.02880173499988814,28.80173499988814
65,0.02730340200014325,27.30340200014325
66,0.021713455000053727,21.713455000053727
67,0.0210694649999823,21.0694649999823
68,0.025253340000062963,25.253340000062963
69,0.03474804100005713,34.74804100005713
70,0.02211715499993261,22.11715499993261
71,0.020806661000051463,20.806661000051463
72,0.02732013700006064,27.32013700006064
73,0.03084096799989311,30.84096799989311
74,0.02153049500020643,21.53049500020643
75,0.02136936999977479,21.36936999977479
76,0.028234110999846962,28.234110999846962
77,0.026086630999998306,26.086630999998306
78,0.023217696000074284,23.217696000074284
79,0.023037135000095077,23.037135000095077
80,0.03432195000004867,34.32195000004867
81,0.021570153999846298,21.570153999846298
82,0.021615299999893978,21.615299999893978
83,0.021091181999963737,21.091181999963737
84,0.03492353799992998,34.92353799992998
85,0.026730457999974533,26.730457999974533
86,0.021483600000010483,21.483600000010483
87,0.021236238000028607,21.236238000028607
88,0.028330767000170454,28.330767000170454
89,0.028578788999993776,28.578788999993776
90,0.02144184500002666,21.44184500002666
91,0.021103672999970513,21.103672999970513
92,0.02495176399997945,24.95176399997945
93,0.03319007700019938,33.19007700019938
94,0.021431247000009535,21.431247000009535
95,0.021082433999936256,21.082433999936256
96,0.0307573229999889,30.7573229999889
97,0.0219371340001544,21.9371340001544
98,0.02174721899996257,21.74721899996257
99,0.021014538999907018,21.014538999907018
100,0.027491283000017575,27.491283000017575
101,0.02893082199989294,28.93082199989294
102,0.021155793999923844,21.155793999923844
103,0.021113464999871212,21.113464999871212
104,0.025623544999916703,25.623544999916703
105,0.03378956400001698,33.78956400001698
106,0.021836713999846324,21.836713999846324
107,0.021143227000038678,21.143227000038678
108,0.029015716000003522,29.015716000003522
109,0.025414045999923474,25.414045999923474
110,0.021418774999801826,21.418774999801826
111,0.020969157999843446,20.969157999843446
112,0.02696067200008656,26.96067200008656
113,0.029462773999966885,29.462773999966885
114,0.021369359999880544,21.369359999880544
115,0.022224024000024656,22.224024000024656
116,0.024861932999783676,24.861932999783676
117,0.03402038400008678,34.02038400008678
118,0.021719803999985743,21.719803999985743
119,0.021287626000003,21.287626000003
120,0.02407729699984884,24.07729699984884
121,0.03176072100018246,31.760721000182457
122,0.021884750000026543,21.884750000026543
123,0.021549884000023667,21.549884000023667
124,0.028161792999981117,28.161792999981117
125,0.02703268499999467,27.03268499999467
126,0.021327817000155846,21.327817000155846
127,0.021137299999963943,21.137299999963943
128,0.024805327999956717,24.805327999956717
129,0.03247042800012423,32.47042800012423
130,0.02136089600003288,21.36089600003288
131,0.021198571000013544,21.198571000013544
132,0.03103312200005348,31.03312200005348
133,0.02182171799995558,21.82171799995558
134,0.02131050699995285,21.31050699995285
135,0.02085943700012649,20.85943700012649
136,0.02748145900000054,27.48145900000054
137,0.02834698600008778,28.34698600008778
138,0.021076412999946115,21.076412999946115
139,0.022144202000163205,22.144202000163205
140,0.024693087000059677,24.693087000059677
141,0.0332737010000983,33.2737010000983
142,0.021975064000116618,21.975064000116618
143,0.02120700599994052,21.20700599994052
144,0.027638028999945163,27.638028999945163
145,0.025277405999986513,25.277405999986513
146,0.02202966300001208,22.02966300001208
147,0.021847473000207174,21.847473000207174
148,0.028071198999896296,28.071198999896296
149,0.027776375000030384,27.776375000030384
150,0.02255235300003733,22.55235300003733
151,0.022127669999917998,22.127669999917998
152,0.02846383600012814,28.46383600012814
153,0.028447575999962282,28.447575999962282
154,0.022596609000174794,22.596609000174794
155,0.022394809999923382,22.394809999923382
156,0.02881664999995337,28.81664999995337
157,0.028502229999958217,28.502229999958217
158,0.022855472999935955,22.855472999935955
159,0.022131540999907884,22.131540999907884
160,0.029171762000032686,29.171762000032686
161,0.029022688999930324,29.022688999930324
162,0.023622122999995554,23.622122999995554
163,0.022849536000194348,22.849536000194348
164,0.029250890999946932,29.250890999946932
165,0.028718621000052735,28.718621000052735
166,0.023163450000083685,23.163450000083685
167,0.0228492629998982,22.8492629998982
168,0.030812115000117046,30.812115000117046
169,0.0280622120001226,28.0622120001226
170,0.023157540999818593,23.157540999818593
171,0.022874840999975277,22.874840999975277
172,0.030762525000000096,30.762525000000096
173,0.027288214000009248,27.288214000009248
174,0.022641481000164276,22.641481000164276
175,0.04020364200005133,40.20364200005133
176,0.029490288999795666,29.490288999795666
177,0.027933256000096662,27.933256000096662
178,0.023369146000050023,23.369146000050023
179,0.022792935000097714,22.792935000097714
180,0.030115211000065756,30.115211000065756
181,0.027483411000048363,27.483411000048363
182,0.023382789000152115,23.382789000152115
183,0.022851477000131126,22.851477000131126
184,0.03103909499986912,31.03909499986912
185,0.023684813000045324,23.684813000045324
186,0.02315918299996156,23.15918299996156
187,0.022796107999965898,22.796107999965898
188,0.0316732859998865,31.673285999886502
189,0.023645435999924302,23.645435999924302
190,0.023148122000065996,23.148122000065996
191,0.02274670899987541,22.74670899987541
192,0.03368745400007356,33.68745400007356
193,0.024615127000060966,24.615127000060966
194,0.023281592000103046,23.281592000103046
195,0.02286313199988399,22.86313199988399
196,0.02661546499984979,26.61546499984979
197,0.032869359000187615,32.869359000187615
198,0.025132427000016833,25.132427000016833
199,0.025534864000064772,25.534864000064772
200,0.04855175500006226,48.55175500006226
201,0.027621794999959093,27.621794999959093
202,0.024785856000107742,24.785856000107742
203,0.024601114999995843,24.601114999995843
204,0.04406665999999859,44.06665999999859
205,0.023248429999966902,23.248429999966902
206,0.02274631899990709,22.74631899990709
207,0.02337733100011974,23.37733100011974
208,0.03652527199983524,36.52527199983524
209,0.025443845000154397,25.443845000154397
210,0.0233974830000534,23.3974830000534
211,0.023482729999841467,23.482729999841467
212,0.037336478000042916,37.336478000042916
213,0.023754463000159376,23.754463000159376
214,0.023157752000088294,23.157752000088294
215,0.02257602700001371,22.57602700001371
216,0.026527409999971496,26.527409999971496
217,0.030167166000182988,30.167166000182988
218,0.02353080499983662,23.53080499983662
219,0.022179055999913544,22.179055999913544
220,0.026814347000026828,26.814347000026828
221,0.030070127000044522,30.070127000044522
222,0.023047442999995837,23.047442999995837
223,0.02288805200009847,22.88805200009847
224,0.026382062000038786,26.382062000038786
225,0.03095887900008165,30.95887900008165
226,0.023341661000131353,23.341661000131353
227,0.02233827600002769,22.33827600002769
228,0.026068998000027932,26.068998000027932
229,0.030727604000048814,30.727604000048814
230,0.02337959399983447,23.37959399983447
231,0.022048119999908522,22.048119999908522
232,0.027134828999805904,27.134828999805904
233,0.03093232500009435,30.93232500009435
234,0.023230734999970082,23.230734999970082
235,0.022811332999935985,22.811332999935985
236,0.029184192999991865,29.184192999991865
237,0.029521137000074305,29.521137000074305
238,0.023258651999867652,23.258651999867652
239,0.023047289000032833,23.047289000032833
240,0.03172683699995105,31.726836999951047
241,0.028089771999930235,28.089771999930235
242,0.02374773500014271,23.74773500014271
243,0.02214872100012144,22.14872100012144
244,0.024485688999902777,24.485688999902777
245,0.02821279400018284,28.21279400018284
246,0.02274518099989109,22.74518099989109
247,0.022272358999998687,22.272358999998687
248,0.028776735000064946,28.776735000064946
249,0.029476808000026722,29.476808000026722
250,0.024083395999923596,24.083395999923596
251,0.027858110000124725,27.858110000124725
252,0.03556198999990556,35.56198999990556
253,0.023696521999909237,23.696521999909237
254,0.02313047600000573,23.13047600000573
255,0.022741756999948848,22.741756999948848
256,0.02885424599980979,28.85424599980979
257,0.023371150999992096,23.371150999992096
258,0.023230732000001808,23.230732000001808
259,0.0234405290000268,23.4405290000268
260,0.03255380399991736,32.55380399991736
261,0.02369180100004087,23.69180100004087
262,0.023273511000070357,23.273511000070357
263,0.022818495000137773,22.818495000137773
264,0.027534787000149663,27.534787000149663
265,0.02614987799984192,26.14987799984192
266,0.022675806000052035,22.675806000052035
267,0.022106211000163967,22.106211000163967
268,0.030050166000137324,30.050166000137324
269,0.02772136499993394,27.72136499993394
270,0.024696147000213386,24.696147000213386
271,0.022823981999863463,22.823981999863463
272,0.031381548999888764,31.381548999888764
273,0.025259431999984372,25.259431999984372
274,0.023272881999901074,23.272881999901074
275,0.022192007000057856,22.192007000057856
276,0.031108932000051936,31.108932000051936
277,0.025009095999848796,25.009095999848796
278,0.02259395900000527,22.59395900000527
279,0.022418311999899743,22.418311999899743
280,0.03272831499998574,32.72831499998574
281,0.024922398999933648,24.922398999933648
282,0.02358326799981114,23.58326799981114
283,0.022931968999955643,22.931968999955643
284,0.03178111299985176,31.781112999851757
285,0.02348376999998436,23.48376999998436
286,0.02430526800003463,24.30526800003463
287,0.022865537000143377,22.865537000143377
288,0.029196844000125566,29.196844000125566
289,0.023347212999851763,23.347212999851763
290,0.023233869000023333,23.233869000023333
291,0.02234013999986928,22.34013999986928
292,0.02909694799996032,29.09694799996032
293,0.027510849999998754,27.510849999998754
294,0.022680187000105434,22.680187000105434
295,0.022247375000006286,22.247375000006286
296,0.032720765000021856,32.720765000021856
297,0.02643711699988671,26.43711699988671
298,0.02432495400012158,24.32495400012158
299,0.02380885100001251,23.80885100001251
300,0.0343714349999118,34.3714349999118
301,0.022447818000046027,22.447818000046027
302,0.022594689000015933,22.594689000015933
303,0.02147493300003589,21.47493300003589
304,0.038283304999822576,38.283304999822576
305,0.02209174700010408,22.09174700010408
306,0.021568507999973008,21.568507999973008
307,0.021166051999898627,21.166051999898627
308,0.038505876000044736,38.505876000044736
309,0.021925047000195264,21.925047000195264
310,0.02139471800001047,21.39471800001047
311,0.021514168000067002,21.514168000067002
312,0.03362542900003973,33.62542900003973
313,0.022620497999923828,22.620497999923828
314,0.02163267800005997,21.63267800005997
315,0.020573107000018354,20.573107000018354
316,0.034138242000153696,34.138242000153696
317,0.02629408899997543,26.29408899997543
318,0.021380338000199117,21.380338000199117
319,0.02093162599999232,20.93162599999232
320,0.03236269599983643,32.36269599983643
321,0.026958849000038754,26.958849000038754
322,0.021732461999818042,21.732461999818042
323,0.02218506300005174,22.18506300005174
324,0.031113246000131767,31.113246000131767
325,0.027862900000172885,27.862900000172885
326,0.020899201000020184,20.899201000020184
327,0.02063430599991989,20.63430599991989
328,0.029818337000051542,29.818337000051542
329,0.021891544999789403,21.891544999789403
330,0.02112915700013218,21.12915700013218
331,0.021348440999872764,21.348440999872764
332,0.034213376999787215,34.213376999787215
333,0.026791746000071726,26.791746000071726
334,0.02159920000008242,21.59920000008242
335,0.021222238000063953,21.222238000063953
336,0.03428832600002352,34.28832600002352
337,0.030679309000106514,30.679309000106514
338,0.021335821000093347,21.335821000093347
339,0.020893589000024804,20.893589000024804
340,0.0336222569999336,33.6222569999336
341,0.027038343999947756,27.038343999947756
342,0.021442255000010846,21.442255000010846
343,0.0210315570000148,21.0315570000148
344,0.035474047999969116,35.474047999969116
345,0.02603054700011853,26.03054700011853
346,0.021948270999928354,21.948270999928354
347,0.020898791000036,20.898791000036
348,0.033821278000004895,33.821278000004895
349,0.02643387300008726,26.43387300008726
350,0.021305699000095046,21.305699000095046
351,0.020457443000168496,20.457443000168496
352,0.02947444300002644,29.47444300002644
353,0.0284213649999856,28.4213649999856
354,0.021362806999832173,21.362806999832173
355,0.021283404000087103,21.283404000087103
356,0.03677382000000762,36.77382000000762
357,0.02213400100004037,22.13400100004037
358,0.02122432500004834,21.22432500004834
359,0.021066040000050634,21.066040000050634
360,0.02902927200011618,29.02927200011618
361,0.024293721000049118,24.293721000049118
362,0.021148794000055204,21.148794000055204
363,0.020629095000003872,20.629095000003872
364,0.031195829999887792,31.195829999887792
365,0.03434415599986096,34.34415599986096
366,0.02891821000002892,28.91821000002892
367,0.02730566499985798,27.30566499985798
368,0.02455720099987957,24.55720099987957
369,0.028612675999966086,28.612675999966086
370,0.03402009400019779,34.02009400019779
371,0.023830756000052133,23.830756000052133
372,0.02666021200002433,26.66021200002433
373,0.03221347900012006,32.21347900012006
374,0.02319887899989226,23.19887899989226
375,0.022784013999853414,22.784013999853414
376,0.029641333999961716,29.641333999961716
377,0.028668288000062603,28.668288000062603
378,0.023149214999875767,23.149214999875767
379,0.022798776000172438,22.798776000172438
380,0.02987665399996331,29.87665399996331
381,0.02837996900007056,28.37996900007056
382,0.02260986800001774,22.60986800001774
383,0.02219344899981479,22.19344899981479
384,0.028144073000021308,28.144073000021308
385,0.028517435999901863,28.517435999901863
386,0.022863095000047906,22.863095000047906
387,0.022107070999936695,22.107070999936695
388,0.029588070000045263,29.588070000045263
389,0.0283989729998666,28.3989729998666
390,0.02324687800000902,23.24687800000902
391,0.022836666999864974,22.836666999864974
392,0.029812180999897464,29.812180999897464
393,0.027684581000130493,27.684581000130493
394,0.02125422999984039,21.25422999984039
395,0.020833670999991227,20.833670999991227
396,0.034889556000052835,34.889556000052835
397,0.02237602699983654,22.37602699983654
398,0.021385136999924725,21.385136999924725
399,0.02033899000002748,20.33899000002748
400,0.030166378000103578,30.166378000103578
401,0.021417962999976226,21.417962999976226
402,0.02107228899990332,21.07228899990332
403,0.020352297000044928,20.352297000044928
404,0.03073634099996525,30.73634099996525
405,0.03076226600001064,30.76226600001064
406,0.0220410780000293,22.0410780000293
407,0.021470265999823823,21.470265999823823
408,0.03306730299982519,33.06730299982519
409,0.027410225999801696,27.410225999801696
410,0.021634833000007347,21.634833000007347
411,0.0209484380000049,20.9484380000049
412,0.031475796999984595,31.475796999984595
413,0.026592323999921064,26.592323999921064
414,0.02095648199997413,20.95648199997413
415,0.020988568000120722,20.988568000120722
416,0.027823057999967205,27.823057999967205
417,0.027822615999866684,27.822615999866684
418,0.021931888999915827,21.931888999915827
419,0.021222306000026947,21.222306000026947
420,0.041709631000003355,41.709631000003355
421,0.03241965200004415,32.41965200004415
422,0.03178297099998417,31.782970999984173
423,0.021178129999952944,21.178129999952944
424,0.03338309099990511,33.38309099990511
425,0.02752607899992654,27.52607899992654
426,0.02212676699991789,22.12676699991789
427,0.0212351690001924,21.2351690001924
428,0.03346066100016287,33.46066100016287
429,0.026265753999950903,26.265753999950903
430,0.021143151000160287,21.143151000160287
431,0.02124964099994031,21.24964099994031
432,0.028160029999980907,28.160029999980907
433,0.03740397900014614,37.40397900014614
434,0.02195410600006653,21.95410600006653
435,0.021232038000107423,21.232038000107423
436,0.03235418799999934,32.35418799999934
437,0.02535829100020237,25.35829100020237
438,0.023087411000005886,23.087411000005886
439,0.023140082000054463,23.140082000054463
440,0.03053864200001044,30.53864200001044
441,0.023424677999855703,23.424677999855703
442,0.023235566000039398,23.235566000039398
443,0.022532121999802257,22.532121999802257
444,0.03135685999995985,31.356859999959852
445,0.022931571000071926,22.931571000071926
446,0.022858866999968086,22.858866999968086
447,0.022588060000089172,22.588060000089172
448,0.03118282300010833,31.18282300010833
449,0.024740969000049517,24.740969000049517
450,0.023262724999995044,23.262724999995044
451,0.02288332700004503,22.88332700004503
452,0.03148706399997536,31.487063999975362
453,0.023924299999862342,23.924299999862342
454,0.023110404999897582,23.110404999897582
455,0.022814376000042103,22.814376000042103
456,0.029981487999975798,29.981487999975798
457,0.028197169000122813,28.197169000122813
458,0.023214064000057988,23.214064000057988
459,0.023493853999980274,23.493853999980274
460,0.026814078000143127,26.814078000143127
461,0.026150336000000607,26.150336000000607
462,0.02259425900001588,22.59425900001588
463,0.0221408079999037,22.1408079999037
464,0.029487474999996266,29.487474999996266
465,0.028451224000036746,28.451224000036746
466,0.02262059899999258,22.62059899999258
467,0.02261826799986011,22.61826799986011
468,0.02478495200011821,24.78495200011821
469,0.03378744099995856,33.78744099995856
470,0.023664166999878944,23.664166999878944
471,0.0233430779999253,23.3430779999253
472,0.03089007399989896,30.89007399989896
473,0.024829017999991265,24.829017999991265
474,0.023141491999922437,23.141491999922437
475,0.022806511999988288,22.806511999988288
476,0.03030381700000362,30.30381700000362
477,0.02573998799994115,25.73998799994115
478,0.02259444500009522,22.59444500009522
479,0.022477637000065442,22.477637000065442
480,0.02962376300001779,29.62376300001779
481,0.027477572999941913,27.477572999941913
482,0.022678244999951858,22.678244999951858
483,0.022380498000075022,22.380498000075022
484,0.029479085000048144,29.479085000048144
485,0.02797448000001168,27.97448000001168
486,0.023174606999873504,23.174606999873504
487,0.022838593000187757,22.838593000187757
488,0.030053187000021353,30.053187000021353
489,0.02835530800007291,28.35530800007291
490,0.023071742999945855,23.071742999945855
491,0.022124061000113215,22.124061000113215
492,0.029239925000183575,29.239925000183575
493,0.027665478000017174,27.665478000017174
494,0.02257137100014006,22.57137100014006
495,0.022414381999851685,22.414381999851685
496,0.028491043000030913,28.491043000030913
497,0.02823100099999465,28.23100099999465
498,0.023171050999962972,23.171050999962972
499,0.02273686000012276,22.73686000012276
500,0.03231385700019018,32.31385700019018
501,0.028456341000037355,28.456341000037355
502,0.023542963999943822,23.542963999943822
503,0.022785911000028136,22.785911000028136
504,0.029970362000085515,29.970362000085515
505,0.024578755999982604,24.578755999982604
506,0.023068655000088256,23.068655000088256
507,0.022929531000045245,22.929531000045245
508,0.03095976800000244,30.95976800000244
509,0.02378810400000475,23.78810400000475
510,0.02251122799998484,22.51122799998484
511,0.022149561000105678,22.149561000105678
512,0.0293866510000953,29.3866510000953
513,0.02743750700005876,27.43750700005876
514,0.02261693899981765,22.61693899981765
515,0.022265327000013713,22.265327000013713
516,0.030388431999881504,30.388431999881504
517,0.02877006399990023,28.77006399990023
518,0.023221731999910844,23.221731999910844
519,0.022827108000001317,22.827108000001317
520,0.02961592500014376,29.61592500014376
521,0.029096359000050143,29.096359000050143
522,0.02263408499993602,22.63408499993602
523,0.022092507000024852,22.092507000024852
524,0.030653795000034734,30.653795000034734
525,0.02790742299998783,27.90742299998783
526,0.02321093299997301,23.21093299997301
527,0.02303634300005797,23.03634300005797
528,0.03258448199994746,32.58448199994746
529,0.02392737000013767,23.92737000013767
530,0.023173245999942083,23.173245999942083
531,0.02271893000011005,22.71893000011005
532,0.03442913100002443,34.42913100002443
533,0.024025653000080638,24.025653000080638
534,0.02415919899999608,24.15919899999608
535,0.022601138000027277,22.601138000027277
536,0.02899320100004843,28.99320100004843
537,0.026539796999941245,26.539796999941245
538,0.02708772100004353,27.08772100004353
539,0.02658189399994626,26.58189399994626
540,0.04535467699997753,45.35467699997753
541,0.02853643200000988,28.53643200000988
542,0.023248541999919325,23.248541999919325
543,0.022762779999993654,22.762779999993654
544,0.033090543999833244,33.090543999833244
545,0.026425535999806016,26.425535999806016
546,0.0240673240000433,24.0673240000433
547,0.02627104899988808,26.27104899988808
548,0.029625141999986226,29.625141999986226
549,0.030351134999818896,30.351134999818896
550,0.023077843000010034,23.077843000010034
551,0.022192592000010336,22.192592000010336
552,0.028069165999795587,28.069165999795587
553,0.028838414000119883,28.838414000119883
554,0.022721243999967555,22.721243999967555
555,0.022439256999859936,22.439256999859936
556,0.02787815400006366,27.87815400006366
557,0.030139989999952377,30.139989999952377
558,0.022939846999861402,22.939846999861402
559,0.022762551000141684,22.762551000141684
560,0.029443082999932813,29.443082999932813
561,0.028289258999848244,28.289258999848244
562,0.02317064199996821,23.17064199996821
563,0.022466988999894966,22.466988999894966
564,0.02840162000006785,28.40162000006785
565,0.027939050000213683,27.939050000213683
566,0.02284042499991301,22.84042499991301
567,0.02279551500009802,22.79551500009802
568,0.028499005999947258,28.499005999947258
569,0.028958038000155284,28.958038000155284
570,0.023812965000161057,23.812965000161057
571,0.02214307799999915,22.14307799999915
572,0.03206834399998115,32.06834399998115
573,0.02802182899995387,28.02182899995387
574,0.023214063000068563,23.214063000068563
575,0.022865443000000596,22.865443000000596
576,0.029449917999954778,29.449917999954778
577,0.02799606300004598,27.99606300004598
578,0.02318122599990602,23.18122599990602
579,0.022078845999885743,22.078845999885743
580,0.028389796000055867,28.389796000055867
581,0.027773589000162247,27.773589000162247
582,0.022604648999958954,22.604648999958954
583,0.022156675999895015,22.156675999895015
584,0.02821228900006645,28.21228900006645
585,0.13881965200016566,138.81965200016566
586,0.035214582999969934,35.214582999969934
587,0.02334536500006834,23.34536500006834
588,0.04547844799981249,45.47844799981249
589,0.023471489000030488,23.471489000030488
590,0.022419431999878725,22.419431999878725
591,0.03554068299990831,35.54068299990831
592,0.023201072000119893,23.201072000119893
593,0.02313067599993701,23.13067599993701
594,0.022725706000073842,22.725706000073842
595,0.03545546200007266,35.45546200007266
596,0.02403167600004963,24.03167600004963
597,0.02244924800015724,22.44924800015724
598,0.023907100000087667,23.907100000087667
599,0.040662953000037305,40.662953000037305
600,0.02387208000004648,23.87208000004648
601,0.022938323000062155,22.938323000062155
602,0.022705360999907498,22.705360999907498
603,0.03304130699984853,33.04130699984853
604,0.02772268500007158,27.72268500007158
605,0.02258428899995124,22.58428899995124
606,0.022027901999990718,22.027901999990718
607,0.03415457400001287,34.15457400001287
608,0.02739395800017519,27.39395800017519
609,0.023119396000083725,23.119396000083725
610,0.022646265000048516,22.646265000048516
611,0.03846130099987022,38.46130099987022
612,0.023776831000077436,23.776831000077436
613,0.02265400800001771,22.65400800001771
614,0.0221488639999734,22.1488639999734
615,0.027937917000144807,27.937917000144807
616,0.023583036999980322,23.583036999980322
617,0.02262908200009406,22.62908200009406
618,0.022306165000145484,22.306165000145484
619,0.02957951200005482,29.57951200005482
620,0.027091164000012213,27.091164000012213
621,0.025020421999897735,25.020421999897735
622,0.022828849000006812,22.828849000006812
623,0.03227258099991559,32.27258099991559
624,0.024765985000158253,24.765985000158253
625,0.023236523000150555,23.236523000150555
626,0.022754921000114336,22.754921000114336
627,0.03225317100009306,32.25317100009306
628,0.02353966999999102,23.53966999999102
629,0.023259065000047485,23.259065000047485
630,0.023628075000033277,23.628075000033277
631,0.03865773100005754,38.65773100005754
632,0.02423856999985219,24.23856999985219
633,0.023724383999933707,23.724383999933707
634,0.02339679600004274,23.39679600004274
635,0.029897568000023966,29.897568000023966
636,0.02896055500013972,28.96055500013972
637,0.022626549000051455,22.626549000051455
638,0.02247587800002293,22.47587800002293
639,0.02794130600000244,27.94130600000244
640,0.02975117699998009,29.75117699998009
641,0.022571682999796394,22.571682999796394
642,0.02205072999981894,22.05072999981894
643,0.025635961000034513,25.635961000034513
644,0.031222755000044344,31.222755000044344
645,0.023328901000013502,23.328901000013502
646,0.022675808000030884,22.675808000030884
647,0.03414773600002263,34.14773600002263
648,0.027661426000122447,27.661426000122447
649,0.023060498999939227,23.060498999939227
650,0.02324734599983458,23.24734599983458
651,0.035205248000011125,35.205248000011125
652,0.022571543999902133,22.571543999902133
653,0.02266471100006129,22.66471100006129
654,0.02196219799998289,21.96219799998289
655,0.029734646999941106,29.734646999941106
656,0.02741086199989695,27.41086199989695
657,0.02306584699999803,23.06584699999803
658,0.02276320700002543,22.76320700002543
659,0.03097676099991986,30.97676099991986
660,0.028152346000069883,28.152346000069883
661,0.023019670999929076,23.019670999929076
662,0.022462039999936678,22.462039999936678
663,0.02874239499988107,28.74239499988107
664,0.028977748999977848,28.977748999977848
665,0.023011842999949295,23.011842999949295
666,0.0220254539999587,22.0254539999587
667,0.02864937099980125,28.64937099980125
668,0.027690428000141765,27.690428000141765
669,0.02314801899979102,23.14801899979102
670,0.022750818999838884,22.750818999838884
671,0.028476396000087334,28.476396000087334
672,0.028089917999977843,28.089917999977843
673,0.023068948999934946,23.068948999934946
674,0.022255516000086573,22.255516000086573
675,0.02768153700003495,27.68153700003495
676,0.02751370499981931,27.51370499981931
677,0.022426584000186267,22.426584000186267
678,0.022040869999955248,22.040869999955248
679,0.02608120400009284,26.08120400009284
680,0.030299665999791614,30.299665999791614
681,0.02266850399996656,22.66850399996656
682,0.02203593399985948,22.03593399985948
683,0.025784285999861822,25.784285999861822
684,0.030971786999998585,30.971786999998585
685,0.023238246000119034,23.238246000119034
686,0.02277514499996869,22.77514499996869
687,0.028078583000024082,28.078583000024082
688,0.029676866999807316,29.676866999807316
689,0.023153020999870932,23.153020999870932
690,0.022611932000017987,22.611932000017987
691,0.028608480999992025,28.608480999992025
692,0.029286993999903643,29.286993999903643
693,0.02273583399983181,22.73583399983181
694,0.022112083000138227,22.112083000138227
695,0.028126314000019192,28.126314000019192
696,0.02912217099992631,29.12217099992631
697,0.02257580900004541,22.57580900004541
698,0.023513837999871612,23.513837999871612
699,0.027527293000048303,27.527293000048303
700,0.03633800600005088,36.33800600005088
701,0.043025510999996186,43.025510999996186
702,0.024394775000018853,24.394775000018853
703,0.045705846000146266,45.705846000146266
704,0.023403218999874298,23.403218999874298
705,0.02322057100013808,23.22057100013808
706,0.022798610000108965,22.798610000108965
707,0.031296457000053124,31.296457000053124
708,0.02340144999993754,23.40144999993754
709,0.022580786999924385,22.580786999924385
710,0.022170781000113493,22.170781000113493
711,0.029165604999889183,29.165604999889183
712,0.0272521389999838,27.2521389999838
713,0.022459081000079095,22.459081000079095
714,0.022114885000064533,22.114885000064533
715,0.02804010499994547,28.04010499994547
716,0.027946641999960775,27.946641999960775
717,0.023340900000221154,23.340900000221154
718,0.0226914030001808,22.6914030001808
719,0.02607443500005502,26.07443500005502
720,0.03260064699998111,32.60064699998111
721,0.023467157000141015,23.467157000141015
722,0.02242106500011687,22.42106500011687
723,0.02968903899977704,29.68903899977704
724,0.02794322199997623,27.94322199997623
725,0.02318496599991704,23.18496599991704
726,0.02268546699997387,22.68546699997387
727,0.02913244699993811,29.13244699993811
728,0.027436925000074552,27.436925000074552
729,0.0224533909999991,22.4533909999991
730,0.02235064199999215,22.35064199999215
731,0.029892542999959915,29.892542999959915
732,0.02719315900003494,27.19315900003494
733,0.022612432999949306,22.612432999949306
734,0.022054174999993847,22.054174999993847
735,0.027854414000103134,27.854414000103134
736,0.028903367999873808,28.903367999873808
737,0.023132608999958393,23.132608999958393
738,0.022706913000092754,22.706913000092754
739,0.028633672000069055,28.633672000069055
740,0.028251992999912545,28.251992999912545
741,0.023083481999947253,23.083481999947253
742,0.022093349999977363,22.093349999977363
743,0.028146604999847114,28.146604999847114
744,0.029523446999974112,29.523446999974112
745,0.02252343000009205,22.52343000009205
746,0.022483942000008028,22.483942000008028
747,0.026041788000156885,26.041788000156885
748,0.029908311000099275,29.908311000099275
749,0.023236666000002515,23.236666000002515
750,0.02307084000017312,23.07084000017312
751,0.02850156399995285,28.50156399995285
752,0.0293527979999908,29.3527979999908
753,0.022943054000052143,22.943054000052143
754,0.022286789999952816,22.286789999952816
755,0.024015185000052952,24.015185000052952
756,0.03005883199989512,30.05883199989512
757,0.02473355300003277,24.73355300003277
758,0.02283713500014528,22.83713500014528
759,0.02848257399978138,28.48257399978138
760,0.029961287999867636,29.961287999867636
761,0.02307012100004613,23.07012100004613
762,0.022785210999927585,22.785210999927585
763,0.02754799199988156,27.54799199988156
764,0.02982484500012106,29.82484500012106
765,0.022885029000008217,22.885029000008217
766,0.022553086000016265,22.553086000016265
767,0.028281357999958345,28.281357999958345
768,0.02819778299999598,28.19778299999598
769,0.02251949800006514,22.51949800006514
770,0.02213731699998789,22.13731699998789
771,0.026043440999956147,26.043440999956147
772,0.030822056000033626,30.822056000033626
773,0.023213133000126618,23.213133000126618
774,0.022728402999973696,22.728402999973696
775,0.028736831000060192,28.736831000060192
776,0.03057505299989316,30.57505299989316
777,0.023176860999910787,23.176860999910787
778,0.022673864999887883,22.673864999887883
779,0.028239385000006223,28.239385000006223
780,0.027537064999933136,27.537064999933136
781,0.022539017000099193,22.539017000099193
782,0.022081603000060568,22.081603000060568
783,0.027930751999974746,27.930751999974746
784,0.02993516600008661,29.93516600008661
785,0.022526572000060696,22.526572000060696
786,0.022645732999990287,22.645732999990287
787,0.027409973999965587,27.409973999965587
788,0.02921881299994311,29.21881299994311
789,0.023178887999847575,23.178887999847575
790,0.022672850999924776,22.672850999924776
791,0.028198317000033057,28.198317000033057
792,0.0299883539998973,29.9883539998973
793,0.02308650200006923,23.08650200006923
794,0.022285502999920936,22.285502999920936
795,0.02894777000005888,28.94777000005888
796,0.0280552340000213,28.0552340000213
797,0.023638049000055616,23.638049000055616
798,0.022484151000071506,22.484151000071506
799,0.028426521000028515,28.426521000028515
800,0.02847799699998177,28.47799699998177
801,0.023087460999931864,23.087460999931864
802,0.022876285000165808,22.876285000165808
803,0.02814623699987351,28.14623699987351
804,0.029844221000075777,29.844221000075777
805,0.0225358130001041,22.5358130001041
806,0.022087161999934324,22.087161999934324
807,0.028156201999991026,28.156201999991026
808,0.02849348499989901,28.49348499989901
809,0.022782490000054167,22.782490000054167
810,0.02203583499999695,22.03583499999695
811,0.029060311999955957,29.060311999955957
812,0.030107799000006708,30.107799000006708
813,0.023100556999906985,23.100556999906985
814,0.022937714999898162,22.937714999898162
815,0.029411638999818024,29.411638999818024
816,0.0281957390000116,28.1957390000116
817,0.023503927999854568,23.503927999854568
818,0.02282390799996392,22.82390799996392
819,0.028672690000121293,28.672690000121293
820,0.027913085999898612,27.913085999898612
821,0.023227633999795216,23.227633999795216
822,0.022710804999860557,22.710804999860557
823,0.03221733600003063,32.21733600003063
824,0.02775958500001252,27.75958500001252
825,0.023124023000036686,23.124023000036686
826,0.022691176000080304,22.691176000080304
827,0.029385860000047614,29.385860000047614
828,0.02743031499994686,27.43031499994686
829,0.02278969399981179,22.78969399981179
830,0.02224201500007439,22.24201500007439
831,0.028217312999913702,28.217312999913702
832,0.027585196000018186,27.585196000018186
833,0.02277848000017002,22.77848000017002
834,0.023002990000122736,23.002990000122736
835,0.02828201500005889,28.28201500005889
836,0.028287475999832168,28.287475999832168
837,0.02311741800008349,23.11741800008349
838,0.02271590100008325,22.71590100008325
839,0.02813150100018902,28.13150100018902
840,0.027833883000084825,27.833883000084825
841,0.0227130880000459,22.7130880000459
842,0.022181129999808036,22.181129999808036
843,0.026396557999987635,26.396557999987635
844,0.030212842999844725,30.212842999844725
845,0.022488651999992726,22.488651999992726
846,0.022156730000006064,22.156730000006064
847,0.025685126000098535,25.685126000098535
848,0.030054908000010983,30.054908000010983
849,0.023070355000072595,23.070355000072595
850,0.02310822799995549,23.10822799995549
851,0.025859971000045334,25.859971000045334
852,0.03147489800016956,31.47489800016956
853,0.02291945100000703,22.91945100000703
854,0.02207029600003807,22.07029600003807
855,0.0251759210000273,25.1759210000273
856,0.029541155000060826,29.541155000060826
857,0.022730836000164345,22.730836000164345
858,0.02209582099999352,22.09582099999352
859,0.025248779000094146,25.248779000094146
860,0.03219961700006024,32.19961700006024
861,0.023000456000090708,23.000456000090708
862,0.02291529400008585,22.91529400008585
863,0.02590007699996022,25.90007699996022
864,0.030697894000013548,30.697894000013548
865,0.023182894999990822,23.182894999990822
866,0.02246308400003727,22.46308400003727
867,0.026474387000007482,26.474387000007482
868,0.022682172000031642,22.682172000031642
869,0.023572421999915605,23.572421999915605
870,0.02228672399996867,22.28672399996867
871,0.023694850000083534,23.694850000083534
872,0.0367181490000803,36.7181490000803
873,0.025135215000091193,25.135215000091193
874,0.024412516999973377,24.412516999973377
875,0.0492642839999462,49.2642839999462
876,0.03445648199999596,34.45648199999596
877,0.0289387010000155,28.9387010000155
878,0.030494513999883566,30.494513999883566
879,0.03322659099990233,33.22659099990233
880,0.02173820500001966,21.73820500001966
881,0.02116258699993523,21.16258699993523
882,0.027075620000005074,27.075620000005074
883,0.03029524999988098,30.29524999988098
884,0.037908755999978894,37.908755999978894
885,0.024601516000075208,24.601516000075208
886,0.021302701999957208,21.302701999957208
887,0.0337677210000038,33.7677210000038
888,0.025192186999902333,25.192186999902333
889,0.021541720999948666,21.541720999948666
890,0.021161560999871654,21.161560999871654
891,0.031282546999818805,31.282546999818805
892,0.026884606000066924,26.884606000066924
893,0.021043245000100796,21.043245000100796
894,0.020458035000046948,20.458035000046948
895,0.02659075099995789,26.59075099995789
896,0.02975125700004355,29.75125700004355
897,0.021349361000147837,21.349361000147837
898,0.02095817900021757,20.95817900021757
899,0.02969619300006343,29.69619300006343
900,0.0219257869998728,21.9257869998728
901,0.021368549000044368,21.368549000044368
902,0.021480546000020695,21.480546000020695
903,0.03182550800011086,31.825508000110858
904,0.027049389000012525,27.049389000012525
905,0.021136757000022044,21.136757000022044
906,0.0202592820000973,20.2592820000973
907,0.026913402999980462,26.913402999980462
908,0.029763961000071504,29.763961000071504
909,0.022226280000040788,22.226280000040788
910,0.021204704999945534,21.204704999945534
911,0.026327855000090494,26.327855000090494
912,0.034416902999964805,34.416902999964805
913,0.021641334999912942,21.641334999912942
914,0.02109518699990076,21.09518699990076
915,0.030242459999954008,30.242459999954008
916,0.02209601599997768,22.09601599997768
917,0.02083875099992838,20.83875099992838
918,0.02036527300015223,20.36527300015223
919,0.03129370300007395,31.293703000073947
920,0.026633157999867763,26.633157999867763
921,0.021230828999932783,21.230828999932783
922,0.02031927400003042,20.31927400003042
923,0.027263759000106802,27.263759000106802
924,0.0295582999999624,29.5582999999624
925,0.02154274700001224,21.54274700001224
926,0.032031367000172395,32.031367000172395
927,0.05161653799996202,51.61653799996202
928,0.021342408000009527,21.342408000009527
929,0.020989417999999205,20.989417999999205
930,0.021627519000048778,21.62751900004878
931,0.032108465999954205,32.108465999954205
932,0.026384512000049654,26.384512000049654
933,0.02064208100000542,20.64208100000542
934,0.020564263000096616,20.564263000096616
935,0.026980548999972598,26.980548999972598
936,0.030377637999890794,30.377637999890794
937,0.021386139000014737,21.386139000014737
938,0.021046737000006033,21.046737000006033
939,0.02742102800016255,27.42102800016255
940,0.032772067999985666,32.772067999985666
941,0.021490913999969052,21.490913999969052
942,0.021735342000056335,21.735342000056335
943,0.0312607119999484,31.2607119999484
944,0.02199132999999165,21.99132999999165
945,0.021274348999895665,21.274348999895665
946,0.02104804099985813,21.04804099985813
947,0.03302058799999941,33.02058799999941
948,0.026183704000004582,26.18370400000458
949,0.02073875499991118,20.73875499991118
950,0.020498730999861436,20.498730999861436
951,0.030429852999986906,30.429852999986906
952,0.027345487000047797,27.345487000047797
953,0.02123245699999643,21.23245699999643
954,0.02167435799992745,21.67435799992745
955,0.0268239250001443,26.8239250001443
956,0.03049487999987832,30.49487999987832
957,0.021375556000066354,21.375556000066354
958,0.021270432999926925,21.270432999926925
959,0.02931986299995515,29.31986299995515
960,0.02343868099978863,23.43868099978863
961,0.021302665000121124,21.302665000121124
962,0.0209341059999133,20.9341059999133
963,0.03282501900002899,32.82501900002899
964,0.02976806700007728,29.76806700007728
965,0.02081839599986779,20.81839599986779
966,0.020273158999998486,20.273158999998486
967,0.03245919500000127,32.45919500000127
968,0.027151878000040597,27.151878000040597
969,0.020974997999928746,20.974997999928746
970,0.020199618000106057,20.199618000106057
971,0.027223468000102002,27.223468000102002
972,0.03114364300017769,31.14364300017769
973,0.021583816999964256,21.583816999964256
974,0.02613210100003016,26.13210100003016
975,0.028353207000009206,28.353207000009206
976,0.033393145999980334,33.393145999980334
977,0.026716864000036367,26.716864000036367
978,0.021581692000154362,21.581692000154362
979,0.029092521000166016,29.092521000166016
980,0.023375678000093103,23.375678000093103
981,0.020727280999835784,20.727280999835784
982,0.02033354800005327,20.33354800005327
983,0.030463366000049064,30.463366000049064
984,0.026618863000066995,26.618863000066995
985,0.021057476999885694,21.057476999885694
986,0.02057348300013473,20.57348300013473
987,0.026672161999840682,26.672161999840682
988,0.031543201999966186,31.543201999966186
989,0.021587308999869492,21.587308999869492
990,0.021068103999823506,21.068103999823506
991,0.038366213000017524,38.366213000017524
992,0.02213539500007755,22.13539500007755
993,0.02232886999991024,22.32886999991024
994,0.02118911399998069,21.18911399998069
995,0.03710932200010575,37.10932200010575
996,0.022125529000049937,22.125529000049937
997,0.021247776000109297,21.247776000109297
998,0.02403739300007146,24.03739300007146
999,0.0304625290000331,30.4625290000331
1000,0.022987662999867098,22.987662999867098
1001,0.021558124999955908,21.558124999955908
1002,0.021404316000143808,21.404316000143808
1003,0.030533246999993935,30.533246999993935
1004,0.02666617199997745,26.66617199997745
1005,0.02070375499988586,20.70375499988586
1006,0.020356289999881483,20.356289999881483
1007,0.027365831999986767,27.365831999986767
1008,0.03034836599999835,30.34836599999835
1009,0.021403783000096155,21.403783000096155
1010,0.02092491100006555,20.92491100006555
1011,0.029100235999976576,29.100235999976576
1012,0.022111717999905522,22.111717999905522
1013,0.021364052999842897,21.364052999842897
1014,0.02203842199992323,22.03842199992323
1015,0.032758959999910076,32.758959999910076
1016,0.026786402999960046,26.786402999960046
1017,0.021261926000079256,21.261926000079256
1018,0.02023200500002531,20.23200500002531
1019,0.029453837000119165,29.453837000119165
1020,0.028781984000033844,28.781984000033844
1021,0.02077981100001125,20.77981100001125
1022,0.020760143999950742,20.760143999950742
1023,0.030470141000023432,30.470141000023432
1024,0.02206722500000069,22.06722500000069
1025,0.021603714999855583,21.603714999855583
1026,0.02109502700000121,21.09502700000121
1027,0.03287609699987115,32.87609699987115
1028,0.02686765400017066,26.86765400017066
1029,0.020856587000025684,20.856587000025684
1030,0.020165468999948644,20.165468999948644
1031,0.029752545999826907,29.752545999826907
1032,0.028239590999874054,28.239590999874054
1033,0.023351270999910412,23.35127099991041
1034,0.020373044000052687,20.373044000052687
1035,0.026887299999998504,26.887299999998504
1036,0.02965975699999035,29.65975699999035
1037,0.021671895000054064,21.671895000054064
1038,0.021125527000094735,21.125527000094735
1039,0.032358060999968075,32.358060999968075
1040,0.021894267999869044,21.894267999869044
1041,0.02243040299981658,22.43040299981658
1042,0.021522461000131443,21.522461000131443
1043,0.03357796399996005,33.57796399996005
1044,0.02895862900004431,28.95862900004431
1045,0.0328932340000847,32.8932340000847
1046,0.027814846999945075,27.814846999945075
1047,0.041501054000036675,41.501054000036675
1048,0.023746665999851757,23.746665999851757
1049,0.02263278700002047,22.63278700002047
1050,0.022773763000031977,22.773763000031977
1051,0.035938839999971606,35.938839999971606
1052,0.02199360899999192,21.99360899999192
1053,0.02139711199993144,21.39711199993144
1054,0.02113839799994821,21.13839799994821
1055,0.032491082000206006,32.491082000206006
1056,0.027208639000036783,27.208639000036783
1057,0.021140176000017163,21.140176000017163
1058,0.020470750000185944,20.470750000185944
1059,0.026564064000012877,26.564064000012877
1060,0.031229608999865377,31.229608999865377
1061,0.021903550999923027,21.903550999923027
1062,0.021296156000062183,21.296156000062183
1063,0.028309634999914124,28.309634999914124
1064,0.030255506999992576,30.255506999992576
1065,0.022101481000163403,22.101481000163403
1066,0.023621347000016613,23.621347000016613
1067,0.029663549999895622,29.663549999895622
1068,0.027622916999916924,27.622916999916924
1069,0.021685072000082073,21.685072000082073
1070,0.020461329999989175,20.461329999989175
1071,0.028671755999994275,28.671755999994275
1072,0.021248907999961375,21.248907999961375
1073,0.02097610300006636,20.97610300006636
1074,0.020654410999895845,20.654410999895845
1075,0.03239514999995663,32.39514999995663
1076,0.028569433999791727,28.569433999791727
1077,0.02224871799990069,22.24871799990069
1078,0.02147197999988748,21.47197999988748
1079,0.03341735199978757,33.41735199978757
1080,0.027355915999805802,27.355915999805802
1081,0.021588301000065258,21.588301000065258
1082,0.021047084999963772,21.047084999963772
1083,0.030432066999992458,30.432066999992458
1084,0.028817940000180897,28.817940000180897
1085,0.022594565000190414,22.594565000190414
1086,0.022301013000060266,22.301013000060266
1087,0.0353344970001217,35.3344970001217
1088,0.026959477999980663,26.959477999980663
1089,0.0208592049998515,20.8592049998515
1090,0.020671643000014228,20.671643000014228
1091,0.030007965999857333,30.007965999857333
1092,0.026766625000163913,26.766625000163913
1093,0.021042218999809847,21.042218999809847
1094,0.02092027000003327,20.92027000003327
1095,0.028364617000079306,28.364617000079306
1096,0.02902691799999957,29.02691799999957
1097,0.022488528999929258,22.488528999929258
1098,0.021372214999928474,21.372214999928474
1099,0.03339532399991185,33.39532399991185
1100,0.03804632800006402,38.04632800006402
1101,0.027155795999988186,27.155795999988186
1102,0.020624735999945187,20.624735999945187
1103,0.027250030999994124,27.250030999994124
1104,0.031077920999905473,31.077920999905473
1105,0.023419332000003124,23.419332000003124
1106,0.022952028999952745,22.952028999952745
1107,0.03501888699997835,35.01888699997835
1108,0.027885365000202,27.885365000202
1109,0.023017578000008143,23.017578000008143
1110,0.023704167000005327,23.704167000005327
1111,0.03108801799999128,31.08801799999128
1112,0.02742656000009447,27.42656000009447
1113,0.02263671100013198,22.63671100013198
1114,0.022037896000028923,22.037896000028923
1115,0.03319157600003564,33.19157600003564
1116,0.025898921000134578,25.898921000134578
1117,0.022776238000005833,22.776238000005833
1118,0.02227981800001544,22.27981800001544
1119,0.02991999699997905,29.91999699997905
1120,0.027465864000078,27.465864000078
1121,0.023103214999991906,23.103214999991906
1122,0.022622078000040347,22.622078000040347
1123,0.029372597000019596,29.372597000019596
1124,0.027567750000116575,27.567750000116575
1125,0.022886064999966038,22.886064999966038
1126,0.022631593999904,22.631593999904
1127,0.03129409799998939,31.29409799998939
1128,0.026891895000062505,26.891895000062505
1129,0.022403657000040766,22.403657000040766
1130,0.021963783000046533,21.963783000046533
1131,0.02797137900006419,27.97137900006419
1132,0.027560319000031086,27.560319000031086
1133,0.023307351999847015,23.307351999847015
1134,0.0219957079998494,21.9957079998494
1135,0.029592273000162095,29.592273000162095
1136,0.03167205699992337,31.67205699992337
1137,0.02335862699987956,23.35862699987956
1138,0.02305811599990193,23.05811599990193
1139,0.027058999000018957,27.058999000018957
1140,0.032493550000026516,32.49355000002652
1141,0.022551540999984354,22.551540999984354
1142,0.02229662299987467,22.29662299987467
1143,0.03822799500017027,38.22799500017027
1144,0.02364623100015706,23.64623100015706
1145,0.02255070399996839,22.55070399996839
1146,0.021990163000054963,21.990163000054963
1147,0.03831773299998531,38.31773299998531
1148,0.023226912000154698,23.226912000154698
1149,0.023038853999878484,23.038853999878484
1150,0.02261004000001776,22.61004000001776
1151,0.03371646900018277,33.71646900018277
1152,0.022526873000060732,22.526873000060732
1153,0.022348089999923104,22.348089999923104
1154,0.02229645099987465,22.29645099987465
1155,0.02713356100002784,27.13356100002784
1156,0.02600112300001456,26.00112300001456
1157,0.024521432000028653,24.521432000028653
1158,0.022244951999937257,22.244951999937257
1159,0.030276029000106064,30.276029000106064
1160,0.02728287900004034,27.28287900004034
1161,0.02341842300006647,23.41842300006647
1162,0.02300236499991115,23.00236499991115
1163,0.03086587600000712,30.86587600000712
1164,0.024889388000019608,24.889388000019608
1165,0.023268167999958678,23.268167999958678
1166,0.02455440400012776,24.55440400012776
1167,0.03163123299987092,31.631232999870917
1168,0.02388877499993214,23.88877499993214
1169,0.023238797999965755,23.238797999965755
1170,0.022690451999778816,22.690451999778816
1171,0.030851857000016025,30.851857000016025
1172,0.022761002000152075,22.761002000152075
1173,0.022604936999869096,22.604936999869096
1174,0.02220695899995917,22.20695899995917
1175,0.030845945000010033,30.845945000010033
1176,0.025117486999988614,25.117486999988614
1177,0.02318790499998613,23.18790499998613
1178,0.022821703999852616,22.821703999852616
1179,0.03039290600008826,30.39290600008826
1180,0.024236856000015905,24.236856000015905
1181,0.023186905000102342,23.186905000102342
1182,0.022944035000136864,22.944035000136864
1183,0.03107857200006947,31.07857200006947
1184,0.025010809999912453,25.010809999912453
1185,0.023382168000125603,23.382168000125603
1186,0.022890768000024764,22.890768000024764
1187,0.029845183000134057,29.845183000134057
1188,0.02479082699983337,24.79082699983337
1189,0.022571604000177103,22.571604000177103
1190,0.02218989000016336,22.18989000016336
1191,0.030091692000041803,30.091692000041803
1192,0.02839609499983453,28.39609499983453
1193,0.023229398000012225,23.229398000012225
1194,0.02275926100014658,22.75926100014658
1195,0.029899589000024207,29.899589000024207
1196,0.02605785300011121,26.05785300011121
1197,0.022634342999936052,22.634342999936052
1198,0.02226325900005577,22.26325900005577
1199,0.029986478999944666,29.986478999944666
1200,0.028069692999906692,28.069692999906692
1201,0.02266397500011408,22.66397500011408
1202,0.022163402000160204,22.163402000160204
1203,0.02902506100008395,29.02506100008395
1204,0.028226757999846086,28.226757999846086
1205,0.023387638999793126,23.387638999793126
1206,0.022956137999926796,22.956137999926796
1207,0.030349067000088326,30.349067000088326
1208,0.02817245799997181,28.17245799997181
1209,0.023028447999877244,23.028447999877244
1210,0.022926517000087188,22.926517000087188
1211,0.030489941000041654,30.489941000041654
1212,0.026265245000104187,26.265245000104187
1213,0.022770205000142596,22.770205000142596
1214,0.022386826000001747,22.386826000001747
1215,0.024730830999942555,24.730830999942555
1216,0.023679887999833227,23.679887999833227
1217,0.025408111999922767,25.408111999922767
1218,0.024315239999850746,24.315239999850746
1219,0.061744678999957614,61.744678999957614
1220,0.023996088999865606,23.996088999865606
1221,0.023047193000138577,23.047193000138577
1222,0.02289706000010483,22.89706000010483
1223,0.027044282999895586,27.044282999895586
1224,0.03125815899988993,31.25815899988993
1225,0.027445275999980367,27.445275999980367
1226,0.023238892000108535,23.238892000108535
1227,0.031595231999972384,31.595231999972384
1228,0.028360164000105215,28.360164000105215
1229,0.02349714000001768,23.49714000001768
1230,0.022611082999901555,22.611082999901555
1231,0.053017865999891,53.017865999891
1232,0.021440445000052932,21.440445000052932
1233,0.020421596000005593,20.421596000005593
1234,0.020331312000053003,20.331312000053003
1235,0.032125007999866284,32.125007999866284
1236,0.02771464600004947,27.71464600004947
1237,0.14403544199990392,144.03544199990392
1238,0.04590813899994828,45.90813899994828
1239,0.02897813100003077,28.97813100003077
1240,0.028280982000069343,28.280982000069343
1241,0.02113046900012705,21.13046900012705
1242,0.020702024000001984,20.702024000001984
1243,0.026978148999887708,26.978148999887708
1244,0.029825747999893792,29.825747999893792
1245,0.02114357100003872,21.14357100003872
1246,0.021254637000083676,21.254637000083676
1247,0.028976274000115154,28.976274000115154
1248,0.022425047000069753,22.425047000069753
1249,0.02498419800008378,24.98419800008378
1250,0.020583247999866217,20.583247999866217
1251,0.03288809399987258,32.88809399987258
1252,0.027390022999952635,27.390022999952635
1253,0.020773321999968175,20.773321999968175
1254,0.020442147000039768,20.442147000039768
1255,0.030523129999892262,30.523129999892262
1256,0.027731275999940408,27.731275999940408
1257,0.021250115000157166,21.250115000157166
1258,0.021184614000048896,21.184614000048896
1259,0.027542553000103,27.542553000103
1260,0.03211095899996508,32.11095899996508
1261,0.021343135999813967,21.343135999813967
1262,0.020737963999863496,20.737963999863496
1263,0.02660961700007647,26.60961700007647
1264,0.04115371299985782,41.15371299985782
1265,0.03204347799987772,32.04347799987772
1266,0.022709361999886823,22.709361999886823
1267,0.03450318000000152,34.50318000000152
1268,0.027233703000092646,27.233703000092646
1269,0.02237552799988407,22.37552799988407
1270,0.021997903999817936,21.997903999817936
1271,0.03203782199989291,32.03782199989291
1272,0.02405292499997813,24.05292499997813
1273,0.022477949999938573,22.477949999938573
1274,0.022278507000009995,22.278507000009995
1275,0.031246868999915023,31.246868999915023
1276,0.02803526000002421,28.03526000002421
1277,0.02302829399991424,23.02829399991424
1278,0.02303507799979343,23.03507799979343
1279,0.031220403999896007,31.220403999896007
1280,0.024679318999915267,24.679318999915267
1281,0.02317908199984231,23.17908199984231
1282,0.022868469000059122,22.86846900005912
1283,0.03083584199998768,30.83584199998768
1284,0.02514556400001311,25.14556400001311
1285,0.022992577999957575,22.992577999957575
1286,0.021993096999949557,21.993096999949557
1287,0.028489613999909125,28.489613999909125
1288,0.027525754999942365,27.525754999942365
1289,0.022400745000140887,22.400745000140887
1290,0.02197291199991014,21.97291199991014
1291,0.0275088070000038,27.5088070000038
1292,0.028639791999921727,28.639791999921727
1293,0.024506418999862944,24.506418999862944
1294,0.02259365899999466,22.59365899999466
1295,0.028684404000159702,28.684404000159702
1296,0.02839765500016256,28.39765500016256
1297,0.022659517000192864,22.659517000192864
1298,0.02220589800003836,22.20589800003836
1299,0.027663469999879453,27.663469999879453
1300,0.029030202000058125,29.030202000058125
1301,0.02254646300002605,22.54646300002605
1302,0.02238285399994311,22.38285399994311
1303,0.02748246500004825,27.48246500004825
1304,0.029595549999839932,29.595549999839932
1305,0.022986863999904017,22.986863999904017
1306,0.02255797300017548,22.55797300017548
1307,0.02838068200003363,28.38068200003363
1308,0.030294013999991876,30.294013999991876
1309,0.023580321000054028,23.580321000054028
1310,0.02206625899998471,22.06625899998471
1311,0.022837840999955006,22.837840999955006
1312,0.02550308800005041,25.50308800005041
1313,0.032449025999994774,32.449025999994774
1314,0.0224546880001526,22.4546880001526
1315,0.028831360999902245,28.831360999902245
1316,0.02908752099983758,29.08752099983758
1317,0.023360013000001345,23.360013000001345
1318,0.02256865200001812,22.56865200001812
1319,0.028503924999995434,28.503924999995434
1320,0.028162439999960043,28.162439999960043
1321,0.022471080000059374,22.471080000059374
1322,0.022036477000028754,22.036477000028754
1323,0.026243654999916544,26.243654999916544
1324,0.030085024999834786,30.085024999834786
1325,0.022380578000138485,22.380578000138485
1326,0.022138521999977456,22.138521999977456
1327,0.03209962500000074,32.09962500000074
1328,0.027794007000011334,27.794007000011334
1329,0.022487143000034848,22.48714300003485
1330,0.022110105999900043,22.110105999900043
1331,0.027431353000110903,27.431353000110903
1332,0.02899916999990637,28.99916999990637
1333,0.023013507000086975,23.013507000086975
1334,0.022611130000086632,22.611130000086632
1335,0.028097890000026382,28.097890000026382
1336,0.030618798999967112,30.61879899996711
1337,0.022870058999842513,22.870058999842513
1338,0.022048519000009037,22.048519000009037
1339,0.02609535099986715,26.09535099986715
1340,0.03012591800006703,30.12591800006703
1341,0.02250753600014832,22.50753600014832
1342,0.022000322999929267,22.000322999929267
1343,0.02522039600012249,25.22039600012249
1344,0.030773587000112457,30.773587000112457
1345,0.02298038499998256,22.98038499998256
1346,0.022626417000083165,22.626417000083165
1347,0.025793884999984584,25.793884999984584
1348,0.030313328999909572,30.313328999909572
1349,0.02300085499996385,23.00085499996385
1350,0.02272490299992569,22.72490299992569
1351,0.025176443999953335,25.176443999953335
1352,0.030429607000087344,30.429607000087344
1353,0.02364465300001939,23.64465300001939
1354,0.02261853200002406,22.61853200002406
1355,0.02577620600004593,25.77620600004593
1356,0.0314333290000377,31.433329000037702
1357,0.02325862199995754,23.25862199995754
1358,0.02251009399992654,22.51009399992654
1359,0.027338388000089253,27.338388000089253
1360,0.03192126800013284,31.92126800013284
1361,0.023081268000169075,23.081268000169075
1362,0.023123133999888523,23.123133999888523
1363,0.028352977999929863,28.352977999929863
1364,0.02795003899996118,27.95003899996118
1365,0.022581420999813417,22.581420999813417
1366,0.021979692000059003,21.979692000059003
1367,0.02787709300014285,27.87709300014285
1368,0.02909943800000292,29.09943800000292
1369,0.022408174000020153,22.408174000020153
1370,0.02203240900007586,22.03240900007586
1371,0.025214330000153495,25.214330000153495
1372,0.030241199000101915,30.241199000101915
1373,0.02295040799981507,22.95040799981507
1374,0.02263570700006312,22.63570700006312
1375,0.025670248999858813,25.670248999858813
1376,0.030047363999983645,30.047363999983645
1377,0.02304779500013865,23.04779500013865
1378,0.02357443500000045,23.57443500000045
1379,0.026189635000037015,26.189635000037015
1380,0.029489432999980636,29.489432999980636
1381,0.033898822999844924,33.898822999844924
1382,0.025816307000013694,25.816307000013694
1383,0.035771344000067984,35.771344000067984
1384,0.02614908500004276,26.14908500004276
1385,0.023635983999838572,23.635983999838572
1386,0.022575464000055945,22.575464000055945
1387,0.029067638000014995,29.067638000014995
1388,0.028838804000088203,28.838804000088203
1389,0.02306919500006188,23.06919500006188
1390,0.02200315799996133,22.00315799996133
1391,0.02846876700004941,28.46876700004941
1392,0.029102914999839413,29.102914999839413
1393,0.027585281000028772,27.585281000028772
1394,0.022721487999888268,22.721487999888268
1395,0.02868421399989529,28.68421399989529
1396,0.02777152300018315,27.77152300018315
1397,0.02266930299992964,22.66930299992964
1398,0.022315051999839852,22.315051999839852
1399,0.023267125000074884,23.267125000074884
1400,0.030671894000079192,30.67189400007919
1401,0.02287878299989643,22.87878299989643
1402,0.023200144999918848,23.200144999918848
1403,0.02990917800002535,29.90917800002535
1404,0.029311826000139263,29.311826000139263
1405,0.02339835399993717,23.39835399993717
1406,0.022905102999857263,22.905102999857263
1407,0.031190528000024642,31.190528000024642
1408,0.02785554100000809,27.85554100000809
1409,0.022700418999875183,22.700418999875183
1410,0.02218698100000438,22.18698100000438
1411,0.029777378000062527,29.777378000062527
1412,0.027921503000015946,27.921503000015946
1413,0.023019100000055914,23.019100000055914
1414,0.02292628899999727,22.92628899999727
1415,0.031209367000201382,31.209367000201382
1416,0.028158792000112953,28.158792000112953
1417,0.02346651700008806,23.46651700008806
1418,0.022531206000167003,22.531206000167003
1419,0.030941294999820457,30.941294999820457
1420,0.02385366800012889,23.85366800012889
1421,0.023138227000117695,23.138227000117695
1422,0.022768103000089468,22.768103000089468
1423,0.02935236000007535,29.35236000007535
1424,0.027492436999864367,27.492436999864367
1425,0.022664075999955458,22.664075999955458
1426,0.02233293499989486,22.33293499989486
1427,0.03156423900009031,31.56423900009031
1428,0.02803062099997078,28.03062099997078
1429,0.02369693300011022,23.69693300011022
1430,0.02284521899991887,22.84521899991887
1431,0.030226095999978497,30.226095999978497
1432,0.02340852099996482,23.40852099996482
1433,0.023230807000118148,23.230807000118148
1434,0.02438394299997526,24.38394299997526
1435,0.028198475000181134,28.198475000181134
1436,0.02943331100004798,29.43331100004798
1437,0.02329490499982967,23.29490499982967
1438,0.02241491299992049,22.41491299992049
1439,0.026904735000016444,26.904735000016444
1440,0.034648581000055856,34.648581000055856
1441,0.0225883740001791,22.5883740001791
1442,0.022179654999945342,22.179654999945342
1443,0.02897987699998339,28.97987699998339
1444,0.023656913999957396,23.656913999957396
1445,0.02355168600001889,23.55168600001889
1446,0.02298646799999915,22.98646799999915
1447,0.02671501600002557,26.71501600002557
1448,0.02755793000005724,27.55793000005724
1449,0.02246511700013798,22.46511700013798
1450,0.02220523599999069,22.20523599999069
1451,0.02942716699999437,29.42716699999437
1452,0.027586927999891486,27.586927999891486
1453,0.02264331400010633,22.64331400010633
1454,0.02224846100011746,22.24846100011746
1455,0.028492462000031082,28.492462000031082
1456,0.0280345749999924,28.0345749999924
1457,0.023139619999938077,23.139619999938077
1458,0.022800771999982317,22.800771999982317
1459,0.03036947600003259,30.36947600003259
1460,0.03321346000006997,33.21346000006997
1461,0.022412303999999494,22.412303999999494
1462,0.02209258800007774,22.09258800007774
1463,0.031384540000090055,31.384540000090055
1464,0.022831672999927832,22.831672999927832
1465,0.022565506000091773,22.565506000091773
1466,0.02257046599993373,22.57046599993373
1467,0.027706766999926913,27.706766999926913
1468,0.02770283799986828,27.70283799986828
1469,0.02323666300003424,23.23666300003424
1470,0.022728335000010702,22.728335000010702
1471,0.029886130000022604,29.886130000022604
1472,0.028794258000061745,28.794258000061745
1473,0.02259564400014824,22.59564400014824
1474,0.022230455999988408,22.230455999988408
1475,0.029536089999965043,29.536089999965043
1476,0.028036695000082545,28.036695000082545
1477,0.022523154000055,22.523154000055
1478,0.022224451000056433,22.224451000056433
1479,0.028886735000014596,28.886735000014596
1480,0.028349354999818388,28.349354999818388
1481,0.023205941000014718,23.205941000014718
1482,0.02274903100010306,22.74903100010306
1483,0.029118765000021085,29.118765000021085
1484,0.028480352999849856,28.480352999849856
1485,0.02320622899992486,23.20622899992486
1486,0.022771143999989363,22.771143999989363
1487,0.029217300000027535,29.217300000027535
1488,0.027865642000051594,27.865642000051594
1489,0.022518966000006913,22.518966000006913
1490,0.022143573999983346,22.143573999983346
1491,0.02774435900005301,27.74435900005301
1492,0.02876016499999423,28.76016499999423
1493,0.023380438999993203,23.380438999993203
1494,0.023896117000049344,23.896117000049344
1495,0.030993965000106982,30.993965000106982
1496,0.02829502700001285,28.29502700001285
1497,0.023828569999977844,23.828569999977844
1498,0.022837157999902047,22.837157999902047
1499,0.03556435199993757,35.56435199993757
1500,0.023719788000107656,23.719788000107656
1501,0.023410639000076117,23.410639000076117
1502,0.022288013999968825,22.288013999968825
1503,0.02671962599993094,26.71962599993094
1504,0.026600465999990774,26.600465999990774
1505,0.02263368600006288,22.63368600006288
1506,0.022140922000062346,22.140922000062346
1507,0.028545408999889332,28.545408999889332
1508,0.028090825999925073,28.090825999925073
1509,0.02306138600010854,23.06138600010854
1510,0.022806305000131033,22.806305000131033
1511,0.031243439000036233,31.243439000036233
1512,0.02841883700011749,28.41883700011749
1513,0.023082259000148042,23.082259000148042
1514,0.023188100999959715,23.188100999959715
1515,0.031585159000087515,31.585159000087515
1516,0.023373668999965957,23.373668999965957
1517,0.023151028000029328,23.151028000029328
1518,0.022230138999930205,22.230138999930205
1519,0.03069979300016712,30.69979300016712
1520,0.025711944000022413,25.711944000022413
1521,0.023112558000093486,23.112558000093486
1522,0.02229121999994277,22.29121999994277
1523,0.030000425000025643,30.000425000025643
1524,0.028210284999886426,28.210284999886426
1525,0.023220767000111664,23.220767000111664
1526,0.022732552999968902,22.732552999968902
1527,0.028676978000021336,28.676978000021336
1528,0.027756198000133736,27.756198000133736
1529,0.02271483200001967,22.71483200001967
1530,0.02249074900009873,22.49074900009873
1531,0.02980545900004472,29.80545900004472
1532,0.02745918100004019,27.45918100004019
1533,0.022574410999823158,22.574410999823158
1534,0.022194304999857195,22.194304999857195
1535,0.02908297199996923,29.08297199996923
1536,0.028137699999888355,28.137699999888355
1537,0.023237535000134812,23.237535000134812
1538,0.022735065000006216,22.735065000006216
1539,0.030704308999929708,30.704308999929708
1540,0.029001411999843185,29.001411999843185
1541,0.02322401199990054,23.22401199990054
1542,0.02285341900005733,22.85341900005733
1543,0.025410821999912514,25.410821999912514
1544,0.03180294599997069,31.80294599997069
1545,0.022711263000019244,22.711263000019244
1546,0.022498567999946317,22.498567999946317
1547,0.030315234999989116,30.315234999989116
1548,0.02835231299991392,28.35231299991392
1549,0.022551111999973728,22.551111999973728
1550,0.023637745000087307,23.637745000087307
1551,0.027386977000105617,27.386977000105617
1552,0.027682094000056168,27.682094000056168
1553,0.025090698999974848,25.090698999974848
1554,0.0254068480001024,25.4068480001024
1555,0.0296282220001558,29.6282220001558
1556,0.054948206999824833,54.94820699982483
1557,0.026619248999850242,26.619248999850242
1558,0.024790969999912704,24.790969999912704
1559,0.0408871879999424,40.8871879999424
1560,0.02847020900003372,28.47020900003372
1561,0.023670526999922004,23.670526999922004
1562,0.02477262399997926,24.77262399997926
1563,0.045053883000036876,45.053883000036876
1564,0.025567919999957667,25.567919999957667
1565,0.02338135600007263,23.38135600007263
1566,0.022847103999993124,22.847103999993124
1567,0.030932430999882854,30.932430999882854
1568,0.025603422000131104,25.603422000131104
1569,0.022565401999827372,22.565401999827372
1570,0.022170163000055254,22.170163000055254
1571,0.029804971999965346,29.804971999965346
1572,0.027544424999859984,27.544424999859984
1573,0.023186386000134007,23.186386000134007
1574,0.022193893999883585,22.193893999883585
1575,0.030606246999923314,30.606246999923314
1576,0.028406767999967997,28.406767999967997
1577,0.02335239800004274,23.35239800004274
1578,0.022851186000025336,22.851186000025336
1579,0.032291161000102875,32.291161000102875
1580,0.02533454499985055,25.33454499985055
1581,0.02338191800004097,23.38191800004097
1582,0.02304898400007005,23.04898400007005
1583,0.03829185599988705,38.29185599988705
1584,0.024023870000064562,24.023870000064562
1585,0.022431992999827344,22.431992999827344
1586,0.024289599999974598,24.289599999974598
1587,0.029563087000042287,29.563087000042287
1588,0.029542010000113805,29.542010000113805
1589,0.02392909199988935,23.92909199988935
1590,0.022282611000036923,22.282611000036923
1591,0.03802341100004014,38.02341100004014
1592,0.023053704999938418,23.053704999938418
1593,0.022683518999883745,22.683518999883745
1594,0.036363432999905854,36.363432999905854
1595,0.051642874999970445,51.642874999970445
1596,0.02568298699998195,25.68298699998195
1597,0.02506373200003509,25.06373200003509
1598,0.0240975570000046,24.0975570000046
1599,0.04682019799997761,46.82019799997761
1600,0.034206605000008494,34.206605000008494
1601,0.05219263700018928,52.19263700018928
1602,0.026226905999919836,26.226905999919836
1603,0.03619022899988522,36.19022899988522
1604,0.024200560000053883,24.200560000053883
1605,0.025270972000043912,25.270972000043912
1606,0.022576115999981994,22.576115999981994
1607,0.027693872000099873,27.693872000099873
1608,0.029465739999977814,29.465739999977814
1609,0.022585295999988375,22.585295999988375
1610,0.022247150999874066,22.247150999874066
1611,0.0370064060000459,37.0064060000459
1612,0.02365925200001584,23.65925200001584
1613,0.02319142400006058,23.19142400006058
1614,0.02366806700001689,23.66806700001689
1615,0.027924435999921116,27.924435999921116
1616,0.022855380000009973,22.855380000009973
1617,0.02240122400007749,22.40122400007749
1618,0.02255053300018517,22.55053300018517
1619,0.02525448400001551,25.25448400001551
1620,0.03108270600000651,31.08270600000651
1621,0.025108994999982315,25.108994999982315
1622,0.022556953999810503,22.556953999810503
1623,0.029498446000161493,29.498446000161493
1624,0.02701734800007216,27.01734800007216
1625,0.023218995999968683,23.218995999968683
1626,0.022840632999987065,22.840632999987065
1627,0.029791312000043035,29.791312000043035
1628,0.028168414999981906,28.168414999981906
1629,0.022718233999967197,22.718233999967197
1630,0.02220837400000164,22.20837400000164
1631,0.029144801000029474,29.144801000029474
1632,0.027985503999843786,27.985503999843786
1633,0.022735079000085534,22.735079000085534
1634,0.02218395199997758,22.18395199997758
1635,0.029746698999815635,29.746698999815635
1636,0.029663120999884995,29.663120999884995
1637,0.023653031999856466,23.653031999856466
1638,0.023455506999880527,23.455506999880527
1639,0.03115036899998813,31.15036899998813
1640,0.02404944600016279,24.04944600016279
1641,0.02307930300003136,23.07930300003136
1642,0.022772042000042347,22.772042000042347
1643,0.031085826999969868,31.085826999969868
1644,0.024750660000108837,24.750660000108837
1645,0.023500195999986317,23.500195999986317
1646,0.022504814000058104,22.504814000058104
1647,0.0429279669999687,42.9279669999687
1648,0.024609693999991578,24.609693999991578
1649,0.022675154000125985,22.675154000125985
1650,0.022096494999914285,22.096494999914285
1651,0.03619993799998156,36.19993799998156
1652,0.02738000799990914,27.38000799990914
1653,0.023456877999933567,23.456877999933567
1654,0.02813882400005241,28.13882400005241
1655,0.03359571199985112,33.59571199985112
1656,0.02295987000002242,22.95987000002242
1657,0.022657979999848976,22.657979999848976
1658,0.022522351000134222,22.522351000134222
1659,0.028915816999870003,28.915816999870003
1660,0.022711248999939926,22.711248999939926
1661,0.022641963000069154,22.641963000069154
1662,0.022243500000058702,22.243500000058702
1663,0.031112767999957214,31.112767999957214
1664,0.027078535999862652,27.078535999862652
1665,0.02341692499999226,23.41692499999226
1666,0.023098464999975477,23.098464999975477
1667,0.0319292450001285,31.929245000128503
1668,0.02324277799993979,23.24277799993979
1669,0.02602583299994876,26.02583299994876
1670,0.023901754000007713,23.901754000007713
1671,0.02864566800008106,28.64566800008106
1672,0.02301174100011849,23.01174100011849
1673,0.023554649999823596,23.554649999823596
1674,0.02295155000001614,22.95155000001614
1675,0.039306968999881065,39.306968999881065
1676,0.023427495000078125,23.427495000078125
1677,0.023135715999842432,23.135715999842432
1678,0.02277074900007392,22.77074900007392
1679,0.026767407000079402,26.7674070000794
1680,0.03172123300009844,31.721233000098437
1681,0.02317659900018043,23.17659900018043
1682,0.022823776999985057,22.823776999985057
1683,0.028427445000033913,28.427445000033913
1684,0.028842784000062238,28.842784000062238
1685,0.02261187599992809,22.61187599992809
1686,0.022127055999817458,22.127055999817458
1687,0.03325362399982623,33.25362399982623
1688,0.028096970999968107,28.096970999968107
1689,0.02249348700001974,22.49348700001974
1690,0.024820204999969064,24.820204999969064
1691,0.030924361999950634,30.924361999950634
1692,0.02888054300001386,28.88054300001386
1693,0.02345380299993849,23.45380299993849
1694,0.022896829000046637,22.896829000046637
1695,0.03260787499993967,32.60787499993967
1696,0.0234041349999643,23.4041349999643
1697,0.024214636999886352,24.214636999886352
1698,0.024993674000143073,24.993674000143073
1699,0.024267254999813304,24.267254999813304
1700,0.054108973000211336,54.108973000211336
1701,0.028492047000099774,28.492047000099774
1702,0.025106928000013795,25.106928000013795
1703,0.047794747000125426,47.794747000125426
1704,0.024289517000170235,24.289517000170235
1705,0.02259937799999534,22.59937799999534
1706,0.022431462999975338,22.431462999975338
1707,0.03358012400008192,33.58012400008192
1708,0.022914617999958864,22.914617999958864
1709,0.022518314999842914,22.518314999842914
1710,0.021993800000018382,21.993800000018382
1711,0.03076111700011097,30.76111700011097
1712,0.03934251700002278,39.34251700002278
1713,0.02580405300000166,25.80405300000166
1714,0.02122896099990612,21.22896099990612
1715,0.07688512799995806,76.88512799995806
1716,0.026031463999970583,26.031463999970583
1717,0.02637439699992683,26.37439699992683
1718,0.02231734899987714,22.31734899987714
1719,0.02750077800010331,27.50077800010331
1720,0.027616657999942618,27.616657999942618
1721,0.022656794999875274,22.656794999875274
1722,0.022080834999997023,22.080834999997023
1723,0.024904979999973875,24.904979999973875
1724,0.030813876999900458,30.813876999900458
1725,0.023037434999878315,23.037434999878315
1726,0.023096082999927603,23.096082999927603
1727,0.02907220900010543,29.07220900010543
1728,0.03039742999999362,30.39742999999362
1729,0.023049501000059536,23.049501000059536
1730,0.022838597000145455,22.838597000145455
1731,0.04702644599979067,47.02644599979067
1732,0.0236323019998963,23.6323019998963
1733,0.022887305000040215,22.887305000040215
1734,0.022179441000162115,22.179441000162115
1735,0.025068913000040993,25.068913000040993
1736,0.031900863999908324,31.900863999908324
1737,0.02263918499988904,22.63918499988904
1738,0.022152629999936835,22.152629999936835
1739,0.025817001999939748,25.817001999939748
1740,0.0316157459999431,31.6157459999431
1741,0.023231079000197496,23.231079000197496
1742,0.022674456000004284,22.674456000004284
1743,0.026428065999880346,26.428065999880346
1744,0.02975408299994342,29.75408299994342
1745,0.023336373000120147,23.336373000120147
1746,0.02265339999985372,22.65339999985372
1747,0.02636478099998385,26.36478099998385
1748,0.03009588600002644,30.09588600002644
1749,0.02303207599993584,23.03207599993584
1750,0.022845929999903092,22.845929999903092
1751,0.02844767600004161,28.44767600004161
1752,0.02731678100008139,27.31678100008139
1753,0.022576619000119535,22.576619000119535
1754,0.022077719999970213,22.077719999970213
1755,0.02555695899991406,25.55695899991406
1756,0.03029641900002389,30.29641900002389
1757,0.022342566999896007,22.342566999896007
1758,0.022090962999982366,22.090962999982366
1759,0.025312330999895494,25.312330999895494
1760,0.030431461000034687,30.431461000034687
1761,0.02318472800016025,23.18472800016025
1762,0.02269053600002735,22.69053600002735
1763,0.13061151800002335,130.61151800002335
1764,0.026053022000041892,26.053022000041892
1765,0.022660485999949742,22.660485999949742
1766,0.023083426000084728,23.083426000084728
1767,0.03665825000007317,36.65825000007317
1768,0.023665011000048253,23.665011000048253
1769,0.022477654999875085,22.477654999875085
1770,0.022323498000105246,22.323498000105246
1771,0.03078606500002934,30.78606500002934
1772,0.02322622500014404,23.22622500014404
1773,0.023975845000222762,23.975845000222762
1774,0.022828990999869347,22.828990999869347
1775,0.031084767000038482,31.084767000038482
1776,0.02323087500008114,23.23087500008114
1777,0.02306355599989729,23.06355599989729
1778,0.022746135000033973,22.746135000033973
1779,0.02820440499999677,28.20440499999677
1780,0.026914515000044048,26.914515000044048
1781,0.022824221999826477,22.824221999826477
1782,0.022365496000020357,22.365496000020357
1783,0.032486122000136675,32.486122000136675
1784,0.027165090999915265,27.165090999915265
1785,0.022563744000080987,22.563744000080987
1786,0.022116960000175823,22.116960000175823
1787,0.05584913500001676,55.84913500001676
1788,0.022722250000015265,22.722250000015265
1789,0.022079894999933458,22.079894999933458
1790,0.022497191000184102,22.497191000184102
1791,0.0320429780001632,32.0429780001632
1792,0.023368371000060506,23.368371000060506
1793,0.02342903099997784,23.42903099997784
1794,0.02312499800018486,23.12499800018486
1795,0.02853976300002614,28.53976300002614
1796,0.026552115999948,26.552115999948
1797,0.023087561000011192,23.087561000011192
1798,0.02356020100000933,23.56020100000933
1799,0.030804912999883527,30.804912999883527
1800,0.027896331999954782,27.896331999954782
1801,0.022445767999897726,22.445767999897726
1802,0.022156773999995494,22.156773999995494
1803,0.029068170000073223,29.068170000073223
1804,0.027560541000184458,27.560541000184458
1805,0.02276786299989908,22.76786299989908
1806,0.022036187000139762,22.036187000139762
1807,0.02983715999994274,29.83715999994274
1808,0.0276974330001849,27.6974330001849
1809,0.022615755000060744,22.615755000060744
1810,0.022185232000083488,22.185232000083488
1811,0.030983230000174444,30.983230000174444
1812,0.03214353100020162,32.14353100020162
1813,0.023087775000021793,23.087775000021793
1814,0.02279169799999181,22.79169799999181
1815,0.02494806200002131,24.94806200002131
1816,0.03293711800006349,32.93711800006349
1817,0.023156607999908374,23.156607999908374
1818,0.02283036899984836,22.83036899984836
1819,0.02659512800005359,26.59512800005359
1820,0.02679154599991307,26.79154599991307
1821,0.02243379000015011,22.43379000015011
1822,0.022133903999929316,22.133903999929316
1823,0.02834345399992344,28.34345399992344
1824,0.028192379999836703,28.192379999836703
1825,0.022596146000068984,22.596146000068984
1826,0.022452741999813952,22.452741999813952
1827,0.03557655600002363,35.57655600002363
1828,0.026860970999905476,26.860970999905476
1829,0.023330656000098315,23.330656000098315
1830,0.022630058999993707,22.630058999993707
1831,0.03010831300002792,30.10831300002792
1832,0.02489837500002068,24.89837500002068
1833,0.023004513000159932,23.004513000159932
1834,0.022821589999921343,22.821589999921343
1835,0.03063314799987893,30.63314799987893
1836,0.026252796000107992,26.252796000107992
1837,0.0223790850000114,22.3790850000114
1838,0.02208070899996528,22.08070899996528
1839,0.030207012000118993,30.207012000118993
1840,0.027308573000027536,27.308573000027536
1841,0.02259710799989989,22.59710799989989
1842,0.02278601400007574,22.78601400007574
1843,0.02868103900004826,28.68103900004826
1844,0.02724684999998317,27.24684999998317
1845,0.022949867000079394,22.949867000079394
1846,0.022969814000134647,22.969814000134647
1847,0.0285133519998908,28.5133519998908
1848,0.028147655000111627,28.147655000111627
1849,0.022967232999917542,22.96723299991754
1850,0.02241264000008414,22.41264000008414
1851,0.028119315000139977,28.119315000139977
1852,0.027452633999928366,27.452633999928366
1853,0.022520834000033574,22.520834000033574
1854,0.022049814000183687,22.049814000183687
1855,0.027081890000090425,27.081890000090425
1856,0.02964076699981888,29.64076699981888
1857,0.02312788500012175,23.12788500012175
1858,0.022608722000086345,22.608722000086345
1859,0.029573077999884845,29.573077999884845
1860,0.028429258999949525,28.429258999949525
1861,0.02293600100006188,22.93600100006188
1862,0.02201270399996247,22.01270399996247
1863,0.027380375999882745,27.380375999882745
1864,0.03038736799999242,30.38736799999242
1865,0.022501142000010077,22.501142000010077
1866,0.02202867400001196,22.02867400001196
1867,0.027095069000097283,27.095069000097283
1868,0.030436567999913677,30.436567999913677
1869,0.022436757999912516,22.436757999912516
1870,0.02268775800007461,22.68775800007461
1871,0.028148866999799793,28.148866999799793
1872,0.03093958800013752,30.93958800013752
1873,0.0231052300000556,23.1052300000556
1874,0.02260031900004833,22.60031900004833
1875,0.03377403000013146,33.77403000013146
1876,0.028817770999921777,28.817770999921777
1877,0.027148674000045503,27.148674000045503
1878,0.02574531899995236,25.74531899995236
1879,0.05070939500001259,50.70939500001259
1880,0.025441258000000744,25.441258000000744
1881,0.025175106999995478,25.175106999995478
1882,0.02283390699994925,22.83390699994925
1883,0.04155939599991143,41.55939599991143
1884,0.024923125999976037,24.923125999976037
1885,0.024772935000100915,24.772935000100915
1886,0.02529676299991479,25.29676299991479
1887,0.03453423099995234,34.53423099995234
1888,0.028389747999881365,28.389747999881365
1889,0.02337195299992345,23.37195299992345
1890,0.02276951899989399,22.76951899989399
1891,0.029611662999968758,29.611662999968758
1892,0.027498810999986745,27.498810999986745
1893,0.02264274899994234,22.64274899994234
1894,0.022267925000051036,22.267925000051036
1895,0.029678908000050797,29.678908000050797
1896,0.027683869999918898,27.683869999918898
1897,0.02260796499990647,22.60796499990647
1898,0.02218310299986115,22.18310299986115
1899,0.029096706000018457,29.096706000018457
1900,0.028615942000215,28.615942000215
1901,0.023214778000010483,23.214778000010483
1902,0.02284785400001965,22.84785400001965
1903,0.0294573329999821,29.4573329999821
1904,0.028175142000009146,28.175142000009146
1905,0.022525163999944198,22.525163999944198
1906,0.02241090500001519,22.41090500001519
1907,0.034054572000059125,34.054572000059125
1908,0.027308875000016997,27.308875000016997
1909,0.02312252299998363,23.12252299998363
1910,0.022467189000053622,22.467189000053622
1911,0.030544663999990007,30.544663999990007
1912,0.025540577999890957,25.540577999890957
1913,0.022625873999913892,22.625873999913892
1914,0.022838573999933942,22.838573999933942
1915,0.02925714900015919,29.25714900015919
1916,0.028107682999916506,28.107682999916506
1917,0.023322876000065662,23.322876000065662
1918,0.02275122600008217,22.75122600008217
1919,0.03015217400002257,30.15217400002257
1920,0.028237072999900192,28.237072999900192
1921,0.022570333999965442,22.57033399996544
1922,0.022204603999853134,22.204603999853134
1923,0.029011746999913157,29.011746999913157
1924,0.027436129999841796,27.436129999841796
1925,0.022644567000043025,22.644567000043025
1926,0.022496090999993612,22.496090999993612
1927,0.028701458000114144,28.701458000114144
1928,0.0279578899999251,27.9578899999251
1929,0.022507866000069043,22.507866000069043
1930,0.02244107499996062,22.44107499996062
1931,0.035735397000053126,35.735397000053126
1932,0.02582973500011576,25.82973500011576
1933,0.02351098799999818,23.51098799999818
1934,0.02284491499995056,22.84491499995056
1935,0.02834693999989213,28.34693999989213
1936,0.02352114000018446,23.52114000018446
1937,0.023136297000064587,23.136297000064587
1938,0.02281992700000046,22.81992700000046
1939,0.03197432599995409,31.97432599995409
1940,0.023477427999978318,23.477427999978318
1941,0.023235703999944235,23.235703999944235
1942,0.022474056999953973,22.474056999953973
1943,0.0317189889999554,31.7189889999554
1944,0.024986903999888455,24.986903999888455
1945,0.023180808000006436,23.180808000006436
1946,0.02278328900001725,22.78328900001725
1947,0.028786532999902192,28.786532999902192
1948,0.02538135300005706,25.38135300005706
1949,0.02277904200013836,22.77904200013836
1950,0.02223464899998362,22.23464899998362
1951,0.0290172799998345,29.0172799998345
1952,0.02756451699997342,27.56451699997342
1953,0.022604049999927156,22.604049999927156
1954,0.022153816000127335,22.153816000127335
1955,0.02880931899994721,28.80931899994721
1956,0.028043138999919393,28.043138999919393
1957,0.02325927800006866,23.25927800006866
1958,0.022870058000080462,22.870058000080462
1959,0.030082171000003655,30.082171000003655
1960,0.02892007500008731,28.92007500008731
1961,0.023028519000035885,23.028519000035885
1962,0.02232197500006805,22.32197500006805
1963,0.030102856999974392,30.102856999974392
1964,0.028013458000032188,28.013458000032188
1965,0.023197200999902634,23.197200999902634
1966,0.022828244000038467,22.828244000038467
1967,0.029093607000049815,29.093607000049815
1968,0.028897992000111117,28.897992000111117
1969,0.023254889000099865,23.254889000099865
1970,0.022225006999860852,22.225006999860852
1971,0.028959460000123727,28.959460000123727
1972,0.027652934000116147,27.652934000116147
1973,0.02265631500017662,22.65631500017662
1974,0.022376371000063955,22.376371000063955
1975,0.03036384300003192,30.36384300003192
1976,0.02780082799995398,27.80082799995398
1977,0.024083708000034676,24.083708000034676
1978,0.029902068999945186,29.902068999945186
1979,0.041166348000160724,41.166348000160724
1980,0.024855739000031463,24.855739000031463
1981,0.02331779600012851,23.31779600012851
1982,0.022790032000102656,22.790032000102656
1983,0.03823234200012848,38.23234200012848
1984,0.0239484530000027,23.9484530000027
1985,0.023347454000031576,23.347454000031576
1986,0.022167516000081378,22.167516000081378
1987,0.031844079999928,31.844079999928
1988,0.023289650999913647,23.289650999913647
1989,0.0226540890000706,22.6540890000706
1990,0.022153958000217244,22.153958000217244
1991,0.035374640999862095,35.374640999862095
1992,0.023926404999883744,23.926404999883744
1993,0.023210053999946467,23.210053999946467
1994,0.02274663299999702,22.74663299999702
1995,0.025624504999996134,25.624504999996134
1996,0.0344171260001076,34.4171260001076
1997,0.02267183699996167,22.67183699996167
1998,0.022581193999940297,22.581193999940297
1999,0.025492007000138983,25.492007000138983
2000,0.03166926800008696,31.66926800008696
2001,0.02354807200003961,23.54807200003961
2002,0.022819282000000385,22.819282000000385
2003,0.03992387900007088,39.92387900007088
2004,0.024026174000027822,24.026174000027822
2005,0.02347191500007284,23.47191500007284
2006,0.02213481000012507,22.13481000012507
2007,0.03989443899990874,39.89443899990874
2008,0.022896943999967334,22.896943999967334
2009,0.02253791399994043,22.53791399994043
2010,0.024732453000069654,24.732453000069654
2011,0.0251116209999509,25.1116209999509
2012,0.0300805599999876,30.0805599999876
2013,0.023534267000059117,23.534267000059117
2014,0.022776555000064036,22.776555000064036
2015,0.028544258000010814,28.544258000010814
2016,0.030317920000015874,30.317920000015874
2017,0.023242779000156588,23.242779000156588
2018,0.022805372999982865,22.805372999982865
2019,0.028047757999956957,28.047757999956957
2020,0.029612562000011167,29.612562000011167
2021,0.022512001999984932,22.512001999984932
2022,0.022061106999899494,22.061106999899494
2023,0.027468638999835093,27.468638999835093
2024,0.030476894000003085,30.476894000003085
2025,0.023192409000102998,23.192409000102998
2026,0.022788822000165965,22.788822000165965
2027,0.0292819999999665,29.2819999999665
2028,0.02797642099994846,27.97642099994846
2029,0.02315485600001921,23.15485600001921
2030,0.02277976300001683,22.77976300001683
2031,0.02754860799996095,27.54860799996095
2032,0.027717224000070928,27.717224000070928
2033,0.022626224000077855,22.626224000077855
2034,0.02208646899998712,22.08646899998712
2035,0.02549878600007105,25.49878600007105
2036,0.030927357000109623,30.927357000109623
2037,0.02322234700000081,23.22234700000081
2038,0.022843190000003233,22.843190000003233
2039,0.028735305000054723,28.735305000054723
2040,0.028636392999942473,28.636392999942473
2041,0.023074136999866823,23.074136999866823
2042,0.023390671000015573,23.390671000015573
2043,0.034079138999913994,34.079138999913994
2044,0.028366965000031996,28.366965000031996
2045,0.02624427000000651,26.24427000000651
2046,0.025444398999979967,25.444398999979967
2047,0.03690523000000212,36.90523000000212
2048,0.022838389000071402,22.838389000071402
2049,0.02440832499996759,24.40832499996759
2050,0.023083865999979025,23.083865999979025
2051,0.0388513719999537,38.8513719999537
2052,0.025300900000047477,25.300900000047477
2053,0.023063505999971312,23.063505999971312
2054,0.022896537999940847,22.896537999940847
2055,0.028612422000151128,28.612422000151128
2056,0.02322173500010649,23.22173500010649
2057,0.02329070599989791,23.29070599989791
2058,0.02259124600004725,22.59124600004725
2059,0.030369612999948004,30.369612999948004
2060,0.02443313899993882,24.43313899993882
2061,0.02243242999998074,22.43242999998074
2062,0.022432881999975507,22.432881999975507
2063,0.029016776999924332,29.016776999924332
2064,0.02721337200000562,27.21337200000562
2065,0.022382018999905995,22.382018999905995
2066,0.022067789999937304,22.067789999937304
2067,0.027910434000204987,27.910434000204987
2068,0.028267291000020123,28.267291000020123
2069,0.023596367999971335,23.596367999971335
2070,0.022589408999920124,22.589408999920124
2071,0.02871981699991011,28.71981699991011
2072,0.02838158100007604,28.38158100007604
2073,0.022744052000007287,22.744052000007287
2074,0.02204424299998209,22.04424299998209
2075,0.028390611000077115,28.390611000077115
2076,0.027368434999971214,27.368434999971214
2077,0.022492018000093594,22.492018000093594
2078,0.02235897500008832,22.35897500008832
2079,0.02727965700000823,27.27965700000823
2080,0.030549484999937704,30.549484999937704
2081,0.02320588299994597,23.20588299994597
2082,0.02279562600006102,22.79562600006102
2083,0.028357605000110198,28.357605000110198
2084,0.029731548999961888,29.731548999961888
2085,0.02265025799988507,22.65025799988507
2086,0.02227787900005751,22.27787900005751
2087,0.02811876900000243,28.11876900000243
2088,0.029120280999904935,29.120280999904935
2089,0.022506453999994847,22.506453999994847
2090,0.022236800999962725,22.236800999962725
2091,0.026160859999890818,26.160859999890818
2092,0.030316309999989244,30.316309999989244
2093,0.022659761999875627,22.659761999875627
2094,0.022379731999990327,22.379731999990327
2095,0.028250770000113334,28.250770000113334
2096,0.029342931999963184,29.342931999963184
2097,0.02309649299991179,23.09649299991179
2098,0.023189507000097365,23.189507000097365
2099,0.02863573199988423,28.63573199988423
2100,0.029995662000146694,29.995662000146694
2101,0.024039922999918417,24.039922999918417
2102,0.024767375999999786,24.767375999999786
2103,0.02988472200013348,29.88472200013348
2104,0.027156210000157444,27.156210000157444
2105,0.022503967000147895,22.503967000147895
2106,0.022157625000090775,22.157625000090775
2107,0.027823189999935494,27.823189999935494
2108,0.028064236000091114,28.064236000091114
2109,0.023066399000072124,23.066399000072124
2110,0.023143653000033737,23.143653000033737
2111,0.0325823919999948,32.5823919999948
2112,0.02844293800012565,28.44293800012565
2113,0.02269472400007544,22.69472400007544
2114,0.022244500000169865,22.244500000169865
2115,0.033175651999954425,33.175651999954425
2116,0.023655247999840867,23.655247999840867
2117,0.02129081600014615,21.29081600014615
2118,0.02170104500009984,21.70104500009984
2119,0.03395245799993063,33.95245799993063
2120,0.02639610799997172,26.39610799997172
2121,0.021073771000146735,21.073771000146735
2122,0.02022157199985486,20.22157199985486
2123,0.028076112000007925,28.076112000007925
2124,0.029527522000080353,29.527522000080353
2125,0.020748746000208484,20.748746000208484
2126,0.020359843000051114,20.359843000051114
2127,0.028500656999995044,28.500656999995044
2128,0.022402133000014146,22.402133000014146
2129,0.02129944900002556,21.29944900002556
2130,0.021887260999847058,21.887260999847058
2131,0.03278743700002451,32.78743700002451
2132,0.026804375999972763,26.804375999972763
2133,0.021058912000171404,21.058912000171404
2134,0.02057629600017208,20.57629600017208
2135,0.030163298999923427,30.163298999923427
2136,0.02705435299981218,27.05435299981218
2137,0.024605885000028138,24.605885000028138
2138,0.020609158000070238,20.609158000070238
2139,0.027228694999848813,27.228694999848813
2140,0.035702792999927624,35.702792999927624
2141,0.021778628999982175,21.778628999982175
2142,0.021038685000121404,21.038685000121404
2143,0.03216670799997701,32.16670799997701
2144,0.0278837430000749,27.8837430000749
2145,0.02123295799992775,21.23295799992775
2146,0.02091610899992702,20.91610899992702
2147,0.035386203999905774,35.386203999905774
2148,0.03023418199995831,30.23418199995831
2149,0.022922992000076192,22.922992000076192
2150,0.022171864000029018,22.171864000029018
2151,0.03297553500010508,32.97553500010508
2152,0.024521577000086836,24.521577000086836
2153,0.023159706000114966,23.159706000114966
2154,0.022787612999991325,22.787612999991325
2155,0.030999006000001827,30.999006000001827
2156,0.02389197599995896,23.89197599995896
2157,0.0231197200000679,23.1197200000679
2158,0.02282719899994845,22.82719899994845
2159,0.03253604099995755,32.53604099995755
2160,0.023102649000065867,23.102649000065867
2161,0.02254993699989427,22.54993699989427
2162,0.0224812460000976,22.4812460000976
2163,0.03085502900012216,30.85502900012216
2164,0.025262581000106366,25.262581000106366
2165,0.02333170700012488,23.33170700012488
2166,0.022890617000030034,22.890617000030034
2167,0.03833388099997137,38.33388099997137
2168,0.02389952299995457,23.89952299995457
2169,0.02326070300000538,23.26070300000538
2170,0.022486501000003045,22.486501000003045
2171,0.02651039700003821,26.51039700003821
2172,0.030562513999939256,30.562513999939256
2173,0.02192890400010583,21.92890400010583
2174,0.02131415299982109,21.31415299982109
2175,0.03929589700010183,39.29589700010183
2176,0.023510322999982236,23.510322999982236
2177,0.024469923000197014,24.469923000197014
2178,0.022290681999947992,22.290681999947992
2179,0.028517008000108035,28.517008000108035
2180,0.0286404420000963,28.6404420000963
2181,0.023748837999846728,23.748837999846728
2182,0.02220192199979465,22.20192199979465
2183,0.028516883000065718,28.516883000065718
2184,0.028877255999987028,28.877255999987028
2185,0.022659515000214014,22.659515000214014
2186,0.022300479000023188,22.300479000023188
2187,0.028989139000032083,28.989139000032083
2188,0.029199821000020165,29.199821000020165
2189,0.023251872999935586,23.251872999935586
2190,0.022834503000012774,22.834503000012774
2191,0.028674260999878243,28.674260999878243
2192,0.028534455999988495,28.534455999988495
2193,0.022629909999977826,22.629909999977826
2194,0.022157435000053738,22.157435000053738
2195,0.028446323000025586,28.446323000025586
2196,0.028601576000028217,28.601576000028217
2197,0.02274991199988108,22.74991199988108
2198,0.02268613399996866,22.68613399996866
2199,0.028505951999932222,28.505951999932222
2200,0.028366988000016136,28.366988000016136
2201,0.023108925000087766,23.108925000087766
2202,0.022088140999812822,22.088140999812822
2203,0.028693857000007483,28.693857000007483
2204,0.029476915000032022,29.476915000032022
2205,0.023185194999996384,23.185194999996384
2206,0.022878119999859337,22.878119999859337
2207,0.02894134699999995,28.94134699999995
2208,0.02879562800012536,28.79562800012536
2209,0.02269360900004358,22.69360900004358
2210,0.023878963000015574,23.878963000015574
2211,0.028324737000048117,28.324737000048117
2212,0.027763059999870165,27.763059999870165
2213,0.022654755000075966,22.654755000075966
2214,0.022148187000084363,22.148187000084363
2215,0.02876775900017492,28.76775900017492
2216,0.028713243999845872,28.713243999845872
2217,0.025476749000063137,25.476749000063137
2218,0.026518422999970426,26.518422999970426
2219,0.04524331399989023,45.24331399989023
2220,0.03727582200008328,37.27582200008328
2221,0.025700791999952344,25.700791999952344
2222,0.02465249500005484,24.65249500005484
2223,0.04526071700001921,45.26071700001921
2224,0.024085164000098302,24.085164000098302
2225,0.02250277600001027,22.50277600001027
2226,0.023440779000111434,23.440779000111434
2227,0.04149638700005198,41.49638700005198
2228,0.02573492700003044,25.73492700003044
2229,0.02300892199991722,23.00892199991722
2230,0.02246812199996384,22.46812199996384
2231,0.04222731599998042,42.22731599998042
2232,0.02407803000005515,24.07803000005515
2233,0.023014413999817407,23.014413999817407
2234,0.02283192200002304,22.83192200002304
2235,0.03588728399995489,35.88728399995489
2236,0.024136876000056873,24.136876000056873
2237,0.02276870599985159,22.76870599985159
2238,0.022108017999926233,22.108017999926233
2239,0.03126107699995373,31.26107699995373
2240,0.024237217000063538,24.237217000063538
2241,0.02505598600009762,25.05598600009762
2242,0.02297721099989758,22.97721099989758
2243,0.033841784000060215,33.841784000060215
2244,0.023512104000019463,23.512104000019463
2245,0.023151482000002943,23.151482000002943
2246,0.022813906999999745,22.813906999999745
2247,0.028851403000089704,28.851403000089704
2248,0.02341287000012926,23.41287000012926
2249,0.02278981500012378,22.78981500012378
2250,0.022144314000115628,22.144314000115628
2251,0.030370985999979894,30.370985999979894
2252,0.027536628999996537,27.536628999996537
2253,0.02324906299986651,23.24906299986651
2254,0.022379989000000933,22.379989000000933
2255,0.03127291200007676,31.272912000076758
2256,0.02489044499998272,24.89044499998272
2257,0.023197213000003103,23.197213000003103
2258,0.02292004299988548,22.92004299988548
2259,0.031190547000051083,31.190547000051083
2260,0.02422338399992441,24.22338399992441
2261,0.022695429999885164,22.695429999885164
2262,0.022389779999912207,22.389779999912207
2263,0.0307600819999152,30.7600819999152
2264,0.0269185679999282,26.9185679999282
2265,0.023213795999936337,23.213795999936337
2266,0.02281358999994154,22.81358999994154
2267,0.03524973699995826,35.24973699995826
2268,0.023811445000092135,23.811445000092135
2269,0.024666558000035366,24.666558000035366
2270,0.024674842999957036,24.674842999957036
2271,0.03415524100000766,34.15524100000766
2272,0.027758393000112846,27.758393000112846
2273,0.023241927000071883,23.241927000071883
2274,0.02443153100011841,24.43153100011841
2275,0.03043456399996103,30.43456399996103
2276,0.02763274100016133,27.63274100016133
2277,0.023334368000178074,23.334368000178074
2278,0.022498123000104897,22.498123000104897
2279,0.030579330000136906,30.579330000136906
2280,0.02786528499996166,27.86528499996166
2281,0.02416950099996029,24.16950099996029
2282,0.02219062800008942,22.19062800008942
2283,0.03167553000002954,31.67553000002954
2284,0.02530951899984757,25.30951899984757
2285,0.022691915999985213,22.691915999985213
2286,0.022107315999846833,22.107315999846833
2287,0.030082625000204644,30.082625000204644
2288,0.027975564000144004,27.975564000144004
2289,0.023420772999998007,23.420772999998007
2290,0.02282541600015975,22.82541600015975
2291,0.03144765499996538,31.44765499996538
2292,0.023791309999978694,23.791309999978694
2293,0.023127030999830822,23.127030999830822
2294,0.022821269000132816,22.821269000132816
2295,0.030573950999951194,30.573950999951194
2296,0.025082879999899887,25.082879999899887
2297,0.023325784000007843,23.325784000007843
2298,0.023054230999832726,23.054230999832726
2299,0.03120805100002144,31.20805100002144
2300,0.023752176000016334,23.752176000016334
2301,0.023272689999885188,23.272689999885188
2302,0.022931636000066646,22.931636000066646
2303,0.03244051599995146,32.44051599995146
2304,0.02396028899988778,23.96028899988778
2305,0.023209176999898773,23.209176999898773
2306,0.022365548000152558,22.365548000152558
2307,0.026229348000015307,26.229348000015307
2308,0.027856293000013466,27.856293000013466
2309,0.022625734000030207,22.625734000030207
2310,0.022379158999910942,22.379158999910942
2311,0.02966286199989554,29.66286199989554
2312,0.028003951999835408,28.003951999835408
2313,0.022620779999897422,22.620779999897422
2314,0.022140295999861337,22.140295999861337
2315,0.03274228800000856,32.74228800000856
2316,0.025986337000176718,25.986337000176718
2317,0.024880051999844,24.880051999844
2318,0.02331958200011286,23.31958200011286
2319,0.027146565000066403,27.146565000066403
2320,0.03413081200005763,34.13081200005763
2321,0.023337955999977567,23.337955999977567
2322,0.022927950000166675,22.927950000166675
2323,0.026187989999925776,26.187989999925776
2324,0.031547520000003715,31.547520000003715
2325,0.02257427499989717,22.57427499989717
2326,0.02221963799979676,22.21963799979676
2327,0.02582379000000401,25.82379000000401
2328,0.03040362699994148,30.40362699994148
2329,0.022745140000097308,22.745140000097308
2330,0.022255386000097133,22.255386000097133
2331,0.027320630999838613,27.320630999838613
2332,0.030975342999909117,30.975342999909117
2333,0.023286711000082505,23.286711000082505
2334,0.02281518299992058,22.81518299992058
2335,0.02889232899997296,28.89232899997296
2336,0.028653740999970978,28.653740999970978
2337,0.022669494000183477,22.669494000183477
2338,0.022270009000067148,22.270009000067148
2339,0.028498085000137507,28.498085000137507
2340,0.028468016000033458,28.468016000033458
2341,0.024144132000174068,24.144132000174068
2342,0.022212092000017947,22.212092000017947
2343,0.028298503999849345,28.298503999849345
2344,0.028514388000075996,28.514388000075996
2345,0.02330083900005775,23.30083900005775
2346,0.02290127600008418,22.90127600008418
2347,0.02914098499991269,29.14098499991269
2348,0.028498462000015934,28.498462000015934
2349,0.023495878999938213,23.495878999938213
2350,0.022133587999860538,22.133587999860538
2351,0.028805092999846238,28.805092999846238
2352,0.027629819999901883,27.629819999901883
2353,0.02252535100001296,22.52535100001296
2354,0.022254940000038914,22.254940000038914
2355,0.028478453000161608,28.478453000161608
2356,0.02826936399992519,28.26936399992519
2357,0.023311109999895052,23.311109999895052
2358,0.022817154999984268,22.817154999984268
2359,0.02973232099998313,29.73232099998313
2360,0.028532756000004156,28.532756000004156
2361,0.022755449999976918,22.755449999976918
2362,0.022422039999810295,22.422039999810295
2363,0.02981537699997716,29.81537699997716
2364,0.027693304999957036,27.693304999957036
2365,0.022840387000087503,22.840387000087503
2366,0.02263538200008952,22.63538200008952
2367,0.03482763499982866,34.82763499982866
2368,0.02668372400012231,26.68372400012231
2369,0.022662073999981658,22.662073999981658
2370,0.022152622000021438,22.152622000021438
2371,0.02931476499998098,29.31476499998098
2372,0.028595859000006385,28.595859000006385
2373,0.023225903999900765,23.225903999900765
2374,0.024238072000116517,24.238072000116517
2375,0.03120025499993062,31.20025499993062
2376,0.02399092400014524,23.99092400014524
2377,0.022526343999970777,22.526343999970777
2378,0.022421805000021777,22.421805000021777
2379,0.030107265999959054,30.107265999959054
2380,0.027761895999901753,27.761895999901753
2381,0.02268754200008516,22.68754200008516
2382,0.02214239800014184,22.14239800014184
2383,0.03019512199989549,30.19512199989549
2384,0.03062586500004727,30.62586500004727
2385,0.02740421399994375,27.40421399994375
2386,0.023153706000130114,23.153706000130114
2387,0.027172058999894944,27.172058999894944
2388,0.031152885999972568,31.15288599997257
2389,0.02497863500002495,24.97863500002495
2390,0.023787742999957118,23.787742999957118
2391,0.048680326000067,48.680326000067
2392,0.02321651100010058,23.21651100010058
2393,0.022589920999962487,22.589920999962487
2394,0.022186451999914425,22.186451999914425
2395,0.02836850699986826,28.36850699986826
2396,0.031477398000106405,31.477398000106405
2397,0.02331423500004348,23.31423500004348
2398,0.022780520999958753,22.780520999958753
2399,0.03076750000013817,30.76750000013817
2400,0.028701999000077194,28.701999000077194
2401,0.022880884999949558,22.880884999949558
2402,0.022285534000047846,22.285534000047846
2403,0.02335201899995809,23.35201899995809
2404,0.03142700100011098,31.427001000110977
2405,0.022949384999947142,22.949384999947142
2406,0.02242842800001199,22.42842800001199
2407,0.02889212100012628,28.89212100012628
2408,0.029012686999976722,29.012686999976722
2409,0.02329670700009956,23.29670700009956
2410,0.0228601339999841,22.8601339999841
2411,0.029585530000076687,29.585530000076687
2412,0.028601394999896,28.601394999896
2413,0.022537570999929812,22.537570999929812
2414,0.02229498299993793,22.29498299993793
2415,0.02854805199990551,28.54805199990551
2416,0.028806530999872848,28.806530999872848
2417,0.0228515870001047,22.8515870001047
2418,0.022218563000024005,22.218563000024005
2419,0.028500262999841652,28.500262999841652
2420,0.028206053999838332,28.206053999838332
2421,0.0227051950000714,22.7051950000714
2422,0.022837590999870372,22.837590999870372
2423,0.02916132500013191,29.16132500013191
2424,0.028782393000028605,28.782393000028605
2425,0.02331711700003325,23.31711700003325
2426,0.022857585000110703,22.857585000110703
2427,0.028586511999947106,28.586511999947106
2428,0.02813805499999944,28.13805499999944
2429,0.02267818200016336,22.67818200016336
2430,0.022216504999960307,22.216504999960307
2431,0.028380689999949027,28.380689999949027
2432,0.02865234900014002,28.65234900014002
2433,0.022693264000054114,22.693264000054114
2434,0.023020201000008456,23.020201000008456
2435,0.10724423500005287,107.24423500005287
2436,0.060388916999954745,60.388916999954745
2437,0.022228043000040998,22.228043000040998
2438,0.022340721000091435,22.340721000091435
2439,0.024807284999951662,24.807284999951662
2440,0.03194180300010885,31.941803000108848
2441,0.02305092999995395,23.05092999995395
2442,0.022405780000099185,22.405780000099185
2443,0.029283275000125286,29.283275000125286
2444,0.02854139399983069,28.54139399983069
2445,0.023103390999949625,23.103390999949625
2446,0.02275798300001952,22.75798300001952
2447,0.03192538899997999,31.925388999979987
2448,0.02407561700010774,24.07561700010774
2449,0.02269748700018681,22.69748700018681
2450,0.02219242499995744,22.19242499995744
2451,0.028879467000024306,28.879467000024306
2452,0.027660315000048286,27.660315000048286
2453,0.022595965999926193,22.595965999926193
2454,0.022226807999913945,22.226807999913945
2455,0.029946228999961022,29.946228999961022
2456,0.02823827599991091,28.23827599991091
2457,0.023148021999986668,23.148021999986668
2458,0.022755361000008634,22.755361000008634
2459,0.030338322000034168,30.338322000034168
2460,0.02862453100010498,28.62453100010498
2461,0.022828772000138997,22.828772000138997
2462,0.022213177999901745,22.213177999901745
2463,0.02994886100009353,29.94886100009353
2464,0.027185611000049903,27.185611000049903
2465,0.023293515999966985,23.293515999966985
2466,0.022898188999988633,22.898188999988633
2467,0.03074686600007226,30.74686600007226
2468,0.02489460699985102,24.89460699985102
2469,0.02499306400000023,24.99306400000023
2470,0.02390254800002367,23.90254800002367
2471,0.029089305000070453,29.089305000070453
2472,0.0238262880000093,23.8262880000093
2473,0.022613570000203254,22.613570000203254
2474,0.022275289000162957,22.275289000162957
2475,0.029347860000143555,29.347860000143555
2476,0.027598102999945695,27.598102999945695
2477,0.022874601000012262,22.874601000012262
2478,0.022190132000105223,22.190132000105223
2479,0.0294057910000447,29.4057910000447
2480,0.02795298000000912,27.95298000000912
2481,0.023219419999804813,23.219419999804813
2482,0.02280481899992992,22.80481899992992
2483,0.030635465999921507,30.635465999921507
2484,0.028332685000123092,28.332685000123092
2485,0.023161025000035806,23.161025000035806
2486,0.022371212999814816,22.371212999814816
2487,0.030216955000014423,30.216955000014423
2488,0.02776310000012927,27.76310000012927
2489,0.0232670909999797,23.2670909999797
2490,0.02302222299999812,23.02222299999812
2491,0.03089908399988417,30.89908399988417
2492,0.023887924999826282,23.887924999826282
2493,0.023317186999975092,23.317186999975092
2494,0.02278026499993757,22.78026499993757
2495,0.032102958999985276,32.102958999985276
2496,0.02294075400004658,22.94075400004658
2497,0.022605043000112346,22.605043000112346
2498,0.02250555099999474,22.50555099999474
2499,0.030725914999948145,30.725914999948145
2500,0.02590868899983434,25.90868899983434
2501,0.023751931000106197,23.751931000106197
2502,0.022977088000061485,22.977088000061485
2503,0.029172333999895272,29.172333999895272
2504,0.02647077899996475,26.47077899996475
2505,0.022527910999997403,22.527910999997403
2506,0.022252748000028078,22.252748000028078
2507,0.02995684299980894,29.95684299980894
2508,0.02776056800007609,27.76056800007609
2509,0.02270866899993962,22.70866899993962
2510,0.02243994500008739,22.43994500008739
2511,0.029978515000038897,29.978515000038897
2512,0.028418213999884756,28.418213999884756
2513,0.023325262999833285,23.325262999833285
2514,0.022822163999990153,22.822163999990153
2515,0.031462881000152265,31.462881000152265
2516,0.023906168999928923,23.906168999928923
2517,0.023226840000006632,23.226840000006632
2518,0.022284303999867916,22.284303999867916
2519,0.03207990600003541,32.07990600003541
2520,0.023083784999926138,23.083784999926138
2521,0.02330356099992059,23.30356099992059
2522,0.02237825499992141,22.37825499992141
2523,0.029876559000058478,29.876559000058478
2524,0.026836996999918483,26.836996999918483
2525,0.023250917000041227,23.250917000041227
2526,0.022778229000095962,22.778229000095962
2527,0.03041579199998523,30.41579199998523
2528,0.025901098999838723,25.901098999838723
2529,0.022434675000113202,22.434675000113202
2530,0.022210997999991378,22.210997999991378
2531,0.030504473999826587,30.504473999826587
2532,0.027887142999816206,27.887142999816206
2533,0.022743290000107663,22.743290000107663
2534,0.022422883999979604,22.422883999979604
2535,0.03306294900016837,33.06294900016837
2536,0.023469738999892797,23.469738999892797
2537,0.02319342299983873,23.19342299983873
2538,0.02297369500001878,22.97369500001878
2539,0.031563789999836445,31.563789999836445
2540,0.023605154000051698,23.605154000051698
2541,0.023311691999879258,23.311691999879258
2542,0.022991890999946918,22.991890999946918
2543,0.02545448499995473,25.45448499995473
2544,0.032656141999950705,32.656141999950705
2545,0.023291354000093634,23.291354000093634
2546,0.022751608000135093,22.751608000135093
2547,0.02757263300009072,27.57263300009072
2548,0.025891854000064995,25.891854000064995
2549,0.022677789999988818,22.677789999988818
2550,0.02411439299999074,24.11439299999074
2551,0.032433706999881906,32.433706999881906
2552,0.031552383000189366,31.552383000189366
2553,0.02549277000002803,25.49277000002803
2554,0.024518833000001905,24.518833000001905
2555,0.0471455709998736,47.1455709998736
2556,0.02362524399995891,23.62524399995891
2557,0.023540174000117986,23.540174000117986
2558,0.022525524000002406,22.525524000002406
2559,0.028378970999938247,28.378970999938247
2560,0.027647269999988566,27.647269999988566
2561,0.02451576299995395,24.51576299995395
2562,0.025309436000043206,25.309436000043206
2563,0.031493600999965565,31.493600999965565
2564,0.028867209000054572,28.867209000054572
2565,0.023195286000145643,23.195286000145643
2566,0.023222110999995493,23.222110999995493
2567,0.031222305000028427,31.222305000028427
2568,0.02745934299991859,27.45934299991859
2569,0.02367018899985851,23.67018899985851
2570,0.02213570100002471,22.13570100002471
2571,0.03118702500000836,31.18702500000836
2572,0.023088478000090618,23.088478000090618
2573,0.022543417999941084,22.543417999941084
2574,0.022170937000055346,22.170937000055346
2575,0.03115733000004184,31.15733000004184
2576,0.027434370000037234,27.434370000037234
2577,0.02525814600016929,25.25814600016929
2578,0.022929804000114018,22.929804000114018
2579,0.038554409999960626,38.554409999960626
2580,0.023774474999981976,23.774474999981976
2581,0.02320661899989318,23.20661899989318
2582,0.023074531000020215,23.074531000020215
2583,0.030868094999959794,30.868094999959794
2584,0.028748026000130267,28.748026000130267
2585,0.023347862000036912,23.347862000036912
2586,0.02213180199987619,22.13180199987619
2587,0.029698915999915698,29.698915999915698
2588,0.028151533000027484,28.151533000027484
2589,0.022640624000132448,22.640624000132448
2590,0.022224919999871418,22.224919999871418
2591,0.032760798000026625,32.760798000026625
2592,0.028191299999889452,28.191299999889452
2593,0.023254151999935857,23.254151999935857
2594,0.022856795000052443,22.856795000052443
2595,0.034273404000032315,34.273404000032315
2596,0.02385507500002859,23.85507500002859
2597,0.022639533999836203,22.639533999836203
2598,0.022508981000100903,22.508981000100903
2599,0.03510467000000972,35.10467000000972
2600,0.02305942199996025,23.05942199996025
2601,0.0235486399999445,23.5486399999445
2602,0.022414670999978625,22.414670999978625
2603,0.024831451999943965,24.831451999943965
2604,0.034347236000030534,34.347236000030534
2605,0.024166619000197898,24.166619000197898
2606,0.024760092999940753,24.760092999940753
2607,0.031185537999817825,31.185537999817825
2608,0.0287127460001102,28.7127460001102
2609,0.023292216000072585,23.292216000072585
2610,0.022738274999937858,22.738274999937858
2611,0.029148965000104,29.148965000104
2612,0.028597385000011855,28.597385000011855
2613,0.023181080000085785,23.181080000085785
2614,0.022839886999918235,22.839886999918235
2615,0.028906794000022273,28.906794000022273
2616,0.027901651000092897,27.901651000092897
2617,0.022558140000001004,22.558140000001004
2618,0.022255786999949123,22.255786999949123
2619,0.02830544599987661,28.30544599987661
2620,0.02825089000020853,28.25089000020853
2621,0.022665079000034893,22.665079000034893
2622,0.022716887000115094,22.716887000115094
2623,0.028769877999820892,28.769877999820892
2624,0.029202281999914703,29.202281999914703
2625,0.023340334999829793,23.340334999829793
2626,0.022865549000016472,22.865549000016472
2627,0.0294991900000241,29.4991900000241
2628,0.02805031599996255,28.05031599996255
2629,0.022609491000139315,22.609491000139315
2630,0.02230691099998694,22.30691099998694
2631,0.027937948000044344,27.937948000044344
2632,0.028525695000098494,28.525695000098494
2633,0.023095002999980352,23.095002999980352
2634,0.022107574000074237,22.107574000074237
2635,0.03792753199991239,37.92753199991239
2636,0.023070556999982728,23.070556999982728
2637,0.023285245000124632,23.285245000124632
2638,0.022818217000121876,22.818217000121876
2639,0.032049282000116364,32.049282000116364
2640,0.02478964800002359,24.78964800002359
2641,0.0236059630001364,23.6059630001364
2642,0.023249302000067473,23.249302000067473
2643,0.029924557999947865,29.924557999947865
2644,0.023605254999893077,23.605254999893077
2645,0.022679795999920316,22.679795999920316
2646,0.022166691999927934,22.166691999927934
2647,0.031180202000086865,31.180202000086865
2648,0.02417827500016756,24.17827500016756
2649,0.0225089850000586,22.5089850000586
2650,0.022291450000011537,22.291450000011537
2651,0.032203294000055394,32.203294000055394
2652,0.021548592000044664,21.548592000044664
2653,0.020634034999829964,20.634034999829964
2654,0.02037881000001107,20.37881000001107
2655,0.03395596600012141,33.95596600012141
2656,0.02376134200017077,23.76134200017077
2657,0.021408983999890552,21.408983999890552
2658,0.02088764799987075,20.88764799987075
2659,0.03365529899997455,33.65529899997455
2660,0.023369507999859707,23.369507999859707
2661,0.021005530999900657,21.005530999900657
2662,0.02150771900005566,21.50771900005566
2663,0.03363021899986052,33.63021899986052
2664,0.026254839999865,26.254839999865
2665,0.021135342999968998,21.135342999968998
2666,0.020596256999851903,20.596256999851903
2667,0.027598645999887594,27.598645999887594
2668,0.030909048000012262,30.909048000012262
2669,0.021685542000113855,21.685542000113855
2670,0.020933968999997887,20.933968999997887
2671,0.027949423999871215,27.949423999871215
2672,0.0278870970000753,27.8870970000753
2673,0.021683431999917957,21.683431999917957
2674,0.02117129099997328,21.17129099997328
2675,0.02775165000002744,27.75165000002744
2676,0.03060735000008208,30.60735000008208
2677,0.021951357000034477,21.951357000034477
2678,0.02110822999998163,21.10822999998163
2679,0.028965964999997595,28.965964999997595
2680,0.021962695999945936,21.962695999945936
2681,0.021675157000117906,21.675157000117906
2682,0.020683715999894048,20.683715999894048
2683,0.03199444400001994,31.99444400001994
2684,0.027006727000070896,27.006727000070896
2685,0.02160574100003032,21.60574100003032
2686,0.02044105799996032,20.44105799996032
2687,0.028933170999835056,28.933170999835056
2688,0.028401693999967392,28.401693999967392
2689,0.021511741000040274,21.511741000040274
2690,0.02161472199986747,21.61472199986747
2691,0.027870939000194994,27.870939000194994
2692,0.030012291000048208,30.012291000048208
2693,0.021516353000151867,21.516353000151867
2694,0.021268147999990106,21.268147999990106
2695,0.028475614000171845,28.475614000171845
2696,0.02890948499998558,28.90948499998558
2697,0.020940827000003992,20.940827000003992
2698,0.020690798000032373,20.690798000032373
2699,0.03398671500008277,33.98671500008277
2700,0.021319245000086084,21.319245000086084
2701,0.021100998000065374,21.100998000065374
2702,0.024443346999987625,24.443346999987625
2703,0.032786595000061425,32.786595000061425
2704,0.024161204999927577,24.161204999927577
2705,0.022371617000089827,22.371617000089827
2706,0.02142326500006675,21.42326500006675
2707,0.03320519599992622,33.20519599992622
2708,0.02710772199998246,27.10772199998246
2709,0.020859104999999545,20.859104999999545
2710,0.02052454299996498,20.52454299996498
2711,0.0302964500001508,30.2964500001508
2712,0.02712692000000061,27.12692000000061
2713,0.021054993000007016,21.054993000007016
2714,0.02053207500011922,20.53207500011922
2715,0.027167226999836203,27.167226999836203
2716,0.030131354000104693,30.131354000104693
2717,0.02140543600012279,21.40543600012279
2718,0.021212612999988778,21.212612999988778
2719,0.029442961999848194,29.442961999848194
2720,0.029214773000148853,29.214773000148853
2721,0.02665244799982247,26.65244799982247
2722,0.023872141000083502,23.872141000083502
2723,0.03682539800001905,36.82539800001905
2724,0.024732719999974506,24.732719999974506
2725,0.024236340000015844,24.236340000015844
2726,0.02736912300019867,27.36912300019867
2727,0.039604842000017015,39.604842000017015
2728,0.03166194799996447,31.661947999964468
2729,0.02296706900006029,22.96706900006029
2730,0.022218827999950008,22.21882799995001
2731,0.04101270700016357,41.01270700016357
2732,0.023402702000112185,23.402702000112185
2733,0.0231071719999818,23.1071719999818
2734,0.022822360999953162,22.822360999953162
2735,0.03392841300001237,33.92841300001237
2736,0.02729062900016288,27.29062900016288
2737,0.02285336299996743,22.85336299996743
2738,0.02227350199996181,22.27350199996181
2739,0.03208546799987744,32.08546799987744
2740,0.024465004000148838,24.465004000148838
2741,0.03298113299979377,32.98113299979377
2742,0.020931145000076867,20.931145000076867
2743,0.028574405999961527,28.574405999961527
2744,0.02827417899993634,28.27417899993634
2745,0.021090930000127628,21.090930000127628
2746,0.020573305999960212,20.573305999960212
2747,0.028896285999962856,28.896285999962856
2748,0.021663346999957867,21.663346999957867
2749,0.020931956000140417,20.931956000140417
2750,0.020963410999911503,20.963410999911503
2751,0.030902585000148974,30.902585000148974
2752,0.0274807939999846,27.4807939999846
2753,0.021975487999952747,21.975487999952747
2754,0.021091812000122445,21.091812000122445
2755,0.029941772000029232,29.941772000029232
2756,0.028088758000194503,28.088758000194503
2757,0.021209773999999015,21.209773999999015
2758,0.020429428999932497,20.429428999932497
2759,0.03453472099999999,34.53472099999999
2760,0.0216064329999881,21.6064329999881
2761,0.02089394099994024,20.89394099994024
2762,0.02062516399996639,20.62516399996639
2763,0.03324376600016876,33.24376600016876
2764,0.027394529999810402,27.394529999810402
2765,0.02174376800007849,21.74376800007849
2766,0.021199910999939675,21.199910999939675
2767,0.03249122600004739,32.49122600004739
2768,0.030080336999844803,30.080336999844803
2769,0.021735447000082786,21.735447000082786
2770,0.021533030000000508,21.533030000000508
2771,0.03317804400012392,33.17804400012392
2772,0.02660120700011248,26.60120700011248
2773,0.020826812999985123,20.826812999985123
2774,0.020401316999823393,20.401316999823393
2775,0.047179194999898755,47.179194999898755
2776,0.03266223900004661,32.66223900004661
2777,0.02114406999999119,21.14406999999119
2778,0.020985412999834807,20.985412999834807
2779,0.036643548999791165,36.643548999791165
2780,0.023449898000080793,23.449898000080793
2781,0.021283133999986603,21.283133999986603
2782,0.02104073900000003,21.04073900000003
2783,0.034914810999907786,34.914810999907786
2784,0.02712660399993183,27.12660399993183
2785,0.02144088299996838,21.44088299996838
2786,0.02105941900003927,21.05941900003927
2787,0.03480991600008565,34.80991600008565
2788,0.026734583999996175,26.734583999996175
2789,0.02105148099985854,21.05148099985854
2790,0.020509656000058385,20.509656000058385
2791,0.03420744899995043,34.20744899995043
2792,0.027367273999971076,27.367273999971076
2793,0.02152607900006842,21.52607900006842
2794,0.02085509599987745,20.85509599987745
2795,0.03663989599999695,36.63989599999695
2796,0.027103062999913163,27.103062999913163
2797,0.021107159999928626,21.107159999928626
2798,0.020327173999930892,20.327173999930892
2799,0.03096690999996099,30.96690999996099
2800,0.02772651799978121,27.72651799978121
2801,0.021668287000011333,21.668287000011333
2802,0.023386579999851165,23.386579999851165
2803,0.031378703999962454,31.378703999962454
2804,0.02853054299998803,28.53054299998803
2805,0.022655240999938542,22.655240999938542
2806,0.0229539100000693,22.9539100000693
2807,0.031832106999900134,31.832106999900134
2808,0.026863748000096166,26.863748000096166
2809,0.02116321199991944,21.16321199991944
2810,0.02064506600004279,20.64506600004279
2811,0.033960407999984454,33.960407999984454
2812,0.02728385000000344,27.28385000000344
2813,0.021491189000016675,21.491189000016675
2814,0.02101272400000198,21.01272400000198
2815,0.02763186900006076,27.63186900006076
2816,0.0292171649998636,29.2171649998636
2817,0.021571073999893997,21.571073999893997
2818,0.02121087599994098,21.21087599994098
2819,0.029199501999983113,29.199501999983113
2820,0.021357473000080063,21.357473000080063
2821,0.020744459000070492,20.744459000070492
2822,0.02139375399997334,21.39375399997334
2823,0.031033999000101176,31.033999000101176
2824,0.028599768000049153,28.599768000049153
2825,0.021579638000048362,21.579638000048362
2826,0.020978098000114187,20.978098000114187
2827,0.030887087000110114,30.887087000110114
2828,0.027801956000075734,27.801956000075734
2829,0.021549155999991854,21.549155999991854
2830,0.020986732999972446,20.986732999972446
2831,0.027183740000054968,27.183740000054968
2832,0.0290853110000171,29.0853110000171
2833,0.020842904000119233,20.842904000119233
2834,0.02139725299980455,21.39725299980455
2835,0.02972167799998715,29.72167799998715
2836,0.02680349899992507,26.80349899992507
2837,0.021470865999845046,21.470865999845046
2838,0.021136388999821065,21.136388999821065
2839,0.03290524399994865,32.90524399994865
2840,0.026905030000079933,26.905030000079933
2841,0.020785627000122986,20.785627000122986
2842,0.020382802999847627,20.382802999847627
2843,0.02968586499991943,29.68586499991943
2844,0.027726713000220116,27.726713000220116
2845,0.02085580800007847,20.85580800007847
2846,0.020648876999985077,20.648876999985077
2847,0.02949113599993325,29.49113599993325
2848,0.021771668999917893,21.771668999917893
2849,0.02245468000000983,22.45468000000983
2850,0.021379410999998072,21.379410999998072
2851,0.03281511299996964,32.81511299996964
2852,0.027511734999961845,27.511734999961845
2853,0.021662942000148178,21.662942000148178
2854,0.02078399799984254,20.78399799984254
2855,0.030568098000003374,30.568098000003374
2856,0.02686348900010671,26.86348900010671
2857,0.021141907999890464,21.141907999890464
2858,0.02099556999996821,20.99556999996821
2859,0.026753555000141205,26.753555000141205
2860,0.029733458000009705,29.733458000009705
2861,0.021621128000106182,21.621128000106182
2862,0.02103734699994675,21.03734699994675
2863,0.029642845000125817,29.642845000125817
2864,0.022125576999997065,22.125576999997065
2865,0.02132095100000697,21.32095100000697
2866,0.02092526999990696,20.92526999990696
2867,0.031627513000103136,31.627513000103136
2868,0.02687050100007582,26.87050100007582
2869,0.02073654700006955,20.73654700006955
2870,0.020576750999907745,20.576750999907745
2871,0.028429516999949556,28.429516999949556
2872,0.02953811899988068,29.53811899988068
2873,0.020816190999994433,20.816190999994433
2874,0.02088524500004496,20.88524500004496
2875,0.02956272500000523,29.56272500000523
2876,0.021947959000044648,21.947959000044648
2877,0.021465873999886753,21.465873999886753
2878,0.020828273000006448,20.828273000006448
2879,0.03291177100004461,32.91177100004461
2880,0.02727504399990721,27.27504399990721
2881,0.02096047300005921,20.96047300005921
2882,0.020642952999878617,20.642952999878617
2883,0.02892004199998155,28.92004199998155
2884,0.02869888300006096,28.69888300006096
2885,0.020869212999969022,20.869212999969022
2886,0.020383097999911115,20.383097999911115
2887,0.02881734199991115,28.81734199991115
2888,0.021680894000155604,21.680894000155604
2889,0.021617944999889005,21.617944999889005
2890,0.02109030199994777,21.09030199994777
2891,0.03435007200005202,34.35007200005202
2892,0.027466249000099197,27.466249000099197
2893,0.02543155500006833,25.43155500006833
2894,0.030225313999835635,30.225313999835635
2895,0.053957009999976435,53.957009999976435
2896,0.03285134299994752,32.85134299994752
2897,0.03002506200004973,30.02506200004973
2898,0.028828159000113374,28.828159000113374
2899,0.052296993000027214,52.296993000027214
2900,0.02563486200006082,25.63486200006082
2901,0.02088423899999725,20.88423899999725
2902,0.02044054800012418,20.44054800012418
2903,0.03202065200002835,32.02065200002835
2904,0.03307152999991558,33.07152999991558
2905,0.02852326099991842,28.52326099991842
2906,0.028845683000099598,28.845683000099598
2907,0.042078808000042045,42.078808000042045
2908,0.021533268999974098,21.533268999974098
2909,0.021809595000149784,21.809595000149784
2910,0.020721439999988434,20.721439999988434
2911,0.0322409800000969,32.2409800000969
2912,0.02669847800007119,26.69847800007119
2913,0.021301471000015226,21.301471000015226
2914,0.021395406999999977,21.395406999999977
2915,0.031229255999960515,31.229255999960515
2916,0.027495121000129075,27.495121000129075
2917,0.02137337799990746,21.37337799990746
2918,0.020965406999948755,20.965406999948755
2919,0.030573108999988108,30.573108999988108
2920,0.027710116999969614,27.710116999969614
2921,0.021312096999963615,21.312096999963615
2922,0.020536663000029876,20.536663000029876
2923,0.028965455999923506,28.965455999923506
2924,0.02135608899993713,21.35608899993713
2925,0.02157143099998393,21.57143099998393
2926,0.02035417599995526,20.35417599995526
2927,0.031716675000097894,31.716675000097894
2928,0.02759880400003567,27.59880400003567
2929,0.021385993000194503,21.385993000194503
2930,0.021610500000178945,21.610500000178945
2931,0.03040200600003118,30.40200600003118
2932,0.028173094000067067,28.173094000067067
2933,0.021642434000114008,21.642434000114008
2934,0.020896866000157388,20.896866000157388
2935,0.030551470999853336,30.551470999853336
2936,0.03038810100019873,30.38810100019873
2937,0.02119913000001361,21.19913000001361
2938,0.02045635299987225,20.45635299987225
2939,0.027270454000017708,27.270454000017708
2940,0.028675957000132257,28.675957000132257
2941,0.021025472000019363,21.025472000019363
2942,0.021127407999983916,21.127407999983916
2943,0.03778349200001685,37.78349200001685
2944,0.022056495000015275,22.056495000015275
2945,0.021209902000009606,21.209902000009606
2946,0.020807900000136215,20.807900000136215
2947,0.03224894699997094,32.24894699997094
2948,0.035932634999880975,35.932634999880975
2949,0.02935545699983777,29.35545699983777
2950,0.020721874999935608,20.721874999935608
2951,0.034797781000179384,34.797781000179384
2952,0.021387629999935598,21.387629999935598
2953,0.020787176999874646,20.787176999874646
2954,0.020560131000138426,20.560131000138426
2955,0.02949106500000198,29.49106500000198
2956,0.027302474000180155,27.302474000180155
2957,0.02126905499994791,21.26905499994791
2958,0.02104962900011742,21.04962900011742
2959,0.028053386000010505,28.053386000010505
2960,0.030954571999927794,30.954571999927794
2961,0.021391265999909592,21.391265999909592
2962,0.021327278999933696,21.327278999933696
2963,0.027712445999895863,27.712445999895863
2964,0.030312267999988762,30.312267999988762
2965,0.02155885699994542,21.55885699994542
2966,0.021044153999810078,21.044153999810078
2967,0.029001801000049454,29.001801000049454
2968,0.021348566999904506,21.348566999904506
2969,0.021234566999964954,21.234566999964954
2970,0.02428350200011664,24.28350200011664
2971,0.03358932800006187,33.58932800006187
2972,0.026560306000192213,26.560306000192213
2973,0.02138886099987758,21.38886099987758
2974,0.020948894999946788,20.948894999946788
2975,0.03167187000008198,31.67187000008198
2976,0.02774506199989446,27.74506199989446
2977,0.022771250999994663,22.771250999994663
2978,0.021148555000081615,21.148555000081615
2979,0.030629397999973662,30.629397999973662
2980,0.026920283999970707,26.920283999970707
2981,0.020965050999848245,20.965050999848245
2982,0.020521797999890623,20.521797999890623
2983,0.029135661000054824,29.135661000054824
2984,0.022041554999987056,22.041554999987056
2985,0.025573033000000578,25.573033000000578
2986,0.021406556999863824,21.406556999863824
2987,0.03911280500005887,39.11280500005887
2988,0.022008441999787465,22.008441999787465
2989,0.02125606799995694,21.25606799995694
2990,0.021478888000046936,21.478888000046936
2991,0.03323403099989264,33.23403099989264
2992,0.023335924999855706,23.335924999855706
2993,0.02206020400012676,22.06020400012676
2994,0.020587579999983063,20.587579999983063
2995,0.027958321999904,27.958321999904
2996,0.03597251199994389,35.97251199994389
2997,0.024334228000043368,24.334228000043368
2998,0.020857174999946437,20.857174999946437
2999,0.03136009200011358,31.360092000113582
3000,0.024013574000036897,24.013574000036897
3001,0.023206774000072983,23.206774000072983
3002,0.023187194999991334,23.187194999991334
3003,0.04493024199996398,44.93024199996398
3004,0.02138215400009358,21.38215400009358
3005,0.02136988300003395,21.36988300003395
3006,0.02061591100004989,20.61591100004989
3007,0.026579281000067567,26.579281000067567
3008,0.028974256999845238,28.974256999845238
3009,0.020785084999943138,20.785084999943138
3010,0.020465175000026647,20.465175000026647
3011,0.03814959999999701,38.14959999999701
3012,0.022281771000052686,22.281771000052686
3013,0.02217768800005615,22.17768800005615
3014,0.02138295500003551,21.38295500003551
3015,0.026047732000051838,26.047732000051838
3016,0.032966324000199165,32.966324000199165
3017,0.021384298999919338,21.384298999919338
3018,0.020872458999974697,20.872458999974697
3019,0.03170741100007035,31.70741100007035
3020,0.02693876100011039,26.93876100011039
3021,0.021121531999824583,21.121531999824583
3022,0.020381868999947983,20.381868999947983
3023,0.029414047000045684,29.414047000045684
3024,0.028163253999991866,28.163253999991866
3025,0.021570527999983824,21.570527999983824
3026,0.021241969999891808,21.241969999891808
3027,0.040088983000032385,40.088983000032385
3028,0.12296059100003731,122.96059100003731
3029,0.042927216999942175,42.927216999942175
3030,0.02111511399994015,21.11511399994015
3031,0.030794452000009187,30.794452000009187
3032,0.026934560999961832,26.934560999961832
3033,0.023777625999855445,23.777625999855445
3034,0.021132591999958095,21.132591999958095
3035,0.028410658999973748,28.410658999973748
3036,0.027959098999872367,27.959098999872367
3037,0.020970234999822424,20.970234999822424
3038,0.02061478099994929,20.61478099994929
3039,0.029314893999980995,29.314893999980995
3040,0.021550033000039548,21.550033000039548
3041,0.020989510000163136,20.989510000163136
3042,0.020647351999969032,20.647351999969032
3043,0.030709273000184112,30.709273000184112
3044,0.027867682000078275,27.867682000078275
3045,0.02137462499990761,21.37462499990761
3046,0.021037445000047228,21.037445000047228
3047,0.029761110999970697,29.761110999970697
3048,0.02907534099995246,29.07534099995246
3049,0.021071104999919044,21.071104999919044
3050,0.020631833999914306,20.631833999914306
3051,0.02708130699988942,27.08130699988942
3052,0.030886173999988387,30.886173999988387
3053,0.021564260000104696,21.564260000104696
3054,0.02115866700000879,21.15866700000879
3055,0.02944530299987491,29.44530299987491
3056,0.0224367920000077,22.4367920000077
3057,0.021535880000101315,21.535880000101315
3058,0.021167784999988726,21.167784999988726
3059,0.03542243299989423,35.42243299989423
3060,0.03208849099996769,32.08849099996769
3061,0.026184331999957067,26.184331999957067
3062,0.021177490999889415,21.177490999889415
3063,0.030390389999865874,30.390389999865874
3064,0.02876086299988856,28.76086299988856
3065,0.020919013999900926,20.919013999900926
3066,0.02637049500003741,26.37049500003741
3067,0.04576644700000543,45.76644700000543
3068,0.03125121600010061,31.251216000100612
3069,0.024403938999967068,24.403938999967068
3070,0.021770813999864913,21.770813999864913
3071,0.02695959499988021,26.95959499988021
3072,0.034751088999882995,34.751088999882995
3073,0.021396285000037096,21.396285000037096
3074,0.021090597000011257,21.090597000011257
3075,0.02769427899988841,27.69427899988841
3076,0.03176738199999818,31.76738199999818
3077,0.021138111000027493,21.138111000027493
3078,0.02058379100003549,20.58379100003549
3079,0.028458548000116934,28.458548000116934
3080,0.02606212599994251,26.06212599994251
3081,0.02083908400004475,20.83908400004475
3082,0.020786901000064972,20.786901000064972
3083,0.031413169999950696,31.413169999950696
3084,0.027708502999985285,27.708502999985285
3085,0.021623895999937304,21.623895999937304
3086,0.021235252999986187,21.235252999986187
3087,0.02981082500014054,29.81082500014054
3088,0.028147373000138032,28.147373000138032
3089,0.0211292849999154,21.1292849999154
3090,0.02041043000008358,20.41043000008358
3091,0.02766317999999046,27.66317999999046
3092,0.03184158099998058,31.84158099998058
3093,0.021615353000015602,21.615353000015602
3094,0.021727798999791048,21.727798999791048
3095,0.031053120000024137,31.053120000024137
3096,0.021875258999898506,21.875258999898506
3097,0.021432883999978003,21.432883999978003
3098,0.021416679000139993,21.416679000139993
3099,0.031829591999894546,31.829591999894546
3100,0.02953711299983297,29.53711299983297
3101,0.020907586999783234,20.907586999783234
3102,0.020449917999940226,20.449917999940226
3103,0.032204535000118995,32.204535000118995
3104,0.027266498000017236,27.266498000017236
3105,0.021258310000121128,21.258310000121128
3106,0.020492020999881788,20.492020999881788
3107,0.030834451999908197,30.834451999908197
3108,0.027924754999958168,27.924754999958168
3109,0.021272560999932466,21.272560999932466
3110,0.021371136999960072,21.371136999960072
3111,0.027631004000113535,27.631004000113535
3112,0.0303061310000885,30.3061310000885
3113,0.022061148999910074,22.061148999910074
3114,0.02143055400006233,21.43055400006233
3115,0.036898027999995975,36.898027999995975
3116,0.036919731000125466,36.919731000125466
3117,0.021290662999945198,21.290662999945198
3118,0.020575473999997484,20.575473999997484
3119,0.03271000300014748,32.71000300014748
3120,0.021712522000143508,21.712522000143508
3121,0.021426123000082953,21.426123000082953
3122,0.020974460999923394,20.974460999923394
3123,0.034005820999936986,34.00582099993699
3124,0.02693991000001006,26.93991000001006
3125,0.02157017700005781,21.57017700005781
3126,0.021098120000033305,21.098120000033305
3127,0.03305369800000335,33.05369800000335
3128,0.027663013000164938,27.663013000164938
3129,0.020761448000030214,20.761448000030214
3130,0.020543137000004208,20.543137000004208
3131,0.02941923699995641,29.41923699995641
3132,0.02780622999989646,27.80622999989646
3133,0.021568853000189847,21.568853000189847
3134,0.023929618000011033,23.929618000011033
3135,0.026745560999870577,26.745560999870577
3136,0.030123343000013847,30.123343000013847
3137,0.021580810999921596,21.580810999921596
3138,0.021290471999918736,21.290471999918736
3139,0.028268874999866966,28.268874999866966
3140,0.030365645000074437,30.365645000074437
3141,0.02142542499996125,21.42542499996125
3142,0.02110976800008757,21.10976800008757
3143,0.029029359000105615,29.029359000105615
3144,0.021871349999855738,21.871349999855738
3145,0.021503630000097473,21.503630000097473
3146,0.020898101000057068,20.898101000057068
3147,0.03366598399998111,33.66598399998111
3148,0.02702196800009915,27.02196800009915
3149,0.021365244999969946,21.365244999969946
3150,0.02093197399995006,20.93197399995006
3151,0.030708163000099375,30.708163000099375
3152,0.03111201699994126,31.11201699994126
3153,0.021928341000148066,21.928341000148066
3154,0.02151272399987647,21.51272399987647
3155,0.030666039000152523,30.666039000152523
3156,0.02670540499980234,26.70540499980234
3157,0.020807405999903494,20.807405999903494
3158,0.02042241300000569,20.42241300000569
3159,0.027544871000145577,27.544871000145577
3160,0.030398267999999007,30.398267999999007
3161,0.021564453999872057,21.564453999872057
3162,0.021208635999983017,21.208635999983017
3163,0.03324192800005221,33.24192800005221
3164,0.02222502499989787,22.22502499989787
3165,0.021176574000037363,21.176574000037363
3166,0.02096984199988583,20.96984199988583
3167,0.033912077999957546,33.912077999957546
3168,0.026686884000127975,26.686884000127975
3169,0.02130580099992585,21.30580099992585
3170,0.020997362999878533,20.997362999878533
3171,0.033463922000009916,33.463922000009916
3172,0.026144581000153266,26.144581000153266
3173,0.02112202399985108,21.12202399985108
3174,0.025077276000047277,25.077276000047277
3175,0.03423121999981049,34.23121999981049
3176,0.02215196800011654,22.15196800011654
3177,0.02145093900003303,21.45093900003303
3178,0.021018835000177205,21.018835000177205
3179,0.033761862000119436,33.761862000119436
3180,0.027230939999981274,27.230939999981274
3181,0.021958844999971916,21.958844999971916
3182,0.020949290000089604,20.949290000089604
3183,0.031409182000061264,31.409182000061264
3184,0.026679458999979033,26.679458999979033
3185,0.020959527000059097,20.959527000059097
3186,0.020467683000106263,20.467683000106263
3187,0.02721553700007462,27.21553700007462
3188,0.03070647099980306,30.70647099980306
3189,0.021551508000129616,21.551508000129616
3190,0.021356770000011238,21.356770000011238
3191,0.03032183100003749,30.32183100003749
3192,0.021801205999963713,21.801205999963713
3193,0.021616056000084427,21.616056000084427
3194,0.021082022999962646,21.082022999962646
3195,0.032659518999935244,32.659518999935244
3196,0.027516400999957114,27.516400999957114
3197,0.02159467699993911,21.59467699993911
3198,0.020567991999996593,20.567991999996593
3199,0.03087263899988102,30.87263899988102
3200,0.026752213999998276,26.752213999998276
3201,0.02079969400006121,20.79969400006121
3202,0.020491466000066794,20.491466000066794
3203,0.03347902499990596,33.47902499990596
3204,0.027587935999918045,27.587935999918045
3205,0.021256429000004573,21.256429000004573
3206,0.02106836000007206,21.06836000007206
3207,0.027776811999956408,27.776811999956408
3208,0.03073086700010208,30.73086700010208
3209,0.021718207000049006,21.718207000049006
3210,0.02160939500004133,21.60939500004133
3211,0.03218504700021185,32.18504700021185
3212,0.022032812000134072,22.032812000134072
3213,0.021301485999856595,21.301485999856595
3214,0.020552276999978858,20.552276999978858
3215,0.032884673000125986,32.884673000125986
3216,0.027219638000133273,27.219638000133273
3217,0.02095452399998976,20.95452399998976
3218,0.021151328000087233,21.151328000087233
3219,0.030870212000081665,30.870212000081665
3220,0.026780983999969976,26.780983999969976
3221,0.021132164000164266,21.132164000164266
3222,0.020891892999998163,20.891892999998163
3223,0.028338924000081533,28.338924000081533
3224,0.0297448210001221,29.7448210001221
3225,0.02139230700004191,21.39230700004191
3226,0.02095116999998936,20.95116999998936
3227,0.029199645999824497,29.199645999824497
3228,0.021778308999955698,21.778308999955698
3229,0.02159260399980667,21.59260399980667
3230,0.021131970999931582,21.131970999931582
3231,0.0323984560000099,32.3984560000099
3232,0.026577279000093768,26.577279000093768
3233,0.023067420999950627,23.067420999950627
3234,0.02862298800005192,28.62298800005192
3235,0.03474537900001451,34.74537900001451
3236,0.029736243000115792,29.736243000115792
3237,0.030103386999826398,30.103386999826398
3238,0.02938473700010036,29.38473700010036
3239,0.03512629600004402,35.12629600004402
3240,0.02830374099994515,28.30374099994515
3241,0.022517613999980313,22.517613999980313
3242,0.02335576299992681,23.35576299992681
3243,0.045269203000088964,45.269203000088964
3244,0.030255670000087775,30.255670000087775
3245,0.022878725000055056,22.878725000055056
3246,0.023444123999979638,23.444123999979638
3247,0.03291268099997069,32.91268099997069
3248,0.026011356000026353,26.011356000026353
3249,0.023189628000181983,23.189628000181983
3250,0.02309905499987508,23.09905499987508
3251,0.034711151999999856,34.711151999999856
3252,0.02427996799997345,24.27996799997345
3253,0.023178258999905665,23.178258999905665
3254,0.022901675999946747,22.901675999946747
3255,0.04036870400000225,40.36870400000225
3256,0.023208596999893416,23.208596999893416
3257,0.022616601999970953,22.616601999970953
3258,0.022211123000033695,22.211123000033695
3259,0.029569080000101167,29.569080000101167
3260,0.028329817999974694,28.329817999974694
3261,0.022639479999952528,22.639479999952528
3262,0.022496382000099402,22.496382000099402
3263,0.036319938000133334,36.319938000133334
3264,0.028826182999864614,28.826182999864614
3265,0.023633231000076194,23.633231000076194
3266,0.02280853299998853,22.80853299998853
3267,0.039302141000007396,39.302141000007396
3268,0.02331050700013293,23.31050700013293
3269,0.02282150999985788,22.82150999985788
3270,0.022220514999844454,22.220514999844454
3271,0.0362000130000979,36.2000130000979
3272,0.023024684000120033,23.024684000120033
3273,0.022464219999847046,22.464219999847046
3274,0.022177366000050824,22.177366000050824
3275,0.026092278000078295,26.092278000078295
3276,0.0315553349998936,31.555334999893603
3277,0.02325312700008908,23.25312700008908
3278,0.022865959000000657,22.865959000000657
3279,0.030725443999926938,30.725443999926938
3280,0.0287599109999519,28.7599109999519
3281,0.023575440000058734,23.575440000058734
3282,0.023145708999891212,23.145708999891212
3283,0.033045684999933655,33.045684999933655
3284,0.02836603099990498,28.36603099990498
3285,0.02357119400016927,23.57119400016927
3286,0.023948118999896906,23.948118999896906
3287,0.04132906900008493,41.32906900008493
3288,0.023545581999997012,23.54558199999701
3289,0.022451223999951253,22.451223999951253
3290,0.02225229999999101,22.25229999999101
3291,0.02966276300003301,29.66276300003301
3292,0.027746410999952786,27.746410999952786
3293,0.022592088000010335,22.592088000010335
3294,0.022126730000081807,22.126730000081807
3295,0.025984986999901594,25.984986999901594
3296,0.03066723400002047,30.66723400002047
3297,0.023236208999833252,23.236208999833252
3298,0.022793411000066044,22.793411000066044
3299,0.030237134000117294,30.237134000117294
3300,0.029831403999878603,29.831403999878603
3301,0.023171522999973604,23.171522999973604
3302,0.023070053000083135,23.070053000083135
3303,0.031010916000013822,31.01091600001382
3304,0.027282474000003276,27.282474000003276
3305,0.023315063000154623,23.315063000154623
3306,0.022714613999823996,22.714613999823996
3307,0.03028132999997979,30.28132999997979
3308,0.027938500000118438,27.938500000118438
3309,0.022969000999864875,22.969000999864875
3310,0.022849070999882315,22.849070999882315
3311,0.031909838999808926,31.909838999808926
3312,0.023552554000161763,23.552554000161763
3313,0.022853644999941025,22.853644999941025
3314,0.022378205999984857,22.378205999984857
3315,0.031562737000058405,31.562737000058405
3316,0.02491480399999091,24.91480399999091
3317,0.023844796000048518,23.844796000048518
3318,0.022931323000193515,22.931323000193515
3319,0.0337139709999974,33.7139709999974
3320,0.026386638000076346,26.386638000076346
3321,0.023954837000019324,23.954837000019324
3322,0.022797241000034774,22.797241000034774
3323,0.02671766799994657,26.71766799994657
3324,0.0324075390001326,32.4075390001326
3325,0.023262689000148384,23.262689000148384
3326,0.022859551999999894,22.859551999999894
3327,0.029518441000163875,29.518441000163875
3328,0.02861911200011491,28.61911200011491
3329,0.022691441999995732,22.69144199999573
3330,0.022302209999907063,22.302209999907063
3331,0.028659132000029786,28.659132000029786
3332,0.028022230000033232,28.022230000033232
3333,0.03162534800003414,31.625348000034137
3334,0.023417879999897195,23.417879999897195
3335,0.028225259999999253,28.225259999999253
3336,0.02345519300001797,23.45519300001797
3337,0.02367773900004977,23.67773900004977
3338,0.02296350100004929,22.96350100004929
3339,0.029915099999925587,29.915099999925587
3340,0.02369996299989907,23.69996299989907
3341,0.022652618999927654,22.652618999927654
3342,0.022222361999865825,22.222361999865825
3343,0.02956113799996274,29.56113799996274
3344,0.028033047000008082,28.033047000008082
3345,0.022670324000046094,22.670324000046094
3346,0.022173087000055602,22.173087000055602
3347,0.03003152500014039,30.03152500014039
3348,0.02829489700002341,28.29489700002341
3349,0.023403270000017073,23.403270000017073
3350,0.023292950000040946,23.292950000040946
3351,0.0428437660000327,42.8437660000327
3352,0.02302861699990899,23.02861699990899
3353,0.022551067999984298,22.551067999984298
3354,0.022106049999820243,22.106049999820243
3355,0.034950581999964925,34.950581999964925
3356,0.02296833299988066,22.96833299988066
3357,0.022739787000091383,22.739787000091383
3358,0.022369097000137117,22.369097000137117
3359,0.02527349799993317,25.27349799993317
3360,0.03238662600006137,32.38662600006137
3361,0.023330772000008437,23.330772000008437
3362,0.022870858000032968,22.870858000032968
3363,0.029489069999954154,29.489069999954154
3364,0.028646174000186875,28.646174000186875
3365,0.027394121000043015,27.394121000043015
3366,0.025580325000191806,25.580325000191806
3367,0.02794958599997699,27.94958599997699
3368,0.02704132999997455,27.04132999997455
3369,0.022705072999997356,22.705072999997356
3370,0.02222923600015747,22.22923600015747
3371,0.029889960999980758,29.889960999980758
3372,0.027770513999939794,27.770513999939794
3373,0.02261860900011925,22.61860900011925
3374,0.02229370400004882,22.29370400004882
3375,0.029974283999990803,29.974283999990803
3376,0.027640453000003617,27.640453000003617
3377,0.02276530500012086,22.76530500012086
3378,0.02289771899995685,22.89771899995685
3379,0.024771421999957965,24.771421999957965
3380,0.032536266000079195,32.536266000079195
3381,0.02360856799987232,23.60856799987232
3382,0.023253570999941076,23.253570999941076
3383,0.03041208799982087,30.41208799982087
3384,0.02710283999999774,27.10283999999774
3385,0.02267055800007256,22.67055800007256
3386,0.022270055000035427,22.270055000035427
3387,0.030030134999833535,30.030134999833535
3388,0.028351624999913838,28.351624999913838
3389,0.02328308100004506,23.28308100004506
3390,0.02286494500003755,22.86494500003755
3391,0.031059733000120104,31.059733000120104
3392,0.024987695000163512,24.987695000163512
3393,0.023229891000028147,23.229891000028147
3394,0.022829754999975194,22.829754999975194
3395,0.031127771999990728,31.127771999990728
3396,0.023518219999914436,23.518219999914436
3397,0.02255687100000614,22.55687100000614
3398,0.022512277000032554,22.512277000032554
3399,0.02851726299991242,28.51726299991242
3400,0.03252133599994522,32.52133599994522
3401,0.027067393999914202,27.067393999914202
3402,0.02302699799997754,23.02699799997754
3403,0.026634195000042382,26.634195000042382
3404,0.031653173999984574,31.653173999984574
3405,0.02322789200002262,23.22789200002262
3406,0.022746625999843673,22.746625999843673
3407,0.029227546999891274,29.227546999891274
3408,0.02946683799996208,29.46683799996208
3409,0.023519545999988622,23.519545999988622
3410,0.024657805000060762,24.657805000060762
3411,0.032055752000133,32.055752000133
3412,0.02485924999996314,24.85924999996314
3413,0.023472765000178697,23.472765000178697
3414,0.02283840300015072,22.83840300015072
3415,0.03127895600005104,31.27895600005104
3416,0.02347325800019462,23.47325800019462
3417,0.02391800199984573,23.91800199984573
3418,0.023503861999870423,23.503861999870423
3419,0.028462892000106876,28.462892000106876
3420,0.02662747199997284,26.62747199997284
3421,0.023170876999984102,23.170876999984102
3422,0.022993697000174507,22.993697000174507
3423,0.029901389000087875,29.901389000087875
3424,0.025893408000001727,25.893408000001727
3425,0.02260306700009096,22.60306700009096
3426,0.022127480000108335,22.127480000108335
3427,0.030230638999910298,30.230638999910298
3428,0.028877936000071713,28.877936000071713
3429,0.02260603800004901,22.60603800004901
3430,0.022200966000127664,22.200966000127664
3431,0.03030280699999821,30.30280699999821
3432,0.02946731500014721,29.46731500014721
3433,0.022557370999948034,22.557370999948034
3434,0.023006340999927488,23.006340999927488
3435,0.03247494600009304,32.47494600009304
3436,0.02342999100005727,23.42999100005727
3437,0.023441601000058654,23.441601000058654
3438,0.02285747399992033,22.85747399992033
3439,0.026229284999999436,26.229284999999436
3440,0.03277578600000197,32.77578600000197
3441,0.023320529999864448,23.320529999864448
3442,0.022416676999910123,22.416676999910123
3443,0.03487635200008299,34.87635200008299
3444,0.02363954299994475,23.63954299994475
3445,0.023184239999864076,23.184239999864076
3446,0.02289429999996173,22.89429999996173
3447,0.027403496000033556,27.403496000033556
3448,0.022979160999966552,22.979160999966552
3449,0.02262951400007296,22.62951400007296
3450,0.022368864999862126,22.368864999862126
3451,0.02959713800009922,29.59713800009922
3452,0.027699087999963012,27.699087999963012
3453,0.022546007000073587,22.546007000073587
3454,0.022243389999857754,22.243389999857754
3455,0.024142652999898928,24.142652999898928
3456,0.03505099600010908,35.05099600010908
3457,0.02545176800003901,25.45176800003901
3458,0.023174510999979248,23.174510999979248
3459,0.035451204999844776,35.45120499984478
3460,0.023797083000090424,23.797083000090424
3461,0.0233418850000362,23.3418850000362
3462,0.022770224999931088,22.770224999931088
3463,0.02612910900006682,26.12910900006682
3464,0.03340460399999756,33.40460399999756
3465,0.023324280999986513,23.324280999986513
3466,0.022810524000078658,22.810524000078658
3467,0.028869729999996707,28.869729999996707
3468,0.030425551000007545,30.425551000007545
3469,0.02266400500002419,22.66400500002419
3470,0.022171544999991966,22.171544999991966
3471,0.028367838000121992,28.367838000121992
3472,0.028765375000148197,28.765375000148197
3473,0.02282526599992707,22.82526599992707
3474,0.022139925999908883,22.139925999908883
3475,0.027402237999922363,27.402237999922363
3476,0.03008687200008353,30.08687200008353
3477,0.02258288000007269,22.58288000007269
3478,0.0222313959998246,22.2313959998246
3479,0.02797501099985311,27.97501099985311
3480,0.031399524000107704,31.399524000107704
3481,0.023473630999887973,23.473630999887973
3482,0.022816713999873173,22.816713999873173
3483,0.028835651999997935,28.835651999997935
3484,0.028537567000057606,28.537567000057606
3485,0.023284672000045248,23.284672000045248
3486,0.022185562999993635,22.185562999993635
3487,0.028184514000031413,28.184514000031413
3488,0.028742961000034484,28.742961000034484
3489,0.02263736100007918,22.63736100007918
3490,0.02215652199993201,22.15652199993201
3491,0.028975489999993442,28.975489999993442
3492,0.03140443500001311,31.40443500001311
3493,0.023332182999865836,23.332182999865836
3494,0.022802143000035358,22.802143000035358
3495,0.030292313000018112,30.292313000018112
3496,0.028244160999975065,28.244160999975065
3497,0.023383834000014758,23.383834000014758
3498,0.02293282799996632,22.93282799996632
3499,0.0327057459999196,32.7057459999196
3500,0.02352620500005287,23.52620500005287
3501,0.023356428999932177,23.356428999932177
3502,0.02351828799987743,23.51828799987743
3503,0.02690469000003759,26.90469000003759
3504,0.026740323000012722,26.740323000012722
3505,0.022730454999873473,22.730454999873473
3506,0.022294886000054248,22.294886000054248
3507,0.028825816000107807,28.825816000107807
3508,0.027876706000142804,27.876706000142804
3509,0.022642124999947555,22.642124999947555
3510,0.022217774999944595,22.217774999944595
3511,0.028631356000005326,28.631356000005326
3512,0.02869504299997061,28.69504299997061
3513,0.023535677000154465,23.535677000154465
3514,0.02285053499986134,22.85053499986134
3515,0.02893331199993554,28.93331199993554
3516,0.028207397999949535,28.207397999949535
3517,0.022983974999988277,22.983974999988277
3518,0.022285944000032032,22.285944000032032
3519,0.028238685999895097,28.238685999895097
3520,0.027855284999986907,27.855284999986907
3521,0.022798903999955655,22.798903999955655
3522,0.022196871000005558,22.196871000005558
3523,0.028174097999908554,28.174097999908554
3524,0.028750599999966653,28.750599999966653
3525,0.022632016999978077,22.632016999978077
3526,0.022292047999826536,22.292047999826536
3527,0.02900281899997026,29.00281899997026
3528,0.02965112600008979,29.65112600008979
3529,0.023284114000034606,23.284114000034606
3530,0.022961089000091306,22.961089000091306
3531,0.02897129699999823,28.97129699999823
3532,0.03013540400002057,30.13540400002057
3533,0.02259732599986819,22.59732599986819
3534,0.022266269000056127,22.266269000056127
3535,0.02846622400011256,28.46622400011256
3536,0.02771359799999118,27.71359799999118
3537,0.02277472600007968,22.77472600007968
3538,0.022280785000020842,22.280785000020842
3539,0.028383196000049793,28.383196000049793
3540,0.028250194000065676,28.250194000065676
3541,0.023274635999996462,23.274635999996462
3542,0.022239098999989437,22.239098999989437
3543,0.028705681000019467,28.705681000019467
3544,0.029016297999987728,29.016297999987728
3545,0.02330138800016357,23.30138800016357
3546,0.022833444000070813,22.833444000070813
3547,0.028607545999875583,28.607545999875583
3548,0.028542726000068797,28.542726000068797
3549,0.022521582000081253,22.521582000081253
3550,0.022390015999917523,22.390015999917523
3551,0.028758205000031012,28.758205000031012
3552,0.027910226000130933,27.910226000130933
3553,0.022644541000090612,22.644541000090612
3554,0.022541777000014918,22.541777000014918
3555,0.027837790000148743,27.837790000148743
3556,0.02951446799988844,29.51446799988844
3557,0.022690491000048496,22.690491000048496
3558,0.02225280700008625,22.25280700008625
3559,0.03920270900016476,39.20270900016476
3560,0.023180941999953575,23.180941999953575
3561,0.022675422000020262,22.675422000020262
3562,0.022270531000003757,22.270531000003757
3563,0.032001870000158306,32.001870000158306
3564,0.02806896900005995,28.06896900005995
3565,0.02319909900006678,23.19909900006678
3566,0.027541795999923124,27.541795999923124
3567,0.030485853999834944,30.485853999834944
3568,0.02338600600000973,23.38600600000973
3569,0.02258532600012586,22.58532600012586
3570,0.03250762300012866,32.50762300012866
3571,0.04395796599987989,43.95796599987989
3572,0.027324468000188062,27.324468000188062
3573,0.02279443799989167,22.79443799989167
3574,0.023246072999882017,23.246072999882017
3575,0.05557142199995724,55.57142199995724
3576,0.023427795999850787,23.427795999850787
3577,0.022992358000010427,22.992358000010427
3578,0.022229604999893127,22.229604999893127
3579,0.03516975599995931,35.16975599995931
3580,0.02485383099997307,24.85383099997307
3581,0.02353271400011181,23.53271400011181
3582,0.022231353000051968,22.231353000051968
3583,0.03842576499982897,38.42576499982897
3584,0.02362968800002818,23.62968800002818
3585,0.023647586999913983,23.647586999913983
3586,0.022734603999879255,22.734603999879255
3587,0.03731566200008274,37.31566200008274
3588,0.02380163100019672,23.80163100019672
3589,0.022474340999906417,22.474340999906417
3590,0.022378337999953146,22.378337999953146
3591,0.030124333999992814,30.124333999992814
3592,0.028378061000012167,28.378061000012167
3593,0.022945499000115888,22.945499000115888
3594,0.022140821999983018,22.140821999983018
3595,0.02968824399999903,29.68824399999903
3596,0.03364729800000532,33.64729800000532
3597,0.023313862000122754,23.313862000122754
3598,0.023302435000005062,23.30243500000506
3599,0.032685270000001765,32.685270000001765
3600,0.023207493000199975,23.207493000199975
3601,0.02686666700014939,26.86666700014939
3602,0.024004092000041055,24.004092000041055
3603,0.04588605200001439,45.88605200001439
3604,0.025100586999997176,25.100586999997176
3605,0.022811946999809152,22.81194699980915
3606,0.023107711000193376,23.107711000193376
3607,0.024066826000080255,24.066826000080255
3608,0.15739851800003635,157.39851800003635
3609,0.022551176999968447,22.551176999968447
3610,0.022145867000062935,22.145867000062935
3611,0.032277032000138206,32.277032000138206
3612,0.02760947399997349,27.60947399997349
3613,0.02298724199999924,22.98724199999924
3614,0.022728996000068946,22.728996000068946
3615,0.02902269499986687,29.02269499986687
3616,0.027809090999880937,27.809090999880937
3617,0.022869484000011653,22.869484000011653
3618,0.024088739000035275,24.088739000035275
3619,0.04483335000008992,44.83335000008992
3620,0.023482620000095267,23.482620000095267
3621,0.022940171999835002,22.940171999835
3622,0.02255719999993744,22.55719999993744
3623,0.027575405000106912,27.57540500010691
3624,0.03231524400007402,32.31524400007402
3625,0.02296990099989671,22.96990099989671
3626,0.022405116000072667,22.405116000072667
3627,0.027881750000005923,27.881750000005923
3628,0.027627805999827615,27.627805999827615
3629,0.02240518400003566,22.40518400003566
3630,0.022039613000060854,22.039613000060854
3631,0.02629006200004369,26.29006200004369
3632,0.030525882000119964,30.525882000119964
3633,0.02239601099995525,22.39601099995525
3634,0.022637135999957536,22.637135999957536
3635,0.026868473999911657,26.868473999911657
3636,0.030850615999952424,30.850615999952424
3637,0.02314720699996542,23.14720699996542
3638,0.02258159500001966,22.58159500001966
3639,0.027118265000126485,27.118265000126485
3640,0.03009525500010568,30.09525500010568
3641,0.022621275000119567,22.621275000119567
3642,0.021994352999854527,21.994352999854527
3643,0.025233425000124043,25.233425000124043
3644,0.031022123999946416,31.022123999946416
3645,0.023088401999984853,23.088401999984853
3646,0.02268402899994726,22.68402899994726
3647,0.028443627000115157,28.443627000115157
3648,0.03024457599985908,30.24457599985908
3649,0.0231188000000202,23.1188000000202
3650,0.022586197000009633,22.586197000009633
3651,0.028174443000125393,28.174443000125393
3652,0.02768389300013041,27.68389300013041
3653,0.02238599800011798,22.38599800011798
3654,0.02397651399996903,23.97651399996903
3655,0.028592423999953098,28.5924239999531
3656,0.029058410000061485,29.058410000061485
3657,0.022999967999794535,22.999967999794535
3658,0.022929420999844297,22.929420999844297
3659,0.028719613000021127,28.719613000021127
3660,0.028529290999813384,28.529290999813384
3661,0.022387825999885536,22.387825999885536
3662,0.02228292299992063,22.28292299992063
3663,0.028045271999872057,28.045271999872057
3664,0.029265617999953975,29.265617999953975
3665,0.024857791000158613,24.857791000158613
3666,0.02307300600000417,23.07300600000417
3667,0.030302587000051062,30.302587000051062
3668,0.028324495000106253,28.324495000106253
3669,0.022932031999971514,22.932031999971514
3670,0.02268397099987851,22.68397099987851
3671,0.03074138099987067,30.74138099987067
3672,0.028360436999946614,28.360436999946614
3673,0.022982259000173144,22.982259000173144
3674,0.02253236299998207,22.53236299998207
3675,0.028691796000202885,28.691796000202885
3676,0.02765990700004295,27.65990700004295
3677,0.022607591999985743,22.607591999985743
3678,0.02198009399990042,21.98009399990042
3679,0.0312630349999381,31.2630349999381
3680,0.027696242000047278,27.696242000047278
3681,0.02235007699982816,22.35007699982816
3682,0.02201851299992086,22.01851299992086
3683,0.029114081999978225,29.114081999978225
3684,0.028130433999876914,28.130433999876914
3685,0.022970820000182357,22.970820000182357
3686,0.022643644000027052,22.643644000027052
3687,0.028559326999811674,28.559326999811674
3688,0.02891726200004996,28.91726200004996
3689,0.022563925000213203,22.563925000213203
3690,0.02195901100003539,21.95901100003539
3691,0.03369314800011125,33.69314800011125
3692,0.027408198000102857,27.408198000102857
3693,0.02236239600006229,22.36239600006229
3694,0.022004226000035487,22.004226000035487
3695,0.0327749139999014,32.7749139999014
3696,0.02760601099998894,27.60601099998894
3697,0.02285010599985071,22.85010599985071
3698,0.022069911000016873,22.069911000016873
3699,0.03064696899991759,30.64696899991759
3700,0.028321630000164078,28.321630000164078
3701,0.022982478000130868,22.982478000130868
3702,0.02260936299990135,22.60936299990135
3703,0.030902202000106627,30.902202000106627
3704,0.028006634999883318,28.006634999883318
3705,0.02296798499992292,22.96798499992292
3706,0.022616041999981462,22.616041999981462
3707,0.03247477400009302,32.47477400009302
3708,0.02390822699999262,23.90822699999262
3709,0.02313539499982653,23.13539499982653
3710,0.022829800999943473,22.829800999943473
3711,0.03173031100004664,31.73031100004664
3712,0.023305569000058313,23.305569000058313
3713,0.023042256000053385,23.042256000053385
3714,0.02249219100008304,22.49219100008304
3715,0.02980861600008211,29.80861600008211
3716,0.027556698000125834,27.556698000125834
3717,0.02283701600003951,22.83701600003951
3718,0.02234346899990669,22.34346899990669
3719,0.02411493599993264,24.11493599993264
3720,0.03053235900006257,30.53235900006257
3721,0.02273029699995277,22.73029699995277
3722,0.02296626199995444,22.96626199995444
3723,0.03081993799992233,30.81993799992233
3724,0.027834858000005624,27.834858000005624
3725,0.024476668000033897,24.476668000033897
3726,0.022042085000066436,22.042085000066436
3727,0.030875536000166903,30.875536000166903
3728,0.026797127999998338,26.797127999998338
3729,0.02235703800010924,22.35703800010924
3730,0.02251976399998057,22.51976399998057
3731,0.031889325999827633,31.889325999827633
3732,0.026950855999984924,26.950855999984924
3733,0.02714431100002912,27.14431100002912
3734,0.023438080000005357,23.438080000005357
3735,0.028019592999953602,28.019592999953602
3736,0.023263897999868277,23.263897999868277
3737,0.023073027999998885,23.073027999998885
3738,0.022757733999924312,22.757733999924312
3739,0.030749302999993233,30.749302999993233
3740,0.024775532999910865,24.775532999910865
3741,0.02368785199996637,23.68785199996637
3742,0.024066928000138432,24.066928000138432
3743,0.029301794000048176,29.301794000048176
3744,0.029857156999923973,29.857156999923973
3745,0.02599503100009315,25.99503100009315
3746,0.023595863000082318,23.595863000082318
3747,0.028051721999872825,28.051721999872825
3748,0.028705921000209855,28.705921000209855
3749,0.022661727000013343,22.661727000013343
3750,0.022492574000125387,22.492574000125387
3751,0.027673098999912327,27.673098999912327
3752,0.0302764370001114,30.2764370001114
3753,0.02317106300006344,23.17106300006344
3754,0.02277903399999559,22.77903399999559
3755,0.028949194000006173,28.949194000006173
3756,0.037868461000016396,37.868461000016396
3757,0.023190383999917685,23.190383999917685
3758,0.024337280000054307,24.337280000054307
3759,0.027521054999851913,27.521054999851913
3760,0.022426595000069938,22.426595000069938
3761,0.02250554099987312,22.50554099987312
3762,0.022085867999976472,22.08586799997647
3763,0.030847806999872773,30.847806999872773
3764,0.028208440000071278,28.208440000071278
3765,0.02313942799992219,23.13942799992219
3766,0.022612912000113283,22.612912000113283
3767,0.029996387999972285,29.996387999972285
3768,0.027788730000111173,27.788730000111173
3769,0.023029941000004328,23.029941000004328
3770,0.022385003000181314,22.385003000181314
3771,0.028841510999882303,28.841510999882303
3772,0.027261933999852772,27.261933999852772
3773,0.022594272000105775,22.594272000105775
3774,0.021927855000058116,21.927855000058116
3775,0.027858406000177638,27.858406000177638
3776,0.027664450999964174,27.664450999964174
3777,0.022698924999986048,22.698924999986048
3778,0.022712197999908312,22.712197999908312
3779,0.02865048399985426,28.65048399985426
3780,0.029849649999960093,29.849649999960093
3781,0.02299816900017504,22.99816900017504
3782,0.0221579510000538,22.1579510000538
3783,0.028003812999941147,28.003812999941147
3784,0.027791548999857696,27.791548999857696
3785,0.023075865999999223,23.075865999999223
3786,0.022032991000060065,22.032991000060065
3787,0.02521558500006904,25.21558500006904
3788,0.03159523099998296,31.59523099998296
3789,0.023866783000130454,23.866783000130454
3790,0.02468260000000555,24.68260000000555
3791,0.028645584000059898,28.6455840000599
3792,0.028613771000209454,28.613771000209454
3793,0.023126819000026444,23.126819000026444
3794,0.022606325999959154,22.606325999959154
3795,0.028748134999887043,28.748134999887043
3796,0.02785987699985526,27.85987699985526
3797,0.02308126100001573,23.08126100001573
3798,0.022096192000162773,22.096192000162773
3799,0.02778456099986215,27.78456099986215
3800,0.028313464000120803,28.313464000120803
3801,0.022332801999937146,22.332801999937146
3802,0.022737135000170383,22.737135000170383
3803,0.027124369999910414,27.124369999910414
3804,0.029688884000051985,29.688884000051985
3805,0.022421069000074567,22.421069000074567
3806,0.02268264999997882,22.68264999997882
3807,0.027007175000107964,27.007175000107964
3808,0.030649108000034175,30.649108000034175
3809,0.023049912000033146,23.049912000033146
3810,0.02242342599993208,22.42342599993208
3811,0.027073045999941314,27.073045999941314
3812,0.02973652600007881,29.73652600007881
3813,0.022350817999949868,22.350817999949868
3814,0.022091500999977143,22.091500999977143
3815,0.025270604000070307,25.270604000070307
3816,0.031287046999977974,31.287046999977974
3817,0.022973941000145714,22.973941000145714
3818,0.022654511000155253,22.654511000155253
3819,0.026865324000027613,26.865324000027613
3820,0.030852175000063653,30.852175000063653
3821,0.023095320000038555,23.095320000038555
3822,0.021912429999929373,21.912429999929373
3823,0.025713206000091304,25.713206000091304
3824,0.031134416000213605,31.134416000213605
3825,0.023642732000098476,23.642732000098476
3826,0.022191554000073666,22.191554000073666
3827,0.028053195999973468,28.053195999973468
3828,0.02971724200006065,29.71724200006065
3829,0.02300707200015495,23.00707200015495
3830,0.02265131600006498,22.65131600006498
3831,0.028346842000019024,28.346842000019024
3832,0.02992502000006425,29.92502000006425
3833,0.023215741000058188,23.215741000058188
3834,0.021988658999816835,21.988658999816835
3835,0.027312041999948633,27.312041999948633
3836,0.030314360999909695,30.314360999909695
3837,0.02247893000003387,22.47893000003387
3838,0.022001739000188536,22.001739000188536
3839,0.025601087000040934,25.601087000040934
3840,0.030919218000008186,30.919218000008186
3841,0.023174165000000357,23.174165000000357
3842,0.02270893700006127,22.70893700006127
3843,0.02825891399993452,28.25891399993452
3844,0.028728500000170243,28.728500000170243
3845,0.02301136599999154,23.01136599999154
3846,0.022608799999943585,22.608799999943585
3847,0.02942108799993548,29.42108799993548
3848,0.028392690000146104,28.392690000146104
3849,0.022365744999888193,22.365744999888193
3850,0.02192508899997847,21.92508899997847
3851,0.025639274000013756,25.639274000013756
3852,0.029571674999942843,29.571674999942843
3853,0.022370116000047346,22.370116000047346
3854,0.02227644300000975,22.27644300000975
3855,0.025603276999845548,25.603276999845548
3856,0.0314357629999904,31.435762999990402
3857,0.022950955999931466,22.950955999931466
3858,0.022680908000211275,22.680908000211275
3859,0.025839054000016404,25.839054000016404
3860,0.029729676999977528,29.729676999977528
3861,0.023115822999898228,23.115822999898228
3862,0.023024535999866202,23.024535999866202
3863,0.025657832999968377,25.657832999968377
3864,0.03132298199989236,31.322981999892363
3865,0.023122722999914913,23.122722999914913
3866,0.02270599200005563,22.70599200005563
3867,0.026887691999945673,26.887691999945673
3868,0.03070639499992467,30.70639499992467
3869,0.02316457099982472,23.16457099982472
3870,0.02258904700011044,22.58904700011044
3871,0.028080474000034883,28.080474000034883
3872,0.029463625999824217,29.463625999824217
3873,0.02232511399984105,22.32511399984105
3874,0.022066697999889584,22.066697999889584
3875,0.0251488829999289,25.1488829999289
3876,0.02969650299996829,29.69650299996829
3877,0.023016546999997445,23.016546999997445
3878,0.022734184000000823,22.734184000000823
3879,0.02554880399998183,25.54880399998183
3880,0.03056031799997072,30.56031799997072
3881,0.023050394999927448,23.05039499992745
3882,0.022877289000007295,22.877289000007295
3883,0.025494592999848464,25.494592999848464
3884,0.030382083999938914,30.382083999938914
3885,0.02300603300000148,23.00603300000148
3886,0.022674200999972527,22.674200999972527
3887,0.026053420999915033,26.053420999915033
3888,0.03023166399998445,30.23166399998445
3889,0.023011142000086693,23.011142000086693
3890,0.022662118999960512,22.662118999960512
3891,0.025851355999975567,25.851355999975567
3892,0.030589712999926633,30.589712999926633
3893,0.02308620200005862,23.08620200005862
3894,0.022630146999972567,22.630146999972567
3895,0.026762509000036516,26.762509000036516
3896,0.029119655999920724,29.119655999920724
3897,0.022407371000099374,22.407371000099374
3898,0.022041657000045234,22.041657000045234
3899,0.0254059829999278,25.4059829999278
3900,0.030140211999878375,30.140211999878375
3901,0.023188872000218907,23.188872000218907
3902,0.023019685000008394,23.019685000008394
3903,0.025971914999900036,25.971914999900036
3904,0.03383063100000072,33.83063100000072
3905,0.023561894999829747,23.561894999829747
3906,0.023020639999913328,23.020639999913328
3907,0.028220252999972217,28.220252999972217
3908,0.02772678100018311,27.72678100018311
3909,0.02237023199995747,22.37023199995747
3910,0.02207224199992197,22.07224199992197
3911,0.027702853000164396,27.702853000164396
3912,0.029846441000017876,29.846441000017876
3913,0.02304916899993259,23.04916899993259
3914,0.022631007999962094,22.631007999962094
3915,0.028360495000015362,28.360495000015362
3916,0.029733110000051965,29.733110000051965
3917,0.023134197999979733,23.134197999979733
3918,0.022096647000125813,22.096647000125813
3919,0.027697972999931153,27.697972999931153
3920,0.029602771000099892,29.602771000099892
3921,0.022801706000109334,22.801706000109334
3922,0.022160094000128083,22.160094000128083
3923,0.026435524999897098,26.435524999897098
3924,0.03025758700005099,30.25758700005099
3925,0.02398577300004945,23.98577300004945
3926,0.02200025899992397,22.00025899992397
3927,0.028117744999917704,28.117744999917704
3928,0.029908181999871886,29.908181999871886
3929,0.023043220000090514,23.043220000090514
3930,0.022734740000032616,22.734740000032616
3931,0.02929674100005286,29.29674100005286
3932,0.028293363000102545,28.293363000102545
3933,0.02315647499995066,23.15647499995066
3934,0.022241144999952667,22.241144999952667
3935,0.030810220000148547,30.810220000148547
3936,0.0285813909999888,28.5813909999888
3937,0.022500590999925407,22.500590999925407
3938,0.033016201999998884,33.016201999998884
3939,0.048971821999884924,48.971821999884924
3940,0.029369178000024476,29.369178000024476
3941,0.027339201999893703,27.339201999893703
3942,0.022943096999824775,22.943096999824775
3943,0.03382712500001617,33.82712500001617
3944,0.02421942100022534,24.21942100022534
3945,0.029070359000115786,29.070359000115786
3946,0.028185717000042132,28.185717000042132
3947,0.04671618599991234,46.71618599991234
3948,0.020909418999963236,20.909418999963236
3949,0.02111169099998733,21.11169099998733
3950,0.020306209999944258,20.306209999944258
3951,0.030040998000004038,30.040998000004038
3952,0.02192128399997273,21.92128399997273
3953,0.021247566000056395,21.247566000056395
3954,0.020773116000100345,20.773116000100345
3955,0.03326173000004928,33.26173000004928
3956,0.028124849000050745,28.124849000050745
3957,0.024782802999880005,24.782802999880005
3958,0.030597456999885253,30.597456999885253
3959,0.038265435999846886,38.265435999846886
3960,0.021216711000079158,21.216711000079158
3961,0.021449020000090968,21.449020000090968
3962,0.020570072999817057,20.570072999817057
3963,0.029958967000084158,29.958967000084158
3964,0.026515120999874853,26.515120999874853
3965,0.021142932999964614,21.142932999964614
3966,0.020812958000078652,20.812958000078652
3967,0.029481066000016654,29.481066000016654
3968,0.02222514200002479,22.22514200002479
3969,0.021281904000034046,21.281904000034046
3970,0.021046325000042998,21.046325000042998
3971,0.03300960699993993,33.00960699993993
3972,0.02784856200014474,27.84856200014474
3973,0.02063935399996808,20.63935399996808
3974,0.020326409000062995,20.326409000062995
3975,0.02924273199982963,29.24273199982963
3976,0.028330998999990697,28.330998999990697
3977,0.021267663999879005,21.267663999879005
3978,0.020353532999934032,20.353532999934032
3979,0.028521935000071608,28.521935000071608
3980,0.02143320599998333,21.43320599998333
3981,0.021215238000195313,21.215238000195313
3982,0.020888206000108767,20.888206000108767
3983,0.03169097600016357,31.690976000163573
3984,0.027542123999864998,27.542123999864998
3985,0.02134488199999396,21.34488199999396
3986,0.020910920000005717,20.910920000005717
3987,0.02977293300000383,29.77293300000383
3988,0.027572129999953177,27.572129999953177
3989,0.020742523999842888,20.742523999842888
3990,0.02106055399985962,21.06055399985962
3991,0.03593100900002355,35.93100900002355
3992,0.023235695000039414,23.235695000039414
3993,0.022432726000033654,22.432726000033654
3994,0.022135875999993004,22.135875999993004
3995,0.026537515999962125,26.537515999962125
3996,0.0290312869999525,29.0312869999525
3997,0.023207177999893247,23.207177999893247
3998,0.022749397000097815,22.749397000097815
3999,0.031227895000029093,31.227895000029093
4000,0.023258094000084384,23.258094000084384
4001,0.023889219000011508,23.889219000011508
4002,0.023609492000105092,23.609492000105092
4003,0.02878587600002902,28.78587600002902
4004,0.025330208000013954,25.330208000013954
4005,0.023266817000148876,23.266817000148876
4006,0.02335891799998535,23.35891799998535
4007,0.025662966000027154,25.662966000027154
4008,0.03221451699982936,32.21451699982936
4009,0.028085727999950905,28.085727999950905
4010,0.02285444600011033,22.85444600011033
4011,0.030669104000025982,30.669104000025982
4012,0.023262027999862767,23.262027999862767
4013,0.022353304000034768,22.35330400003477
4014,0.02218119500003013,22.18119500003013
4015,0.027057004999960554,27.057004999960554
4016,0.027194264999934603,27.194264999934603
4017,0.0224963860000571,22.4963860000571
4018,0.022603081000170278,22.603081000170278
4019,0.030856252999910794,30.856252999910794
4020,0.02797852799994871,27.97852799994871
4021,0.023195561999955316,23.195561999955316
4022,0.02276653599983547,22.76653599983547
4023,0.029567220999979327,29.567220999979327
4024,0.028290661000028194,28.290661000028194
4025,0.0230944699999327,23.0944699999327
4026,0.022247308000032717,22.247308000032717
4027,0.02925209500017445,29.25209500017445
4028,0.027239962000066953,27.239962000066953
4029,0.022520607999922504,22.520607999922504
4030,0.022133924999934607,22.133924999934607
4031,0.028422472999864112,28.422472999864112
4032,0.027860971000109203,27.860971000109203
4033,0.02330615799996849,23.30615799996849
4034,0.022786669999959486,22.786669999959486
4035,0.02851731199984897,28.51731199984897
4036,0.027836218999937046,27.836218999937046
4037,0.023180264999837163,23.180264999837163
4038,0.022162346000186517,22.162346000186517
4039,0.027637013999992632,27.637013999992632
4040,0.028257341999960772,28.257341999960772
4041,0.022474651000038648,22.474651000038648
4042,0.022810919999983525,22.810919999983525
4043,0.027589985000076922,27.589985000076922
4044,0.02951058100006776,29.51058100006776
4045,0.02247699300005479,22.47699300005479
4046,0.022803249000162396,22.803249000162396
4047,0.028594870999995692,28.594870999995692
4048,0.028899197000100685,28.899197000100685
4049,0.023112946999845008,23.112946999845008
4050,0.022758782999972027,22.758782999972027
4051,0.029310994000070423,29.310994000070423
4052,0.028279045000090264,28.279045000090264
4053,0.023078709000174058,23.078709000174058
4054,0.02319302599994444,23.19302599994444
4055,0.03464814600010868,34.64814600010868
4056,0.026343154000187496,26.343154000187496
4057,0.022617978999960542,22.617978999960542
4058,0.022263692999786144,22.263692999786144
4059,0.02921685699993759,29.21685699993759
4060,0.02730976299994836,27.30976299994836
4061,0.02253736700004083,22.53736700004083
4062,0.02240759699998307,22.40759699998307
4063,0.028769612000132838,28.769612000132838
4064,0.027880369000058636,27.880369000058636
4065,0.023086706000185586,23.086706000185586
4066,0.022952320999820586,22.952320999820586
4067,0.02884355800006233,28.84355800006233
4068,0.027997882999898138,27.997882999898138
4069,0.022445741999945312,22.445741999945312
4070,0.022093945000051463,22.093945000051463
4071,0.028673580000031507,28.673580000031507
4072,0.028529946000162454,28.529946000162454
4073,0.02274588299997049,22.74588299997049
4074,0.022135382999977082,22.135382999977082
4075,0.024573658000008436,24.573658000008436
4076,0.036192476999985956,36.192476999985956
4077,0.02337976100011474,23.37976100011474
4078,0.023167678999925556,23.167678999925556
4079,0.0304026649998832,30.4026649998832
4080,0.028159661000017877,28.159661000017877
4081,0.023227649000091333,23.227649000091333
4082,0.02213970100001461,22.13970100001461
4083,0.028824640000038926,28.824640000038926
4084,0.028526772999839523,28.526772999839523
4085,0.024277769000036642,24.277769000036642
4086,0.023071074999961638,23.07107499996164
4087,0.0308307689999765,30.8307689999765
4088,0.03106227300008868,31.06227300008868
4089,0.023032382999872425,23.032382999872425
4090,0.02279645400017216,22.79645400017216
4091,0.02619467500016981,26.19467500016981
4092,0.032404265000195664,32.404265000195664
4093,0.023234934000129215,23.234934000129215
4094,0.022144135999951686,22.144135999951686
4095,0.027029081999899063,27.029081999899063
4096,0.02975661699997545,29.75661699997545
4097,0.022480439999981172,22.480439999981172
4098,0.022065357999963453,22.065357999963453
4099,0.02535551599999053,25.35551599999053
4100,0.031120697000005748,31.120697000005748
4101,0.023180223999816008,23.180223999816008
4102,0.022753478999902654,22.753478999902654
4103,0.02949345899992295,29.49345899992295
4104,0.02819189600018035,28.19189600018035
4105,0.02332473100000243,23.32473100000243
4106,0.02272490499990454,22.72490499990454
4107,0.028597442000091178,28.597442000091178
4108,0.0282566329999554,28.2566329999554
4109,0.02248317999988103,22.48317999988103
4110,0.022816108999904827,22.816108999904827
4111,0.02790042199990239,27.90042199990239
4112,0.029060794000088208,29.060794000088208
4113,0.022578541000029873,22.578541000029873
4114,0.02212223600008656,22.12223600008656
4115,0.025448134000043865,25.448134000043865
4116,0.03163781600005677,31.637816000056773
4117,0.023236910999912652,23.236910999912652
4118,0.02269358400008059,22.69358400008059
4119,0.028661865000003672,28.661865000003672
4120,0.029640347999929872,29.640347999929872
4121,0.023155578999876525,23.155578999876525
4122,0.022868830000106755,22.868830000106755
4123,0.028073899999981222,28.073899999981222
4124,0.02811863000010817,28.11863000010817
4125,0.022928405999891766,22.928405999891766
4126,0.022043284999881507,22.043284999881507
4127,0.027198606999945696,27.198606999945696
4128,0.030330083999842827,30.330083999842827
4129,0.02260462100002769,22.60462100002769
4130,0.024387629999864657,24.387629999864657
4131,0.04830665000008594,48.30665000008594
4132,0.02387140499990892,23.87140499990892
4133,0.02299563700012186,22.99563700012186
4134,0.02283507099991766,22.83507099991766
4135,0.02662174900001446,26.62174900001446
4136,0.03043147800008228,30.43147800008228
4137,0.022475141000086296,22.475141000086296
4138,0.022227662999966924,22.227662999966924
4139,0.025436947999878612,25.436947999878612
4140,0.031378807000010056,31.378807000010056
4141,0.023180288000048677,23.180288000048677
4142,0.022981601999845225,22.981601999845225
4143,0.029152494000072693,29.152494000072693
4144,0.028857321000032243,28.857321000032243
4145,0.023099816000012652,23.099816000012652
4146,0.022691643999905864,22.691643999905864
4147,0.02796851199991579,27.96851199991579
4148,0.028817955999784317,28.817955999784317
4149,0.022553691999974035,22.553691999974035
4150,0.022148729000036838,22.148729000036838
4151,0.027222066000149425,27.222066000149425
4152,0.029685472999972262,29.685472999972262
4153,0.022509423000201423,22.509423000201423
4154,0.022157990000096106,22.157990000096106
4155,0.025503570999944714,25.503570999944714
4156,0.03164673500009485,31.64673500009485
4157,0.02312239699995189,23.12239699995189
4158,0.0228465039999719,22.8465039999719
4159,0.028667240999993737,28.667240999993737
4160,0.029249918999994406,29.249918999994406
4161,0.023534954999831825,23.534954999831825
4162,0.022788078000075984,22.788078000075984
4163,0.028219503999935114,28.219503999935114
4164,0.027978566999991017,27.978566999991017
4165,0.022469449000027453,22.469449000027453
4166,0.02321356500010552,23.21356500010552
4167,0.02811123200012844,28.11123200012844
4168,0.030278211999984705,30.278211999984705
4169,0.02333904299985079,23.33904299985079
4170,0.02282345899993743,22.82345899993743
4171,0.028378291999842986,28.378291999842986
4172,0.02853545499988286,28.53545499988286
4173,0.02321769999980461,23.21769999980461
4174,0.02208019099998637,22.08019099998637
4175,0.028006929999946806,28.006929999946806
4176,0.028871484999854147,28.871484999854147
4177,0.02256152000018119,22.56152000018119
4178,0.022340855000038573,22.340855000038573
4179,0.027277499000092575,27.277499000092575
4180,0.030111046000001807,30.111046000001807
4181,0.022482618000140064,22.482618000140064
4182,0.02235880500006715,22.35880500006715
4183,0.02594307099980142,25.94307099980142
4184,0.031014360999961355,31.014360999961355
4185,0.02314204999993308,23.14204999993308
4186,0.022762720999935482,22.762720999935482
4187,0.029023313999914535,29.023313999914535
4188,0.028649207000171373,28.649207000171373
4189,0.023024111000040648,23.024111000040648
4190,0.0222503190000225,22.2503190000225
4191,0.02825005800013969,28.25005800013969
4192,0.028946968999889577,28.946968999889577
4193,0.022540294999998878,22.540294999998878
4194,0.02209991299991998,22.09991299991998
4195,0.02642115899993769,26.42115899993769
4196,0.03071922899994206,30.71922899994206
4197,0.022648401999958878,22.648401999958878
4198,0.022812133000115864,22.812133000115864
4199,0.028726750000032553,28.726750000032553
4200,0.02993539299995973,29.93539299995973
4201,0.023035294000010254,23.035294000010254
4202,0.02268855700003769,22.68855700003769
4203,0.0283155810000153,28.3155810000153
4204,0.02875738099987757,28.75738099987757
4205,0.02252929199994469,22.52929199994469
4206,0.02227773000004163,22.27773000004163
4207,0.027253150999968057,27.253150999968057
4208,0.029887169999938124,29.887169999938124
4209,0.02318643100011286,23.18643100011286
4210,0.022756704000130412,22.756704000130412
4211,0.029336580000062895,29.336580000062895
4212,0.02794028099992829,27.94028099992829
4213,0.023266750999937358,23.266750999937358
4214,0.022773898999957964,22.773898999957964
4215,0.02967336200003956,29.67336200003956
4216,0.029150457000014285,29.150457000014285
4217,0.02260710900009144,22.60710900009144
4218,0.022299766000060117,22.299766000060117
4219,0.028607849000081842,28.607849000081842
4220,0.027668779000123322,27.668779000123322
4221,0.022569651000139856,22.569651000139856
4222,0.02205780499980392,22.05780499980392
4223,0.02842427499990663,28.42427499990663
4224,0.02857348399993498,28.57348399993498
4225,0.023276161000012507,23.276161000012507
4226,0.02273892999983218,22.73892999983218
4227,0.028965666000203782,28.965666000203782
4228,0.028213860000050772,28.213860000050772
4229,0.02314862200000789,23.14862200000789
4230,0.023094463000006726,23.094463000006726
4231,0.028272419000131777,28.272419000131777
4232,0.028428678999944168,28.428678999944168
4233,0.023077501000216216,23.077501000216216
4234,0.022767404999967766,22.767404999967766
4235,0.028537126999935936,28.537126999935936
4236,0.02897193800004061,28.97193800004061
4237,0.02250327800015839,22.50327800015839
4238,0.02216261199987457,22.16261199987457
4239,0.030772725999895556,30.772725999895556
4240,0.027697542999931102,27.697542999931102
4241,0.02319471999999223,23.19471999999223
4242,0.022748615999944377,22.748615999944377
4243,0.03295612200008691,32.95612200008691
4244,0.028590867000048092,28.590867000048092
4245,0.026674952000121266,26.674952000121266
4246,0.023226611999916713,23.226611999916713
4247,0.04837814500001514,48.37814500001514
4248,0.023275280000007115,23.275280000007115
4249,0.02396643700012646,23.96643700012646
4250,0.02276255099991431,22.76255099991431
4251,0.0357072799999969,35.7072799999969
4252,0.022787772999890876,22.787772999890876
4253,0.022939237999935358,22.939237999935358
4254,0.02207983499988586,22.07983499988586
4255,0.029464352000104554,29.464352000104554
4256,0.02330179799992038,23.30179799992038
4257,0.027116972999920108,27.116972999920108
4258,0.022084188999997423,22.084188999997423
4259,0.026647218999869438,26.647218999869438
4260,0.029818748000025153,29.818748000025153
4261,0.022651768000059747,22.651768000059747
4262,0.022318433000009463,22.318433000009463
4263,0.030548318999990443,30.548318999990443
4264,0.02388890299994273,23.88890299994273
4265,0.023424053999860917,23.424053999860917
4266,0.02266814900008285,22.66814900008285
4267,0.027099725999960356,27.099725999960356
4268,0.026244067999869003,26.244067999869003
4269,0.022465355999884196,22.465355999884196
4270,0.02220091499998489,22.20091499998489
4271,0.023126649000005273,23.126649000005273
4272,0.031153399000004356,31.153399000004356
4273,0.022953291000021636,22.953291000021636
4274,0.022476630000028308,22.476630000028308
4275,0.02929863600002136,29.29863600002136
4276,0.02800766200016369,28.00766200016369
4277,0.02321251300008953,23.21251300008953
4278,0.02279326999996556,22.79326999996556
4279,0.17295493099982195,172.95493099982195
4280,0.021084215999962908,21.084215999962908
4281,0.02030513899990183,20.30513899990183
4282,0.020906358000047476,20.906358000047476
4283,0.02785504899998159,27.85504899998159
4284,0.02404240700002447,24.04240700002447
4285,0.03181903900008365,31.81903900008365
4286,0.04198527999983526,41.98527999983526
4287,0.023032196000031036,23.032196000031036
4288,0.022897520000014993,22.897520000014993
4289,0.023095169999805876,23.095169999805876
4290,0.031226017000108186,31.226017000108186
4291,0.02783578999992642,27.83578999992642
4292,0.022846324000056484,22.846324000056484
4293,0.02256795899984354,22.56795899984354
4294,0.033231574999945224,33.231574999945224
4295,0.02784467600008611,27.84467600008611
4296,0.024061555999878692,24.061555999878692
4297,0.02325762999998915,23.25762999998915
4298,0.03544413000008717,35.44413000008717
4299,0.023338946999956534,23.338946999956534
4300,0.02328815900000336,23.28815900000336
4301,0.022754735000034998,22.754735000034998
4302,0.026752221999913672,26.752221999913672
4303,0.030260294000072463,30.260294000072463
4304,0.023199316999807706,23.199316999807706
4305,0.022918869000022823,22.918869000022823
4306,0.025537471000006917,25.537471000006917
4307,0.0311336670001765,31.1336670001765
4308,0.023353824999958306,23.353824999958306
4309,0.022738305000075343,22.738305000075343
4310,0.028382203000091977,28.382203000091977
4311,0.030071532999954798,30.071532999954798
4312,0.022571781999886298,22.571781999886298
4313,0.022086131000151,22.086131000151
4314,0.025609893000137163,25.609893000137163
4315,0.030791510999961247,30.791510999961247
4316,0.023165254999867102,23.165254999867102
4317,0.02259857700005341,22.59857700005341
4318,0.03274655700010953,32.74655700010953
4319,0.02817509900000914,28.17509900000914
4320,0.022515188999932434,22.515188999932434
4321,0.021979252999926757,21.979252999926757
4322,0.028318173000116076,28.318173000116076
4323,0.02770665299999564,27.70665299999564
4324,0.022500229000115723,22.500229000115723
4325,0.022301666999965164,22.301666999965164
4326,0.027508539999871573,27.508539999871573
4327,0.02880167800003619,28.80167800003619
4328,0.023107399000082296,23.107399000082296
4329,0.022582597999871723,22.582597999871723
4330,0.02839038599995547,28.39038599995547
4331,0.031264972999906604,31.264972999906604
4332,0.023077045000036378,23.077045000036378
4333,0.02212297899995974,22.12297899995974
4334,0.028236698000000615,28.236698000000615
4335,0.02822447799985639,28.22447799985639
4336,0.022431612999980644,22.431612999980644
4337,0.022268486000029952,22.268486000029952
4338,0.027410989999907542,27.410989999907542
4339,0.03015384299988,30.15384299988
4340,0.023533932999953322,23.533932999953322
4341,0.024028392999980497,24.028392999980497
4342,0.03932204400007322,39.32204400007322
4343,0.023806172999911723,23.806172999911723
4344,0.02304174799996872,23.04174799996872
4345,0.022512751000022035,22.512751000022035
4346,0.036605969999982335,36.605969999982335
4347,0.022820877999947697,22.820877999947697
4348,0.022408035000125892,22.408035000125892
4349,0.02272939900012716,22.72939900012716
4350,0.027172107000069445,27.172107000069445
4351,0.025438356999984535,25.438356999984535
4352,0.023103501999912623,23.103501999912623
4353,0.02269919800005482,22.69919800005482
4354,0.03072843399991143,30.72843399991143
4355,0.023433458999988943,23.433458999988943
4356,0.02301315399995474,23.01315399995474
4357,0.022714107999945554,22.714107999945554
4358,0.030921385000056034,30.921385000056034
4359,0.024729757999921276,24.729757999921276
4360,0.02305777800006581,23.05777800006581
4361,0.022845808000056422,22.845808000056422
4362,0.02971065999986422,29.71065999986422
4363,0.02671066600009908,26.71066600009908
4364,0.022586082999850987,22.586082999850987
4365,0.022138936999908765,22.138936999908765
4366,0.029828663999978744,29.828663999978744
4367,0.027842792000001282,27.842792000001282
4368,0.023287429999982123,23.287429999982123
4369,0.022683688999904916,22.683688999904916
4370,0.03072866599995905,30.72866599995905
4371,0.02788066500011155,27.88066500011155
4372,0.02320167300013054,23.20167300013054
4373,0.02284384700010378,22.84384700010378
4374,0.03039984099996218,30.39984099996218
4375,0.026376208000101542,26.376208000101542
4376,0.022567573000060293,22.567573000060293
4377,0.022311720999823592,22.311720999823592
4378,0.02890026599993689,28.90026599993689
4379,0.02799765000008847,27.99765000008847
4380,0.023108727000135332,23.10872700013533
4381,0.022878776999959882,22.878776999959882
4382,0.0307249810000485,30.7249810000485
4383,0.028596234999895387,28.596234999895387
4384,0.023108437000018967,23.108437000018967
4385,0.023585995000075854,23.585995000075854
4386,0.03152525899986358,31.52525899986358
4387,0.023353426999847215,23.353426999847215
4388,0.02334769200001574,23.34769200001574
4389,0.02268932600009066,22.68932600009066
4390,0.030469554999854154,30.469554999854154
4391,0.024818089000063992,24.818089000063992
4392,0.022984817999940788,22.984817999940788
4393,0.022784753999985696,22.784753999985696
4394,0.031200385000147435,31.200385000147435
4395,0.024623043000019607,24.623043000019607
4396,0.023131370999863066,23.131370999863066
4397,0.022679943999946772,22.679943999946772
4398,0.030771250000043437,30.771250000043437
4399,0.024479620999954932,24.479620999954932
4400,0.023074244000099497,23.074244000099497
4401,0.022513054999990345,22.513054999990345
4402,0.029019408000067415,29.019408000067415
4403,0.027176603999805593,27.176603999805593
4404,0.022484184000177265,22.484184000177265
4405,0.022122706000118342,22.12270600011834
4406,0.028631429999904867,28.631429999904867
4407,0.028184243999930914,28.184243999930914
4408,0.02323702199987565,23.23702199987565
4409,0.024760839000009582,24.760839000009582
4410,0.04560305099994366,45.60305099994366
4411,0.02393981399995937,23.93981399995937
4412,0.02315796599987152,23.15796599987152
4413,0.022659828000087145,22.659828000087145
4414,0.028254592999928718,28.254592999928718
4415,0.028449865999846224,28.449865999846224
4416,0.022859222999841222,22.859222999841222
4417,0.021993362999864985,21.993362999864985
4418,0.028242590999980166,28.242590999980166
4419,0.03053219799994622,30.53219799994622
4420,0.02426096299996061,24.26096299996061
4421,0.023268259000133185,23.268259000133185
4422,0.047247331000107806,47.247331000107806
4423,0.023864342000024408,23.864342000024408
4424,0.023030927000036172,23.030927000036172
4425,0.022825603000001138,22.825603000001138
4426,0.03435773900014283,34.35773900014283
4427,0.023188181000023178,23.188181000023178
4428,0.02279239399990729,22.79239399990729
4429,0.022507005000079516,22.507005000079516
4430,0.03135481799995432,31.35481799995432
4431,0.028092991999983496,28.092991999983496
4432,0.0230762420001156,23.0762420001156
4433,0.022679378000020733,22.679378000020733
4434,0.03090569799996956,30.90569799996956
4435,0.0282133169998815,28.2133169998815
4436,0.022485868999865488,22.485868999865488
4437,0.021991961999901832,21.991961999901832
4438,0.030175344000099358,30.175344000099358
4439,0.02791336399991451,27.91336399991451
4440,0.02242498999999043,22.42498999999043
4441,0.021983388000080595,21.983388000080595
4442,0.028460891999884552,28.460891999884552
4443,0.028132695000067542,28.132695000067542
4444,0.02344368899980509,23.44368899980509
4445,0.022691023000106725,22.691023000106725
4446,0.03566931799991835,35.66931799991835
4447,0.02474523599994427,24.74523599994427
4448,0.023274560000118072,23.274560000118072
4449,0.022681639999973413,22.681639999973413
4450,0.031514305999962744,31.514305999962744
4451,0.023976982000021962,23.976982000021962
4452,0.022536063999950784,22.536063999950784
4453,0.02209915599996748,22.09915599996748
4454,0.029915153000047212,29.915153000047212
4455,0.027913020999903893,27.913020999903893
4456,0.023130844999968758,23.130844999968758
4457,0.022645686000032583,22.645686000032583
4458,0.030052138999963063,30.052138999963063
4459,0.027542320999828007,27.542320999828007
4460,0.022591557000168905,22.591557000168905
4461,0.022059140000010302,22.059140000010302
4462,0.02819894699996439,28.19894699996439
4463,0.02826049200007219,28.26049200007219
4464,0.02348157500000525,23.48157500000525
4465,0.025392229999852134,25.392229999852134
4466,0.03916183399996953,39.16183399996953
4467,0.02368836100004046,23.68836100004046
4468,0.023237268000002587,23.237268000002587
4469,0.02273765900008584,22.73765900008584
4470,0.025346914000010656,25.346914000010656
4471,0.033366462000003594,33.366462000003594
4472,0.022642737999831297,22.642737999831297
4473,0.022245935000000827,22.245935000000827
4474,0.026378715999953783,26.378715999953783
4475,0.023043276999942464,23.043276999942464
4476,0.022634342999936052,22.634342999936052
4477,0.02231032400004551,22.31032400004551
4478,0.029899362000151086,29.899362000151086
4479,0.028617948000146498,28.617948000146498
4480,0.02316973200004213,23.16973200004213
4481,0.022761311000067508,22.761311000067508
4482,0.02972137799997654,29.72137799997654
4483,0.027984252000123888,27.984252000123888
4484,0.02341675100001339,23.41675100001339
4485,0.02215909799997462,22.15909799997462
4486,0.029044516000112708,29.044516000112708
4487,0.027565915999957724,27.565915999957724
4488,0.022713032999945426,22.713032999945426
4489,0.022220294999897305,22.220294999897305
4490,0.02845728100010092,28.45728100010092
4491,0.028303098000151294,28.303098000151294
4492,0.023261857000079544,23.261857000079544
4493,0.023160600999972303,23.160600999972303
4494,0.029850488999954905,29.850488999954905
4495,0.02797248199999558,27.97248199999558
4496,0.023045207999984996,23.045207999984996
4497,0.022344540999938545,22.344540999938545
4498,0.030089763999967545,30.089763999967545
4499,0.028781371000150102,28.781371000150102
4500,0.02386353799988683,23.86353799988683
4501,0.02315261500007182,23.15261500007182
4502,0.029625372000054995,29.625372000054995
4503,0.027391064999847003,27.391064999847003
4504,0.022623502999977063,22.623502999977063
4505,0.022234270999888395,22.234270999888395
4506,0.030003901000100086,30.003901000100086
4507,0.027692897999941124,27.692897999941124
4508,0.023379726000030132,23.379726000030132
4509,0.02308442899993679,23.08442899993679
4510,0.02505702200005544,25.05702200005544
4511,0.03235864299995228,32.35864299995228
4512,0.02343957500011129,23.43957500011129
4513,0.02329412099993533,23.29412099993533
4514,0.029510936999940895,29.510936999940895
4515,0.02744070600010673,27.44070600010673
4516,0.022580428999845026,22.580428999845026
4517,0.023292674999993324,23.292674999993324
4518,0.029359116000023278,29.359116000023278
4519,0.027681490000077247,27.681490000077247
4520,0.023284090000061042,23.284090000061042
4521,0.022791790999917794,22.791790999917794
4522,0.030583623999973497,30.583623999973497
4523,0.028164000000060696,28.164000000060696
4524,0.023308341000074506,23.308341000074506
4525,0.022760549000167885,22.760549000167885
4526,0.030480785000008837,30.480785000008837
4527,0.027438185999926645,27.438185999926645
4528,0.02316164600006232,23.16164600006232
4529,0.022773200000074212,22.773200000074212
4530,0.030874685000071622,30.874685000071622
4531,0.02640484199991988,26.40484199991988
4532,0.02261626199992861,22.61626199992861
4533,0.02220260900003268,22.20260900003268
4534,0.02907178999998905,29.07178999998905
4535,0.027224716000091576,27.224716000091576
4536,0.022579980999807958,22.579980999807958
4537,0.022160192999990613,22.160192999990613
4538,0.02817402999994556,28.17402999994556
4539,0.02818841899988911,28.18841899988911
4540,0.023212755000031393,23.212755000031393
4541,0.022822523000058936,22.822523000058936
4542,0.028808009999920614,28.808009999920614
4543,0.028658317000008537,28.658317000008537
4544,0.0235430620000443,23.5430620000443
4545,0.022602605999964,22.602605999964
4546,0.028265442000019902,28.265442000019902
4547,0.028330627000059394,28.330627000059394
4548,0.022773712999878626,22.773712999878626
4549,0.022167418999970323,22.167418999970323
4550,0.02811789200018211,28.11789200018211
4551,0.031707416000017474,31.707416000017474
4552,0.023265571000138152,23.265571000138152
4553,0.02290372099992055,22.90372099992055
4554,0.029775591000088752,29.775591000088752
4555,0.027898415999970894,27.898415999970894
4556,0.02251682900009655,22.51682900009655
4557,0.022289762000127666,22.289762000127666
4558,0.02892726999994011,28.92726999994011
4559,0.027897867000092447,27.897867000092447
4560,0.022506759000179954,22.506759000179954
4561,0.022191517000010208,22.191517000010208
4562,0.029335159000083877,29.335159000083877
4563,0.028210797999918213,28.210797999918213
4564,0.02322280199996385,23.22280199996385
4565,0.02293897200001993,22.93897200001993
4566,0.028824042999985977,28.824042999985977
4567,0.028278647999968598,28.278647999968598
4568,0.022927277000007962,22.92727700000796
4569,0.022208955999985847,22.208955999985847
4570,0.028419064999980037,28.419064999980037
4571,0.027880054999968706,27.880054999968706
4572,0.022731195000005755,22.731195000005755
4573,0.022181620000083058,22.181620000083058
4574,0.02844334700012041,28.44334700012041
4575,0.028198891000101867,28.198891000101867
4576,0.023714006999853154,23.714006999853154
4577,0.02294330299991998,22.94330299991998
4578,0.029171098999995593,29.171098999995593
4579,0.03039631299998291,30.39631299998291
4580,0.02667398400012644,26.67398400012644
4581,0.023112203999971825,23.112203999971825
4582,0.026017306000085227,26.017306000085227
4583,0.027702260000069145,27.702260000069145
4584,0.02439256299999215,24.39256299999215
4585,0.022100396000041655,22.100396000041655
4586,0.029940628000076686,29.940628000076686
4587,0.027935063000086302,27.935063000086302
4588,0.022585199000104694,22.585199000104694
4589,0.0223392780001177,22.3392780001177
4590,0.02974799899993741,29.74799899993741
4591,0.027722900999833655,27.722900999833655
4592,0.02330372999995234,23.30372999995234
4593,0.02327325800001745,23.27325800001745
4594,0.02955792200009455,29.55792200009455
4595,0.028017161999969176,28.017161999969176
4596,0.022723900000073627,22.723900000073627
4597,0.022682520999978806,22.682520999978806
4598,0.02929314199991495,29.29314199991495
4599,0.03100605000008727,31.00605000008727
4600,0.022577318000003288,22.577318000003288
4601,0.02224454300016987,22.24454300016987
4602,0.029166391000217118,29.166391000217118
4603,0.027592744000003222,27.592744000003222
4604,0.022526087999949596,22.526087999949596
4605,0.022264279999944847,22.264279999944847
4606,0.030507573000022603,30.507573000022603
4607,0.028162228999917716,28.162228999917716
4608,0.02318689899993842,23.18689899993842
4609,0.022759866999876976,22.759866999876976
4610,0.03026509400001487,30.26509400001487
4611,0.02794092800013459,27.94092800013459
4612,0.023800082999969163,23.800082999969163
4613,0.023017395000124452,23.017395000124452
4614,0.04668471600007251,46.68471600007251
4615,0.024687263000032544,24.687263000032544
4616,0.027510074000019813,27.510074000019813
4617,0.024501434000057998,24.501434000057998
4618,0.041830405999917275,41.830405999917275
4619,0.02397413499988943,23.97413499988943
4620,0.02522906600006536,25.22906600006536
4621,0.024749961999987136,24.749961999987136
4622,0.04468508800005111,44.68508800005111
4623,0.023680430000013075,23.680430000013075
4624,0.02301558199997089,23.01558199997089
4625,0.022539600000072824,22.539600000072824
4626,0.04318430900002568,43.18430900002568
4627,0.02474574300003951,24.74574300003951
4628,0.023094831999969756,23.094831999969756
4629,0.022706043999960457,22.706043999960457
4630,0.02687820300002386,26.87820300002386
4631,0.031266580999954385,31.266580999954385
4632,0.023164192999956867,23.164192999956867
4633,0.024121395000065604,24.121395000065604
4634,0.04576590200008468,45.76590200008468
4635,0.02338361400006761,23.38361400006761
4636,0.023054268999885608,23.054268999885608
4637,0.022670456000014383,22.670456000014383
4638,0.02656594299992321,26.56594299992321
4639,0.022812695000084204,22.812695000084204
4640,0.022398479000003135,22.398479000003135
4641,0.02206258599994726,22.06258599994726
4642,0.029587011999865354,29.587011999865354
4643,0.02794987500010393,27.94987500010393
4644,0.02302638199989815,23.02638199989815
4645,0.02266951399997197,22.66951399997197
4646,0.030618139000125666,30.618139000125666
4647,0.02782219499999883,27.82219499999883
4648,0.023342635000062728,23.342635000062728
4649,0.022130004000018744,22.130004000018744
4650,0.029807692000076713,29.807692000076713
4651,0.028499044999989565,28.499044999989565
4652,0.02252761400018244,22.52761400018244
4653,0.0219617970001309,21.9617970001309
4654,0.028079170000182785,28.079170000182785
4655,0.028294453000171416,28.294453000171416
4656,0.023082759000089936,23.082759000089936
4657,0.022634591000041837,22.634591000041837
4658,0.028882710000061707,28.882710000061707
4659,0.027886846999990667,27.886846999990667
4660,0.023105000999976255,23.105000999976255
4661,0.02224735600020722,22.24735600020722
4662,0.02915728199991463,29.15728199991463
4663,0.027618652999990445,27.618652999990445
4664,0.022438742999838723,22.438742999838723
4665,0.022376796999878934,22.376796999878934
4666,0.028270687999793154,28.270687999793154
4667,0.029148096999961126,29.148096999961126
4668,0.02297583199992914,22.97583199992914
4669,0.022668645000067045,22.668645000067045
4670,0.035070100999973874,35.070100999973874
4671,0.027120230999798878,27.120230999798878
4672,0.023166514999957144,23.166514999957144
4673,0.02265093000005436,22.65093000005436
4674,0.03268630100001246,32.68630100001246
4675,0.024077056999885826,24.077056999885826
4676,0.022406512000088696,22.406512000088696
4677,0.02202868800009128,22.02868800009128
4678,0.029631405000145605,29.631405000145605
4679,0.028343888000108564,28.343888000108564
4680,0.023747966000200904,23.747966000200904
4681,0.023680193000018335,23.680193000018335
4682,0.03179024400014896,31.79024400014896
4683,0.023490622000053918,23.490622000053918
4684,0.022952213000053234,22.952213000053234
4685,0.022671507000040947,22.671507000040947
4686,0.030981094000026133,30.981094000026133
4687,0.023715394000191736,23.715394000191736
4688,0.02309446799995385,23.09446799995385
4689,0.022227692999877036,22.227692999877036
4690,0.02988930300011816,29.88930300011816
4691,0.027585106000060478,27.585106000060478
4692,0.023026673999993363,23.026673999993363
4693,0.02211455999986356,22.11455999986356
4694,0.029587413999934142,29.587413999934142
4695,0.02740219299994351,27.40219299994351
4696,0.022514166000064506,22.514166000064506
4697,0.022036673000002338,22.036673000002338
4698,0.02883249799992882,28.83249799992882
4699,0.028142770999920685,28.142770999920685
4700,0.02326572199990551,23.26572199990551
4701,0.022854784999935873,22.854784999935873
4702,0.028653146000124252,28.653146000124252
4703,0.028712554000094315,28.712554000094315
4704,0.023054342000023098,23.054342000023098
4705,0.02257232700003442,22.57232700003442
4706,0.031802268000092226,31.802268000092226
4707,0.02756841199993687,27.56841199993687
4708,0.022890283999913663,22.890283999913663
4709,0.022207312000091406,22.207312000091406
4710,0.03121037300002172,31.21037300002172
4711,0.027463304000093558,27.463304000093558
4712,0.023725395999917964,23.725395999917964
4713,0.02299256400010563,22.99256400010563
4714,0.03254148200016971,32.54148200016971
4715,0.02357337400007964,23.57337400007964
4716,0.02623057900018466,26.23057900018466
4717,0.02267746999996234,22.67746999996234
4718,0.027429316000052495,27.429316000052495
4719,0.024229810999941037,24.229810999941037
4720,0.022381358999837175,22.381358999837175
4721,0.02260695899985876,22.60695899985876
4722,0.03226308700004665,32.26308700004665
4723,0.02485494799998378,24.85494799998378
4724,0.02314159299999119,23.14159299999119
4725,0.02269756500004405,22.69756500004405
4726,0.03268806400001267,32.68806400001267
4727,0.02316188500003591,23.16188500003591
4728,0.023684101000071678,23.684101000071678
4729,0.02289738399986163,22.89738399986163
4730,0.03420400099980725,34.20400099980725
4731,0.02310848399997667,23.10848399997667
4732,0.023040109000021403,23.040109000021403
4733,0.023077388000046994,23.077388000046994
4734,0.039050017000135995,39.050017000135995
4735,0.027617716000122527,27.617716000122527
4736,0.02244298499999786,22.44298499999786
4737,0.02204896400007783,22.04896400007783
4738,0.028799593999792705,28.799593999792705
4739,0.027000993999990897,27.000993999990897
4740,0.022519224999996368,22.519224999996368
4741,0.022296790999916993,22.296790999916993
4742,0.028427420000070924,28.427420000070924
4743,0.029842720000033296,29.842720000033296
4744,0.023009693000176412,23.009693000176412
4745,0.022649455999953716,22.649455999953716
4746,0.02826727500018933,28.26727500018933
4747,0.027980794000086462,27.980794000086462
4748,0.026441644999977143,26.441644999977143
4749,0.030973567999808438,30.973567999808438
4750,0.03659374700009721,36.59374700009721
4751,0.02922006600010718,29.22006600010718
4752,0.02173534500002461,21.73534500002461
4753,0.020669204000114405,20.669204000114405
4754,0.030510048999985884,30.510048999985884
4755,0.02716094700008398,27.16094700008398
4756,0.02103292800006784,21.03292800006784
4757,0.020447357999955784,20.447357999955784
4758,0.026923290000013367,26.923290000013367
4759,0.04073584100001426,40.73584100001426
4760,0.0241281109999818,24.1281109999818
4761,0.024761586000067837,24.761586000067837
4762,0.037331170000015845,37.331170000015845
4763,0.023566694000010102,23.566694000010102
4764,0.023082064999925933,23.082064999925933
4765,0.022929401999817856,22.929401999817856
4766,0.02898931000004268,28.98931000004268
4767,0.03089107999994667,30.89107999994667
4768,0.022585109000146986,22.585109000146986
4769,0.022364258999914455,22.364258999914455
4770,0.028060486999947898,28.060486999947898
4771,0.028280250000079832,28.280250000079832
4772,0.02328283899987582,23.28283899987582
4773,0.022259242000018276,22.259242000018276
4774,0.028181846000052246,28.181846000052246
4775,0.02931494999984352,29.31494999984352
4776,0.023331482000003234,23.331482000003234
4777,0.022809757999993963,22.809757999993963
4778,0.029400197000086337,29.400197000086337
4779,0.02824853299989627,28.24853299989627
4780,0.02248770100004549,22.48770100004549
4781,0.02223482900012641,22.23482900012641
4782,0.027745833999915703,27.745833999915703
4783,0.02770833800013861,27.70833800013861
4784,0.02264184499995281,22.64184499995281
4785,0.022097186999872065,22.097186999872065
4786,0.02879066199989211,28.79066199989211
4787,0.02922780199992303,29.22780199992303
4788,0.023219310000058613,23.219310000058613
4789,0.022753029999876162,22.753029999876162
4790,0.029562958999804323,29.562958999804323
4791,0.028247929999906773,28.247929999906773
4792,0.02241745599985734,22.41745599985734
4793,0.02220376800005397,22.20376800005397
4794,0.027911244000051738,27.911244000051738
4795,0.028224610000052053,28.224610000052053
4796,0.022721893999914755,22.721893999914755
4797,0.02229189900003803,22.29189900003803
4798,0.02730546700013292,27.30546700013292
4799,0.030391636999866023,30.391636999866023
4800,0.023119000000178858,23.119000000178858
4801,0.02319514300006631,23.19514300006631
4802,0.028996127000027627,28.996127000027627
4803,0.03391495100004249,33.91495100004249
4804,0.025084941000159233,25.084941000159233
4805,0.02289432099996702,22.89432099996702
4806,0.031164376999868182,31.164376999868182
4807,0.023420557999997982,23.420557999997982
4808,0.023098781000044255,23.098781000044255
4809,0.022343627999816817,22.343627999816817
4810,0.030074840999986918,30.074840999986918
4811,0.02507404899984067,25.07404899984067
4812,0.023118170999850918,23.118170999850918
4813,0.022722591000047032,22.722591000047032
4814,0.03112462399985816,31.12462399985816
4815,0.025749934000032226,25.749934000032226
4816,0.023161666000078185,23.161666000078185
4817,0.022235030000047118,22.235030000047118
4818,0.026056619999963004,26.056619999963004
4819,0.032221406999951796,32.221406999951796
4820,0.02255954799989013,22.55954799989013
4821,0.02235097399989172,22.35097399989172
4822,0.03229849800004558,32.29849800004558
4823,0.024853459000041767,24.853459000041767
4824,0.023136254999826633,23.136254999826633
4825,0.0227062769999975,22.7062769999975
4826,0.03130246699993222,31.30246699993222
4827,0.023564617000147337,23.564617000147337
4828,0.023257325000031415,23.257325000031415
4829,0.022709500000019034,22.709500000019034
4830,0.032937468999989505,32.937468999989505
4831,0.02355858099986108,23.55858099986108
4832,0.023048958999879687,23.048958999879687
4833,0.0225523570002224,22.5523570002224
4834,0.037054247000014584,37.054247000014584
4835,0.02357148100008999,23.57148100008999
4836,0.02318252399982157,23.18252399982157
4837,0.022375100000090242,22.375100000090242
4838,0.025567617999968206,25.567617999968206
4839,0.03500793399985014,35.00793399985014
4840,0.023074115000099482,23.074115000099482
4841,0.022067682999932003,22.067682999932003
4842,0.025430389000121068,25.430389000121068
4843,0.03130479900005412,31.304799000054118
4844,0.02320856200003618,23.20856200003618
4845,0.022767213999941305,22.767213999941305
4846,0.02664595900000677,26.64595900000677
4847,0.03090448199986895,30.90448199986895
4848,0.02338025199992444,23.38025199992444
4849,0.022741278000012244,22.741278000012244
4850,0.029201122000131363,29.201122000131363
4851,0.02927104800005509,29.27104800005509
4852,0.022560949000080655,22.560949000080655
4853,0.022135412000125143,22.135412000125143
4854,0.08851489700009552,88.51489700009552
4855,0.09120073000008233,91.20073000008233
4856,0.022232560000020385,22.232560000020385
4857,0.022009049999951458,22.009049999951458
4858,0.033790711000165174,33.790711000165174
4859,0.022864751999804867,22.864751999804867
4860,0.02264185799981533,22.64185799981533
4861,0.022175607000008313,22.175607000008313
4862,0.030239938000022448,30.23993800002245
4863,0.02772941200009882,27.72941200009882
4864,0.02310930399994504,23.10930399994504
4865,0.023103481000134707,23.103481000134707
4866,0.030616967000014483,30.616967000014483
4867,0.026869663000070432,26.86966300007043
4868,0.02317986999992172,23.17986999992172
4869,0.0227179050000359,22.7179050000359
4870,0.031911924000041836,31.911924000041836
4871,0.02412996399993972,24.12996399993972
4872,0.02282667700001184,22.82667700001184
4873,0.022082030000092345,22.082030000092345
4874,0.03021315399996638,30.21315399996638
4875,0.028182445000084044,28.182445000084044
4876,0.023124086000052557,23.124086000052557
4877,0.02275858000007247,22.75858000007247
4878,0.031062904999998864,31.062904999998864
4879,0.024853718000031222,24.853718000031222
4880,0.023299106999957075,23.299106999957075
4881,0.022847916000046098,22.847916000046098
4882,0.0322506519999024,32.2506519999024
4883,0.023393269999814947,23.393269999814947
4884,0.023238748000039777,23.238748000039777
4885,0.022434740999869973,22.434740999869973
4886,0.031356254999991506,31.356254999991506
4887,0.024195252000026812,24.195252000026812
4888,0.022960875000080705,22.960875000080705
4889,0.022702676999870164,22.702676999870164
4890,0.02972996699986652,29.72996699986652
4891,0.02751711099995191,27.51711099995191
4892,0.023010062999901493,23.010062999901493
4893,0.02205954800001564,22.05954800001564
4894,0.02896937499986052,28.96937499986052
4895,0.027526556000111668,27.52655600011167
4896,0.022652289999996356,22.652289999996356
4897,0.022008002999882592,22.008002999882592
4898,0.028209824999976263,28.209824999976263
4899,0.027784967000116012,27.784967000116012
4900,0.022411030000057508,22.411030000057508
4901,0.022152351000158887,22.152351000158887
4902,0.02855862900014472,28.55862900014472
4903,0.028749510000125156,28.749510000125156
4904,0.02310212100019271,23.10212100019271
4905,0.02261971200005064,22.61971200005064
4906,0.028311452000025383,28.311452000025383
4907,0.028558232000023054,28.558232000023054
4908,0.02252800299993396,22.52800299993396
4909,0.022061467999947126,22.061467999947126
4910,0.028401086000030773,28.401086000030773
4911,0.030356030999882933,30.356030999882933
4912,0.023094277999916812,23.094277999916812
4913,0.02225327699989066,22.25327699989066
4914,0.02995658600002571,29.95658600002571
4915,0.02863140299996303,28.63140299996303
4916,0.023622234999947977,23.622234999947977
4917,0.022695444999953907,22.695444999953907
4918,0.029289572000152475,29.289572000152475
4919,0.0296582959999796,29.6582959999796
4920,0.02307487400003083,23.07487400003083
4921,0.022368512000184637,22.368512000184637
4922,0.029432751000058488,29.432751000058488
4923,0.028321037000068827,28.321037000068827
4924,0.02251117300011174,22.51117300011174
4925,0.022115451999979996,22.115451999979996
4926,0.028534996999951545,28.534996999951545
4927,0.027826195999978154,27.826195999978154
4928,0.022458969999888723,22.458969999888723
4929,0.022429804000012155,22.429804000012155
4930,0.029004176999933406,29.004176999933406
4931,0.029900309000140624,29.900309000140624
4932,0.023228539000001547,23.228539000001547
4933,0.02276036200009912,22.76036200009912
4934,0.03688511900008962,36.88511900008962
4935,0.024392216000023836,24.392216000023836
4936,0.022932396999976845,22.932396999976845
4937,0.02203680999991775,22.03680999991775
4938,0.027159575999803565,27.159575999803565
4939,0.03300574800005052,33.00574800005052
4940,0.02267212800006746,22.67212800006746
4941,0.02222751099998277,22.22751099998277
4942,0.026815853000016432,26.815853000016432
4943,0.027515635000099792,27.515635000099792
4944,0.022742891999996573,22.742891999996573
4945,0.022019660000069052,22.019660000069052
4946,0.03000270300003649,30.00270300003649
4947,0.02801021100003709,28.01021100003709
4948,0.02502273499999319,25.02273499999319
4949,0.02995621700006268,29.95621700006268
4950,0.04876072399997611,48.76072399997611
4951,0.025012338000124146,25.012338000124146
4952,0.02694186200005788,26.94186200005788
4953,0.025590859999965687,25.590859999965687
4954,0.03129068999987794,31.29068999987794
4955,0.026806820000047082,26.806820000047082
4956,0.023158340000009048,23.158340000009048
4957,0.02298141200003556,22.98141200003556
4958,0.024726108000095337,24.726108000095337
4959,0.031442233000007036,31.442233000007036
4960,0.024339713000017582,24.339713000017582
4961,0.02328664900005606,23.28664900005606
4962,0.030071348000092257,30.071348000092257
4963,0.023656132000041907,23.656132000041907
4964,0.023077570000168635,23.077570000168635
4965,0.02269945100010773,22.69945100010773
4966,0.03770924399987052,37.70924399987052
4967,0.026875018000055206,26.875018000055206
4968,0.024513712000043597,24.513712000043597
4969,0.024523503000182245,24.523503000182245
4970,0.032680274000085774,32.680274000085774
4971,0.027808809999896766,27.808809999896766
4972,0.0234452899999269,23.4452899999269
4973,0.022071036000170352,22.071036000170352
4974,0.030061561999900732,30.061561999900732
4975,0.0275700219999635,27.5700219999635
4976,0.02363026800003354,23.63026800003354
4977,0.022181313000146474,22.181313000146474
4978,0.030534630999909496,30.534630999909496
4979,0.027752105999979904,27.752105999979904
4980,0.023230337000086365,23.230337000086365
4981,0.022692796999990605,22.692796999990605
4982,0.02994182199995521,29.94182199995521
4983,0.028588272999968467,28.588272999968467
4984,0.023082494999925984,23.082494999925984
4985,0.02214915500007919,22.14915500007919
4986,0.029315902000007554,29.315902000007554
4987,0.02758327299989105,27.58327299989105
4988,0.022505227000010564,22.505227000010564
4989,0.022127658000044903,22.127658000044903
4990,0.029248378000147568,29.248378000147568
4991,0.02784965299997566,27.84965299997566
4992,0.02313830200000666,23.13830200000666
4993,0.022717336999903637,22.717336999903637
4994,0.031013027999961196,31.013027999961196
4995,0.028123231999870768,28.123231999870768
4996,0.023215147999962937,23.215147999962937
4997,0.022718436000104703,22.718436000104703
4998,0.03046250800002781,30.46250800002781
4999,0.028208536000192908,28.208536000192908
5000,0.023409330000049522,23.409330000049522
5001,0.022697400999959427,22.697400999959427
5002,0.029572737999842502,29.572737999842502
5003,0.0275301159999799,27.5301159999799
5004,0.022727788000111104,22.727788000111104
5005,0.022361536000062188,22.361536000062188
5006,0.02929951400005848,29.29951400005848
5007,0.027301721999947404,27.301721999947404
5008,0.02241538200019022,22.41538200019022
5009,0.02214616599985675,22.14616599985675
5010,0.028969369999913397,28.969369999913397
5011,0.028233763999878647,28.233763999878647
5012,0.02313253799979975,23.13253799979975
5013,0.022879290999981095,22.879290999981095
5014,0.02386395000007724,23.86395000007724
5015,0.030906169999980193,30.906169999980193
5016,0.024413067000068622,24.413067000068622
5017,0.025559270000030665,25.559270000030665
5018,0.031372528000019884,31.372528000019884
5019,0.025370612999950026,25.370612999950026
5020,0.022505304000105752,22.505304000105752
5021,0.022094411000125547,22.094411000125547
5022,0.029279128000098353,29.279128000098353
5023,0.027656738999894515,27.656738999894515
5024,0.02250623700001597,22.50623700001597
5025,0.02205960700007381,22.05960700007381
5026,0.02858368900001551,28.58368900001551
5027,0.02820922600017184,28.20922600017184
5028,0.02310852999994495,23.10852999994495
5029,0.02277309900000546,22.77309900000546
5030,0.028783771999997043,28.783771999997043
5031,0.02828230199997961,28.28230199997961
5032,0.023115891000088595,23.115891000088595
5033,0.022125703000028807,22.125703000028807
5034,0.027732696999919426,27.732696999919426
5035,0.028222688999903767,28.222688999903767
5036,0.02277910900011193,22.77910900011193
5037,0.022634616000004826,22.634616000004826
5038,0.03596879299993816,35.96879299993816
5039,0.02310639799998171,23.10639799998171
5040,0.022397374000092896,22.397374000092896
5041,0.022118854999916948,22.118854999916948
5042,0.032040562000020145,32.040562000020145
5043,0.02495512499990582,24.95512499990582
5044,0.023136148000048706,23.136148000048706
5045,0.022824607000075048,22.824607000075048
5046,0.031083695999996053,31.083695999996053
5047,0.024564499000007345,24.564499000007345
5048,0.02338671699999395,23.38671699999395
5049,0.022716086999935214,22.716086999935214
5050,0.031431551999958174,31.431551999958174
5051,0.024669205999998667,24.669205999998667
5052,0.023145576000160872,23.145576000160872
5053,0.0226889130001382,22.6889130001382
5054,0.027188620000060837,27.188620000060837
5055,0.02688886500004628,26.88886500004628
5056,0.022552969000116718,22.55296900011672
5057,0.02209174199992958,22.09174199992958
5058,0.028794132999792055,28.794132999792055
5059,0.027980484000181605,27.980484000181605
5060,0.022510642000042935,22.510642000042935
5061,0.0227369969998108,22.7369969998108
5062,0.029272881999986566,29.272881999986566
5063,0.028258696999955646,28.258696999955646
5064,0.023226277000048867,23.226277000048867
5065,0.022913081000069724,22.913081000069724
5066,0.030554366999922422,30.554366999922422
5067,0.028219992000003913,28.219992000003913
5068,0.022607757999821843,22.607757999821843
5069,0.02239712799996596,22.39712799996596
5070,0.030218949999834877,30.218949999834877
5071,0.027591660000098273,27.591660000098273
5072,0.02262658199992984,22.62658199992984
5073,0.022496001000035903,22.496001000035903
5074,0.031530762000102186,31.530762000102186
5075,0.028140493000137212,28.140493000137212
5076,0.023304768000116383,23.304768000116383
5077,0.022764388000041436,22.764388000041436
5078,0.031456228000024566,31.456228000024566
5079,0.02633169499995347,26.33169499995347
5080,0.023743685999988884,23.743685999988884
5081,0.0221587600001385,22.1587600001385
5082,0.030728469999985464,30.728469999985464
5083,0.03302533300006871,33.02533300006871
5084,0.02634521599998152,26.34521599998152
5085,0.023129311000047892,23.129311000047892
5086,0.028449490000184596,28.449490000184596
5087,0.030556938000017908,30.556938000017908
5088,0.02246883600014371,22.46883600014371
5089,0.022011581000015212,22.011581000015212
5090,0.02853062500003034,28.53062500003034
5091,0.028436124999871026,28.436124999871026
5092,0.022984984999993685,22.984984999993685
5093,0.022772974999952567,22.772974999952567
5094,0.029049316000055114,29.049316000055114
5095,0.03091380599994409,30.91380599994409
5096,0.028822598000033395,28.822598000033395
5097,0.027675920000092447,27.675920000092447
5098,0.03740749400003551,37.40749400003551
5099,0.02305783299993891,23.05783299993891
5100,0.0216596519999257,21.6596519999257
5101,0.020419130999925983,20.419130999925983
5102,0.034449924000000465,34.449924000000465
5103,0.026610949000087203,26.610949000087203
5104,0.020798517999992328,20.798517999992328
5105,0.020687902999952712,20.687902999952712
5106,0.030075454000098034,30.075454000098034
5107,0.02702149899982942,27.02149899982942
5108,0.02091900400000668,20.91900400000668
5109,0.022887011999955575,22.887011999955575
5110,0.032287173999975494,32.287173999975494
5111,0.02730078400009006,27.30078400009006
5112,0.02164974099991923,21.64974099991923
5113,0.020980602999998155,20.980602999998155
5114,0.03401007899992692,34.01007899992692
5115,0.022398949000034918,22.398949000034918
5116,0.020982083000035345,20.982083000035345
5117,0.02055236999990484,20.55236999990484
5118,0.03258192999987841,32.58192999987841
5119,0.025440398999990066,25.440398999990066
5120,0.021425956000030055,21.425956000030055
5121,0.020580004000066765,20.580004000066765
5122,0.03146366400005718,31.46366400005718
5123,0.027450419000160764,27.450419000160764
5124,0.021464276999950016,21.464276999950016
5125,0.021286188999965816,21.286188999965816
5126,0.03210218899994288,32.10218899994288
5127,0.028170309000188354,28.170309000188354
5128,0.02105651399983799,21.05651399983799
5129,0.02047401999993781,20.47401999993781
5130,0.02754523099997641,27.54523099997641
5131,0.0279883929999869,27.9883929999869
5132,0.020896381000056863,20.896381000056863
5133,0.021080022999967696,21.080022999967696
5134,0.029637632999993002,29.637632999993002
5135,0.024410464000084175,24.410464000084175
5136,0.022233690000120987,22.233690000120987
5137,0.02118646799999624,21.18646799999624
5138,0.03393223899979603,33.93223899979603
5139,0.038850406999927145,38.850406999927145
5140,0.029200177999882726,29.200177999882726
5141,0.02077136100001553,20.77136100001553
5142,0.033834614999932455,33.834614999932455
5143,0.02383939899982579,23.83939899982579
5144,0.022633225999925344,22.633225999925344
5145,0.022191129000020737,22.191129000020737
5146,0.030269521000036548,30.269521000036548
5147,0.0265282660000139,26.5282660000139
5148,0.023037209999984043,23.037209999984043
5149,0.022682136999947033,22.682136999947033
5150,0.03013645999999426,30.13645999999426
5151,0.027774637000220537,27.774637000220537
5152,0.02274666099992828,22.74666099992828
5153,0.022312323000051038,22.312323000051038
5154,0.029885334000027797,29.885334000027797
5155,0.027652141000089614,27.652141000089614
5156,0.02263199000003624,22.63199000003624
5157,0.02210710700001073,22.10710700001073
5158,0.028272319000052448,28.27231900005245
5159,0.028389064999828406,28.389064999828406
5160,0.023167689999809227,23.167689999809227
5161,0.022838783999986845,22.838783999986845
5162,0.031042638000144507,31.042638000144507
5163,0.02791590499987251,27.91590499987251
5164,0.023128437999957896,23.128437999957896
5165,0.022412920000078884,22.412920000078884
5166,0.028960887000039293,28.960887000039293
5167,0.02770816699990064,27.70816699990064
5168,0.02256364200002281,22.56364200002281
5169,0.022043321999944965,22.043321999944965
5170,0.028166204999934052,28.166204999934052
5171,0.028449278000152844,28.449278000152844
5172,0.02265948399985973,22.65948399985973
5173,0.022019543000169506,22.019543000169506
5174,0.02847617599991281,28.47617599991281
5175,0.029825359999904322,29.82535999990432
5176,0.023580899999842586,23.580899999842586
5177,0.02291399699993235,22.91399699993235
5178,0.023606615000062448,23.606615000062448
5179,0.03164541900014228,31.645419000142283
5180,0.02347186699989834,23.47186699989834
5181,0.022566901000118378,22.566901000118378
5182,0.027836689000196202,27.836689000196202
5183,0.02912084199988385,29.12084199988385
5184,0.02254604599988852,22.54604599988852
5185,0.022104514999909952,22.104514999909952
5186,0.02844905999995717,28.44905999995717
5187,0.028777255000022706,28.777255000022706
5188,0.022562645999869346,22.562645999869346
5189,0.02299746700009564,22.99746700009564
5190,0.029563967000058256,29.563967000058256
5191,0.028854866000074253,28.854866000074253
5192,0.023134896000101435,23.134896000101435
5193,0.0227320179999424,22.7320179999424
5194,0.029879156000106377,29.879156000106377
5195,0.028382279999959792,28.382279999959792
5196,0.023157552999919062,23.157552999919062
5197,0.02396504900002583,23.96504900002583
5198,0.030583264999904713,30.583264999904713
5199,0.027025081999909162,27.025081999909162
5200,0.022471113999927184,22.471113999927184
5201,0.02236684200011041,22.36684200011041
5202,0.030866898000112997,30.866898000112997
5203,0.02823781200004305,28.23781200004305
5204,0.02318145699996421,23.18145699996421
5205,0.022732002999873657,22.732002999873657
5206,0.03208838399996239,32.08838399996239
5207,0.024422415000117326,24.422415000117326
5208,0.023199430999966353,23.199430999966353
5209,0.022703566000018327,22.703566000018327
5210,0.036264614999936384,36.264614999936384
5211,0.023608291000073223,23.608291000073223
5212,0.023048707000043578,23.048707000043578
5213,0.02270861099987087,22.70861099987087
5214,0.027317683000092075,27.317683000092075
5215,0.025926499999968655,25.926499999968655
5216,0.02255783399982647,22.55783399982647
5217,0.0220479479999085,22.0479479999085
5218,0.02970577999985835,29.70577999985835
5219,0.029113362000089182,29.113362000089182
5220,0.02308063400005267,23.08063400005267
5221,0.022687180999810153,22.687180999810153
5222,0.030577564999930473,30.577564999930473
5223,0.026793379000082496,26.793379000082496
5224,0.022534595000024638,22.534595000024638
5225,0.022024631000022055,22.024631000022055
5226,0.031413505000045916,31.413505000045916
5227,0.02797173300018585,27.97173300018585
5228,0.02310619299987593,23.10619299987593
5229,0.022841136000124607,22.841136000124607
5230,0.030969214000151624,30.969214000151624
5231,0.025602171000173257,25.602171000173257
5232,0.022614872000076502,22.614872000076502
5233,0.022033869999859235,22.033869999859235
5234,0.03166762099999687,31.66762099999687
5235,0.027084908999995605,27.084908999995605
5236,0.023178664999932153,23.178664999932153
5237,0.02234892299998137,22.34892299998137
5238,0.02904673099988031,29.04673099988031
5239,0.028238280000095983,28.238280000095983
5240,0.02310811699999249,23.10811699999249
5241,0.022107650999942052,22.107650999942052
5242,0.030255914999997913,30.255914999997913
5243,0.027934162000065044,27.934162000065044
5244,0.02309543199999098,23.09543199999098
5245,0.022743664000017816,22.743664000017816
5246,0.030368458999873837,30.368458999873837
5247,0.02830803800020476,28.30803800020476
5248,0.023118559000067762,23.118559000067762
5249,0.022697172000107457,22.697172000107457
5250,0.030078490000050806,30.078490000050806
5251,0.025566831000105594,25.566831000105594
5252,0.02254745000004732,22.54745000004732
5253,0.022139998999819,22.139998999819
5254,0.026664634000098886,26.664634000098886
5255,0.034911460000103034,34.911460000103034
5256,0.02327686800003903,23.27686800003903
5257,0.023604168000019854,23.604168000019854
5258,0.027498661999970864,27.498661999970864
5259,0.02531749700006003,25.31749700006003
5260,0.02246391899984701,22.46391899984701
5261,0.022124199000018052,22.124199000018052
5262,0.031240301999787334,31.240301999787334
5263,0.02566494600000624,25.66494600000624
5264,0.02244348399995033,22.44348399995033
5265,0.023377537999976994,23.377537999976994
5266,0.030318985999883807,30.318985999883807
5267,0.028243259000191756,28.243259000191756
5268,0.023013059000049907,23.013059000049907
5269,0.022798459000114235,22.798459000114235
5270,0.03088789999992514,30.88789999992514
5271,0.02496974400014551,24.96974400014551
5272,0.02311983999993572,23.11983999993572
5273,0.022697293000192076,22.697293000192076
5274,0.032320765999884316,32.320765999884316
5275,0.023420936999855257,23.420936999855257
5276,0.023113039999998364,23.113039999998364
5277,0.022325540999872828,22.32554099987283
5278,0.030406136999999944,30.406136999999944
5279,0.026074214999880496,26.074214999880496
5280,0.023597878999908062,23.597878999908062
5281,0.02280334900001435,22.80334900001435
5282,0.030646292000028552,30.646292000028552
5283,0.023965859000099954,23.965859000099954
5284,0.022534909999876618,22.534909999876618
5285,0.022060600000031627,22.060600000031627
5286,0.029505985000014334,29.505985000014334
5287,0.027191571999992448,27.191571999992448
5288,0.022835358000065753,22.835358000065753
5289,0.023501987999907215,23.501987999907215
5290,0.03492347800010975,34.92347800010975
5291,0.029455700999960754,29.455700999960754
5292,0.02817608600003041,28.17608600003041
5293,0.023061481000013373,23.061481000013373
5294,0.04489984900010313,44.89984900010313
5295,0.025447392999922158,25.447392999922158
5296,0.024408428000015192,24.408428000015192
5297,0.026979481000125816,26.979481000125816
5298,0.04514490700012175,45.14490700012175
5299,0.023982420000038474,23.982420000038474
5300,0.02287402199999633,22.87402199999633
5301,0.022646916000212514,22.646916000212514
5302,0.03213522999999441,32.13522999999441
5303,0.02810833799981083,28.10833799981083
5304,0.02240391800000907,22.40391800000907
5305,0.02224853699999585,22.24853699999585
5306,0.030472546000055445,30.472546000055445
5307,0.03019381399985832,30.19381399985832
5308,0.03649822500005939,36.49822500005939
5309,0.027697667000211368,27.697667000211368
5310,0.03812028599986661,38.12028599986661
5311,0.022869797000112158,22.869797000112158
5312,0.022940295000125843,22.940295000125843
5313,0.022180806999813285,22.180806999813285
5314,0.026761945000089327,26.761945000089327
5315,0.03044565400000465,30.44565400000465
5316,0.023712398000043322,23.712398000043322
5317,0.02278203199989548,22.78203199989548
5318,0.02988165199985815,29.88165199985815
5319,0.029057063999971433,29.057063999971433
5320,0.02287177400012297,22.87177400012297
5321,0.022210222000012436,22.210222000012436
5322,0.02811635400007617,28.11635400007617
5323,0.030463757000006808,30.463757000006808
5324,0.022644013999979506,22.644013999979506
5325,0.022098842000104923,22.098842000104923
5326,0.02761172199984685,27.61172199984685
5327,0.02965000499989401,29.65000499989401
5328,0.022558956000011676,22.558956000011676
5329,0.02216234499996972,22.16234499996972
5330,0.026039449000109016,26.039449000109016
5331,0.03121281399990039,31.21281399990039
5332,0.023227551999980278,23.227551999980278
5333,0.022726885000110997,22.726885000110997
5334,0.028688325000075565,28.688325000075565
5335,0.029009212000119078,29.009212000119078
5336,0.02307074200007264,23.07074200007264
5337,0.022174296999992293,22.174296999992293
5338,0.028023179999991044,28.023179999991044
5339,0.029523874999995314,29.523874999995314
5340,0.023030203999951482,23.030203999951482
5341,0.023821056000087992,23.821056000087992
5342,0.02861964299995634,28.61964299995634
5343,0.02875599499998316,28.75599499998316
5344,0.023357648999990488,23.357648999990488
5345,0.023050436000175978,23.050436000175978
5346,0.028677146000063658,28.677146000063658
5347,0.028463107000106902,28.463107000106902
5348,0.022812309000073583,22.812309000073583
5349,0.022185118000152215,22.185118000152215
5350,0.028118415000108143,28.118415000108143
5351,0.0280358239999714,28.0358239999714
5352,0.022723899000084202,22.723899000084202
5353,0.022169809999923018,22.169809999923018
5354,0.02684737300000961,26.84737300000961
5355,0.02598365900007593,25.98365900007593
5356,0.025526644999899872,25.526644999899872
5357,0.023322910000160846,23.322910000160846
5358,0.030308593999961886,30.308593999961886
5359,0.02855573200008621,28.55573200008621
5360,0.023180404999948223,23.180404999948223
5361,0.022205861999964327,22.205861999964327
5362,0.029225569999880463,29.225569999880463
5363,0.02839939399996183,28.39939399996183
5364,0.023267909999958647,23.267909999958647
5365,0.022871694000059506,22.871694000059506
5366,0.027505755999982284,27.505755999982284
5367,0.027787599000021146,27.787599000021146
5368,0.022575556999981927,22.575556999981927
5369,0.022208331000001635,22.208331000001635
5370,0.029400230999954147,29.400230999954147
5371,0.027697231000047395,27.697231000047395
5372,0.022669290999829173,22.669290999829173
5373,0.02232325399995716,22.32325399995716
5374,0.02935300100011773,29.35300100011773
5375,0.028764513999931296,28.764513999931296
5376,0.023236039000039455,23.236039000039455
5377,0.02288996200013571,22.88996200013571
5378,0.029899612000008347,29.899612000008347
5379,0.02801258800013784,28.01258800013784
5380,0.02341265400013981,23.41265400013981
5381,0.022275146999845674,22.275146999845674
5382,0.029284027000130664,29.284027000130664
5383,0.027409032000150546,27.409032000150546
5384,0.02287858599993342,22.87858599993342
5385,0.022352052000087497,22.352052000087497
5386,0.029832768999995096,29.832768999995096
5387,0.02792252099993675,27.92252099993675
5388,0.02340521899986925,23.40521899986925
5389,0.02277757499996369,22.77757499996369
5390,0.030183977999968192,30.183977999968192
5391,0.02847496599997612,28.47496599997612
5392,0.022778197000207,22.778197000207
5393,0.022302643999864813,22.302643999864813
5394,0.028956351000033465,28.956351000033465
5395,0.0276564429998416,27.6564429998416
5396,0.02267072399990866,22.67072399990866
5397,0.022192460999804098,22.192460999804098
5398,0.030327768000006472,30.327768000006472
5399,0.027483518999815715,27.483518999815715
5400,0.023649363000004087,23.649363000004087
5401,0.0228680309999163,22.8680309999163
5402,0.03015328599985878,30.15328599985878
5403,0.02811843500012401,28.11843500012401
5404,0.02313400200000615,23.13400200000615
5405,0.02352225799995722,23.52225799995722
5406,0.029157081999983347,29.157081999983347
5407,0.027768887999854996,27.768887999854996
5408,0.022909589000164488,22.909589000164488
5409,0.02256855100017674,22.56855100017674
5410,0.030312075999972876,30.312075999972876
5411,0.027508374000035474,27.508374000035474
5412,0.02249600800018925,22.49600800018925
5413,0.02218600600008358,22.18600600008358
5414,0.031121262999931787,31.121262999931787
5415,0.028017306999799985,28.017306999799985
5416,0.023249287999988155,23.249287999988155
5417,0.02276761500002067,22.76761500002067
5418,0.029859071999908338,29.859071999908338
5419,0.02834770300000855,28.34770300000855
5420,0.023155549000193787,23.155549000193787
5421,0.022843473999955677,22.843473999955677
5422,0.023547802999928535,23.547802999928535
5423,0.02915761300005215,29.15761300005215
5424,0.032968483999866294,32.968483999866294
5425,0.023570552000137468,23.570552000137468
5426,0.02671249600007286,26.71249600007286
5427,0.032194821000075535,32.194821000075535
5428,0.023551760999907856,23.551760999907856
5429,0.02338285599989831,23.38285599989831
5430,0.024155554999879314,24.155554999879314
