image_index,forward_latency_seconds,forward_latency_ms
0,0.038552929000161384,38.552929000161384
1,0.027108070999929623,27.108070999929623
2,0.021719858999858843,21.719858999858843
3,0.02075206099971183,20.75206099971183
4,0.025760952999917208,25.760952999917208
5,0.025281645999712055,25.281645999712055
6,0.021456142999795702,21.456142999795702
7,0.020718272000067373,20.718272000067373
8,0.026760343000205467,26.760343000205467
9,0.029469166999660956,29.469166999660956
10,0.021151276000182406,21.151276000182406
11,0.021308423999926163,21.308423999926163
12,0.026106984999842098,26.106984999842098
13,0.025050417999864294,25.050417999864294
14,0.022995815000285802,22.995815000285802
15,0.020819532000132313,20.819532000132313
16,0.027214199999889388,27.214199999889388
17,0.029213651999725698,29.2136519997257
18,0.021517847999803053,21.517847999803053
19,0.020749688999785576,20.749688999785576
20,0.028168737999749283,28.168737999749283
21,0.026330753000365803,26.330753000365803
22,0.02342410999972344,23.42410999972344
23,0.023324176000187435,23.324176000187435
24,0.04146410900011688,41.46410900011688
25,0.026535937000062404,26.535937000062404
26,0.021713991000069655,21.713991000069655
27,0.022167144999912125,22.167144999912125
28,0.02500973199994405,25.00973199994405
29,0.03060533999996551,30.60533999996551
30,0.02154121200010195,21.54121200010195
31,0.02100033299984716,21.00033299984716
32,0.026569507000203885,26.569507000203885
33,0.02518215300005977,25.18215300005977
34,0.02119636600036756,21.19636600036756
35,0.02165099099966028,21.65099099966028
36,0.028181732000120974,28.181732000120974
37,0.02682234200028688,26.82234200028688
38,0.021987532999901305,21.987532999901305
39,0.021179195000058826,21.179195000058826
40,0.0257252750002408,25.7252750002408
41,0.023110512999664934,23.110512999664934
42,0.021567132000200218,21.567132000200218
43,0.020872033999694395,20.872033999694395
44,0.02905744599956961,29.05744599956961
45,0.027377240000078018,27.377240000078018
46,0.02111503600008291,21.11503600008291
47,0.021456956999827526,21.456956999827526
48,0.02578264100020533,25.78264100020533
49,0.027568721999614354,27.568721999614354
50,0.02236387899984038,22.36387899984038
51,0.02092788100026155,20.92788100026155
52,0.02748543799998515,27.48543799998515
53,0.027890089000266016,27.890089000266016
54,0.021692767000331514,21.692767000331514
55,0.02078280600017024,20.78280600017024
56,0.02560066999967603,25.60066999967603
57,0.029843662999610387,29.843662999610387
58,0.02100685200002772,21.00685200002772
59,0.021538426999995863,21.538426999995863
60,0.030671888000142644,30.671888000142644
61,0.02153236399999514,21.53236399999514
62,0.021841352000137704,21.841352000137704
63,0.02093601700016734,20.93601700016734
64,0.027624407000075735,27.624407000075735
65,0.028473338999901898,28.473338999901898
66,0.021230554999874585,21.230554999874585
67,0.020563996999953815,20.563996999953815
68,0.026773373000196443,26.773373000196443
69,0.02475451800000883,24.75451800000883
70,0.021125274000041827,21.125274000041827
71,0.021571941999809496,21.571941999809496
72,0.027789795999979106,27.789795999979106
73,0.02779183499978899,27.79183499978899
74,0.021838497000317147,21.838497000317147
75,0.021097987999837642,21.097987999837642
76,0.025994225999966147,25.994225999966147
77,0.02603698200027793,26.03698200027793
78,0.021625853999921674,21.625853999921674
79,0.02059115500014741,20.59115500014741
80,0.02815546500005439,28.15546500005439
81,0.028191467999931774,28.191467999931774
82,0.020963425999980245,20.963425999980245
83,0.021469492000051105,21.469492000051105
84,0.02590203099998689,25.90203099998689
85,0.026134902999729093,26.134902999729093
86,0.021829020000041055,21.829020000041055
87,0.02097516000003452,20.97516000003452
88,0.027295132999825,27.295132999825
89,0.028605728000002273,28.605728000002273
90,0.02199568800006091,21.99568800006091
91,0.020708345000002737,20.708345000002737
92,0.02630014900023525,26.30014900023525
93,0.024638974000026792,24.638974000026792
94,0.023331039999902714,23.331039999902714
95,0.022911128000032477,22.911128000032477
96,0.0336363070000516,33.6363070000516
97,0.022292430000106833,22.292430000106833
98,0.021802857000238873,21.802857000238873
99,0.02099091399986719,20.99091399986719
100,0.02803429599998708,28.03429599998708
101,0.03238055500014525,32.38055500014525
102,0.02333329799967032,23.33329799967032
103,0.02192354500039073,21.92354500039073
104,0.029633455999828584,29.633455999828584
105,0.026431035000314296,26.431035000314296
106,0.021024910000051023,21.024910000051023
107,0.02117837400010103,21.17837400010103
108,0.030969386999913695,30.969386999913695
109,0.02717521399972611,27.17521399972611
110,0.021607175000099232,21.607175000099232
111,0.021234022000044206,21.234022000044206
112,0.03363181100030488,33.63181100030488
113,0.023397465000016382,23.397465000016382
114,0.0215281790001427,21.5281790001427
115,0.020782173000043258,20.782173000043258
116,0.022990529999788123,22.990529999788123
117,0.03344469300009223,33.44469300009223
118,0.02129739400015751,21.29739400015751
119,0.021573281999735627,21.573281999735627
120,0.02835588900006769,28.35588900006769
121,0.027051703999859456,27.051703999859456
122,0.02175491999969381,21.75491999969381
123,0.021350887000153307,21.350887000153307
124,0.025559112999872013,25.559112999872013
125,0.025594496999929106,25.594496999929106
126,0.02213386699986586,22.13386699986586
127,0.020581301000220265,20.581301000220265
128,0.02791731500019523,27.91731500019523
129,0.028920783000103256,28.920783000103256
130,0.020967662000202836,20.967662000202836
131,0.02146644999993441,21.46644999993441
132,0.02700624700037224,27.00624700037224
133,0.03085246799992092,30.85246799992092
134,0.021747762000359216,21.747762000359216
135,0.020928255999933754,20.928255999933754
136,0.03834656700018968,38.34656700018968
137,0.022471598999800335,22.471598999800335
138,0.021438002999730088,21.438002999730088
139,0.020612704000086524,20.612704000086524
140,0.03233488600017154,32.33488600017154
141,0.022446383999977115,22.446383999977115
142,0.02069643200002247,20.69643200002247
143,0.02120265500025198,21.20265500025198
144,0.04534066199994413,45.34066199994413
145,0.020578073000251607,20.578073000251607
146,0.020079815999906714,20.079815999906714
147,0.020043118000103277,20.043118000103277
148,0.03243568299967592,32.43568299967592
149,0.027717340999970475,27.717340999970475
150,0.02052753299994947,20.52753299994947
151,0.019712879000053363,19.712879000053363
152,0.030141389000164054,30.141389000164054
153,0.028040214000156993,28.040214000156993
154,0.02315282900008242,23.15282900008242
155,0.020621498999844334,20.621498999844334
156,0.026988956999957736,26.988956999957736
157,0.030215655000120023,30.215655000120023
158,0.021432026000184123,21.432026000184123
159,0.020709760000045208,20.709760000045208
160,0.03692254299994602,36.92254299994602
161,0.023963725000157865,23.963725000157865
162,0.021590968000055,21.590968000055
163,0.02080099499971766,20.80099499971766
164,0.03833643899997696,38.33643899997696
165,0.022668371999770898,22.668371999770898
166,0.020924189000197657,20.924189000197657
167,0.021369934000176727,21.369934000176727
168,0.03280202499990992,32.80202499990992
169,0.02250773699961428,22.50773699961428
170,0.02184906200000114,21.84906200000114
171,0.021257104000142135,21.257104000142135
172,0.032154697999885684,32.154697999885684
173,0.02844551699990916,28.44551699990916
174,0.02134967800020604,21.34967800020604
175,0.020675917000062327,20.675917000062327
176,0.03384386099969561,33.84386099969561
177,0.027830512000036833,27.830512000036833
178,0.021867986999950517,21.867986999950517
179,0.0221858009999778,22.1858009999778
180,0.03369375200009017,33.69375200009017
181,0.027431303999946977,27.431303999946977
182,0.021649682999850484,21.649682999850484
183,0.020358040999781224,20.358040999781224
184,0.02969861600013246,29.69861600013246
185,0.027992246000394516,27.992246000394516
186,0.02075085200021931,20.75085200021931
187,0.020362981999824115,20.362981999824115
188,0.04023749499992846,40.23749499992846
189,0.023011881000002177,23.011881000002177
190,0.020869156000117073,20.869156000117073
191,0.021316599999863683,21.316599999863683
192,0.027462324000225635,27.462324000225635
193,0.03123991600023146,31.23991600023146
194,0.02163051200022892,21.63051200022892
195,0.021397072000127082,21.397072000127082
196,0.03013582999983555,30.13582999983555
197,0.023087032999683288,23.087032999683288
198,0.021262584999931278,21.262584999931278
199,0.0216181690002486,21.6181690002486
200,0.03309584399994492,33.09584399994492
201,0.02798251700005494,27.98251700005494
202,0.021003173999815772,21.003173999815772
203,0.020891423000193754,20.891423000193754
204,0.031024746999719355,31.024746999719355
205,0.026820734000011726,26.820734000011726
206,0.021366844000112906,21.366844000112906
207,0.020392069000081392,20.392069000081392
208,0.0311560040004224,31.1560040004224
209,0.022997480999947584,22.997480999947584
210,0.021447214000090753,21.447214000090753
211,0.020960575000117387,20.960575000117387
212,0.033308186999875034,33.30818699987503
213,0.022973739999997633,22.973739999997633
214,0.02593288699972618,25.93288699972618
215,0.030572775000109687,30.572775000109687
216,0.055770270000266464,55.770270000266464
217,0.0305126600001131,30.5126600001131
218,0.03065954099974988,30.65954099974988
219,0.029630329000156053,29.630329000156053
220,0.056594117999793525,56.594117999793525
221,0.027947622999818122,27.947622999818122
222,0.020699059999969904,20.699059999969904
223,0.02032527899973502,20.32527899973502
224,0.0387308130002566,38.7308130002566
225,0.13764300899993032,137.64300899993032
226,0.03259351799988508,32.59351799988508
227,0.02283892500008733,22.83892500008733
228,0.03793793500017273,37.93793500017273
229,0.02246478600000046,22.46478600000046
230,0.021526287000142474,21.526287000142474
231,0.020890707000035036,20.890707000035036
232,0.033304938999663136,33.304938999663136
233,0.02389029699997991,23.89029699997991
234,0.021900203000313923,21.900203000313923
235,0.021050348000244412,21.050348000244412
236,0.03275653800028522,32.75653800028522
237,0.028104971000175283,28.104971000175283
238,0.020654882000144426,20.654882000144426
239,0.02077096299990444,20.77096299990444
240,0.029893431999880704,29.893431999880704
241,0.031152040000051784,31.152040000051784
242,0.02694335600017439,26.94335600017439
243,0.025060110000140412,25.060110000140412
244,0.0276818600000297,27.6818600000297
245,0.03008847799992509,30.08847799992509
246,0.02143675900015296,21.43675900015296
247,0.021224638000148843,21.224638000148843
248,0.02848390899998776,28.48390899998776
249,0.03262723499983622,32.62723499983622
250,0.021096158000091236,21.096158000091236
251,0.021238646999790944,21.238646999790944
252,0.028854112999852077,28.854112999852077
253,0.02168944000004558,21.68944000004558
254,0.022540813999967213,22.540813999967213
255,0.020587031000104616,20.587031000104616
256,0.03194367500009321,31.943675000093208
257,0.027561712000078842,27.561712000078842
258,0.021679902999949263,21.679902999949263
259,0.0206936089998635,20.6936089998635
260,0.030472365000150603,30.472365000150603
261,0.03478348899989214,34.78348899989214
262,0.03133901100000003,31.339011000000028
263,0.025696853999761515,25.696853999761515
264,0.03278560899980221,32.78560899980221
265,0.027358498000012332,27.358498000012332
266,0.021365842000250268,21.365842000250268
267,0.020444484000108787,20.444484000108787
268,0.029457561999606696,29.457561999606696
269,0.02787400000033813,27.87400000033813
270,0.021083278999867616,21.083278999867616
271,0.02018004399997153,20.18004399997153
272,0.032575056000041513,32.57505600004151
273,0.02268501099979403,22.68501099979403
274,0.021224892000191176,21.224892000191176
275,0.022350508000272384,22.350508000272384
276,0.026068074999784585,26.068074999784585
277,0.033417456000279344,33.417456000279344
278,0.02262517899998784,22.62517899998784
279,0.021196147999944515,21.196147999944515
280,0.03235831399979361,32.35831399979361
281,0.025638515000082407,25.638515000082407
282,0.023924518000058015,23.924518000058015
283,0.020271814999887283,20.271814999887283
284,0.03228067700001702,32.28067700001702
285,0.027560079000068072,27.56007900006807
286,0.021115509000082966,21.115509000082966
287,0.021231233000435168,21.231233000435168
288,0.034071286999733275,34.071286999733275
289,0.02731837200008158,27.31837200008158
290,0.02175251800008482,21.75251800008482
291,0.02083478999975341,20.83478999975341
292,0.0300355090002995,30.0355090002995
293,0.02768603999993502,27.68603999993502
294,0.02086400100006358,20.86400100006358
295,0.02038239000012254,20.38239000012254
296,0.026600774000144156,26.600774000144156
297,0.032329231000403524,32.329231000403524
298,0.02788357500003258,27.88357500003258
299,0.021448297999995702,21.448297999995702
300,0.03237923000006049,32.37923000006049
301,0.027910836000046402,27.9108360000464
302,0.021966190000057395,21.966190000057395
303,0.021197583999764902,21.197583999764902
304,0.03049673099985739,30.49673099985739
305,0.028044351000062306,28.044351000062306
306,0.021377400999881502,21.3774009998815
307,0.02021015099990109,20.21015099990109
308,0.027085757999884663,27.085757999884663
309,0.030556912000065495,30.556912000065495
310,0.0380858610001269,38.0858610001269
311,0.023812625000118715,23.812625000118715
312,0.03804580600035479,38.04580600035479
313,0.02346332800016171,23.46332800016171
314,0.022690066999984992,22.690066999984992
315,0.027016022999760025,27.016022999760025
316,0.04381464300013249,43.81464300013249
317,0.023168458999862196,23.168458999862196
318,0.0223177649995705,22.3177649995705
319,0.02174588899970331,21.74588899970331
320,0.031196108000131062,31.196108000131062
321,0.02316847699967184,23.16847699967184
322,0.02324315399982879,23.24315399982879
323,0.02243826599988097,22.43826599988097
324,0.027105123000183085,27.105123000183085
325,0.02656411499992828,26.56411499992828
326,0.024333940999895276,24.333940999895276
327,0.023072445000252628,23.07244500025263
328,0.02956755500008512,29.56755500008512
329,0.027356648000022687,27.356648000022687
330,0.022290505999990273,22.290505999990273
331,0.021783167000194226,21.783167000194226
332,0.030474133000097936,30.474133000097936
333,0.02827692399978332,28.27692399978332
334,0.02214686500019525,22.14686500019525
335,0.02270626600011383,22.70626600011383
336,0.0304028800001106,30.4028800001106
337,0.027409757999976136,27.409757999976136
338,0.02366824099999576,23.66824099999576
339,0.022659696999653534,22.659696999653534
340,0.03075275099990904,30.75275099990904
341,0.028621197000120446,28.621197000120446
342,0.023196003000066412,23.196003000066412
343,0.022869272999741952,22.869272999741952
344,0.0319806319998861,31.9806319998861
345,0.023408708999795635,23.408708999795635
346,0.02280279700016763,22.80279700016763
347,0.02296252900032414,22.96252900032414
348,0.03159916999993584,31.59916999993584
349,0.024473382999985915,24.473382999985915
350,0.023565178999888303,23.565178999888303
351,0.022677152999676764,22.677152999676764
352,0.028715899999951944,28.715899999951944
353,0.023312685000291822,23.312685000291822
354,0.022399718999622564,22.399718999622564
355,0.021797471000354562,21.797471000354562
356,0.03258424700015894,32.58424700015894
357,0.02513442000008581,25.13442000008581
358,0.02310902899989742,23.10902899989742
359,0.0230682340002204,23.0682340002204
360,0.03762420699968061,37.62420699968061
361,0.02343797399998948,23.43797399998948
362,0.02338592400019479,23.38592400019479
363,0.02331773300011264,23.31773300011264
364,0.03195524100010516,31.95524100010516
365,0.04089646900001753,40.89646900001753
366,0.026529708999987633,26.529708999987633
367,0.02237987599983171,22.37987599983171
368,0.03306099300016285,33.06099300016285
369,0.027956847000041307,27.956847000041307
370,0.020819940000365023,20.819940000365023
371,0.020851103000040894,20.851103000040894
372,0.033338769000238244,33.338769000238244
373,0.023111939000045822,23.111939000045822
374,0.02365198400002555,23.65198400002555
375,0.022654639999927895,22.654639999927895
376,0.025802408999879844,25.802408999879844
377,0.0327320849996795,32.7320849996795
378,0.023353520999989996,23.353520999989996
379,0.022345611000218923,22.345611000218923
380,0.03055272400024478,30.55272400024478
381,0.028580340999724285,28.580340999724285
382,0.022922805000234803,22.922805000234803
383,0.022283832000084658,22.283832000084658
384,0.02816178100010802,28.16178100010802
385,0.02768302100002984,27.68302100002984
386,0.02282904999992752,22.82904999992752
387,0.021977676000005886,21.977676000005886
388,0.025604291000036028,25.604291000036028
389,0.030410055000174907,30.410055000174907
390,0.023212053999941418,23.212053999941418
391,0.022329356000227563,22.329356000227563
392,0.029349764000016876,29.349764000016876
393,0.028763224999693193,28.763224999693193
394,0.02359683099984977,23.59683099984977
395,0.022127924999949755,22.127924999949755
396,0.028600517000086256,28.600517000086256
397,0.02835536900010993,28.35536900010993
398,0.022933829000066908,22.933829000066908
399,0.021975906000079704,21.975906000079704
400,0.028456998999899952,28.45699899989995
401,0.02896050999970612,28.96050999970612
402,0.023153331999765214,23.153331999765214
403,0.02250895999986824,22.50895999986824
404,0.030377738999959547,30.377738999959547
405,0.02847226200037767,28.47226200037767
406,0.02291117699996903,22.91117699996903
407,0.023077876000115793,23.077876000115793
408,0.029847351999706007,29.847351999706007
409,0.028509212999779265,28.509212999779265
410,0.022950834999846847,22.950834999846847
411,0.02250502199967741,22.50502199967741
412,0.030802200000380253,30.802200000380253
413,0.028236150000338966,28.236150000338966
414,0.02307541999971363,23.07541999971363
415,0.02245793100019,22.45793100019
416,0.029889534000176354,29.889534000176354
417,0.029001674000028288,29.001674000028288
418,0.02298816100028489,22.98816100028489
419,0.022240590999899723,22.240590999899723
420,0.030728250999800366,30.728250999800366
421,0.02770773099973667,27.70773099973667
422,0.023524105999968015,23.524105999968015
423,0.022618913000314933,22.618913000314933
424,0.03142143599961855,31.421435999618552
425,0.023626495999906183,23.626495999906183
426,0.022327523000058136,22.327523000058136
427,0.021758768999916356,21.758768999916356
428,0.03179993100002321,31.799931000023207
429,0.026666929999919375,26.666929999919375
430,0.02280272000007244,22.80272000007244
431,0.024791189000097802,24.791189000097802
432,0.04618378400027723,46.18378400027723
433,0.023540184000012232,23.540184000012232
434,0.022837323999738146,22.837323999738146
435,0.02207475399973191,22.07475399973191
436,0.028211361000103352,28.211361000103352
437,0.028100160000121832,28.100160000121832
438,0.02266979399973934,22.66979399973934
439,0.021869317999971827,21.869317999971827
440,0.02885839100008525,28.85839100008525
441,0.028353158000300027,28.353158000300027
442,0.022889377999945282,22.88937799994528
443,0.023103280999748677,23.103280999748677
444,0.030125245999897743,30.125245999897743
445,0.028085876000204735,28.085876000204735
446,0.023395686999720056,23.395686999720056
447,0.02421820499966998,24.21820499966998
448,0.030855381000037596,30.855381000037596
449,0.023869372000262956,23.869372000262956
450,0.023145837999891228,23.145837999891228
451,0.02250021600002583,22.50021600002583
452,0.03352108400031284,33.52108400031284
453,0.02349334500013356,23.49334500013356
454,0.022889335000400024,22.889335000400024
455,0.022862369999984367,22.862369999984367
456,0.03173270799970851,31.73270799970851
457,0.023429694999776984,23.429694999776984
458,0.02402592700036621,24.02592700036621
459,0.022645948999979737,22.645948999979737
460,0.030308372000035888,30.308372000035888
461,0.02400126500015176,24.00126500015176
462,0.022292525000011665,22.292525000011665
463,0.022246144999826356,22.246144999826356
464,0.028969963999770698,28.969963999770698
465,0.027784589000020787,27.784589000020787
466,0.023064033000082418,23.064033000082418
467,0.02317697800026508,23.17697800026508
468,0.02970655600029204,29.70655600029204
469,0.028312698999798158,28.312698999798158
470,0.02335764500003279,23.35764500003279
471,0.022512344000006124,22.512344000006124
472,0.030122462999770505,30.122462999770505
473,0.02761111100016933,27.61111100016933
474,0.022352617000251485,22.352617000251485
475,0.022495365999930073,22.495365999930073
476,0.02931111099996997,29.31111099996997
477,0.027361741000277107,27.361741000277107
478,0.022838848999981565,22.838848999981565
479,0.02799021700002413,27.99021700002413
480,0.04677646099980848,46.77646099980848
481,0.023746517000290623,23.746517000290623
482,0.022277469000073324,22.277469000073324
483,0.021780218000003515,21.780218000003515
484,0.02883250200011389,28.83250200011389
485,0.02819536600009087,28.19536600009087
486,0.022722745000010036,22.722745000010036
487,0.022885913999743934,22.885913999743934
488,0.030445416000020487,30.445416000020487
489,0.02782954599979348,27.82954599979348
490,0.023161940000136383,23.161940000136383
491,0.02197302700005821,21.97302700005821
492,0.029242422999686823,29.242422999686823
493,0.02845005500012121,28.45005500012121
494,0.02254824200008443,22.54824200008443
495,0.021749932000147965,21.749932000147965
496,0.032111909999912314,32.111909999912314
497,0.02795516200012571,27.95516200012571
498,0.022398763000182953,22.398763000182953
499,0.022986624000168376,22.986624000168376
500,0.03144585499967434,31.44585499967434
501,0.028189386000121885,28.189386000121885
502,0.02333251400023073,23.33251400023073
503,0.022886835000008432,22.886835000008432
504,0.030942762999984552,30.942762999984552
505,0.025667045000318467,25.667045000318467
506,0.023299425999994128,23.299425999994128
507,0.022160410000196862,22.160410000196862
508,0.03508493499975884,35.08493499975884
509,0.02376492000030339,23.76492000030339
510,0.02296700199985935,22.96700199985935
511,0.02295965699977387,22.95965699977387
512,0.03847485200003575,38.47485200003575
513,0.024850523000168323,24.850523000168323
514,0.02334858299991538,23.34858299991538
515,0.022302803000002314,22.302803000002314
516,0.028618222000204696,28.618222000204696
517,0.029573806999906083,29.573806999906083
518,0.02253893800025253,22.53893800025253
519,0.021784412000215525,21.784412000215525
520,0.025381809000009525,25.381809000009525
521,0.032330725000065286,32.330725000065286
522,0.022945693000110623,22.945693000110623
523,0.02288011300015569,22.88011300015569
524,0.030960840999796346,30.960840999796346
525,0.028136285999607935,28.136285999607935
526,0.023522898000010173,23.522898000010173
527,0.022588739000184432,22.588739000184432
528,0.029509851000057097,29.509851000057097
529,0.029626308999922912,29.626308999922912
530,0.02238831000022401,22.38831000022401
531,0.021736889999829145,21.736889999829145
532,0.030131317999803287,30.131317999803287
533,0.02852473099983399,28.52473099983399
534,0.022148015999846393,22.148015999846393
535,0.0223672950000946,22.3672950000946
536,0.03190007500006686,31.900075000066863
537,0.028011799000069004,28.011799000069004
538,0.022594749000290903,22.594749000290903
539,0.022302760999991733,22.302760999991733
540,0.023007569999663247,23.007569999663247
541,0.03233312300017133,32.33312300017133
542,0.02335331300037069,23.35331300037069
543,0.022651378999853478,22.651378999853478
544,0.03124456800014741,31.24456800014741
545,0.029464293000273756,29.464293000273756
546,0.03522759899988159,35.22759899988159
547,0.024576570999670366,24.576570999670366
548,0.04286830099999861,42.86830099999861
549,0.0260369989996434,26.0369989996434
550,0.025044450999757828,25.044450999757828
551,0.02304403000016464,23.04403000016464
552,0.03691145699986009,36.91145699986009
553,0.027221368000027724,27.221368000027724
554,0.025060411000140448,25.060411000140448
555,0.02386418300011428,23.86418300011428
556,0.0410790559999441,41.0790559999441
557,0.02608265199978632,26.08265199978632
558,0.02438384800007043,24.38384800007043
559,0.022673829999803274,22.673829999803274
560,0.02668740599983721,26.68740599983721
561,0.026466786000128195,26.466786000128195
562,0.02337808100037364,23.37808100037364
563,0.022042242000225087,22.042242000225087
564,0.03104981000024054,31.04981000024054
565,0.028096423000079085,28.096423000079085
566,0.022829321000244818,22.829321000244818
567,0.022381043000223144,22.381043000223144
568,0.031771997999840096,31.771997999840096
569,0.025883905999762646,25.883905999762646
570,0.02269738899985896,22.69738899985896
571,0.023071390000040992,23.071390000040992
572,0.04158897799970873,41.58897799970873
573,0.023636977000023762,23.636977000023762
574,0.023327603999860003,23.327603999860003
575,0.022160706000249775,22.160706000249775
576,0.02589874700015571,25.89874700015571
577,0.031193923000046198,31.193923000046198
578,0.028574390000358107,28.574390000358107
579,0.023225323000133358,23.225323000133358
580,0.0441675550000582,44.1675550000582
581,0.023825037000278826,23.825037000278826
582,0.02208094500019797,22.08094500019797
583,0.02231426200023634,22.31426200023634
584,0.025622298999678605,25.622298999678605
585,0.03178221300004225,31.782213000042248
586,0.023541730000033567,23.541730000033567
587,0.022683822000090004,22.683822000090004
588,0.02879124099990804,28.79124099990804
589,0.029182613999637397,29.182613999637397
590,0.022369754999999714,22.369754999999714
591,0.02177569900004528,21.77569900004528
592,0.030044407999866962,30.044407999866962
593,0.02783277500020631,27.83277500020631
594,0.022368555999946693,22.368555999946693
595,0.022753860999728204,22.753860999728204
596,0.03332819500019468,33.32819500019468
597,0.02838191299997561,28.38191299997561
598,0.024992431000100623,24.992431000100623
599,0.023881865000021207,23.881865000021207
600,0.040142917999673955,40.142917999673955
601,0.024052122000284726,24.052122000284726
602,0.02304089600011139,23.04089600011139
603,0.02239459700012958,22.39459700012958
604,0.03165563900029156,31.655639000291558
605,0.024384641000324336,24.384641000324336
606,0.022568120999949315,22.568120999949315
607,0.022426217999964138,22.426217999964138
608,0.035020764999899257,35.02076499989926
609,0.023228157000175997,23.228157000175997
610,0.02318423199994868,23.18423199994868
611,0.02360619199998837,23.60619199998837
612,0.027189395999812405,27.189395999812405
613,0.03048066800010929,30.48066800010929
614,0.02252242099984869,22.52242099984869
615,0.02181290299995453,21.81290299995453
616,0.026309617999686452,26.309617999686452
617,0.02988416900006996,29.88416900006996
618,0.022154193999995186,22.154193999995186
619,0.022632207000242488,22.632207000242488
620,0.02470456400033072,24.70456400033072
621,0.0359799549996751,35.9799549996751
622,0.024025608000101784,24.025608000101784
623,0.022611573999711254,22.611573999711254
624,0.12246058999971865,122.46058999971865
625,0.03712560800022402,37.12560800022402
626,0.022079743999711354,22.079743999711354
627,0.021874600000046485,21.874600000046485
628,0.03363779599976624,33.63779599976624
629,0.025448885000059818,25.448885000059818
630,0.022708423999574734,22.708423999574734
631,0.025251277999814192,25.251277999814192
632,0.027250865000041813,27.250865000041813
633,0.02719098599982317,27.19098599982317
634,0.023488585999984934,23.488585999984934
635,0.022150977999899624,22.150977999899624
636,0.024131450000368204,24.131450000368204
637,0.032171079000363534,32.171079000363534
638,0.022814379000010376,22.814379000010376
639,0.022182940999755374,22.182940999755374
640,0.03404846500006897,34.04846500006897
641,0.023851994999859016,23.851994999859016
642,0.023785509999925125,23.785509999925125
643,0.027041890999953466,27.041890999953466
644,0.027368919999844366,27.368919999844366
645,0.03155311699993035,31.553116999930353
646,0.023442163999789045,23.442163999789045
647,0.022022156000275572,22.022156000275572
648,0.02683100000012928,26.83100000012928
649,0.02929180399996767,29.29180399996767
650,0.022647707000032824,22.647707000032824
651,0.021778498999992735,21.778498999992735
652,0.025646881999819016,25.646881999819016
653,0.029593902000215166,29.593902000215166
654,0.022222927999791864,22.222927999791864
655,0.022853871999814146,22.853871999814146
656,0.027174499000011565,27.174499000011565
657,0.02311600700022609,23.11600700022609
658,0.023493798000345123,23.493798000345123
659,0.022610533999795734,22.610533999795734
660,0.03257856999971409,32.57856999971409
661,0.02389065199986362,23.89065199986362
662,0.02294145300038508,22.94145300038508
663,0.022383601000001363,22.383601000001363
664,0.02695037900002717,26.95037900002717
665,0.026974376999987726,26.974376999987726
666,0.022067686000355025,22.067686000355025
667,0.022447576000104164,22.447576000104164
668,0.029149833000246872,29.149833000246872
669,0.028239546999884624,28.239546999884624
670,0.023295087999940733,23.295087999940733
671,0.022861583000121755,22.861583000121755
672,0.029997136000019964,29.997136000019964
673,0.02855636999993294,28.55636999993294
674,0.024306478000198695,24.306478000198695
675,0.02194697899994935,21.94697899994935
676,0.031135042999721918,31.135042999721918
677,0.02841224499979944,28.41224499979944
678,0.023033454999676906,23.033454999676906
679,0.02304821899997478,23.04821899997478
680,0.030655800999738858,30.655800999738858
681,0.023587802999827545,23.587802999827545
682,0.023289179999665066,23.289179999665066
683,0.022359916999903362,22.359916999903362
684,0.028665993000231538,28.665993000231538
685,0.02805401100022209,28.05401100022209
686,0.02261321499963742,22.61321499963742
687,0.021980650999921636,21.980650999921636
688,0.030946136999773444,30.946136999773444
689,0.028258456000003207,28.258456000003207
690,0.022787077999964822,22.787077999964822
691,0.02300171299975773,23.00171299975773
692,0.02995240299969737,29.95240299969737
693,0.02815894000013941,28.15894000013941
694,0.02377921300012531,23.77921300012531
695,0.022054245000163064,22.054245000163064
696,0.029243256999961886,29.243256999961886
697,0.028409514000031777,28.409514000031777
698,0.02258284699973956,22.58284699973956
699,0.026007213999946543,26.007213999946543
700,0.037032283000371535,37.032283000371535
701,0.030609717999595887,30.609717999595887
702,0.022914198999842483,22.914198999842483
703,0.022884994999913033,22.884994999913033
704,0.029241121999803,29.241121999803
705,0.027752189000239014,27.752189000239014
706,0.023339920000125858,23.339920000125858
707,0.024293261999901006,24.293261999901006
708,0.028493226999671606,28.493226999671606
709,0.02770255899986296,27.70255899986296
710,0.022455281000020477,22.455281000020477
711,0.022096742000030645,22.096742000030645
712,0.02881369499982611,28.81369499982611
713,0.027373685000384285,27.373685000384285
714,0.02231349700014107,22.31349700014107
715,0.0225166119998903,22.5166119998903
716,0.027145963999828382,27.145963999828382
717,0.02816322599983323,28.16322599983323
718,0.02356272999986686,23.56272999986686
719,0.022614938999595324,22.614938999595324
720,0.02715713199995662,27.15713199995662
721,0.028647604000070714,28.647604000070714
722,0.02271910499985097,22.71910499985097
723,0.02177804399980232,21.77804399980232
724,0.02703590900000563,27.03590900000563
725,0.027722868000182643,27.722868000182643
726,0.022956607000196527,22.956607000196527
727,0.023019857999770466,23.019857999770466
728,0.0280176470000697,28.0176470000697
729,0.02739810100001705,27.39810100001705
730,0.02277191600023798,22.77191600023798
731,0.02202602499983186,22.02602499983186
732,0.025101140000060695,25.101140000060695
733,0.029906700999617897,29.906700999617897
734,0.023055227999975614,23.055227999975614
735,0.022461775000010675,22.461775000010675
736,0.02622036200000366,26.22036200000366
737,0.030283108000276115,30.283108000276115
738,0.022894487000030495,22.894487000030495
739,0.02321821000032287,23.21821000032287
740,0.02615014999992127,26.15014999992127
741,0.030755494000004546,30.755494000004546
742,0.02279958600001919,22.79958600001919
743,0.021983813000133523,21.983813000133523
744,0.024895791999824723,24.895791999824723
745,0.02995100399994044,29.95100399994044
746,0.022648909000054118,22.648909000054118
747,0.02209857900015777,22.09857900015777
748,0.026837894999971468,26.837894999971468
749,0.022999734000222816,22.999734000222816
750,0.02275157699978081,22.75157699978081
751,0.02289619799967113,22.89619799967113
752,0.030763327999920875,30.763327999920875
753,0.026371168999958172,26.371168999958172
754,0.023372154999833583,23.372154999833583
755,0.02276532199994108,22.76532199994108
756,0.029547190999892337,29.547190999892337
757,0.027480424999794195,27.480424999794195
758,0.022900476999893726,22.900476999893726
759,0.02188566999984687,21.88566999984687
760,0.030362462000084633,30.362462000084633
761,0.028500510999947437,28.500510999947437
762,0.022726307999619166,22.726307999619166
763,0.023291814000003797,23.291814000003797
764,0.029566469000201323,29.566469000201323
765,0.030321869000090373,30.321869000090373
766,0.02382594099981361,23.82594099981361
767,0.02534566399981486,25.34566399981486
768,0.038820125999791344,38.820125999791344
769,0.03010019100020145,30.10019100020145
770,0.022334941000281106,22.334941000281106
771,0.02193409099982091,21.93409099982091
772,0.03154779599981339,31.54779599981339
773,0.026519306000409415,26.519306000409415
774,0.022470566000265535,22.470566000265535
775,0.022470194000106858,22.470194000106858
776,0.029340938999666832,29.340938999666832
777,0.027858317000209354,27.858317000209354
778,0.023697380000157864,23.697380000157864
779,0.022782359999837354,22.782359999837354
780,0.030338983000092412,30.338983000092412
781,0.02911667700027465,29.11667700027465
782,0.023110162000193668,23.110162000193668
783,0.022402550000151678,22.402550000151678
784,0.03074565099996107,30.74565099996107
785,0.026514907000091625,26.514907000091625
786,0.02272543000026417,22.72543000026417
787,0.022264868000092974,22.264868000092974
788,0.02916392099996301,29.16392099996301
789,0.02675585500037414,26.75585500037414
790,0.02265357900023446,22.65357900023446
791,0.021902573000261327,21.902573000261327
792,0.027870165999956953,27.870165999956953
793,0.02798642600009771,27.98642600009771
794,0.022774279000259412,22.774279000259412
795,0.022545275000084075,22.545275000084075
796,0.02923393599985502,29.23393599985502
797,0.028915880000113248,28.915880000113248
798,0.023070303999702446,23.070303999702446
799,0.023184331999800634,23.184331999800634
800,0.027355052000075375,27.355052000075375
801,0.028068245999747887,28.068245999747887
802,0.022781413000302564,22.781413000302564
803,0.021957251999992877,21.957251999992877
804,0.025995540999701916,25.995540999701916
805,0.030959601999711595,30.959601999711595
806,0.023007109999980457,23.007109999980457
807,0.022413157999835676,22.413157999835676
808,0.028888644999824464,28.888644999824464
809,0.029402196000319236,29.402196000319236
810,0.022844669000278373,22.844669000278373
811,0.022323942999719293,22.323942999719293
812,0.027867028999935428,27.867028999935428
813,0.029553135999776714,29.553135999776714
814,0.027664802999879612,27.664802999879612
815,0.02247618199999124,22.47618199999124
816,0.029238219999569992,29.238219999569992
817,0.029377015000136453,29.377015000136453
818,0.02309028199988461,23.09028199988461
819,0.022560208999948372,22.560208999948372
820,0.029937649000203237,29.937649000203237
821,0.02835934199993062,28.35934199993062
822,0.02258292300030007,22.58292300030007
823,0.02246467599979951,22.46467599979951
824,0.028626613000142243,28.626613000142243
825,0.026969431999987137,26.969431999987137
826,0.02265114200008611,22.65114200008611
827,0.02204922200007786,22.04922200007786
828,0.027751530000386992,27.751530000386992
829,0.02809176100026889,28.09176100026889
830,0.02237079399992581,22.37079399992581
831,0.02373502099999314,23.73502099999314
832,0.03062920000002123,30.62920000002123
833,0.028040021999913733,28.040021999913733
834,0.022851454999909038,22.851454999909038
835,0.02289087400004064,22.89087400004064
836,0.030283808000149293,30.283808000149293
837,0.027512111999840272,27.512111999840272
838,0.023339523999766243,23.339523999766243
839,0.022256998000102612,22.256998000102612
840,0.029390233999947668,29.390233999947668
841,0.02921887999991668,29.21887999991668
842,0.02249133499981326,22.49133499981326
843,0.022155849999762722,22.155849999762722
844,0.030296137999812345,30.296137999812345
845,0.027331770999808214,27.331770999808214
846,0.02216788700025063,22.16788700025063
847,0.022362741000051756,22.362741000051756
848,0.029864804999760963,29.864804999760963
849,0.028397344000040903,28.397344000040903
850,0.02350435500011372,23.50435500011372
851,0.022589894000248023,22.589894000248023
852,0.028847280999798386,28.847280999798386
853,0.028359335999994073,28.359335999994073
854,0.022473887000160175,22.473887000160175
855,0.021817234000081953,21.817234000081953
856,0.029024705000210815,29.024705000210815
857,0.028117348000250786,28.117348000250786
858,0.022113498000180698,22.113498000180698
859,0.022323387000142247,22.323387000142247
860,0.02832219299989447,28.32219299989447
861,0.02909558900000775,29.09558900000775
862,0.023609846999988804,23.609846999988804
863,0.022782227000334387,22.782227000334387
864,0.030992395999874134,30.992395999874134
865,0.02892662600015683,28.92662600015683
866,0.02242215300020689,22.42215300020689
867,0.021842492000359925,21.842492000359925
868,0.028271789999962493,28.271789999962493
869,0.027829315999952087,27.829315999952087
870,0.02228121899997859,22.28121899997859
871,0.02226266299976487,22.26266299976487
872,0.02853229599986662,28.53229599986662
873,0.02826589200003582,28.26589200003582
874,0.024753385999702004,24.753385999702004
875,0.02242119799984721,22.42119799984721
876,0.029667116999917198,29.667116999917198
877,0.028211248999923555,28.211248999923555
878,0.022842146000130015,22.842146000130015
879,0.022929654000108712,22.929654000108712
880,0.02978259999963484,29.78259999963484
881,0.027748152999720332,27.748152999720332
882,0.025359663000017463,25.359663000017463
883,0.02414690400019026,24.14690400019026
884,0.044741974000316986,44.741974000316986
885,0.02998276399966926,29.98276399966926
886,0.02417480699978114,24.17480699978114
887,0.024550164999709523,24.550164999709523
888,0.04627359400001296,46.27359400001296
889,0.025547750999976415,25.547750999976415
890,0.022795576000135043,22.795576000135043
891,0.02294167899981403,22.94167899981403
892,0.03811638799970751,38.11638799970751
893,0.02595228100017266,25.95228100017266
894,0.023974928999905387,23.974928999905387
895,0.024835503999838693,24.835503999838693
896,0.03491093299999193,34.91093299999193
897,0.02515544099969702,25.15544099969702
898,0.02343192500029545,23.43192500029545
899,0.02245911799991518,22.45911799991518
900,0.03248892400006298,32.48892400006298
901,0.023709903999588278,23.709903999588278
902,0.02279655200027264,22.79655200027264
903,0.02334305000022141,23.34305000022141
904,0.0318771709999055,31.877170999905502
905,0.023515686000337155,23.515686000337155
906,0.024381947000165383,24.381947000165383
907,0.02290492499969332,22.90492499969332
908,0.02690924000035011,26.90924000035011
909,0.02678456900002857,26.78456900002857
910,0.022603633000017,22.603633000017
911,0.021895952000249963,21.895952000249963
912,0.030697258999680344,30.697258999680344
913,0.028340017999653355,28.340017999653355
914,0.023823751999771048,23.823751999771048
915,0.02450637399988409,24.50637399988409
916,0.03706760199975179,37.06760199975179
917,0.023518724000041402,23.518724000041402
918,0.0233717399996749,23.3717399996749
919,0.022638995999841427,22.638995999841427
920,0.034588335000080406,34.588335000080406
921,0.02422975999979826,24.22975999979826
922,0.022501581999677,22.501581999677
923,0.022511688000122376,22.511688000122376
924,0.03189335499973822,31.89335499973822
925,0.022944765999909578,22.944765999909578
926,0.022510987999794452,22.51098799979445
927,0.022413415999835706,22.413415999835706
928,0.032876887999918836,32.876887999918836
929,0.02242223200028093,22.42223200028093
930,0.023370658999738225,23.370658999738225
931,0.022319551999771647,22.319551999771647
932,0.03139213900021787,31.392139000217867
933,0.02353463700001157,23.53463700001157
934,0.028477719999955298,28.477719999955298
935,0.02342723899982957,23.42723899982957
936,0.03759892200014292,37.59892200014292
937,0.02812209300009272,28.12209300009272
938,0.02294213100003617,22.94213100003617
939,0.02329188100020474,23.29188100020474
940,0.028913712999838026,28.913712999838026
941,0.027270838000276854,27.270838000276854
942,0.02289978799990422,22.89978799990422
943,0.02199826200012467,21.99826200012467
944,0.028610417999971105,28.610417999971105
945,0.02796461800016914,27.96461800016914
946,0.022354020999955537,22.354020999955537
947,0.02235949299983986,22.35949299983986
948,0.029789081999751943,29.789081999751943
949,0.03078546999995524,30.78546999995524
950,0.023676539000007324,23.676539000007324
951,0.02292146700028752,22.92146700028752
952,0.0313028390000909,31.3028390000909
953,0.024600382999778958,24.600382999778958
954,0.02297302499982834,22.97302499982834
955,0.02208091499960574,22.08091499960574
956,0.029029082999841194,29.029082999841194
957,0.02871656199977224,28.71656199977224
958,0.023053399000218633,23.053399000218633
959,0.022468235999895114,22.468235999895114
960,0.029861358999824006,29.861358999824006
961,0.028528485000151704,28.528485000151704
962,0.022588799000004656,22.588799000004656
963,0.022460325000338344,22.460325000338344
964,0.028771282999969117,28.771282999969117
965,0.027002770000308374,27.002770000308374
966,0.023580676000165113,23.580676000165113
967,0.022208976999991137,22.208976999991137
968,0.028616549000162195,28.616549000162195
969,0.027942271000028995,27.942271000028995
970,0.023138602000017272,23.138602000017272
971,0.024146288999872922,24.146288999872922
972,0.03506850800022221,35.06850800022221
973,0.023434511999766983,23.434511999766983
974,0.02277700200011168,22.77700200011168
975,0.02310572600026717,23.10572600026717
976,0.030775113999879977,30.775113999879977
977,0.022805589999734366,22.805589999734366
978,0.022774364000269998,22.774364000269998
979,0.022309161000066524,22.309161000066524
980,0.03466481599980398,34.66481599980398
981,0.02405995700019048,24.05995700019048
982,0.026467239999874437,26.467239999874437
983,0.026401836999866646,26.401836999866646
984,0.037974666000081925,37.974666000081925
985,0.025769832000150927,25.769832000150927
986,0.023021141000299394,23.021141000299394
987,0.022916658999747597,22.916658999747597
988,0.03470628000013676,34.70628000013676
989,0.023302974000216636,23.302974000216636
990,0.023479697999846394,23.479697999846394
991,0.02316863199985164,23.16863199985164
992,0.02743234899980962,27.43234899980962
993,0.02423272200030624,24.23272200030624
994,0.02246995199993762,22.46995199993762
995,0.022038881999833393,22.038881999833393
996,0.03144330000031914,31.44330000031914
997,0.02626991299985093,26.26991299985093
998,0.022561502999906224,22.561502999906224
999,0.022775521999847115,22.775521999847115
1000,0.030549746999895433,30.549746999895433
1001,0.027123200000005454,27.123200000005454
1002,0.023320857000271644,23.320857000271644
1003,0.022101163000115776,22.101163000115776
1004,0.033925464999811084,33.92546499981108
1005,0.02403559899994434,24.03559899994434
1006,0.023511850999966555,23.511850999966555
1007,0.022498120999898674,22.498120999898674
1008,0.035063363000062964,35.063363000062964
1009,0.023639400999854843,23.639400999854843
1010,0.022841513000003033,22.841513000003033
1011,0.02263756899992586,22.63756899992586
1012,0.026740449000044464,26.740449000044464
1013,0.02655640200009657,26.55640200009657
1014,0.022914380000202073,22.914380000202073
1015,0.022142267000162974,22.142267000162974
1016,0.031474545000037324,31.474545000037324
1017,0.028637284000069485,28.637284000069485
1018,0.02345589500009737,23.45589500009737
1019,0.02243723300034617,22.43723300034617
1020,0.03431007100016359,34.31007100016359
1021,0.023780724000062037,23.780724000062037
1022,0.0232292350001444,23.2292350001444
1023,0.0230753209998511,23.0753209998511
1024,0.026999069999874337,26.999069999874337
1025,0.026519936000113375,26.519936000113375
1026,0.022842030999981944,22.842030999981944
1027,0.022055418000036298,22.055418000036298
1028,0.030033761000140657,30.033761000140657
1029,0.02880279700002575,28.80279700002575
1030,0.023178311999799917,23.178311999799917
1031,0.022456963999957225,22.456963999957225
1032,0.03202429700013454,32.02429700013454
1033,0.024618954999823472,24.618954999823472
1034,0.023489456999868707,23.489456999868707
1035,0.02309602100012853,23.09602100012853
1036,0.03152152699976796,31.521526999767957
1037,0.023364472000139358,23.364472000139358
1038,0.02354548099992826,23.54548099992826
1039,0.023014074999991863,23.014074999991863
1040,0.03549198400014575,35.49198400014575
1041,0.03290133199971024,32.90133199971024
1042,0.02651577599999655,26.51577599999655
1043,0.02348372599999493,23.48372599999493
1044,0.0400846789998468,40.0846789998468
1045,0.023980429000403092,23.980429000403092
1046,0.022360955999829457,22.360955999829457
1047,0.022424741000122594,22.424741000122594
1048,0.027338300999872445,27.338300999872445
1049,0.028436584000246512,28.436584000246512
1050,0.022887544999775855,22.887544999775855
1051,0.022206579000339843,22.206579000339843
1052,0.03122955400021965,31.22955400021965
1053,0.023677899000176694,23.677899000176694
1054,0.022351829999934125,22.351829999934125
1055,0.02269476100036627,22.69476100036627
1056,0.028042416999596753,28.042416999596753
1057,0.02360240000007252,23.60240000007252
1058,0.02291411199985305,22.91411199985305
1059,0.02306335000002946,23.06335000002946
1060,0.03156731999979456,31.567319999794563
1061,0.023560557999644516,23.560557999644516
1062,0.023095474999990984,23.095474999990984
1063,0.022188955999808968,22.188955999808968
1064,0.024832689000049868,24.832689000049868
1065,0.03267663699989498,32.67663699989498
1066,0.023053692000303272,23.053692000303272
1067,0.022188079999978072,22.188079999978072
1068,0.06748658300011812,67.48658300011812
1069,0.05946280399984971,59.46280399984971
1070,0.022031037000033393,22.031037000033393
1071,0.022483351000119,22.483351000119
1072,0.02920152800015785,29.20152800015785
1073,0.028110866000133683,28.110866000133683
1074,0.02304057399987869,23.04057399987869
1075,0.02222120799979166,22.22120799979166
1076,0.02678804500010301,26.78804500010301
1077,0.02995241200005694,29.95241200005694
1078,0.023159385999861115,23.159385999861115
1079,0.0229288670002461,22.9288670002461
1080,0.03048525999975027,30.48525999975027
1081,0.027588773999923433,27.588773999923433
1082,0.02254158000005191,22.54158000005191
1083,0.02248282000027757,22.48282000027757
1084,0.028401853000104893,28.401853000104893
1085,0.03574341799958347,35.74341799958347
1086,0.021173302999613952,21.173302999613952
1087,0.020993175000057818,20.993175000057818
1088,0.03217617800009975,32.17617800009975
1089,0.027774399999998423,27.774399999998423
1090,0.02099258899988854,20.99258899988854
1091,0.020453321999866603,20.453321999866603
1092,0.03396108000015374,33.96108000015374
1093,0.027544275999844103,27.544275999844103
1094,0.02128337400017699,21.28337400017699
1095,0.02143143900002542,21.43143900002542
1096,0.031701055000212364,31.701055000212364
1097,0.027148337000198808,27.148337000198808
1098,0.02220043799979976,22.20043799979976
1099,0.020816198000375152,20.816198000375152
1100,0.048599831000046834,48.599831000046834
1101,0.03432241399968916,34.32241399968916
1102,0.020944156000041403,20.944156000041403
1103,0.020127213999785454,20.127213999785454
1104,0.03174848800017571,31.748488000175712
1105,0.027379314999961935,27.379314999961935
1106,0.020947513000010076,20.947513000010076
1107,0.020701310000276862,20.701310000276862
1108,0.02728322200027833,27.28322200027833
1109,0.029687363999983063,29.687363999983063
1110,0.02192878000005294,21.92878000005294
1111,0.020811612000215973,20.811612000215973
1112,0.030354265999903873,30.354265999903873
1113,0.03788425900029324,37.88425900029324
1114,0.021861575999992056,21.861575999992056
1115,0.02073445999985779,20.73445999985779
1116,0.03276406399982079,32.76406399982079
1117,0.028178367000236904,28.178367000236904
1118,0.02087459799986391,20.87459799986391
1119,0.02175047699984134,21.75047699984134
1120,0.034082400999977835,34.082400999977835
1121,0.026701613000113866,26.701613000113866
1122,0.021911498000008578,21.911498000008578
1123,0.02118655000003855,21.18655000003855
1124,0.03322176300025603,33.22176300025603
1125,0.029993120999733947,29.993120999733947
1126,0.0215394780002498,21.5394780002498
1127,0.020287524999730522,20.287524999730522
1128,0.03226466700016317,32.26466700016317
1129,0.027769998000167107,27.769998000167107
1130,0.02105858300001273,21.05858300001273
1131,0.020640212000216707,20.640212000216707
1132,0.03512799400004951,35.12799400004951
1133,0.03244546399992032,32.44546399992032
1134,0.02173053400019853,21.73053400019853
1135,0.020842523999817786,20.842523999817786
1136,0.03903968499980692,39.03968499980692
1137,0.024475827000060235,24.475827000060235
1138,0.020711946999654174,20.711946999654174
1139,0.020210378999763634,20.210378999763634
1140,0.03327565500012497,33.27565500012497
1141,0.02199714300013511,21.99714300013511
1142,0.02082311200001641,20.82311200001641
1143,0.020952689000296232,20.952689000296232
1144,0.029979078999986086,29.979078999986086
1145,0.027336633000231814,27.336633000231814
1146,0.02263059599999906,22.63059599999906
1147,0.021127562999936345,21.127562999936345
1148,0.05026584200004436,50.26584200004436
1149,0.02323967900019852,23.23967900019852
1150,0.02140690900023401,21.40690900023401
1151,0.020156342000063887,20.156342000063887
1152,0.03445037299979958,34.45037299979958
1153,0.022766008999951737,22.766008999951737
1154,0.020700020999811386,20.700020999811386
1155,0.020699498999874777,20.699498999874777
1156,0.033237470000131,33.237470000131
1157,0.0270178030000352,27.0178030000352
1158,0.021182527000291884,21.182527000291884
1159,0.020351554000171745,20.351554000171745
1160,0.03458102100012184,34.58102100012184
1161,0.028399822000210406,28.399822000210406
1162,0.021427605000098993,21.427605000098993
1163,0.020676403999914328,20.676403999914328
1164,0.03326027699995393,33.26027699995393
1165,0.028235347000190814,28.235347000190814
1166,0.022000265999849944,22.000265999849944
1167,0.024378373999752512,24.37837399975251
1168,0.0333978759999809,33.3978759999809
1169,0.027249266999660904,27.249266999660904
1170,0.021467322000262357,21.467322000262357
1171,0.020754792999923666,20.754792999923666
1172,0.02980247799996505,29.80247799996505
1173,0.028349496999908297,28.349496999908297
1174,0.02084224100008214,20.84224100008214
1175,0.020144692000030773,20.144692000030773
1176,0.027334969000094134,27.334969000094134
1177,0.027980552000371972,27.980552000371972
1178,0.021777037999981985,21.777037999981985
1179,0.02137959999981831,21.37959999981831
1180,0.03376717399987683,33.76717399987683
1181,0.023219020000396995,23.219020000396995
1182,0.022397333000299113,22.397333000299113
1183,0.021641936999913014,21.641936999913014
1184,0.034088813999915146,34.088813999915146
1185,0.023375851000309922,23.375851000309922
1186,0.02073873100016499,20.73873100016499
1187,0.020302521000303386,20.302521000303386
1188,0.032329526000012265,32.329526000012265
1189,0.027668796999932965,27.668796999932965
1190,0.020481758999721933,20.481758999721933
1191,0.0206090760002553,20.6090760002553
1192,0.03049745399994208,30.49745399994208
1193,0.027603212000030908,27.603212000030908
1194,0.021665622999989864,21.665622999989864
1195,0.021078741000110313,21.078741000110313
1196,0.03034089299990228,30.34089299990228
1197,0.02861569500009864,28.61569500009864
1198,0.02128144100015561,21.28144100015561
1199,0.020906404000015755,20.906404000015755
1200,0.029257357000005868,29.257357000005868
1201,0.02708730500035017,27.08730500035017
1202,0.0207158379998873,20.7158379998873
1203,0.02103379300024244,21.03379300024244
1204,0.02599636599961741,25.99636599961741
1205,0.03350634199978231,33.50634199978231
1206,0.022065068999836512,22.065068999836512
1207,0.021130296000137605,21.130296000137605
1208,0.03307906199961508,33.07906199961508
1209,0.027479106000100728,27.479106000100728
1210,0.02138353400005144,21.38353400005144
1211,0.020735659999900236,20.735659999900236
1212,0.02969007799993051,29.69007799993051
1213,0.02853524199963431,28.53524199963431
1214,0.02294732500013197,22.94732500013197
1215,0.022536617999776354,22.536617999776354
1216,0.029257836999931897,29.257836999931897
1217,0.03195085100014694,31.95085100014694
1218,0.024424463000286778,24.424463000286778
1219,0.025060341999960656,25.060341999960656
1220,0.037647476000074676,37.647476000074676
1221,0.02471321299981355,24.71321299981355
1222,0.024568856000314554,24.568856000314554
1223,0.023175025999989884,23.175025999989884
1224,0.02858193600013692,28.58193600013692
1225,0.028117507999922964,28.117507999922964
1226,0.0242237790002946,24.2237790002946
1227,0.024296141000377247,24.296141000377247
1228,0.04526881099991442,45.26881099991442
1229,0.026131380000151694,26.131380000151694
1230,0.023459017999812204,23.459017999812204
1231,0.022150361000058183,22.150361000058183
1232,0.025027492999925016,25.027492999925016
1233,0.031704299000011815,31.704299000011815
1234,0.022771331000058126,22.771331000058126
1235,0.022134896999887133,22.134896999887133
1236,0.029126280999662413,29.126280999662413
1237,0.029266932000155066,29.266932000155066
1238,0.022260477999680006,22.260477999680006
1239,0.022450701000252593,22.450701000252593
1240,0.027094602000033774,27.094602000033774
1241,0.02959843999997247,29.59843999997247
1242,0.02353875499966307,23.53875499966307
1243,0.023013701000309084,23.013701000309084
1244,0.028572134000114602,28.572134000114602
1245,0.02919609600030526,29.19609600030526
1246,0.02264252300028602,22.64252300028602
1247,0.022036860999833152,22.036860999833152
1248,0.028846107000390475,28.846107000390475
1249,0.028138805000253342,28.138805000253342
1250,0.023124265000205924,23.124265000205924
1251,0.023147157000039442,23.147157000039442
1252,0.03533705400013787,35.33705400013787
1253,0.028080120000140596,28.080120000140596
1254,0.023512115999892558,23.512115999892558
1255,0.022779232000175398,22.779232000175398
1256,0.029606005999994522,29.606005999994522
1257,0.02764544699994076,27.64544699994076
1258,0.022463372999936837,22.463372999936837
1259,0.021799887999804923,21.799887999804923
1260,0.030088771999999153,30.088771999999153
1261,0.028124643999944965,28.124643999944965
1262,0.022327627999857214,22.327627999857214
1263,0.022491784000067128,22.491784000067128
1264,0.02419763099987904,24.19763099987904
1265,0.03143551499988462,31.435514999884617
1266,0.023467065999739134,23.467065999739134
1267,0.024956012000075134,24.956012000075134
1268,0.02971168000021862,29.71168000021862
1269,0.02800765699976182,28.00765699976182
1270,0.02447646300015549,24.47646300015549
1271,0.023762093000186724,23.762093000186724
1272,0.029055790999791498,29.055790999791498
1273,0.03008078300035777,30.08078300035777
1274,0.02225203700027123,22.25203700027123
1275,0.022363207999660517,22.363207999660517
1276,0.0338188830000945,33.8188830000945
1277,0.022660662999896886,22.660662999896886
1278,0.022624681000252167,22.624681000252167
1279,0.022164731999964715,22.164731999964715
1280,0.036463378999997076,36.463378999997076
1281,0.023950659000092855,23.950659000092855
1282,0.023399042000164627,23.399042000164627
1283,0.0231165290001627,23.1165290001627
1284,0.027761193000060302,27.761193000060302
1285,0.028181181000036304,28.181181000036304
1286,0.022340834000260656,22.340834000260656
1287,0.022571045999939088,22.571045999939088
1288,0.026364042999830417,26.364042999830417
1289,0.029498837000119238,29.498837000119238
1290,0.023556668999844987,23.556668999844987
1291,0.023135586000080366,23.135586000080366
1292,0.027667099999689526,27.667099999689526
1293,0.03070229000013569,30.70229000013569
1294,0.022713827000188758,22.713827000188758
1295,0.021892869000112114,21.892869000112114
1296,0.029957392000142136,29.957392000142136
1297,0.028077930999643286,28.077930999643286
1298,0.02242308499990031,22.42308499990031
1299,0.022453329999734706,22.453329999734706
1300,0.032958870000129536,32.95887000012954
1301,0.028031253999870387,28.031253999870387
1302,0.021191334999912215,21.191334999912215
1303,0.020812778000163235,20.812778000163235
1304,0.032034837000082916,32.034837000082916
1305,0.02892250300010346,28.92250300010346
1306,0.022386915999959456,22.386915999959456
1307,0.03845740399992792,38.45740399992792
1308,0.03439937200027998,34.39937200027998
1309,0.028493848999914917,28.493848999914917
1310,0.022412110999994184,22.412110999994184
1311,0.022471019000022352,22.471019000022352
1312,0.033606904999942344,33.606904999942344
1313,0.024914597000133654,24.914597000133654
1314,0.02285685300012119,22.85685300012119
1315,0.02204063599992878,22.04063599992878
1316,0.031183748000330525,31.183748000330525
1317,0.033867799999825365,33.867799999825365
1318,0.025517106000279455,25.517106000279455
1319,0.0211433960002978,21.1433960002978
1320,0.03811971599998287,38.11971599998287
1321,0.02900867299968013,29.00867299968013
1322,0.020651762999932544,20.651762999932544
1323,0.02165510400027415,21.65510400027415
1324,0.02279498000007152,22.79498000007152
1325,0.04741399700014881,47.41399700014881
1326,0.02155790699998761,21.55790699998761
1327,0.020411408999734704,20.411408999734704
1328,0.040134357000169985,40.134357000169985
1329,0.02349724299983791,23.49724299983791
1330,0.0210780679999516,21.0780679999516
1331,0.02071806200001447,20.71806200001447
1332,0.04021830800002135,40.21830800002135
1333,0.024580917000093905,24.580917000093905
1334,0.02344675400036067,23.44675400036067
1335,0.0232295589999012,23.2295589999012
1336,0.044098746000145184,44.098746000145184
1337,0.02357632899975215,23.57632899975215
1338,0.0226361300001372,22.6361300001372
1339,0.021974433999730536,21.974433999730536
1340,0.026227254000332323,26.227254000332323
1341,0.028249346000393416,28.249346000393416
1342,0.02275740400000359,22.75740400000359
1343,0.021816695999859803,21.816695999859803
1344,0.024499959999957355,24.499959999957355
1345,0.03121889000021838,31.21889000021838
1346,0.022659103000023606,22.659103000023606
1347,0.022751026000150887,22.751026000150887
1348,0.032232408999789186,32.232408999789186
1349,0.02786728800037963,27.86728800037963
1350,0.023449276000064856,23.449276000064856
1351,0.022513239000090834,22.513239000090834
1352,0.029288969000390352,29.288969000390352
1353,0.03001469700029702,30.01469700029702
1354,0.022883248000198364,22.883248000198364
1355,0.021800499000164564,21.800499000164564
1356,0.03871138200020141,38.71138200020141
1357,0.02367500399986966,23.67500399986966
1358,0.0220765020003455,22.0765020003455
1359,0.02218170399964947,22.18170399964947
1360,0.035427308000180346,35.427308000180346
1361,0.023329800000283285,23.329800000283285
1362,0.022641709999788873,22.641709999788873
1363,0.02229426499980036,22.29426499980036
1364,0.03679418599995188,36.79418599995188
1365,0.023645997000130592,23.645997000130592
1366,0.022927286000140157,22.927286000140157
1367,0.02301222100004452,23.01222100004452
1368,0.030601347999891004,30.601347999891004
1369,0.028520926000055624,28.520926000055624
1370,0.02316837599983046,23.16837599983046
1371,0.022892808000051446,22.892808000051446
1372,0.028730353999890212,28.730353999890212
1373,0.027918098000100144,27.918098000100144
1374,0.026748436000161746,26.748436000161746
1375,0.022709992999807582,22.709992999807582
1376,0.04468560800023624,44.68560800023624
1377,0.024951297999905364,24.951297999905364
1378,0.02304983300018648,23.04983300018648
1379,0.022466338999947766,22.466338999947766
1380,0.032794969999940804,32.794969999940804
1381,0.027956211999935476,27.956211999935476
1382,0.022105974999703903,22.105974999703903
1383,0.022858185000131925,22.858185000131925
1384,0.027432733999830816,27.432733999830816
1385,0.027279550000002928,27.279550000002928
1386,0.022644271999979537,22.644271999979537
1387,0.022761817000173323,22.761817000173323
1388,0.02523456700009774,25.23456700009774
1389,0.030975256000147056,30.975256000147056
1390,0.023028420999708032,23.028420999708032
1391,0.022372891000031814,22.372891000031814
1392,0.030960148999838566,30.960148999838566
1393,0.028956855999695108,28.956855999695108
1394,0.023245512999892526,23.245512999892526
1395,0.023000471999694128,23.000471999694128
1396,0.03663726000013412,36.63726000013412
1397,0.024864753999736422,24.864753999736422
1398,0.022861744999772782,22.86174499977278
1399,0.022009554999840475,22.009554999840475
1400,0.0315095350001684,31.5095350001684
1401,0.023923401000047306,23.923401000047306
1402,0.023051984000176162,23.051984000176162
1403,0.022580727999866212,22.580727999866212
1404,0.03259556800003338,32.59556800003338
1405,0.022939567000321404,22.939567000321404
1406,0.022203859999990527,22.203859999990527
1407,0.02241473699996277,22.41473699996277
1408,0.029056124999897293,29.056124999897293
1409,0.027744911000354477,27.744911000354477
1410,0.023605077999945934,23.605077999945934
1411,0.02272426900026403,22.72426900026403
1412,0.029224517999864474,29.224517999864474
1413,0.028784936999727506,28.784936999727506
1414,0.022683120000237977,22.683120000237977
1415,0.021887724999942293,21.887724999942293
1416,0.02956237999978839,29.56237999978839
1417,0.027820106000035594,27.820106000035594
1418,0.022287554000286036,22.287554000286036
1419,0.022522859999753564,22.522859999753564
1420,0.029396991000339767,29.396991000339767
1421,0.027683921000061673,27.683921000061673
1422,0.022893950000252516,22.893950000252516
1423,0.022086105000198586,22.086105000198586
1424,0.02813393599990377,28.13393599990377
1425,0.029313442999864492,29.313442999864492
1426,0.023131661000206805,23.131661000206805
1427,0.022473183999863977,22.473183999863977
1428,0.029460315000051196,29.460315000051196
1429,0.02869839699997101,28.69839699997101
1430,0.02232389000027979,22.32389000027979
1431,0.023772076000113884,23.772076000113884
1432,0.029293595000126516,29.293595000126516
1433,0.02739670099981595,27.39670099981595
1434,0.022807224000189308,22.807224000189308
1435,0.022161262000281567,22.161262000281567
1436,0.027630316000340827,27.630316000340827
1437,0.028301968000050692,28.301968000050692
1438,0.02426285100000314,24.26285100000314
1439,0.02334082200013654,23.34082200013654
1440,0.03455830499979129,34.55830499979129
1441,0.026378257000033045,26.378257000033045
1442,0.02278044900003806,22.78044900003806
1443,0.023517196999819134,23.517196999819134
1444,0.029718744000092556,29.718744000092556
1445,0.02723470900036773,27.23470900036773
1446,0.02358019899975261,23.58019899975261
1447,0.022785799999837764,22.785799999837764
1448,0.029893272999743203,29.893272999743203
1449,0.0254966720003722,25.4966720003722
1450,0.023182439999800408,23.18243999980041
1451,0.022505430000364868,22.505430000364868
1452,0.030203294999864738,30.203294999864738
1453,0.025633982000272226,25.633982000272226
1454,0.023783209000157512,23.783209000157512
1455,0.022802986999977293,22.802986999977293
1456,0.026374198999747023,26.374198999747023
1457,0.02638030099979005,26.38030099979005
1458,0.022895803000210435,22.895803000210435
1459,0.022183458999734285,22.183458999734285
1460,0.027512390000083542,27.512390000083542
1461,0.029923979000159306,29.923979000159306
1462,0.023019449999992503,23.019449999992503
1463,0.022567253000033816,22.567253000033816
1464,0.031013316000098712,31.013316000098712
1465,0.029606080000121437,29.606080000121437
1466,0.022331323000344128,22.331323000344128
1467,0.022407625000141707,22.407625000141707
1468,0.04112613699999201,41.12613699999201
1469,0.02390795600013007,23.90795600013007
1470,0.022688352999921335,22.688352999921335
1471,0.021921927999756008,21.921927999756008
1472,0.03742561499984731,37.42561499984731
1473,0.023558873000183667,23.558873000183667
1474,0.022279961000094772,22.279961000094772
1475,0.02359971099986069,23.59971099986069
1476,0.027743826000005356,27.743826000005356
1477,0.028544000000238157,28.544000000238157
1478,0.02225377299964748,22.25377299964748
1479,0.02232421799999429,22.32421799999429
1480,0.02550778500017259,25.50778500017259
1481,0.029968242999984795,29.968242999984795
1482,0.023687163999966288,23.687163999966288
1483,0.022835328999917692,22.835328999917692
1484,0.026147098999899754,26.147098999899754
1485,0.03071093899961852,30.71093899961852
1486,0.02517735499986884,25.17735499986884
1487,0.025527616000090347,25.527616000090347
1488,0.031531687999631686,31.531687999631686
1489,0.02959283200016216,29.59283200016216
1490,0.022790775999965263,22.790775999965263
1491,0.02289454999981899,22.89454999981899
1492,0.030642668999917078,30.642668999917078
1493,0.02457386799960659,24.57386799960659
1494,0.023762112999975216,23.762112999975216
1495,0.02288436900016677,22.88436900016677
1496,0.022972031999870524,22.972031999870524
1497,0.03262351100011074,32.62351100011074
1498,0.11871473299970603,118.71473299970603
1499,0.03898493300039263,38.98493300039263
1500,0.032278279999900406,32.278279999900406
1501,0.0269833010002003,26.9833010002003
1502,0.02353807899999083,23.53807899999083
1503,0.022383238999736932,22.383238999736932
1504,0.02907649600001605,29.07649600001605
1505,0.027874467999936314,27.874467999936314
1506,0.023550251999949978,23.550251999949978
1507,0.022645643000032578,22.645643000032578
1508,0.030354325999724097,30.354325999724097
1509,0.02878530700036208,28.78530700036208
1510,0.022649194999758038,22.649194999758038
1511,0.021888691999720322,21.888691999720322
1512,0.02965437099965129,29.65437099965129
1513,0.02813712699980897,28.13712699980897
1514,0.02232860799995251,22.32860799995251
1515,0.022393890999865107,22.393890999865107
1516,0.03143498899999031,31.43498899999031
1517,0.028036109999902692,28.036109999902692
1518,0.023560988000099314,23.560988000099314
1519,0.02301730299996052,23.01730299996052
1520,0.03904540999974415,39.04540999974415
1521,0.023328421000314847,23.328421000314847
1522,0.02267492900000434,22.67492900000434
1523,0.02191524499994557,21.91524499994557
1524,0.027189785999780725,27.189785999780725
1525,0.022680713000227115,22.680713000227115
1526,0.02216753799984872,22.16753799984872
1527,0.02322916000002806,23.22916000002806
1528,0.030530492000252707,30.530492000252707
1529,0.02746944899990922,27.46944899990922
1530,0.023194473999865295,23.194473999865295
1531,0.022622222999871155,22.622222999871155
1532,0.029214859000148863,29.214859000148863
1533,0.029262957999890205,29.262957999890205
1534,0.022414228999878105,22.414228999878105
1535,0.021891693000270607,21.891693000270607
1536,0.030286794999938138,30.286794999938138
1537,0.027707779000138544,27.707779000138544
1538,0.02211804300031872,22.11804300031872
1539,0.02224373699982607,22.24373699982607
1540,0.028822399000091536,28.822399000091536
1541,0.027370437999707065,27.370437999707065
1542,0.022755436999887024,22.755436999887024
1543,0.022541399000147067,22.541399000147067
1544,0.027913727999930416,27.913727999930416
1545,0.028288841999710712,28.288841999710712
1546,0.02312970699995276,23.12970699995276
1547,0.02242216600006941,22.42216600006941
1548,0.029950156999802857,29.950156999802857
1549,0.02823591700007455,28.23591700007455
1550,0.022509979999995267,22.509979999995267
1551,0.024232898000263958,24.23289800026396
1552,0.028000244999930146,28.000244999930146
1553,0.03533831100003226,35.33831100003226
1554,0.03313974299999245,33.13974299999245
1555,0.02894620200004283,28.94620200004283
1556,0.0376494680003816,37.6494680003816
1557,0.0324072690000321,32.4072690000321
1558,0.026535413999681623,26.535413999681623
1559,0.023532053000053565,23.532053000053565
1560,0.0283123889998933,28.3123889998933
1561,0.028870457999801147,28.870457999801147
1562,0.025951090000035038,25.951090000035038
1563,0.024742657999922812,24.742657999922812
1564,0.043608383999981015,43.608383999981015
1565,0.02464720399984799,24.64720399984799
1566,0.023281060000044818,23.281060000044818
1567,0.02196256400020502,21.96256400020502
1568,0.02600017300028412,26.00017300028412
1569,0.030419815999721322,30.419815999721322
1570,0.022362303000136308,22.362303000136308
1571,0.021998675000304502,21.9986750003045
1572,0.026611545999912778,26.611545999912778
1573,0.028316736000306264,28.316736000306264
1574,0.02274209399956817,22.74209399956817
1575,0.02329149299976052,23.29149299976052
1576,0.026435852000304294,26.435852000304294
1577,0.029853752000235545,29.853752000235545
1578,0.02281073499989361,22.81073499989361
1579,0.022091467000336706,22.091467000336706
1580,0.025058362999970996,25.058362999970996
1581,0.03043413299974418,30.43413299974418
1582,0.023269584999979998,23.269584999979998
1583,0.023218574000111403,23.218574000111403
1584,0.025822030000199447,25.822030000199447
1585,0.03773719099990558,37.73719099990558
1586,0.02336299800026609,23.36299800026609
1587,0.0231461139997009,23.1461139997009
1588,0.029003696000017953,29.003696000017953
1589,0.026930601000003662,26.930601000003662
1590,0.022646164999969187,22.646164999969187
1591,0.023674786999890785,23.674786999890785
1592,0.02859768600001189,28.59768600001189
1593,0.02802049599995371,28.02049599995371
1594,0.022873896999954013,22.873896999954013
1595,0.021873897000205034,21.873897000205034
1596,0.02995121099957032,29.95121099957032
1597,0.02814797599967278,28.14797599967278
1598,0.022748322000097687,22.748322000097687
1599,0.02291889399975844,22.91889399975844
1600,0.029885766999996122,29.88576699999612
1601,0.02773262800019438,27.73262800019438
1602,0.023003268000138632,23.003268000138632
1603,0.02461635599956935,24.61635599956935
1604,0.04434827600016433,44.34827600016433
1605,0.024746328000219364,24.746328000219364
1606,0.02250864300003741,22.50864300003741
1607,0.021905944000081945,21.905944000081945
1608,0.029084777999742073,29.084777999742073
1609,0.028867488000287267,28.867488000287267
1610,0.022885084999870742,22.88508499987074
1611,0.022948980000364827,22.948980000364827
1612,0.028185684000163747,28.185684000163747
1613,0.029129018999810796,29.129018999810796
1614,0.022849816999951145,22.849816999951145
1615,0.02193334200001118,21.93334200001118
1616,0.025955145999887463,25.955145999887463
1617,0.028024877999996534,28.024877999996534
1618,0.022457827999915025,22.457827999915025
1619,0.02177911899980245,21.77911899980245
1620,0.026057791999846813,26.057791999846813
1621,0.03106318900017868,31.06318900017868
1622,0.022999197999979515,22.999197999979515
1623,0.023333438000008755,23.333438000008755
1624,0.02903281999988394,29.03281999988394
1625,0.030458632000318175,30.458632000318175
1626,0.023483222000322712,23.483222000322712
1627,0.02238669899998058,22.38669899998058
1628,0.027970703999926627,27.970703999926627
1629,0.029450980000092386,29.450980000092386
1630,0.022446863999903144,22.446863999903144
1631,0.021789162999994005,21.789162999994005
1632,0.028776642000138963,28.776642000138963
1633,0.02897315400014122,28.97315400014122
1634,0.02237286400031735,22.37286400031735
1635,0.02297731799990288,22.97731799990288
1636,0.028715164000004734,28.715164000004734
1637,0.028922181999860186,28.922181999860186
1638,0.023404409999784548,23.404409999784548
1639,0.02238624300025549,22.38624300025549
1640,0.03299906399979591,32.99906399979591
1641,0.02780600100004449,27.80600100004449
1642,0.022423020000132965,22.423020000132965
1643,0.0222013259999585,22.2013259999585
1644,0.02977805000000444,29.77805000000444
1645,0.027668137999626197,27.668137999626197
1646,0.02223206400003619,22.23206400003619
1647,0.022788155999933224,22.788155999933224
1648,0.02809605599986753,28.09605599986753
1649,0.028535384999941016,28.535384999941016
1650,0.02354748900006598,23.54748900006598
1651,0.030828751000171906,30.828751000171906
1652,0.04127144499989299,41.27144499989299
1653,0.02381945699971766,23.81945699971766
1654,0.02062306100015121,20.62306100015121
1655,0.02060235199996896,20.60235199996896
1656,0.03063776700037124,30.63776700037124
1657,0.02187843999990946,21.87843999990946
1658,0.021137505999831774,21.137505999831774
1659,0.020753824000166787,20.753824000166787
1660,0.03184341599990148,31.84341599990148
1661,0.027267110000138928,27.267110000138928
1662,0.02232249899998351,22.32249899998351
1663,0.02161671799967735,21.61671799967735
1664,0.03222189200005232,32.22189200005232
1665,0.028144609999799286,28.144609999799286
1666,0.02143955100018502,21.43955100018502
1667,0.02071765399978176,20.71765399978176
1668,0.030862504999731755,30.862504999731755
1669,0.027768429999923683,27.768429999923683
1670,0.02099101800013159,20.99101800013159
1671,0.02213060400026734,22.13060400026734
1672,0.026544156999989355,26.544156999989355
1673,0.029625837999901705,29.625837999901705
1674,0.021637966000071174,21.637966000071174
1675,0.02103971199994703,21.03971199994703
1676,0.029342644999815093,29.342644999815093
1677,0.02310579899994991,23.10579899994991
1678,0.021494154000265553,21.494154000265553
1679,0.020744853999985935,20.744853999985935
1680,0.033649088999936794,33.649088999936794
1681,0.027437973999894893,27.437973999894893
1682,0.020932323999659275,20.932323999659275
1683,0.021442072999889206,21.442072999889206
1684,0.030540368999936618,30.540368999936618
1685,0.027652776000195445,27.652776000195445
1686,0.021115670000199316,21.115670000199316
1687,0.02058253900031559,20.58253900031559
1688,0.0265171780001765,26.5171780001765
1689,0.03122617999997601,31.22617999997601
1690,0.02176636200010762,21.76636200010762
1691,0.020756333999997878,20.756333999997878
1692,0.035822156999984145,35.822156999984145
1693,0.02280849799990392,22.80849799990392
1694,0.020879042000160553,20.879042000160553
1695,0.021309557000222412,21.309557000222412
1696,0.03393275500002346,33.93275500002346
1697,0.022930424000151106,22.930424000151106
1698,0.021521646000110195,21.521646000110195
1699,0.020929033999891544,20.929033999891544
1700,0.03213414299989381,32.13414299989381
1701,0.027271111000118253,27.271111000118253
1702,0.020886484000129713,20.886484000129713
1703,0.020098842000152217,20.098842000152217
1704,0.0315550040004382,31.555004000438203
1705,0.028648776999943948,28.648776999943948
1706,0.021261208999931114,21.261208999931114
1707,0.021182792999752564,21.182792999752564
1708,0.02570208499992077,25.70208499992077
1709,0.03218364699978338,32.18364699978338
1710,0.021689326999876357,21.689326999876357
1711,0.031629949000034685,31.629949000034685
1712,0.051119580999966274,51.119580999966274
1713,0.02584437599989542,25.84437599989542
1714,0.020515689999683673,20.515689999683673
1715,0.019989141000223754,19.989141000223754
1716,0.032543490000080055,32.543490000080055
1717,0.02686966700002813,26.86966700002813
1718,0.02081905299974096,20.81905299974096
1719,0.0210428079999474,21.0428079999474
1720,0.03198875899988707,31.988758999887068
1721,0.02674913300006665,26.74913300006665
1722,0.02180335200000627,21.80335200000627
1723,0.021291146000294248,21.291146000294248
1724,0.033062935000089055,33.062935000089055
1725,0.032033222999871214,32.033222999871214
1726,0.022266587000103755,22.266587000103755
1727,0.020352757000182464,20.352757000182464
1728,0.0339796660000502,33.9796660000502
1729,0.02351477000001978,23.51477000001978
1730,0.020676618999914353,20.676618999914353
1731,0.0215903140001501,21.5903140001501
1732,0.0302695670002322,30.2695670002322
1733,0.02698841800020091,26.98841800020091
1734,0.021740320999924734,21.740320999924734
1735,0.020869504000074812,20.869504000074812
1736,0.027088164999895525,27.088164999895525
1737,0.030206100000214064,30.206100000214064
1738,0.022060341999804223,22.060341999804223
1739,0.02078043700021226,20.78043700021226
1740,0.033376660000158154,33.376660000158154
1741,0.023169659999894066,23.169659999894066
1742,0.02079399400008697,20.79399400008697
1743,0.020651498999995965,20.651498999995965
1744,0.031694534000052954,31.694534000052954
1745,0.027055118000134826,27.055118000134826
1746,0.02134258600017347,21.34258600017347
1747,0.02129533699962849,21.29533699962849
1748,0.030304720000003726,30.304720000003726
1749,0.027943191999838746,27.943191999838746
1750,0.02074431499977436,20.74431499977436
1751,0.02085744900023201,20.85744900023201
1752,0.033283729999766365,33.283729999766365
1753,0.023047473000133323,23.047473000133323
1754,0.021058789000107936,21.058789000107936
1755,0.021524346999740374,21.524346999740374
1756,0.03252014199961195,32.52014199961195
1757,0.02265474699970582,22.65474699970582
1758,0.021968976999687584,21.968976999687584
1759,0.02028331400015304,20.28331400015304
1760,0.03556295600037629,35.56295600037629
1761,0.026435676000346575,26.435676000346575
1762,0.021505916000023717,21.505916000023717
1763,0.02011523800001669,20.11523800001669
1764,0.030105345000265515,30.105345000265515
1765,0.02713529099992229,27.13529099992229
1766,0.020548561999930826,20.548561999930826
1767,0.021262659000058193,21.262659000058193
1768,0.02743750399986311,27.43750399986311
1769,0.0301155529996322,30.1155529996322
1770,0.02161852600011116,21.61852600011116
1771,0.020928013999764516,20.928013999764516
1772,0.02881924599978447,28.81924599978447
1773,0.022596082000291062,22.596082000291062
1774,0.02128606199994465,21.28606199994465
1775,0.02007243500020195,20.07243500020195
1776,0.0376004289996672,37.6004289996672
1777,0.03524308199985171,35.24308199985171
1778,0.029085083999689232,29.085083999689232
1779,0.020963253999980225,20.963253999980225
1780,0.03343579000011232,33.43579000011232
1781,0.022383683000043675,22.383683000043675
1782,0.021756947000085347,21.756947000085347
1783,0.02096348900022349,20.96348900022349
1784,0.03322816000036255,33.22816000036255
1785,0.027818401999866182,27.818401999866182
1786,0.0216567830002532,21.6567830002532
1787,0.021033526999872265,21.033526999872265
1788,0.03350426699989839,33.50426699989839
1789,0.027547370999855048,27.547370999855048
1790,0.020700972999748046,20.700972999748046
1791,0.020666485999754514,20.666485999754514
1792,0.02876381100031722,28.76381100031722
1793,0.02910181300012482,29.10181300012482
1794,0.02174739000020054,21.74739000020054
1795,0.020833660999869608,20.833660999869608
1796,0.02655397799981074,26.55397799981074
1797,0.030113499000435695,30.113499000435695
1798,0.021499710000171035,21.499710000171035
1799,0.021063505000256555,21.063505000256555
1800,0.02922682700000223,29.22682700000223
1801,0.022220289999950182,22.220289999950182
1802,0.021262579999984155,21.262579999984155
1803,0.020795382999949652,20.795382999949652
1804,0.03290653000021848,32.90653000021848
1805,0.026682681000238517,26.682681000238517
1806,0.02128094499994404,21.28094499994404
1807,0.020700785999906657,20.700785999906657
1808,0.029412160999982007,29.412160999982007
1809,0.028489848999925016,28.489848999925016
1810,0.022060337000311847,22.060337000311847
1811,0.021767369999906805,21.767369999906805
1812,0.02802909499996531,28.02909499996531
1813,0.02885510600026464,28.85510600026464
1814,0.025399669000307767,25.399669000307767
1815,0.021338927000215335,21.338927000215335
1816,0.029930861999673652,29.930861999673652
1817,0.027099675000044954,27.099675000044954
1818,0.021346333000110462,21.346333000110462
1819,0.020626251999601664,20.626251999601664
1820,0.02812118300016664,28.12118300016664
1821,0.021592277000308968,21.592277000308968
1822,0.02119324900013453,21.19324900013453
1823,0.020712916000320547,20.712916000320547
1824,0.031836431000101584,31.836431000101584
1825,0.036420624000129465,36.420624000129465
1826,0.021677985999758675,21.677985999758675
1827,0.021912034999786556,21.912034999786556
1828,0.028090033999887964,28.090033999887964
1829,0.03270145799979218,32.70145799979218
1830,0.021734155000103783,21.734155000103783
1831,0.020798844000182726,20.798844000182726
1832,0.028508088999842585,28.508088999842585
1833,0.021681449999960023,21.681449999960023
1834,0.020810558999983186,20.810558999983186
1835,0.020407536999755393,20.407536999755393
1836,0.03301925799996752,33.01925799996752
1837,0.02783982700020715,27.83982700020715
1838,0.021010326000123314,21.010326000123314
1839,0.021294393000061973,21.294393000061973
1840,0.03040229599992017,30.40229599992017
1841,0.027353640999990603,27.353640999990603
1842,0.021365152999806014,21.365152999806014
1843,0.021024066999871138,21.02406699987114
1844,0.02825485600033062,28.25485600033062
1845,0.0214767440002106,21.4767440002106
1846,0.021697013999983028,21.697013999983028
1847,0.020135108999966178,20.135108999966178
1848,0.030908471000202553,30.908471000202553
1849,0.0271264009998049,27.1264009998049
1850,0.021062380999865127,21.062380999865127
1851,0.021698623999782285,21.698623999782285
1852,0.029622345000007044,29.622345000007044
1853,0.028414982999947824,28.414982999947824
1854,0.022237174000110826,22.237174000110826
1855,0.020616364000034082,20.616364000034082
1856,0.028966201999992336,28.966201999992336
1857,0.02196011899968653,21.96011899968653
1858,0.021115049999934854,21.115049999934854
1859,0.020395812000060687,20.395812000060687
1860,0.03306469000017387,33.06469000017387
1861,0.02708149499994761,27.08149499994761
1862,0.02134337699999378,21.34337699999378
1863,0.023047091999615077,23.047091999615077
1864,0.030975799999851006,30.975799999851006
1865,0.027802602000065235,27.802602000065235
1866,0.02161875699994198,21.61875699994198
1867,0.020814161999624048,20.814161999624048
1868,0.030427239000346162,30.427239000346162
1869,0.02881482099974164,28.81482099974164
1870,0.02103910799996811,21.03910799996811
1871,0.020124322999890865,20.124322999890865
1872,0.029324235999865778,29.324235999865778
1873,0.021704027999930986,21.704027999930986
1874,0.02161117200012086,21.61117200012086
1875,0.021097137999731785,21.097137999731785
1876,0.03341658900035327,33.41658900035327
1877,0.027001034000022628,27.001034000022628
1878,0.02176947799989648,21.76947799989648
1879,0.02081354400024793,20.81354400024793
1880,0.030199335999895993,30.199335999895993
1881,0.02899278899985802,28.99278899985802
1882,0.021687437999844406,21.687437999844406
1883,0.020597317000010662,20.597317000010662
1884,0.03099444500003301,30.99444500003301
1885,0.027550357000109216,27.550357000109216
1886,0.020734325000375975,20.734325000375975
1887,0.020882292999885976,20.882292999885976
1888,0.028925235999849974,28.925235999849974
1889,0.021081443000184663,21.081443000184663
1890,0.021377156999733415,21.377156999733415
1891,0.020729096000195568,20.729096000195568
1892,0.03266820099997858,32.66820099997858
1893,0.028065863999927387,28.065863999927387
1894,0.021486609000021417,21.486609000021417
1895,0.021646486000008736,21.646486000008736
1896,0.0350962770003207,35.0962770003207
1897,0.03971261600008802,39.71261600008802
1898,0.030107109999789827,30.107109999789827
1899,0.030137638000269362,30.137638000269362
1900,0.03336825999986104,33.36825999986104
1901,0.0361506230001396,36.1506230001396
1902,0.021269160999963788,21.269160999963788
1903,0.02038671400032399,20.38671400032399
1904,0.03547984399983761,35.47984399983761
1905,0.0306858869998905,30.6858869998905
1906,0.03181394399962301,31.813943999623007
1907,0.029832295999767666,29.832295999767666
1908,0.04702018800026053,47.02018800026053
1909,0.022187038000083703,22.187038000083703
1910,0.02037218399982521,20.37218399982521
1911,0.020600115000434016,20.600115000434016
1912,0.03837764200034144,38.37764200034144
1913,0.022769462000269414,22.769462000269414
1914,0.021741461999681633,21.741461999681633
1915,0.020447157000035077,20.447157000035077
1916,0.03311928599987368,33.11928599987368
1917,0.02267588299991985,22.67588299991985
1918,0.02135164099991016,21.35164099991016
1919,0.021356117999857815,21.356117999857815
1920,0.03284153000004153,32.84153000004153
1921,0.02764181800012011,27.64181800012011
1922,0.021541025999795238,21.541025999795238
1923,0.020855889999893407,20.855889999893407
1924,0.03227709800012235,32.27709800012235
1925,0.026565270999981294,26.565270999981294
1926,0.021806429000207572,21.806429000207572
1927,0.02034260800019183,20.34260800019183
1928,0.030423744000017905,30.423744000017905
1929,0.030992462000085652,30.992462000085652
1930,0.025929300999905536,25.929300999905536
1931,0.02314160500009166,23.14160500009166
1932,0.037534264999976585,37.534264999976585
1933,0.022883005000039702,22.883005000039702
1934,0.02166087100022196,21.66087100022196
1935,0.02169314899992969,21.69314899992969
1936,0.03428248599993822,34.28248599993822
1937,0.022662471999865375,22.662471999865375
1938,0.02167268499988495,21.67268499988495
1939,0.021004494999942835,21.004494999942835
1940,0.031782308999936504,31.782308999936504
1941,0.027587412999764638,27.587412999764638
1942,0.02085944100008419,20.85944100008419
1943,0.020193852999909723,20.193852999909723
1944,0.030799757999830035,30.799757999830035
1945,0.02845642800002679,28.45642800002679
1946,0.02131443500002206,21.31443500002206
1947,0.021582653000223218,21.582653000223218
1948,0.02747599899976194,27.47599899976194
1949,0.20289867900009995,202.89867900009995
1950,0.026475548000234994,26.475548000234994
1951,0.026322058999994624,26.322058999994624
1952,0.025806347000070673,25.806347000070673
1953,0.0304703150000023,30.4703150000023
1954,0.022520211000028212,22.520211000028212
1955,0.021838159000253654,21.838159000253654
1956,0.037292541999704554,37.292541999704554
1957,0.02291429600018091,22.91429600018091
1958,0.022240731999772834,22.240731999772834
1959,0.022558491000381764,22.558491000381764
1960,0.02604557399990881,26.04557399990881
1961,0.029433216999677825,29.433216999677825
1962,0.02293482800041602,22.93482800041602
1963,0.02246250300004249,22.46250300004249
1964,0.02644100499992419,26.44100499992419
1965,0.02404137300027287,24.04137300027287
1966,0.023012209000171424,23.012209000171424
1967,0.022506248999889067,22.506248999889067
1968,0.03115689400010524,31.15689400010524
1969,0.02725190000001021,27.25190000001021
1970,0.022996703999979218,22.996703999979218
1971,0.023076107999713713,23.076107999713713
1972,0.0290776899996672,29.0776899996672
1973,0.02696927999977561,26.96927999977561
1974,0.022777630999826215,22.777630999826215
1975,0.0220122559999254,22.0122559999254
1976,0.030161907999627147,30.161907999627147
1977,0.028472690999933548,28.472690999933548
1978,0.023134191999815812,23.134191999815812
1979,0.022418209000079514,22.418209000079514
1980,0.030678664999868488,30.678664999868488
1981,0.029615968000143766,29.615968000143766
1982,0.02300478999995903,23.00478999995903
1983,0.022967999999764288,22.967999999764288
1984,0.03121841099982703,31.21841099982703
1985,0.023080725999989227,23.080725999989227
1986,0.023334142999829055,23.334142999829055
1987,0.02265075200011779,22.65075200011779
1988,0.029199599000094167,29.199599000094167
1989,0.03012255199973879,30.12255199973879
1990,0.02592608700024357,25.92608700024357
1991,0.025274375000208238,25.274375000208238
1992,0.027231745999870327,27.231745999870327
1993,0.03109253599996009,31.09253599996009
1994,0.022957163999762997,22.957163999762997
1995,0.02310311500013995,23.10311500013995
1996,0.029478836999714986,29.478836999714986
1997,0.02878937599962228,28.78937599962228
1998,0.022879052000007505,22.879052000007505
1999,0.02204639399997177,22.04639399997177
2000,0.028214355999807594,28.214355999807594
2001,0.027773048999733874,27.773048999733874
2002,0.02259748500000569,22.59748500000569
2003,0.02185056899998017,21.85056899998017
2004,0.028320219999841356,28.320219999841356
2005,0.029216786999768374,29.216786999768374
2006,0.02298477099975571,22.98477099975571
2007,0.023330278000230464,23.330278000230464
2008,0.028772487999958685,28.772487999958685
2009,0.028618050999739353,28.618050999739353
2010,0.023478316999899107,23.478316999899107
2011,0.022405049000099098,22.405049000099098
2012,0.02783944499969948,27.83944499969948
2013,0.02825693600016166,28.25693600016166
2014,0.0227005469996584,22.7005469996584
2015,0.02189047000001665,21.89047000001665
2016,0.02887760800012984,28.87760800012984
2017,0.028537889999824984,28.537889999824984
2018,0.022355338000124902,22.355338000124902
2019,0.022404304000247066,22.404304000247066
2020,0.027249496999957046,27.249496999957046
2021,0.029099592999955348,29.099592999955348
2022,0.023584343000038643,23.584343000038643
2023,0.02305089199990107,23.05089199990107
2024,0.029644427000221185,29.644427000221185
2025,0.02840697999999975,28.40697999999975
2026,0.022485048999897117,22.485048999897117
2027,0.02197842400028094,21.97842400028094
2028,0.02923325300025681,29.23325300025681
2029,0.028485784999702446,28.485784999702446
2030,0.022387764000086463,22.387764000086463
2031,0.02258252999990873,22.58252999990873
2032,0.028889321999940876,28.889321999940876
2033,0.029153207000035763,29.153207000035763
2034,0.023508725999818125,23.508725999818125
2035,0.022809766000136733,22.809766000136733
2036,0.029930593999779376,29.930593999779376
2037,0.028466319000017393,28.466319000017393
2038,0.0225920530001531,22.5920530001531
2039,0.02190071299992269,21.90071299992269
2040,0.028787582999939332,28.787582999939332
2041,0.028964900999653764,28.964900999653764
2042,0.022247250999953394,22.247250999953394
2043,0.022412139999687497,22.412139999687497
2044,0.028163125999981276,28.163125999981276
2045,0.028694741000435897,28.694741000435897
2046,0.02277408400004788,22.77408400004788
2047,0.02208457599999747,22.08457599999747
2048,0.027392644999963522,27.392644999963522
2049,0.029994140999860974,29.994140999860974
2050,0.02472254000031171,24.72254000031171
2051,0.02344422999976814,23.44422999976814
2052,0.04606084800025201,46.06084800025201
2053,0.02486663099989528,24.86663099989528
2054,0.022603677000006428,22.603677000006428
2055,0.022787170999890805,22.787170999890805
2056,0.03500634100009847,35.00634100009847
2057,0.027109917999950994,27.109917999950994
2058,0.02332444800003941,23.32444800003941
2059,0.022298398000202724,22.298398000202724
2060,0.029817776000072627,29.817776000072627
2061,0.02757246400005897,27.57246400005897
2062,0.022285805999672448,22.285805999672448
2063,0.021748469000158366,21.748469000158366
2064,0.030920673000309762,30.920673000309762
2065,0.028605754999716737,28.605754999716737
2066,0.022269427000082942,22.269427000082942
2067,0.022163423000165494,22.163423000165494
2068,0.031096458999854804,31.096458999854804
2069,0.02767349000032482,27.67349000032482
2070,0.023425493000104325,23.425493000104325
2071,0.02280736100010472,22.80736100010472
2072,0.023442205999799626,23.442205999799626
2073,0.03284611799972481,32.84611799972481
2074,0.02255582299994785,22.55582299994785
2075,0.02209152700015693,22.09152700015693
2076,0.029714733999753662,29.714733999753662
2077,0.02889407599968763,28.89407599968763
2078,0.022216450999621884,22.216450999621884
2079,0.023190299999896524,23.190299999896524
2080,0.02796555700024328,27.96555700024328
2081,0.027949553999860655,27.949553999860655
2082,0.023040272000343975,23.040272000343975
2083,0.022558345000106783,22.558345000106783
2084,0.030112470999938523,30.112470999938523
2085,0.028355632000057085,28.355632000057085
2086,0.022966050999912113,22.966050999912113
2087,0.02208195599996543,22.08195599996543
2088,0.03084374999980355,30.84374999980355
2089,0.03300944000011441,33.00944000011441
2090,0.022149621000153275,22.149621000153275
2091,0.02262225899994519,22.62225899994519
2092,0.030844178999814176,30.844178999814176
2093,0.02385710199996538,23.85710199996538
2094,0.023548004999611294,23.548004999611294
2095,0.022768877999624237,22.768877999624237
2096,0.03174975499996435,31.749754999964352
2097,0.024137571999744978,24.137571999744978
2098,0.02313277700022809,23.13277700022809
2099,0.022658244000012928,22.658244000012928
2100,0.03161447100001169,31.61447100001169
2101,0.02256251800008613,22.56251800008613
2102,0.02226534500005073,22.26534500005073
2103,0.022314622000067175,22.314622000067175
2104,0.03017242299983991,30.17242299983991
2105,0.02803735699990284,28.03735699990284
2106,0.023396024000248872,23.39602400024887
2107,0.022606901000017388,22.606901000017388
2108,0.032279200999710156,32.279200999710156
2109,0.023725588000161224,23.725588000161224
2110,0.02293950200009931,22.93950200009931
2111,0.022037737000118796,22.037737000118796
2112,0.041702104000250984,41.70210400025098
2113,0.02627041999994617,26.27041999994617
2114,0.024464970999815705,24.464970999815705
2115,0.023094458999821654,23.094458999821654
2116,0.031197066999993694,31.197066999993694
2117,0.028054229999725067,28.054229999725067
2118,0.023504834000050323,23.504834000050323
2119,0.022167230999912135,22.167230999912135
2120,0.028417111999715416,28.417111999715416
2121,0.02803711399974418,28.03711399974418
2122,0.023685865000061312,23.685865000061312
2123,0.021878825999920082,21.878825999920082
2124,0.029801355000017793,29.801355000017793
2125,0.027897990999917965,27.897990999917965
2126,0.022338930999922013,22.338930999922013
2127,0.022465952999937144,22.465952999937144
2128,0.028676718000042456,28.676718000042456
2129,0.028138167000179237,28.138167000179237
2130,0.02364727399981348,23.64727399981348
2131,0.02271113000006153,22.71113000006153
2132,0.03006102400013333,30.06102400013333
2133,0.02882335200001762,28.82335200001762
2134,0.022534058000019286,22.534058000019286
2135,0.02186290099962207,21.86290099962207
2136,0.02923226600023554,29.23226600023554
2137,0.027817812000193953,27.817812000193953
2138,0.022302293999928224,22.302293999928224
2139,0.022256541999922774,22.256541999922774
2140,0.028320976000031806,28.320976000031806
2141,0.02790846900006727,27.90846900006727
2142,0.022869936999995844,22.869936999995844
2143,0.022042546000193397,22.042546000193397
2144,0.027115590999983397,27.115590999983397
2145,0.030248186999870086,30.248186999870086
2146,0.02358978299980663,23.58978299980663
2147,0.02276677200006816,22.76677200006816
2148,0.03005655900005877,30.05655900005877
2149,0.029509140999834926,29.509140999834926
2150,0.022621463999712432,22.621463999712432
2151,0.022543994999978167,22.543994999978167
2152,0.028969408000193653,28.969408000193653
2153,0.02801569200028098,28.01569200028098
2154,0.022932933999982197,22.932933999982197
2155,0.02228707599988411,22.28707599988411
2156,0.030305769000278815,30.305769000278815
2157,0.028243770999779372,28.243770999779372
2158,0.022677111999655608,22.677111999655608
2159,0.02197315300008995,21.97315300008995
2160,0.03711012400026448,37.11012400026448
2161,0.026905447999979515,26.905447999979515
2162,0.022962193000239495,22.962193000239495
2163,0.023198257999865746,23.198257999865746
2164,0.03828888799989727,38.28888799989727
2165,0.02294062800001484,22.94062800001484
2166,0.02282002600031774,22.82002600031774
2167,0.022108229000423307,22.108229000423307
2168,0.027941216999806784,27.941216999806784
2169,0.023327978999986954,23.327978999986954
2170,0.02245489799997813,22.45489799997813
2171,0.022017273000074056,22.017273000074056
2172,0.029943252000066423,29.943252000066423
2173,0.02785739499995543,27.85739499995543
2174,0.023114495999834617,23.114495999834617
2175,0.023049957000239374,23.049957000239374
2176,0.031691775000126654,31.691775000126654
2177,0.02410715899986826,24.10715899986826
2178,0.023614346000158548,23.614346000158548
2179,0.02268359400022746,22.68359400022746
2180,0.031834117000016704,31.834117000016704
2181,0.024921724000250833,24.921724000250833
2182,0.023056393999922875,23.056393999922875
2183,0.02245109900013631,22.45109900013631
2184,0.02863495600013266,28.63495600013266
2185,0.024064371999884315,24.064371999884315
2186,0.022564314999726776,22.564314999726776
2187,0.02247519000002285,22.47519000002285
2188,0.029948560999855545,29.948560999855545
2189,0.0298069119999127,29.8069119999127
2190,0.02379311000004236,23.79311000004236
2191,0.0228553700003431,22.8553700003431
2192,0.03269197700001314,32.69197700001314
2193,0.024364213999888307,24.364213999888307
2194,0.023322830999859434,23.322830999859434
2195,0.021971778000079212,21.971778000079212
2196,0.03824144800000795,38.24144800000795
2197,0.02352968700006386,23.52968700006386
2198,0.023446519000117405,23.446519000117405
2199,0.022389451999970333,22.389451999970333
2200,0.025738636999903974,25.738636999903974
2201,0.03133168900012606,31.33168900012606
2202,0.02353990800020256,23.53990800020256
2203,0.023080050999851665,23.080050999851665
2204,0.02931990399974893,29.31990399974893
2205,0.028848584999650484,28.848584999650484
2206,0.022569098000076337,22.569098000076337
2207,0.021894020000218006,21.894020000218006
2208,0.03477350299999671,34.77350299999671
2209,0.02805318500031717,28.05318500031717
2210,0.022242960999847128,22.242960999847128
2211,0.022554666999894835,22.554666999894835
2212,0.03313851400025669,33.13851400025669
2213,0.02902178600015759,29.02178600015759
2214,0.023742218999814213,23.742218999814213
2215,0.02247293299978992,22.47293299978992
2216,0.032293735000166635,32.293735000166635
2217,0.02435757300008845,24.35757300008845
2218,0.023311793999710062,23.311793999710062
2219,0.022392806999960158,22.392806999960158
2220,0.03939588200000799,39.39588200000799
2221,0.025650774000041565,25.650774000041565
2222,0.022778393999942637,22.778393999942637
2223,0.02249573800008875,22.49573800008875
2224,0.035292384999593196,35.292384999593196
2225,0.028051857999798813,28.051857999798813
2226,0.023037797000142746,23.037797000142746
2227,0.022272987999713223,22.272987999713223
2228,0.044159577999835165,44.159577999835165
2229,0.03743094699984795,37.43094699984795
2230,0.026485394000246743,26.485394000246743
2231,0.024612486000023637,24.612486000023637
2232,0.045201819999874715,45.201819999874715
2233,0.02677556199978426,26.77556199978426
2234,0.026667650000035792,26.667650000035792
2235,0.023460145000171906,23.460145000171906
2236,0.030264231000273867,30.264231000273867
2237,0.030197845999737183,30.197845999737183
2238,0.024338199999874632,24.338199999874632
2239,0.024330910000117,24.330910000117
2240,0.04476115599982222,44.76115599982222
2241,0.024700794000182213,24.700794000182213
2242,0.022971632000007958,22.971632000007958
2243,0.022254500000144617,22.254500000144617
2244,0.03822562699997434,38.22562699997434
2245,0.02336870099998123,23.36870099998123
2246,0.022282589000042208,22.282589000042208
2247,0.022586974000205373,22.586974000205373
2248,0.03508993100012958,35.08993100012958
2249,0.022763384999962,22.763384999962
2250,0.022960521000186418,22.960521000186418
2251,0.02208773200027281,22.08773200027281
2252,0.02386834099979751,23.86834099979751
2253,0.03413781100016422,34.13781100016422
2254,0.02316800200014768,23.16800200014768
2255,0.022630835000200022,22.630835000200022
2256,0.03938644900017607,39.38644900017607
2257,0.023595923999891966,23.595923999891966
2258,0.02316029699977662,23.16029699977662
2259,0.023205452000183868,23.205452000183868
2260,0.03947371200001726,39.47371200001726
2261,0.026548215999810054,26.548215999810054
2262,0.023592156999711733,23.592156999711733
2263,0.023512639999808016,23.512639999808016
2264,0.04142876300011267,41.42876300011267
2265,0.024158829999578302,24.158829999578302
2266,0.022170517000176915,22.170517000176915
2267,0.02184792300022309,21.84792300022309
2268,0.03536471999996138,35.36471999996138
2269,0.024331905000053666,24.331905000053666
2270,0.02222819200005688,22.22819200005688
2271,0.023118364999845653,23.118364999845653
2272,0.04258777999984886,42.58777999984886
2273,0.023653600000216102,23.6536000002161
2274,0.022881779000272218,22.881779000272218
2275,0.022319352000067738,22.319352000067738
2276,0.02893895999977758,28.93895999977758
2277,0.02893578900011562,28.93578900011562
2278,0.02631192699982421,26.31192699982421
2279,0.023810694000076182,23.810694000076182
2280,0.033962401999815484,33.962401999815484
2281,0.022689815000376257,22.689815000376257
2282,0.023093625999990763,23.093625999990763
2283,0.023124769999867567,23.124769999867567
2284,0.030740224000055605,30.740224000055605
2285,0.0270541529998809,27.0541529998809
2286,0.023378150999633363,23.378150999633363
2287,0.022476730000107636,22.476730000107636
2288,0.030408508000164147,30.408508000164147
2289,0.026168927000071562,26.168927000071562
2290,0.023156754999945406,23.156754999945406
2291,0.022369111999978486,22.369111999978486
2292,0.031171892000202206,31.171892000202206
2293,0.024132070999712596,24.132070999712596
2294,0.022324837000269326,22.324837000269326
2295,0.022316218000014487,22.316218000014487
2296,0.029795640999964235,29.795640999964235
2297,0.02790059900007691,27.90059900007691
2298,0.024061466999683034,24.061466999683034
2299,0.022744464999959746,22.744464999959746
2300,0.029812948000198958,29.812948000198958
2301,0.0288968439999735,28.8968439999735
2302,0.02257979699970747,22.57979699970747
2303,0.021855657000287465,21.855657000287465
2304,0.03115008500026306,31.15008500026306
2305,0.026952165000238892,26.952165000238892
2306,0.022781422000207385,22.781422000207385
2307,0.0228092980000838,22.8092980000838
2308,0.029355110000324203,29.355110000324203
2309,0.027425061000030837,27.425061000030837
2310,0.02296089799983747,22.96089799983747
2311,0.02210317099979875,22.10317099979875
2312,0.029205243999967934,29.205243999967934
2313,0.028572100000019418,28.572100000019418
2314,0.022552799000095547,22.552799000095547
2315,0.02233624799964673,22.33624799964673
2316,0.031647453000005044,31.647453000005044
2317,0.030154605000006995,30.154605000006995
2318,0.022833241999705933,22.833241999705933
2319,0.02303182800005743,23.03182800005743
2320,0.03174097300006906,31.74097300006906
2321,0.0232702309999695,23.2702309999695
2322,0.023355667000032554,23.355667000032554
2323,0.022294015000170475,22.294015000170475
2324,0.032204713000282936,32.204713000282936
2325,0.023476760999983526,23.476760999983526
2326,0.02904147999970519,29.04147999970519
2327,0.02622066399999312,26.22066399999312
2328,0.030574991999856138,30.574991999856138
2329,0.030038457000046037,30.038457000046037
2330,0.023375451999982033,23.375451999982033
2331,0.02299262099995758,22.99262099995758
2332,0.0305762089997188,30.5762089997188
2333,0.028467623999858915,28.467623999858915
2334,0.023132708000048297,23.132708000048297
2335,0.02196203899984539,21.96203899984539
2336,0.04293934599991189,42.93934599991189
2337,0.023615288000200962,23.615288000200962
2338,0.02260570299995379,22.60570299995379
2339,0.021963969999887922,21.963969999887922
2340,0.0266874280000593,26.6874280000593
2341,0.02963965599974472,29.63965599974472
2342,0.022238616999857186,22.238616999857186
2343,0.023002625999652082,23.002625999652082
2344,0.025224688999969658,25.224688999969658
2345,0.03044735799994669,30.44735799994669
2346,0.023416852000082145,23.416852000082145
2347,0.023166320000200358,23.166320000200358
2348,0.02800105500000427,28.00105500000427
2349,0.02975196900024457,29.75196900024457
2350,0.024402680000093824,24.402680000093824
2351,0.021846644000106608,21.846644000106608
2352,0.029078233999825898,29.078233999825898
2353,0.028310593999776756,28.310593999776756
2354,0.02270837899959588,22.70837899959588
2355,0.02249693500016292,22.49693500016292
2356,0.028777202000128455,28.777202000128455
2357,0.028012293999836402,28.012293999836402
2358,0.023290750000342086,23.290750000342086
2359,0.02301402400007646,23.01402400007646
2360,0.02933822600016356,29.33822600016356
2361,0.029785398000058194,29.785398000058194
2362,0.02311289699991903,23.11289699991903
2363,0.02269967500023995,22.69967500023995
2364,0.03228683799989085,32.28683799989085
2365,0.028138499000306183,28.138499000306183
2366,0.02289343500024188,22.89343500024188
2367,0.022403309999845078,22.403309999845078
2368,0.029916047000369872,29.916047000369872
2369,0.02645944599998984,26.45944599998984
2370,0.022846900000331516,22.846900000331516
2371,0.022164289000102144,22.164289000102144
2372,0.030547879000096145,30.547879000096145
2373,0.028680566000275576,28.680566000275576
2374,0.023124671000005037,23.124671000005037
2375,0.022450366000157373,22.450366000157373
2376,0.03222945000015898,32.22945000015898
2377,0.024683066999841685,24.683066999841685
2378,0.022948611000174424,22.948611000174424
2379,0.023109814999770606,23.109814999770606
2380,0.03184369800010245,31.84369800010245
2381,0.023298736999549874,23.298736999549874
2382,0.022803839000062,22.803839000062
2383,0.02329550400008884,23.29550400008884
2384,0.031213446000037948,31.213446000037948
2385,0.02531576799992763,25.31576799992763
2386,0.024764799999957177,24.764799999957177
2387,0.025368734000039694,25.368734000039694
2388,0.04350128299984135,43.50128299984135
2389,0.02530866100005369,25.30866100005369
2390,0.023157502000231034,23.157502000231034
2391,0.02254588400001012,22.54588400001012
2392,0.03152952100026596,31.52952100026596
2393,0.02320767200035334,23.20767200035334
2394,0.022820530999979383,22.820530999979383
2395,0.02207138199992187,22.07138199992187
2396,0.03469471700009308,34.69471700009308
2397,0.024516506000054505,24.516506000054505
2398,0.02316505699991467,23.16505699991467
2399,0.022682694999730302,22.682694999730302
2400,0.028356884000004356,28.356884000004356
2401,0.025664297999810515,25.664297999810515
2402,0.022999345999778598,22.999345999778598
2403,0.022320321000279364,22.320321000279364
2404,0.14544402799992895,145.44402799992895
2405,0.022092887999860977,22.092887999860977
2406,0.022563957000329538,22.563957000329538
2407,0.02217519900023035,22.17519900023035
2408,0.025559795999924972,25.559795999924972
2409,0.03039526600014142,30.39526600014142
2410,0.022846631999982492,22.846631999982492
2411,0.02190779200009274,21.90779200009274
2412,0.03278165399979116,32.78165399979116
2413,0.027928563999921607,27.928563999921607
2414,0.02238155299983191,22.38155299983191
2415,0.022341040999890538,22.341040999890538
2416,0.028202784999848518,28.202784999848518
2417,0.02865111800019804,28.65111800019804
2418,0.023156577000008838,23.156577000008838
2419,0.022558933999789588,22.558933999789588
2420,0.027914830000099755,27.914830000099755
2421,0.030827336000129435,30.827336000129435
2422,0.02311503700002504,23.11503700002504
2423,0.022500914999909583,22.500914999909583
2424,0.02945424199970148,29.45424199970148
2425,0.028399914000146964,28.399914000146964
2426,0.022289489999820944,22.289489999820944
2427,0.02240600599998288,22.40600599998288
2428,0.028158170999631693,28.158170999631693
2429,0.028802440000163188,28.802440000163188
2430,0.02307930999995733,23.07930999995733
2431,0.02213634399959119,22.13634399959119
2432,0.028579006999734702,28.579006999734702
2433,0.028986865999740985,28.986865999740985
2434,0.023100792999684927,23.100792999684927
2435,0.022575554000013653,22.575554000013653
2436,0.03031060900002558,30.31060900002558
2437,0.028498559999661666,28.498559999661666
2438,0.022798329000124795,22.798329000124795
2439,0.02286388899983649,22.86388899983649
2440,0.030061126999953558,30.061126999953558
2441,0.02809587100000499,28.09587100000499
2442,0.022944464999909542,22.944464999909542
2443,0.022273222999956488,22.273222999956488
2444,0.024466272000154277,24.466272000154277
2445,0.043279831999825547,43.27983199982555
2446,0.023493303000122978,23.493303000122978
2447,0.022489148000204295,22.489148000204295
2448,0.029667873000107647,29.667873000107647
2449,0.02782988699982525,27.82988699982525
2450,0.022788804999891,22.788804999891
2451,0.02289650000011534,22.89650000011534
2452,0.028314320999925258,28.314320999925258
2453,0.026817480999852705,26.817480999852705
2454,0.02316501299992524,23.16501299992524
2455,0.022681244000068546,22.681244000068546
2456,0.027638690999992832,27.638690999992832
2457,0.029056038999897282,29.056038999897282
2458,0.023018227000193292,23.018227000193292
2459,0.022264093999638135,22.264093999638135
2460,0.03338335400030701,33.38335400030701
2461,0.023027096000078018,23.027096000078018
2462,0.022127430000182358,22.127430000182358
2463,0.022137381999982608,22.13738199998261
2464,0.026487719000215293,26.487719000215293
2465,0.02228874899992661,22.28874899992661
2466,0.022687102999952913,22.687102999952913
2467,0.021991232999880594,21.991232999880594
2468,0.030569616999855498,30.569616999855498
2469,0.028414192000127514,28.414192000127514
2470,0.0235815719997845,23.5815719997845
2471,0.022564524999779678,22.564524999779678
2472,0.031496306999997614,31.496306999997614
2473,0.0248271520003982,24.8271520003982
2474,0.022797815000103583,22.797815000103583
2475,0.0229947469997569,22.9947469997569
2476,0.03053146399997786,30.53146399997786
2477,0.02464671500001714,24.64671500001714
2478,0.023259595999661542,23.259595999661542
2479,0.023629882000022917,23.629882000022917
2480,0.030787394999606477,30.787394999606477
2481,0.02682893100018191,26.82893100018191
2482,0.022901667000041925,22.901667000041925
2483,0.02238975099999152,22.38975099999152
2484,0.028920815999754268,28.920815999754268
2485,0.024357458999929804,24.357458999929804
2486,0.022648874999958934,22.648874999958934
2487,0.022211906999928033,22.211906999928033
2488,0.02892289300007178,28.92289300007178
2489,0.027155932999903598,27.155932999903598
2490,0.022767670000121143,22.767670000121143
2491,0.022369709000031435,22.369709000031435
2492,0.02433142299969404,24.33142299969404
2493,0.03520916799971019,35.20916799971019
2494,0.02341030800016597,23.41030800016597
2495,0.022816107999915403,22.816107999915403
2496,0.03086642700009179,30.86642700009179
2497,0.02603385599968533,26.03385599968533
2498,0.022857500000100117,22.857500000100117
2499,0.02235569899994516,22.35569899994516
2500,0.028670240999872476,28.670240999872476
2501,0.02716742000029626,27.16742000029626
2502,0.02274391699984335,22.74391699984335
2503,0.022162434000165376,22.162434000165376
2504,0.028093583000099898,28.093583000099898
2505,0.02749974900007146,27.49974900007146
2506,0.02279592499962746,22.79592499962746
2507,0.02237832700029685,22.37832700029685
2508,0.02907582799980446,29.07582799980446
2509,0.029632133999712096,29.632133999712096
2510,0.022965460999785137,22.965460999785137
2511,0.022398979000172403,22.398979000172403
2512,0.026777750000292144,26.777750000292144
2513,0.03207318099975964,32.07318099975964
2514,0.02324255399980757,23.24255399980757
2515,0.0225648559999172,22.5648559999172
2516,0.04387750300020343,43.87750300020343
2517,0.02346195300015097,23.46195300015097
2518,0.022284951000074216,22.284951000074216
2519,0.021660075999989203,21.660075999989203
2520,0.027864307999607263,27.864307999607263
2521,0.02249943800006804,22.49943800006804
2522,0.022124268999959895,22.124268999959895
2523,0.02226001899998664,22.26001899998664
2524,0.03092382600016208,30.92382600016208
2525,0.028312812999956805,28.312812999956805
2526,0.023316116999922087,23.316116999922087
2527,0.022562341000138986,22.562341000138986
2528,0.03124029300033726,31.24029300033726
2529,0.023623471000064455,23.623471000064455
2530,0.023416435999934038,23.416435999934038
2531,0.022393386000203463,22.393386000203463
2532,0.030828246000055515,30.828246000055515
2533,0.023702537999724882,23.702537999724882
2534,0.022042571999918437,22.042571999918437
2535,0.02221791400006623,22.21791400006623
2536,0.02959153099982359,29.59153099982359
2537,0.02719628200020452,27.19628200020452
2538,0.022684378999656474,22.684378999656474
2539,0.022079709000081493,22.079709000081493
2540,0.028312968999671284,28.312968999671284
2541,0.027884329999778856,27.884329999778856
2542,0.023042067999995197,23.042067999995197
2543,0.02252823399976478,22.52823399976478
2544,0.030368166999778623,30.368166999778623
2545,0.028251349999663944,28.251349999663944
2546,0.022347397999965324,22.347397999965324
2547,0.02241335100006836,22.41335100006836
2548,0.02852751199998238,28.52751199998238
2549,0.027453993000108312,27.453993000108312
2550,0.022807078000369074,22.807078000369074
2551,0.02194663499994931,21.94663499994931
2552,0.02762695799992798,27.62695799992798
2553,0.02950686499980293,29.50686499980293
2554,0.023196743999960745,23.196743999960745
2555,0.022397763000299165,22.397763000299165
2556,0.0303388500001347,30.3388500001347
2557,0.028124823999860382,28.124823999860382
2558,0.022444834999987506,22.444834999987506
2559,0.022210379000171088,22.210379000171088
2560,0.049902087000191386,49.902087000191386
2561,0.026251573000081407,26.251573000081407
2562,0.02579107200017461,25.79107200017461
2563,0.025537996999901225,25.537996999901225
2564,0.03801511399979063,38.01511399979063
2565,0.023669835999953648,23.669835999953648
2566,0.023506985000040004,23.506985000040004
2567,0.022791090000282566,22.791090000282566
2568,0.04212581000001592,42.12581000001592
2569,0.02548086599972521,25.48086599972521
2570,0.024007331000120757,24.007331000120757
2571,0.02286761599998499,22.86761599998499
2572,0.03165248100003737,31.65248100003737
2573,0.03146108200007802,31.461082000078022
2574,0.022811469999851397,22.811469999851397
2575,0.021939404000022478,21.939404000022478
2576,0.024767285000052652,24.767285000052652
2577,0.030923892999908276,30.923892999908276
2578,0.023870297000030405,23.870297000030405
2579,0.022555194000233314,22.555194000233314
2580,0.030027938999865,30.027938999865
2581,0.028179632000046695,28.179632000046695
2582,0.022737061000043468,22.737061000043468
2583,0.02301123299957908,23.01123299957908
2584,0.028601871999853756,28.601871999853756
2585,0.0282396009997683,28.2396009997683
2586,0.02272401499976695,22.72401499976695
2587,0.022079036999912205,22.079036999912205
2588,0.02487764800025616,24.87764800025616
2589,0.030524986000273202,30.524986000273202
2590,0.022991267000179505,22.991267000179505
2591,0.02232884200020635,22.32884200020635
2592,0.02729702999977235,27.29702999977235
2593,0.029881165999995574,29.881165999995574
2594,0.023748245000206225,23.748245000206225
2595,0.024793643000066368,24.793643000066368
2596,0.03144131299995934,31.441312999959337
2597,0.02803753999978653,28.03753999978653
2598,0.022776148000048124,22.776148000048124
2599,0.022092315000008966,22.092315000008966
2600,0.028086186000109592,28.086186000109592
2601,0.027720724000118935,27.720724000118935
2602,0.02244350899991332,22.44350899991332
2603,0.021683203000065987,21.683203000065987
2604,0.02923788499992952,29.23788499992952
2605,0.027763923999827966,27.763923999827966
2606,0.02205311299985624,22.05311299985624
2607,0.022515805999773875,22.515805999773875
2608,0.026414236000164237,26.414236000164237
2609,0.027340372999788087,27.340372999788087
2610,0.02334634399994684,23.34634399994684
2611,0.02734542500002135,27.34542500002135
2612,0.028621746999760944,28.621746999760944
2613,0.030544749000000593,30.544749000000593
2614,0.025324941000235413,25.324941000235413
2615,0.024545837000005122,24.545837000005122
2616,0.03778568200004884,37.78568200004884
2617,0.02330633499968826,23.30633499968826
2618,0.022666064000077313,22.666064000077313
2619,0.022756207999918843,22.756207999918843
2620,0.029554907000147068,29.554907000147068
2621,0.02231623799980298,22.31623799980298
2622,0.022623449000093387,22.623449000093387
2623,0.021942042999853584,21.942042999853584
2624,0.029365352999775496,29.365352999775496
2625,0.028215394000199012,28.215394000199012
2626,0.022346454999933485,22.346454999933485
2627,0.021789925000121002,21.789925000121002
2628,0.03069414500032508,30.69414500032508
2629,0.0286918169999808,28.6918169999808
2630,0.02273398300030749,22.73398300030749
2631,0.022951826000280562,22.951826000280562
2632,0.02960750400006873,29.60750400006873
2633,0.027880718000233173,27.880718000233173
2634,0.02406860000019151,24.06860000019151
2635,0.022269044000040594,22.269044000040594
2636,0.03357664599980126,33.57664599980126
2637,0.022953209000206698,22.953209000206698
2638,0.022359047000009014,22.359047000009014
2639,0.021821687999818096,21.821687999818096
2640,0.029863385999760794,29.863385999760794
2641,0.02774161900015315,27.74161900015315
2642,0.022089317999871128,22.089317999871128
2643,0.022300342000107776,22.300342000107776
2644,0.03946425099957196,39.46425099957196
2645,0.023167501999978413,23.167501999978413
2646,0.023352443000021594,23.352443000021594
2647,0.022827973999937967,22.827973999937967
2648,0.027110080999591446,27.110080999591446
2649,0.02540431199986415,25.40431199986415
2650,0.024592977999873256,24.592977999873256
2651,0.021747071999925538,21.747071999925538
2652,0.03575371300030383,35.75371300030383
2653,0.02325411699985125,23.25411699985125
2654,0.022274129999914294,22.274129999914294
2655,0.022551899000063713,22.551899000063713
2656,0.03081853100002263,30.81853100002263
2657,0.02340173299990056,23.40173299990056
2658,0.023216671000227507,23.216671000227507
2659,0.02259797199985769,22.59797199985769
2660,0.028833737000240944,28.833737000240944
2661,0.03423896499998591,34.23896499998591
2662,0.025703239999984362,25.703239999984362
2663,0.023618968999926437,23.618968999926437
2664,0.03038359299989679,30.38359299989679
2665,0.029207709000274917,29.207709000274917
2666,0.02219965599988427,22.19965599988427
2667,0.022486090999791486,22.486090999791486
2668,0.02777037499981816,27.77037499981816
2669,0.027972671000043192,27.972671000043192
2670,0.022690497999974468,22.69049799997447
2671,0.021904715999880864,21.904715999880864
2672,0.025304906999735977,25.304906999735977
2673,0.029639750000114873,29.639750000114873
2674,0.023000404999947932,23.000404999947932
2675,0.022511428999678174,22.511428999678174
2676,0.02522073599993746,25.22073599993746
2677,0.03121331599959376,31.21331599959376
2678,0.02284399600011966,22.84399600011966
2679,0.02306523900006141,23.06523900006141
2680,0.02628434999996898,26.28434999996898
2681,0.02959690000034243,29.59690000034243
2682,0.023511823000262666,23.511823000262666
2683,0.023062548999860155,23.062548999860155
2684,0.027080152000053204,27.080152000053204
2685,0.030033258000003116,30.033258000003116
2686,0.022430597000038688,22.430597000038688
2687,0.02168551499971727,21.68551499971727
2688,0.026883703999828867,26.883703999828867
2689,0.027918207999846345,27.918207999846345
2690,0.022113844999694265,22.113844999694265
2691,0.022304279999843857,22.304279999843857
2692,0.026575511999908485,26.575511999908485
2693,0.0230987400000231,23.0987400000231
2694,0.023377209000045696,23.377209000045696
2695,0.022767773999930796,22.767773999930796
2696,0.025215807000222412,25.215807000222412
2697,0.03296721600008823,32.96721600008823
2698,0.02299124999990454,22.99124999990454
2699,0.022371310999915295,22.371310999915295
2700,0.03167409499974383,31.67409499974383
2701,0.023482133000015892,23.482133000015892
2702,0.022744869000234758,22.744869000234758
2703,0.022670536000077846,22.670536000077846
2704,0.029504663000352593,29.504663000352593
2705,0.027008998000383144,27.008998000383144
2706,0.022639913000148226,22.639913000148226
2707,0.022116100000403094,22.116100000403094
2708,0.02942721299996265,29.42721299996265
2709,0.02849514299987277,28.49514299987277
2710,0.023126318999857176,23.126318999857176
2711,0.022367308999946545,22.367308999946545
2712,0.029677633000119386,29.677633000119386
2713,0.028156947999832482,28.156947999832482
2714,0.02211693200024456,22.11693200024456
2715,0.022360904999914055,22.360904999914055
2716,0.028190356999857613,28.190356999857613
2717,0.027839434000270558,27.839434000270558
2718,0.022706603999722574,22.706603999722574
2719,0.021940735000043787,21.940735000043787
2720,0.02779839999993783,27.79839999993783
2721,0.027790015999926254,27.790015999926254
2722,0.022405892000278982,22.405892000278982
2723,0.021749678000105632,21.749678000105632
2724,0.028995233999921766,28.995233999921766
2725,0.03435462600009487,34.35462600009487
2726,0.02364670399992974,23.64670399992974
2727,0.024278109000078985,24.278109000078985
2728,0.03168041200024163,31.68041200024163
2729,0.02407906999997067,24.07906999997067
2730,0.023386807999941084,23.386807999941084
2731,0.022854156999983388,22.85415699998339
2732,0.03008558900000935,30.08558900000935
2733,0.026216536999982054,26.216536999982054
2734,0.022972417999881145,22.972417999881145
2735,0.02252560099987022,22.52560099987022
2736,0.03167741400011437,31.677414000114368
2737,0.024234185000295838,24.234185000295838
2738,0.022744051999779913,22.744051999779913
2739,0.022940086999824416,22.940086999824416
2740,0.03132852099997763,31.328520999977627
2741,0.023611614999936137,23.611614999936137
2742,0.02268829700005881,22.68829700005881
2743,0.02198272999976325,21.98272999976325
2744,0.02846005600031276,28.46005600031276
2745,0.027949600999818358,27.949600999818358
2746,0.022405983000226115,22.405983000226115
2747,0.022187774000030913,22.187774000030913
2748,0.029083630000059202,29.083630000059202
2749,0.027717109999684908,27.717109999684908
2750,0.02269450100038739,22.69450100038739
2751,0.02299071500010541,22.99071500010541
2752,0.02866804500035869,28.66804500035869
2753,0.028132945999914227,28.132945999914227
2754,0.02328694599964365,23.28694599964365
2755,0.021962151000025187,21.962151000025187
2756,0.027833820000068954,27.833820000068954
2757,0.02866210999991381,28.66210999991381
2758,0.022630517999914446,22.630517999914446
2759,0.021693723000225873,21.693723000225873
2760,0.027498039999954926,27.498039999954926
2761,0.028723836000153824,28.723836000153824
2762,0.02207882399989103,22.07882399989103
2763,0.02219520700009525,22.19520700009525
2764,0.025408488000266516,25.408488000266516
2765,0.029769692000172654,29.769692000172654
2766,0.023370796000108385,23.370796000108385
2767,0.022563990999969974,22.563990999969974
2768,0.025669468000160123,25.669468000160123
2769,0.0308172950003609,30.8172950003609
2770,0.02313455800003794,23.13455800003794
2771,0.0223221400001421,22.3221400001421
2772,0.027403524999954243,27.403524999954243
2773,0.02749609500006045,27.49609500006045
2774,0.022035345999938727,22.035345999938727
2775,0.022379914999874018,22.379914999874018
2776,0.02657604199976049,26.57604199976049
2777,0.02273496099996919,22.73496099996919
2778,0.023148682999817538,23.148682999817538
2779,0.022263679999923625,22.263679999923625
2780,0.02898004000007859,28.98004000007859
2781,0.027710033999937878,27.710033999937878
2782,0.02233319200013284,22.33319200013284
2783,0.022335468000164838,22.335468000164838
2784,0.029536150000240013,29.536150000240013
2785,0.029055027999675076,29.055027999675076
2786,0.02371710700026597,23.71710700026597
2787,0.025887318000059167,25.887318000059167
2788,0.03117411799985348,31.17411799985348
2789,0.02299572999982047,22.99572999982047
2790,0.023397038000439352,23.397038000439352
2791,0.022581507999802852,22.581507999802852
2792,0.029825478000020667,29.825478000020667
2793,0.026290412999969703,26.290412999969703
2794,0.022634616999766877,22.634616999766877
2795,0.0218036689998371,21.8036689998371
2796,0.0295787999998538,29.5787999998538
2797,0.027514611999777117,27.514611999777117
2798,0.022670744999686576,22.670744999686576
2799,0.0222309540004062,22.2309540004062
2800,0.028017451999858167,28.017451999858167
2801,0.02835178100031044,28.35178100031044
2802,0.022503341999708937,22.503341999708937
2803,0.021923746999618743,21.923746999618743
2804,0.028477325000039855,28.477325000039855
2805,0.02839460799987137,28.39460799987137
2806,0.023072242000125698,23.072242000125698
2807,0.022343358999933116,22.343358999933116
2808,0.03058051100015291,30.58051100015291
2809,0.027976551999927324,27.976551999927324
2810,0.022916651999821624,22.916651999821624
2811,0.02228848000004291,22.28848000004291
2812,0.02789955700018254,27.89955700018254
2813,0.028932555000210414,28.932555000210414
2814,0.023247581000305217,23.247581000305217
2815,0.022480208999695606,22.480208999695606
2816,0.028907852999964234,28.907852999964234
2817,0.02867105299992545,28.67105299992545
2818,0.02300814000000173,23.00814000000173
2819,0.022969899000145233,22.969899000145233
2820,0.03148419100034516,31.484191000345163
2821,0.028296721000060643,28.296721000060643
2822,0.023738669000067603,23.738669000067603
2823,0.022397736000129953,22.397736000129953
2824,0.029276972000388923,29.276972000388923
2825,0.028886755000257835,28.886755000257835
2826,0.022696501000154967,22.696501000154967
2827,0.02313194399994245,23.13194399994245
2828,0.03405022500010091,34.05022500010091
2829,0.02539068199985195,25.39068199985195
2830,0.022948175000237825,22.948175000237825
2831,0.021733053999923868,21.733053999923868
2832,0.039327594000042154,39.327594000042154
2833,0.028168438999728096,28.168438999728096
2834,0.022507801999836374,22.507801999836374
2835,0.0231503319996591,23.1503319996591
2836,0.03150218599967047,31.502185999670473
2837,0.02914141599967479,29.14141599967479
2838,0.023266410999895015,23.266410999895015
2839,0.02264731800005393,22.64731800005393
2840,0.024392458999955124,24.392458999955124
2841,0.0319194709995827,31.9194709995827
2842,0.022678038999856653,22.678038999856653
2843,0.022024940999926912,22.024940999926912
2844,0.029355181000028097,29.355181000028097
2845,0.0293984410000121,29.3984410000121
2846,0.022136471000067104,22.136471000067104
2847,0.022308822000013606,22.308822000013606
2848,0.028463051000017003,28.463051000017003
2849,0.028744055000061053,28.744055000061053
2850,0.023449796000022616,23.449796000022616
2851,0.022606421999626036,22.606421999626036
2852,0.02914927500023623,29.14927500023623
2853,0.028540912999687862,28.540912999687862
2854,0.022402566999971896,22.402566999971896
2855,0.022510410999984742,22.510410999984742
2856,0.02943626199976279,29.43626199976279
2857,0.0274280590001581,27.4280590001581
2858,0.022151993999614206,22.151993999614206
2859,0.02250385900015317,22.50385900015317
2860,0.027841792999879544,27.841792999879544
2861,0.02776437500006068,27.76437500006068
2862,0.02272095700027421,22.72095700027421
2863,0.02192545700017945,21.92545700017945
2864,0.0366612669999995,36.6612669999995
2865,0.11816442100007407,118.16442100007407
2866,0.02325117999998838,23.25117999998838
2867,0.03475988399986818,34.75988399986818
2868,0.04144830600034766,41.44830600034766
2869,0.022565183000097022,22.565183000097022
2870,0.022064776999741298,22.064776999741298
2871,0.02234709499998644,22.34709499998644
2872,0.02768081300018821,27.68081300018821
2873,0.02835280099998272,28.35280099998272
2874,0.024838210999860166,24.838210999860166
2875,0.022670487000141293,22.670487000141293
2876,0.028352148999601923,28.352148999601923
2877,0.0285279569998238,28.5279569998238
2878,0.02247669100006533,22.47669100006533
2879,0.021730072000082146,21.730072000082146
2880,0.02736860599998181,27.36860599998181
2881,0.02929593199996816,29.29593199996816
2882,0.022197141000106058,22.197141000106058
2883,0.022218634000182647,22.218634000182647
2884,0.0252738109998063,25.2738109998063
2885,0.031915035999645625,31.915035999645625
2886,0.023434271000041917,23.434271000041917
2887,0.02251662300022872,22.51662300022872
2888,0.027824768999835214,27.824768999835214
2889,0.029354113999943365,29.354113999943365
2890,0.02293593200010946,22.93593200010946
2891,0.021809105000102136,21.809105000102136
2892,0.026657932000034634,26.657932000034634
2893,0.028832339000018692,28.832339000018692
2894,0.02203775999987556,22.03775999987556
2895,0.022299150999970152,22.299150999970152
2896,0.025419390000024578,25.419390000024578
2897,0.030746133999855374,30.746133999855374
2898,0.025951985999654426,25.951985999654426
2899,0.02592816500009576,25.92816500009576
2900,0.04519560700009606,45.19560700009606
2901,0.02641569499974139,26.41569499974139
2902,0.02844702199990934,28.44702199990934
2903,0.02386644799980786,23.86644799980786
2904,0.04533919000004971,45.33919000004971
2905,0.024583074000020133,24.583074000020133
2906,0.02692226999988634,26.92226999988634
2907,0.022422210999593517,22.422210999593517
2908,0.0428956890000336,42.8956890000336
2909,0.025033792999693105,25.033792999693105
2910,0.026471185999980662,26.471185999980662
2911,0.02250367800024833,22.50367800024833
2912,0.03909528099984527,39.09528099984527
2913,0.023448291000022436,23.448291000022436
2914,0.02305043200021828,23.05043200021828
2915,0.02272171899994646,22.72171899994646
2916,0.025640666000072088,25.640666000072088
2917,0.0335755840001184,33.5755840001184
2918,0.022326740000153222,22.326740000153222
2919,0.022334624999984953,22.334624999984953
2920,0.025543290999848978,25.543290999848978
2921,0.028226317000189738,28.226317000189738
2922,0.02281354300021121,22.81354300021121
2923,0.022178735999659693,22.178735999659693
2924,0.026682249999794294,26.682249999794294
2925,0.026354432000061934,26.354432000061934
2926,0.022407952999856207,22.407952999856207
2927,0.02192655900034879,21.92655900034879
2928,0.03000111699975605,30.00111699975605
2929,0.028400113000316196,28.400113000316196
2930,0.02383178299987776,23.83178299987776
2931,0.02400813999975071,24.00813999975071
2932,0.029756763000023057,29.756763000023057
2933,0.027002008000181377,27.002008000181377
2934,0.02360800799988283,23.60800799988283
2935,0.0236920590000409,23.6920590000409
2936,0.0339737160002187,33.9737160002187
2937,0.02386064099982832,23.86064099982832
2938,0.023148415999912686,23.148415999912686
2939,0.024431327000002057,24.431327000002057
2940,0.027501351999944745,27.501351999944745
2941,0.023098619000393228,23.098619000393228
2942,0.022091717999956018,22.091717999956018
2943,0.022348899000007805,22.348899000007805
2944,0.02981174300020939,29.81174300020939
2945,0.027323304999754328,27.323304999754328
2946,0.022767427999951906,22.767427999951906
2947,0.022001171000283648,22.001171000283648
2948,0.02843091699969591,28.43091699969591
2949,0.02851502800012895,28.51502800012895
2950,0.024608014000023104,24.608014000023104
2951,0.023424495000199386,23.424495000199386
2952,0.04630453800018586,46.30453800018586
2953,0.023986549000255764,23.986549000255764
2954,0.022542329999851063,22.542329999851063
2955,0.022878115999901638,22.878115999901638
2956,0.029389193000042724,29.389193000042724
2957,0.02784590900000694,27.84590900000694
2958,0.023354397999810317,23.354397999810317
2959,0.02192632100013725,21.92632100013725
2960,0.027738563000184513,27.738563000184513
2961,0.028367409000111365,28.367409000111365
2962,0.022287766999852465,22.287766999852465
2963,0.0217012920002162,21.7012920002162
2964,0.029303597999842168,29.303597999842168
2965,0.028537495999898965,28.537495999898965
2966,0.02270142100041994,22.70142100041994
2967,0.022870960000091145,22.870960000091145
2968,0.029374028999882285,29.374028999882285
2969,0.028127682999638637,28.127682999638637
2970,0.023687305999828823,23.687305999828823
2971,0.02221273699979065,22.21273699979065
2972,0.027734496999983094,27.734496999983094
2973,0.02977883599987763,29.77883599987763
2974,0.022336756000186142,22.336756000186142
2975,0.021630604999700154,21.630604999700154
2976,0.02864589899991188,28.64589899991188
2977,0.027792236000095727,27.792236000095727
2978,0.022147516000131873,22.147516000131873
2979,0.022253437000017584,22.253437000017584
2980,0.02569899499985695,25.69899499985695
2981,0.02997113699984766,29.97113699984766
2982,0.023302994999994553,23.302994999994553
2983,0.022545237000031193,22.545237000031193
2984,0.025702905999878567,25.702905999878567
2985,0.031648029000280076,31.648029000280076
2986,0.025276974000007613,25.276974000007613
2987,0.02249702700009948,22.49702700009948
2988,0.02937657800021043,29.37657800021043
2989,0.028049019999798475,28.049019999798475
2990,0.022600649000196427,22.600649000196427
2991,0.022407185999782087,22.407185999782087
2992,0.027974349999567494,27.974349999567494
2993,0.02792810199980522,27.92810199980522
2994,0.02270152400024017,22.70152400024017
2995,0.021911361000093166,21.911361000093166
2996,0.027125328999773046,27.125328999773046
2997,0.031209607000164397,31.209607000164397
2998,0.026492761000099563,26.492761000099563
2999,0.02521715100010624,25.21715100010624
3000,0.031360432999917975,31.360432999917975
3001,0.024531503000162047,24.531503000162047
3002,0.02324458000020968,23.24458000020968
3003,0.022842505000426172,22.842505000426172
3004,0.026146469000195793,26.146469000195793
3005,0.026566748999812262,26.566748999812262
3006,0.022986104999745294,22.986104999745294
3007,0.02193246700016971,21.93246700016971
3008,0.027869222999925114,27.869222999925114
3009,0.027738542999941274,27.738542999941274
3010,0.02224844199963627,22.24844199963627
3011,0.021736956000040664,21.736956000040664
3012,0.02692081200029861,26.92081200029861
3013,0.029842506000022695,29.842506000022695
3014,0.022707903999616974,22.707903999616974
3015,0.023319244000049366,23.319244000049366
3016,0.02858659000003172,28.58659000003172
3017,0.0283987579996392,28.3987579996392
3018,0.022827503999906185,22.827503999906185
3019,0.021910440999818093,21.910440999818093
3020,0.02530816699982097,25.30816699982097
3021,0.02974532200005342,29.74532200005342
3022,0.02233447500020702,22.33447500020702
3023,0.021853763999843068,21.853763999843068
3024,0.02721091300008993,27.21091300008993
3025,0.02302800000006755,23.02800000006755
3026,0.022666857999865897,22.666857999865897
3027,0.02285562800034313,22.85562800034313
3028,0.02999212600025203,29.99212600025203
3029,0.027497410000250966,27.497410000250966
3030,0.023282869000013307,23.282869000013307
3031,0.022022446999926615,22.022446999926615
3032,0.03021430999979202,30.21430999979202
3033,0.028096893000110867,28.096893000110867
3034,0.022441409999828466,22.441409999828466
3035,0.02174566000030609,21.74566000030609
3036,0.02940747000002375,29.40747000002375
3037,0.028323958999862953,28.323958999862953
3038,0.022652566000033403,22.652566000033403
3039,0.022261210999658942,22.261210999658942
3040,0.030489203999877645,30.489203999877645
3041,0.02745651800023552,27.45651800023552
3042,0.02329443700000411,23.29443700000411
3043,0.02252055899998595,22.52055899998595
3044,0.029763066999748844,29.763066999748844
3045,0.028464626999721077,28.464626999721077
3046,0.022429387000101997,22.429387000101997
3047,0.02170194599966635,21.70194599966635
3048,0.029343314000016107,29.343314000016107
3049,0.028287524999996094,28.287524999996094
3050,0.022150727000280312,22.150727000280312
3051,0.021955520000119577,21.955520000119577
3052,0.028524977000415674,28.524977000415674
3053,0.027426840999851265,27.426840999851265
3054,0.02234768400012399,22.34768400012399
3055,0.021949820999907388,21.949820999907388
3056,0.02874023499998657,28.74023499998657
3057,0.028979033000268828,28.979033000268828
3058,0.022703178000028856,22.703178000028856
3059,0.023305412999889086,23.305412999889086
3060,0.02837050600010116,28.37050600010116
3061,0.028095639000184747,28.095639000184747
3062,0.028239890999884665,28.239890999884665
3063,0.023717544000191992,23.717544000191992
3064,0.04748354299999846,47.48354299999846
3065,0.024843514000167488,24.843514000167488
3066,0.02213478200019381,22.13478200019381
3067,0.021674556999641936,21.674556999641936
3068,0.03882604000000356,38.82604000000356
3069,0.023647738999898138,23.647738999898138
3070,0.02224172899968835,22.24172899968835
3071,0.022475608000149805,22.475608000149805
3072,0.04184128900033102,41.84128900033102
3073,0.02384128000039709,23.84128000039709
3074,0.022955234999699314,22.955234999699314
3075,0.021896388000186562,21.896388000186562
3076,0.03442403600001853,34.42403600001853
3077,0.02994580400036284,29.94580400036284
3078,0.023383695999655174,23.383695999655174
3079,0.021766458000001876,21.766458000001876
3080,0.03400145000023258,34.00145000023258
3081,0.025064937000024656,25.064937000024656
3082,0.022002800999871397,22.002800999871397
3083,0.022302289999970526,22.302289999970526
3084,0.02993418699998074,29.93418699998074
3085,0.028063804999874264,28.063804999874264
3086,0.023465526000109094,23.465526000109094
3087,0.02273665200027608,22.73665200027608
3088,0.03177395800003069,31.77395800003069
3089,0.024364470999898913,24.364470999898913
3090,0.02272295499960819,22.72295499960819
3091,0.021711834000143426,21.711834000143426
3092,0.031998420000036276,31.998420000036276
3093,0.02531319700028689,25.31319700028689
3094,0.0226894029997311,22.6894029997311
3095,0.023485883000375907,23.485883000375907
3096,0.03439018399967608,34.39018399967608
3097,0.02254637600026399,22.54637600026399
3098,0.02266600600023594,22.66600600023594
3099,0.02217883899993467,22.17883899993467
3100,0.024430905999906827,24.430905999906827
3101,0.0321530459996211,32.1530459996211
3102,0.02287651200003893,22.87651200003893
3103,0.02192328399996768,21.92328399996768
3104,0.02952440800027034,29.52440800027034
3105,0.027682007999828784,27.682007999828784
3106,0.023571432000153436,23.571432000153436
3107,0.023037533000206167,23.037533000206167
3108,0.029594228999940242,29.594228999940242
3109,0.027735699000004388,27.735699000004388
3110,0.02323352800021894,23.23352800021894
3111,0.022104738000052748,22.10473800005275
3112,0.02867128399975627,28.67128399975627
3113,0.02800621599999431,28.00621599999431
3114,0.02224168499969892,22.24168499969892
3115,0.021667468000032386,21.667468000032386
3116,0.028313787000115553,28.313787000115553
3117,0.027475897999920562,27.475897999920562
3118,0.02265247500008627,22.65247500008627
3119,0.022860578000290843,22.860578000290843
3120,0.02876259900040168,28.76259900040168
3121,0.02950066399989737,29.50066399989737
3122,0.025364791999891168,25.364791999891168
3123,0.024218509000093036,24.218509000093036
3124,0.029257006999614532,29.257006999614532
3125,0.028397960000347666,28.397960000347666
3126,0.022322576000078698,22.322576000078698
3127,0.021838549000221974,21.838549000221974
3128,0.029394798999874183,29.394798999874183
3129,0.027554527999654965,27.554527999654965
3130,0.022083224000198243,22.083224000198243
3131,0.022365768999861757,22.365768999861757
3132,0.028267694000078336,28.267694000078336
3133,0.02916710499994224,29.16710499994224
3134,0.023626788000001397,23.626788000001397
3135,0.022811014000126306,22.811014000126306
3136,0.027776488999734283,27.776488999734283
3137,0.0287802930001817,28.7802930001817
3138,0.022979562999807968,22.979562999807968
3139,0.023629634999906557,23.629634999906557
3140,0.02881964700009121,28.81964700009121
3141,0.02892062899991288,28.92062899991288
3142,0.02219724699989456,22.19724699989456
3143,0.022799462999955722,22.799462999955722
3144,0.0356325430002471,35.6325430002471
3145,0.02528281100012464,25.28281100012464
3146,0.02281718099993668,22.81718099993668
3147,0.021938929000043572,21.938929000043572
3148,0.03206416800003353,32.06416800003353
3149,0.02635933199962892,26.35933199962892
3150,0.02258868800026903,22.58868800026903
3151,0.022020357999736007,22.020357999736007
3152,0.0336851479996767,33.6851479996767
3153,0.02499849500009077,24.99849500009077
3154,0.023026348000257713,23.026348000257713
3155,0.022821169000053487,22.821169000053487
3156,0.038617779000105656,38.61777900010566
3157,0.027088983000339795,27.088983000339795
3158,0.023332450999987486,23.332450999987486
3159,0.022521220999806246,22.521220999806246
3160,0.03426253200041174,34.26253200041174
3161,0.028614979999929346,28.614979999929346
3162,0.02238040899965199,22.38040899965199
3163,0.022159137000016926,22.159137000016926
3164,0.03282763199968031,32.82763199968031
3165,0.028169372999855113,28.169372999855113
3166,0.022295369999937975,22.295369999937975
3167,0.023478031999729865,23.478031999729865
3168,0.04462887799991222,44.62887799991222
3169,0.023255133999555255,23.255133999555255
3170,0.02254540600006294,22.54540600006294
3171,0.021883376999994653,21.883376999994653
3172,0.028130356000019674,28.130356000019674
3173,0.029814182999871264,29.814182999871264
3174,0.02292141099997025,22.92141099997025
3175,0.022221647999685956,22.221647999685956
3176,0.02895565499966324,28.95565499966324
3177,0.02846610899996449,28.46610899996449
3178,0.022468233999916265,22.468233999916265
3179,0.022211857000002055,22.211857000002055
3180,0.025297843999851466,25.297843999851466
3181,0.02896992699970724,28.96992699970724
3182,0.022786110000197368,22.786110000197368
3183,0.021940495999842824,21.940495999842824
3184,0.02614963699988948,26.14963699988948
3185,0.023675224000271555,23.675224000271555
3186,0.022309101999780978,22.309101999780978
3187,0.021623065999847313,21.623065999847313
3188,0.029944271000204026,29.944271000204026
3189,0.028047203999904013,28.047203999904013
3190,0.022866352000164625,22.866352000164625
3191,0.023100095000245346,23.100095000245346
3192,0.030303277999792044,30.303277999792044
3193,0.027798534000339714,27.798534000339714
3194,0.023264927999662177,23.264927999662177
3195,0.022512220999942656,22.512220999942656
3196,0.030300194000119518,30.300194000119518
3197,0.02822145099980844,28.22145099980844
3198,0.022462981999979093,22.462981999979093
3199,0.021667503000116994,21.667503000116994
3200,0.029788780999751907,29.788780999751907
3201,0.027850027000113187,27.850027000113187
3202,0.02214820700010023,22.14820700010023
3203,0.022162528000080783,22.162528000080783
3204,0.02842497599976923,28.42497599976923
3205,0.027407306999975845,27.407306999975845
3206,0.023251084000094124,23.251084000094124
3207,0.02253655799995613,22.53655799995613
3208,0.028224755999872286,28.224755999872286
3209,0.028535862000353518,28.535862000353518
3210,0.02297555699988152,22.97555699988152
3211,0.022313401000246813,22.313401000246813
3212,0.028525077999802306,28.525077999802306
3213,0.027942933000304038,27.942933000304038
3214,0.022012335999988863,22.012335999988863
3215,0.02234354500023983,22.34354500023983
3216,0.02516297800002576,25.16297800002576
3217,0.030973072000051616,30.973072000051616
3218,0.023274879999917175,23.274879999917175
3219,0.022626503000083176,22.626503000083176
3220,0.029496539999854576,29.496539999854576
3221,0.028794515999834402,28.794515999834402
3222,0.023183951000191882,23.183951000191882
3223,0.022342953000134003,22.342953000134003
3224,0.029207116000179667,29.207116000179667
3225,0.02815202000010686,28.15202000010686
3226,0.0219278919998942,21.9278919998942
3227,0.022276870000041527,22.276870000041527
3228,0.025175873000080173,25.175873000080173
3229,0.028880253999886918,28.880253999886918
3230,0.02256906499997058,22.56906499997058
3231,0.021968181999909575,21.968181999909575
3232,0.026344723999955022,26.344723999955022
3233,0.024082036999971024,24.082036999971024
3234,0.02290271699985169,22.90271699985169
3235,0.022420125999815355,22.420125999815355
3236,0.030657682999844837,30.657682999844837
3237,0.027427322000221466,27.427322000221466
3238,0.02417653100019379,24.17653100019379
3239,0.024636397999984183,24.636397999984183
3240,0.042612434000147914,42.612434000147914
3241,0.028429648999917845,28.429648999917845
3242,0.025570736000190664,25.570736000190664
3243,0.022737236000011762,22.737236000011762
3244,0.02730885400023908,27.30885400023908
3245,0.025987621000240324,25.987621000240324
3246,0.023818243999812694,23.818243999812694
3247,0.023573964000206615,23.573964000206615
3248,0.043826429000091593,43.82642900009159
3249,0.023711308000201825,23.711308000201825
3250,0.022490056000151526,22.490056000151526
3251,0.02279871499968067,22.79871499968067
3252,0.031581490999997186,31.581490999997186
3253,0.02702512999985629,27.02512999985629
3254,0.022501670000110607,22.501670000110607
3255,0.021905486999912682,21.905486999912682
3256,0.027561663999676966,27.561663999676966
3257,0.027967273999820463,27.967273999820463
3258,0.022716502000093897,22.716502000093897
3259,0.021670181999979832,21.67018199997983
3260,0.026597378000133176,26.597378000133176
3261,0.027884228999937477,27.884228999937477
3262,0.02274719000024561,22.74719000024561
3263,0.022985339000115346,22.985339000115346
3264,0.024772128999757115,24.772128999757115
3265,0.030642471999726695,30.642471999726695
3266,0.023491437999837217,23.491437999837217
3267,0.022595642999931442,22.595642999931442
3268,0.026183781000327144,26.183781000327144
3269,0.027996975999940332,27.996975999940332
3270,0.024060679000285745,24.060679000285745
3271,0.02392211500000485,23.92211500000485
3272,0.03828180100026657,38.28180100026657
3273,0.023721105999811698,23.721105999811698
3274,0.022095850999903632,22.095850999903632
3275,0.022551907999968535,22.551907999968535
3276,0.031739429000026576,31.739429000026576
3277,0.025857894999717246,25.857894999717246
3278,0.02259638299983635,22.59638299983635
3279,0.022206108999853313,22.206108999853313
3280,0.028629743999772472,28.629743999772472
3281,0.027702327000042715,27.702327000042715
3282,0.022194374999799038,22.194374999799038
3283,0.02189906100011285,21.89906100011285
3284,0.028456403999825852,28.456403999825852
3285,0.02800424099996235,28.00424099996235
3286,0.02270193599997583,22.70193599997583
3287,0.022881812000377977,22.881812000377977
3288,0.028361162999772205,28.361162999772205
3289,0.02782674299987775,27.82674299987775
3290,0.022963120999975217,22.963120999975217
3291,0.023327245000018593,23.327245000018593
3292,0.041616026000156126,41.616026000156126
3293,0.023853328000313923,23.853328000313923
3294,0.022192960000211315,22.192960000211315
3295,0.022977255000114383,22.977255000114383
3296,0.03495977000011408,34.95977000011408
3297,0.023364782999578892,23.364782999578892
3298,0.02397679900013827,23.97679900013827
3299,0.02299166700004207,22.99166700004207
3300,0.02827903300021717,28.27903300021717
3301,0.02306360600005064,23.06360600005064
3302,0.02347607899991999,23.47607899991999
3303,0.022146580000026006,22.146580000026006
3304,0.031091408000065712,31.091408000065712
3305,0.041804594000041106,41.80459400004111
3306,0.19885182200005147,198.85182200005147
3307,0.024241943000106403,24.241943000106403
3308,0.0628278260001025,62.827826000102505
3309,0.03537083899982463,35.37083899982463
3310,0.029323574000045483,29.323574000045483
3311,0.0291010500000084,29.1010500000084
3312,0.02370327600010569,23.70327600010569
3313,0.022957734000101482,22.957734000101482
3314,0.02304080600015368,23.04080600015368
3315,0.030050370000026305,30.050370000026305
3316,0.02544315499972072,25.44315499972072
3317,0.024198092999995424,24.198092999995424
3318,0.022070303999953467,22.070303999953467
3319,0.032203906000177085,32.203906000177085
3320,0.024769590999767388,24.769590999767388
3321,0.02324683200004074,23.24683200004074
3322,0.02259509599980447,22.59509599980447
3323,0.03431221800019557,34.31221800019557
3324,0.024186870999983512,24.186870999983512
3325,0.022771953999836114,22.771953999836114
3326,0.023199331000341772,23.199331000341772
3327,0.028184933999909845,28.184933999909845
3328,0.023002979000011692,23.002979000011692
3329,0.023263260000021546,23.263260000021546
3330,0.025039541000296595,25.039541000296595
3331,0.038408825999795226,38.408825999795226
3332,0.024107423999794264,24.107423999794264
3333,0.022700184999848716,22.700184999848716
3334,0.02189113099984752,21.89113099984752
3335,0.02730912199967861,27.30912199967861
3336,0.02346721300000354,23.46721300000354
3337,0.02281089100006284,22.81089100006284
3338,0.023071948000051634,23.071948000051634
3339,0.03198961699990832,31.98961699990832
3340,0.023238766000304167,23.238766000304167
3341,0.02339267799970912,23.39267799970912
3342,0.023745352999867464,23.745352999867464
3343,0.027237721999881614,27.237721999881614
3344,0.027784719999999652,27.784719999999652
3345,0.02264747500021258,22.64747500021258
3346,0.021749544000158494,21.749544000158494
3347,0.02999986499980878,29.99986499980878
3348,0.02822498999967138,28.22498999967138
3349,0.022259712000050058,22.259712000050058
3350,0.0224287349997212,22.4287349997212
3351,0.030565082000066468,30.565082000066468
3352,0.027746824999667297,27.746824999667297
3353,0.023402991999773803,23.402991999773803
3354,0.02260965000004944,22.60965000004944
3355,0.029635476999828825,29.635476999828825
3356,0.028807588000290707,28.807588000290707
3357,0.02368635799984986,23.68635799984986
3358,0.02257780800027831,22.57780800027831
3359,0.03153976799967495,31.53976799967495
3360,0.023817366999992373,23.817366999992373
3361,0.02264502900015941,22.64502900015941
3362,0.02238753200026622,22.38753200026622
3363,0.03041603599967857,30.41603599967857
3364,0.027704008000000613,27.704008000000613
3365,0.022743708999769296,22.743708999769296
3366,0.022377898000286223,22.377898000286223
3367,0.029224420999980794,29.224420999980794
3368,0.028961346999949455,28.961346999949455
3369,0.022415279999677296,22.415279999677296
3370,0.02206154899977264,22.06154899977264
3371,0.03047892699987642,30.47892699987642
3372,0.028343106000193075,28.343106000193075
3373,0.02283534000025611,22.83534000025611
3374,0.023008570000001782,23.008570000001782
3375,0.031060161999903357,31.060161999903357
3376,0.024297397999816894,24.297397999816894
3377,0.023620691999894916,23.620691999894916
3378,0.022612086999743042,22.612086999743042
3379,0.03084530000023733,30.84530000023733
3380,0.025514751999708096,25.514751999708096
3381,0.02109829999972135,21.09829999972135
3382,0.020132803000251442,20.132803000251442
3383,0.03413621800018518,34.13621800018518
3384,0.027625522000107594,27.625522000107594
3385,0.02122925399999076,21.22925399999076
3386,0.021270099000048504,21.270099000048504
3387,0.03381246099979762,33.81246099979762
3388,0.028520855999886408,28.520855999886408
3389,0.02179475299999467,21.79475299999467
3390,0.02043825000009747,20.43825000009747
3391,0.031307171000207745,31.307171000207745
3392,0.02772292200006632,27.72292200006632
3393,0.021063822000087384,21.063822000087384
3394,0.020177434999823163,20.177434999823163
3395,0.03694596300010744,36.94596300010744
3396,0.034054463999837026,34.054463999837026
3397,0.032830370999818115,32.830370999818115
3398,0.025320467999790708,25.320467999790708
3399,0.029519821999656415,29.519821999656415
3400,0.021904231999997137,21.904231999997137
3401,0.022357617000125174,22.357617000125174
3402,0.020950808999714354,20.950808999714354
3403,0.03471612400016966,34.71612400016966
3404,0.026591668000037316,26.591668000037316
3405,0.03206153499968423,32.06153499968423
3406,0.030157319999943866,30.157319999943866
3407,0.03512743200008117,35.12743200008117
3408,0.03619073100026071,36.19073100026071
3409,0.034649438000087684,34.649438000087684
3410,0.029205787000137207,29.205787000137207
3411,0.029798511000080907,29.798511000080907
3412,0.02787902199997916,27.87902199997916
3413,0.02246520499966209,22.46520499966209
3414,0.020974589999696036,20.974589999696036
3415,0.029834974000095826,29.834974000095826
3416,0.02276290700001482,22.76290700001482
3417,0.021834472000136884,21.834472000136884
3418,0.020072297000297112,20.072297000297112
3419,0.03288173300006747,32.88173300006747
3420,0.027473897999698238,27.473897999698238
3421,0.02089021799974944,20.89021799974944
3422,0.020724320999761403,20.724320999761403
3423,0.029540928000187705,29.540928000187705
3424,0.027699325999947177,27.699325999947177
3425,0.02153967599997486,21.53967599997486
3426,0.020950292000179616,20.950292000179616
3427,0.027134887000102026,27.134887000102026
3428,0.030121080999833794,30.121080999833794
3429,0.02315741899974455,23.15741899974455
3430,0.02016232799996942,20.16232799996942
3431,0.02902576999986195,29.02576999986195
3432,0.02132997999979125,21.32997999979125
3433,0.020767319000242423,20.767319000242423
3434,0.020582247000220377,20.582247000220377
3435,0.030966546999934508,30.966546999934508
3436,0.027208082000015565,27.208082000015565
3437,0.023115627000152017,23.115627000152017
3438,0.021136279000074865,21.136279000074865
3439,0.02982563299974572,29.82563299974572
3440,0.028337442000065494,28.337442000065494
3441,0.021044718000212015,21.044718000212015
3442,0.02046485600021697,20.46485600021697
3443,0.027328680999744392,27.328680999744392
3444,0.03044950699995752,30.44950699995752
3445,0.021035780000147497,21.035780000147497
3446,0.021290271999987453,21.290271999987453
3447,0.029224719000012556,29.224719000012556
3448,0.02164541399997688,21.64541399997688
3449,0.02189899700033493,21.89899700033493
3450,0.021030050000263145,21.030050000263145
3451,0.032599543999822345,32.599543999822345
3452,0.03740496499995061,37.40496499995061
3453,0.031188234000183,31.188234000183
3454,0.022526433000166435,22.526433000166435
3455,0.03512136200015448,35.12136200015448
3456,0.022127213000203483,22.127213000203483
3457,0.02114612399964244,21.14612399964244
3458,0.021677048000128707,21.677048000128707
3459,0.024327116000222304,24.327116000222304
3460,0.03425344400011454,34.25344400011454
3461,0.022406565999972372,22.406565999972372
3462,0.0220051159999457,22.0051159999457
3463,0.035638788000142085,35.638788000142085
3464,0.023098731000118278,23.098731000118278
3465,0.022491622999950778,22.491622999950778
3466,0.021959500999855663,21.959500999855663
3467,0.031265597000128764,31.265597000128764
3468,0.026568477999717288,26.568477999717288
3469,0.02305710900009217,23.05710900009217
3470,0.023118058999898494,23.118058999898494
3471,0.031864335000136634,31.864335000136634
3472,0.02320021200011979,23.20021200011979
3473,0.02340589400000681,23.40589400000681
3474,0.022755540999696677,22.755540999696677
3475,0.0302897970000231,30.2897970000231
3476,0.024919991999922786,24.919991999922786
3477,0.02254168599984041,22.54168599984041
3478,0.021933280000212108,21.933280000212108
3479,0.030059435999646666,30.059435999646666
3480,0.027946908000103576,27.946908000103576
3481,0.022860197999762022,22.860197999762022
3482,0.023191400000087015,23.191400000087015
3483,0.02983924799991655,29.83924799991655
3484,0.028059769000265078,28.059769000265078
3485,0.02317308099964066,23.17308099964066
3486,0.022070897000048717,22.070897000048717
3487,0.030868557000303554,30.868557000303554
3488,0.03139112799999566,31.39112799999566
3489,0.022832572999959666,22.832572999959666
3490,0.022123610000107874,22.123610000107874
3491,0.03997140899991791,39.97140899991791
3492,0.02309623900009683,23.09623900009683
3493,0.02216938699984894,22.16938699984894
3494,0.022172080000018468,22.172080000018468
3495,0.03065400800005591,30.65400800005591
3496,0.024787814999854163,24.787814999854163
3497,0.023295914999835077,23.295914999835077
3498,0.02268717100014328,22.68717100014328
3499,0.024866966999979923,24.866966999979923
3500,0.03180601500025659,31.806015000256593
3501,0.02607345600017652,26.07345600017652
3502,0.0226810750000368,22.6810750000368
3503,0.02717238700006419,27.17238700006419
3504,0.030002373999650445,30.002373999650445
3505,0.023195307000150933,23.195307000150933
3506,0.02291474199955701,22.91474199955701
3507,0.029171166000196536,29.171166000196536
3508,0.028136869000263687,28.136869000263687
3509,0.022843312000077276,22.843312000077276
3510,0.022103528000116057,22.103528000116057
3511,0.029277135000029375,29.277135000029375
3512,0.02814950999982102,28.14950999982102
3513,0.02248446999965381,22.48446999965381
3514,0.021873845999834884,21.873845999834884
3515,0.029837524999948073,29.837524999948073
3516,0.028395243999966624,28.395243999966624
3517,0.023120461999951658,23.120461999951658
3518,0.022973174000071594,22.973174000071594
3519,0.030544229000042833,30.544229000042833
3520,0.028595224000127928,28.595224000127928
3521,0.023198651999791764,23.198651999791764
3522,0.022754110999812838,22.754110999812838
3523,0.02887989300006666,28.87989300006666
3524,0.02802486600012344,28.02486600012344
3525,0.022490342000310193,22.490342000310193
3526,0.021715009000217833,21.715009000217833
3527,0.028044606000094063,28.044606000094063
3528,0.027676932000304078,27.676932000304078
3529,0.023768221999944217,23.768221999944217
3530,0.02234472600002846,22.34472600002846
3531,0.028998717999911605,28.998717999911605
3532,0.02769007999995665,27.69007999995665
3533,0.024004955999771482,24.004955999771482
3534,0.022571109000182332,22.571109000182332
3535,0.028770100999736314,28.770100999736314
3536,0.028379357000176242,28.379357000176242
3537,0.023014262000288,23.014262000288
3538,0.022438357999817526,22.438357999817526
3539,0.030788879000283487,30.788879000283487
3540,0.02855091099991114,28.55091099991114
3541,0.022302908999790816,22.302908999790816
3542,0.022435242000028666,22.435242000028666
3543,0.02798362499970608,27.98362499970608
3544,0.02727194499993857,27.27194499993857
3545,0.02277860200001669,22.77860200001669
3546,0.02213360299992928,22.13360299992928
3547,0.029044457000054535,29.044457000054535
3548,0.02866973699974551,28.66973699974551
3549,0.02295382600004814,22.95382600004814
3550,0.02241749399991022,22.41749399991022
3551,0.03177558700008376,31.77558700008376
3552,0.02790874599986637,27.90874599986637
3553,0.022772296000312053,22.772296000312053
3554,0.022929011000087485,22.929011000087485
3555,0.028847407999819552,28.847407999819552
3556,0.02794757199990272,27.94757199990272
3557,0.022751740999865433,22.751740999865433
3558,0.022173810000367666,22.173810000367666
3559,0.028584593000232417,28.584593000232417
3560,0.028151267999874108,28.151267999874108
3561,0.022512354999889794,22.512354999889794
3562,0.021743597999829944,21.743597999829944
3563,0.03384868100010863,33.84868100010863
3564,0.028149974000371003,28.149974000371003
3565,0.022886152999944898,22.886152999944898
3566,0.022939147999750276,22.939147999750276
3567,0.032561845000145695,32.561845000145695
3568,0.029750564999631024,29.750564999631024
3569,0.026850659000047017,26.850659000047017
3570,0.025149784999939584,25.149784999939584
3571,0.045064448000175616,45.06444800017562
3572,0.025911233999977412,25.911233999977412
3573,0.02580297700023948,25.80297700023948
3574,0.023939800999869476,23.939800999869476
3575,0.0388921419998951,38.8921419998951
3576,0.024984033999771782,24.984033999771782
3577,0.02321868800027005,23.21868800027005
3578,0.02341570499993395,23.41570499993395
3579,0.04393485299988242,43.93485299988242
3580,0.025130655999873852,25.130655999873852
3581,0.024865476999821112,24.865476999821112
3582,0.022999755999990157,22.999755999990157
3583,0.03959010600010515,39.59010600010515
3584,0.023395383000206493,23.395383000206493
3585,0.02261454900008175,22.61454900008175
3586,0.021752401999947324,21.752401999947324
3587,0.027538458999970317,27.538458999970317
3588,0.023621865999757574,23.621865999757574
3589,0.023625741999694583,23.625741999694583
3590,0.023119794000194815,23.119794000194815
3591,0.03203178300009313,32.03178300009313
3592,0.023432941999999457,23.432941999999457
3593,0.022919211000044015,22.919211000044015
3594,0.02366965299961521,23.66965299961521
3595,0.03123796600038986,31.23796600038986
3596,0.024054193000210944,24.054193000210944
3597,0.0234172759996909,23.4172759996909
3598,0.022427027000048838,22.427027000048838
3599,0.03439376100004665,34.39376100004665
3600,0.023540618999959406,23.540618999959406
3601,0.02352125299967156,23.52125299967156
3602,0.024175849999664933,24.175849999664933
3603,0.02689804000010554,26.89804000010554
3604,0.030592774000069767,30.592774000069767
3605,0.023456388999875344,23.456388999875344
3606,0.02321638300008999,23.21638300008999
3607,0.026274793000084173,26.274793000084173
3608,0.028927963000114687,28.927963000114687
3609,0.02236421599991445,22.36421599991445
3610,0.02178213000024698,21.78213000024698
3611,0.026028772999779903,26.028772999779903
3612,0.029971009000291815,29.971009000291815
3613,0.02227065799979755,22.27065799979755
3614,0.02228401100001065,22.28401100001065
3615,0.02716449499985174,27.16449499985174
3616,0.023000845999831654,23.000845999831654
3617,0.023489464000249427,23.489464000249427
3618,0.022938675000204967,22.938675000204967
3619,0.031037225000090984,31.037225000090984
3620,0.024527825999939523,24.527825999939523
3621,0.025647930999639357,25.647930999639357
3622,0.025148728000203846,25.148728000203846
3623,0.03072503500015955,30.72503500015955
3624,0.02915906799989898,29.15906799989898
3625,0.022330155999952694,22.330155999952694
3626,0.022354224000082468,22.354224000082468
3627,0.027575221000006422,27.575221000006422
3628,0.03082057400024496,30.82057400024496
3629,0.022998627000106353,22.998627000106353
3630,0.022083918000134872,22.083918000134872
3631,0.026377927999874373,26.377927999874373
3632,0.03045073599969328,30.45073599969328
3633,0.022499799999877723,22.499799999877723
3634,0.022082665000198176,22.082665000198176
3635,0.029603390999909607,29.603390999909607
3636,0.029237615000056394,29.237615000056394
3637,0.022813459999724728,22.813459999724728
3638,0.02312368000002607,23.12368000002607
3639,0.02842401099997005,28.42401099997005
3640,0.02892427000006137,28.92427000006137
3641,0.02477028400016934,24.77028400016934
3642,0.022077020999859087,22.077020999859087
3643,0.029023923000295326,29.023923000295326
3644,0.028350672000215127,28.350672000215127
3645,0.02269797299959464,22.69797299959464
3646,0.02179147400011061,21.79147400011061
3647,0.029341650000333175,29.341650000333175
3648,0.02863522200004809,28.63522200004809
3649,0.022855576999972982,22.855576999972982
3650,0.022989318999862007,22.989318999862007
3651,0.029300775000137946,29.300775000137946
3652,0.02829931399992347,28.29931399992347
3653,0.02276084599998285,22.76084599998285
3654,0.022464627999852382,22.464627999852382
3655,0.02840112199965006,28.40112199965006
3656,0.028159699000298133,28.159699000298133
3657,0.023146221000388323,23.146221000388323
3658,0.02335375600023326,23.35375600023326
3659,0.02961173099993175,29.61173099993175
3660,0.027858997999828716,27.858997999828716
3661,0.023842181999953027,23.842181999953027
3662,0.022480426000129228,22.480426000129228
3663,0.02987495499974102,29.87495499974102
3664,0.028120660999775282,28.120660999775282
3665,0.023749877999762248,23.749877999762248
3666,0.022919954999906622,22.919954999906622
3667,0.030822397000065394,30.822397000065394
3668,0.03131315399969026,31.313153999690257
3669,0.02651122299994313,26.51122299994313
3670,0.02277076499967734,22.77076499967734
3671,0.0301293459997396,30.1293459997396
3672,0.02330491099974097,23.30491099974097
3673,0.022378400999969017,22.378400999969017
3674,0.02276896300008957,22.76896300008957
3675,0.03841000299962616,38.41000299962616
3676,0.022686038999836455,22.686038999836455
3677,0.022813760999724764,22.813760999724764
3678,0.02216933699992296,22.16933699992296
3679,0.026080522000029305,26.080522000029305
3680,0.025720164000176737,25.720164000176737
3681,0.02277319799986799,22.77319799986799
3682,0.02184975900036079,21.84975900036079
3683,0.0298610979998557,29.8610979998557
3684,0.02813298399996711,28.13298399996711
3685,0.022929562000172155,22.929562000172155
3686,0.023252319000221178,23.252319000221178
3687,0.03145197499998176,31.451974999981758
3688,0.024857588000031683,24.857588000031683
3689,0.023449875000096654,23.449875000096654
3690,0.0236908179999773,23.6908179999773
3691,0.029671277000034024,29.671277000034024
3692,0.025842603000000963,25.842603000000963
3693,0.02268102900006852,22.68102900006852
3694,0.023444863999884547,23.444863999884547
3695,0.030782607999753964,30.782607999753964
3696,0.0246601560002091,24.6601560002091
3697,0.022597868000048038,22.597868000048038
3698,0.023213239000142494,23.213239000142494
3699,0.04392449399983889,43.92449399983889
3700,0.023707763999937015,23.707763999937015
3701,0.022744295999928,22.744295999928
3702,0.022187911000401073,22.187911000401073
3703,0.024379849000069953,24.379849000069953
3704,0.03259352199984278,32.59352199984278
3705,0.023107138999876042,23.107138999876042
3706,0.022419741000248905,22.419741000248905
3707,0.030041228999834857,30.041228999834857
3708,0.028153880999980174,28.153880999980174
3709,0.02327940499981196,23.27940499981196
3710,0.022420108999995136,22.420108999995136
3711,0.02896008300012909,28.96008300012909
3712,0.02777992200026347,27.77992200026347
3713,0.023058376999870234,23.058376999870234
3714,0.022208412000054523,22.208412000054523
3715,0.028214182000283472,28.214182000283472
3716,0.028494984999724693,28.494984999724693
3717,0.023195324999960576,23.195324999960576
3718,0.022409212000184198,22.409212000184198
3719,0.030290203999811638,30.290203999811638
3720,0.02856542499966963,28.56542499966963
3721,0.022846434000257432,22.84643400025743
3722,0.023140451000017492,23.140451000017492
3723,0.022907859000042663,22.907859000042663
3724,0.030214251999950648,30.214251999950648
3725,0.02368727199973364,23.68727199973364
3726,0.02229561800004376,22.29561800004376
3727,0.02809373299987783,28.09373299987783
3728,0.03143438899996909,31.434388999969087
3729,0.0230152399999497,23.0152399999497
3730,0.022486473999833834,22.486473999833834
3731,0.030393833999823983,30.393833999823983
3732,0.028012947000206623,28.012947000206623
3733,0.022189072999935888,22.189072999935888
3734,0.02305679900018731,23.05679900018731
3735,0.04694192300030409,46.94192300030409
3736,0.029317088999960106,29.317088999960106
3737,0.02497601000004579,24.97601000004579
3738,0.020263528000214137,20.263528000214137
3739,0.03193931999976485,31.939319999764848
3740,0.028729927000313182,28.729927000313182
3741,0.021963136000067607,21.963136000067607
3742,0.0212935180002205,21.2935180002205
3743,0.02637675199957812,26.37675199957812
3744,0.03333987599989996,33.33987599989996
3745,0.021743125999819313,21.743125999819313
3746,0.020998803000111366,20.998803000111366
3747,0.026727168999968853,26.727168999968853
3748,0.02677581400030249,26.77581400030249
3749,0.15836931300009383,158.36931300009383
3750,0.020800438999685866,20.800438999685866
3751,0.03192005800019615,31.92005800019615
3752,0.027229261999764276,27.229261999764276
3753,0.021173624999846652,21.173624999846652
3754,0.02015640900026483,20.15640900026483
3755,0.03260161000025619,32.60161000025619
3756,0.027151572999628115,27.151572999628115
3757,0.020680079000158003,20.680079000158003
3758,0.021481469000264042,21.481469000264042
3759,0.029971974000090995,29.971974000090995
3760,0.029892224999912287,29.892224999912287
3761,0.022874053999657917,22.874053999657917
3762,0.022329673000058392,22.329673000058392
3763,0.030700851999881706,30.700851999881706
3764,0.028652861999944435,28.652861999944435
3765,0.0224240259999533,22.4240259999533
3766,0.02170147300012104,21.70147300012104
3767,0.03344385100035652,33.44385100035652
3768,0.02769345999968209,27.69345999968209
3769,0.022187923999808845,22.187923999808845
3770,0.022335395000027347,22.335395000027347
3771,0.028648411000176566,28.648411000176566
3772,0.02770302100043409,27.70302100043409
3773,0.023992556999928638,23.992556999928638
3774,0.022640691000106017,22.640691000106017
3775,0.029773415000363457,29.773415000363457
3776,0.028429187999790884,28.429187999790884
3777,0.023318600000038714,23.318600000038714
3778,0.021869650000098773,21.869650000098773
3779,0.029890760999933264,29.890760999933264
3780,0.02713891200028229,27.13891200028229
3781,0.022167408999848703,22.167408999848703
3782,0.022197324999979173,22.197324999979173
3783,0.028397334999681334,28.397334999681334
3784,0.028031258000282833,28.031258000282833
3785,0.02340356700005941,23.40356700005941
3786,0.02877269000009619,28.77269000009619
3787,0.046574014000270836,46.574014000270836
3788,0.029901203000008536,29.901203000008536
3789,0.022060764999878302,22.0607649998783
3790,0.022399342999960936,22.399342999960936
3791,0.036305589000221516,36.30558900022152
3792,0.023351681000349345,23.351681000349345
3793,0.022710896000262437,22.710896000262437
3794,0.02236341599973457,22.36341599973457
3795,0.02688626100007241,26.88626100007241
3796,0.025864430999718024,25.864430999718024
3797,0.02308394000010594,23.08394000010594
3798,0.022091134999755013,22.091134999755013
3799,0.028893221000089397,28.893221000089397
3800,0.027643252999951073,27.643252999951073
3801,0.022742940000171075,22.742940000171075
3802,0.021765915999822028,21.765915999822028
3803,0.029014902000199072,29.014902000199072
3804,0.028047166999840556,28.047166999840556
3805,0.023127536000174587,23.127536000174587
3806,0.023051540000324167,23.051540000324167
3807,0.028504161999990174,28.504161999990174
3808,0.02789612099968508,27.89612099968508
3809,0.022484576000351808,22.484576000351808
3810,0.021943287999874883,21.943287999874883
3811,0.02782227400030024,27.82227400030024
3812,0.027754713000376796,27.754713000376796
3813,0.02246965199992701,22.46965199992701
3814,0.021857174999695417,21.857174999695417
3815,0.02651378400014437,26.51378400014437
3816,0.028159279000192328,28.159279000192328
3817,0.02311676699991949,23.11676699991949
3818,0.023245437999776186,23.245437999776186
3819,0.02669542299963723,26.69542299963723
3820,0.030106733000138775,30.106733000138775
3821,0.023523058000137098,23.523058000137098
3822,0.030955879999964964,30.955879999964964
3823,0.030089741999745456,30.089741999745456
3824,0.024494402000073023,24.494402000073023
3825,0.023240766000071744,23.240766000071744
3826,0.02191615300034755,21.91615300034755
3827,0.029858139000225492,29.858139000225492
3828,0.027462527999887243,27.462527999887243
3829,0.022164829000303143,22.164829000303143
3830,0.022611628000049677,22.611628000049677
3831,0.028667365000274003,28.667365000274003
3832,0.027262731000064377,27.262731000064377
3833,0.027599362999808363,27.599362999808363
3834,0.025884900999699312,25.884900999699312
3835,0.030287884999779635,30.287884999779635
3836,0.022304123000139953,22.304123000139953
3837,0.021437074999994365,21.437074999994365
3838,0.02102806699986104,21.02806699986104
3839,0.03391837399976794,33.91837399976794
3840,0.026248635999763792,26.248635999763792
3841,0.02097307699978046,20.97307699978046
3842,0.02063049000025785,20.63049000025785
3843,0.029812527999638405,29.812527999638405
3844,0.02706785899999886,27.06785899999886
3845,0.02153285499980484,21.53285499980484
3846,0.02071647299999313,20.71647299999313
3847,0.02893616799974552,28.93616799974552
3848,0.02220453700010694,22.20453700010694
3849,0.021244333000140614,21.244333000140614
3850,0.020710249000330805,20.710249000330805
3851,0.03298774900031276,32.98774900031276
3852,0.028096790999825316,28.096790999825316
3853,0.020859147000010125,20.859147000010125
3854,0.0207967340002142,20.7967340002142
3855,0.02973953100035942,29.73953100035942
3856,0.029375071999766078,29.375071999766078
3857,0.021638176999658754,21.638176999658754
3858,0.020577327999944828,20.577327999944828
3859,0.02818505200002619,28.18505200002619
3860,0.029126683999948,29.126683999948
3861,0.021475904999988416,21.475904999988416
3862,0.02116646300009961,21.16646300009961
3863,0.03316503599990028,33.16503599990028
3864,0.022877043999869784,22.877043999869784
3865,0.020632038999792712,20.632038999792712
3866,0.021099272999890673,21.099272999890673
3867,0.031876989000011235,31.876989000011235
3868,0.027035486999920977,27.035486999920977
3869,0.021083778999582137,21.083778999582137
3870,0.02032658000007359,20.32658000007359
3871,0.03086994399973264,30.86994399973264
3872,0.027907177000088268,27.907177000088268
3873,0.021385621999797877,21.385621999797877
3874,0.021250758000405767,21.250758000405767
3875,0.033440233999954216,33.440233999954216
3876,0.022419073000037315,22.419073000037315
3877,0.02109903199971086,21.09903199971086
3878,0.020603225999821007,20.603225999821007
3879,0.03143081500002154,31.43081500002154
3880,0.026931126000363292,26.931126000363292
3881,0.02151588000015181,21.51588000015181
3882,0.02110378600036711,21.10378600036711
3883,0.029677733999960765,29.677733999960765
3884,0.02779785999973683,27.79785999973683
3885,0.021223332999852573,21.223332999852573
3886,0.020620050000161427,20.620050000161427
3887,0.028585903000021062,28.585903000021062
3888,0.041075446999911946,41.07544699991195
3889,0.022638461000042298,22.638461000042298
3890,0.0214779399998406,21.4779399998406
3891,0.04017162299987831,40.17162299987831
3892,0.024058125000010477,24.058125000010477
3893,0.02149532800012821,21.49532800012821
3894,0.021201378000114346,21.201378000114346
3895,0.026587508999909915,26.587508999909915
3896,0.0314459880000868,31.4459880000868
3897,0.021235640000213607,21.235640000213607
3898,0.02085999200016886,20.85999200016886
3899,0.029779495000184397,29.779495000184397
3900,0.022271258999808197,22.271258999808197
3901,0.020752453999648424,20.752453999648424
3902,0.021367406000081246,21.367406000081246
3903,0.03123784799981877,31.23784799981877
3904,0.03222490299958736,32.22490299958736
3905,0.02886060400032875,28.86060400032875
3906,0.029236067999590887,29.236067999590887
3907,0.05016778500021246,50.16778500021246
3908,0.027697161000105552,27.697161000105552
3909,0.02128296999990198,21.28296999990198
3910,0.02069953299996996,20.69953299996996
3911,0.03929278499981592,39.29278499981592
3912,0.03372296699990329,33.72296699990329
3913,0.028867793000245,28.867793000245
3914,0.028661123999881966,28.661123999881966
3915,0.0454040019999411,45.4040019999411
3916,0.023499608000292938,23.499608000292938
3917,0.023191405000034138,23.191405000034138
3918,0.022588274000099773,22.588274000099773
3919,0.028428185999928246,28.428185999928246
3920,0.027818866999950842,27.818866999950842
3921,0.024976669999887235,24.976669999887235
3922,0.021946346999811794,21.946346999811794
3923,0.028506190000371134,28.506190000371134
3924,0.02873381800009156,28.73381800009156
3925,0.022891950000030192,22.891950000030192
3926,0.02307102600025246,23.07102600025246
3927,0.029088906000197312,29.088906000197312
3928,0.027556743000332062,27.556743000332062
3929,0.02317730400000073,23.17730400000073
3930,0.022131985000214627,22.131985000214627
3931,0.031031909999910567,31.031909999910567
3932,0.028597353000350267,28.597353000350267
3933,0.022672698000405944,22.672698000405944
3934,0.02209253599994554,22.09253599994554
3935,0.030067295999742782,30.067295999742782
3936,0.02829385800032469,28.29385800032469
3937,0.024660598000082246,24.660598000082246
3938,0.0233508599999368,23.3508599999368
3939,0.030174127999998746,30.174127999998746
3940,0.027759178999986034,27.759178999986034
3941,0.024386436999975558,24.386436999975558
3942,0.02275101099985477,22.75101099985477
3943,0.030659756000204652,30.659756000204652
3944,0.024542357999962405,24.542357999962405
3945,0.02236037500006205,22.36037500006205
3946,0.021798502999899938,21.798502999899938
3947,0.03158314700021947,31.58314700021947
3948,0.02665153099997042,26.65153099997042
3949,0.02233231899981547,22.33231899981547
3950,0.022353853000367963,22.353853000367963
3951,0.029369717000008677,29.369717000008677
3952,0.027919016999931046,27.919016999931046
3953,0.023323516999880667,23.323516999880667
3954,0.022778986000048462,22.778986000048462
3955,0.032088741999814374,32.088741999814374
3956,0.02777769799968155,27.77769799968155
3957,0.025795899000058853,25.795899000058853
3958,0.023345035000147618,23.345035000147618
3959,0.0297188129998176,29.7188129998176
3960,0.029165291000026627,29.165291000026627
3961,0.02243969199980711,22.43969199980711
3962,0.0224413870000717,22.4413870000717
3963,0.028599911000128486,28.599911000128486
3964,0.02790808999998262,27.90808999998262
3965,0.022584508000363712,22.584508000363712
3966,0.022002834000431903,22.002834000431903
3967,0.029433257000164303,29.433257000164303
3968,0.02837623999994321,28.37623999994321
3969,0.023489401000006183,23.489401000006183
3970,0.022379801999704796,22.379801999704796
3971,0.031082903999958944,31.082903999958944
3972,0.028219571999670734,28.219571999670734
3973,0.02268991399978404,22.68991399978404
3974,0.022946817000047304,22.946817000047304
3975,0.028106915000080335,28.106915000080335
3976,0.02727076799965289,27.27076799965289
3977,0.022903015999872878,22.903015999872878
3978,0.022619117999965965,22.619117999965965
3979,0.027105364999897574,27.105364999897574
3980,0.029544744999839168,29.544744999839168
3981,0.02252513400026146,22.52513400026146
3982,0.022370065999893995,22.370065999893995
3983,0.029390573000000586,29.390573000000586
3984,0.02891958700001851,28.91958700001851
3985,0.02286799700004849,22.86799700004849
3986,0.022906321000391472,22.906321000391472
3987,0.02878524900006596,28.78524900006596
3988,0.029594047000045975,29.594047000045975
3989,0.023135818999890034,23.135818999890034
3990,0.021957746000225598,21.957746000225598
3991,0.027519679999841173,27.519679999841173
3992,0.030181282999819814,30.181282999819814
3993,0.022657218999938777,22.657218999938777
3994,0.021857986000213714,21.857986000213714
3995,0.028826062999996793,28.826062999996793
3996,0.02822818200002075,28.22818200002075
3997,0.022899413999766693,22.899413999766693
3998,0.02307720299995708,23.07720299995708
3999,0.028335561999938363,28.335561999938363
4000,0.028913825000017823,28.913825000017823
4001,0.023055900000144902,23.055900000144902
4002,0.02219873900003222,22.19873900003222
4003,0.05197426499989888,51.97426499989888
4004,0.024494405000041297,24.494405000041297
4005,0.02229910000005475,22.29910000005475
4006,0.021780123000098683,21.780123000098683
4007,0.03669166600002427,36.69166600002427
4008,0.028442253000321216,28.442253000321216
4009,0.02096467700039284,20.96467700039284
4010,0.02067221299967059,20.67221299967059
4011,0.0315864860003785,31.5864860003785
4012,0.0268634590001966,26.8634590001966
4013,0.02123988899984397,21.23988899984397
4014,0.02036400399992999,20.36400399992999
4015,0.029821745999925042,29.821745999925042
4016,0.022492822999993223,22.492822999993223
4017,0.021408191999853443,21.408191999853443
4018,0.02056261200004883,20.56261200004883
4019,0.03273006199970041,32.73006199970041
4020,0.02811371000007057,28.11371000007057
4021,0.024466067000048497,24.466067000048497
4022,0.02105613000003359,21.05613000003359
4023,0.0314525329999924,31.4525329999924
4024,0.026841246000003594,26.841246000003594
4025,0.021713421999720595,21.713421999720595
4026,0.02051897100000133,20.51897100000133
4027,0.030075857999690925,30.075857999690925
4028,0.02751401200021064,27.51401200021064
4029,0.02111937699964983,21.11937699964983
4030,0.020973572000002605,20.973572000002605
4031,0.032603981000193016,32.603981000193016
4032,0.02281548099972497,22.81548099972497
4033,0.0209705029997167,20.9705029997167
4034,0.021297244999914255,21.297244999914255
4035,0.03214430799971524,32.14430799971524
4036,0.026947529000153736,26.947529000153736
4037,0.021389782999904128,21.389782999904128
4038,0.020903011000427796,20.903011000427796
4039,0.029706787999657536,29.706787999657536
4040,0.02809379699965575,28.09379699965575
4041,0.02077785000028598,20.77785000028598
4042,0.02011286900005871,20.11286900005871
4043,0.0272961010000472,27.2961010000472
4044,0.03279500500002541,32.79500500002541
4045,0.021203262000199175,21.203262000199175
4046,0.021012743000028422,21.012743000028422
4047,0.032104369000080624,32.104369000080624
4048,0.02219383999999991,22.19383999999991
4049,0.021455428000081156,21.455428000081156
4050,0.020850927000083175,20.850927000083175
4051,0.0322591519998241,32.2591519998241
4052,0.02841592300001139,28.41592300001139
4053,0.021080718000121124,21.080718000121124
4054,0.020030312000017148,20.030312000017148
4055,0.031045829000049707,31.045829000049707
4056,0.0290984460002619,29.0984460002619
4057,0.02052080700013903,20.52080700013903
4058,0.02094517800014728,20.94517800014728
4059,0.029717387999880884,29.717387999880884
4060,0.027301197999804572,27.30119799980457
4061,0.021196995000082097,21.196995000082097
4062,0.020739225999932387,20.739225999932387
4063,0.028369342999667424,28.369342999667424
4064,0.022385123999811185,22.385123999811185
4065,0.021776814000077138,21.776814000077138
4066,0.020903575999909663,20.903575999909663
4067,0.032629273000111425,32.629273000111425
4068,0.027753047000260267,27.753047000260267
4069,0.021315810000032798,21.315810000032798
4070,0.020816179000121338,20.816179000121338
4071,0.02954401399983908,29.54401399983908
4072,0.029075708000164013,29.075708000164013
4073,0.030053863000375713,30.053863000375713
4074,0.02739938299964706,27.39938299964706
4075,0.04776336400027503,47.76336400027503
4076,0.022218236999833607,22.218236999833607
4077,0.02103310699976646,21.03310699976646
4078,0.021529067999836116,21.529067999836116
4079,0.03848825200020656,38.48825200020656
4080,0.022457269999904383,22.457269999904383
4081,0.02103408099992521,21.03408099992521
4082,0.021447543999784102,21.447543999784102
4083,0.0357935379997798,35.7935379997798
4084,0.022244668999974238,22.244668999974238
4085,0.022586541000237048,22.586541000237048
4086,0.021155951999844547,21.155951999844547
4087,0.02471598800002539,24.71598800002539
4088,0.03375910900012968,33.75910900012968
4089,0.025505988000077195,25.505988000077195
4090,0.020720424000046478,20.720424000046478
4091,0.03281539799991151,32.81539799991151
4092,0.023266052000053605,23.266052000053605
4093,0.020910321999963344,20.910321999963344
4094,0.020942183999977715,20.942183999977715
4095,0.030584533999899577,30.584533999899577
4096,0.027562116000353853,27.562116000353853
4097,0.0219190730003902,21.9190730003902
4098,0.02073148899989974,20.73148899989974
4099,0.031217756000387453,31.217756000387453
4100,0.028298173999701248,28.29817399970125
4101,0.021394766999947024,21.394766999947024
4102,0.020552787999804423,20.552787999804423
4103,0.030543957999725535,30.543957999725535
4104,0.02167434900002263,21.67434900002263
4105,0.02073547800000597,20.73547800000597
4106,0.02107447099979254,21.07447099979254
4107,0.03278119300011895,32.78119300011895
4108,0.02689821000012671,26.89821000012671
4109,0.021086878000005527,21.086878000005527
4110,0.020561997999720916,20.561997999720916
4111,0.03010008400042352,30.10008400042352
4112,0.028634108999995078,28.634108999995078
4113,0.02162524100003793,21.62524100003793
4114,0.021279413999764074,21.279413999764074
4115,0.031302865000270685,31.302865000270685
4116,0.02846589099999619,28.46589099999619
4117,0.020658951999848796,20.658951999848796
4118,0.02080144100000325,20.80144100000325
4119,0.028395250999892596,28.395250999892596
4120,0.02142384300032063,21.42384300032063
4121,0.02151412600005642,21.51412600005642
4122,0.020294625000133237,20.294625000133237
4123,0.029277384000124584,29.277384000124584
4124,0.030060325999784254,30.060325999784254
4125,0.021251004000077955,21.251004000077955
4126,0.020698882000033336,20.698882000033336
4127,0.03102485199997318,31.02485199997318
4128,0.02971844699959547,29.71844699959547
4129,0.030879299000389437,30.879299000389437
4130,0.0309165909998228,30.9165909998228
4131,0.03518079199966451,35.18079199966451
4132,0.021886501000153658,21.886501000153658
4133,0.020917206999911286,20.917206999911286
4134,0.02099815400015359,20.99815400015359
4135,0.028833828999722755,28.833828999722755
4136,0.028186092000396457,28.186092000396457
4137,0.021475670999734575,21.475670999734575
4138,0.02099198099995192,20.99198099995192
4139,0.028402537000147277,28.402537000147277
4140,0.029102439999860508,29.102439999860508
4141,0.021626357999593893,21.626357999593893
4142,0.02095251599985204,20.95251599985204
4143,0.028396336999776395,28.396336999776395
4144,0.021091093999984878,21.091093999984878
4145,0.021555443999659474,21.555443999659474
4146,0.02039616499996555,20.39616499996555
4147,0.03280435099986789,32.80435099986789
4148,0.028443299000173283,28.443299000173283
4149,0.02226882700006172,22.26882700006172
4150,0.021225534999757656,21.225534999757656
4151,0.031184799000129715,31.184799000129715
4152,0.02785135700014507,27.85135700014507
4153,0.02112842399992587,21.12842399992587
4154,0.02083744299989121,20.83744299989121
4155,0.02943146000006891,29.43146000006891
4156,0.027685403000305087,27.685403000305087
4157,0.02121056900023177,21.21056900023177
4158,0.02113294799983123,21.13294799983123
4159,0.02626281699986066,26.26281699986066
4160,0.031109125000057247,31.109125000057247
4161,0.021272120000048744,21.272120000048744
4162,0.021176275000016176,21.176275000016176
4163,0.029833722000148555,29.833722000148555
4164,0.02236281700015752,22.36281700015752
4165,0.021144151000044076,21.144151000044076
4166,0.02104062599983081,21.04062599983081
4167,0.044687552000141295,44.687552000141295
4168,0.024095449000014924,24.095449000014924
4169,0.023484922000079678,23.484922000079678
4170,0.02221836299986535,22.21836299986535
4171,0.026416097000037553,26.416097000037553
4172,0.0322656910002479,32.2656910002479
4173,0.022764257999824622,22.764257999824622
4174,0.022059087999878102,22.059087999878102
4175,0.03412884299996222,34.12884299996222
4176,0.030907295999895723,30.907295999895723
4177,0.026368144000116445,26.368144000116445
4178,0.023577984999974433,23.577984999974433
4179,0.027904009999929258,27.904009999929258
4180,0.023560344000088662,23.560344000088662
4181,0.023369752999769844,23.369752999769844
4182,0.022340589999657823,22.340589999657823
4183,0.031069653000031394,31.069653000031394
4184,0.023353191999831324,23.353191999831324
4185,0.022509361000174977,22.509361000174977
4186,0.021815937000155827,21.815937000155827
4187,0.11757419900004606,117.57419900004606
4188,0.04649804100017718,46.49804100017718
4189,0.02184781000005387,21.84781000005387
4190,0.022265717999744083,22.265717999744083
4191,0.027086156999757804,27.086156999757804
4192,0.02338124199968661,23.38124199968661
4193,0.02285314099981406,22.85314099981406
4194,0.02202649700029724,22.02649700029724
4195,0.029052167999907397,29.052167999907397
4196,0.02879486400024689,28.79486400024689
4197,0.02252245799991215,22.52245799991215
4198,0.02178108499992959,21.78108499992959
4199,0.031461074000162625,31.461074000162625
4200,0.028600321999874723,28.600321999874723
4201,0.02291156699993735,22.91156699993735
4202,0.022933432000172616,22.933432000172616
4203,0.03186181099999885,31.861810999998852
4204,0.023392405999857147,23.392405999857147
4205,0.023507750000135275,23.507750000135275
4206,0.02228492299991558,22.28492299991558
4207,0.02402052100023866,24.02052100023866
4208,0.03215442400005486,32.15442400005486
4209,0.023047568000038154,23.047568000038154
4210,0.022216200000002573,22.216200000002573
4211,0.03190034300041589,31.900343000415887
4212,0.02817579399970782,28.17579399970782
4213,0.022778752999784047,22.778752999784047
4214,0.02297980000003008,22.97980000003008
4215,0.03337609700020039,33.37609700020039
4216,0.023439083000084793,23.439083000084793
4217,0.022771748999730335,22.771748999730335
4218,0.021976832999826,21.976832999826
4219,0.029577087000234314,29.577087000234314
4220,0.028608858000097825,28.608858000097825
4221,0.022748396000224602,22.748396000224602
4222,0.021837644000243017,21.837644000243017
4223,0.03930946700029381,39.30946700029381
4224,0.024686891999863292,24.686891999863292
4225,0.02301265300002342,23.01265300002342
4226,0.024063051999746676,24.063051999746676
4227,0.041203774999758025,41.203774999758025
4228,0.023484731999815267,23.484731999815267
4229,0.022635036999872682,22.635036999872682
4230,0.022704343999976118,22.704343999976118
4231,0.029358098000102473,29.358098000102473
4232,0.02878926399989723,28.78926399989723
4233,0.02315951899981883,23.15951899981883
4234,0.022504222999941703,22.504222999941703
4235,0.030227793999983987,30.227793999983987
4236,0.025883245000386523,25.883245000386523
4237,0.022303780000129336,22.303780000129336
4238,0.022608156999922357,22.608156999922357
4239,0.028960567000012816,28.960567000012816
4240,0.028073063000192633,28.073063000192633
4241,0.02626074800036804,26.26074800036804
4242,0.026553781000075105,26.553781000075105
4243,0.048859988000003796,48.859988000003796
4244,0.032069342999875516,32.069342999875516
4245,0.02954439099994488,29.54439099994488
4246,0.028754850000041188,28.754850000041188
4247,0.050877159999799915,50.877159999799915
4248,0.021207639999829553,21.207639999829553
4249,0.020640843999899516,20.640843999899516
4250,0.020664284999838856,20.664284999838856
4251,0.039590199000031134,39.590199000031134
4252,0.028304685999955836,28.304685999955836
4253,0.029333505000067817,29.333505000067817
4254,0.028426712000054977,28.426712000054977
4255,0.04178477599998587,41.78477599998587
4256,0.0229576410001755,22.9576410001755
4257,0.021560172000135935,21.560172000135935
4258,0.02087806100007583,20.87806100007583
4259,0.03906227700008458,39.06227700008458
4260,0.021806447000017215,21.806447000017215
4261,0.020935012000336428,20.935012000336428
4262,0.02087157500000103,20.87157500000103
4263,0.03271135900013178,32.71135900013178
4264,0.021758416000011493,21.758416000011493
4265,0.021316925000064657,21.316925000064657
4266,0.020364373000120395,20.364373000120395
4267,0.02981980200001999,29.81980200001999
4268,0.028172727999844938,28.172727999844938
4269,0.02139880999993693,21.39880999993693
4270,0.02099708900004771,20.99708900004771
4271,0.03358899900013057,33.58899900013057
4272,0.028947116000381357,28.947116000381357
4273,0.02375057499966715,23.75057499966715
4274,0.025261851999857754,25.261851999857754
4275,0.0411099979996834,41.1099979996834
4276,0.022692354999890085,22.692354999890085
4277,0.022729898000307003,22.729898000307003
4278,0.022422074000132852,22.422074000132852
4279,0.025521653999931004,25.521653999931004
4280,0.03179634600019199,31.79634600019199
4281,0.02298231399981887,22.98231399981887
4282,0.022342647000186844,22.342647000186844
4283,0.03002913599993917,30.02913599993917
4284,0.028672051999819814,28.672051999819814
4285,0.02249067399998239,22.49067399998239
4286,0.022276566000073217,22.276566000073217
4287,0.02678484500029299,26.78484500029299
4288,0.02786536400026307,27.86536400026307
4289,0.022605250999731652,22.605250999731652
4290,0.02195018300017182,21.95018300017182
4291,0.025270558000102028,25.270558000102028
4292,0.03306144199996197,33.06144199996197
4293,0.024848391999967134,24.848391999967134
4294,0.024593956999979127,24.593956999979127
4295,0.03140253699984896,31.402536999848962
4296,0.028462812000270787,28.462812000270787
4297,0.02275384299991856,22.75384299991856
4298,0.023130125000079715,23.130125000079715
4299,0.029275951999807148,29.27595199980715
4300,0.02724712199960777,27.24712199960777
4301,0.022786132999954134,22.786132999954134
4302,0.021986785999615677,21.986785999615677
4303,0.027467627999612887,27.467627999612887
4304,0.027627529999790568,27.627529999790568
4305,0.022738469999694644,22.738469999694644
4306,0.021767875000023196,21.767875000023196
4307,0.027627345999917452,27.627345999917452
4308,0.029971303999900556,29.971303999900556
4309,0.022768534000078944,22.768534000078944
4310,0.022806223999850772,22.806223999850772
4311,0.028630821999740874,28.630821999740874
4312,0.028612983000130043,28.612983000130043
4313,0.023659616999793798,23.659616999793798
4314,0.021982206999837217,21.982206999837217
4315,0.028246359000149823,28.246359000149823
4316,0.02898675699998421,28.98675699998421
4317,0.02240172400024676,22.40172400024676
4318,0.02172061200008102,21.72061200008102
4319,0.025749144999736018,25.749144999736018
4320,0.03251034599998093,32.51034599998093
4321,0.02299432700010584,22.99432700010584
4322,0.022868057999858138,22.868057999858138
4323,0.033883999999943626,33.883999999943626
4324,0.027796452000075078,27.796452000075078
4325,0.024602987999969628,24.602987999969628
4326,0.02197224300016387,21.97224300016387
4327,0.028275267999561038,28.275267999561038
4328,0.02750483800036818,27.50483800036818
4329,0.024872059000244917,24.872059000244917
4330,0.021927072000380576,21.927072000380576
4331,0.029440012000122806,29.440012000122806
4332,0.02775253400022848,27.75253400022848
4333,0.02286958299964681,22.86958299964681
4334,0.022876922000250488,22.876922000250488
4335,0.02957148400037113,29.57148400037113
4336,0.02758178800013411,27.58178800013411
4337,0.023162423000030685,23.162423000030685
4338,0.022092543999860936,22.092543999860936
4339,0.028315227999883064,28.315227999883064
4340,0.030797767999956704,30.797767999956704
4341,0.026590854999994917,26.590854999994917
4342,0.022831185000086407,22.831185000086407
4343,0.03339287600010721,33.39287600010721
4344,0.023647257999982685,23.647257999982685
4345,0.0228718729999855,22.8718729999855
4346,0.02366030299981503,23.66030299981503
4347,0.040472236999903544,40.472236999903544
4348,0.02976982699965447,29.76982699965447
4349,0.024910819999604428,24.910819999604428
4350,0.022228648000236717,22.228648000236717
4351,0.0314926139999443,31.492613999944297
4352,0.03219713299995419,32.19713299995419
4353,0.023188881000351103,23.188881000351103
4354,0.022435065000081522,22.435065000081522
4355,0.02874920399972325,28.74920399972325
4356,0.030050135000237788,30.050135000237788
4357,0.024336787999800436,24.336787999800436
4358,0.023072138999850722,23.072138999850722
4359,0.02987227099993106,29.87227099993106
4360,0.027931338000144024,27.931338000144024
4361,0.023374817999865627,23.374817999865627
4362,0.022015358999851742,22.015358999851742
4363,0.02853253900002528,28.53253900002528
4364,0.028004883999983576,28.004883999983576
4365,0.02320509099990886,23.20509099990886
4366,0.02195634899999277,21.95634899999277
4367,0.031704024000191566,31.704024000191566
4368,0.02815032099988457,28.15032099988457
4369,0.022858754000026238,22.858754000026238
4370,0.023098707999906765,23.098707999906765
4371,0.0297754339999301,29.7754339999301
4372,0.02823243199964054,28.23243199964054
4373,0.023490602000038052,23.490602000038052
4374,0.022132013000373263,22.132013000373263
4375,0.030473416999939218,30.473416999939218
4376,0.028539650999846344,28.539650999846344
4377,0.023056052999891108,23.056052999891108
4378,0.02243864299998677,22.43864299998677
4379,0.03244807500004754,32.44807500004754
4380,0.023803944000064803,23.803944000064803
4381,0.02240535999999338,22.40535999999338
4382,0.024539112000184105,24.539112000184105
4383,0.03176785799996651,31.76785799996651
4384,0.023455472000023292,23.455472000023292
4385,0.023472483000205102,23.472483000205102
4386,0.022938338999665575,22.938338999665575
4387,0.024568244999954914,24.568244999954914
4388,0.03269426199994996,32.69426199994996
4389,0.023338320999755524,23.338320999755524
4390,0.02204923300041628,22.04923300041628
4391,0.03089539800021157,30.89539800021157
4392,0.024063365000074555,24.063365000074555
4393,0.022448322999935044,22.448322999935044
4394,0.022344686999986152,22.344686999986152
4395,0.03021773000000394,30.21773000000394
4396,0.02801955099994302,28.01955099994302
4397,0.02363343100023485,23.63343100023485
4398,0.022739566000382183,22.739566000382183
4399,0.030810293999820715,30.810293999820715
4400,0.025324915000055626,25.324915000055626
4401,0.023031139000067924,23.031139000067924
4402,0.022568156000033923,22.568156000033923
4403,0.035889230000066163,35.88923000006616
4404,0.02467294200005199,24.67294200005199
4405,0.022863097999561433,22.863097999561433
4406,0.02415841599986379,24.15841599986379
4407,0.036052841000127955,36.052841000127955
4408,0.024467559999720834,24.467559999720834
4409,0.02593577000016012,25.93577000016012
4410,0.022643943000275613,22.643943000275613
4411,0.02886773699992773,28.86773699992773
4412,0.0281028829999741,28.1028829999741
4413,0.023884962000011,23.884962000011
4414,0.022394415000235313,22.394415000235313
4415,0.03931493100026273,39.31493100026273
4416,0.023710874999778753,23.710874999778753
4417,0.022823674000392202,22.823674000392202
4418,0.022275244999946153,22.275244999946153
4419,0.02603459300007671,26.03459300007671
4420,0.026578272999813635,26.578272999813635
4421,0.023044654999921477,23.044654999921477
4422,0.022152340000047843,22.152340000047843
4423,0.027882504999979574,27.882504999979574
4424,0.027684900000167545,27.684900000167545
4425,0.022730064999905153,22.730064999905153
4426,0.021881174000100145,21.881174000100145
4427,0.028666640000210464,28.666640000210464
4428,0.028030716000102984,28.030716000102984
4429,0.022926801999801683,22.926801999801683
4430,0.022986473999935697,22.986473999935697
4431,0.027424477000295155,27.424477000295155
4432,0.024213469000187615,24.213469000187615
4433,0.023374276000140526,23.374276000140526
4434,0.02215550599976268,22.15550599976268
4435,0.03050534800013338,30.50534800013338
4436,0.027257427999757056,27.257427999757056
4437,0.023202856999887445,23.202856999887445
4438,0.022209108999959426,22.209108999959426
4439,0.030078411999966193,30.078411999966193
4440,0.02730658000018593,27.30658000018593
4441,0.022362766000242118,22.362766000242118
4442,0.02233499599969946,22.33499599969946
4443,0.029690112000025692,29.690112000025692
4444,0.027403125000091677,27.403125000091677
4445,0.02320976700002575,23.20976700002575
4446,0.022753784000087762,22.753784000087762
4447,0.030740738000076817,30.740738000076817
4448,0.030709998000020278,30.709998000020278
4449,0.02306937299999845,23.06937299999845
4450,0.021976248000100895,21.976248000100895
4451,0.031099783000172465,31.099783000172465
4452,0.02373944000009942,23.73944000009942
4453,0.022824741000022186,22.824741000022186
4454,0.023136180999699718,23.136180999699718
4455,0.030957806000060373,30.957806000060373
4456,0.023961716999565397,23.961716999565397
4457,0.02324658299994553,23.24658299994553
4458,0.022705731999849377,22.705731999849377
4459,0.02867287299977761,28.67287299977761
4460,0.02751909100015837,27.51909100015837
4461,0.02274288000035085,22.74288000035085
4462,0.023327071000039723,23.327071000039723
4463,0.03316914300012286,33.16914300012286
4464,0.0252870049998819,25.2870049998819
4465,0.02280581600007281,22.80581600007281
4466,0.02303452299975106,23.03452299975106
4467,0.03158328000017718,31.583280000177183
4468,0.023238418999881105,23.238418999881105
4469,0.023270720999789773,23.270720999789773
4470,0.02261108199991213,22.61108199991213
4471,0.03129817099988941,31.298170999889408
4472,0.023789429000316886,23.789429000316886
4473,0.023179606999747193,23.179606999747193
4474,0.021775473000161583,21.775473000161583
4475,0.031450437999865244,31.450437999865244
4476,0.02284072600014042,22.84072600014042
4477,0.02268038100010017,22.68038100010017
4478,0.022428318000038416,22.428318000038416
4479,0.02915931899997304,29.15931899997304
4480,0.027331703000072594,27.331703000072594
4481,0.022780637000323622,22.780637000323622
4482,0.023163944999851083,23.163944999851083
4483,0.039064163000148255,39.064163000148255
4484,0.025027184000009584,25.027184000009584
4485,0.023735683000268182,23.735683000268182
4486,0.021833931999935885,21.833931999935885
4487,0.04189414299980854,41.89414299980854
4488,0.023641556999791646,23.641556999791646
4489,0.022449106000294705,22.449106000294705
4490,0.02232113299987759,22.32113299987759
4491,0.028577896000115288,28.577896000115288
4492,0.027421418000358244,27.421418000358244
4493,0.022708978000082425,22.708978000082425
4494,0.02193144199964081,21.93144199964081
4495,0.027648821000184398,27.648821000184398
4496,0.029989442999976745,29.989442999976745
4497,0.022427296999921964,22.427296999921964
4498,0.022419708999677823,22.419708999677823
4499,0.02958290499964278,29.58290499964278
4500,0.028745690000050672,28.745690000050672
4501,0.02285371900006794,22.85371900006794
4502,0.02299213200012673,22.99213200012673
4503,0.02858438400016894,28.58438400016894
4504,0.028350271999897814,28.350271999897814
4505,0.0227262889998201,22.7262889998201
4506,0.022044036000352207,22.044036000352207
4507,0.027226951999637095,27.226951999637095
4508,0.02907093800013172,29.07093800013172
4509,0.026218341999992845,26.218341999992845
4510,0.022652272999948764,22.652272999948764
4511,0.031737102000079176,31.737102000079176
4512,0.029569453000021895,29.569453000021895
4513,0.022720905999904062,22.720905999904062
4514,0.02309904000003371,23.09904000003371
4515,0.030791380000209756,30.791380000209756
4516,0.024717378999866924,24.717378999866924
4517,0.023313686000165035,23.313686000165035
4518,0.022592625000015687,22.592625000015687
4519,0.029356874000313837,29.356874000313837
4520,0.027353311000297253,27.353311000297253
4521,0.022447742999702314,22.447742999702314
4522,0.02167106800015972,21.67106800015972
4523,0.029633689000093,29.633689000093
4524,0.027931921999879705,27.931921999879705
4525,0.022326907999740797,22.326907999740797
4526,0.022459538000020984,22.459538000020984
4527,0.028810413999963203,28.810413999963203
4528,0.028165488000013283,28.165488000013283
4529,0.0236512279998351,23.6512279998351
4530,0.022787518000313867,22.787518000313867
4531,0.029744508000021597,29.744508000021597
4532,0.02878631299972767,28.78631299972767
4533,0.022777145999953063,22.777145999953063
4534,0.021805103999668063,21.805103999668063
4535,0.030193202999726054,30.193202999726054
4536,0.027945589999944787,27.945589999944787
4537,0.022259176000261505,22.259176000261505
4538,0.0222471349998159,22.2471349998159
4539,0.027905848000045808,27.905848000045808
4540,0.027564382000036858,27.564382000036858
4541,0.022629649999998946,22.629649999998946
4542,0.02214330000015252,22.14330000015252
4543,0.033211364000180765,33.211364000180765
4544,0.0295605159999468,29.5605159999468
4545,0.023112797999601753,23.112797999601753
4546,0.02288125899985971,22.88125899985971
4547,0.03281890000016574,32.81890000016574
4548,0.028658515000188345,28.658515000188345
4549,0.023025462000077823,23.025462000077823
4550,0.023650192999866704,23.650192999866704
4551,0.03026130899979762,30.26130899979762
4552,0.02258566399996198,22.58566399996198
4553,0.022754786999939824,22.754786999939824
4554,0.022042828999929043,22.042828999929043
4555,0.03157212800033449,31.572128000334487
4556,0.02349196099976325,23.49196099976325
4557,0.02348617000006925,23.48617000006925
4558,0.022455019000062748,22.455019000062748
4559,0.03419191300008606,34.19191300008606
4560,0.0237994079998316,23.7994079998316
4561,0.022912532000191277,22.912532000191277
4562,0.022890503999860812,22.89050399986081
4563,0.035941923999871506,35.941923999871506
4564,0.023397639999984676,23.397639999984676
4565,0.023505448999912915,23.505448999912915
4566,0.02254155399987212,22.54155399987212
4567,0.027779133999956684,27.779133999956684
4568,0.02304262400002699,23.04262400002699
4569,0.02260652500035576,22.60652500035576
4570,0.02192509099995732,21.92509099995732
4571,0.025855019000118773,25.855019000118773
4572,0.03191975399977309,31.919753999773093
4573,0.023458229999960167,23.458229999960167
4574,0.023316349999731756,23.316349999731756
4575,0.030850641000142787,30.850641000142787
4576,0.02396925299990471,23.96925299990471
4577,0.024387865999869973,24.387865999869973
4578,0.03204778400004216,32.04778400004216
4579,0.04537243100003252,45.37243100003252
4580,0.02717791599980046,27.17791599980046
4581,0.025331839000045875,25.331839000045875
4582,0.02244867700028408,22.44867700028408
4583,0.029892493999795988,29.892493999795988
4584,0.027281086000130017,27.281086000130017
4585,0.024347681000108423,24.347681000108423
4586,0.023843296999984886,23.843296999984886
4587,0.04602805400008947,46.02805400008947
4588,0.024384761999954208,24.384761999954208
4589,0.023422380999818415,23.422380999818415
4590,0.022509991999868362,22.50999199986836
4591,0.029130028000054153,29.130028000054153
4592,0.029148953999992955,29.148953999992955
4593,0.02302158500015139,23.02158500015139
4594,0.022541627999999037,22.541627999999037
4595,0.03171471699988615,31.71471699988615
4596,0.02890839399969991,28.90839399969991
4597,0.022504244999709044,22.504244999709044
4598,0.02236411199965005,22.36411199965005
4599,0.03129463200002647,31.294632000026468
4600,0.028461271000196575,28.461271000196575
4601,0.02334189899966077,23.34189899966077
4602,0.022603840000101627,22.603840000101627
4603,0.031890183000086836,31.890183000086836
4604,0.024690220000138652,24.690220000138652
4605,0.022279202999925474,22.279202999925474
4606,0.021730665000177396,21.730665000177396
4607,0.03211122900029295,32.11122900029295
4608,0.025199178000093525,25.199178000093525
4609,0.023322647999975743,23.322647999975743
4610,0.024703719000171986,24.703719000171986
4611,0.042312144999868906,42.312144999868906
4612,0.023775005000061356,23.775005000061356
4613,0.02676215700012108,26.76215700012108
4614,0.022022610000021814,22.022610000021814
4615,0.029717653999796312,29.717653999796312
4616,0.028242492000117636,28.242492000117636
4617,0.02258709900024769,22.58709900024769
4618,0.0217185410001548,21.7185410001548
4619,0.030488054000215925,30.488054000215925
4620,0.028779127999769116,28.779127999769116
4621,0.02286953500015443,22.86953500015443
4622,0.023073826999734592,23.073826999734592
4623,0.03131492300008176,31.314923000081762
4624,0.025081621000026644,25.081621000026644
4625,0.023404404999837425,23.404404999837425
4626,0.022613425999679748,22.613425999679748
4627,0.10598174099959579,105.98174099959579
4628,0.07937155299987353,79.37155299987353
4629,0.02542824300007851,25.42824300007851
4630,0.02198925099992266,21.98925099992266
4631,0.032443756999782636,32.443756999782636
4632,0.023443106999820884,23.443106999820884
4633,0.022441933000209247,22.441933000209247
4634,0.022506951999730518,22.506951999730518
4635,0.027368945000034728,27.368945000034728
4636,0.025717834000261064,25.717834000261064
4637,0.022921675000361574,22.921675000361574
4638,0.022111472000233334,22.111472000233334
4639,0.031674135999764985,31.674135999764985
4640,0.026928103000045667,26.928103000045667
4641,0.022642332000032184,22.642332000032184
4642,0.022827038000286848,22.827038000286848
4643,0.031577752999965014,31.577752999965014
4644,0.024149741999735852,24.149741999735852
4645,0.02334339099979843,23.34339099979843
4646,0.024036914000134857,24.036914000134857
4647,0.032076790999781224,32.076790999781224
4648,0.023237427999902138,23.23742799990214
4649,0.023400000000037835,23.400000000037835
4650,0.022221497999908024,22.221497999908024
4651,0.029951790999803052,29.951790999803052
4652,0.025122756000200752,25.122756000200752
4653,0.022577518999696622,22.577518999696622
4654,0.02196573899982468,21.96573899982468
4655,0.03146924700013187,31.469247000131872
4656,0.027096463999896514,27.096463999896514
4657,0.022945788000015455,22.945788000015455
4658,0.023102615999960108,23.102615999960108
4659,0.030455689000064012,30.455689000064012
4660,0.026412563000121736,26.412563000121736
4661,0.022990274999756366,22.990274999756366
4662,0.02384420799990039,23.84420799990039
4663,0.03159472400011509,31.594724000115093
4664,0.024000671000067086,24.000671000067086
4665,0.023274067000329524,23.274067000329524
4666,0.022753301999728137,22.753301999728137
4667,0.026037364000330854,26.037364000330854
4668,0.033258072000080574,33.258072000080574
4669,0.02227813800027434,22.27813800027434
4670,0.022725614000137284,22.725614000137284
4671,0.033716571999775624,33.716571999775624
4672,0.023993824000172026,23.993824000172026
4673,0.02534386099978292,25.34386099978292
4674,0.0266782339999736,26.6782339999736
4675,0.028373146999911114,28.373146999911114
4676,0.03203490099986084,32.03490099986084
4677,0.023171636999904877,23.171636999904877
4678,0.022547102000316954,22.547102000316954
4679,0.030150229999890144,30.150229999890144
4680,0.028163899999981368,28.163899999981368
4681,0.02231972199979282,22.31972199979282
4682,0.022540976000072988,22.540976000072988
4683,0.029916176999904565,29.916176999904565
4684,0.0278020830000969,27.8020830000969
4685,0.022917728999800602,22.9177289998006
4686,0.02219595099995786,22.19595099995786
4687,0.02273876100025518,22.73876100025518
4688,0.03270603700002539,32.70603700002539
4689,0.02355052200027785,23.55052200027785
4690,0.022953061999942292,22.953061999942292
4691,0.031222304000039003,31.222304000039003
4692,0.02904032200012807,29.04032200012807
4693,0.022495521000109875,22.495521000109875
4694,0.02267127100003563,22.67127100003563
4695,0.03019956500020271,30.19956500020271
4696,0.027440631999979814,27.440631999979814
4697,0.02311095300001398,23.11095300001398
4698,0.022252460999879986,22.252460999879986
4699,0.02956046199960838,29.56046199960838
4700,0.02843886399978146,28.43886399978146
4701,0.02267234200007806,22.67234200007806
4702,0.021866896999654273,21.866896999654273
4703,0.031648058999962814,31.648058999962814
4704,0.02874340399966968,28.74340399966968
4705,0.022904140000264306,22.904140000264306
4706,0.02323243899991212,23.23243899991212
4707,0.03183685300018624,31.836853000186238
4708,0.02365361300007862,23.65361300007862
4709,0.02342011399969124,23.42011399969124
4710,0.022988630000327248,22.988630000327248
4711,0.03261328200005664,32.61328200005664
4712,0.02442851200021323,24.42851200021323
4713,0.022845948999929533,22.845948999929533
4714,0.02220416000000114,22.20416000000114
4715,0.04230329900019569,42.30329900019569
4716,0.022482539000066026,22.482539000066026
4717,0.021161417000257643,21.161417000257643
4718,0.020768913000210887,20.768913000210887
4719,0.028401851000126044,28.401851000126044
4720,0.021049247000064497,21.049247000064497
4721,0.021349522000036814,21.349522000036814
4722,0.020791508000002068,20.791508000002068
4723,0.03054228700011663,30.54228700011663
4724,0.026917589999811753,26.917589999811753
4725,0.020637367000290396,20.637367000290396
4726,0.021402984000360448,21.402984000360448
4727,0.027499843999976292,27.499843999976292
4728,0.03131412699985958,31.31412699985958
4729,0.02190809600006105,21.90809600006105
4730,0.020893105000141077,20.893105000141077
4731,0.030588142999931733,30.588142999931733
4732,0.023758396000175708,23.758396000175708
4733,0.021138422999683826,21.138422999683826
4734,0.020846846000040387,20.846846000040387
4735,0.03297799699976167,32.97799699976167
4736,0.0256452840003476,25.6452840003476
4737,0.02058156400016742,20.58156400016742
4738,0.020536159000130283,20.536159000130283
4739,0.029673191999791015,29.673191999791015
4740,0.027465741000014532,27.465741000014532
4741,0.021349448999899323,21.349448999899323
4742,0.02054751200012106,20.54751200012106
4743,0.03201480100005938,32.01480100005938
4744,0.039057943999978306,39.057943999978306
4745,0.028599195999959193,28.599195999959193
4746,0.025262134000058722,25.262134000058722
4747,0.03303648399969461,33.03648399969461
4748,0.025344888000290666,25.344888000290666
4749,0.021530082000026596,21.530082000026596
4750,0.02067985800022143,20.67985800022143
4751,0.031677768000008655,31.677768000008655
4752,0.026822438000181137,26.822438000181137
4753,0.02107040800001414,21.07040800001414
4754,0.020519054000033066,20.519054000033066
4755,0.027403517000038846,27.403517000038846
4756,0.0286983070000133,28.6983070000133
4757,0.021404990000064572,21.404990000064572
4758,0.02076345300019966,20.76345300019966
4759,0.030162097999891557,30.162097999891557
4760,0.022761647000152152,22.761647000152152
4761,0.02098179299991898,20.98179299991898
4762,0.021179180999752134,21.179180999752134
4763,0.03198899500011976,31.988995000119758
4764,0.027021956999760732,27.021956999760732
4765,0.021039192999978695,21.039192999978695
4766,0.020421875000010914,20.421875000010914
4767,0.0307853949998389,30.7853949998389
4768,0.028208363999965513,28.208363999965513
4769,0.022113510000053793,22.113510000053793
4770,0.021048634000180755,21.048634000180755
4771,0.02760210199994617,27.60210199994617
4772,0.028000452000014775,28.000452000014775
4773,0.02102123200029382,21.02123200029382
4774,0.02137071700008164,21.37071700008164
4775,0.029354227000112587,29.354227000112587
4776,0.025157302000025084,25.157302000025084
4777,0.021145923999938532,21.145923999938532
4778,0.021038941999904637,21.038941999904637
4779,0.03182711699992069,31.82711699992069
4780,0.027792074999979377,27.792074999979377
4781,0.02076602199986155,20.76602199986155
4782,0.020010501999877306,20.010501999877306
4783,0.030154969000250276,30.154969000250276
4784,0.028381433000049583,28.381433000049583
4785,0.0211696800001846,21.1696800001846
4786,0.021188625999911892,21.188625999911892
4787,0.03257845999996789,32.57845999996789
4788,0.022373231000074156,22.373231000074156
4789,0.021640165000007983,21.640165000007983
4790,0.02143611300016346,21.43611300016346
4791,0.03208086099994034,32.08086099994034
4792,0.02290911199997936,22.90911199997936
4793,0.020737397000175406,20.737397000175406
4794,0.019991285000287462,19.991285000287462
4795,0.030619565999586484,30.619565999586484
4796,0.027261705999990227,27.261705999990227
4797,0.020433670999864262,20.433670999864262
4798,0.02418036100016252,24.18036100016252
4799,0.035226942999997846,35.226942999997846
4800,0.03704224700004488,37.04224700004488
4801,0.027262803000212443,27.262803000212443
4802,0.020575953999923513,20.575953999923513
4803,0.031320442000378534,31.320442000378534
4804,0.027843846999985544,27.843846999985544
4805,0.020711642000151187,20.711642000151187
4806,0.02049418099977629,20.49418099977629
4807,0.029342812999857415,29.342812999857415
4808,0.029631304000304226,29.631304000304226
4809,0.02221243800022421,22.21243800022421
4810,0.028156055000181368,28.156055000181368
4811,0.034262578999914695,34.262578999914695
4812,0.025218788999609387,25.218788999609387
4813,0.023319989999890822,23.319989999890822
4814,0.022973641000135103,22.973641000135103
4815,0.036182316999656905,36.182316999656905
4816,0.02524318400037373,25.24318400037373
4817,0.02270125500035647,22.70125500035647
4818,0.022500640000089334,22.500640000089334
4819,0.03528846400013208,35.28846400013208
4820,0.024017507000280602,24.017507000280602
4821,0.02256930299972737,22.56930299972737
4822,0.02235418899999786,22.35418899999786
4823,0.03248413300025277,32.48413300025277
4824,0.023288954999770795,23.288954999770795
4825,0.02267083199967601,22.67083199967601
4826,0.02229469399981099,22.29469399981099
4827,0.025969618000090122,25.969618000090122
4828,0.027108566000151768,27.108566000151768
4829,0.02313526699981594,23.13526699981594
4830,0.022477096999864443,22.477096999864443
4831,0.025849370999821986,25.849370999821986
4832,0.03141821600002004,31.41821600002004
4833,0.023280048000287934,23.280048000287934
4834,0.022796444000050542,22.796444000050542
4835,0.030021239000234345,30.021239000234345
4836,0.02835792699988815,28.35792699988815
4837,0.022862157999952615,22.862157999952615
4838,0.022175132000029407,22.175132000029407
4839,0.02871181099999376,28.71181099999376
4840,0.027893018000213488,27.893018000213488
4841,0.023084350999852177,23.084350999852177
4842,0.022636253000200668,22.636253000200668
4843,0.03441280800007007,34.41280800007007
4844,0.023519731999840587,23.519731999840587
4845,0.03195159100005185,31.95159100005185
4846,0.024073138999938237,24.073138999938237
4847,0.03320825899982083,33.20825899982083
4848,0.027155604000199673,27.155604000199673
4849,0.021574389000306837,21.574389000306837
4850,0.020265248000214342,20.265248000214342
4851,0.029737952000232326,29.737952000232326
4852,0.027976225999736926,27.976225999736926
4853,0.021444072000122105,21.444072000122105
4854,0.020066009999936796,20.066009999936796
4855,0.029738924999946903,29.738924999946903
4856,0.022766631000195048,22.766631000195048
4857,0.021094169999742007,21.094169999742007
4858,0.02118315200004872,21.18315200004872
4859,0.03271175600002607,32.71175600002607
4860,0.027714934999949037,27.714934999949037
4861,0.02170097699990947,21.70097699990947
4862,0.02033977600012804,20.33977600012804
4863,0.031834667999646626,31.834667999646626
4864,0.027636249999886786,27.636249999886786
4865,0.02076484999997774,20.76484999997774
4866,0.020327411999915057,20.327411999915057
4867,0.027957892000358697,27.957892000358697
4868,0.02800752100029058,28.00752100029058
4869,0.02117636200000561,21.17636200000561
4870,0.02278775000013411,22.78775000013411
4871,0.02912721299981058,29.12721299981058
4872,0.022015997000380594,22.015997000380594
4873,0.022608479000155057,22.608479000155057
4874,0.02127976099973239,21.27976099973239
4875,0.03165779599976304,31.65779599976304
4876,0.027451903999917704,27.451903999917704
4877,0.023683973000061087,23.683973000061087
4878,0.02017579699986527,20.17579699986527
4879,0.03130972400003884,31.30972400003884
4880,0.027192061000278045,27.192061000278045
4881,0.020643476000259398,20.643476000259398
4882,0.02162359700014349,21.62359700014349
4883,0.02994202399986534,29.94202399986534
4884,0.02829716499991264,28.29716499991264
4885,0.021599316999981966,21.599316999981966
4886,0.02090071100019486,20.90071100019486
4887,0.027037517000280786,27.037517000280786
4888,0.031216223000228638,31.216223000228638
4889,0.02169796399994084,21.69796399994084
4890,0.020739376000165066,20.739376000165066
4891,0.029188699999849632,29.188699999849632
4892,0.021099877999859018,21.099877999859018
4893,0.020512224999947648,20.512224999947648
4894,0.021404854000138585,21.404854000138585
4895,0.030094044999714242,30.094044999714242
4896,0.0271450029999869,27.1450029999869
4897,0.02123734199994942,21.23734199994942
4898,0.020973436000076617,20.973436000076617
4899,0.028069632000097045,28.069632000097045
4900,0.028881676999844785,28.881676999844785
4901,0.02130284800023219,21.30284800023219
4902,0.020723899999666173,20.723899999666173
4903,0.02955757800009451,29.55757800009451
4904,0.021202960000209714,21.202960000209714
4905,0.020441029999801685,20.441029999801685
4906,0.021333689000130107,21.333689000130107
4907,0.03123848800032647,31.23848800032647
4908,0.027312390000133746,27.312390000133746
4909,0.021729566999965755,21.729566999965755
4910,0.02082156100004795,20.82156100004795
4911,0.02966366900000139,29.66366900000139
4912,0.030662109999866516,30.662109999866516
4913,0.02140512900041358,21.40512900041358
4914,0.020729124000354204,20.729124000354204
4915,0.0351670660002128,35.1670660002128
4916,0.031930128000112745,31.930128000112745
4917,0.028554179999900953,28.554179999900953
4918,0.030469836000065698,30.469836000065698
4919,0.04999598700032948,49.99598700032948
4920,0.029285704999892914,29.285704999892914
4921,0.030000936999840633,30.000936999840633
4922,0.02912774000014906,29.12774000014906
4923,0.044535263999932795,44.535263999932795
4924,0.022419764999995095,22.419764999995095
4925,0.020740121000017098,20.740121000017098
4926,0.020166548999895895,20.166548999895895
4927,0.031831358000090404,31.831358000090404
4928,0.03492018199995073,34.92018199995073
4929,0.02875721100008377,28.75721100008377
4930,0.02901262100021995,29.01262100021995
4931,0.042082141999799205,42.082141999799205
4932,0.024027192999710678,24.027192999710678
4933,0.0235306319996198,23.5306319996198
4934,0.022577933999855304,22.577933999855304
4935,0.0313364690000526,31.336469000052602
4936,0.026012548999915452,26.012548999915452
4937,0.02251153199995315,22.51153199995315
4938,0.021803317999911087,21.803317999911087
4939,0.030490677999750915,30.490677999750915
4940,0.027723833999971248,27.723833999971248
4941,0.022587877999740158,22.587877999740158
4942,0.02460435900002267,24.60435900002267
4943,0.030130254000141576,30.130254000141576
4944,0.024793975000193313,24.793975000193313
4945,0.023337689000072714,23.337689000072714
4946,0.023073491999639373,23.073491999639373
4947,0.02841115599994737,28.41115599994737
4948,0.028826702000060322,28.826702000060322
4949,0.026538933000210818,26.538933000210818
4950,0.02275203799990777,22.75203799990777
4951,0.037694626999837055,37.694626999837055
4952,0.02623399200001586,26.23399200001586
4953,0.02361371999995754,23.61371999995754
4954,0.022472135000043636,22.472135000043636
4955,0.03081161299996893,30.81161299996893
4956,0.029202154999893537,29.202154999893537
4957,0.022980901000209997,22.980901000209997
4958,0.021994324999923265,21.994324999923265
4959,0.03008716300018932,30.08716300018932
4960,0.02828793200023938,28.28793200023938
4961,0.0235120829997868,23.5120829997868
4962,0.02235159699966971,22.35159699966971
4963,0.030745018000288837,30.745018000288837
4964,0.028289571000186697,28.289571000186697
4965,0.022519570999975258,22.519570999975258
4966,0.022279620000063005,22.279620000063005
4967,0.031175049000012223,31.175049000012223
4968,0.027641324999876815,27.641324999876815
4969,0.024954019999768207,24.954019999768207
4970,0.02280589100018915,22.80589100018915
4971,0.04141957900037596,41.41957900037596
4972,0.024210958999901777,24.210958999901777
4973,0.022897681999893393,22.897681999893393
4974,0.023325414000282763,23.325414000282763
4975,0.031139713999891683,31.139713999891683
4976,0.02809999200007951,28.09999200007951
4977,0.022835130999737885,22.835130999737885
4978,0.02250819400023829,22.50819400023829
4979,0.02916884200021741,29.16884200021741
4980,0.027204576000258385,27.204576000258385
4981,0.022805800999776693,22.805800999776693
4982,0.02214639800013174,22.14639800013174
4983,0.027846981999573472,27.846981999573472
4984,0.028106216000196582,28.106216000196582
4985,0.02241197400007877,22.41197400007877
4986,0.021829219000210287,21.829219000210287
4987,0.029511972999898717,29.511972999898717
4988,0.02833729600024526,28.33729600024526
4989,0.022688411999752134,22.688411999752134
4990,0.022862378999889188,22.862378999889188
4991,0.02897291299996141,28.97291299996141
4992,0.02856536299987056,28.56536299987056
4993,0.022886276000008365,22.886276000008365
4994,0.021964117999687005,21.964117999687005
4995,0.02444341499995062,24.44341499995062
4996,0.030313333999856695,30.313333999856695
4997,0.022404528000151913,22.404528000151913
4998,0.021821276000082435,21.821276000082435
4999,0.028327745999831677,28.327745999831677
5000,0.023135756000101537,23.135756000101537
5001,0.02278151800010164,22.78151800010164
5002,0.02302202800001396,23.02202800001396
5003,0.03134314800036009,31.343148000360088
5004,0.025316951999684534,25.316951999684534
5005,0.02346420699996088,23.46420699996088
5006,0.022669180999855598,22.669180999855598
5007,0.02656685900001321,26.56685900001321
5008,0.029547383000135596,29.547383000135596
5009,0.02252088500017635,22.52088500017635
5010,0.021822539000368124,21.822539000368124
5011,0.029506894999940414,29.506894999940414
5012,0.027543497999886313,27.543497999886313
5013,0.022096714999861433,22.096714999861433
5014,0.022679011000036553,22.679011000036553
5015,0.033810984999945504,33.810984999945504
5016,0.03244428700008939,32.44428700008939
5017,0.022820076999778394,22.820076999778394
5018,0.022261369999796443,22.261369999796443
5019,0.028796402000352828,28.796402000352828
5020,0.02890590600009091,28.90590600009091
5021,0.023080253999978595,23.080253999978595
5022,0.022352512999987084,22.352512999987084
5023,0.029321531999812578,29.321531999812578
5024,0.02866609000011522,28.66609000011522
5025,0.022191688000020804,22.191688000020804
5026,0.02231796000023678,22.31796000023678
5027,0.027343826000105764,27.343826000105764
5028,0.029551241000262962,29.551241000262962
5029,0.022885697999754484,22.885697999754484
5030,0.02200729699961812,22.00729699961812
5031,0.02542794999999387,25.42794999999387
5032,0.03161390500008565,31.61390500008565
5033,0.02308469799982049,23.08469799982049
5034,0.022948907999762014,22.948907999762014
5035,0.029585135000161245,29.585135000161245
5036,0.028393500999754906,28.393500999754906
5037,0.022903759000200807,22.903759000200807
5038,0.022304308000002493,22.304308000002493
5039,0.02656571100033034,26.56571100033034
5040,0.029787777000365168,29.787777000365168
5041,0.024492406999797822,24.492406999797822
5042,0.021995190999859915,21.995190999859915
5043,0.026854163999814773,26.854163999814773
5044,0.029047872999854008,29.047872999854008
5045,0.022590578000290407,22.590578000290407
5046,0.021813727000335348,21.813727000335348
5047,0.026338566000049468,26.338566000049468
5048,0.03125570100019104,31.25570100019104
5049,0.022763132999898517,22.763132999898517
5050,0.023040780999963317,23.040780999963317
5051,0.028329738000138605,28.329738000138605
5052,0.028437799000130326,28.437799000130326
5053,0.022632611000062752,22.632611000062752
5054,0.022141701000236935,22.141701000236935
5055,0.024627942999813968,24.627942999813968
5056,0.031627506999939214,31.627506999939214
5057,0.02236575000006269,22.36575000006269
5058,0.02169529600041642,21.69529600041642
5059,0.026680092999868066,26.680092999868066
5060,0.030219238999961817,30.219238999961817
5061,0.02266048999990744,22.66048999990744
5062,0.022925924999981362,22.925924999981362
5063,0.026423582999996142,26.423582999996142
5064,0.02943835299993225,29.43835299993225
5065,0.023377354000331252,23.377354000331252
5066,0.022737991999747464,22.737991999747464
5067,0.024739491999753227,24.739491999753227
5068,0.030176276000020152,30.176276000020152
5069,0.02262783300011506,22.62783300011506
5070,0.02185632100008661,21.85632100008661
5071,0.026876747999722284,26.876747999722284
5072,0.022408401000120648,22.408401000120648
5073,0.02241751799965641,22.41751799965641
5074,0.02236273300013636,22.36273300013636
5075,0.030206421999992017,30.206421999992017
5076,0.02777486399963891,27.77486399963891
5077,0.023556600000119943,23.556600000119943
5078,0.022628266000083386,22.628266000083386
5079,0.055917501999829256,55.917501999829256
5080,0.10742046399991523,107.42046399991523
5081,0.04250979600010396,42.50979600010396
5082,0.025971805000153836,25.971805000153836
5083,0.024741166999774578,24.741166999774578
5084,0.030694807000145374,30.694807000145374
5085,0.023357442999895284,23.357442999895284
5086,0.023688005000167323,23.688005000167323
5087,0.03056643299987627,30.56643299987627
5088,0.02749871300011364,27.49871300011364
5089,0.023364800999843283,23.364800999843283
5090,0.02209686900005181,22.09686900005181
5091,0.02975681399993846,29.75681399993846
5092,0.028478727999754483,28.478727999754483
5093,0.022478266000234726,22.478266000234726
5094,0.02167831999986447,21.67831999986447
5095,0.029022065999924962,29.022065999924962
5096,0.02756364399965605,27.56364399965605
5097,0.022234010999909515,22.234010999909515
5098,0.02234991200020886,22.34991200020886
5099,0.028530796999802988,28.530796999802988
5100,0.028297482999732892,28.297482999732892
5101,0.023351940999873477,23.351940999873477
5102,0.023039578999942023,23.039578999942023
5103,0.0288867780000146,28.8867780000146
5104,0.030033483000352135,30.033483000352135
5105,0.022297139999864157,22.297139999864157
5106,0.021701309000036417,21.701309000036417
5107,0.028902512000058778,28.902512000058778
5108,0.027495657000145002,27.495657000145002
5109,0.022130572000151005,22.130572000151005
5110,0.02236559600032706,22.36559600032706
5111,0.026625542000147107,26.625542000147107
5112,0.029076712999994925,29.076712999994925
5113,0.02300460300011764,23.00460300011764
5114,0.021988203000091744,21.988203000091744
5115,0.025840874000095937,25.840874000095937
5116,0.029565954000190686,29.565954000190686
5117,0.02293604900023638,22.93604900023638
5118,0.022307673999875988,22.307673999875988
5119,0.02998684999965917,29.98684999965917
5120,0.023789469999883295,23.789469999883295
5121,0.022118701000181318,22.118701000181318
5122,0.022319401999993715,22.319401999993715
5123,0.03367907899973943,33.67907899973943
5124,0.023262318999968556,23.262318999968556
5125,0.023243597999680787,23.243597999680787
5126,0.022635858999819902,22.635858999819902
5127,0.031291954000153055,31.291954000153055
5128,0.02381726700014042,23.81726700014042
5129,0.022919986000033532,22.919986000033532
5130,0.022000205000040296,22.000205000040296
5131,0.030530732000443095,30.530732000443095
5132,0.024632571999973152,24.632571999973152
5133,0.022323962999962532,22.323962999962532
5134,0.02339713399987886,23.39713399987886
5135,0.029181116000017937,29.181116000017937
5136,0.03821518799986734,38.21518799986734
5137,0.021537974999773724,21.537974999773724
5138,0.024057010999968043,24.057010999968043
5139,0.03167720500005089,31.67720500005089
5140,0.02762439699972674,27.62439699972674
5141,0.02085979399998905,20.85979399998905
5142,0.020152362999851903,20.152362999851903
5143,0.02895974999955797,28.95974999955797
5144,0.021676057999684417,21.676057999684417
5145,0.020388782999816613,20.388782999816613
5146,0.030104891000064526,30.104891000064526
5147,0.033270593999986886,33.270593999986886
5148,0.022325692999856983,22.325692999856983
5149,0.021826525000051333,21.826525000051333
5150,0.021160236000014265,21.160236000014265
5151,0.032586756000000605,32.586756000000605
5152,0.02293907900002523,22.93907900002523
5153,0.021330758999738464,21.330758999738464
5154,0.020440721999875677,20.440721999875677
5155,0.03256343300017761,32.56343300017761
5156,0.02732209400028296,27.32209400028296
5157,0.020816157999888674,20.816157999888674
5158,0.0206890689996726,20.6890689996726
5159,0.030008387000179937,30.008387000179937
5160,0.02759987999979785,27.59987999979785
5161,0.021270028999879287,21.270028999879287
5162,0.021110111999860237,21.110111999860237
5163,0.029049800999928266,29.049800999928266
5164,0.022213561000171467,22.213561000171467
5165,0.021290804999807733,21.290804999807733
5166,0.02097849200026758,20.97849200026758
5167,0.03334434100042927,33.34434100042927
5168,0.027423342000020057,27.423342000020057
5169,0.02040729200007263,20.40729200007263
5170,0.020638860999952158,20.638860999952158
5171,0.029861395999887463,29.861395999887463
5172,0.0359859109998979,35.9859109998979
5173,0.021836965000147757,21.836965000147757
5174,0.0202476019999267,20.2476019999267
5175,0.031890476000171475,31.890476000171475
5176,0.02792201300007946,27.92201300007946
5177,0.02114801500010799,21.14801500010799
5178,0.020907135000015842,20.907135000015842
5179,0.032609978999971645,32.609978999971645
5180,0.02800827000010031,28.00827000010031
5181,0.021960865999972157,21.960865999972157
5182,0.021423125000183063,21.423125000183063
5183,0.030222202000004472,30.222202000004472
5184,0.0341533740001978,34.1533740001978
5185,0.02778302300021096,27.78302300021096
5186,0.020669506000103866,20.669506000103866
5187,0.0283087660000092,28.3087660000092
5188,0.025597323999591026,25.597323999591026
5189,0.020680191999872477,20.680191999872477
5190,0.020714472999770805,20.714472999770805
5191,0.031028440999762097,31.028440999762097
5192,0.027690485000221088,27.690485000221088
5193,0.021046629000011308,21.046629000011308
5194,0.021200523000061366,21.200523000061366
5195,0.029060377000405424,29.060377000405424
5196,0.028305274000103964,28.305274000103964
5197,0.021281821000229684,21.281821000229684
5198,0.02055161800035421,20.55161800035421
5199,0.028351055000257475,28.351055000257475
5200,0.0222005169998738,22.2005169998738
5201,0.021061961999748746,21.061961999748746
5202,0.02017684399970676,20.17684399970676
5203,0.03309321300002921,33.09321300002921
5204,0.02755568799966568,27.55568799966568
5205,0.021034453999618563,21.034453999618563
5206,0.02123715399966386,21.23715399966386
5207,0.03189757699965412,31.89757699965412
5208,0.02734258000009504,27.34258000009504
5209,0.021488866999789025,21.488866999789025
5210,0.020592891999967833,20.592891999967833
5211,0.028803473999687412,28.803473999687412
5212,0.022452373999840347,22.452373999840347
5213,0.0210225780001565,21.0225780001565
5214,0.020251564999853144,20.251564999853144
5215,0.03222000799996749,32.22000799996749
5216,0.027069515000221145,27.069515000221145
5217,0.021531530000174826,21.531530000174826
5218,0.021455120000155148,21.455120000155148
5219,0.02980756300030407,29.80756300030407
5220,0.028022059999784688,28.022059999784688
5221,0.021883260999857157,21.883260999857157
5222,0.02097512000000279,20.97512000000279
5223,0.026991485000053217,26.991485000053217
5224,0.029374711999935244,29.374711999935244
5225,0.02094272500016814,20.94272500016814
5226,0.020563430000038352,20.563430000038352
5227,0.028685296999810816,28.685296999810816
5228,0.026733659999990778,26.733659999990778
5229,0.02032187699978749,20.32187699978749
5230,0.02059083099993586,20.59083099993586
5231,0.030220823000036035,30.220823000036035
5232,0.027849901000081445,27.849901000081445
5233,0.021479512000041723,21.479512000041723
5234,0.020836307000081433,20.836307000081433
5235,0.029239229000268097,29.239229000268097
5236,0.022249777000070026,22.249777000070026
5237,0.02072902099962448,20.72902099962448
5238,0.020050010999966617,20.050010999966617
5239,0.03336484700002984,33.36484700002984
5240,0.027199966000353015,27.199966000353015
5241,0.02062597799977084,20.62597799977084
5242,0.02246533100014858,22.46533100014858
5243,0.029956966000099783,29.956966000099783
5244,0.027534490999642003,27.534490999642003
5245,0.022057018999930733,22.057018999930733
5246,0.020743024999774207,20.743024999774207
5247,0.027354197000022396,27.354197000022396
5248,0.02983679499993741,29.83679499993741
5249,0.02158368500022334,21.58368500022334
5250,0.020729395000216755,20.729395000216755
5251,0.031502553000336775,31.502553000336775
5252,0.023188497999854008,23.188497999854008
5253,0.02274886899976991,22.74886899976991
5254,0.023270647000117606,23.270647000117606
5255,0.04437626300023112,44.37626300023112
5256,0.02685604999987845,26.85604999987845
5257,0.024527841999770317,24.527841999770317
5258,0.022526567000113573,22.526567000113573
5259,0.03390588000002026,33.90588000002026
5260,0.025721497000176896,25.721497000176896
5261,0.027366446999621985,27.366446999621985
5262,0.02392081900006815,23.92081900006815
5263,0.04719728400004897,47.19728400004897
5264,0.024335136999980023,24.335136999980023
5265,0.022805494999829534,22.805494999829534
5266,0.022790292000081536,22.790292000081536
5267,0.028467523000017536,28.467523000017536
5268,0.022963683999932982,22.963683999932982
5269,0.022690740999678383,22.690740999678383
5270,0.021917572999882395,21.917572999882395
5271,0.029773116999876947,29.773116999876947
5272,0.028144422999957897,28.144422999957897
5273,0.022336518999964028,22.336518999964028
5274,0.026650859000255878,26.650859000255878
5275,0.03530834100001812,35.30834100001812
5276,0.023662189999868133,23.662189999868133
5277,0.022852489000342757,22.852489000342757
5278,0.022784690000207775,22.784690000207775
5279,0.024910070999794698,24.910070999794698
5280,0.03406537399996523,34.06537399996523
5281,0.023314929000207485,23.314929000207485
5282,0.02262029800021992,22.62029800021992
5283,0.02739460800012239,27.39460800012239
5284,0.022906736000095407,22.906736000095407
5285,0.02241831999981514,22.41831999981514
5286,0.021845017000032385,21.845017000032385
5287,0.029698101000121824,29.698101000121824
5288,0.02675520399998277,26.75520399998277
5289,0.024104645000079472,24.104645000079472
5290,0.023234814000261395,23.234814000261395
5291,0.02946225100004085,29.46225100004085
5292,0.028215264000209572,28.215264000209572
5293,0.0231659060000311,23.1659060000311
5294,0.023209602999941126,23.209602999941126
5295,0.029252584999994724,29.252584999994724
5296,0.028923248999944917,28.923248999944917
5297,0.022364918000221223,22.364918000221223
5298,0.021841078999841557,21.841078999841557
5299,0.029574185999990732,29.574185999990732
5300,0.027885738000350102,27.885738000350102
5301,0.022468096000011428,22.46809600001143
5302,0.022260235999965516,22.260235999965516
5303,0.028848697999819706,28.848697999819706
5304,0.02740607199984879,27.40607199984879
5305,0.022655119999853923,22.655119999853923
5306,0.021955148000415647,21.955148000415647
5307,0.030073750999690674,30.073750999690674
5308,0.0337408420000429,33.7408420000429
5309,0.0265191280000181,26.5191280000181
5310,0.023178556999937427,23.178556999937427
5311,0.03222428500021124,32.22428500021124
5312,0.027990884000246297,27.990884000246297
5313,0.022680688000036753,22.680688000036753
5314,0.02290995200019097,22.90995200019097
5315,0.029229867999674752,29.229867999674752
5316,0.02752109199991537,27.52109199991537
5317,0.022669369999675837,22.669369999675837
5318,0.02198426799986919,21.98426799986919
5319,0.025008175000039046,25.008175000039046
5320,0.0339037910002844,33.9037910002844
5321,0.023631209999621205,23.631209999621205
5322,0.022577057000034984,22.577057000034984
5323,0.03669367299971782,36.69367299971782
5324,0.023677860000134388,23.677860000134388
5325,0.022008637999988423,22.008637999988423
5326,0.022252504999869416,22.252504999869416
5327,0.033805853000103525,33.805853000103525
5328,0.02349237299995366,23.49237299995366
5329,0.022966015999827505,22.966015999827505
5330,0.023115696999866486,23.115696999866486
5331,0.03822523500002717,38.22523500002717
5332,0.024355769000067085,24.355769000067085
5333,0.02319794799996089,23.19794799996089
5334,0.022322984999846085,22.322984999846085
5335,0.03383341200014911,33.83341200014911
5336,0.02388559799965151,23.88559799965151
5337,0.022106527000232745,22.106527000232745
5338,0.022216142999695876,22.216142999695876
5339,0.026319940000121278,26.319940000121278
5340,0.027911216000120476,27.911216000120476
5341,0.022646573000201897,22.646573000201897
5342,0.021932642000138003,21.932642000138003
5343,0.02910230399993452,29.10230399993452
5344,0.03075338600001487,30.75338600001487
5345,0.023646714999813412,23.646714999813412
5346,0.02228754999987359,22.28754999987359
5347,0.03685772500011808,36.85772500011808
5348,0.02321872699985761,23.21872699985761
5349,0.02212973600035184,22.12973600035184
5350,0.022608692000176234,22.608692000176234
5351,0.03649897300010707,36.49897300010707
5352,0.022595746999741095,22.595746999741095
5353,0.022869432999868877,22.869432999868877
5354,0.027337211000030948,27.337211000030948
5355,0.04494270800023514,44.94270800023514
5356,0.023457765999864932,23.457765999864932
5357,0.021237994000330218,21.237994000330218
5358,0.020843625999987125,20.843625999987125
5359,0.033495808000225225,33.495808000225225
5360,0.02231925899968701,22.31925899968701
5361,0.02137060700033544,21.37060700033544
5362,0.021051250999789772,21.051250999789772
5363,0.03193626500024038,31.936265000240383
5364,0.026837408000119467,26.837408000119467
5365,0.021222716000011133,21.222716000011133
5366,0.020170952000171383,20.170952000171383
5367,0.025728842999797052,25.728842999797052
5368,0.03079973300009442,30.79973300009442
5369,0.027084926000043197,27.084926000043197
5370,0.020394453999870166,20.394453999870166
5371,0.03177423900024223,31.774239000242233
5372,0.028247216000181652,28.247216000181652
5373,0.024271290999877237,24.271290999877237
5374,0.021001516000069387,21.001516000069387
5375,0.030035190000035072,30.035190000035072
5376,0.026897440000084316,26.897440000084316
5377,0.021866790000331093,21.866790000331093
5378,0.020595850000063365,20.595850000063365
5379,0.031092923999949562,31.092923999949562
5380,0.02159788099970683,21.59788099970683
5381,0.02188699899988933,21.88699899988933
5382,0.02016975500009721,20.16975500009721
5383,0.032723831000112114,32.72383100011211
5384,0.027696423000179493,27.696423000179493
5385,0.021227103999990504,21.227103999990504
5386,0.021283717000187607,21.283717000187607
5387,0.03167301899975428,31.673018999754277
5388,0.027168323999831046,27.168323999831046
5389,0.021536280999953306,21.536280999953306
5390,0.020565445000102045,20.565445000102045
5391,0.026367203000063455,26.367203000063455
5392,0.030012464999799704,30.012464999799704
5393,0.020889561000331014,20.889561000331014
5394,0.020151620999968145,20.151620999968145
5395,0.02855798800010234,28.55798800010234
5396,0.024334012000053917,24.334012000053917
5397,0.021144971000012447,21.144971000012447
5398,0.02103330799991454,21.03330799991454
5399,0.031176295000022947,31.176295000022947
5400,0.027151186999617494,27.151186999617494
5401,0.021604054999897926,21.604054999897926
5402,0.02148354399969321,21.48354399969321
5403,0.02773531999991974,27.73531999991974
5404,0.029678018000140582,29.678018000140582
5405,0.020623054999759916,20.623054999759916
5406,0.02003216599996449,20.03216599996449
5407,0.02886158199999045,28.86158199999045
5408,0.024867953000011767,24.867953000011767
5409,0.02061392199993861,20.61392199993861
5410,0.0211412849998851,21.1412849998851
5411,0.03419747099997039,34.19747099997039
5412,0.026943685000333062,26.943685000333062
5413,0.02156864200014752,21.56864200014752
5414,0.02120808700010457,21.20808700010457
5415,0.03284311599963985,32.84311599963985
5416,0.02828027599980487,28.28027599980487
5417,0.020746864999637182,20.746864999637182
5418,0.019937766999646556,19.937766999646556
5419,0.031231368000135262,31.231368000135262
5420,0.027017538999643875,27.017538999643875
5421,0.020717332999993232,20.717332999993232
5422,0.020726170999751048,20.726170999751048
5423,0.029251442000258976,29.251442000258976
5424,0.02174149100028444,21.74149100028444
5425,0.02170469399970898,21.70469399970898
5426,0.02079190099993866,20.79190099993866
5427,0.032846493999841186,32.84649399984119
5428,0.03820294500019372,38.20294500019372
5429,0.023743455999920116,23.743455999920116
5430,0.024492128000019875,24.492128000019875
