image_index,forward_latency_seconds,forward_latency_ms
0,0.026890871000432526,26.890871000432526
1,0.027641163999760465,27.641163999760465
2,0.0218788370002585,21.8788370002585
3,0.02139596699998947,21.39596699998947
4,0.026457546000528964,26.457546000528964
5,0.027151199000400084,27.151199000400084
6,0.02098972300063906,20.98972300063906
7,0.02118434700059879,21.18434700059879
8,0.02817875999971875,28.17875999971875
9,0.030374330999620724,30.374330999620724
10,0.021153649000552832,21.153649000552832
11,0.021817466000356944,21.817466000356944
12,0.02547241499996744,25.47241499996744
13,0.029835820999323914,29.835820999323914
14,0.02221745299993927,22.21745299993927
15,0.021324158999959764,21.324158999959764
16,0.026495084000089264,26.495084000089264
17,0.02714810999987094,27.14810999987094
18,0.021734054000262404,21.734054000262404
19,0.021243276999484806,21.243276999484806
20,0.024709760999940045,24.709760999940045
21,0.028638759999921604,28.638759999921604
22,0.031008378000478842,31.008378000478842
23,0.021667684999556514,21.667684999556514
24,0.028510830999948666,28.510830999948666
25,0.03588183499959996,35.88183499959996
26,0.02565542499996809,25.65542499996809
27,0.022023911000360386,22.023911000360386
28,0.02624844000001758,26.24844000001758
29,0.030509023999911733,30.509023999911733
30,0.021621013000185485,21.621013000185485
31,0.021436593000544235,21.436593000544235
32,0.033777599000131886,33.777599000131886
33,0.022761346999686793,22.761346999686793
34,0.02170027800002572,21.70027800002572
35,0.021743835999586736,21.743835999586736
36,0.031203360999825236,31.203360999825236
37,0.027794906000053743,27.794906000053743
38,0.022178037000230688,22.178037000230688
39,0.021397911999883945,21.397911999883945
40,0.02795950899962918,27.95950899962918
41,0.02801582700067229,28.01582700067229
42,0.021479363000253215,21.479363000253215
43,0.0215189790005752,21.5189790005752
44,0.02511839199996757,25.11839199996757
45,0.031725222999739344,31.725222999739344
46,0.021646822000548127,21.646822000548127
47,0.021875061000173446,21.875061000173446
48,0.034202455999547965,34.202455999547965
49,0.022125074999166827,22.125074999166827
50,0.021947694000118645,21.947694000118645
51,0.021472024000104284,21.472024000104284
52,0.030041238000194426,30.041238000194426
53,0.027763944999605883,27.763944999605883
54,0.021869609000532364,21.869609000532364
55,0.021629570000186504,21.629570000186504
56,0.02844373199968686,28.44373199968686
57,0.027454952999505622,27.454952999505622
58,0.02137705499990261,21.37705499990261
59,0.021245748000183085,21.245748000183085
60,0.027464630999929796,27.464630999929796
61,0.02206784800000605,22.06784800000605
62,0.02257964999989781,22.57964999989781
63,0.02249415799997223,22.49415799997223
64,0.031304690999604645,31.304690999604645
65,0.027144687000145495,27.144687000145495
66,0.02178695800012065,21.78695800012065
67,0.021138686999620404,21.138686999620404
68,0.02859057799923903,28.59057799923903
69,0.027789579999989655,27.789579999989655
70,0.021954233000542445,21.954233000542445
71,0.02159443900018232,21.59443900018232
72,0.03193975100020907,31.93975100020907
73,0.02123921699967468,21.23921699967468
74,0.020374108999931195,20.374108999931195
75,0.019417542000155663,19.417542000155663
76,0.03292583700022078,32.92583700022078
77,0.026803253999787557,26.803253999787557
78,0.023900755999420653,23.900755999420653
79,0.019579349999730766,19.579349999730766
80,0.03451823599971249,34.51823599971249
81,0.02176206399963121,21.76206399963121
82,0.021230256000308145,21.230256000308145
83,0.021818504000293615,21.818504000293615
84,0.031894122999801766,31.894122999801766
85,0.021662535999894317,21.662535999894317
86,0.02204496000013023,22.04496000013023
87,0.021498580000297807,21.498580000297807
88,0.02777453599992441,27.77453599992441
89,0.02956752600039181,29.56752600039181
90,0.021390726000390714,21.390726000390714
91,0.021006077999118133,21.006077999118133
92,0.025735412000358338,25.735412000358338
93,0.03142313899934379,31.42313899934379
94,0.02163361699967936,21.63361699967936
95,0.021666703999471792,21.666703999471792
96,0.03552149700044538,35.52149700044538
97,0.022132996000436833,22.132996000436833
98,0.02203116999953636,22.03116999953636
99,0.021358135000809852,21.358135000809852
100,0.02955830200062337,29.55830200062337
101,0.02728158399986569,27.28158399986569
102,0.021695528000236664,21.695528000236664
103,0.02123050099999091,21.23050099999091
104,0.02746807799940143,27.46807799940143
105,0.029755651999948896,29.755651999948896
106,0.0217556429997785,21.7556429997785
107,0.021567795000009937,21.567795000009937
108,0.02505922799991822,25.05922799991822
109,0.03817212100057077,38.17212100057077
110,0.021634575000462064,21.634575000462064
111,0.02146194299984927,21.46194299984927
112,0.0248410550002518,24.8410550002518
113,0.0316256969999813,31.6256969999813
114,0.02141998800016154,21.41998800016154
115,0.02135317199918063,21.35317199918063
116,0.026658288000362518,26.658288000362518
117,0.026646848999916983,26.646848999916983
118,0.021277822000229207,21.277822000229207
119,0.02178091099995072,21.78091099995072
120,0.027787386999989394,27.787386999989394
121,0.028370922000249266,28.370922000249266
122,0.02701395500025683,27.01395500025683
123,0.02265502699992794,22.65502699992794
124,0.03090305600017018,30.90305600017018
125,0.03488017600011517,34.88017600011517
126,0.02167623100012861,21.67623100012861
127,0.021639981000589614,21.639981000589614
128,0.031919628000650846,31.919628000650846
129,0.02238530599970545,22.38530599970545
130,0.021070011999654525,21.070011999654525
131,0.021138985000106914,21.138985000106914
132,0.02800713499982521,28.00713499982521
133,0.028080381999643578,28.080381999643578
134,0.022297330999208498,22.297330999208498
135,0.021010076000493427,21.010076000493427
136,0.024821289000101388,24.821289000101388
137,0.02985583299960126,29.85583299960126
138,0.021058111999991524,21.058111999991524
139,0.02087071299956733,20.87071299956733
140,0.026972535999448155,26.972535999448155
141,0.027484501999424538,27.484501999424538
142,0.022101220999502402,22.101220999502402
143,0.021769078000033915,21.769078000033915
144,0.029061422000268067,29.061422000268067
145,0.02797637100047723,27.97637100047723
146,0.02321611600018514,23.21611600018514
147,0.022901661999640055,22.901661999640055
148,0.02346217299964337,23.46217299964337
149,0.03374392200021248,33.74392200021248
150,0.02334622699981992,23.34622699981992
151,0.022208410999155603,22.208410999155603
152,0.03098183899965079,30.98183899965079
153,0.027957513999353978,27.957513999353978
154,0.022732442000233277,22.732442000233277
155,0.023028343999612844,23.028343999612844
156,0.031106813000405964,31.106813000405964
157,0.028715399999782676,28.715399999782676
158,0.02322831500077882,23.22831500077882
159,0.022993481999947107,22.993481999947107
160,0.03341795199958142,33.41795199958142
161,0.0241351949998716,24.1351949998716
162,0.023358962000202155,23.358962000202155
163,0.022516944000017247,22.516944000017247
164,0.028293422999922768,28.293422999922768
165,0.026054809000015666,26.054809000015666
166,0.022866101999170496,22.866101999170496
167,0.02671680399998877,26.71680399998877
168,0.02847596599985991,28.47596599985991
169,0.02402263100066193,24.02263100066193
170,0.023710629000561312,23.710629000561312
171,0.022257988999626832,22.257988999626832
172,0.03123075900020922,31.23075900020922
173,0.023258098000042082,23.258098000042082
174,0.022970907999479095,22.970907999479095
175,0.022239930000068853,22.239930000068853
176,0.03701579399967159,37.01579399967159
177,0.024832045000039216,24.832045000039216
178,0.023299333000068145,23.299333000068145
179,0.022843907000606123,22.843907000606123
180,0.03729758700046659,37.29758700046659
181,0.028928742000061902,28.928742000061902
182,0.022847686000204703,22.847686000204703
183,0.022277453999777208,22.277453999777208
184,0.029431100999318005,29.431100999318005
185,0.028690221999568166,28.690221999568166
186,0.02290766399983113,22.90766399983113
187,0.02227278899954399,22.27278899954399
188,0.03110693100006756,31.10693100006756
189,0.028852205000475806,28.852205000475806
190,0.02330946500023856,23.30946500023856
191,0.02374918300029094,23.74918300029094
192,0.03313766700011911,33.13766700011911
193,0.02361267400010547,23.61267400010547
194,0.026974194000104035,26.974194000104035
195,0.025505577999865636,25.505577999865636
196,0.04753568100022676,47.53568100022676
197,0.024569971000346413,24.569971000346413
198,0.023165405000327155,23.165405000327155
199,0.024571256999479374,24.571256999479374
200,0.030616967000241857,30.616967000241857
201,0.03201649600032397,32.01649600032397
202,0.023566001999824948,23.566001999824948
203,0.023006276000160142,23.006276000160142
204,0.03201406700009102,32.01406700009102
205,0.025395096000465855,25.395096000465855
206,0.023608415000126115,23.608415000126115
207,0.023754544999974314,23.754544999974314
208,0.026083830000061425,26.083830000061425
209,0.03690379300041968,36.90379300041968
210,0.022583154999665567,22.583154999665567
211,0.022047879999263387,22.047879999263387
212,0.02604396100014128,26.04396100014128
213,0.031376788000670786,31.376788000670786
214,0.023457981000319705,23.457981000319705
215,0.02289975300027436,22.89975300027436
216,0.029925171999821032,29.925171999821032
217,0.02886242000022321,28.86242000022321
218,0.02393371499965724,23.93371499965724
219,0.022892423000484996,22.892423000484996
220,0.029992053000569285,29.992053000569285
221,0.029825130000062927,29.825130000062927
222,0.023406332999911683,23.406332999911683
223,0.023069687000315753,23.069687000315753
224,0.032695760000024165,32.695760000024165
225,0.024966789000245626,24.966789000245626
226,0.022731699999894772,22.731699999894772
227,0.02330713100036519,23.30713100036519
228,0.026047121999908995,26.047121999908995
229,0.03824113900009252,38.24113900009252
230,0.02374677599982533,23.74677599982533
231,0.02251793599953089,22.51793599953089
232,0.03659799699926225,36.59799699926225
233,0.02560485800040624,25.60485800040624
234,0.022774809000111418,22.774809000111418
235,0.025127406000137853,25.127406000137853
236,0.03523049199975503,35.23049199975503
237,0.0236100729998725,23.6100729998725
238,0.022586160999708227,22.586160999708227
239,0.022835798999949475,22.835798999949475
240,0.03957040000022971,39.57040000022971
241,0.024824260999594117,24.824260999594117
242,0.02371992799999134,23.71992799999134
243,0.02297713499956444,22.97713499956444
244,0.03683045599973411,36.83045599973411
245,0.02953886999966926,29.53886999966926
246,0.022949905999666953,22.949905999666953
247,0.022670139000183553,22.670139000183553
248,0.039760069999829284,39.760069999829284
249,0.022422185999857902,22.422185999857902
250,0.021120323999639368,21.120323999639368
251,0.020948148999195837,20.948148999195837
252,0.03391053700033808,33.91053700033808
253,0.02294037199953891,22.94037199953891
254,0.02156758599994646,21.56758599994646
255,0.020642501000111224,20.642501000111224
256,0.03300519499953225,33.00519499953225
257,0.02878311200038297,28.78311200038297
258,0.022436276000007638,22.436276000007638
259,0.021101051000187,21.101051000187
260,0.032802900999740814,32.802900999740814
261,0.02852145199994993,28.52145199994993
262,0.02104150499962998,21.04150499962998
263,0.02076456800023152,20.76456800023152
264,0.03041819800000667,30.41819800000667
265,0.028149919000497903,28.149919000497903
266,0.02547447500000999,25.47447500000999
267,0.028921449999870674,28.921449999870674
268,0.03273616899969056,32.73616899969056
269,0.04710095300015382,47.10095300015382
270,0.023086593999323668,23.086593999323668
271,0.02092276899929857,20.92276899929857
272,0.03683934099990438,36.83934099990438
273,0.02570718799961469,25.70718799961469
274,0.027237139999670035,27.237139999670035
275,0.020974467000087316,20.974467000087316
276,0.02754594999987603,27.54594999987603
277,0.0306151980003051,30.6151980003051
278,0.021149592000256234,21.149592000256234
279,0.02146541599995544,21.46541599995544
280,0.031232495000040217,31.232495000040217
281,0.023233429999891086,23.233429999891086
282,0.02156030500009365,21.56030500009365
283,0.02118614700066246,21.18614700066246
284,0.03375423500074248,33.75423500074248
285,0.023258388000613195,23.258388000613195
286,0.02247235999948316,22.47235999948316
287,0.021499039999980596,21.499039999980596
288,0.03234165799949551,32.34165799949551
289,0.027837378999720386,27.837378999720386
290,0.02143714099929639,21.43714099929639
291,0.02063530100076605,20.63530100076605
292,0.03158997199989244,31.58997199989244
293,0.03435394999996788,34.35394999996788
294,0.029478907999873627,29.478907999873627
295,0.028991616999519465,28.991616999519465
296,0.041343344000779325,41.343344000779325
297,0.037415193999549956,37.415193999549956
298,0.027718001999346598,27.718001999346598
299,0.024538448999919638,24.538448999919638
300,0.044805697999436234,44.805697999436234
301,0.025406106000446016,25.406106000446016
302,0.023309014000005845,23.309014000005845
303,0.0222130060001291,22.2130060001291
304,0.030571190000046045,30.571190000046045
305,0.02924635199997283,29.24635199997283
306,0.02596045999962371,25.96045999962371
307,0.028686020000350254,28.686020000350254
308,0.057191744999727234,57.191744999727234
309,0.02384561799954099,23.84561799954099
310,0.02252627300003951,22.52627300003951
311,0.022864482999466418,22.864482999466418
312,0.030918823000320117,30.918823000320117
313,0.02779977099999087,27.79977099999087
314,0.02313517699985823,23.13517699985823
315,0.022206473999176524,22.206473999176524
316,0.028225592999660876,28.225592999660876
317,0.02874445699944772,28.74445699944772
318,0.023129971999878762,23.129971999878762
319,0.022461190999820246,22.461190999820246
320,0.031441545999769005,31.441545999769005
321,0.028525032000288775,28.525032000288775
322,0.0235944969999764,23.5944969999764
323,0.022833637000076124,22.833637000076124
324,0.030188888999873598,30.188888999873598
325,0.027895404000446433,27.895404000446433
326,0.023141117999330163,23.141117999330163
327,0.02229393100060406,22.29393100060406
328,0.0304467999994813,30.4467999994813
329,0.02910589600014646,29.10589600014646
330,0.023510828999860678,23.510828999860678
331,0.022856098000374914,22.856098000374914
332,0.03417143399929046,34.17143399929046
333,0.024306712999532465,24.306712999532465
334,0.023079548999703547,23.079548999703547
335,0.02284549700016214,22.84549700016214
336,0.035455659999570344,35.455659999570344
337,0.023191293999843765,23.191293999843765
338,0.02345547900040401,23.45547900040401
339,0.02326523699957761,23.26523699957761
340,0.02895230099966284,28.95230099966284
341,0.02392340099959256,23.92340099959256
342,0.023207569999613042,23.207569999613042
343,0.02276596400042763,22.76596400042763
344,0.028028046999679646,28.028046999679646
345,0.0275013989994477,27.5013989994477
346,0.023286679000193544,23.286679000193544
347,0.022569102000488783,22.569102000488783
348,0.03150919499967131,31.50919499967131
349,0.023864013999627787,23.864013999627787
350,0.023595667000336107,23.595667000336107
351,0.022906765000698215,22.906765000698215
352,0.024524275999283418,24.524275999283418
353,0.024923723000028986,24.923723000028986
354,0.12614051799937442,126.14051799937442
355,0.05189034100021672,51.89034100021672
356,0.04166031400018255,41.66031400018255
357,0.028806961999180203,28.806961999180203
358,0.02916629900028056,29.16629900028056
359,0.04689245600002323,46.89245600002323
360,0.02451012700021238,24.51012700021238
361,0.022501594999994268,22.501594999994268
362,0.038218950000555196,38.218950000555196
363,0.023024909000014304,23.024909000014304
364,0.02272564200029592,22.72564200029592
365,0.023259951999534678,23.259951999534678
366,0.026573488999929396,26.573488999929396
367,0.029791190999276296,29.791190999276296
368,0.023279441999875417,23.279441999875417
369,0.022839687999294256,22.839687999294256
370,0.026728283999545965,26.728283999545965
371,0.03626194200023747,36.26194200023747
372,0.02272472100048617,22.72472100048617
373,0.022241635000682436,22.241635000682436
374,0.030199681999874883,30.199681999874883
375,0.028691120999610575,28.691120999610575
376,0.022859759000311897,22.859759000311897
377,0.022858560000713624,22.858560000713624
378,0.03083255200090207,30.83255200090207
379,0.028616662000786164,28.616662000786164
380,0.023868418000347447,23.868418000347447
381,0.022844064999844704,22.844064999844704
382,0.029657781999958388,29.657781999958388
383,0.026478953000150796,26.478953000150796
384,0.02280164599960699,22.80164599960699
385,0.02242084600038652,22.42084600038652
386,0.03099628699965251,30.99628699965251
387,0.02729666899995209,27.29666899995209
388,0.023990247000256204,23.990247000256204
389,0.022778227000344486,22.778227000344486
390,0.03201636000085273,32.01636000085273
391,0.02356564499950764,23.56564499950764
392,0.02324951399987185,23.24951399987185
393,0.023155065999162616,23.155065999162616
394,0.03462058999957662,34.62058999957662
395,0.024020691999794508,24.020691999794508
396,0.022644993000540126,22.644993000540126
397,0.02290882099987357,22.90882099987357
398,0.028051264999703562,28.051264999703562
399,0.02373721599997225,23.73721599997225
400,0.023410030000377446,23.410030000377446
401,0.023282655000002705,23.282655000002705
402,0.031494242000007944,31.494242000007944
403,0.023598965000019234,23.598965000019234
404,0.023275053999896045,23.275053999896045
405,0.022530348999680427,22.530348999680427
406,0.03035807499963994,30.35807499963994
407,0.0246072030004143,24.6072030004143
408,0.02285839300020598,22.85839300020598
409,0.021771456000351463,21.771456000351463
410,0.03130193000015424,31.301930000154243
411,0.02720788500027993,27.20788500027993
412,0.02307648500027426,23.07648500027426
413,0.02275971400013077,22.75971400013077
414,0.03184197199971095,31.84197199971095
415,0.024005412999940745,24.005412999940745
416,0.023852313000134018,23.852313000134018
417,0.022831926000435487,22.831926000435487
418,0.03284148100010498,32.84148100010498
419,0.024126985000293644,24.126985000293644
420,0.022996859999693697,22.996859999693697
421,0.02289448900046409,22.89448900046409
422,0.028318175000094925,28.318175000094925
423,0.02352820000032807,23.52820000032807
424,0.023190257000351266,23.190257000351266
425,0.022577306000130193,22.577306000130193
426,0.03183741900011228,31.837419000112277
427,0.024490069999956177,24.490069999956177
428,0.02329264299987699,23.29264299987699
429,0.022982741000305396,22.982741000305396
430,0.030861618000017188,30.861618000017188
431,0.025217995999810228,25.217995999810228
432,0.02286285999980464,22.86285999980464
433,0.02356447100009973,23.56447100009973
434,0.031805551000616106,31.805551000616106
435,0.023529796999355312,23.529796999355312
436,0.023281539000890916,23.281539000890916
437,0.022952088999772968,22.95208899977297
438,0.03277975999935734,32.77975999935734
439,0.023514540000178386,23.514540000178386
440,0.0239246089995504,23.9246089995504
441,0.023006532000181323,23.006532000181323
442,0.026372557999820856,26.372557999820856
443,0.03398454899979697,33.98454899979697
444,0.022836169999209233,22.836169999209233
445,0.022221545999855152,22.221545999855152
446,0.031118562999836286,31.118562999836286
447,0.02376514200022939,23.76514200022939
448,0.02275439299955906,22.75439299955906
449,0.023214807999465847,23.214807999465847
450,0.02691218800009665,26.91218800009665
451,0.025366883999595302,25.366883999595302
452,0.024864840999725857,24.864840999725857
453,0.024874654000086593,24.874654000086593
454,0.03660256099919934,36.60256099919934
455,0.023998598000616767,23.998598000616767
456,0.023767656000018178,23.767656000018178
457,0.022666580000077374,22.666580000077374
458,0.029645930000697263,29.645930000697263
459,0.029300060999958077,29.300060999958077
460,0.023309892999350268,23.309892999350268
461,0.022724283000570722,22.724283000570722
462,0.028991997000048286,28.991997000048286
463,0.027534541000022728,27.534541000022728
464,0.0228586709999945,22.8586709999945
465,0.022073362000810448,22.073362000810448
466,0.030137552000269352,30.137552000269352
467,0.029694768000808835,29.694768000808835
468,0.023371035999844025,23.371035999844025
469,0.02275806699981331,22.75806699981331
470,0.030079084999670158,30.079084999670158
471,0.028013789000397082,28.013789000397082
472,0.022881056000187527,22.881056000187527
473,0.022150860000692774,22.150860000692774
474,0.02884391699990374,28.84391699990374
475,0.028173149000394915,28.173149000394915
476,0.023417477999828407,23.417477999828407
477,0.02241354499983572,22.41354499983572
478,0.031827086000703275,31.827086000703275
479,0.028317071999481414,28.317071999481414
480,0.022607225999308866,22.607225999308866
481,0.02225123199968948,22.25123199968948
482,0.035504510000464506,35.50451000046451
483,0.02492770700064284,24.92770700064284
484,0.02347241600000416,23.47241600000416
485,0.02282535700032895,22.82535700032895
486,0.04069365299983474,40.69365299983474
487,0.02429070500056696,24.29070500056696
488,0.023190526999314898,23.190526999314898
489,0.022276949000115565,22.276949000115565
490,0.036155359000076714,36.155359000076714
491,0.02464012600012211,24.64012600012211
492,0.02210796700001083,22.10796700001083
493,0.022446044999924197,22.446044999924197
494,0.03143213299972558,31.43213299972558
495,0.027516600000126346,27.516600000126346
496,0.022855382000670943,22.855382000670943
497,0.022241568999561423,22.241568999561423
498,0.0331608899996354,33.1608899996354
499,0.02764963599929615,27.64963599929615
500,0.023545575999378343,23.545575999378343
501,0.022774813999603793,22.774813999603793
502,0.03888931399978901,38.88931399978901
503,0.025018254999849887,25.018254999849887
504,0.022687477000545186,22.687477000545186
505,0.022377152999979444,22.377152999979444
506,0.03421936100039602,34.21936100039602
507,0.027742346999730216,27.742346999730216
508,0.023078939999322756,23.078939999322756
509,0.023144482000134303,23.144482000134303
510,0.02889204800067091,28.89204800067091
511,0.02788381099981052,27.88381099981052
512,0.023137334000239207,23.137334000239207
513,0.022145144999740296,22.145144999740296
514,0.028843387000051735,28.843387000051735
515,0.028784938000171678,28.784938000171678
516,0.023386185000163096,23.386185000163096
517,0.022746246999304276,22.746246999304276
518,0.031148160999691754,31.148160999691754
519,0.029122836999704305,29.122836999704305
520,0.023857445000430744,23.857445000430744
521,0.030852920000143058,30.852920000143058
522,0.041828340999927605,41.828340999927605
523,0.025745157000528707,25.745157000528707
524,0.026603745999636885,26.603745999636885
525,0.02210129099967162,22.10129099967162
526,0.043940544000179216,43.940544000179216
527,0.027034691000153543,27.034691000153543
528,0.02481338699999469,24.81338699999469
529,0.02318070900037128,23.18070900037128
530,0.02883363700038899,28.83363700038899
531,0.030704330999469676,30.704330999469676
532,0.022858825999719556,22.858825999719556
533,0.02261205400009203,22.61205400009203
534,0.02597581500049273,25.97581500049273
535,0.030111905000012484,30.111905000012484
536,0.02301087700016069,23.01087700016069
537,0.022129650999886508,22.129650999886508
538,0.02614120899943373,26.14120899943373
539,0.03254484799981583,32.54484799981583
540,0.023391067000375187,23.391067000375187
541,0.0228713289998268,22.8713289998268
542,0.03054521699959878,30.54521699959878
543,0.029002917999605415,29.002917999605415
544,0.022972126999775355,22.972126999775355
545,0.02319070399971679,23.19070399971679
546,0.02977850099978241,29.77850099978241
547,0.028873121999822615,28.873121999822615
548,0.023095718999684323,23.095718999684323
549,0.022005253999850538,22.005253999850538
550,0.02925882699946669,29.25882699946669
551,0.02834668800005602,28.34668800005602
552,0.022326923000036913,22.326923000036913
553,0.021893205999731435,21.893205999731435
554,0.028824022000662808,28.824022000662808
555,0.028568722999807505,28.568722999807505
556,0.02309518400033994,23.09518400033994
557,0.02318700300020282,23.18700300020282
558,0.03330628200001229,33.30628200001229
559,0.028334757999800786,28.334757999800786
560,0.023093354000593536,23.093354000593536
561,0.023207856000226457,23.207856000226457
562,0.026115213999219122,26.115213999219122
563,0.03986251600053947,39.86251600053947
564,0.022557714999493328,22.557714999493328
565,0.021982862999720965,21.982862999720965
566,0.028572871000505984,28.572871000505984
567,0.02942819599957147,29.42819599957147
568,0.022728878999259905,22.728878999259905
569,0.02325951599959808,23.25951599959808
570,0.029116421999788145,29.116421999788145
571,0.028194200999678287,28.194200999678287
572,0.02367712099930941,23.67712099930941
573,0.02242266200028098,22.42266200028098
574,0.02775278800072556,27.75278800072556
575,0.029479986999831453,29.479986999831453
576,0.022246169000027294,22.246169000027294
577,0.022107107999545406,22.107107999545406
578,0.027258850999714923,27.258850999714923
579,0.029174340000281518,29.174340000281518
580,0.022594379000111076,22.594379000111076
581,0.022487892000754073,22.487892000754073
582,0.02793466000002809,27.93466000002809
583,0.029343015999984345,29.343015999984345
584,0.023942992000229424,23.942992000229424
585,0.02230323399999179,22.30323399999179
586,0.029425901999275084,29.425901999275084
587,0.029348127999583085,29.348127999583085
588,0.022269633999712823,22.269633999712823
589,0.02207934999933059,22.07934999933059
590,0.028846762999819475,28.846762999819475
591,0.02946746100042219,29.46746100042219
592,0.022781321000366006,22.781321000366006
593,0.022611192999647756,22.611192999647756
594,0.028258573000130127,28.258573000130127
595,0.029015166999670328,29.015166999670328
596,0.023561965000226337,23.561965000226337
597,0.023133497999879182,23.133497999879182
598,0.029338113000449084,29.338113000449084
599,0.02918220699939411,29.18220699939411
600,0.022796956999627582,22.796956999627582
601,0.022165720999510086,22.165720999510086
602,0.02877414700014924,28.77414700014924
603,0.027979669000160357,27.979669000160357
604,0.022630438999840408,22.630438999840408
605,0.022206327999811037,22.206327999811037
606,0.02869886000007682,28.69886000007682
607,0.028297262000705814,28.297262000705814
608,0.023597868000251765,23.597868000251765
609,0.022473623999758274,22.473623999758274
610,0.02919778000068618,29.19778000068618
611,0.0287353029998485,28.7353029998485
612,0.022865206000460603,22.865206000460603
613,0.021901993000028597,21.901993000028597
614,0.029319991000193113,29.319991000193113
615,0.027479686999868136,27.479686999868136
616,0.022490053000183252,22.490053000183252
617,0.022667618000014045,22.667618000014045
618,0.02855874099986977,28.55874099986977
619,0.03194092800004,31.940928000040003
620,0.023840845000449917,23.840845000449917
621,0.022469451000688423,22.469451000688423
622,0.04483193699979893,44.83193699979893
623,0.028622357999665837,28.622357999665837
624,0.025384441999449336,25.384441999449336
625,0.02622427499954938,26.22427499954938
626,0.0440520430001925,44.0520430001925
627,0.028564129000187677,28.564129000187677
628,0.021783457999845268,21.783457999845268
629,0.03270282599987695,32.70282599987695
630,0.04009352800039778,40.09352800039778
631,0.027057917000092857,27.057917000092857
632,0.024216639000769646,24.216639000769646
633,0.022837732999505533,22.837732999505533
634,0.041886572999828786,41.886572999828786
635,0.025466772000072524,25.466772000072524
636,0.02243048299988004,22.43048299988004
637,0.022410182000385248,22.410182000385248
638,0.038309466000100656,38.309466000100656
639,0.02375003400084097,23.75003400084097
640,0.023422977999871364,23.422977999871364
641,0.022371719999682682,22.371719999682682
642,0.04083481199995731,40.83481199995731
643,0.024126023999997415,24.126023999997415
644,0.022627863999332476,22.627863999332476
645,0.021590493000076094,21.590493000076094
646,0.0262591609998708,26.2591609998708
647,0.03015533400048298,30.15533400048298
648,0.02281347600001027,22.81347600001027
649,0.022512120000101277,22.512120000101277
650,0.029087768999488617,29.087768999488617
651,0.03008026199950109,30.08026199950109
652,0.023682689999986906,23.682689999986906
653,0.02215751700077817,22.15751700077817
654,0.027874306000740035,27.874306000740035
655,0.028261522999855515,28.261522999855515
656,0.023133418999350397,23.133418999350397
657,0.021717967999393295,21.717967999393295
658,0.02851116900001216,28.51116900001216
659,0.03125590900071984,31.25590900071984
660,0.023130311999921105,23.130311999921105
661,0.022715224999956263,22.715224999956263
662,0.029400565999821993,29.400565999821993
663,0.027711072000784043,27.711072000784043
664,0.022891843000252265,22.891843000252265
665,0.022983870000643947,22.983870000643947
666,0.03068498999982694,30.68498999982694
667,0.0268917439998404,26.8917439998404
668,0.022648521000519395,22.648521000519395
669,0.02204116899974906,22.04116899974906
670,0.02866039400032605,28.66039400032605
671,0.027651650999359845,27.651650999359845
672,0.022778302999540756,22.778302999540756
673,0.022215639000023657,22.215639000023657
674,0.029208824000306777,29.208824000306777
675,0.027902578999601246,27.902578999601246
676,0.023324241999944206,23.324241999944206
677,0.023028550000162795,23.028550000162795
678,0.028432013999918127,28.432013999918127
679,0.027205905000300845,27.205905000300845
680,0.022546897999745852,22.546897999745852
681,0.021935715999461536,21.935715999461536
682,0.02678215400010231,26.78215400010231
683,0.02894163699966157,28.94163699966157
684,0.022768723000808677,22.768723000808677
685,0.022831575999589404,22.831575999589404
686,0.030863110000609595,30.863110000609595
687,0.028621643999940716,28.621643999940716
688,0.0346368460004669,34.6368460004669
689,0.023758304000693897,23.758304000693897
690,0.03871757900014927,38.71757900014927
691,0.029415298999992956,29.415298999992956
692,0.030795267000030435,30.795267000030435
693,0.02688564999971277,26.88564999971277
694,0.034448336000423296,34.448336000423296
695,0.02780410200011829,27.80410200011829
696,0.02241199299987784,22.41199299987784
697,0.022456864000560017,22.456864000560017
698,0.03486906200032536,34.86906200032536
699,0.024978897999972105,24.978897999972105
700,0.023542980999991414,23.542980999991414
701,0.023079698999936227,23.079698999936227
702,0.02748195999993186,27.48195999993186
703,0.02458722399933322,24.58722399933322
704,0.024211711000134528,24.211711000134528
705,0.022898619000443432,22.898619000443432
706,0.03149589799977548,31.49589799977548
707,0.023586842999975488,23.586842999975488
708,0.022811089999777323,22.811089999777323
709,0.022980908999670646,22.980908999670646
710,0.031610273999831406,31.610273999831406
711,0.02318991299944173,23.18991299944173
712,0.023325717000261648,23.325717000261648
713,0.022909866999725637,22.909866999725637
714,0.03097582999998849,30.97582999998849
715,0.025041990000318037,25.041990000318037
716,0.023865346000093268,23.86534600009327
717,0.022467523000159417,22.467523000159417
718,0.031522852999842144,31.522852999842144
719,0.024160051999388088,24.160051999388088
720,0.022874280999531038,22.874280999531038
721,0.023537311999461963,23.537311999461963
722,0.025278099999923143,25.278099999923143
723,0.032157429000108095,32.157429000108095
724,0.023358460000054038,23.358460000054038
725,0.024294400999679056,24.294400999679056
726,0.028126820000579755,28.126820000579755
727,0.023590505000356643,23.590505000356643
728,0.025063912000405253,25.063912000405253
729,0.02194647799933591,21.94647799933591
730,0.031391932000587985,31.391932000587985
731,0.023916099999951257,23.916099999951257
732,0.023333895000178018,23.333895000178018
733,0.022433635000197683,22.433635000197683
734,0.03192826699978468,31.928266999784682
735,0.023854293000113103,23.854293000113103
736,0.022928661000150896,22.928661000150896
737,0.023383945999739808,23.383945999739808
738,0.030526892000125372,30.526892000125372
739,0.024260643999696185,24.260643999696185
740,0.022884119999616814,22.884119999616814
741,0.02217468400067446,22.17468400067446
742,0.029513156999200874,29.513156999200874
743,0.029056164999929024,29.056164999929024
744,0.023023286000352527,23.023286000352527
745,0.022796344000198587,22.796344000198587
746,0.03142837799987319,31.42837799987319
747,0.024733108999498654,24.733108999498654
748,0.022807225000178732,22.807225000178732
749,0.023307950999878813,23.307950999878813
750,0.031648782000047504,31.648782000047504
751,0.02405715699933353,24.05715699933353
752,0.023745991999930993,23.745991999930993
753,0.02215750300001673,22.15750300001673
754,0.033718431999659515,33.718431999659515
755,0.02372501900026691,23.72501900026691
756,0.0232637919998524,23.2637919998524
757,0.022385061999557365,22.385061999557365
758,0.037670821000574506,37.670821000574506
759,0.02368274000036763,23.68274000036763
760,0.022906849000719376,22.906849000719376
761,0.022858955000629066,22.858955000629066
762,0.026915028999610513,26.915028999610513
763,0.02261636700040981,22.61636700040981
764,0.02315263899981801,23.15263899981801
765,0.02202117399974668,22.02117399974668
766,0.03005203700013226,30.05203700013226
767,0.02924562199950742,29.24562199950742
768,0.023049525999340403,23.049525999340403
769,0.022510612999212753,22.510612999212753
770,0.032002199000089604,32.002199000089604
771,0.02431823299957614,24.31823299957614
772,0.02321067699995183,23.21067699995183
773,0.02293463200021506,22.93463200021506
774,0.14264165200074785,142.64165200074785
775,0.022512060999360983,22.512060999360983
776,0.02307838299930154,23.07838299930154
777,0.022331840000333614,22.331840000333614
778,0.02691223900001205,26.91223900001205
779,0.030530247000569943,30.530247000569943
780,0.022333592999530083,22.333592999530083
781,0.021907690000261937,21.907690000261937
782,0.02620544700039318,26.20544700039318
783,0.030477259000690538,30.477259000690538
784,0.02854018400012137,28.54018400012137
785,0.025279963000684802,25.279963000684802
786,0.04419575499923667,44.19575499923667
787,0.027060696000262396,27.060696000262396
788,0.02139407399954507,21.39407399954507
789,0.020902479000142193,20.902479000142193
790,0.03420283100058441,34.20283100058441
791,0.028952799999387935,28.952799999387935
792,0.02134183700036374,21.34183700036374
793,0.020834411000578257,20.834411000578257
794,0.033348178000778717,33.34817800077872
795,0.02787555200029601,27.87555200029601
796,0.02113026400002127,21.13026400002127
797,0.020507975999862538,20.507975999862538
798,0.029833006000444584,29.833006000444584
799,0.028494161000708118,28.494161000708118
800,0.021515864999855694,21.515864999855694
801,0.02080714000021544,20.80714000021544
802,0.0276571549993605,27.6571549993605
803,0.02888072000041575,28.88072000041575
804,0.021691400000236172,21.69140000023617
805,0.02103933899979893,21.03933899979893
806,0.030145855999762716,30.145855999762716
807,0.022368956000718754,22.368956000718754
808,0.02129389799938508,21.29389799938508
809,0.02212623600007646,22.12623600007646
810,0.032009540000217385,32.009540000217385
811,0.027688739000041096,27.688739000041096
812,0.02119781300007162,21.19781300007162
813,0.020715859000119963,20.715859000119963
814,0.03087120500003948,30.87120500003948
815,0.028457701999286655,28.457701999286655
816,0.021536242999900423,21.536242999900423
817,0.021506649000002653,21.506649000002653
818,0.032467470000483445,32.467470000483445
819,0.028494500999840966,28.494500999840966
820,0.02239533899955859,22.39533899955859
821,0.024246242999652168,24.246242999652168
822,0.033118428999841854,33.11842899984185
823,0.02759663599954365,27.59663599954365
824,0.02149399199970503,21.49399199970503
825,0.020319788999586308,20.319788999586308
826,0.030752165999729186,30.752165999729186
827,0.027711830999578524,27.711830999578524
828,0.021034595999481098,21.0345959994811
829,0.02068318400051794,20.68318400051794
830,0.027248469999904046,27.248469999904046
831,0.03130566500021814,31.30566500021814
832,0.02161018900005729,21.61018900005729
833,0.021744042000136687,21.744042000136687
834,0.029765199999928882,29.765199999928882
835,0.02268729100069322,22.68729100069322
836,0.022097570999903837,22.097570999903837
837,0.02139652899950306,21.39652899950306
838,0.03245777400024963,32.45777400024963
839,0.027733171000363654,27.733171000363654
840,0.020627345999855606,20.627345999855606
841,0.021245312000246486,21.245312000246486
842,0.03200865600047109,32.00865600047109
843,0.02712802099995315,27.12802099995315
844,0.02112211599978764,21.12211599978764
845,0.020771507999597816,20.771507999597816
846,0.030911191000086546,30.911191000086546
847,0.02854126100010035,28.54126100010035
848,0.0219949579995955,21.9949579995955
849,0.021518193999327195,21.518193999327195
850,0.030106425999292696,30.106425999292696
851,0.029501303999495576,29.501303999495576
852,0.021060299000055238,21.060299000055238
853,0.02182419100063271,21.82419100063271
854,0.0338750760001858,33.8750760001858
855,0.037474708999980066,37.474708999980066
856,0.02526345099977334,25.26345099977334
857,0.02699359899997944,26.99359899997944
858,0.03038467300029879,30.38467300029879
859,0.03974946500056831,39.74946500056831
860,0.03494205900005909,34.94205900005909
861,0.02131880100023409,21.31880100023409
862,0.03008804599994619,30.08804599994619
863,0.022632027999861748,22.632027999861748
864,0.021140541000022495,21.140541000022495
865,0.02053847500064876,20.53847500064876
866,0.03705482399982429,37.05482399982429
867,0.02498264800033212,24.98264800033212
868,0.021629581000524922,21.629581000524922
869,0.021848539999155037,21.848539999155037
870,0.03704946500056394,37.04946500056394
871,0.023254793999512913,23.254793999512913
872,0.02220508600021276,22.20508600021276
873,0.021182992999456474,21.182992999456474
874,0.034179694000158634,34.179694000158634
875,0.023178811000434507,23.178811000434507
876,0.02114497799993842,21.14497799993842
877,0.02128951299982873,21.28951299982873
878,0.03340343999934703,33.40343999934703
879,0.04254844299975957,42.54844299975957
880,0.03730857099981222,37.30857099981222
881,0.023656893000406853,23.656893000406853
882,0.028527137000310177,28.527137000310177
883,0.04701039899919124,47.01039899919124
884,0.030175707999660517,30.175707999660517
885,0.024681947999852127,24.681947999852127
886,0.049041201999898476,49.041201999898476
887,0.0321682880003209,32.1682880003209
888,0.028775709999536048,28.775709999536048
889,0.02577670000027865,25.77670000027865
890,0.039656508999541984,39.656508999541984
891,0.03112381400023878,31.12381400023878
892,0.029779415000120935,29.779415000120935
893,0.03208546699988801,32.08546699988801
894,0.025148249000267242,25.148249000267242
895,0.023544704999949317,23.544704999949317
896,0.03267222700014827,32.67222700014827
897,0.026683396999942488,26.683396999942488
898,0.023949057000208995,23.949057000208995
899,0.03616609900018375,36.16609900018375
900,0.025374076999469253,25.374076999469253
901,0.04027568599940423,40.27568599940423
902,0.02295765799954097,22.95765799954097
903,0.02249184299944318,22.49184299944318
904,0.026320616000703012,26.320616000703012
905,0.036111768999944616,36.111768999944616
906,0.023250056000506447,23.250056000506447
907,0.023326831000304082,23.326831000304082
908,0.02414732599936542,24.14732599936542
909,0.022566233000361535,22.566233000361535
910,0.02301905100011936,23.01905100011936
911,0.022490192000077514,22.490192000077514
912,0.022694725999826915,22.694725999826915
913,0.02279228800034616,22.79228800034616
914,0.022994250000010652,22.994250000010652
915,0.022734760000275855,22.734760000275855
916,0.023209744000268984,23.209744000268984
917,0.022912982000889315,22.912982000889315
918,0.022488595000140776,22.488595000140776
919,0.022527943000568484,22.527943000568484
920,0.023185655999441224,23.185655999441224
921,0.022799995999776,22.799995999776
922,0.031808669000383816,31.808669000383816
923,0.029887428000620275,29.887428000620275
924,0.035134843999912846,35.134843999912846
925,0.032255469000119774,32.255469000119774
926,0.02463477800029068,24.63477800029068
927,0.02279564900072728,22.79564900072728
928,0.028970843000024615,28.970843000024615
929,0.03475289700054418,34.75289700054418
930,0.022115842999482993,22.115842999482993
931,0.021286310000505182,21.286310000505182
932,0.035855699999956414,35.855699999956414
933,0.028966257000320184,28.966257000320184
934,0.021344824999687262,21.344824999687262
935,0.021779930999400676,21.779930999400676
936,0.0335943979998774,33.5943979998774
937,0.027879813999788894,27.879813999788894
938,0.021938951999800338,21.938951999800338
939,0.021036077000644582,21.036077000644582
940,0.034279914999387984,34.279914999387984
941,0.02945422300035716,29.45422300035716
942,0.021467853999638464,21.467853999638464
943,0.02167358799943031,21.67358799943031
944,0.03445726100017055,34.45726100017055
945,0.025214821000190568,25.214821000190568
946,0.021688750000066648,21.688750000066648
947,0.025111736000326346,25.111736000326346
948,0.03903253699991183,39.03253699991183
949,0.025829315999544633,25.829315999544633
950,0.029490478999832703,29.490478999832703
951,0.030715534999217198,30.715534999217198
952,0.057052020000810444,57.052020000810444
953,0.03390759800004162,33.90759800004162
954,0.03285655299987411,32.85655299987411
955,0.033408954000151425,33.408954000151425
956,0.029119592999450106,29.119592999450106
957,0.03825257100015733,38.25257100015733
958,0.022625667999818688,22.62566799981869
959,0.027948370000558498,27.948370000558498
960,0.038755079000111436,38.75507900011144
961,0.02837953100060986,28.37953100060986
962,0.05096489900006418,50.96489900006418
963,0.022217877000002773,22.217877000002773
964,0.021459215000504628,21.459215000504628
965,0.025121853000200645,25.121853000200645
966,0.03459922500042012,34.59922500042012
967,0.02206036999996286,22.06036999996286
968,0.021952115999738453,21.952115999738453
969,0.024680747999809682,24.680747999809682
970,0.033785138999519404,33.785138999519404
971,0.02271749900046416,22.71749900046416
972,0.021134038000127475,21.134038000127475
973,0.026511494000260427,26.511494000260427
974,0.03409192100025393,34.09192100025393
975,0.0223310669998682,22.3310669998682
976,0.022832750999441487,22.832750999441487
977,0.031585708999955386,31.585708999955386
978,0.024277841999719385,24.277841999719385
979,0.022179668000717356,22.179668000717356
980,0.021916176000559062,21.916176000559062
981,0.03465421900000365,34.65421900000365
982,0.023072354999385425,23.072354999385425
983,0.022038980000615993,22.038980000615993
984,0.0208963009999934,20.8963009999934
985,0.03293992700037052,32.93992700037052
986,0.027574823999202636,27.574823999202636
987,0.021780414000204473,21.780414000204473
988,0.02212100399992778,22.12100399992778
989,0.03247374299917283,32.47374299917283
990,0.02825308200044674,28.25308200044674
991,0.022167492999869864,22.167492999869864
992,0.021148136000192608,21.148136000192608
993,0.033684099999845785,33.684099999845785
994,0.03631922099975782,36.31922099975782
995,0.05071332900024572,50.71332900024572
996,0.03493706200060842,34.93706200060842
997,0.02848235300007218,28.48235300007218
998,0.022851519000141707,22.851519000141707
999,0.022178843999427045,22.178843999427045
1000,0.022296312000435137,22.296312000435137
1001,0.024895090000427444,24.895090000427444
1002,0.022744196000530792,22.744196000530792
1003,0.022613735999584605,22.613735999584605
1004,0.02405241799988289,24.05241799988289
1005,0.02323299199997564,23.23299199997564
1006,0.021880694999708794,21.880694999708794
1007,0.023097772999790323,23.097772999790323
1008,0.02771392299928266,27.71392299928266
1009,0.024005584999940766,24.005584999940766
1010,0.037329329999920446,37.329329999920446
1011,0.030738671999642975,30.738671999642975
1012,0.06586871599938604,65.86871599938604
1013,0.03150187899973389,31.50187899973389
1014,0.023068729999977222,23.068729999977222
1015,0.02206452199970954,22.06452199970954
1016,0.023292161999961536,23.292161999961536
1017,0.028084334000595845,28.084334000595845
1018,0.023982259999684175,23.982259999684175
1019,0.023485605000132637,23.485605000132637
1020,0.04332516999966174,43.32516999966174
1021,0.04443787899981544,44.43787899981544
1022,0.03709091800010356,37.09091800010356
1023,0.02789376400050969,27.89376400050969
1024,0.03711020399987319,37.11020399987319
1025,0.02468312099972536,24.68312099972536
1026,0.02294300799985649,22.94300799985649
1027,0.024141277000126138,24.141277000126138
1028,0.023671184999329853,23.671184999329853
1029,0.02320723499997257,23.20723499997257
1030,0.024366561000533693,24.366561000533693
1031,0.03266277300008369,32.66277300008369
1032,0.030697144999976445,30.697144999976445
1033,0.0382541669996499,38.2541669996499
1034,0.03384054600064701,33.84054600064701
1035,0.03133086399975582,31.33086399975582
1036,0.02332819500043115,23.32819500043115
1037,0.02883936200032622,28.83936200032622
1038,0.022449156000220682,22.449156000220682
1039,0.02323617700039904,23.23617700039904
1040,0.022376652999810176,22.376652999810176
1041,0.023006857999462227,23.006857999462227
1042,0.023035027000332775,23.035027000332775
1043,0.029442836999805877,29.442836999805877
1044,0.03460310800073785,34.60310800073785
1045,0.04446329200072796,44.46329200072796
1046,0.023564627999803633,23.564627999803633
1047,0.02262696700017841,22.62696700017841
1048,0.0224830289998863,22.4830289998863
1049,0.02763800800039462,27.63800800039462
1050,0.02270089499961614,22.70089499961614
1051,0.022618101999796636,22.618101999796636
1052,0.023106881000785506,23.106881000785506
1053,0.024316326000189292,24.316326000189292
1054,0.023515457000030437,23.515457000030437
1055,0.030682116000207316,30.682116000207316
1056,0.030409281000174815,30.409281000174815
1057,0.034508994999669085,34.508994999669085
1058,0.030577227000321727,30.577227000321727
1059,0.023629466999409487,23.629466999409487
1060,0.022557548000804672,22.557548000804672
1061,0.02497264300018287,24.97264300018287
1062,0.02264509100041323,22.64509100041323
1063,0.02297936299964931,22.97936299964931
1064,0.022473845000604342,22.473845000604342
1065,0.023558572999718308,23.558572999718308
1066,0.023773134000293794,23.773134000293794
1067,0.029007571000875032,29.007571000875032
1068,0.03233700700002373,32.33700700002373
1069,0.045249314999637136,45.249314999637136
1070,0.02907967800001643,29.07967800001643
1071,0.023580294000566937,23.580294000566937
1072,0.02337996800088149,23.37996800088149
1073,0.0243901290004942,24.3901290004942
1074,0.022878603999743063,22.878603999743063
1075,0.022590268999920227,22.590268999920227
1076,0.022717359999660403,22.717359999660403
1077,0.0243758649994561,24.3758649994561
1078,0.022831500000393135,22.831500000393135
1079,0.03211695600020903,32.11695600020903
1080,0.030682087000059255,30.682087000059255
1081,0.03707801299970015,37.07801299970015
1082,0.02666366800076503,26.66366800076503
1083,0.03655208500003937,36.55208500003937
1084,0.023354326000117,23.354326000117
1085,0.023733992000416038,23.733992000416038
1086,0.022443914999712433,22.443914999712433
1087,0.023547499000414973,23.547499000414973
1088,0.023165218000031018,23.165218000031018
1089,0.023883822000243526,23.883822000243526
1090,0.022585544000321534,22.585544000321534
1091,0.02835613099978218,28.35613099978218
1092,0.0377119880004102,37.7119880004102
1093,0.03756212400003278,37.56212400003278
1094,0.10325532800015935,103.25532800015935
1095,0.05185432300004322,51.85432300004322
1096,0.024176947000341897,24.176947000341897
1097,0.024682537999979104,24.682537999979104
1098,0.023058935000335623,23.058935000335623
1099,0.023084677999577252,23.084677999577252
1100,0.026381691999631585,26.381691999631585
1101,0.029117359000338183,29.117359000338183
1102,0.048802680000335386,48.802680000335386
1103,0.03291069199985941,32.91069199985941
1104,0.02470352799991815,24.70352799991815
1105,0.03200964100051351,32.00964100051351
1106,0.0236032590000832,23.6032590000832
1107,0.02627232400027424,26.27232400027424
1108,0.02301104700018186,23.01104700018186
1109,0.02494477099935466,24.94477099935466
1110,0.022778857000048447,22.778857000048447
1111,0.022717929999998887,22.717929999998887
1112,0.031153406000157702,31.153406000157702
1113,0.0423419599992485,42.3419599992485
1114,0.03990559499925439,39.90559499925439
1115,0.028617253999982495,28.617253999982495
1116,0.02286861399988993,22.86861399988993
1117,0.024334753999937675,24.334753999937675
1118,0.02334912100013753,23.34912100013753
1119,0.023478209999666433,23.478209999666433
1120,0.022538469999744848,22.538469999744848
1121,0.024559546999626036,24.559546999626036
1122,0.022248778000175662,22.248778000175662
1123,0.023673951999626297,23.673951999626297
1124,0.03216490500017244,32.16490500017244
1125,0.03868101199986995,38.68101199986995
1126,0.05400802200074395,54.00802200074395
1127,0.02529694499935431,25.29694499935431
1128,0.02231571599986637,22.31571599986637
1129,0.023566412000036507,23.566412000036507
1130,0.022422809000090638,22.422809000090638
1131,0.022031895000509394,22.031895000509394
1132,0.02203408999957901,22.03408999957901
1133,0.023451337999176758,23.451337999176758
1134,0.025681287000224984,25.681287000224984
1135,0.045891155999925104,45.891155999925104
1136,0.03809372700015956,38.09372700015956
1137,0.040424802000416094,40.42480200041609
1138,0.039678043000094476,39.678043000094476
1139,0.023446447999958764,23.446447999958764
1140,0.02255994200004352,22.55994200004352
1141,0.022948773000280198,22.948773000280198
1142,0.02194415099984326,21.94415099984326
1143,0.021756656999968982,21.756656999968982
1144,0.02106335799999215,21.06335799999215
1145,0.02634613000009267,26.34613000009267
1146,0.03449793199979467,34.49793199979467
1147,0.035423897000328,35.423897000328
1148,0.03750847699939186,37.50847699939186
1149,0.03334830800031341,33.34830800031341
1150,0.030438527999649523,30.438527999649523
1151,0.022218337000595056,22.218337000595056
1152,0.022082002000388457,22.082002000388457
1153,0.021459670999320224,21.459670999320224
1154,0.022508357999868167,22.508357999868167
1155,0.02073505299995304,20.73505299995304
1156,0.02162404799946671,21.62404799946671
1157,0.027434902000095462,27.434902000095462
1158,0.041855027000565315,41.855027000565315
1159,0.034486898999603,34.486898999603
1160,0.047828970000409754,47.828970000409754
1161,0.02710486799969658,27.10486799969658
1162,0.023208425999655447,23.208425999655447
1163,0.021583789000032993,21.583789000032993
1164,0.02182039800027269,21.82039800027269
1165,0.022143758999845886,22.143758999845886
1166,0.02748239700031263,27.48239700031263
1167,0.030185731000528904,30.185731000528904
1168,0.045943465999698674,45.943465999698674
1169,0.05566207499941811,55.66207499941811
1170,0.04295689500031585,42.95689500031585
1171,0.025437180000153603,25.437180000153603
1172,0.02269235200037656,22.69235200037656
1173,0.02214869599993108,22.14869599993108
1174,0.023465992000637925,23.465992000637925
1175,0.023337621999417024,23.337621999417024
1176,0.02318258000013884,23.18258000013884
1177,0.023040224999931525,23.040224999931525
1178,0.024540377000448643,24.540377000448643
1179,0.026841172000786173,26.841172000786173
1180,0.032597147000160476,32.597147000160476
1181,0.034584177000397176,34.584177000397176
1182,0.03661618299975089,36.61618299975089
1183,0.024579095000262896,24.579095000262896
1184,0.02425828899959015,24.25828899959015
1185,0.022494086999358842,22.494086999358842
1186,0.023898549000477942,23.898549000477942
1187,0.025696392999634554,25.696392999634554
1188,0.02294002999951772,22.94002999951772
1189,0.02196115600054327,21.96115600054327
1190,0.02378256300016801,23.78256300016801
1191,0.0257629170000655,25.7629170000655
1192,0.0328542010001911,32.8542010001911
1193,0.04132158300035371,41.32158300035371
1194,0.03614300499975798,36.14300499975798
1195,0.031239347999871825,31.239347999871825
1196,0.023975462999260344,23.975462999260344
1197,0.023103495000214025,23.103495000214025
1198,0.023897679000583594,23.897679000583594
1199,0.02328116799981217,23.28116799981217
1200,0.022605377999752818,22.605377999752818
1201,0.023060778999933973,23.060778999933973
1202,0.023990158000742667,23.990158000742667
1203,0.0230976089997057,23.0976089997057
1204,0.023125114000322355,23.125114000322355
1205,0.0257098540005245,25.7098540005245
1206,0.031251119000444305,31.251119000444305
1207,0.028270181999687338,28.27018199968734
1208,0.040765871000076004,40.765871000076004
1209,0.03443314699961775,34.43314699961775
1210,0.024305326999638055,24.305326999638055
1211,0.023078174000147555,23.078174000147555
1212,0.0229706210002405,22.9706210002405
1213,0.02250567500050238,22.50567500050238
1214,0.0235194879996925,23.5194879996925
1215,0.022101716000179294,22.101716000179294
1216,0.022815303999777825,22.815303999777825
1217,0.023420531999363448,23.420531999363448
1218,0.02529085199967085,25.29085199967085
1219,0.029337938000026043,29.337938000026043
1220,0.04038330399998813,40.38330399998813
1221,0.03754033399945911,37.54033399945911
1222,0.02510342700043111,25.10342700043111
1223,0.023808443000234547,23.808443000234547
1224,0.023327165000409877,23.327165000409877
1225,0.02297740900030476,22.97740900030476
1226,0.024134694999702333,24.134694999702333
1227,0.02277865300038684,22.77865300038684
1228,0.02278604799994355,22.78604799994355
1229,0.03031457599990972,30.31457599990972
1230,0.03050050599995302,30.50050599995302
1231,0.033952021000004606,33.952021000004606
1232,0.04031884799951513,40.31884799951513
1233,0.03807674200015754,38.07674200015754
1234,0.02475463600057992,24.75463600057992
1235,0.024091917999612633,24.091917999612633
1236,0.02283751499999198,22.83751499999198
1237,0.02300640400062548,23.00640400062548
1238,0.02425798200056306,24.25798200056306
1239,0.0224796749998859,22.4796749998859
1240,0.023555892999866046,23.555892999866046
1241,0.029820650999681675,29.820650999681675
1242,0.031415957999342936,31.415957999342936
1243,0.036038879999978235,36.038879999978235
1244,0.03957602099944779,39.57602099944779
1245,0.027507323999998334,27.507323999998334
1246,0.02495030800037057,24.95030800037057
1247,0.02341438300027221,23.41438300027221
1248,0.022978293000051053,22.978293000051053
1249,0.022706442000526295,22.706442000526295
1250,0.029316547999769682,29.316547999769682
1251,0.02957091899952502,29.57091899952502
1252,0.03106511500027409,31.06511500027409
1253,0.03975486500075931,39.75486500075931
1254,0.04395378299977892,43.95378299977892
1255,0.023364671999843267,23.364671999843267
1256,0.023200372000246716,23.200372000246716
1257,0.022910365999450732,22.910365999450732
1258,0.023031488000015088,23.031488000015088
1259,0.022971665000113717,22.971665000113717
1260,0.022925627999939024,22.925627999939024
1261,0.02291992600021331,22.91992600021331
1262,0.024357475999750022,24.357475999750022
1263,0.025179801000376756,25.179801000376756
1264,0.04689838800004509,46.89838800004509
1265,0.047811217000344186,47.811217000344186
1266,0.027861934000611654,27.861934000611654
1267,0.03480094200040185,34.80094200040185
1268,0.02455693599949882,24.55693599949882
1269,0.023724775999653502,23.724775999653502
1270,0.02569800099990971,25.69800099990971
1271,0.02429217200005951,24.29217200005951
1272,0.02551655200022651,25.51655200022651
1273,0.02617426200049522,26.17426200049522
1274,0.030117891000372765,30.117891000372765
1275,0.02815662600005453,28.15662600005453
1276,0.03716838699983782,37.16838699983782
1277,0.03477219500018691,34.77219500018691
1278,0.023723094000160927,23.723094000160927
1279,0.02299991800009593,22.99991800009593
1280,0.027795218999926874,27.795218999926874
1281,0.02289144199949078,22.89144199949078
1282,0.023909183999421657,23.909183999421657
1283,0.02348989299935056,23.48989299935056
1284,0.02327432600031898,23.27432600031898
1285,0.022339742999974987,22.339742999974987
1286,0.024207667999689875,24.207667999689875
1287,0.029348198000661796,29.348198000661796
1288,0.032053642000391847,32.05364200039185
1289,0.03402407800058427,34.02407800058427
1290,0.033979857999838714,33.979857999838714
1291,0.02340841899967927,23.40841899967927
1292,0.02440898599979846,24.40898599979846
1293,0.023468738999326888,23.468738999326888
1294,0.023459715999706532,23.459715999706532
1295,0.0231422239994572,23.1422239994572
1296,0.02237178099949233,22.37178099949233
1297,0.022275211000305717,22.275211000305717
1298,0.03175472200018703,31.75472200018703
1299,0.03346183099984046,33.46183099984046
1300,0.031629249000616255,31.629249000616255
1301,0.04273072200066963,42.73072200066963
1302,0.024592732000201067,24.592732000201067
1303,0.023342389999925217,23.342389999925217
1304,0.02352923299986287,23.52923299986287
1305,0.022884533000251395,22.884533000251395
1306,0.02331399099966802,23.31399099966802
1307,0.02328873999977077,23.28873999977077
1308,0.02397300099983113,23.97300099983113
1309,0.029245474000163085,29.245474000163085
1310,0.047156696999991254,47.156696999991254
1311,0.05236492300082318,52.36492300082318
1312,0.024619413000436907,24.619413000436907
1313,0.02355593999982375,23.55593999982375
1314,0.02394265600014478,23.94265600014478
1315,0.022519101000398223,22.519101000398223
1316,0.023459770999579632,23.459770999579632
1317,0.02258393200008868,22.58393200008868
1318,0.023256244000549486,23.256244000549486
1319,0.02247632699982205,22.47632699982205
1320,0.023731662000500364,23.731662000500364
1321,0.02870935600003577,28.70935600003577
1322,0.03095849300007103,30.95849300007103
1323,0.030860621000101673,30.860621000101673
1324,0.03240330199969321,32.40330199969321
1325,0.05273534699972515,52.73534699972515
1326,0.025061160999939602,25.061160999939602
1327,0.024393648999648576,24.393648999648576
1328,0.023122573000364355,23.122573000364355
1329,0.024436683999738307,24.436683999738307
1330,0.02681077200031723,26.81077200031723
1331,0.05200968999997713,52.00968999997713
1332,0.05132285099989531,51.32285099989531
1333,0.03897512200001074,38.97512200001074
1334,0.02915160599968658,29.15160599968658
1335,0.022776585999963572,22.776585999963572
1336,0.02177878100064845,21.77878100064845
1337,0.022380874000191397,22.380874000191397
1338,0.027826395999909437,27.826395999909437
1339,0.02243740300036734,22.43740300036734
1340,0.023548068999843963,23.548068999843963
1341,0.021063512000182527,21.063512000182527
1342,0.03106632700018963,31.06632700018963
1343,0.03706392699950811,37.06392699950811
1344,0.03789941200011526,37.89941200011526
1345,0.04499389400007203,44.99389400007203
1346,0.029407191000245803,29.407191000245803
1347,0.022342381999806094,22.342381999806094
1348,0.022395227999368217,22.395227999368217
1349,0.021673692000149458,21.673692000149458
1350,0.0222198789997492,22.2198789997492
1351,0.02122422699994786,21.22422699994786
1352,0.02177762800056371,21.77762800056371
1353,0.02288278600008198,22.88278600008198
1354,0.031142241999987164,31.142241999987164
1355,0.035167359999832115,35.167359999832115
1356,0.04089018899958319,40.89018899958319
1357,0.04310589299984713,43.10589299984713
1358,0.023249918000146863,23.249918000146863
1359,0.02281720600058179,22.81720600058179
1360,0.021029450000241923,21.029450000241923
1361,0.021468287000061537,21.468287000061537
1362,0.02425165700060461,24.25165700060461
1363,0.02303965499959304,23.03965499959304
1364,0.025404340000022785,25.404340000022785
1365,0.027446613000392972,27.446613000392972
1366,0.036085130000174104,36.085130000174104
1367,0.04758586200023274,47.58586200023274
1368,0.040160661000300024,40.160661000300024
1369,0.023135019999244832,23.135019999244832
1370,0.02198498399957316,21.98498399957316
1371,0.025146490999759408,25.146490999759408
1372,0.02097983600015141,20.97983600015141
1373,0.03022385199983546,30.22385199983546
1374,0.024193129999730445,24.193129999730445
1375,0.022130821000246215,22.130821000246215
1376,0.02477755099971546,24.77755099971546
1377,0.03418046000024333,34.18046000024333
1378,0.030817242000011902,30.817242000011902
1379,0.0389756459999262,38.9756459999262
1380,0.03472658099963155,34.72658099963155
1381,0.022287371999482275,22.287371999482275
1382,0.02163279100022919,21.63279100022919
1383,0.022353542000018933,22.353542000018933
1384,0.021136286999535514,21.136286999535514
1385,0.021913931000199227,21.913931000199227
1386,0.021640492000187805,21.640492000187805
1387,0.02234225800020795,22.34225800020795
1388,0.024298018000081356,24.298018000081356
1389,0.03279332700003579,32.79332700003579
1390,0.03518266999981279,35.18266999981279
1391,0.04094232500028738,40.94232500028738
1392,0.045671638999920106,45.671638999920106
1393,0.022958479999942938,22.958479999942938
1394,0.022271243999966828,22.271243999966828
1395,0.021249490000627702,21.249490000627702
1396,0.022513072000037937,22.513072000037937
1397,0.022075216000303044,22.075216000303044
1398,0.021513065999897663,21.513065999897663
1399,0.021056919999864476,21.056919999864476
1400,0.021651480000400625,21.651480000400625
1401,0.030078984999818204,30.078984999818204
1402,0.03654771899982734,36.54771899982734
1403,0.04291955699954997,42.91955699954997
1404,0.03673321699989174,36.73321699989174
1405,0.025391918000423175,25.391918000423175
1406,0.022321307999845885,22.321307999845885
1407,0.02285266400031105,22.85266400031105
1408,0.02192796399958752,21.92796399958752
1409,0.023457420999875467,23.457420999875467
1410,0.021855433999917295,21.855433999917295
1411,0.022025813000254857,22.025813000254857
1412,0.02175015800003166,21.75015800003166
1413,0.030362497000169242,30.362497000169242
1414,0.04248316400025942,42.48316400025942
1415,0.04734697000003507,47.34697000003507
1416,0.04558830600035435,45.58830600035435
1417,0.024437339000542124,24.437339000542124
1418,0.02146634700056893,21.46634700056893
1419,0.029676924000341387,29.676924000341387
1420,0.028196062000461097,28.196062000461097
1421,0.029487204999895766,29.487204999895766
1422,0.037010276999353664,37.010276999353664
1423,0.08485120800014556,84.85120800014556
1424,0.033748428999388125,33.748428999388125
1425,0.02322063899919158,23.22063899919158
1426,0.021129521999682765,21.129521999682765
1427,0.02212322699961078,22.12322699961078
1428,0.021320537000065087,21.320537000065087
1429,0.02217592900069576,22.17592900069576
1430,0.02112594300069759,21.12594300069759
1431,0.021390310999777284,21.390310999777284
1432,0.02467778099980933,24.67778099980933
1433,0.03429994600082864,34.29994600082864
1434,0.031035805999636068,31.035805999636068
1435,0.04173176399945078,41.73176399945078
1436,0.04857326999990619,48.57326999990619
1437,0.0286712670003908,28.6712670003908
1438,0.022209302999726788,22.209302999726788
1439,0.022551523999936762,22.551523999936762
1440,0.021772709999822837,21.772709999822837
1441,0.02370346400039125,23.70346400039125
1442,0.022686780000185536,22.686780000185536
1443,0.022238372000174422,22.238372000174422
1444,0.021082760999888706,21.082760999888706
1445,0.02249386399944342,22.49386399944342
1446,0.020503771000221604,20.503771000221604
1447,0.02176332699946215,21.76332699946215
1448,0.021122134000506776,21.122134000506776
1449,0.021989457999552542,21.989457999552542
1450,0.022321386999465176,22.321386999465176
1451,0.021198514999923646,21.198514999923646
1452,0.02389604000018153,23.89604000018153
1453,0.022977985000579793,22.977985000579793
1454,0.027037822999773198,27.037822999773198
1455,0.024770647999503126,24.770647999503126
1456,0.023352179000539763,23.352179000539763
1457,0.022718193000400788,22.718193000400788
1458,0.022602445000302396,22.602445000302396
1459,0.020739925000270887,20.739925000270887
1460,0.02215860900014377,22.15860900014377
1461,0.020954094999979134,20.954094999979134
1462,0.020867093000561,20.867093000561
1463,0.02299918799963052,22.99918799963052
1464,0.02071093400081736,20.71093400081736
1465,0.02174194700000953,21.74194700000953
1466,0.02205982000032236,22.05982000032236
1467,0.022286394999355252,22.286394999355252
1468,0.02406083099958778,24.06083099958778
1469,0.021982340999784356,21.982340999784356
1470,0.022572596000827616,22.572596000827616
1471,0.021748377999756485,21.748377999756485
1472,0.02229035600066709,22.29035600066709
1473,0.020752108999658958,20.752108999658958
1474,0.021311821000381315,21.311821000381315
1475,0.020936873000209744,20.936873000209744
1476,0.022205422000297403,22.205422000297403
1477,0.02277251699979388,22.77251699979388
1478,0.021074926999972377,21.074926999972377
1479,0.0211896920000072,21.1896920000072
1480,0.02099879400066129,20.99879400066129
1481,0.02196128099967609,21.96128099967609
1482,0.0226195919995007,22.6195919995007
1483,0.02125466500001494,21.25466500001494
1484,0.02228206199924898,22.28206199924898
1485,0.021527312999751302,21.527312999751302
1486,0.021321329000784317,21.321329000784317
1487,0.024055089999819756,24.055089999819756
1488,0.020820300999730534,20.820300999730534
1489,0.02562519200000679,25.62519200000679
1490,0.03218952499992156,32.18952499992156
1491,0.024554476000048453,24.554476000048453
1492,0.025872707000416995,25.872707000416995
1493,0.022570385000108217,22.570385000108217
1494,0.026836414000172226,26.836414000172226
1495,0.024018283000259544,24.018283000259544
1496,0.028434711000045354,28.434711000045354
1497,0.0240832279996539,24.0832279996539
1498,0.022816194999904837,22.816194999904837
1499,0.02282721599931392,22.82721599931392
1500,0.022444002999691293,22.444002999691293
1501,0.021644062000632402,21.644062000632402
1502,0.02354226399984327,23.54226399984327
1503,0.02169587499975023,21.69587499975023
1504,0.023018240000055812,23.018240000055812
1505,0.024112088000038057,24.112088000038057
1506,0.022699901000123646,22.699901000123646
1507,0.022342740000567574,22.342740000567574
1508,0.024417093999545614,24.417093999545614
1509,0.021823987999596284,21.823987999596284
1510,0.02268737299982604,22.68737299982604
1511,0.023954836000484647,23.954836000484647
1512,0.026981658000295283,26.981658000295283
1513,0.02746623599978193,27.46623599978193
1514,0.036580996999873605,36.580996999873605
1515,0.07826874300008058,78.26874300008058
1516,0.1338140050002039,133.8140050002039
1517,0.023327398999754223,23.327398999754223
1518,0.024206049999520474,24.206049999520474
1519,0.03768189099992014,37.68189099992014
1520,0.033521328000460926,33.521328000460926
1521,0.04254444500020327,42.54444500020327
1522,0.02251587099999597,22.51587099999597
1523,0.02643316000012419,26.43316000012419
1524,0.02281697200032795,22.81697200032795
1525,0.023373519999950076,23.373519999950076
1526,0.02366133100076695,23.66133100076695
1527,0.023686419000114256,23.686419000114256
1528,0.02314662099979614,23.14662099979614
1529,0.02355956000064907,23.55956000064907
1530,0.031396469000355864,31.396469000355864
1531,0.04080642600001738,40.80642600001738
1532,0.03689400199982629,36.89400199982629
1533,0.029319033000319905,29.319033000319905
1534,0.023135156000535062,23.135156000535062
1535,0.024534993000088434,24.534993000088434
1536,0.023160447999543976,23.160447999543976
1537,0.02259930499985785,22.59930499985785
1538,0.022714267000083055,22.714267000083055
1539,0.022744029999557824,22.744029999557824
1540,0.02200406500014651,22.00406500014651
1541,0.02316697199967166,23.16697199967166
1542,0.023094481000043743,23.094481000043743
1543,0.028921847999299644,28.921847999299644
1544,0.031866934000390756,31.866934000390756
1545,0.03216236200023559,32.16236200023559
1546,0.03475260600043839,34.75260600043839
1547,0.025177449999318924,25.177449999318924
1548,0.02354660600030911,23.54660600030911
1549,0.02285275200028991,22.85275200028991
1550,0.023046178999720723,23.046178999720723
1551,0.024987864000650006,24.987864000650006
1552,0.022875542999827303,22.875542999827303
1553,0.02292302300065785,22.92302300065785
1554,0.022811163999904238,22.811163999904238
1555,0.029147692999686114,29.147692999686114
1556,0.026128192000214767,26.128192000214767
1557,0.03204816400011623,32.04816400011623
1558,0.03452211100011482,34.52211100011482
1559,0.026499651999984053,26.499651999984053
1560,0.023664915000153997,23.664915000153997
1561,0.023753991000376118,23.753991000376118
1562,0.02408902200022567,24.08902200022567
1563,0.02387381800053845,23.87381800053845
1564,0.023960148999321973,23.960148999321973
1565,0.023103929000171775,23.103929000171775
1566,0.029818859999977576,29.818859999977576
1567,0.02647361599974829,26.47361599974829
1568,0.03309452300072735,33.09452300072735
1569,0.028969222999876365,28.969222999876365
1570,0.03300375900016661,33.00375900016661
1571,0.0359770959994421,35.9770959994421
1572,0.02310447599938925,23.10447599938925
1573,0.02318170899980032,23.18170899980032
1574,0.02340766799989069,23.40766799989069
1575,0.023821898000278452,23.821898000278452
1576,0.02272101800008386,22.72101800008386
1577,0.02356721199976164,23.56721199976164
1578,0.023947370999849227,23.947370999849227
1579,0.028300058000240824,28.300058000240824
1580,0.03294615100003284,32.94615100003284
1581,0.043079346000013174,43.079346000013174
1582,0.029789057000016328,29.789057000016328
1583,0.025422030999834533,25.422030999834533
1584,0.025373692999892228,25.373692999892228
1585,0.02526083899920195,25.26083899920195
1586,0.02449571799934347,24.49571799934347
1587,0.028154444000392687,28.154444000392687
1588,0.025939388000551844,25.939388000551844
1589,0.13000403600017307,130.00403600017307
1590,0.03268354900046688,32.68354900046688
1591,0.03167344299981778,31.67344299981778
1592,0.026049882000734215,26.049882000734215
1593,0.023965366000084032,23.965366000084032
1594,0.0238352689993917,23.8352689993917
1595,0.024576029999479942,24.576029999479942
1596,0.022907081000084872,22.907081000084872
1597,0.024994178999804717,24.994178999804717
1598,0.052902011999321985,52.902011999321985
1599,0.03467194200038648,34.67194200038648
1600,0.03678033400046843,36.78033400046843
1601,0.03532720400016842,35.32720400016842
1602,0.02513161000024411,25.13161000024411
1603,0.022656613999970432,22.656613999970432
1604,0.02311076700061676,23.11076700061676
1605,0.022504702000333054,22.504702000333054
1606,0.022765445999539224,22.765445999539224
1607,0.02237852700000076,22.37852700000076
1608,0.023526831000708626,23.526831000708626
1609,0.028916193000441126,28.916193000441126
1610,0.03415675700034626,34.15675700034626
1611,0.037250037999911,37.250037999911
1612,0.04254689600020356,42.54689600020356
1613,0.0239620210004432,23.9620210004432
1614,0.024522622999938903,24.522622999938903
1615,0.023178274000201782,23.17827400020178
1616,0.02346665899949585,23.46665899949585
1617,0.023256724000020768,23.256724000020768
1618,0.02399584600061644,23.99584600061644
1619,0.02342015399972297,23.42015399972297
1620,0.02438769099990168,24.38769099990168
1621,0.03090508500008582,30.90508500008582
1622,0.049807403999693634,49.80740399969363
1623,0.038016899000467674,38.016899000467674
1624,0.03068111199991108,30.68111199991108
1625,0.024123051000060514,24.123051000060514
1626,0.02403953900011402,24.03953900011402
1627,0.023306373999730567,23.306373999730567
1628,0.02408843600005639,24.08843600005639
1629,0.022554754999873694,22.554754999873694
1630,0.023783579999872018,23.783579999872018
1631,0.02311373599968647,23.11373599968647
1632,0.024434322999695723,24.434322999695723
1633,0.03773660299975745,37.73660299975745
1634,0.03644942699975218,36.44942699975218
1635,0.03894342900002812,38.94342900002812
1636,0.024131457000294176,24.131457000294176
1637,0.02349518199935119,23.49518199935119
1638,0.024114169999847945,24.114169999847945
1639,0.02261638399977528,22.61638399977528
1640,0.024038867999479407,24.038867999479407
1641,0.0232684499997049,23.2684499997049
1642,0.024914046000048984,24.914046000048984
1643,0.02447420400039846,24.47420400039846
1644,0.05283345600037137,52.83345600037137
1645,0.03487843899984,34.87843899984
1646,0.04608155700043426,46.08155700043426
1647,0.04145469000013691,41.45469000013691
1648,0.02591874599966104,25.91874599966104
1649,0.024707466999643657,24.707466999643657
1650,0.024537290999433026,24.537290999433026
1651,0.023699332999967737,23.699332999967737
1652,0.023763143999531167,23.763143999531167
1653,0.025203154999871913,25.203154999871913
1654,0.03197472099964216,31.97472099964216
1655,0.04226460500012763,42.26460500012763
1656,0.03348205600013898,33.48205600013898
1657,0.03614134799954627,36.14134799954627
1658,0.028211306000230252,28.211306000230252
1659,0.024964453000393405,24.964453000393405
1660,0.02371059699999023,23.71059699999023
1661,0.024376207999921462,24.376207999921462
1662,0.025134958999842638,25.134958999842638
1663,0.022435762999521103,22.435762999521103
1664,0.023283572000764252,23.283572000764252
1665,0.026943984999888926,26.943984999888926
1666,0.031046037999658438,31.046037999658438
1667,0.03224090599996998,32.24090599996998
1668,0.048082569999678526,48.082569999678526
1669,0.026437536999765143,26.437536999765143
1670,0.025331971000014164,25.331971000014164
1671,0.023300408000068273,23.300408000068273
1672,0.023483831999328686,23.483831999328686
1673,0.02430378799999744,24.30378799999744
1674,0.023875688999396516,23.875688999396516
1675,0.02263145400047506,22.63145400047506
1676,0.023658357999920554,23.658357999920554
1677,0.025612403999730304,25.612403999730304
1678,0.031304227999498835,31.304227999498835
1679,0.032484474999364465,32.484474999364465
1680,0.03500457900008769,35.00457900008769
1681,0.03763481999976648,37.63481999976648
1682,0.026502128000174707,26.502128000174707
1683,0.023035058999994362,23.035058999994362
1684,0.023544054000012693,23.544054000012693
1685,0.023057278000123915,23.057278000123915
1686,0.022784990999753063,22.784990999753063
1687,0.02248506300020381,22.48506300020381
1688,0.02343383400057064,23.43383400057064
1689,0.03831929799980571,38.31929799980571
1690,0.03525965900007577,35.25965900007577
1691,0.0374645319998308,37.4645319998308
1692,0.025691089000247302,25.691089000247302
1693,0.02351393899971299,23.51393899971299
1694,0.02551322099952813,25.51322099952813
1695,0.02355851399988751,23.55851399988751
1696,0.023597873999278818,23.597873999278818
1697,0.024524921999727667,24.524921999727667
1698,0.024921783999161562,24.921783999161562
1699,0.02494994999960909,24.94994999960909
1700,0.029890445999626536,29.890445999626536
1701,0.031959081000422884,31.959081000422884
1702,0.035245136999947135,35.245136999947135
1703,0.03738215399971523,37.38215399971523
1704,0.034270522999577224,34.270522999577224
1705,0.0233805609996125,23.3805609996125
1706,0.024342591999811702,24.342591999811702
1707,0.022656793000351172,22.656793000351172
1708,0.023028620000332012,23.028620000332012
1709,0.022466511999482464,22.466511999482464
1710,0.023619567000423558,23.619567000423558
1711,0.0219823549996363,21.9823549996363
1712,0.026910949000011897,26.910949000011897
1713,0.04210596000029909,42.10596000029909
1714,0.04505607800001599,45.05607800001599
1715,0.028623123000215855,28.623123000215855
1716,0.023370162000901473,23.370162000901473
1717,0.022814322999693104,22.814322999693104
1718,0.02396996500010573,23.96996500010573
1719,0.022792595999817422,22.792595999817422
1720,0.022531289000653487,22.531289000653487
1721,0.02309235600023385,23.09235600023385
1722,0.023211620999973093,23.211620999973093
1723,0.022092002000135835,22.092002000135835
1724,0.023070724000717746,23.070724000717746
1725,0.046907961999750114,46.907961999750114
1726,0.045695821999288455,45.695821999288455
1727,0.03933411099933437,39.33411099933437
1728,0.023901839000245673,23.901839000245673
1729,0.023064220999913232,23.064220999913232
1730,0.025316793999991205,25.316793999991205
1731,0.022824693999609735,22.824693999609735
1732,0.023103859000002558,23.103859000002558
1733,0.023532090000117023,23.532090000117023
1734,0.022916777999853366,22.916777999853366
1735,0.022018077000211633,22.018077000211633
1736,0.023964047999470495,23.964047999470495
1737,0.031230456000230333,31.230456000230333
1738,0.03884836499946687,38.84836499946687
1739,0.052012733000083244,52.012733000083244
1740,0.0267492390003099,26.7492390003099
1741,0.02492307200009236,24.92307200009236
1742,0.02843312899949524,28.43312899949524
1743,0.028711156000099436,28.711156000099436
1744,0.024306513999363233,24.306513999363233
1745,0.023775891000695992,23.775891000695992
1746,0.02539857700048742,25.39857700048742
1747,0.02346249899983377,23.46249899983377
1748,0.035486589999891294,35.486589999891294
1749,0.03657281499999954,36.57281499999954
1750,0.040838613999767404,40.838613999767404
1751,0.03506327400009468,35.06327400009468
1752,0.023016866000034497,23.016866000034497
1753,0.02312038299987762,23.12038299987762
1754,0.024126657000124396,24.126657000124396
1755,0.022749828999621968,22.74982899962197
1756,0.02229945100043551,22.29945100043551
1757,0.022232428999814147,22.232428999814147
1758,0.023268699000254855,23.268699000254855
1759,0.022744246000002022,22.744246000002022
1760,0.03262437800003681,32.62437800003681
1761,0.03505946499990387,35.05946499990387
1762,0.03859342099985952,38.59342099985952
1763,0.02839592599957541,28.39592599957541
1764,0.02344548200017016,23.44548200017016
1765,0.022784867000154918,22.784867000154918
1766,0.024117595000461733,24.117595000461733
1767,0.02277288799996313,22.77288799996313
1768,0.023040930000206572,23.040930000206572
1769,0.023452053999790223,23.452053999790223
1770,0.02334519500072929,23.34519500072929
1771,0.022100074000263703,22.100074000263703
1772,0.03030900100020517,30.30900100020517
1773,0.03292765900005179,32.92765900005179
1774,0.044997756000157096,44.997756000157096
1775,0.04174980700008746,41.74980700008746
1776,0.023792598999534675,23.792598999534675
1777,0.022834596000393503,22.834596000393503
1778,0.024218973000643018,24.218973000643018
1779,0.02300552099950437,23.00552099950437
1780,0.0233524369996303,23.3524369996303
1781,0.02366298499964614,23.66298499964614
1782,0.023246534999998403,23.246534999998403
1783,0.02245386799950211,22.45386799950211
1784,0.02415842799928214,24.15842799928214
1785,0.030881310999575362,30.881310999575362
1786,0.05132204300025478,51.32204300025478
1787,0.04796859399993991,47.96859399993991
1788,0.029660689000593266,29.660689000593266
1789,0.024031056000239914,24.031056000239914
1790,0.02503685299961944,25.03685299961944
1791,0.022831007000604586,22.831007000604586
1792,0.022993227999904775,22.993227999904775
1793,0.02349730800051475,23.49730800051475
1794,0.023508956999648944,23.508956999648944
1795,0.022809877000327106,22.809877000327106
1796,0.028933287999279855,28.933287999279855
1797,0.04121051800029818,41.21051800029818
1798,0.03282065599978523,32.82065599978523
1799,0.05759266700079024,57.59266700079024
1800,0.02765346900014265,27.65346900014265
1801,0.02838590299961652,28.38590299961652
1802,0.031031260999952792,31.031260999952792
1803,0.026299612000002526,26.299612000002526
1804,0.03341336099947512,33.41336099947512
1805,0.033184950999384455,33.184950999384455
1806,0.022196628000529017,22.196628000529017
1807,0.03590944200004742,35.90944200004742
1808,0.04522520199952851,45.22520199952851
1809,0.04023537299963209,40.23537299963209
1810,0.04736509699978342,47.36509699978342
1811,0.025056671000129427,25.056671000129427
1812,0.023576423000122304,23.576423000122304
1813,0.022681331999592658,22.681331999592658
1814,0.023242827000103716,23.242827000103716
1815,0.02264568599912309,22.64568599912309
1816,0.022396399999706773,22.396399999706773
1817,0.02372699300030945,23.72699300030945
1818,0.02183589000014763,21.83589000014763
1819,0.02268863399967813,22.68863399967813
1820,0.022839064999971015,22.839064999971015
1821,0.028033472999595688,28.033472999595688
1822,0.030997423000371782,30.997423000371782
1823,0.042686593000325956,42.686593000325956
1824,0.03568678200008435,35.68678200008435
1825,0.023630140000022948,23.630140000022948
1826,0.023465476000637864,23.465476000637864
1827,0.02525140600027953,25.25140600027953
1828,0.022709791000124824,22.709791000124824
1829,0.034258011000019906,34.258011000019906
1830,0.02230832300028851,22.30832300028851
1831,0.023970394999196287,23.970394999196287
1832,0.024170321999918087,24.170321999918087
1833,0.038471429999844986,38.471429999844986
1834,0.026903876000687887,26.903876000687887
1835,0.04318465300002572,43.18465300002572
1836,0.03308862499943643,33.08862499943643
1837,0.02306688800035772,23.06688800035772
1838,0.023546012999759114,23.546012999759114
1839,0.025111289999586006,25.111289999586006
1840,0.0229017700003169,22.9017700003169
1841,0.022617375000663742,22.617375000663742
1842,0.022491466000246874,22.491466000246874
1843,0.02376314499997534,23.76314499997534
1844,0.02260573400053545,22.60573400053545
1845,0.025440508000428963,25.440508000428963
1846,0.037080043999594636,37.080043999594636
1847,0.04688297299981059,46.88297299981059
1848,0.03326954000021942,33.26954000021942
1849,0.026451623999491858,26.451623999491858
1850,0.02370684900051856,23.70684900051856
1851,0.023713508000582806,23.713508000582806
1852,0.02250635600012174,22.50635600012174
1853,0.022845057000267843,22.845057000267843
1854,0.02220212799966248,22.20212799966248
1855,0.02417852500002482,24.17852500002482
1856,0.02294604899998376,22.94604899998376
1857,0.02307410699995671,23.07410699995671
1858,0.02848397700017813,28.48397700017813
1859,0.03174548400056665,31.74548400056665
1860,0.033419123999919975,33.419123999919975
1861,0.033107618000030925,33.107618000030925
1862,0.026879906999965897,26.879906999965897
1863,0.02467692000027455,24.67692000027455
1864,0.022580973000003723,22.580973000003723
1865,0.028387049999764713,28.387049999764713
1866,0.022217063999960374,22.217063999960374
1867,0.023032121999676747,23.032121999676747
1868,0.023088096000719815,23.088096000719815
1869,0.02271745699999883,22.71745699999883
1870,0.023867877000157023,23.867877000157023
1871,0.03125508900029672,31.25508900029672
1872,0.029179922999901464,29.179922999901464
1873,0.0287283710003976,28.7283710003976
1874,0.04122366400042665,41.22366400042665
1875,0.026886331000241626,26.886331000241626
1876,0.024176598999474663,24.176598999474663
1877,0.0230241119998027,23.0241119998027
1878,0.02350209399992309,23.50209399992309
1879,0.025018469000315235,25.018469000315235
1880,0.022473466000519693,22.473466000519693
1881,0.02242768599990086,22.42768599990086
1882,0.02312897100000555,23.12897100000555
1883,0.025209443999301584,25.209443999301584
1884,0.032161217000066245,32.161217000066245
1885,0.026523507999627327,26.523507999627327
1886,0.03378128499934974,33.78128499934974
1887,0.032231696999588166,32.231696999588166
1888,0.04325288200016075,43.25288200016075
1889,0.02381391499966412,23.81391499966412
1890,0.02310264500010817,23.10264500010817
1891,0.03288500700000441,32.88500700000441
1892,0.025702324000121735,25.702324000121735
1893,0.023315465999985463,23.315465999985463
1894,0.025457032000304025,25.457032000304025
1895,0.03596886499963148,35.96886499963148
1896,0.03611255599935248,36.11255599935248
1897,0.032935872999587446,32.935872999587446
1898,0.02999610599999869,29.99610599999869
1899,0.030973504000030516,30.973504000030516
1900,0.030114786000012828,30.114786000012828
1901,0.025678470999991987,25.678470999991987
1902,0.025263208000069426,25.263208000069426
1903,0.04153905700059113,41.53905700059113
1904,0.030663329999697453,30.663329999697453
1905,0.023743701000057627,23.743701000057627
1906,0.022725316000105522,22.725316000105522
1907,0.024265577000733174,24.265577000733174
1908,0.033125769999969634,33.125769999969634
1909,0.022897832000126073,22.897832000126073
1910,0.02303417300026922,23.03417300026922
1911,0.024593660000391537,24.593660000391537
1912,0.033877799999572744,33.877799999572744
1913,0.023648286999559787,23.648286999559787
1914,0.023024718999295146,23.024718999295146
1915,0.03044180500000948,30.44180500000948
1916,0.024580999999670894,24.580999999670894
1917,0.02320511899961275,23.20511899961275
1918,0.02291069799957768,22.91069799957768
1919,0.026266261999808194,26.266261999808194
1920,0.034143827000661986,34.143827000661986
1921,0.022267115999966336,22.267115999966336
1922,0.02279024200015556,22.79024200015556
1923,0.025609829000131867,25.609829000131867
1924,0.03209648900065076,32.09648900065076
1925,0.023502332999669306,23.502332999669306
1926,0.023613110999576747,23.613110999576747
1927,0.02995278199978202,29.95278199978202
1928,0.029378178999650117,29.378178999650117
1929,0.022928665999643272,22.928665999643272
1930,0.022454677000496304,22.454677000496304
1931,0.03042628200000763,30.42628200000763
1932,0.028858419000243885,28.858419000243885
1933,0.02316688599967165,23.16688599967165
1934,0.023001129000476794,23.001129000476794
1935,0.0322601849993589,32.2601849993589
1936,0.023709328999757417,23.709328999757417
1937,0.02359510699989187,23.59510699989187
1938,0.023054726999362174,23.054726999362174
1939,0.03464871400046832,34.64871400046832
1940,0.02489212000000407,24.89212000000407
1941,0.022859323999909975,22.859323999909975
1942,0.021796885000185284,21.796885000185284
1943,0.029038214000138396,29.038214000138396
1944,0.022461085000031744,22.461085000031744
1945,0.022195321999788575,22.195321999788575
1946,0.022694260000207578,22.694260000207578
1947,0.0305950389993086,30.5950389993086
1948,0.028492915999777324,28.492915999777324
1949,0.0237179619998642,23.7179619998642
1950,0.02232054500018421,22.32054500018421
1951,0.03078861500034691,30.78861500034691
1952,0.027230731000599917,27.230731000599917
1953,0.022779257999900437,22.779257999900437
1954,0.022466514000370807,22.466514000370807
1955,0.032341907999580144,32.341907999580144
1956,0.023690359000283934,23.690359000283934
1957,0.023120214999835298,23.120214999835298
1958,0.023514008999882208,23.514008999882208
1959,0.02901095200013515,29.01095200013515
1960,0.1297854880003797,129.7854880003797
1961,0.05188632899989898,51.88632899989898
1962,0.03219510500002798,32.19510500002798
1963,0.03695364099985454,36.95364099985454
1964,0.023611134000020684,23.611134000020684
1965,0.02317997899990587,23.17997899990587
1966,0.02227386899994599,22.27386899994599
1967,0.033733573999597866,33.733573999597866
1968,0.02394132199970045,23.94132199970045
1969,0.022905865000211634,22.905865000211634
1970,0.022838021000097797,22.838021000097797
1971,0.03492711900071299,34.92711900071299
1972,0.024456580000332906,24.456580000332906
1973,0.02366710600017541,23.66710600017541
1974,0.02286583699969924,22.86583699969924
1975,0.027625106999948912,27.625106999948912
1976,0.024010032999285613,24.010032999285613
1977,0.023013381000055233,23.013381000055233
1978,0.021812107000187098,21.812107000187098
1979,0.032511704999706126,32.511704999706126
1980,0.023357125999609707,23.357125999609707
1981,0.023221211000418407,23.221211000418407
1982,0.023332566000135557,23.332566000135557
1983,0.03190746600012062,31.90746600012062
1984,0.023469791000024998,23.469791000024998
1985,0.02374502000020584,23.74502000020584
1986,0.022393833000023733,22.393833000023733
1987,0.03230488500048523,32.30488500048523
1988,0.025696147000417113,25.696147000417113
1989,0.024200363000090874,24.200363000090874
1990,0.022407567000300332,22.407567000300332
1991,0.029179969999859168,29.179969999859168
1992,0.02293147099953785,22.93147099953785
1993,0.022203610999895318,22.203610999895318
1994,0.022692682000524655,22.692682000524655
1995,0.03062265100015793,30.62265100015793
1996,0.030024620999938634,30.024620999938634
1997,0.022732306000762037,22.732306000762037
1998,0.021118326999385317,21.118326999385317
1999,0.033838006000223686,33.838006000223686
2000,0.02375231000041822,23.75231000041822
2001,0.021595029000309296,21.595029000309296
2002,0.021208458999353752,21.208458999353752
2003,0.03276218900009553,32.76218900009553
2004,0.02740323299985903,27.40323299985903
2005,0.021044201999757206,21.044201999757206
2006,0.021088461000545067,21.088461000545067
2007,0.030964898000092944,30.964898000092944
2008,0.027582578999499674,27.582578999499674
2009,0.021781730999464344,21.781730999464344
2010,0.02180434799993236,21.80434799993236
2011,0.0316626339999857,31.6626339999857
2012,0.02842489500017109,28.42489500017109
2013,0.02116489299987734,21.16489299987734
2014,0.020814726999560662,20.814726999560662
2015,0.03036444000008487,30.36444000008487
2016,0.029207091999523982,29.207091999523982
2017,0.020983800000067276,20.983800000067276
2018,0.021443219999127905,21.443219999127905
2019,0.027058869999564195,27.058869999564195
2020,0.031704418000117585,31.704418000117585
2021,0.021701680000660417,21.701680000660417
2022,0.024046143000305165,24.046143000305165
2023,0.03101233699999284,31.01233699999284
2024,0.02912534200004302,29.12534200004302
2025,0.023471017000701977,23.471017000701977
2026,0.021128770999894186,21.128770999894186
2027,0.03060923199973331,30.60923199973331
2028,0.02774276699983602,27.74276699983602
2029,0.020947527999851445,20.947527999851445
2030,0.021283400999891455,21.283400999891455
2031,0.026916650999737612,26.916650999737612
2032,0.030891517000782187,30.891517000782187
2033,0.02152191599998332,21.52191599998332
2034,0.020554861999698915,20.554861999698915
2035,0.029606895000142686,29.606895000142686
2036,0.02319371600060549,23.19371600060549
2037,0.02272979999997915,22.72979999997915
2038,0.021888019000471104,21.888019000471104
2039,0.03541397299977689,35.41397299977689
2040,0.02276463500038517,22.76463500038517
2041,0.022122385000329814,22.122385000329814
2042,0.02155032900009246,21.55032900009246
2043,0.03237497200007056,32.37497200007056
2044,0.027813278000394348,27.813278000394348
2045,0.021875677000025462,21.875677000025462
2046,0.020426166999641282,20.426166999641282
2047,0.031439046000741655,31.439046000741655
2048,0.02847985299922584,28.47985299922584
2049,0.02102248499977577,21.02248499977577
2050,0.02190963999964879,21.90963999964879
2051,0.03137829899969802,31.378298999698018
2052,0.02869105799982208,28.69105799982208
2053,0.021295012999871687,21.295012999871687
2054,0.021659454000655387,21.659454000655387
2055,0.032304084000315925,32.304084000315925
2056,0.02882854800009227,28.82854800009227
2057,0.021226986000328907,21.226986000328907
2058,0.021442330999889236,21.442330999889236
2059,0.030143146000227716,30.143146000227716
2060,0.028324615999736125,28.324615999736125
2061,0.021204994000072475,21.204994000072475
2062,0.020251912000276207,20.251912000276207
2063,0.038768897999943874,38.768897999943874
2064,0.03172358600022562,31.723586000225623
2065,0.028013916999952926,28.013916999952926
2066,0.02616869699977542,26.16869699977542
2067,0.036165629000606714,36.165629000606714
2068,0.022636495999904582,22.636495999904582
2069,0.021910057000241068,21.910057000241068
2070,0.02027354199981346,20.27354199981346
2071,0.03355548600029579,33.55548600029579
2072,0.027920225000343635,27.920225000343635
2073,0.020988489000046684,20.988489000046684
2074,0.020582022000780853,20.582022000780853
2075,0.033087845999943966,33.087845999943966
2076,0.027604838999650383,27.604838999650383
2077,0.021808572000736604,21.808572000736604
2078,0.022064529999624938,22.064529999624938
2079,0.032475089999934426,32.475089999934426
2080,0.028445030000511906,28.445030000511906
2081,0.021199740000156453,21.199740000156453
2082,0.020277953000004345,20.277953000004345
2083,0.02733314099987183,27.33314099987183
2084,0.028746837999278796,28.746837999278796
2085,0.021067919000415714,21.067919000415714
2086,0.02135547600028076,21.35547600028076
2087,0.02921496399994794,29.21496399994794
2088,0.022185675999935484,22.185675999935484
2089,0.024489652999363898,24.489652999363898
2090,0.021575255999778165,21.575255999778165
2091,0.03397472600045148,33.97472600045148
2092,0.02309368800069933,23.09368800069933
2093,0.022779638999963936,22.779638999963936
2094,0.020637782999983756,20.637782999983756
2095,0.03259179399992718,32.59179399992718
2096,0.028063634000318416,28.063634000318416
2097,0.021232772000075784,21.232772000075784
2098,0.020804675000363204,20.804675000363204
2099,0.034224404000269715,34.224404000269715
2100,0.02905285599990748,29.05285599990748
2101,0.02070610500049952,20.70610500049952
2102,0.02125249500022619,21.25249500022619
2103,0.03267427799983125,32.67427799983125
2104,0.028357065999443876,28.357065999443876
2105,0.022014715000295837,22.014715000295837
2106,0.02081943999928626,20.81943999928626
2107,0.03314092299933691,33.14092299933691
2108,0.028137760999925376,28.137760999925376
2109,0.02148679100082518,21.48679100082518
2110,0.02129842300018936,21.29842300018936
2111,0.034328558999732195,34.328558999732195
2112,0.027488194000397925,27.488194000397925
2113,0.021114930999829085,21.114930999829085
2114,0.021759799999927054,21.759799999927054
2115,0.03025230000002921,30.25230000002921
2116,0.027731221000067308,27.731221000067308
2117,0.02205580500049109,22.05580500049109
2118,0.02120862700030557,21.20862700030557
2119,0.030923572000574495,30.923572000574495
2120,0.029060776000733313,29.060776000733313
2121,0.02151125700038392,21.51125700038392
2122,0.02085141800034762,20.85141800034762
2123,0.03288334799981385,32.88334799981385
2124,0.02738362899981439,27.38362899981439
2125,0.021090135999656923,21.090135999656923
2126,0.020651004000683315,20.651004000683315
2127,0.030255260000558337,30.255260000558337
2128,0.027751016999900457,27.751016999900457
2129,0.027860742000484606,27.860742000484606
2130,0.027301591999275843,27.301591999275843
2131,0.048275645000103395,48.275645000103395
2132,0.032636874999298016,32.636874999298016
2133,0.025772531000257004,25.772531000257004
2134,0.02230315300039365,22.30315300039365
2135,0.029201946999819484,29.201946999819484
2136,0.02829917300005036,28.29917300005036
2137,0.022281565999946906,22.281565999946906
2138,0.022644908000074793,22.644908000074793
2139,0.028650604000176827,28.650604000176827
2140,0.028714109999782522,28.714109999782522
2141,0.02379789000042365,23.79789000042365
2142,0.022370122999745945,22.370122999745945
2143,0.030094527999608545,30.094527999608545
2144,0.029189113000029465,29.189113000029465
2145,0.02317718800077273,23.17718800077273
2146,0.022052227000131097,22.052227000131097
2147,0.028579410999554966,28.579410999554966
2148,0.02787970800000039,27.87970800000039
2149,0.022652201999335375,22.652201999335375
2150,0.022233591999793134,22.233591999793134
2151,0.028875895000055607,28.875895000055607
2152,0.028006689999529044,28.006689999529044
2153,0.023142989999541896,23.142989999541896
2154,0.02260174300045037,22.60174300045037
2155,0.03486163599973224,34.86163599973224
2156,0.02944536799986963,29.44536799986963
2157,0.022108489999482117,22.108489999482117
2158,0.0222209510002358,22.2209510002358
2159,0.0294322320005449,29.4322320005449
2160,0.030552543999874615,30.552543999874615
2161,0.023260015999767347,23.260015999767347
2162,0.02250670400007948,22.50670400007948
2163,0.039025029000185896,39.025029000185896
2164,0.02368195899998682,23.68195899998682
2165,0.02424800399967353,24.24800399967353
2166,0.02225200799966842,22.25200799966842
2167,0.041680817999804276,41.680817999804276
2168,0.023790127000211214,23.790127000211214
2169,0.022852073000649398,22.852073000649398
2170,0.022527592000187724,22.527592000187724
2171,0.03190857800018421,31.908578000184207
2172,0.02851712600022438,28.51712600022438
2173,0.022907316000782885,22.907316000782885
2174,0.02337689100022544,23.37689100022544
2175,0.032479372000125295,32.479372000125295
2176,0.02385746200070571,23.85746200070571
2177,0.023196854000161693,23.196854000161693
2178,0.022733539000000746,22.733539000000746
2179,0.03420729800018307,34.20729800018307
2180,0.024200436999308295,24.200436999308295
2181,0.02305144999991171,23.05144999991171
2182,0.022436318000472966,22.436318000472966
2183,0.026840139999876556,26.840139999876556
2184,0.02638878899961128,26.38878899961128
2185,0.02261311799975374,22.61311799975374
2186,0.022137614000712347,22.137614000712347
2187,0.03403612400052225,34.03612400052225
2188,0.024253051000414416,24.253051000414416
2189,0.02301957800045784,23.01957800045784
2190,0.02165639199938596,21.65639199938596
2191,0.029266022999763663,29.266022999763663
2192,0.029126356999768177,29.126356999768177
2193,0.023110168000130216,23.110168000130216
2194,0.02309180300017033,23.09180300017033
2195,0.032261062999168644,32.261062999168644
2196,0.023649812000257953,23.649812000257953
2197,0.022845151999717928,22.845151999717928
2198,0.022822434999397956,22.822434999397956
2199,0.03153901499990752,31.539014999907522
2200,0.023749474999931408,23.749474999931408
2201,0.02389828299965302,23.89828299965302
2202,0.022712566999871342,22.712566999871342
2203,0.028633166999497917,28.633166999497917
2204,0.029270965000250726,29.270965000250726
2205,0.022029907999240095,22.029907999240095
2206,0.02169969900023716,21.69969900023716
2207,0.031405148000885674,31.405148000885674
2208,0.024555529999815917,24.555529999815917
2209,0.02327512099964224,23.27512099964224
2210,0.02298228499967081,22.98228499967081
2211,0.03207469300014054,32.07469300014054
2212,0.023649064999517577,23.649064999517577
2213,0.023408242000186874,23.408242000186874
2214,0.022915317000297364,22.915317000297364
2215,0.032151510000403505,32.151510000403505
2216,0.023923051000565465,23.923051000565465
2217,0.02334655200047564,23.34655200047564
2218,0.022274127999480697,22.274127999480697
2219,0.03218279800057644,32.18279800057644
2220,0.023362916000223777,23.362916000223777
2221,0.02333281099981832,23.33281099981832
2222,0.023088167999958387,23.088167999958387
2223,0.03219415700004902,32.19415700004902
2224,0.02367194999987987,23.67194999987987
2225,0.02327153599981102,23.27153599981102
2226,0.021647425999617553,21.647425999617553
2227,0.030210488999728113,30.210488999728113
2228,0.02750441099942691,27.50441099942691
2229,0.024380436000683403,24.380436000683403
2230,0.024578720000135945,24.578720000135945
2231,0.04343583699937881,43.43583699937881
2232,0.026501211999857333,26.501211999857333
2233,0.024437143999421096,24.437143999421096
2234,0.02502550000008341,25.02550000008341
2235,0.04341784900043422,43.41784900043422
2236,0.025030153000443534,25.030153000443534
2237,0.02320245100054308,23.20245100054308
2238,0.022932106000553176,22.932106000553176
2239,0.03571231399928365,35.71231399928365
2240,0.02443012800085853,24.43012800085853
2241,0.02457984399916313,24.57984399916313
2242,0.0247025129992835,24.7025129992835
2243,0.03456756800005678,34.56756800005678
2244,0.029494850000446604,29.494850000446604
2245,0.02278543499960506,22.78543499960506
2246,0.022813685999608424,22.813685999608424
2247,0.03252274600072269,32.52274600072269
2248,0.02471537199926388,24.71537199926388
2249,0.023399572000016633,23.399572000016633
2250,0.02266638899982354,22.66638899982354
2251,0.03172082400033105,31.72082400033105
2252,0.02903259800041269,29.03259800041269
2253,0.02299029999994673,22.99029999994673
2254,0.02259664499979408,22.59664499979408
2255,0.026473396999790566,26.473396999790566
2256,0.0303400379998493,30.3400379998493
2257,0.022368628000549506,22.368628000549506
2258,0.02234996399965894,22.34996399965894
2259,0.02569690400014224,25.69690400014224
2260,0.03339372800019191,33.39372800019191
2261,0.023035428999719443,23.035428999719443
2262,0.02290942800027551,22.90942800027551
2263,0.026535930000136432,26.53593000013643
2264,0.0300509239996245,30.0509239996245
2265,0.02291322799919726,22.91322799919726
2266,0.02266869899995072,22.66869899995072
2267,0.028423680999367207,28.423680999367207
2268,0.02902335100043274,29.02335100043274
2269,0.022170736000589386,22.170736000589386
2270,0.022211568999409792,22.211568999409792
2271,0.026156312999773945,26.156312999773945
2272,0.03089753499989456,30.89753499989456
2273,0.023228555000059714,23.228555000059714
2274,0.02262098800019885,22.62098800019885
2275,0.02883547700002964,28.83547700002964
2276,0.029037026999503723,29.037026999503723
2277,0.02375677899999573,23.75677899999573
2278,0.02186663900010899,21.86663900010899
2279,0.02855450699917128,28.55450699917128
2280,0.02821879400016769,28.21879400016769
2281,0.022193361000063305,22.193361000063305
2282,0.022375243999704253,22.375243999704253
2283,0.026191896000455017,26.191896000455017
2284,0.029955524999422778,29.955524999422778
2285,0.02497763900009886,24.97763900009886
2286,0.022475666999525856,22.475666999525856
2287,0.02853035499992984,28.53035499992984
2288,0.029533283999626292,29.533283999626292
2289,0.023496230999626277,23.496230999626277
2290,0.021960435999972105,21.960435999972105
2291,0.02864625599977444,28.64625599977444
2292,0.028724777000206814,28.724777000206814
2293,0.022493567000310577,22.493567000310577
2294,0.023923781999656057,23.923781999656057
2295,0.03939091499978531,39.39091499978531
2296,0.022608446000049298,22.608446000049298
2297,0.022737532000064675,22.737532000064675
2298,0.021038742999735405,21.038742999735405
2299,0.03570060300080513,35.70060300080513
2300,0.03370227799950953,33.70227799950953
2301,0.03208969399929629,32.08969399929629
2302,0.02133053200032009,21.33053200032009
2303,0.04220909500054404,42.20909500054404
2304,0.022234123000089312,22.234123000089312
2305,0.02066348499920423,20.66348499920423
2306,0.020623964000151318,20.623964000151318
2307,0.02714723699955357,27.14723699955357
2308,0.02945393000027252,29.45393000027252
2309,0.021820445000230393,21.820445000230393
2310,0.020723652000015136,20.723652000015136
2311,0.030266308000136632,30.266308000136632
2312,0.022812243999396742,22.812243999396742
2313,0.02154676499958441,21.54676499958441
2314,0.020724925999275,20.724925999275
2315,0.03349798199997167,33.49798199997167
2316,0.027927934999752324,27.927934999752324
2317,0.021497787999578577,21.497787999578577
2318,0.024595398000201385,24.595398000201385
2319,0.034127224999792816,34.127224999792816
2320,0.022719887999301136,22.719887999301136
2321,0.022974093999437173,22.974093999437173
2322,0.021553554000092845,21.553554000092845
2323,0.03235645899985684,32.35645899985684
2324,0.02761000300051819,27.61000300051819
2325,0.021043372000349336,21.043372000349336
2326,0.020162816000265593,20.162816000265593
2327,0.030339077999997244,30.339077999997244
2328,0.028311324999776843,28.311324999776843
2329,0.021114182999554032,21.114182999554032
2330,0.021780850000141072,21.780850000141072
2331,0.030862067000271054,30.862067000271054
2332,0.028631631000280322,28.631631000280322
2333,0.02250081800048065,22.50081800048065
2334,0.02083604500057845,20.83604500057845
2335,0.02833090500007529,28.33090500007529
2336,0.03276716199980001,32.76716199980001
2337,0.021175457000026654,21.175457000026654
2338,0.020811170999877504,20.811170999877504
2339,0.031139845999859972,31.139845999859972
2340,0.028193100999487797,28.193100999487797
2341,0.02079728900025657,20.79728900025657
2342,0.021895339999900898,21.895339999900898
2343,0.026436869000463048,26.436869000463048
2344,0.03268377199947281,32.68377199947281
2345,0.02231147000020428,22.31147000020428
2346,0.0210484200006249,21.0484200006249
2347,0.029218485999990662,29.218485999990662
2348,0.029009687000325357,29.009687000325357
2349,0.020832911000070453,20.832911000070453
2350,0.02074529600031383,20.74529600031383
2351,0.028382683000018005,28.382683000018005
2352,0.023627947999557364,23.627947999557364
2353,0.0206679709999662,20.6679709999662
2354,0.020930042000145477,20.930042000145477
2355,0.03241055599937681,32.41055599937681
2356,0.02773751800032187,27.73751800032187
2357,0.02180353599942464,21.80353599942464
2358,0.021513487999982317,21.513487999982317
2359,0.028341174000161118,28.341174000161118
2360,0.033199409999724594,33.199409999724594
2361,0.11383426500015048,113.83426500015048
2362,0.08791316699989693,87.91316699989693
2363,0.030061071000091033,30.061071000091033
2364,0.03264219799984858,32.64219799984858
2365,0.022644761999799812,22.64476199979981
2366,0.022741245000361232,22.741245000361232
2367,0.03076130999943416,30.76130999943416
2368,0.02768297900001926,27.68297900001926
2369,0.025470900000073016,25.470900000073016
2370,0.023388966000311484,23.388966000311484
2371,0.02750435699999798,27.50435699999798
2372,0.036933148000571236,36.93314800057124
2373,0.027367224999579776,27.367224999579776
2374,0.024171651999495225,24.171651999495225
2375,0.034056483000313165,34.056483000313165
2376,0.026368956000624166,26.368956000624166
2377,0.023998194999876432,23.998194999876432
2378,0.024790464000034262,24.790464000034262
2379,0.025080190999688057,25.080190999688057
2380,0.030747709999559447,30.747709999559447
2381,0.026158960000429943,26.158960000429943
2382,0.02317026699984126,23.17026699984126
2383,0.02886232499986363,28.86232499986363
2384,0.029544125000029453,29.544125000029453
2385,0.02289532299982966,22.89532299982966
2386,0.022497652000311064,22.497652000311064
2387,0.028974746000130835,28.974746000130835
2388,0.02907999400031258,29.07999400031258
2389,0.02262301600057981,22.62301600057981
2390,0.02344026999980997,23.44026999980997
2391,0.036929443999724754,36.929443999724754
2392,0.025254070000301,25.254070000301
2393,0.024049827999988338,24.049827999988338
2394,0.022989297000094666,22.989297000094666
2395,0.050957997999830695,50.957997999830695
2396,0.031280877999961376,31.280877999961376
2397,0.02740698900015559,27.40698900015559
2398,0.023904573999971035,23.904573999971035
2399,0.03482248000000254,34.82248000000254
2400,0.02346100500017201,23.46100500017201
2401,0.022114692999821273,22.114692999821273
2402,0.02149533400006476,21.49533400006476
2403,0.02935093899941421,29.35093899941421
2404,0.026853055999708886,26.853055999708886
2405,0.021515617999284586,21.515617999284586
2406,0.021116009000252234,21.116009000252234
2407,0.03360083999996277,33.60083999996277
2408,0.028489188000094146,28.489188000094146
2409,0.021686405999389535,21.686405999389535
2410,0.02428226500069286,24.28226500069286
2411,0.03574761300023965,35.74761300023965
2412,0.023437924000063504,23.437924000063504
2413,0.021905467000578938,21.905467000578938
2414,0.02167878100044618,21.67878100044618
2415,0.03306259900000441,33.06259900000441
2416,0.023065142000632477,23.065142000632477
2417,0.02161035599965544,21.61035599965544
2418,0.020828908999646956,20.828908999646956
2419,0.03331387199978053,33.31387199978053
2420,0.027511379000316083,27.511379000316083
2421,0.0207169769992106,20.7169769992106
2422,0.02023213099982968,20.23213099982968
2423,0.03481104299953586,34.81104299953586
2424,0.028864896000413864,28.864896000413864
2425,0.021410868000202754,21.410868000202754
2426,0.02134192800076562,21.34192800076562
2427,0.035067408999566396,35.067408999566396
2428,0.027781953999692632,27.781953999692632
2429,0.02162937299999612,21.62937299999612
2430,0.02124763199935842,21.24763199935842
2431,0.03407920500012551,34.07920500012551
2432,0.027257070999439748,27.257070999439748
2433,0.020720661000268592,20.720661000268592
2434,0.020137880999754998,20.137880999754998
2435,0.03387801099961507,33.87801099961507
2436,0.02768170800027292,27.68170800027292
2437,0.020991760000470094,20.991760000470094
2438,0.02201476400023239,22.01476400023239
2439,0.043704902999706974,43.704902999706974
2440,0.039538050000373914,39.538050000373914
2441,0.03651695499956986,36.51695499956986
2442,0.03694802400059416,36.94802400059416
2443,0.0241122159995939,24.1122159995939
2444,0.024009802999898966,24.009802999898966
2445,0.0235934719994475,23.5934719994475
2446,0.022678059000099893,22.678059000099893
2447,0.023776872999405896,23.776872999405896
2448,0.022593046000110917,22.593046000110917
2449,0.023883851999926264,23.883851999926264
2450,0.03087042900006054,30.87042900006054
2451,0.04229120600030001,42.29120600030001
2452,0.03286435599966353,32.86435599966353
2453,0.034369772999525594,34.369772999525594
2454,0.036545405999277136,36.545405999277136
2455,0.03436589200009621,34.36589200009621
2456,0.036885165000057896,36.885165000057896
2457,0.026976105000358075,26.976105000358075
2458,0.02336766299958981,23.36766299958981
2459,0.029948977999993076,29.948977999993076
2460,0.03802672599977086,38.02672599977086
2461,0.025335110999549215,25.335110999549215
2462,0.023815190000277653,23.815190000277653
2463,0.028653669999584963,28.653669999584963
2464,0.03568929900029616,35.68929900029616
2465,0.023722947999885946,23.722947999885946
2466,0.022562659999493917,22.562659999493917
2467,0.024659715999405307,24.659715999405307
2468,0.03447530999983428,34.47530999983428
2469,0.03407758399953309,34.07758399953309
2470,0.023902631000055408,23.902631000055408
2471,0.02450486700035981,24.50486700035981
2472,0.025213846000042395,25.213846000042395
2473,0.030509021000398207,30.509021000398207
2474,0.025415420000172162,25.415420000172162
2475,0.02447508899967943,24.47508899967943
2476,0.023254626999914763,23.254626999914763
2477,0.023332843000389403,23.332843000389403
2478,0.023500080999838246,23.500080999838246
2479,0.03734902399992279,37.34902399992279
2480,0.03528659299990977,35.28659299990977
2481,0.02365920099964569,23.65920099964569
2482,0.023760680000123102,23.760680000123102
2483,0.02699359500002174,26.99359500002174
2484,0.031155185999523383,31.155185999523383
2485,0.022847625999929733,22.847625999929733
2486,0.022713633999956073,22.713633999956073
2487,0.022782023000218032,22.782023000218032
2488,0.031938507000631944,31.938507000631944
2489,0.024373502999878838,24.373502999878838
2490,0.024535151999771188,24.535151999771188
2491,0.030497689000185346,30.497689000185346
2492,0.03832469000008132,38.32469000008132
2493,0.03373457500038057,33.73457500038057
2494,0.023455767999621457,23.455767999621457
2495,0.024865028000021994,24.865028000021994
2496,0.032357929000681906,32.35792900068191
2497,0.03727867399993556,37.27867399993556
2498,0.03530061899982684,35.30061899982684
2499,0.02806600799976877,28.06600799976877
2500,0.036142056999779015,36.142056999779015
2501,0.02263217400013673,22.63217400013673
2502,0.02100228499966761,21.00228499966761
2503,0.03450162700028159,34.50162700028159
2504,0.02321472800031188,23.21472800031188
2505,0.02195204500003456,21.95204500003456
2506,0.02106709200052137,21.06709200052137
2507,0.029157633000068017,29.157633000068017
2508,0.028231901000253856,28.231901000253856
2509,0.02176691499971639,21.76691499971639
2510,0.02219467600025382,22.19467600025382
2511,0.04003858800024318,40.03858800024318
2512,0.02404408600068564,24.04408600068564
2513,0.02337727000031009,23.37727000031009
2514,0.02119275800032483,21.19275800032483
2515,0.02763205300016125,27.63205300016125
2516,0.035752319000494026,35.752319000494026
2517,0.02176134399996954,21.76134399996954
2518,0.021283098999447247,21.283098999447247
2519,0.02901733500038972,29.01733500038972
2520,0.03564990100039722,35.64990100039722
2521,0.03596816299977945,35.96816299977945
2522,0.02393481499984773,23.93481499984773
2523,0.024221370000304887,24.221370000304887
2524,0.023076856000443513,23.076856000443513
2525,0.02324208899972291,23.24208899972291
2526,0.022557692999725987,22.557692999725987
2527,0.023553781999908097,23.553781999908097
2528,0.02432185700035916,24.32185700035916
2529,0.03119135199995071,31.19135199995071
2530,0.023049818999425042,23.049818999425042
2531,0.023908510000183014,23.908510000183014
2532,0.03240931499931321,32.40931499931321
2533,0.023254757999893627,23.254757999893627
2534,0.02392539599986776,23.92539599986776
2535,0.030988937000074657,30.988937000074657
2536,0.03288303499994072,32.88303499994072
2537,0.024173795000024256,24.173795000024256
2538,0.02241297799992026,22.41297799992026
2539,0.023805292999895755,23.805292999895755
2540,0.03850322899961611,38.50322899961611
2541,0.02397017400016921,23.97017400016921
2542,0.023950794000484166,23.950794000484166
2543,0.026656811000066227,26.656811000066227
2544,0.03124699700038036,31.24699700038036
2545,0.03406206599993311,34.06206599993311
2546,0.023831498999243195,23.831498999243195
2547,0.02370948000043427,23.70948000043427
2548,0.028687801000160107,28.687801000160107
2549,0.030663226999422477,30.663226999422477
2550,0.0398387660006847,39.8387660006847
2551,0.03179433200057247,31.794332000572467
2552,0.03831200699914916,38.31200699914916
2553,0.02690329499910149,26.90329499910149
2554,0.028481432999797107,28.481432999797107
2555,0.03680404599981557,36.80404599981557
2556,0.023110433000510966,23.110433000510966
2557,0.025191511000230093,25.191511000230093
2558,0.027275241000097594,27.275241000097594
2559,0.04774342900054762,47.74342900054762
2560,0.03340938500059565,33.40938500059565
2561,0.02392360399971949,23.92360399971949
2562,0.022989622000750387,22.989622000750387
2563,0.03965881000021909,39.65881000021909
2564,0.030054817999371153,30.054817999371153
2565,0.023473792000004323,23.473792000004323
2566,0.03959504799968272,39.59504799968272
2567,0.025829186999544618,25.829186999544618
2568,0.02304740399995353,23.04740399995353
2569,0.024353853999855346,24.353853999855346
2570,0.031721471000309975,31.721471000309975
2571,0.03106514400042215,31.06514400042215
2572,0.023215229999550502,23.215229999550502
2573,0.023765143999298743,23.765143999298743
2574,0.02584932699937781,25.84932699937781
2575,0.034087365999766917,34.08736599976692
2576,0.022911089999979595,22.911089999979595
2577,0.023187855999822204,23.187855999822204
2578,0.027287266000712407,27.287266000712407
2579,0.03290614900015498,32.90614900015498
2580,0.024393352000515733,24.393352000515733
2581,0.02306220199989184,23.06220199989184
2582,0.029569727999842144,29.569727999842144
2583,0.03112762799992197,31.12762799992197
2584,0.023396437999508635,23.396437999508635
2585,0.023579228000016883,23.579228000016883
2586,0.02414727799987304,24.14727799987304
2587,0.03510509100033232,35.10509100033232
2588,0.03865943600067112,38.65943600067112
2589,0.02307613199991465,23.07613199991465
2590,0.023689925000326184,23.689925000326184
2591,0.023343166999438836,23.343166999438836
2592,0.023820306999368768,23.820306999368768
2593,0.022613539999838395,22.613539999838395
2594,0.02326679299949319,23.26679299949319
2595,0.022303114000351343,22.303114000351343
2596,0.030920877999960794,30.920877999960794
2597,0.02771437900082674,27.71437900082674
2598,0.026469391000318865,26.469391000318865
2599,0.023947562000103062,23.947562000103062
2600,0.024557416999414272,24.557416999414272
2601,0.02335158300047624,23.35158300047624
2602,0.024600069999905827,24.600069999905827
2603,0.02341011000044091,23.41011000044091
2604,0.022843245999865758,22.843245999865758
2605,0.022764973000448663,22.764973000448663
2606,0.02472475000013219,24.72475000013219
2607,0.021927394999693206,21.927394999693206
2608,0.025226421999832382,25.226421999832382
2609,0.024400809000326262,24.400809000326262
2610,0.030112816999462666,30.112816999462666
2611,0.03279230099997221,32.79230099997221
2612,0.024499527999978454,24.499527999978454
2613,0.023277856000277097,23.277856000277097
2614,0.02372366300005524,23.72366300005524
2615,0.03540838699973392,35.40838699973392
2616,0.02472484100053407,24.72484100053407
2617,0.02295704499920248,22.95704499920248
2618,0.02380842599995958,23.80842599995958
2619,0.032632116000058886,32.632116000058886
2620,0.02710354099963297,27.10354099963297
2621,0.025528737000058754,25.528737000058754
2622,0.03844751599990559,38.44751599990559
2623,0.02828897900053562,28.28897900053562
2624,0.02339359699999477,23.39359699999477
2625,0.023072306999893044,23.072306999893044
2626,0.023461175999727857,23.461175999727857
2627,0.036744987999554724,36.74498799955472
2628,0.03265059699970152,32.65059699970152
2629,0.02796396600024309,27.96396600024309
2630,0.036184429000059026,36.184429000059026
2631,0.023522063000200433,23.522063000200433
2632,0.02284210599918879,22.84210599918879
2633,0.02379286300038075,23.79286300038075
2634,0.03492129100050079,34.92129100050079
2635,0.036157826000817295,36.157826000817295
2636,0.024676289000126417,24.676289000126417
2637,0.02268677000029129,22.68677000029129
2638,0.023486060999857727,23.486060999857727
2639,0.03452153099988209,34.52153099988209
2640,0.033394123999642034,33.394123999642034
2641,0.023504853999838815,23.504853999838815
2642,0.02429302699965774,24.29302699965774
2643,0.022477394999441458,22.477394999441458
2644,0.02323590400010289,23.23590400010289
2645,0.023325694999584812,23.32569499958481
2646,0.025397529000656505,25.397529000656505
2647,0.03864954999971815,38.64954999971815
2648,0.02415914600078395,24.15914600078395
2649,0.023486128000513418,23.486128000513418
2650,0.024329838000085147,24.329838000085147
2651,0.031922459000270464,31.922459000270464
2652,0.03692885500004195,36.92885500004195
2653,0.02319353399980173,23.19353399980173
2654,0.026467646999662975,26.467646999662975
2655,0.023779869000463805,23.779869000463805
2656,0.03352410399929795,33.52410399929795
2657,0.035199765000470506,35.19976500047051
2658,0.025139102000139246,25.139102000139246
2659,0.036964798000553856,36.964798000553856
2660,0.02453708400025789,24.53708400025789
2661,0.03169837000041298,31.69837000041298
2662,0.037568638999800896,37.568638999800896
2663,0.024568863999775203,24.568863999775203
2664,0.024151661999894714,24.151661999894714
2665,0.030650765000245883,30.650765000245883
2666,0.04255954299969744,42.55954299969744
2667,0.029158876000110467,29.158876000110467
2668,0.028621457000554074,28.621457000554074
2669,0.023667231999752403,23.667231999752403
2670,0.02428346499982581,24.28346499982581
2671,0.03177264199985075,31.772641999850748
2672,0.0273078850004822,27.3078850004822
2673,0.022726203000274836,22.726203000274836
2674,0.023254273000020476,23.254273000020476
2675,0.025587002000065695,25.587002000065695
2676,0.032816578000165464,32.816578000165464
2677,0.024832323999362416,24.832323999362416
2678,0.03133207200062316,31.332072000623157
2679,0.028142803000264394,28.142803000264394
2680,0.024680399000317266,24.680399000317266
2681,0.035205195999878924,35.205195999878924
2682,0.029749260999778926,29.749260999778926
2683,0.023894089999885182,23.894089999885182
2684,0.022380881000572117,22.380881000572117
2685,0.024950135999461054,24.950135999461054
2686,0.0337378770000214,33.7378770000214
2687,0.03482793000057427,34.82793000057427
2688,0.023668683000323654,23.668683000323654
2689,0.023862265999923693,23.862265999923693
2690,0.029530851000345137,29.530851000345137
2691,0.032949579000160156,32.949579000160156
2692,0.02679470500061143,26.79470500061143
2693,0.03134486300041317,31.34486300041317
2694,0.024276400999951875,24.276400999951875
2695,0.022905630000423116,22.905630000423116
2696,0.02463718500075629,24.63718500075629
2697,0.03324408000025869,33.24408000025869
2698,0.03262331799942331,32.62331799942331
2699,0.0420248670006913,42.0248670006913
2700,0.023936536000292108,23.936536000292108
2701,0.023890604999905918,23.890604999905918
2702,0.030381016999854182,30.381016999854182
2703,0.028782508999938727,28.782508999938727
2704,0.02336535599988565,23.36535599988565
2705,0.023058615000081772,23.058615000081772
2706,0.023900930000309017,23.900930000309017
2707,0.023428253999554727,23.428253999554727
2708,0.03829004899944266,38.29004899944266
2709,0.024150015000486746,24.150015000486746
2710,0.026567687999886402,26.567687999886402
2711,0.032540947999223135,32.540947999223135
2712,0.02321920600024896,23.21920600024896
2713,0.03677525599960063,36.77525599960063
2714,0.02489725799932785,24.89725799932785
2715,0.023034613000163517,23.034613000163517
2716,0.0249482489998627,24.9482489998627
2717,0.024093306999930064,24.093306999930064
2718,0.06220903599933081,62.20903599933081
2719,0.0348095999997895,34.8095999997895
2720,0.02289828899938584,22.89828899938584
2721,0.0221991030002755,22.1991030002755
2722,0.0278050050001184,27.8050050001184
2723,0.031034782000460837,31.034782000460837
2724,0.032860173999324616,32.860173999324616
2725,0.023433442000168725,23.433442000168725
2726,0.023995387000468327,23.995387000468327
2727,0.023078380000697507,23.078380000697507
2728,0.02305286699993303,23.05286699993303
2729,0.024368077999497473,24.368077999497473
2730,0.042846508999900834,42.846508999900834
2731,0.02776300900040951,27.76300900040951
2732,0.023193221000838093,23.193221000838093
2733,0.02187780100030068,21.87780100030068
2734,0.024162706999959482,24.162706999959482
2735,0.03814095399957296,38.14095399957296
2736,0.02379966799981048,23.79966799981048
2737,0.022871864999615354,22.871864999615354
2738,0.024240445000032196,24.240445000032196
2739,0.033768899999813584,33.768899999813584
2740,0.024223800000072515,24.223800000072515
2741,0.02435184299974935,24.35184299974935
2742,0.025618306000069424,25.618306000069424
2743,0.03507083499971486,35.07083499971486
2744,0.02293734900013078,22.93734900013078
2745,0.023889709999821207,23.889709999821207
2746,0.034211477000098967,34.21147700009897
2747,0.035646264999741106,35.646264999741106
2748,0.03783267600010731,37.83267600010731
2749,0.023523690000729403,23.523690000729403
2750,0.024906337000174972,24.90633700017497
2751,0.16665244899922982,166.65244899922982
2752,0.022866835999593604,22.866835999593604
2753,0.02258155599974998,22.58155599974998
2754,0.03298994199940353,32.98994199940353
2755,0.028311108999332646,28.311108999332646
2756,0.023196844000267447,23.196844000267447
2757,0.02227219300038996,22.27219300038996
2758,0.025443749999794818,25.443749999794818
2759,0.031057409999448282,31.057409999448282
2760,0.02782777799984615,27.82777799984615
2761,0.023518716999205935,23.518716999205935
2762,0.026436262999595783,26.436262999595783
2763,0.03175238499989064,31.752384999890637
2764,0.022947551000470412,22.947551000470412
2765,0.02299349999975675,22.99349999975675
2766,0.025633094000113488,25.633094000113488
2767,0.030505070999424788,30.505070999424788
2768,0.02652065400070569,26.52065400070569
2769,0.02624616100001731,26.24616100001731
2770,0.025587635999727354,25.587635999727354
2771,0.03373850800016953,33.73850800016953
2772,0.03287081700000272,32.87081700000272
2773,0.062470906999806175,62.470906999806175
2774,0.04931357200075581,49.31357200075581
2775,0.04313470099987171,43.13470099987171
2776,0.021548094000536366,21.548094000536366
2777,0.023060782000356994,23.060782000356994
2778,0.020894194999527826,20.894194999527826
2779,0.021602161999908276,21.602161999908276
2780,0.033846462999463256,33.846462999463256
2781,0.03719310300039069,37.19310300039069
2782,0.03473898499942152,34.73898499942152
2783,0.04908513300051709,49.08513300051709
2784,0.038680879999446915,38.680879999446915
2785,0.029971651999403548,29.971651999403548
2786,0.022774249000576674,22.774249000576674
2787,0.027292984999803593,27.292984999803593
2788,0.03670373299974017,36.70373299974017
2789,0.022416173000237904,22.416173000237904
2790,0.023132653999709873,23.132653999709873
2791,0.029220702000202436,29.220702000202436
2792,0.03124135500002012,31.24135500002012
2793,0.02164030499989167,21.64030499989167
2794,0.020787638000001607,20.787638000001607
2795,0.031957164000232297,31.957164000232297
2796,0.028212825999617053,28.212825999617053
2797,0.022255968000536086,22.255968000536086
2798,0.02369384200028435,23.69384200028435
2799,0.032189683000069635,32.189683000069635
2800,0.027946436000092945,27.946436000092945
2801,0.022808974000326998,22.808974000326998
2802,0.021251023999866447,21.251023999866447
2803,0.032294646999616816,32.294646999616816
2804,0.028896740000163845,28.896740000163845
2805,0.025493907000054605,25.493907000054605
2806,0.02496200299992779,24.96200299992779
2807,0.029734046000157832,29.734046000157832
2808,0.022888354000315303,22.888354000315303
2809,0.021607226000014634,21.607226000014634
2810,0.022525788000166358,22.525788000166358
2811,0.023649920000025304,23.649920000025304
2812,0.03445172200008528,34.45172200008528
2813,0.02214765400003671,22.14765400003671
2814,0.021665313000085007,21.665313000085007
2815,0.03379440900062036,33.79440900062036
2816,0.028676664999693458,28.676664999693458
2817,0.021702807000110624,21.702807000110624
2818,0.021117111000421573,21.117111000421573
2819,0.03372157900048478,33.72157900048478
2820,0.028243832999578444,28.243832999578444
2821,0.02153687100053503,21.53687100053503
2822,0.021553575999860186,21.553575999860186
2823,0.03166457499992248,31.66457499992248
2824,0.02800405500056513,28.00405500056513
2825,0.021633266999742773,21.633266999742773
2826,0.020741578000524896,20.741578000524896
2827,0.029981147999933455,29.981147999933455
2828,0.029001815999436076,29.001815999436076
2829,0.021558434999860765,21.558434999860765
2830,0.020909998000206542,20.909998000206542
2831,0.03156221200060827,31.56221200060827
2832,0.028891285000099742,28.891285000099742
2833,0.021508168999389454,21.508168999389454
2834,0.021255419999761216,21.255419999761216
2835,0.029312239999853773,29.312239999853773
2836,0.0278878019998956,27.8878019998956
2837,0.021557455999754893,21.557455999754893
2838,0.020452306999686698,20.452306999686698
2839,0.028548061000037706,28.548061000037706
2840,0.026398756000162393,26.398756000162393
2841,0.021284677999574342,21.284677999574342
2842,0.021088831999804825,21.088831999804825
2843,0.03347338899948227,33.47338899948227
2844,0.02452933299991855,24.52933299991855
2845,0.021674188000361028,21.674188000361028
2846,0.021733909999966272,21.733909999966272
2847,0.032341530999474344,32.341530999474344
2848,0.028085220000320987,28.085220000320987
2849,0.022292669999842474,22.292669999842474
2850,0.020396914999764704,20.396914999764704
2851,0.03060683399962727,30.60683399962727
2852,0.029044900000371854,29.044900000371854
2853,0.021272350999424816,21.272350999424816
2854,0.02096008399985294,20.96008399985294
2855,0.033206490999873495,33.206490999873495
2856,0.028138235000369605,28.138235000369605
2857,0.021264361999783432,21.264361999783432
2858,0.02198849300020811,21.98849300020811
2859,0.032042445999650226,32.042445999650226
2860,0.027762548999817227,27.762548999817227
2861,0.021080349000840215,21.080349000840215
2862,0.02064302399958251,20.64302399958251
2863,0.028935070000443375,28.935070000443375
2864,0.02912398300031782,29.12398300031782
2865,0.026243012999657367,26.243012999657367
2866,0.03996390399970551,39.96390399970551
2867,0.04730831600045349,47.30831600045349
2868,0.027868213999681757,27.868213999681757
2869,0.0244549740000366,24.4549740000366
2870,0.02486320899970451,24.86320899970451
2871,0.05043482699966262,50.43482699966262
2872,0.024923398999817437,24.923398999817437
2873,0.023604983000041102,23.604983000041102
2874,0.02290264500061312,22.90264500061312
2875,0.04126247600015631,41.26247600015631
2876,0.025918232000549324,25.918232000549324
2877,0.02462262000062765,24.62262000062765
2878,0.02480977499999426,24.80977499999426
2879,0.043237827000666584,43.237827000666584
2880,0.023659591000068758,23.659591000068758
2881,0.023535005000667297,23.535005000667297
2882,0.023060401999828173,23.060401999828173
2883,0.03141978799976641,31.419787999766413
2884,0.028476094000325247,28.476094000325247
2885,0.02334056800009421,23.34056800009421
2886,0.022358337000696338,22.358337000696338
2887,0.031798662999790395,31.798662999790395
2888,0.025464579000072263,25.464579000072263
2889,0.022928182000214292,22.928182000214292
2890,0.02401110200025869,24.01110200025869
2891,0.027183260999663617,27.183260999663617
2892,0.03482353199979116,34.82353199979116
2893,0.02312847099983628,23.12847099983628
2894,0.02321345500058669,23.21345500058669
2895,0.026508775999900536,26.508775999900536
2896,0.027832845999910205,27.832845999910205
2897,0.023493025999414385,23.493025999414385
2898,0.023137616999520105,23.137616999520105
2899,0.025272137999309052,25.272137999309052
2900,0.03181987999960256,31.819879999602563
2901,0.023531935999926645,23.531935999926645
2902,0.022575422000045364,22.575422000045364
2903,0.035216897999816865,35.216897999816865
2904,0.028702436000457965,28.702436000457965
2905,0.02234737800063158,22.34737800063158
2906,0.022851873000035994,22.851873000035994
2907,0.03042929599996569,30.42929599996569
2908,0.028746443999807525,28.746443999807525
2909,0.023855954999817186,23.855954999817186
2910,0.023480303999349417,23.480303999349417
2911,0.02516049899986683,25.16049899986683
2912,0.034085692999724415,34.085692999724415
2913,0.022424112999942736,22.424112999942736
2914,0.02280237800005125,22.80237800005125
2915,0.029896895000092627,29.896895000092627
2916,0.023139383999478014,23.139383999478014
2917,0.022748031999981322,22.748031999981322
2918,0.023176534999947762,23.176534999947762
2919,0.031692395000391116,31.692395000391116
2920,0.023853471999245812,23.853471999245812
2921,0.0236160110007404,23.6160110007404
2922,0.022734752999895136,22.734752999895136
2923,0.031830466000428714,31.830466000428714
2924,0.024007687999983318,24.007687999983318
2925,0.02265789400007634,22.65789400007634
2926,0.022194097000465263,22.194097000465263
2927,0.03094089900059771,30.94089900059771
2928,0.024043964999691525,24.043964999691525
2929,0.022842454000056023,22.842454000056023
2930,0.022278632000052312,22.278632000052312
2931,0.029340585999307223,29.340585999307223
2932,0.034143488999689,34.143488999689
2933,0.02436789100011083,24.36789100011083
2934,0.02250164199995197,22.50164199995197
2935,0.03101964500001486,31.01964500001486
2936,0.03127236199998151,31.272361999981513
2937,0.025459976000092865,25.459976000092865
2938,0.023055597000166017,23.055597000166017
2939,0.030765477000386454,30.765477000386454
2940,0.029001572000197484,29.001572000197484
2941,0.023347479999756615,23.347479999756615
2942,0.023359011000138707,23.359011000138707
2943,0.03101886900003592,31.01886900003592
2944,0.024804902999676415,24.804902999676415
2945,0.023167391000242787,23.167391000242787
2946,0.022802142999353237,22.802142999353237
2947,0.031149174000347557,31.149174000347557
2948,0.02546966699992481,25.46966699992481
2949,0.02241053899979306,22.41053899979306
2950,0.021856069999557803,21.856069999557803
2951,0.032171611999729066,32.171611999729066
2952,0.023002887000075134,23.002887000075134
2953,0.022843868000563816,22.843868000563816
2954,0.023067623000315507,23.067623000315507
2955,0.03213718799997878,32.13718799997878
2956,0.024552213999413652,24.552213999413652
2957,0.02316059100030543,23.16059100030543
2958,0.02286390900007973,22.86390900007973
2959,0.03171196799939935,31.71196799939935
2960,0.023675112000091758,23.675112000091758
2961,0.022817985999608936,22.817985999608936
2962,0.02257341900076426,22.57341900076426
2963,0.03202056099962647,32.02056099962647
2964,0.02330195700051263,23.30195700051263
2965,0.023972497000613657,23.972497000613657
2966,0.023570170999846596,23.570170999846596
2967,0.027844750999975076,27.844750999975076
2968,0.031712529999822436,31.712529999822436
2969,0.02400268400015193,24.00268400015193
2970,0.022035317999325343,22.035317999325343
2971,0.02689065100003063,26.89065100003063
2972,0.027395639999667765,27.395639999667765
2973,0.02287379700010206,22.87379700010206
2974,0.022418336000555428,22.418336000555428
2975,0.030037558999538305,30.037558999538305
2976,0.023937842000123055,23.937842000123055
2977,0.023182550000456104,23.182550000456104
2978,0.023251056999470165,23.251056999470165
2979,0.02770006500031741,27.70006500031741
2980,0.026960571999552485,26.960571999552485
2981,0.02256288099943049,22.56288099943049
2982,0.022129472000415262,22.129472000415262
2983,0.03022575799968763,30.22575799968763
2984,0.028267304000110016,28.267304000110016
2985,0.02237002299989399,22.37002299989399
2986,0.02217591899989202,22.17591899989202
2987,0.03026913899975625,30.26913899975625
2988,0.028567379000378423,28.567379000378423
2989,0.02274418499928288,22.74418499928288
2990,0.022776486000111618,22.776486000111618
2991,0.030968427000516385,30.968427000516385
2992,0.028700049000690342,28.700049000690342
2993,0.02345975299976999,23.45975299976999
2994,0.02280783700007305,22.80783700007305
2995,0.028067389000170806,28.067389000170806
2996,0.027951476000453113,27.951476000453113
2997,0.022350756999912846,22.350756999912846
2998,0.02179321399944456,21.79321399944456
2999,0.029419656000754912,29.419656000754912
3000,0.02813335799964989,28.13335799964989
3001,0.022601227999984985,22.601227999984985
3002,0.022613129999626835,22.613129999626835
3003,0.03053557500061288,30.53557500061288
3004,0.028390366000166978,28.390366000166978
3005,0.023191770000266843,23.191770000266843
3006,0.02278818800004956,22.78818800004956
3007,0.0299805610002295,29.9805610002295
3008,0.02869065100003354,28.69065100003354
3009,0.022705133000272326,22.705133000272326
3010,0.02190791100019851,21.90791100019851
3011,0.03005860700068297,30.05860700068297
3012,0.02835271199910494,28.35271199910494
3013,0.022437197999352065,22.437197999352065
3014,0.022537527000167756,22.537527000167756
3015,0.031130647000281897,31.130647000281897
3016,0.028061979000085557,28.061979000085557
3017,0.023667774000387,23.667774000387
3018,0.022268558000178018,22.268558000178018
3019,0.032810988999699475,32.810988999699475
3020,0.024250408000625612,24.25040800062561
3021,0.022839676999865333,22.839676999865333
3022,0.023068071999659878,23.068071999659878
3023,0.034523076999903424,34.523076999903424
3024,0.02327501299987489,23.27501299987489
3025,0.02277154000057635,22.77154000057635
3026,0.022763768000004347,22.763768000004347
3027,0.027691041999787558,27.691041999787558
3028,0.025592668999706802,25.592668999706802
3029,0.023557311000331538,23.557311000331538
3030,0.021748059999481484,21.748059999481484
3031,0.029359966999436438,29.359966999436438
3032,0.027968157999566756,27.968157999566756
3033,0.02315688299950125,23.15688299950125
3034,0.02255161799985217,22.55161799985217
3035,0.03053652200014767,30.53652200014767
3036,0.028832345999944664,28.832345999944664
3037,0.023197084000457835,23.197084000457835
3038,0.023217103999741084,23.217103999741084
3039,0.03208595999967656,32.08595999967656
3040,0.023247595999237092,23.24759599923709
3041,0.023579681999763125,23.579681999763125
3042,0.02464688700001716,24.64688700001716
3043,0.040927488000306766,40.92748800030677
3044,0.028373113999805355,28.373113999805355
3045,0.02298669300034817,22.98669300034817
3046,0.022480302999611013,22.480302999611013
3047,0.030820154999673832,30.820154999673832
3048,0.026516046000324422,26.516046000324422
3049,0.023175159999482275,23.175159999482275
3050,0.022886008000568836,22.886008000568836
3051,0.03303874100038229,33.03874100038229
3052,0.023655009000322025,23.655009000322025
3053,0.023770433000208868,23.770433000208868
3054,0.022766860000047018,22.766860000047018
3055,0.0319716639996841,31.971663999684097
3056,0.024275954000586353,24.275954000586353
3057,0.022827721999419737,22.827721999419737
3058,0.02266119300020364,22.66119300020364
3059,0.03508095699999103,35.08095699999103
3060,0.023498475999986113,23.498475999986113
3061,0.02349986099943635,23.49986099943635
3062,0.022333617999720445,22.333617999720445
3063,0.02683590099968569,26.83590099968569
3064,0.02547167000011541,25.47167000011541
3065,0.02309182699991652,23.09182699991652
3066,0.02208855000026233,22.08855000026233
3067,0.029802072999700613,29.802072999700613
3068,0.030676794000100926,30.676794000100926
3069,0.022043359999770473,22.043359999770473
3070,0.022160911000355554,22.160911000355554
3071,0.03210922499965818,32.10922499965818
3072,0.023144245000366936,23.144245000366936
3073,0.023295103999771527,23.295103999771527
3074,0.022943244999623857,22.943244999623857
3075,0.03176449700004014,31.764497000040137
3076,0.023538968000138993,23.538968000138993
3077,0.023804317999747582,23.804317999747582
3078,0.022853258999930404,22.853258999930404
3079,0.03128652099985629,31.286520999856293
3080,0.024317242000506667,24.317242000506667
3081,0.02318355999977939,23.18355999977939
3082,0.022460156999841274,22.460156999841274
3083,0.03420572800041555,34.20572800041555
3084,0.023230542999954196,23.230542999954196
3085,0.023153849000664195,23.153849000664195
3086,0.022846296999887272,22.846296999887272
3087,0.027236562000325648,27.236562000325648
3088,0.02774956499979453,27.74956499979453
3089,0.023537953999948513,23.537953999948513
3090,0.021880938000322203,21.880938000322203
3091,0.031317357000261836,31.317357000261836
3092,0.025719514000229537,25.719514000229537
3093,0.023213028999634844,23.213028999634844
3094,0.023069450000548386,23.069450000548386
3095,0.025962732999687432,25.962732999687432
3096,0.03323591699972894,33.23591699972894
3097,0.022654499000054784,22.654499000054784
3098,0.02245347000007314,22.45347000007314
3099,0.03427733999978955,34.27733999978955
3100,0.023980435999874317,23.980435999874317
3101,0.0252220029997261,25.2220029997261
3102,0.02801236899995274,28.01236899995274
3103,0.04046292400016682,40.46292400016682
3104,0.027641054999548942,27.641054999548942
3105,0.029589129000669345,29.589129000669345
3106,0.023689256000579917,23.689256000579917
3107,0.038804329999948095,38.804329999948095
3108,0.022303294999801437,22.303294999801437
3109,0.021666479000487016,21.666479000487016
3110,0.02049973800058069,20.49973800058069
3111,0.03763770699970337,37.63770699970337
3112,0.023147756999605917,23.147756999605917
3113,0.022752967999622342,22.752967999622342
3114,0.021695643000384734,21.695643000384734
3115,0.03659191199949419,36.59191199949419
3116,0.0232048930001838,23.2048930001838
3117,0.021554582999669947,21.554582999669947
3118,0.021552490999965812,21.552490999965812
3119,0.03751463800017518,37.51463800017518
3120,0.022384165999937977,22.384165999937977
3121,0.021320492000086233,21.320492000086233
3122,0.021011783000176365,21.011783000176365
3123,0.03457067999988794,34.57067999988794
3124,0.02278113500051404,22.78113500051404
3125,0.022178922000421153,22.178922000421153
3126,0.02075072200022987,20.75072200022987
3127,0.03259356500075228,32.59356500075228
3128,0.028749411999342556,28.749411999342556
3129,0.021605754000120214,21.605754000120214
3130,0.021053161000054388,21.053161000054388
3131,0.03292728199994599,32.92728199994599
3132,0.027335251000295102,27.335251000295102
3133,0.020563835999382718,20.563835999382718
3134,0.02422376600043208,24.22376600043208
3135,0.03347206699982053,33.47206699982053
3136,0.027862492999702226,27.862492999702226
3137,0.021595406000415096,21.595406000415096
3138,0.020585801000379433,20.585801000379433
3139,0.02988271899994288,29.88271899994288
3140,0.0291459260006377,29.1459260006377
3141,0.021660024999619054,21.660024999619054
3142,0.023617111999556073,23.617111999556073
3143,0.033178722000229754,33.178722000229754
3144,0.028712048999295803,28.712048999295803
3145,0.02065306800068356,20.65306800068356
3146,0.020846504000473942,20.846504000473942
3147,0.032428579000225,32.428579000225
3148,0.027529413000593195,27.529413000593195
3149,0.021908798000367824,21.908798000367824
3150,0.020391056000335084,20.391056000335084
3151,0.12896474500030308,128.96474500030308
3152,0.02457312400019873,24.57312400019873
3153,0.02102341699992394,21.02341699992394
3154,0.021506121000129497,21.506121000129497
3155,0.03338027699919621,33.38027699919621
3156,0.028019590000440076,28.019590000440076
3157,0.020994696999878215,20.994696999878215
3158,0.020905100000163657,20.905100000163657
3159,0.03115166799943836,31.15166799943836
3160,0.027171864000592905,27.171864000592905
3161,0.02163406900035625,21.63406900035625
3162,0.02096890800021356,20.96890800021356
3163,0.029440263000651612,29.440263000651612
3164,0.033092904999648454,33.092904999648454
3165,0.020752178000293497,20.752178000293497
3166,0.021156892999897536,21.156892999897536
3167,0.03499144800025533,34.99144800025533
3168,0.028133433000220975,28.133433000220975
3169,0.02121569799965073,21.21569799965073
3170,0.021369822000451677,21.369822000451677
3171,0.03141228599997703,31.41228599997703
3172,0.028275561999180354,28.275561999180354
3173,0.02145196999936161,21.45196999936161
3174,0.020824287999857916,20.824287999857916
3175,0.029730870000094,29.730870000094
3176,0.028468291000535828,28.468291000535828
3177,0.0210010480004712,21.0010480004712
3178,0.02050004499960778,20.50004499960778
3179,0.029247518999909516,29.247518999909516
3180,0.022746869000002334,22.746869000002334
3181,0.021526100999835762,21.526100999835762
3182,0.0215272659997936,21.5272659997936
3183,0.03321549900010723,33.21549900010723
3184,0.028143288999672222,28.143288999672222
3185,0.021528408000449417,21.528408000449417
3186,0.020539666999866313,20.539666999866313
3187,0.03100276799978019,31.00276799978019
3188,0.02805469400027505,28.05469400027505
3189,0.021156453999537916,21.156453999537916
3190,0.020178778000627062,20.178778000627062
3191,0.030102171000180533,30.102171000180533
3192,0.028876630000013392,28.876630000013392
3193,0.021712777000175265,21.712777000175265
3194,0.021890676000111853,21.890676000111853
3195,0.0257481109993023,25.7481109993023
3196,0.03266669899949193,32.66669899949193
3197,0.022031984999557608,22.031984999557608
3198,0.024273168000036094,24.273168000036094
3199,0.03239069000028394,32.39069000028394
3200,0.028478123999775562,28.478123999775562
3201,0.022340532000271196,22.340532000271196
3202,0.021217533999333682,21.217533999333682
3203,0.031220314000165672,31.220314000165672
3204,0.027791032000095583,27.791032000095583
3205,0.02076257400040049,20.76257400040049
3206,0.021059988000160956,21.059988000160956
3207,0.02706346500053769,27.06346500053769
3208,0.03021772600004624,30.21772600004624
3209,0.0215891260004355,21.5891260004355
3210,0.021226437999757763,21.226437999757763
3211,0.029439098000693775,29.439098000693775
3212,0.02212891799990757,22.12891799990757
3213,0.021328429999812215,21.328429999812215
3214,0.022819858000730164,22.819858000730164
3215,0.033165174000714615,33.165174000714615
3216,0.028004650000184483,28.004650000184483
3217,0.02095457100040221,20.95457100040221
3218,0.020725014000163355,20.725014000163355
3219,0.0335350160003145,33.5350160003145
3220,0.026997799000127998,26.997799000127998
3221,0.02105139200011763,21.05139200011763
3222,0.020491519000643166,20.491519000643166
3223,0.030281374999503896,30.281374999503896
3224,0.02876306999951339,28.76306999951339
3225,0.02169756100011,21.69756100011
3226,0.021596634999696107,21.596634999696107
3227,0.032717211000090174,32.717211000090174
3228,0.02262619300017832,22.62619300017832
3229,0.022191727999597788,22.191727999597788
3230,0.021288409000590036,21.288409000590036
3231,0.036881779999930586,36.881779999930586
3232,0.025644854999882227,25.644854999882227
3233,0.0215520319998177,21.5520319998177
3234,0.02117188299962436,21.17188299962436
3235,0.03251369499957946,32.51369499957946
3236,0.030817107999610016,30.817107999610016
3237,0.02777194200007216,27.77194200007216
3238,0.02388314200015884,23.88314200015884
3239,0.04702955200082215,47.02955200082215
3240,0.023545158000160882,23.545158000160882
3241,0.022123138000097242,22.123138000097242
3242,0.023599217999617395,23.599217999617395
3243,0.037788036999700125,37.788036999700125
3244,0.026788692000081937,26.788692000081937
3245,0.024496412000189594,24.496412000189594
3246,0.02539570899989485,25.39570899989485
3247,0.039008319999993546,39.008319999993546
3248,0.0246835279995139,24.6835279995139
3249,0.022881434999362682,22.881434999362682
3250,0.02270719900025142,22.70719900025142
3251,0.032402625999566226,32.402625999566226
3252,0.025444215999414155,25.444215999414155
3253,0.023087722000127542,23.087722000127542
3254,0.02356345199950738,23.56345199950738
3255,0.02597143499951926,25.97143499951926
3256,0.03318758700061153,33.18758700061153
3257,0.023247744000400417,23.247744000400417
3258,0.022441383000114,22.441383000114
3259,0.028810808000343968,28.810808000343968
3260,0.024575549000473984,24.575549000473984
3261,0.02310749900061637,23.10749900061637
3262,0.023191184000097564,23.191184000097564
3263,0.03151999199963029,31.519991999630292
3264,0.02632690299924434,26.32690299924434
3265,0.023204852000162646,23.204852000162646
3266,0.02326726899991627,23.26726899991627
3267,0.02942644399990968,29.42644399990968
3268,0.029546951000156696,29.546951000156696
3269,0.02462052400005632,24.62052400005632
3270,0.02282404899960966,22.82404899960966
3271,0.026630074999957287,26.630074999957287
3272,0.03181411800051137,31.81411800051137
3273,0.023995005999495334,23.995005999495334
3274,0.02440583499992499,24.40583499992499
3275,0.03596074500001123,35.96074500001123
3276,0.023640359000637545,23.640359000637545
3277,0.023111067999707302,23.111067999707302
3278,0.023316853000324045,23.316853000324045
3279,0.03454051199969399,34.54051199969399
3280,0.023565645000417135,23.565645000417135
3281,0.02344780899966281,23.44780899966281
3282,0.02296329599994351,22.96329599994351
3283,0.028119173999584746,28.119173999584746
3284,0.023642726000616676,23.642726000616676
3285,0.023038729000290914,23.038729000290914
3286,0.022338906999721075,22.338906999721075
3287,0.031206253999698674,31.206253999698674
3288,0.025690993000353046,25.690993000353046
3289,0.02273812299972633,22.73812299972633
3290,0.022740430000339984,22.740430000339984
3291,0.030776421000155096,30.776421000155096
3292,0.027760615999795846,27.760615999795846
3293,0.023394357999677595,23.394357999677595
3294,0.02294691800034343,22.94691800034343
3295,0.03166240500013373,31.66240500013373
3296,0.024237853000158793,24.237853000158793
3297,0.024044785000114643,24.044785000114643
3298,0.022421881000809663,22.421881000809663
3299,0.02816185299980134,28.16185299980134
3300,0.025808506999965175,25.808506999965175
3301,0.022917598999811162,22.91759899981116
3302,0.02223242400032177,22.23242400032177
3303,0.03096562799964886,30.96562799964886
3304,0.02741911200064351,27.41911200064351
3305,0.023771472999214893,23.771472999214893
3306,0.022571563999918,22.571563999918
3307,0.032820309000271664,32.82030900027166
3308,0.024121894000018074,24.121894000018074
3309,0.024497417000020505,24.497417000020505
3310,0.02267078099976061,22.67078099976061
3311,0.028002703000311158,28.002703000311158
3312,0.02351966799960792,23.51966799960792
3313,0.022673114000099304,22.673114000099304
3314,0.022291641000265372,22.291641000265372
3315,0.031209806999868306,31.209806999868306
3316,0.02676301900010003,26.76301900010003
3317,0.023216996000883228,23.216996000883228
3318,0.022540191000189225,22.540191000189225
3319,0.03117939200001274,31.17939200001274
3320,0.025796036000429012,25.796036000429012
3321,0.022902726999745937,22.902726999745937
3322,0.022769905000131985,22.769905000131985
3323,0.0311764990001393,31.1764990001393
3324,0.024036559999331075,24.036559999331075
3325,0.02349533699998574,23.49533699998574
3326,0.02279103999990184,22.79103999990184
3327,0.03260391799994977,32.60391799994977
3328,0.023235462000229745,23.235462000229745
3329,0.02323634399999719,23.23634399999719
3330,0.02467162900029507,24.67162900029507
3331,0.0276877490005063,27.6877490005063
3332,0.02510976700068568,25.10976700068568
3333,0.022565852000298037,22.565852000298037
3334,0.022136654999485472,22.136654999485472
3335,0.030320358000608394,30.320358000608394
3336,0.028348754000035115,28.348754000035115
3337,0.023435655000866973,23.435655000866973
3338,0.022620203000769834,22.620203000769834
3339,0.032430377999844495,32.430377999844495
3340,0.02356585899997299,23.56585899997299
3341,0.02342870899974514,23.42870899974514
3342,0.023262174000592495,23.262174000592495
3343,0.03405465000014374,34.05465000014374
3344,0.024323428000570857,24.323428000570857
3345,0.0230931630003397,23.0931630003397
3346,0.022302923000097508,22.302923000097508
3347,0.02820923600029346,28.20923600029346
3348,0.023638281000785355,23.638281000785355
3349,0.023075133000020287,23.075133000020287
3350,0.022527289999743516,22.527289999743516
3351,0.029537895999965258,29.537895999965258
3352,0.027989612999590463,27.989612999590463
3353,0.023013180000816646,23.013180000816646
3354,0.02208265199988091,22.08265199988091
3355,0.03004536200023722,30.04536200023722
3356,0.0287634269998307,28.7634269998307
3357,0.023084629999175377,23.084629999175377
3358,0.022842464999484946,22.842464999484946
3359,0.03239078500064352,32.39078500064352
3360,0.02362692299993796,23.62692299993796
3361,0.023259769000105734,23.259769000105734
3362,0.023162785999375046,23.162785999375046
3363,0.03266994099976728,32.66994099976728
3364,0.023699477999798546,23.699477999798546
3365,0.02359967200027313,23.59967200027313
3366,0.022863049000079627,22.863049000079627
3367,0.02723243999935221,27.23243999935221
3368,0.02617451100013568,26.17451100013568
3369,0.02275527000074362,22.75527000074362
3370,0.022415671000089787,22.415671000089787
3371,0.03175628600001801,31.756286000018008
3372,0.025140441000075953,25.140441000075953
3373,0.023002879999694414,23.002879999694414
3374,0.023218854000333522,23.218854000333522
3375,0.03110503200059611,31.10503200059611
3376,0.023433936999936122,23.433936999936122
3377,0.023713057999884768,23.713057999884768
3378,0.022474946999864187,22.474946999864187
3379,0.03163064199998189,31.63064199998189
3380,0.028586989999894286,28.586989999894286
3381,0.023988372000530944,23.988372000530944
3382,0.02460139100003289,24.60139100003289
3383,0.03544313600013993,35.44313600013993
3384,0.029181281000091985,29.181281000091985
3385,0.02331117100038682,23.31117100038682
3386,0.02281971699994756,22.81971699994756
3387,0.0350548920005167,35.0548920005167
3388,0.023788296000020637,23.788296000020637
3389,0.02370120900013717,23.70120900013717
3390,0.02631181699962326,26.31181699962326
3391,0.03964828500011208,39.64828500011208
3392,0.03464775300017209,34.64775300017209
3393,0.023321452000345744,23.321452000345744
3394,0.02535868299946742,25.35868299946742
3395,0.03431358299985732,34.31358299985732
3396,0.02467636500023218,24.67636500023218
3397,0.023410632999912195,23.410632999912195
3398,0.023636117999558337,23.636117999558337
3399,0.034385659999315976,34.385659999315976
3400,0.025792604999878677,25.792604999878677
3401,0.0233571459993982,23.3571459993982
3402,0.02314653699977498,23.14653699977498
3403,0.027253451000433415,27.253451000433415
3404,0.03520852599922364,35.20852599922364
3405,0.030331935000504018,30.331935000504018
3406,0.02642055700016499,26.42055700016499
3407,0.04407495000032213,44.07495000032213
3408,0.02614038800038543,26.14038800038543
3409,0.024245016000350006,24.245016000350006
3410,0.02524288200038427,25.24288200038427
3411,0.05030098299994279,50.30098299994279
3412,0.027573269999265904,27.573269999265904
3413,0.026945142999466043,26.945142999466043
3414,0.03018387999964034,30.18387999964034
3415,0.045568460000140476,45.568460000140476
3416,0.024376725999900373,24.376725999900373
3417,0.021163059000173234,21.163059000173234
3418,0.03419037599996955,34.19037599996955
3419,0.02919739800017851,29.19739800017851
3420,0.021296728999914194,21.296728999914194
3421,0.020230626000738994,20.230626000738994
3422,0.036376113000187615,36.376113000187615
3423,0.024077840999780165,24.077840999780165
3424,0.021116633999554324,21.116633999554324
3425,0.022575998999855074,22.575998999855074
3426,0.0332991220002441,33.2991220002441
3427,0.027781755000432895,27.781755000432895
3428,0.021817522000674217,21.817522000674217
3429,0.020915070000228297,20.915070000228297
3430,0.03346841299935477,33.46841299935477
3431,0.029046022999864363,29.046022999864363
3432,0.022433924000324623,22.433924000324623
3433,0.02067994099979842,20.67994099979842
3434,0.0383701659993676,38.3701659993676
3435,0.026643498000339605,26.643498000339605
3436,0.027682334000019182,27.682334000019182
3437,0.03040969900030177,30.40969900030177
3438,0.04823932199997216,48.23932199997216
3439,0.026049641000099655,26.049641000099655
3440,0.02531571100007568,25.31571100007568
3441,0.023000782000053732,23.000782000053732
3442,0.029484951999620534,29.484951999620534
3443,0.03086717799942562,30.86717799942562
3444,0.02238411200050905,22.38411200050905
3445,0.02219398200031719,22.19398200031719
3446,0.029068119999465125,29.068119999465125
3447,0.02861358299924177,28.61358299924177
3448,0.02268145000016375,22.68145000016375
3449,0.022335405999911018,22.335405999911018
3450,0.028539811000882764,28.539811000882764
3451,0.029850719000023673,29.850719000023673
3452,0.023212968999359873,23.212968999359873
3453,0.02248352199967485,22.48352199967485
3454,0.029126441000698833,29.126441000698833
3455,0.029557453000052192,29.557453000052192
3456,0.022946320000301057,22.946320000301057
3457,0.027128284000355052,27.128284000355052
3458,0.03362871100034681,33.62871100034681
3459,0.023358776999884867,23.358776999884867
3460,0.022923350999917602,22.923350999917602
3461,0.023448261999874376,23.448261999874376
3462,0.029418913999506913,29.418913999506913
3463,0.024294402000123227,24.294402000123227
3464,0.02344919999995909,23.44919999995909
3465,0.0224703750000117,22.4703750000117
3466,0.031564330000037444,31.564330000037444
3467,0.02477244200053974,24.77244200053974
3468,0.022893969999131514,22.893969999131514
3469,0.0212082449997979,21.2082449997979
3470,0.03819351699985418,38.19351699985418
3471,0.02300213799935591,23.00213799935591
3472,0.022587166000448633,22.587166000448633
3473,0.023348345000158588,23.348345000158588
3474,0.025546371000018553,25.546371000018553
3475,0.037513797000428895,37.513797000428895
3476,0.022780414999942877,22.780414999942877
3477,0.021753924999757146,21.753924999757146
3478,0.028712629999972705,28.712629999972705
3479,0.029382069000348565,29.382069000348565
3480,0.022790070000155538,22.790070000155538
3481,0.022320777000459202,22.320777000459202
3482,0.038040616999751364,38.040616999751364
3483,0.02845604899994214,28.45604899994214
3484,0.023074490999533737,23.074490999533737
3485,0.02377085099942633,23.77085099942633
3486,0.034586187999593676,34.586187999593676
3487,0.02365845700023783,23.65845700023783
3488,0.023826672999348375,23.826672999348375
3489,0.022517923999657796,22.517923999657796
3490,0.029378925000855816,29.378925000855816
3491,0.022669166999548906,22.669166999548906
3492,0.02259058500021638,22.59058500021638
3493,0.02211461699971551,22.11461699971551
3494,0.025360302000080992,25.360302000080992
3495,0.03126499900008639,31.26499900008639
3496,0.02354750300037267,23.54750300037267
3497,0.023419189999913215,23.419189999913215
3498,0.03088134900008299,30.88134900008299
3499,0.027626299999610637,27.626299999610637
3500,0.02370698300001095,23.70698300001095
3501,0.02285637700060761,22.85637700060761
3502,0.03409761500006425,34.09761500006425
3503,0.023972981999577314,23.972981999577314
3504,0.02282154000022274,22.82154000022274
3505,0.022274423999988358,22.274423999988358
3506,0.027734209999835002,27.734209999835002
3507,0.03266700399944966,32.66700399944966
3508,0.024087648000204354,24.087648000204354
3509,0.025569670000550104,25.569670000550104
3510,0.06340897500012943,63.40897500012943
3511,0.02907699700062949,29.07699700062949
3512,0.027137189999848488,27.137189999848488
3513,0.02405346199975611,24.05346199975611
3514,0.04008925600010116,40.08925600010116
3515,0.022915540000212786,22.915540000212786
3516,0.021523356000216154,21.523356000216154
3517,0.0204792959993938,20.4792959993938
3518,0.03653537999980472,36.53537999980472
3519,0.022873016999255924,22.873016999255924
3520,0.021382251999966684,21.382251999966684
3521,0.024646086999382533,24.646086999382533
3522,0.029506918999686604,29.506918999686604
3523,0.022021824999683304,22.021824999683304
3524,0.021169831000406703,21.169831000406703
3525,0.020356014999379113,20.356014999379113
3526,0.03006572899994353,30.06572899994353
3527,0.028257433000362653,28.257433000362653
3528,0.02147191199946974,21.47191199946974
3529,0.020815384999878006,20.815384999878006
3530,0.028270474999771977,28.270474999771977
3531,0.06789408799977537,67.89408799977537
3532,0.21242311500009237,212.42311500009237
3533,0.02203247499983263,22.03247499983263
3534,0.02965479399972537,29.65479399972537
3535,0.027968137000243587,27.968137000243587
3536,0.023299309999856632,23.299309999856632
3537,0.021855254999536555,21.855254999536555
3538,0.029348598000069614,29.348598000069614
3539,0.028919622000103118,28.919622000103118
3540,0.023078388000612904,23.078388000612904
3541,0.022272487000009278,22.272487000009278
3542,0.031384087999867916,31.384087999867916
3543,0.029745211000772542,29.745211000772542
3544,0.022205440999641723,22.205440999641723
3545,0.023018748000140477,23.018748000140477
3546,0.02468512900031783,24.68512900031783
3547,0.03610437699990143,36.10437699990143
3548,0.02368264399956388,23.68264399956388
3549,0.02254881800035946,22.54881800035946
3550,0.03398202799962746,33.98202799962746
3551,0.023826478000046336,23.826478000046336
3552,0.02341774999968038,23.41774999968038
3553,0.023281728000256408,23.281728000256408
3554,0.027896585000235063,27.896585000235063
3555,0.023673335000239604,23.673335000239604
3556,0.0233988310001223,23.3988310001223
3557,0.022375009999450413,22.375009999450413
3558,0.0323431429997072,32.3431429997072
3559,0.025255367000681872,25.255367000681872
3560,0.025799744999858376,25.799744999858376
3561,0.024513013999239774,24.513013999239774
3562,0.025338511999507318,25.33851199950732
3563,0.03329715400013811,33.29715400013811
3564,0.029252645000269695,29.252645000269695
3565,0.023106031999304832,23.106031999304832
3566,0.03525828800047748,35.25828800047748
3567,0.025607870000385446,25.607870000385446
3568,0.024224052999670675,24.224052999670675
3569,0.02502741199987213,25.02741199987213
3570,0.03917453400026716,39.17453400026716
3571,0.0265818580000996,26.5818580000996
3572,0.02369042099962826,23.69042099962826
3573,0.022942595000131405,22.942595000131405
3574,0.0346807269997953,34.6807269997953
3575,0.02407416000005469,24.07416000005469
3576,0.023380138999527844,23.380138999527844
3577,0.022880694000377844,22.880694000377844
3578,0.028491919999396487,28.491919999396487
3579,0.024152454999239126,24.152454999239126
3580,0.022934898999665165,22.934898999665165
3581,0.023283602999981667,23.283602999981667
3582,0.026689590999922075,26.689590999922075
3583,0.032015658999625884,32.015658999625884
3584,0.023312225000154285,23.312225000154285
3585,0.02255814599993755,22.55814599993755
3586,0.02766074199917057,27.66074199917057
3587,0.031249742999534647,31.249742999534647
3588,0.022243485000217333,22.243485000217333
3589,0.022358422000252176,22.358422000252176
3590,0.02922311400016042,29.22311400016042
3591,0.030724831000043196,30.724831000043196
3592,0.027174609000212513,27.174609000212513
3593,0.025387480999597756,25.387480999597756
3594,0.029085211000165145,29.085211000165145
3595,0.02425771500020346,24.25771500020346
3596,0.024186580000787217,24.186580000787217
3597,0.024271102000057,24.271102000057
3598,0.026647077999768953,26.647077999768953
3599,0.03696473799936939,36.96473799936939
3600,0.02393383599974186,23.93383599974186
3601,0.023010333999991417,23.010333999991417
3602,0.03495448900048359,34.95448900048359
3603,0.025964953999391582,25.964953999391582
3604,0.022395838999727857,22.395838999727857
3605,0.022752177999791456,22.752177999791456
3606,0.03104826700018748,31.04826700018748
3607,0.027713114000107453,27.713114000107453
3608,0.023998998000024585,23.998998000024585
3609,0.022704281999722298,22.704281999722298
3610,0.034790353999596846,34.790353999596846
3611,0.027289951000057044,27.289951000057044
3612,0.02331239400064078,23.31239400064078
3613,0.02305384199917171,23.05384199917171
3614,0.028865962000054424,28.865962000054424
3615,0.03048839399980352,30.48839399980352
3616,0.022758275999876787,22.758275999876787
3617,0.022783463000450865,22.783463000450865
3618,0.02881114600040746,28.81114600040746
3619,0.028465258000323956,28.465258000323956
3620,0.02332949900028325,23.32949900028325
3621,0.021943983000710432,21.943983000710432
3622,0.028728733999741962,28.728733999741962
3623,0.02952164399994217,29.52164399994217
3624,0.023281768000742886,23.281768000742886
3625,0.022937125999305863,22.937125999305863
3626,0.03222388500034867,32.22388500034867
3627,0.030140062000100443,30.140062000100443
3628,0.023219871999572206,23.219871999572206
3629,0.022345766999933403,22.345766999933403
3630,0.03196066199961933,31.960661999619333
3631,0.024859475999619463,24.859475999619463
3632,0.02341599800001859,23.41599800001859
3633,0.023395135999635386,23.395135999635386
3634,0.03886557299938431,38.86557299938431
3635,0.02467155299927981,24.67155299927981
3636,0.022304377999716962,22.304377999716962
3637,0.022364769999512646,22.364769999512646
3638,0.030479459000162024,30.479459000162024
3639,0.028701132000605867,28.701132000605867
3640,0.0227225089993226,22.7225089993226
3641,0.022227315000236558,22.22731500023656
3642,0.02993404099925101,29.93404099925101
3643,0.03210456200031331,32.10456200031331
3644,0.02281909999965137,22.81909999965137
3645,0.02190665999933117,21.90665999933117
3646,0.03150647199981904,31.50647199981904
3647,0.029118063999703736,29.118063999703736
3648,0.023370561999399797,23.370561999399797
3649,0.02262233199962793,22.62233199962793
3650,0.038280961999589636,38.280961999589636
3651,0.023350677999587788,23.350677999587788
3652,0.022763164000025427,22.763164000025427
3653,0.02321998700062977,23.21998700062977
3654,0.030301011000119615,30.301011000119615
3655,0.023429730999851017,23.429730999851017
3656,0.022880468999574077,22.880468999574077
3657,0.02202668999962043,22.02668999962043
3658,0.03219021099994279,32.19021099994279
3659,0.023787787000401295,23.787787000401295
3660,0.024203955000302813,24.203955000302813
3661,0.022476019999885466,22.476019999885466
3662,0.027644964000501204,27.644964000501204
3663,0.02715567699942767,27.15567699942767
3664,0.022924867999790877,22.924867999790877
3665,0.0226568860007319,22.6568860007319
3666,0.029596948000289558,29.596948000289558
3667,0.028234849000000395,28.234849000000395
3668,0.021725433000028715,21.725433000028715
3669,0.02105727200068941,21.05727200068941
3670,0.033586266999918735,33.586266999918735
3671,0.029083901999911177,29.083901999911177
3672,0.021197312000367674,21.197312000367674
3673,0.020769306999682158,20.769306999682158
3674,0.0337066269994466,33.7066269994466
3675,0.028435535999960848,28.435535999960848
3676,0.02073272000052384,20.73272000052384
3677,0.026675631000216526,26.675631000216526
3678,0.03445222499976808,34.45222499976808
3679,0.022941678000279353,22.941678000279353
3680,0.021422063000500202,21.422063000500202
3681,0.02148557999953482,21.48557999953482
3682,0.03510376600024756,35.10376600024756
3683,0.02405549700051779,24.05549700051779
3684,0.021739359000093827,21.739359000093827
3685,0.02099318000000494,20.99318000000494
3686,0.034651411000595544,34.651411000595544
3687,0.021993940000356815,21.993940000356815
3688,0.021407955000540824,21.407955000540824
3689,0.020614731000023312,20.614731000023312
3690,0.03296147499986546,32.96147499986546
3691,0.02743642999939766,27.43642999939766
3692,0.021232652999970014,21.232652999970014
3693,0.020211806999213877,20.211806999213877
3694,0.031421931000295444,31.421931000295444
3695,0.028985582999666804,28.985582999666804
3696,0.02147675000014715,21.47675000014715
3697,0.021195429000727017,21.195429000727017
3698,0.03217086600034236,32.17086600034236
3699,0.028838825000093493,28.838825000093493
3700,0.02074591499967937,20.74591499967937
3701,0.02105369399941992,21.05369399941992
3702,0.03187859199988452,31.87859199988452
3703,0.0320050740001534,32.0050740001534
3704,0.029417882000416284,29.417882000416284
3705,0.027336561000083748,27.336561000083748
3706,0.037964530000863306,37.964530000863306
3707,0.02448945600008301,24.48945600008301
3708,0.02294443600021623,22.94443600021623
3709,0.02749748099995486,27.49748099995486
3710,0.02751643099963985,27.51643099963985
3711,0.03208551300031104,32.08551300031104
3712,0.02285475100052281,22.85475100052281
3713,0.022313817999929597,22.313817999929597
3714,0.028458012000555755,28.458012000555755
3715,0.030526352999913797,30.526352999913797
3716,0.023149869999542716,23.149869999542716
3717,0.021841949000190652,21.841949000190652
3718,0.028767267000148422,28.767267000148422
3719,0.029887441999562725,29.887441999562725
3720,0.023018402000161586,23.018402000161586
3721,0.022353250999913143,22.353250999913143
3722,0.029666626999642176,29.666626999642176
3723,0.028583577999597765,28.583577999597765
3724,0.02290785299919662,22.90785299919662
3725,0.022986508999565558,22.986508999565558
3726,0.02892487099961727,28.92487099961727
3727,0.028407245999915176,28.407245999915176
3728,0.023990108000361943,23.990108000361943
3729,0.022160999000334414,22.160999000334414
3730,0.029620661000080872,29.620661000080872
3731,0.028981638999539427,28.981638999539427
3732,0.02214802799971949,22.14802799971949
3733,0.02197033299944451,21.97033299944451
3734,0.031070764999640232,31.070764999640232
3735,0.028471496999372903,28.471496999372903
3736,0.022147630999825196,22.147630999825196
3737,0.02273457100000087,22.73457100000087
3738,0.030162508999637794,30.162508999637794
3739,0.029004044999965117,29.004044999965117
3740,0.023304977000407234,23.304977000407234
3741,0.022760130999813555,22.760130999813555
3742,0.03797259600014513,37.97259600014513
3743,0.024140307999914512,24.140307999914512
3744,0.023391507000269485,23.391507000269485
3745,0.02217386099982832,22.17386099982832
3746,0.02746598100020492,27.46598100020492
3747,0.02283818700016127,22.83818700016127
3748,0.022481510999568854,22.481510999568854
3749,0.022940335000384948,22.940335000384948
3750,0.03222911400007433,32.22911400007433
3751,0.02509240699964721,25.09240699964721
3752,0.02353664700058289,23.53664700058289
3753,0.022347950000039418,22.34795000003942
3754,0.03268551900055172,32.68551900055172
3755,0.024039803000050597,24.039803000050597
3756,0.0227553260001514,22.7553260001514
3757,0.02276806299960299,22.76806299960299
3758,0.029740597999989404,29.740597999989404
3759,0.024794306999865512,24.794306999865512
3760,0.024893349000194576,24.893349000194576
3761,0.024208124999859137,24.208124999859137
3762,0.042901974000415066,42.901974000415066
3763,0.026733835999948496,26.733835999948496
3764,0.02278503300021839,22.78503300021839
3765,0.025855553999463154,25.855553999463154
3766,0.045239410000249336,45.239410000249336
3767,0.024721585000406776,24.721585000406776
3768,0.0228546140006074,22.8546140006074
3769,0.022308362999865494,22.308362999865494
3770,0.03240151199952379,32.40151199952379
3771,0.024936202999924717,24.936202999924717
3772,0.0228494259999934,22.8494259999934
3773,0.0228765720003139,22.8765720003139
3774,0.035028708999561786,35.028708999561786
3775,0.023470455999813566,23.470455999813566
3776,0.02324342100018839,23.24342100018839
3777,0.022432553999351512,22.432553999351512
3778,0.03671394800039707,36.71394800039707
3779,0.024088082000162103,24.088082000162103
3780,0.022799669000050926,22.799669000050926
3781,0.022926873999495,22.926873999495
3782,0.027160916999491747,27.160916999491747
3783,0.02894318899961945,28.94318899961945
3784,0.022774196000682423,22.774196000682423
3785,0.022640006999608886,22.640006999608886
3786,0.02621714700035227,26.21714700035227
3787,0.03076511300059792,30.76511300059792
3788,0.023553087999971467,23.553087999971467
3789,0.023052657000334875,23.052657000334875
3790,0.029631538999637996,29.631538999637996
3791,0.029159295999306778,29.159295999306778
3792,0.023153566000473802,23.153566000473802
3793,0.022192255999470945,22.192255999470945
3794,0.03018186400004197,30.18186400004197
3795,0.04006432699952711,40.06432699952711
3796,0.02258586199968704,22.58586199968704
3797,0.02228924300015933,22.28924300015933
3798,0.026759673000015027,26.759673000015027
3799,0.0242751119994864,24.2751119994864
3800,0.022766774000047008,22.766774000047008
3801,0.02368915399983962,23.68915399983962
3802,0.03244509900014236,32.44509900014236
3803,0.07175317800010816,71.75317800010816
3804,0.10354569599985552,103.54569599985552
3805,0.03422323399991001,34.22323399991001
3806,0.045473768999727326,45.473768999727326
3807,0.03331232900018222,33.31232900018222
3808,0.022951597000428592,22.951597000428592
3809,0.028284146999794757,28.284146999794757
3810,0.02741972999956488,27.41972999956488
3811,0.02237791700008529,22.37791700008529
3812,0.02221110300069995,22.21110300069995
3813,0.0317070880000756,31.7070880000756
3814,0.027037441000175022,27.037441000175022
3815,0.023647147000701807,23.647147000701807
3816,0.02231738599948585,22.31738599948585
3817,0.03158846499991341,31.588464999913413
3818,0.02588682600071479,25.88682600071479
3819,0.023036702000354126,23.036702000354126
3820,0.023023193999506475,23.023193999506475
3821,0.03527865700016264,35.27865700016264
3822,0.023126410999793734,23.126410999793734
3823,0.02290505599921744,22.90505599921744
3824,0.02327111600061471,23.27111600061471
3825,0.027144901999236026,27.144901999236026
3826,0.023762116999932914,23.762116999932914
3827,0.023078645000168763,23.078645000168763
3828,0.022331111999847053,22.331111999847053
3829,0.029896058999838715,29.896058999838715
3830,0.02846622499964724,28.46622499964724
3831,0.022693089000313194,22.693089000313194
3832,0.022236720000364585,22.236720000364585
3833,0.03150564200041117,31.50564200041117
3834,0.028916682999806653,28.916682999806653
3835,0.02273953900021297,22.73953900021297
3836,0.022828300000583113,22.828300000583113
3837,0.03368467100062844,33.68467100062844
3838,0.02372477799963235,23.72477799963235
3839,0.02368562199990265,23.68562199990265
3840,0.022932288000447443,22.932288000447443
3841,0.027726858999812976,27.726858999812976
3842,0.025456820999352203,25.456820999352203
3843,0.023198984999908134,23.198984999908134
3844,0.02283436099969549,22.83436099969549
3845,0.035155271999428805,35.155271999428805
3846,0.023769958000229963,23.769958000229963
3847,0.02290985499985254,22.90985499985254
3848,0.022773907000555482,22.773907000555482
3849,0.027765917000579066,27.765917000579066
3850,0.027238122999733605,27.238122999733605
3851,0.021831297999597155,21.831297999597155
3852,0.020314443000643223,20.314443000643223
3853,0.031042405999869516,31.042405999869516
3854,0.027841742999953567,27.841742999953567
3855,0.02181317400027183,21.81317400027183
3856,0.021094299000651517,21.094299000651517
3857,0.03237239200007025,32.37239200007025
3858,0.02849687200068729,28.49687200068729
3859,0.02214722200005781,22.14722200005781
3860,0.02105308399950445,21.05308399950445
3861,0.03390674299953389,33.90674299953389
3862,0.028342306000013195,28.342306000013195
3863,0.021799382000608603,21.799382000608603
3864,0.02041281899983005,20.41281899983005
3865,0.03228073700029199,32.28073700029199
3866,0.02763497500018275,27.63497500018275
3867,0.021095078000143985,21.095078000143985
3868,0.02315694299977622,23.15694299977622
3869,0.03562723800041567,35.62723800041567
3870,0.022893954999744892,22.893954999744892
3871,0.021588085999610485,21.588085999610485
3872,0.060793394000029366,60.793394000029366
3873,0.042555452999295085,42.555452999295085
3874,0.02426128300066921,24.26128300066921
3875,0.02258570000049076,22.58570000049076
3876,0.02216199200029223,22.16199200029223
3877,0.028402495999216626,28.402495999216626
3878,0.02396834899991518,23.96834899991518
3879,0.022564322999642172,22.564322999642172
3880,0.022264130000621662,22.264130000621662
3881,0.03208414100026857,32.08414100026857
3882,0.024499107000337972,24.499107000337972
3883,0.023380704000373953,23.380704000373953
3884,0.022914416999810783,22.914416999810783
3885,0.02951199900053325,29.51199900053325
3886,0.02392916500048159,23.92916500048159
3887,0.02332925199971214,23.32925199971214
3888,0.023809336999875086,23.809336999875086
3889,0.024050191000242194,24.050191000242194
3890,0.02611356999932468,26.11356999932468
3891,0.038250049000453146,38.250049000453146
3892,0.025372342000082426,25.372342000082426
3893,0.04627203699965321,46.27203699965321
3894,0.024656118000166316,24.656118000166316
3895,0.022138614999676065,22.138614999676065
3896,0.02402921700013394,24.02921700013394
3897,0.04220289499971841,42.20289499971841
3898,0.030212579000362894,30.212579000362894
3899,0.026741157999822462,26.741157999822462
3900,0.026815608000106295,26.815608000106295
3901,0.030242158999499225,30.242158999499225
3902,0.03319394099980855,33.19394099980855
3903,0.02263086299990391,22.63086299990391
3904,0.022198347999619727,22.198347999619727
3905,0.03100327200081665,31.00327200081665
3906,0.0281404150000526,28.1404150000526
3907,0.022778573999858054,22.778573999858054
3908,0.022689434000312758,22.689434000312758
3909,0.030866916999912064,30.866916999912064
3910,0.02839024500008236,28.39024500008236
3911,0.024038917999860132,24.038917999860132
3912,0.022349160999510786,22.349160999510786
3913,0.03156936899995344,31.56936899995344
3914,0.028513780000139377,28.513780000139377
3915,0.022339723000186495,22.339723000186495
3916,0.021911992000241298,21.9119920002413
3917,0.030743508999876212,30.743508999876212
3918,0.028456390000428655,28.456390000428655
3919,0.02228012699924875,22.28012699924875
3920,0.03389114200035692,33.89114200035692
3921,0.02864503299952048,28.64503299952048
3922,0.03134791599950404,31.34791599950404
3923,0.023403974999382626,23.403974999382626
3924,0.023282420999748865,23.282420999748865
3925,0.043431318000330066,43.431318000330066
3926,0.027578686999731872,27.57868699973187
3927,0.024007957999856444,24.007957999856444
3928,0.02075104100003955,20.75104100003955
3929,0.03128457599996182,31.284575999961817
3930,0.029631674000484054,29.631674000484054
3931,0.02254832800008444,22.54832800008444
3932,0.022738687999662943,22.738687999662943
3933,0.029796107999572996,29.796107999572996
3934,0.02877619799983222,28.77619799983222
3935,0.023324323999986518,23.324323999986518
3936,0.02338527499978227,23.38527499978227
3937,0.031666462999965006,31.666462999965006
3938,0.025814731999162177,25.814731999162177
3939,0.023461580999537546,23.461580999537546
3940,0.022965872999520798,22.965872999520798
3941,0.03488455699971382,34.88455699971382
3942,0.02339009299976169,23.39009299976169
3943,0.02285706700058654,22.85706700058654
3944,0.023120464999919932,23.120464999919932
3945,0.027152283999384963,27.152283999384963
3946,0.027150224999786587,27.150224999786587
3947,0.022680077000586607,22.680077000586607
3948,0.022177705000103742,22.177705000103742
3949,0.030271536999862292,30.271536999862292
3950,0.029022581000390346,29.022581000390346
3951,0.022839874000055715,22.839874000055715
3952,0.022946727000089595,22.946727000089595
3953,0.03277555700060475,32.77555700060475
3954,0.023605444000168063,23.605444000168063
3955,0.02278472000034526,22.78472000034526
3956,0.023359483000604087,23.359483000604087
3957,0.03417050299958646,34.17050299958646
3958,0.023411284000758315,23.411284000758315
3959,0.023450080999282363,23.450080999282363
3960,0.02376886199999717,23.76886199999717
3961,0.02659938799934025,26.59938799934025
3962,0.03410761299983278,34.10761299983278
3963,0.022872106000249914,22.872106000249914
3964,0.02248955399954866,22.48955399954866
3965,0.028765545999704045,28.765545999704045
3966,0.028758976999597508,28.758976999597508
3967,0.022338476999721024,22.338476999721024
3968,0.022220573000595323,22.220573000595323
3969,0.0258066719998169,25.8066719998169
3970,0.030668429000797914,30.668429000797914
3971,0.023443787000360317,23.443787000360317
3972,0.022772756999984267,22.772756999984267
3973,0.03588666500036197,35.88666500036197
3974,0.03178800199930265,31.78800199930265
3975,0.022228941000321356,22.228941000321356
3976,0.022261215999606065,22.261215999606065
3977,0.0349791959997674,34.9791959997674
3978,0.02341732700006105,23.41732700006105
3979,0.023128935000386264,23.128935000386264
3980,0.023546424999949522,23.546424999949522
3981,0.024979449999591452,24.979449999591452
3982,0.03460216500025126,34.60216500025126
3983,0.022953660999519343,22.953660999519343
3984,0.021921417000157817,21.921417000157817
3985,0.028915038999912213,28.915038999912213
3986,0.023725443000330415,23.725443000330415
3987,0.023176982999757456,23.176982999757456
3988,0.022368613999788067,22.368613999788067
3989,0.030199663000530563,30.199663000530563
3990,0.02346190000025672,23.46190000025672
3991,0.02355938199980301,23.55938199980301
3992,0.023265257999810274,23.265257999810274
3993,0.02818199899957108,28.18199899957108
3994,0.027047771999605175,27.047771999605175
3995,0.0226868520003336,22.6868520003336
3996,0.022900108000612818,22.900108000612818
3997,0.02998632000071666,29.98632000071666
3998,0.029320231999918178,29.320231999918178
3999,0.023252764999597275,23.252764999597275
4000,0.0226720499995281,22.6720499995281
4001,0.0334965040001407,33.4965040001407
4002,0.023660939000365033,23.660939000365033
4003,0.02326225000069826,23.26225000069826
4004,0.02325781299987284,23.25781299987284
4005,0.027850655000293045,27.850655000293045
4006,0.02568470400001388,25.68470400001388
4007,0.022939671000131057,22.939671000131057
4008,0.02202234500055056,22.02234500055056
4009,0.029667481000615226,29.667481000615226
4010,0.028900932999931683,28.900932999931683
4011,0.022861589000058302,22.861589000058302
4012,0.022263366999141,22.263366999141
4013,0.030581965999772365,30.581965999772365
4014,0.028235092000613804,28.235092000613804
4015,0.022372679000000062,22.372679000000062
4016,0.02278113000011217,22.78113000011217
4017,0.03233268199983286,32.33268199983286
4018,0.025283025999669917,25.283025999669917
4019,0.02360334100012551,23.60334100012551
4020,0.022796554000706237,22.796554000706237
4021,0.0347096559999045,34.7096559999045
4022,0.024420484000074794,24.420484000074794
4023,0.023602772999765875,23.602772999765875
4024,0.022917174999747658,22.917174999747658
4025,0.02997069399953034,29.97069399953034
4026,0.023538295999969705,23.538295999969705
4027,0.023367376000351214,23.367376000351214
4028,0.02315079700019851,23.15079700019851
4029,0.03386109300026874,33.86109300026874
4030,0.024092644999655022,24.092644999655022
4031,0.023156931999437802,23.156931999437802
4032,0.022101026000200363,22.101026000200363
4033,0.03490625199992792,34.90625199992792
4034,0.02524495299985574,25.24495299985574
4035,0.024502543000380683,24.502543000380683
4036,0.025205748000189487,25.205748000189487
4037,0.031424966000486165,31.424966000486165
4038,0.02876319200004218,28.76319200004218
4039,0.023693389000072784,23.693389000072784
4040,0.022919236999769055,22.919236999769055
4041,0.0286848989999271,28.6848989999271
4042,0.028302690000600705,28.302690000600705
4043,0.022857273000226996,22.857273000226996
4044,0.022177501999976812,22.177501999976812
4045,0.029091155000060098,29.0911550000601
4046,0.02911493999999948,29.11493999999948
4047,0.02219184400019003,22.19184400019003
4048,0.022406371000215586,22.406371000215586
4049,0.03342879899992113,33.42879899992113
4050,0.02703280000059749,27.03280000059749
4051,0.023837146999539982,23.837146999539982
4052,0.02327107399923989,23.27107399923989
4053,0.03494866900018678,34.94866900018678
4054,0.023359340000752127,23.359340000752127
4055,0.023731320000479172,23.731320000479172
4056,0.022372931000063545,22.372931000063545
4057,0.028262638000342122,28.262638000342122
4058,0.023914668000543315,23.914668000543315
4059,0.022783805000472057,22.783805000472057
4060,0.02229098099996918,22.29098099996918
4061,0.029525480999836873,29.525480999836873
4062,0.03341826999985642,33.41826999985642
4063,0.022791957000663388,22.791957000663388
4064,0.02277264800068224,22.77264800068224
4065,0.02676352000071347,26.76352000071347
4066,0.025750325999979395,25.750325999979395
4067,0.023371946000224852,23.371946000224852
4068,0.022737340000276163,22.737340000276163
4069,0.03185827200013591,31.858272000135912
4070,0.025383112999406876,25.383112999406876
4071,0.02302858099938021,23.02858099938021
4072,0.02285246500014182,22.85246500014182
4073,0.03213667100044404,32.13667100044404
4074,0.024066973000117287,24.066973000117287
4075,0.023261562000698177,23.261562000698177
4076,0.02318315199954668,23.18315199954668
4077,0.034702177999861306,34.702177999861306
4078,0.02388164300009521,23.88164300009521
4079,0.023323284999605676,23.323284999605676
4080,0.022787335999964853,22.787335999964853
4081,0.028926412999680906,28.926412999680906
4082,0.02361475999987306,23.61475999987306
4083,0.02284797099946445,22.84797099946445
4084,0.022363504000168177,22.363504000168177
4085,0.03221685199969215,32.21685199969215
4086,0.02521164400059206,25.21164400059206
4087,0.023284437999791407,23.284437999791407
4088,0.022951818000365165,22.951818000365165
4089,0.03817573200012703,38.17573200012703
4090,0.02407192800001212,24.07192800001212
4091,0.024901252999370627,24.901252999370627
4092,0.0272840029992949,27.2840029992949
4093,0.032426136000140104,32.426136000140104
4094,0.03790404000028502,37.90404000028502
4095,0.02375412600031268,23.75412600031268
4096,0.0244495150000148,24.4495150000148
4097,0.03593992399964918,35.93992399964918
4098,0.02487737699993886,24.87737699993886
4099,0.02236858700052835,22.36858700052835
4100,0.023700073000327393,23.700073000327393
4101,0.03477372199995443,34.77372199995443
4102,0.023228170000038517,23.228170000038517
4103,0.023749726000460214,23.749726000460214
4104,0.022349271000166482,22.349271000166482
4105,0.028799298999729217,28.799298999729217
4106,0.02469251299953612,24.69251299953612
4107,0.023341707999861683,23.341707999861683
4108,0.022542003000125987,22.542003000125987
4109,0.03573667000000569,35.73667000000569
4110,0.023416586000166717,23.416586000166717
4111,0.022199770000042918,22.199770000042918
4112,0.022618599000452377,22.618599000452377
4113,0.02882154199960496,28.82154199960496
4114,0.023524395999629633,23.524395999629633
4115,0.02371219300039229,23.71219300039229
4116,0.022813284000221756,22.813284000221756
4117,0.032525263000025006,32.52526300002501
4118,0.0247307270001329,24.7307270001329
4119,0.023075534999406955,23.075534999406955
4120,0.02294058099960239,22.94058099960239
4121,0.03149564400064264,31.495644000642642
4122,0.0234210010003153,23.4210010003153
4123,0.0223476640003355,22.3476640003355
4124,0.02228023200041207,22.28023200041207
4125,0.03875201200025913,38.75201200025913
4126,0.023363701000562287,23.363701000562287
4127,0.029416919000141206,29.416919000141206
4128,0.02281347900043329,22.81347900043329
4129,0.03210295900044002,32.10295900044002
4130,0.03134029099965119,31.340290999651188
4131,0.022955833000196435,22.955833000196435
4132,0.022164775999954145,22.164775999954145
4133,0.033484300000054645,33.484300000054645
4134,0.023588435999954527,23.588435999954527
4135,0.02325821399972483,23.25821399972483
4136,0.023256780999872717,23.256780999872717
4137,0.0345325469997988,34.5325469997988
4138,0.024783814999864262,24.783814999864262
4139,0.023663342999498127,23.663342999498127
4140,0.023557079999591224,23.557079999591224
4141,0.04198406600062299,41.98406600062299
4142,0.02401681900028052,24.01681900028052
4143,0.023168812000221806,23.168812000221806
4144,0.022513077999974485,22.513077999974485
4145,0.030308698000226286,30.308698000226286
4146,0.028553811999699974,28.553811999699974
4147,0.022558716999810713,22.558716999810713
4148,0.022648934999779158,22.648934999779158
4149,0.030861662999996042,30.861662999996042
4150,0.02817497700016247,28.17497700016247
4151,0.02326885399997991,23.26885399997991
4152,0.022475179999673855,22.475179999673855
4153,0.03185230800045247,31.852308000452467
4154,0.02388300800066645,23.88300800066645
4155,0.02304859400010173,23.04859400010173
4156,0.022783648999393336,22.783648999393336
4157,0.031884070000160136,31.884070000160136
4158,0.024676863999957277,24.676863999957277
4159,0.02323819600042043,23.23819600042043
4160,0.028572897000231023,28.572897000231023
4161,0.025060220999876037,25.060220999876037
4162,0.03302394899947103,33.02394899947103
4163,0.023315287000514218,23.315287000514218
4164,0.022279906000221672,22.279906000221672
4165,0.03395616499983589,33.95616499983589
4166,0.02869812799963256,28.69812799963256
4167,0.02254997700038075,22.54997700038075
4168,0.021914398999797413,21.914398999797413
4169,0.029731790000369074,29.731790000369074
4170,0.028940379000232497,28.940379000232497
4171,0.02289078299963876,22.89078299963876
4172,0.022225484999580658,22.225484999580658
4173,0.04189309699995647,41.89309699995647
4174,0.02474202299981698,24.74202299981698
4175,0.023129281000365154,23.129281000365154
4176,0.021722230000705167,21.722230000705167
4177,0.03401853899958951,34.01853899958951
4178,0.024146141000528587,24.146141000528587
4179,0.022747598000023572,22.747598000023572
4180,0.023103370000171708,23.103370000171708
4181,0.03256274300019868,32.56274300019868
4182,0.0243755780002175,24.3755780002175
4183,0.02268251599980431,22.68251599980431
4184,0.022640422000222316,22.640422000222316
4185,0.025660182000137866,25.660182000137866
4186,0.03263263699955132,32.63263699955132
4187,0.023347305000243068,23.347305000243068
4188,0.022142656999676547,22.142656999676547
4189,0.02735643899995921,27.35643899995921
4190,0.02389103099994827,23.89103099994827
4191,0.024288386999614886,24.288386999614886
4192,0.023558670999591413,23.558670999591413
4193,0.033295074999841745,33.295074999841745
4194,0.023701279999841063,23.701279999841063
4195,0.022230677000152355,22.230677000152355
4196,0.02286237600037566,22.86237600037566
4197,0.028571822000230895,28.571822000230895
4198,0.027215903999604052,27.215903999604052
4199,0.02325822600050742,23.25822600050742
4200,0.02273919300023408,22.73919300023408
4201,0.026702053000008164,26.702053000008164
4202,0.03185887699964951,31.85887699964951
4203,0.02351747600005183,23.51747600005183
4204,0.023161456999332586,23.161456999332586
4205,0.03007865200015658,30.07865200015658
4206,0.0282615079995594,28.2615079995594
4207,0.02296463200036669,22.96463200036669
4208,0.022336709999763116,22.336709999763116
4209,0.03338993399938772,33.38993399938772
4210,0.028012402999593178,28.012402999593178
4211,0.02285378499982471,22.85378499982471
4212,0.022105998000370164,22.105998000370164
4213,0.02444118699986575,24.44118699986575
4214,0.02504377500008559,25.04377500008559
4215,0.02519057100016653,25.19057100016653
4216,0.0322430300002452,32.2430300002452
4217,0.02567959299994982,25.67959299994982
4218,0.13463911300004838,134.63911300004838
4219,0.02555487700010417,25.55487700010417
4220,0.025123153000095044,25.123153000095044
4221,0.04689596700063703,46.89596700063703
4222,0.032689781000044604,32.689781000044604
4223,0.02628349699989485,26.28349699989485
4224,0.043686137999429775,43.686137999429775
4225,0.02577098100027797,25.77098100027797
4226,0.025767769000594853,25.767769000594853
4227,0.043178145000638324,43.178145000638324
4228,0.023917014000289782,23.917014000289782
4229,0.026318109999920125,26.318109999920125
4230,0.038399533000301744,38.399533000301744
4231,0.03310574000079214,33.10574000079214
4232,0.0260578160005025,26.0578160005025
4233,0.032470355000441486,32.47035500044149
4234,0.028700844000013603,28.700844000013603
4235,0.02406634999988455,24.06634999988455
4236,0.022811871000158135,22.811871000158135
4237,0.03657730300074036,36.57730300074036
4238,0.023143152000557166,23.143152000557166
4239,0.022558220000064466,22.558220000064466
4240,0.022223437999855378,22.223437999855378
4241,0.03650859900062642,36.50859900062642
4242,0.023144833000515064,23.144833000515064
4243,0.0228148650003277,22.8148650003277
4244,0.02282586299952527,22.82586299952527
4245,0.0273606140008269,27.3606140008269
4246,0.023169039000094926,23.169039000094926
4247,0.023505031000240706,23.505031000240706
4248,0.02247780000016064,22.47780000016064
4249,0.032348591000300075,32.348591000300075
4250,0.03513562999978603,35.13562999978603
4251,0.029047589000583685,29.047589000583685
4252,0.022264313999585283,22.264313999585283
4253,0.04406655000002502,44.06655000002502
4254,0.023377928000627435,23.377928000627435
4255,0.027278950000436453,27.278950000436453
4256,0.02649769199979346,26.49769199979346
4257,0.04125798200038844,41.25798200038844
4258,0.022790367999732553,22.790367999732553
4259,0.023018663000584638,23.018663000584638
4260,0.02227412899992487,22.27412899992487
4261,0.029156035000596603,29.156035000596603
4262,0.0290420979999908,29.0420979999908
4263,0.023475854999560397,23.475854999560397
4264,0.0228122650005389,22.8122650005389
4265,0.029843278000043938,29.843278000043938
4266,0.028016399999614805,28.016399999614805
4267,0.023453248000805615,23.453248000805615
4268,0.022410443999433483,22.410443999433483
4269,0.028463988999646972,28.463988999646972
4270,0.02747095500035357,27.47095500035357
4271,0.023134385000048496,23.134385000048496
4272,0.021730970999669807,21.730970999669807
4273,0.02884202200038999,28.84202200038999
4274,0.02965107399995759,29.65107399995759
4275,0.02251766300014424,22.51766300014424
4276,0.022588746000110405,22.588746000110405
4277,0.02994420400045783,29.94420400045783
4278,0.02781129899994994,27.81129899994994
4279,0.02290155499940738,22.90155499940738
4280,0.023288725000384147,23.288725000384147
4281,0.029485097999895515,29.485097999895515
4282,0.028146611000011035,28.146611000011035
4283,0.023121272000025783,23.121272000025783
4284,0.022180952000780962,22.180952000780962
4285,0.029920803000095475,29.920803000095475
4286,0.029259963000185962,29.259963000185962
4287,0.022233565000533417,22.233565000533417
4288,0.021930327000518446,21.930327000518446
4289,0.03004564200000459,30.04564200000459
4290,0.028742105999299383,28.742105999299383
4291,0.023760355000376876,23.760355000376876
4292,0.022983620000559313,22.983620000559313
4293,0.031925121000313084,31.925121000313084
4294,0.025681460000669176,25.681460000669176
4295,0.023964360999343626,23.964360999343626
4296,0.022917532999599644,22.917532999599644
4297,0.029149955999855592,29.149955999855592
4298,0.02380282600006467,23.80282600006467
4299,0.023346553000010317,23.346553000010317
4300,0.02282806399944093,22.82806399944093
4301,0.030818869999166054,30.818869999166054
4302,0.025530068000080064,25.530068000080064
4303,0.023533106000286352,23.533106000286352
4304,0.02298131400038983,22.98131400038983
4305,0.03154774599988741,31.54774599988741
4306,0.023899116999928083,23.899116999928083
4307,0.023367636000330094,23.367636000330094
4308,0.023052602000461775,23.052602000461775
4309,0.03679778500008979,36.79778500008979
4310,0.024188512999899103,24.188512999899103
4311,0.023154473000431608,23.154473000431608
4312,0.022788504999880388,22.788504999880388
4313,0.02751269200052775,27.51269200052775
4314,0.022113404999799968,22.113404999799968
4315,0.022773472999688238,22.773472999688238
4316,0.022623189000114508,22.623189000114508
4317,0.040797482000016316,40.797482000016316
4318,0.024025207999329723,24.025207999329723
4319,0.02367103400047199,23.67103400047199
4320,0.023569509000481048,23.569509000481048
4321,0.02939030699963041,29.39030699963041
4322,0.02993074699952558,29.93074699952558
4323,0.022263245000431198,22.263245000431198
4324,0.021746188000179245,21.746188000179245
4325,0.02602324400049838,26.02324400049838
4326,0.03139207399999577,31.392073999995773
4327,0.023292771999877004,23.292771999877004
4328,0.023141120000218507,23.141120000218507
4329,0.02962601400031417,29.62601400031417
4330,0.02786823499991442,27.86823499991442
4331,0.023873994000496168,23.873994000496168
4332,0.02268251099940244,22.68251099940244
4333,0.02818763499999477,28.18763499999477
4334,0.027928776000408106,27.928776000408106
4335,0.02217799800018838,22.17799800018838
4336,0.02207897700009198,22.07897700009198
4337,0.03008046800005104,30.08046800005104
4338,0.028043844000421814,28.043844000421814
4339,0.022653144000287284,22.653144000287284
4340,0.022650636000435043,22.650636000435043
4341,0.02854055099942343,28.54055099942343
4342,0.031588958000611456,31.588958000611456
4343,0.02332607399966946,23.32607399966946
4344,0.022735992999514565,22.735992999514565
4345,0.028909765999742376,28.909765999742376
4346,0.028275617999497626,28.275617999497626
4347,0.022187431000020297,22.187431000020297
4348,0.02213767800003552,22.13767800003552
4349,0.02887843400003476,28.87843400003476
4350,0.02857102699999814,28.57102699999814
4351,0.02325835499959794,23.25835499959794
4352,0.02305491599963716,23.05491599963716
4353,0.029777758999443904,29.777758999443904
4354,0.029170496999540774,29.170496999540774
4355,0.023287281999728293,23.287281999728293
4356,0.02207629900021857,22.07629900021857
4357,0.030449196000517986,30.449196000517986
4358,0.02842149700063601,28.42149700063601
4359,0.022574143999918306,22.574143999918306
4360,0.02187087599941151,21.87087599941151
4361,0.030426616000113427,30.426616000113427
4362,0.027991449999717588,27.991449999717588
4363,0.02279532600005041,22.79532600005041
4364,0.02328515199951653,23.28515199951653
4365,0.04844410300029267,48.44410300029267
4366,0.027181140000720916,27.181140000720916
4367,0.02577380799993989,25.77380799993989
4368,0.02193654399980005,21.93654399980005
4369,0.028054102000169223,28.054102000169223
4370,0.027670371000567684,27.670371000567684
4371,0.022112986000138335,22.112986000138335
4372,0.021737919999395672,21.73791999939567
4373,0.031337045000327635,31.337045000327635
4374,0.028355730999464868,28.355730999464868
4375,0.022639718999926117,22.639718999926117
4376,0.023116255000786623,23.116255000786623
4377,0.03265406599984999,32.65406599984999
4378,0.023726159000034386,23.726159000034386
4379,0.023682815000029223,23.682815000029223
4380,0.022315608999633696,22.315608999633696
4381,0.0365438990002076,36.5438990002076
4382,0.028840345999924466,28.840345999924466
4383,0.023481244999857154,23.481244999857154
4384,0.022860446999402484,22.860446999402484
4385,0.04431075399952533,44.31075399952533
4386,0.02520021500004077,25.20021500004077
4387,0.02291317999970488,22.91317999970488
4388,0.02256401500017091,22.56401500017091
4389,0.03167501099960646,31.675010999606457
4390,0.02314444999956322,23.14444999956322
4391,0.023638371999368246,23.638371999368246
4392,0.022392887999558297,22.392887999558297
4393,0.02750508900044224,27.50508900044224
4394,0.02472574999956123,24.72574999956123
4395,0.0222258170006171,22.2258170006171
4396,0.022381715999472362,22.381715999472362
4397,0.030032659999960742,30.032659999960742
4398,0.02852734599946416,28.52734599946416
4399,0.023525882000285492,23.525882000285492
4400,0.022821585000201594,22.821585000201594
4401,0.031172633999631216,31.172633999631216
4402,0.027815730999463995,27.815730999463995
4403,0.02369796499988297,23.69796499988297
4404,0.022911263000423787,22.911263000423787
4405,0.03199917300025845,31.999173000258452
4406,0.024091837000014493,24.091837000014493
4407,0.023073271000612294,23.073271000612294
4408,0.02264102100070886,22.64102100070886
4409,0.03756708400032949,37.56708400032949
4410,0.02375534200018592,23.75534200018592
4411,0.02274233899970568,22.74233899970568
4412,0.022724073000063072,22.724073000063072
4413,0.02602172499973676,26.02172499973676
4414,0.032701768999686465,32.701768999686465
4415,0.022881613000208745,22.881613000208745
4416,0.021928123999714444,21.928123999714444
4417,0.027485589999741933,27.485589999741933
4418,0.025058260000150767,25.058260000150767
4419,0.02955606199975591,29.55606199975591
4420,0.024167681000108132,24.167681000108132
4421,0.039109336999899824,39.109336999899824
4422,0.024876587000107975,24.876587000107975
4423,0.03147598599935009,31.475985999350087
4424,0.024357562000659527,24.357562000659527
4425,0.04836206799973297,48.36206799973297
4426,0.024184781999792904,24.184781999792904
4427,0.02295713299918134,22.95713299918134
4428,0.022144286000184366,22.144286000184366
4429,0.028021498999805772,28.02149899980577
4430,0.029343522999624838,29.343522999624838
4431,0.022845309000331326,22.845309000331326
4432,0.02218527900004119,22.18527900004119
4433,0.028795614000046044,28.795614000046044
4434,0.029107652000675444,29.107652000675444
4435,0.023414584999954968,23.41458499995497
4436,0.022977073000220116,22.977073000220116
4437,0.029904865999924368,29.90486599992437
4438,0.02822831999947084,28.22831999947084
4439,0.02350201600074797,23.50201600074797
4440,0.022213064999959897,22.213064999959897
4441,0.029134630000044126,29.134630000044126
4442,0.028388845000336005,28.388845000336005
4443,0.022663124999780848,22.663124999780848
4444,0.022009518999766442,22.009518999766442
4445,0.029149893000067095,29.149893000067095
4446,0.027884606999577954,27.884606999577954
4447,0.024420302999715204,24.420302999715204
4448,0.023458872000446718,23.458872000446718
4449,0.030476324000119348,30.476324000119348
4450,0.028676306999841472,28.676306999841472
4451,0.023702777999460523,23.702777999460523
4452,0.021869481999601703,21.869481999601703
4453,0.031220967999615823,31.220967999615823
4454,0.0266759070000262,26.6759070000262
4455,0.023119138000765815,23.119138000765815
4456,0.022948519999772543,22.948519999772543
4457,0.03964154799996322,39.64154799996322
4458,0.023358035999990534,23.358035999990534
4459,0.023667552000006253,23.667552000006253
4460,0.023362989999441197,23.362989999441197
4461,0.029916352000327606,29.916352000327606
4462,0.029023783999946318,29.023783999946318
4463,0.023542922999695293,23.542922999695293
4464,0.022206042000107118,22.206042000107118
4465,0.028940670999872964,28.940670999872964
4466,0.031622576000700064,31.622576000700064
4467,0.022208270999726665,22.208270999726665
4468,0.022205215999747452,22.205215999747452
4469,0.029833387999133265,29.833387999133265
4470,0.028576589999829594,28.576589999829594
4471,0.0230054490002658,23.0054490002658
4472,0.02291196999976819,22.91196999976819
4473,0.029924872999799845,29.924872999799845
4474,0.02884499199990387,28.84499199990387
4475,0.023594227000103274,23.594227000103274
4476,0.022058636999645387,22.058636999645387
4477,0.03128572600053303,31.28572600053303
4478,0.028696831000161183,28.696831000161183
4479,0.023927866000121867,23.927866000121867
4480,0.02225438299956295,22.25438299956295
4481,0.03194635100044252,31.94635100044252
4482,0.026435947999743803,26.435947999743803
4483,0.02267335800024739,22.67335800024739
4484,0.023595451999426587,23.595451999426587
4485,0.029363606000515574,29.363606000515574
4486,0.02353684800073097,23.53684800073097
4487,0.023986602000150015,23.986602000150015
4488,0.02255985900046653,22.55985900046653
4489,0.033792455999900994,33.792455999900994
4490,0.02429452999967907,24.29452999967907
4491,0.0232916410004691,23.2916410004691
4492,0.022781533999477688,22.781533999477688
4493,0.02778231299998879,27.78231299998879
4494,0.026072060999467794,26.072060999467794
4495,0.022870024999974703,22.870024999974703
4496,0.02276753899968753,22.76753899968753
4497,0.03121066600033373,31.21066600033373
4498,0.026241324000693567,26.241324000693567
4499,0.023383700000522367,23.383700000522367
4500,0.022929460999876028,22.929460999876028
4501,0.0327617700004339,32.7617700004339
4502,0.024337628000466793,24.337628000466793
4503,0.023284803000024112,23.284803000024112
4504,0.022947178999856988,22.947178999856988
4505,0.029283097999723395,29.283097999723395
4506,0.023350678000497282,23.350678000497282
4507,0.023370305999378616,23.370305999378616
4508,0.02234328699978505,22.34328699978505
4509,0.03063939300045604,30.63939300045604
4510,0.02608318100010365,26.08318100010365
4511,0.023774084999786282,23.774084999786282
4512,0.023003723000329046,23.003723000329046
4513,0.04085146099987469,40.85146099987469
4514,0.02320748999954958,23.20748999954958
4515,0.022324548000142386,22.324548000142386
4516,0.021928613999989466,21.928613999989466
4517,0.026402669999697537,26.402669999697537
4518,0.031184162000499782,31.184162000499782
4519,0.023259274999873014,23.259274999873014
4520,0.02351998399990407,23.51998399990407
4521,0.028651172000536462,28.651172000536462
4522,0.029951940000501054,29.951940000501054
4523,0.024045780999585986,24.045780999585986
4524,0.022274687999924936,22.274687999924936
4525,0.029343092999624787,29.343092999624787
4526,0.028907326000080502,28.907326000080502
4527,0.023193816999992123,23.193816999992123
4528,0.022300220000033733,22.300220000033733
4529,0.028737095999531448,28.737095999531448
4530,0.028553331000694016,28.553331000694016
4531,0.022936346999813395,22.936346999813395
4532,0.023558530000627798,23.558530000627798
4533,0.03097921300013695,30.97921300013695
4534,0.02951684199979354,29.51684199979354
4535,0.02285173800009943,22.85173800009943
4536,0.022183840999787208,22.183840999787208
4537,0.03124925100019027,31.24925100019027
4538,0.02823491299932357,28.23491299932357
4539,0.023591490000399062,23.591490000399062
4540,0.023089799999979732,23.089799999979732
4541,0.03651130100024602,36.51130100024602
4542,0.023654683000131627,23.654683000131627
4543,0.02357833899986872,23.57833899986872
4544,0.022980415999882098,22.980415999882098
4545,0.028622390999771596,28.622390999771596
4546,0.03191142700052296,31.911427000522963
4547,0.023751807999360608,23.751807999360608
4548,0.022218736000468198,22.218736000468198
4549,0.028995388000112143,28.995388000112143
4550,0.02866484500009392,28.66484500009392
4551,0.022737296999366663,22.737296999366663
4552,0.02258173800055374,22.58173800055374
4553,0.0309081649993459,30.9081649993459
4554,0.028938524999830406,28.938524999830406
4555,0.025816530999691167,25.816530999691167
4556,0.024867602000085753,24.867602000085753
4557,0.04276294799910829,42.76294799910829
4558,0.027426685999671463,27.426685999671463
4559,0.024425311999948462,24.425311999948462
4560,0.02245092300017859,22.45092300017859
4561,0.02927217600063159,29.27217600063159
4562,0.032890133000364585,32.890133000364585
4563,0.023370938999505597,23.370938999505597
4564,0.024215252999965742,24.21525299996574
4565,0.03522159200019814,35.22159200019814
4566,0.02486730200052989,24.86730200052989
4567,0.022932331999982125,22.932331999982125
4568,0.023323770999923,23.323770999923
4569,0.03777859799993166,37.77859799993166
4570,0.024093619999803195,24.093619999803195
4571,0.024541838999539323,24.541838999539323
4572,0.02298303699990356,22.98303699990356
4573,0.025804823000726174,25.804823000726174
4574,0.030644229999779782,30.644229999779782
4575,0.02256893499998114,22.56893499998114
4576,0.022273505999692134,22.273505999692134
4577,0.0359556209996299,35.9556209996299
4578,0.02988426400042954,29.88426400042954
4579,0.022948660999645654,22.948660999645654
4580,0.022697735999827273,22.697735999827273
4581,0.030928263000532752,30.928263000532752
4582,0.025657701999989513,25.657701999989513
4583,0.023741793999761285,23.741793999761285
4584,0.023014091999357333,23.014091999357333
4585,0.029388294000455062,29.388294000455062
4586,0.02926991200001794,29.26991200001794
4587,0.023194647000309487,23.194647000309487
4588,0.023378955000225687,23.378955000225687
4589,0.028713437000078557,28.713437000078557
4590,0.02553139200063015,25.53139200063015
4591,0.024521569999706117,24.521569999706117
4592,0.025507839000056265,25.507839000056265
4593,0.03469851899990317,34.69851899990317
4594,0.028884459000437346,28.884459000437346
4595,0.023236422000081802,23.236422000081802
4596,0.022121302999948966,22.121302999948966
4597,0.040096336999340565,40.096336999340565
4598,0.025278877000346256,25.278877000346256
4599,0.02272890800031746,22.72890800031746
4600,0.021993991000272217,21.993991000272217
4601,0.04354089499975089,43.54089499975089
4602,0.024442992999865965,24.442992999865965
4603,0.022574121000616287,22.574121000616287
4604,0.023779054000442557,23.779054000442557
4605,0.04043951699986792,40.43951699986792
4606,0.024269856000501022,24.269856000501022
4607,0.0230552639995949,23.0552639995949
4608,0.021913415000199166,21.913415000199166
4609,0.036792826000237255,36.792826000237255
4610,0.025169021000692737,25.169021000692737
4611,0.022522971000398684,22.522971000398684
4612,0.021951660000013362,21.951660000013362
4613,0.02678680900044128,26.78680900044128
4614,0.029110765000041283,29.110765000041283
4615,0.022277455999756057,22.277455999756057
4616,0.022612292999838246,22.612292999838246
4617,0.026171694999902684,26.171694999902684
4618,0.028290527999160986,28.290527999160986
4619,0.023781493000569753,23.781493000569753
4620,0.022788812000726466,22.788812000726466
4621,0.036085961000026145,36.085961000026145
4622,0.02965254599985201,29.65254599985201
4623,0.02305633800006035,23.05633800006035
4624,0.02315256100064289,23.15256100064289
4625,0.03809586300030787,38.09586300030787
4626,0.024477437999848917,24.477437999848917
4627,0.05425039100009599,54.25039100009599
4628,0.17105500100024074,171.05500100024074
4629,0.04030618599972513,40.30618599972513
4630,0.05207740100013325,52.07740100013325
4631,0.027356463999240077,27.356463999240077
4632,0.024128554000526492,24.128554000526492
4633,0.04187734500010265,41.87734500010265
4634,0.0392350769998302,39.2350769998302
4635,0.03208046599957015,32.08046599957015
4636,0.029183414999351953,29.183414999351953
4637,0.03562096199948428,35.62096199948428
4638,0.037378877000264765,37.378877000264765
4639,0.023280487999727484,23.280487999727484
4640,0.023509670000748883,23.509670000748883
4641,0.022599314999752096,22.599314999752096
4642,0.02397549000033905,23.97549000033905
4643,0.023467537999749766,23.467537999749766
4644,0.03694515900042461,36.94515900042461
4645,0.03855675299928407,38.55675299928407
4646,0.048940571999992244,48.940571999992244
4647,0.029985862999637902,29.985862999637902
4648,0.023199440999633225,23.199440999633225
4649,0.03088499900059105,30.88499900059105
4650,0.024143397999978333,24.143397999978333
4651,0.02315242999975453,23.15242999975453
4652,0.02303563000077702,23.03563000077702
4653,0.02943774499999563,29.43774499999563
4654,0.0246620569996594,24.6620569996594
4655,0.02395864000027359,23.95864000027359
4656,0.02817650799988769,28.17650799988769
4657,0.030744423000214738,30.744423000214738
4658,0.036314208000476356,36.314208000476356
4659,0.023306957999920996,23.306957999920996
4660,0.02462645600007818,24.62645600007818
4661,0.024318173000210663,24.318173000210663
4662,0.023431106000316504,23.431106000316504
4663,0.03413878500032297,34.13878500032297
4664,0.029467622000083793,29.467622000083793
4665,0.026367014000243216,26.367014000243216
4666,0.032917451000685105,32.917451000685105
4667,0.023718385999927705,23.718385999927705
4668,0.022753543999897374,22.753543999897374
4669,0.02381921100004547,23.81921100004547
4670,0.02748337199955131,27.48337199955131
4671,0.028907208000418905,28.907208000418905
4672,0.023442108999915945,23.442108999915945
4673,0.028197362000355497,28.197362000355497
4674,0.03734115899987955,37.34115899987955
4675,0.023501192999901832,23.501192999901832
4676,0.027167064000423125,27.167064000423125
4677,0.03303238799981045,33.03238799981045
4678,0.023737673000141513,23.737673000141513
4679,0.026938472999972873,26.938472999972873
4680,0.03234992899979261,32.34992899979261
4681,0.02388521699958801,23.88521699958801
4682,0.023769212999468436,23.769212999468436
4683,0.022920892000001913,22.920892000001913
4684,0.028663959999903454,28.663959999903454
4685,0.029521489000217116,29.521489000217116
4686,0.04043925800033321,40.43925800033321
4687,0.02580377899994346,25.80377899994346
4688,0.02558921800027747,25.58921800027747
4689,0.02762771600009728,27.62771600009728
4690,0.03330958100013959,33.30958100013959
4691,0.024896932000046945,24.896932000046945
4692,0.024179457999707665,24.179457999707665
4693,0.026143719999708992,26.143719999708992
4694,0.03517261300021346,35.17261300021346
4695,0.023424936999617785,23.424936999617785
4696,0.031568567999784136,31.568567999784136
4697,0.034052576000249246,34.052576000249246
4698,0.026491711999369727,26.491711999369727
4699,0.031879844999821216,31.879844999821216
4700,0.02686669600007008,26.86669600007008
4701,0.034418039999764005,34.418039999764005
4702,0.03410649000034027,34.10649000034027
4703,0.03252936900025816,32.52936900025816
4704,0.03297716900033265,32.97716900033265
4705,0.032228529000349226,32.228529000349226
4706,0.023973914000634977,23.973914000634977
4707,0.023512478999691666,23.512478999691666
4708,0.023010969000097248,23.010969000097248
4709,0.032021209000049566,32.021209000049566
4710,0.024248583000371582,24.248583000371582
4711,0.023082648999661615,23.082648999661615
4712,0.022792710000430816,22.792710000430816
4713,0.028161240999907022,28.161240999907022
4714,0.025655211999946914,25.655211999946914
4715,0.03378011699987837,33.78011699987837
4716,0.0360908249995191,36.0908249995191
4717,0.025100953000219306,25.100953000219306
4718,0.023585014999298437,23.585014999298437
4719,0.022594846000174584,22.594846000174584
4720,0.02298696499929065,22.98696499929065
4721,0.02303846999984671,23.03846999984671
4722,0.022423598999921524,22.423598999921524
4723,0.022904073000063363,22.904073000063363
4724,0.023358297000413586,23.358297000413586
4725,0.023330666000219935,23.330666000219935
4726,0.022261948999585,22.261948999585
4727,0.02316721100032737,23.16721100032737
4728,0.026623957000083465,26.623957000083465
4729,0.02801549900050304,28.01549900050304
4730,0.0380652049998389,38.0652049998389
4731,0.029559141999925487,29.559141999925487
4732,0.023551381999823207,23.551381999823207
4733,0.026145140000153333,26.145140000153333
4734,0.03536044700013008,35.36044700013008
4735,0.02357923299950926,23.57923299950926
4736,0.02259961799973098,22.59961799973098
4737,0.024355626999749802,24.355626999749802
4738,0.02292071399915585,22.92071399915585
4739,0.034226011999635375,34.226011999635375
4740,0.02658769600020605,26.58769600020605
4741,0.026261260999490332,26.261260999490332
4742,0.04325579200030916,43.25579200030916
4743,0.024903989000449656,24.903989000449656
4744,0.025654461999693012,25.654461999693012
4745,0.024728372999561543,24.728372999561543
4746,0.028522904999590537,28.522904999590537
4747,0.02769382400038012,27.69382400038012
4748,0.022803724999903352,22.803724999903352
4749,0.02602893900075287,26.02893900075287
4750,0.027903362999495585,27.903362999495585
4751,0.022862109000016062,22.862109000016062
4752,0.02236085499953333,22.36085499953333
4753,0.030294848999801616,30.294848999801616
4754,0.028496947000348882,28.496947000348882
4755,0.0235964920002516,23.5964920002516
4756,0.023182848999567796,23.182848999567796
4757,0.02877010700012761,28.77010700012761
4758,0.027547991000574257,27.547991000574257
4759,0.022526003000166384,22.526003000166384
4760,0.02262851799969212,22.62851799969212
4761,0.029139457999917795,29.139457999917795
4762,0.029234277999421465,29.234277999421465
4763,0.023874767999586766,23.874767999586766
4764,0.02253630199993495,22.53630199993495
4765,0.03239075200053776,32.39075200053776
4766,0.023997543999939808,23.997543999939808
4767,0.023081321000063326,23.081321000063326
4768,0.022235176999856776,22.235176999856776
4769,0.03180864400019345,31.808644000193453
4770,0.023774280999532493,23.774280999532493
4771,0.023095118000128423,23.095118000128423
4772,0.02303642900005798,23.03642900005798
4773,0.027497523000420188,27.497523000420188
4774,0.02865754599952197,28.65754599952197
4775,0.02297212000030413,22.97212000030413
4776,0.021741622999797983,21.741622999797983
4777,0.030090257000665588,30.090257000665588
4778,0.028746215999490232,28.746215999490232
4779,0.023938330000419228,23.938330000419228
4780,0.022395101999791223,22.395101999791223
4781,0.034470913000404835,34.470913000404835
4782,0.02294180500030052,22.94180500030052
4783,0.023069425000358024,23.069425000358024
4784,0.023994240000320133,23.994240000320133
4785,0.025873431000036362,25.873431000036362
4786,0.03503325999918161,35.03325999918161
4787,0.023337372999776562,23.337372999776562
4788,0.02253761000065424,22.53761000065424
4789,0.028614865000236023,28.614865000236023
4790,0.029198292999353725,29.198292999353725
4791,0.022373769999830984,22.373769999830984
4792,0.021834219000083976,21.834219000083976
4793,0.027191145999495347,27.191145999495347
4794,0.030025415000636713,30.025415000636713
4795,0.02347226999972918,23.47226999972918
4796,0.023382065000078,23.382065000078
4797,0.028820650999477948,28.820650999477948
4798,0.02899779400013358,28.99779400013358
4799,0.023631261000446102,23.631261000446102
4800,0.02230416700058413,22.30416700058413
4801,0.028958699999748205,28.958699999748205
4802,0.029033737000645488,29.033737000645488
4803,0.022497623000163003,22.497623000163003
4804,0.022063278000132414,22.063278000132414
4805,0.02872530500007997,28.72530500007997
4806,0.028500307999820507,28.500307999820507
4807,0.022934714000257372,22.934714000257372
4808,0.02310925900019356,23.10925900019356
4809,0.029331265000109852,29.331265000109852
4810,0.028785583999706432,28.785583999706432
4811,0.023675870000261057,23.675870000261057
4812,0.022092227999564784,22.092227999564784
4813,0.028111343999626115,28.111343999626115
4814,0.028593973999704758,28.593973999704758
4815,0.0227589549995173,22.7589549995173
4816,0.021707531999709317,21.707531999709317
4817,0.027535971000361315,27.535971000361315
4818,0.030142530999910377,30.142530999910377
4819,0.02366691999941395,23.66691999941395
4820,0.022785968999414763,22.785968999414763
4821,0.03617935500005842,36.17935500005842
4822,0.024548809999942023,24.548809999942023
4823,0.028302507000262267,28.302507000262267
4824,0.023246997000569536,23.246997000569536
4825,0.03234031200008758,32.34031200008758
4826,0.023477861999708693,23.477861999708693
4827,0.02200366700071754,22.00366700071754
4828,0.022265911999966193,22.265911999966193
4829,0.029260442000122566,29.260442000122566
4830,0.024407154000073206,24.407154000073206
4831,0.022984139999607578,22.984139999607578
4832,0.02277653700002702,22.77653700002702
4833,0.031198375999338168,31.198375999338168
4834,0.02512072899935447,25.12072899935447
4835,0.023708232999524625,23.708232999524625
4836,0.022715048000463867,22.715048000463867
4837,0.031213620000016817,31.213620000016817
4838,0.0237750739997864,23.7750739997864
4839,0.027983787000266602,27.983787000266602
4840,0.02278560199920321,22.78560199920321
4841,0.03194960600012564,31.94960600012564
4842,0.023760915999446297,23.760915999446297
4843,0.022623718999966513,22.623718999966513
4844,0.022581034000722866,22.581034000722866
4845,0.026880714999606425,26.880714999606425
4846,0.024286572999699274,24.286572999699274
4847,0.02273772600074153,22.73772600074153
4848,0.021779073000288918,21.779073000288918
4849,0.03139385400027095,31.39385400027095
4850,0.028838367000389553,28.838367000389553
4851,0.023127471999941918,23.127471999941918
4852,0.022474186000181362,22.474186000181362
4853,0.03359890499996254,33.59890499996254
4854,0.025537015000736574,25.537015000736574
4855,0.023286133000510745,23.286133000510745
4856,0.024420368999926723,24.420368999926723
4857,0.026581617999909213,26.581617999909213
4858,0.03113742099958472,31.13742099958472
4859,0.02328351100004511,23.28351100004511
4860,0.02283918499961146,22.83918499961146
4861,0.027078227999481896,27.078227999481896
4862,0.03086445000008098,30.86445000008098
4863,0.022729187000550155,22.729187000550155
4864,0.022305058999336325,22.305058999336325
4865,0.035216436999689904,35.216436999689904
4866,0.029158016000110365,29.158016000110365
4867,0.022315616999549093,22.315616999549093
4868,0.022659229000055348,22.659229000055348
4869,0.030411222000111593,30.411222000111593
4870,0.025683785999717657,25.683785999717657
4871,0.02338927000073454,23.38927000073454
4872,0.024360014000194496,24.360014000194496
4873,0.04503067600035138,45.03067600035138
4874,0.026617356999850017,26.617356999850017
4875,0.025996573000156786,25.996573000156786
4876,0.027048211999499472,27.048211999499472
4877,0.04711188700002822,47.11188700002822
4878,0.025898425999912433,25.898425999912433
4879,0.02622310000060679,26.22310000060679
4880,0.023610419000760885,23.610419000760885
4881,0.036359056000037526,36.359056000037526
4882,0.024665325999194465,24.665325999194465
4883,0.02482549399974232,24.82549399974232
4884,0.026517070999943826,26.517070999943826
4885,0.04642638600034843,46.42638600034843
4886,0.02953241000068374,29.53241000068374
4887,0.0229782480000722,22.9782480000722
4888,0.022850517999359,22.850517999359
4889,0.038833684999190154,38.833684999190154
4890,0.0235172100001364,23.5172100001364
4891,0.02291649300059362,22.91649300059362
4892,0.022779890000492742,22.779890000492742
4893,0.029540389999965555,29.540389999965555
4894,0.02920166799958679,29.20166799958679
4895,0.02275644499968621,22.75644499968621
4896,0.022249999999985448,22.249999999985448
4897,0.03626832400004787,36.26832400004787
4898,0.02359247599997616,23.59247599997616
4899,0.022204276999218564,22.204276999218564
4900,0.022204734999832,22.204734999832
4901,0.0403365810007017,40.3365810007017
4902,0.024748175000240735,24.748175000240735
4903,0.02642466100041929,26.42466100041929
4904,0.028194163000080152,28.194163000080152
4905,0.039062456999999995,39.062456999999995
4906,0.02534339399971941,25.34339399971941
4907,0.024306475999765098,24.306475999765098
4908,0.022975403000600636,22.975403000600636
4909,0.02855529899989051,28.55529899989051
4910,0.03276494700003241,32.76494700003241
4911,0.024453582000205643,24.453582000205643
4912,0.02254886599985184,22.54886599985184
4913,0.03305870399981359,33.05870399981359
4914,0.02523842499977036,25.23842499977036
4915,0.02346275499985495,23.46275499985495
4916,0.02300228299918672,23.00228299918672
4917,0.03542872000070929,35.42872000070929
4918,0.025720798000293144,25.720798000293144
4919,0.024095075999866822,24.095075999866822
4920,0.023724090000541764,23.724090000541764
4921,0.02984170199943037,29.84170199943037
4922,0.029987046999849554,29.987046999849554
4923,0.02292093500000192,22.92093500000192
4924,0.022523587999785377,22.523587999785377
4925,0.02946485499978735,29.46485499978735
4926,0.028528117999485403,28.528117999485403
4927,0.02319566999995004,23.19566999995004
4928,0.022714118000294548,22.714118000294548
4929,0.02957583399984287,29.57583399984287
4930,0.029722092999691085,29.722092999691085
4931,0.023720289999801025,23.720289999801025
4932,0.022929751999981818,22.929751999981818
4933,0.03095034600028157,30.95034600028157
4934,0.029062482999506756,29.062482999506756
4935,0.023275775000001886,23.275775000001886
4936,0.02206304999981512,22.06304999981512
4937,0.03275493799992546,32.75493799992546
4938,0.023960929000168107,23.960929000168107
4939,0.022900488000232144,22.900488000232144
4940,0.022994990000370308,22.994990000370308
4941,0.02821629399932135,28.21629399932135
4942,0.025234703000023728,25.23470300002373
4943,0.02368770500015671,23.68770500015671
4944,0.022555646000000706,22.555646000000706
4945,0.026720902000306523,26.720902000306523
4946,0.03408091100027377,34.08091100027377
4947,0.022966598000493832,22.966598000493832
4948,0.022544481999830168,22.544481999830168
4949,0.027900215999579814,27.900215999579814
4950,0.026562440000816423,26.562440000816423
4951,0.025089257000217913,25.089257000217913
4952,0.023247909000019717,23.247909000019717
4953,0.02795953799977724,27.95953799977724
4954,0.025421462999474898,25.421462999474898
4955,0.023672547000387567,23.672547000387567
4956,0.021741847000157577,21.741847000157577
4957,0.037478240999917034,37.478240999917034
4958,0.024244758999884652,24.244758999884652
4959,0.022546682999745826,22.546682999745826
4960,0.02181397099957394,21.81397099957394
4961,0.039539424999929906,39.539424999929906
4962,0.0233721209997384,23.3721209997384
4963,0.023793309000211593,23.793309000211593
4964,0.023058191999552946,23.058191999552946
4965,0.030577735000406392,30.577735000406392
4966,0.02842062700074166,28.42062700074166
4967,0.023987731000488566,23.987731000488566
4968,0.022422630999244575,22.422630999244575
4969,0.031081033000191383,31.081033000191383
4970,0.029238742999950773,29.238742999950773
4971,0.02266318500005582,22.66318500005582
4972,0.021986380999805988,21.986380999805988
4973,0.03089768700010609,30.89768700010609
4974,0.028165491999970982,28.165491999970982
4975,0.022740512999916973,22.740512999916973
4976,0.02233938799963653,22.33938799963653
4977,0.03889591700044548,38.89591700044548
4978,0.027338592999512912,27.33859299951291
4979,0.03353465899999719,33.53465899999719
4980,0.034219783000480675,34.219783000480675
4981,0.024231282000073406,24.231282000073406
4982,0.02342384999974456,23.42384999974456
4983,0.027821313999993436,27.821313999993436
4984,0.023071180000442837,23.071180000442837
4985,0.027251559999967867,27.251559999967867
4986,0.028736387000208197,28.736387000208197
4987,0.03794999199999438,37.94999199999438
4988,0.02488344999983383,24.88344999983383
4989,0.02508758800013311,25.08758800013311
4990,0.038889125999958196,38.889125999958196
4991,0.03819211199970596,38.19211199970596
4992,0.03186829400056013,31.868294000560127
4993,0.04507242500039865,45.07242500039865
4994,0.03530909100027202,35.30909100027202
4995,0.04128881500037096,41.28881500037096
4996,0.03397898300045199,33.97898300045199
4997,0.033382977000655956,33.382977000655956
4998,0.02396879799925955,23.96879799925955
4999,0.026863593000598485,26.863593000598485
5000,0.031225375999383687,31.225375999383687
5001,0.0381228549995285,38.1228549995285
5002,0.026669926999602467,26.669926999602467
5003,0.027268011000160186,27.268011000160186
5004,0.030184883000401896,30.184883000401896
5005,0.039417274999323126,39.417274999323126
5006,0.029786553999656462,29.786553999656462
5007,0.025206055999660748,25.206055999660748
5008,0.029252143000121578,29.252143000121578
5009,0.03892521800025861,38.92521800025861
5010,0.16780548400038242,167.80548400038242
5011,0.02657803900001454,26.57803900001454
5012,0.024388367000028666,24.388367000028666
5013,0.02838394199989125,28.38394199989125
5014,0.03676410399930319,36.76410399930319
5015,0.04120089600019128,41.20089600019128
5016,0.02457199899981788,24.57199899981788
5017,0.022920135000276787,22.920135000276787
5018,0.023986135000086506,23.986135000086506
5019,0.023011674999906973,23.011674999906973
5020,0.023470232000363467,23.470232000363467
5021,0.02307075499993516,23.07075499993516
5022,0.022968610000134504,22.968610000134504
5023,0.022058302000004915,22.058302000004915
5024,0.02403127300021879,24.03127300021879
5025,0.036925225000231876,36.925225000231876
5026,0.024498634999872593,24.498634999872593
5027,0.0231323779999002,23.1323779999002
5028,0.02394016800008103,23.94016800008103
5029,0.028051287999915075,28.051287999915075
5030,0.02963916800035804,29.63916800035804
5031,0.02303131200005737,23.03131200005737
5032,0.023830520000046818,23.830520000046818
5033,0.03432754000004934,34.32754000004934
5034,0.02245759099969291,22.45759099969291
5035,0.022584068000469415,22.584068000469415
5036,0.024051962999692478,24.051962999692478
5037,0.033611937000387115,33.611937000387115
5038,0.025306810999609297,25.306810999609297
5039,0.02380545300002268,23.80545300002268
5040,0.02912719600044511,29.12719600044511
5041,0.025021295999977156,25.021295999977156
5042,0.0238237499997922,23.8237499997922
5043,0.023377448999781336,23.377448999781336
5044,0.02671617700070783,26.71617700070783
5045,0.03172701400035294,31.727014000352938
5046,0.02281275099994673,22.81275099994673
5047,0.022370516999217216,22.370516999217216
5048,0.02368369900068501,23.68369900068501
5049,0.030248816000494116,30.248816000494116
5050,0.03472748199965281,34.72748199965281
5051,0.023793932999979006,23.793932999979006
5052,0.02374011200026871,23.74011200026871
5053,0.023442211000656243,23.442211000656243
5054,0.02375377299995307,23.75377299995307
5055,0.024148305999915465,24.148305999915465
5056,0.029389135999736027,29.389135999736027
5057,0.038867477999701805,38.867477999701805
5058,0.023799415999746998,23.799415999746998
5059,0.02474867599994468,24.74867599994468
5060,0.024704437999389484,24.704437999389484
5061,0.03506148599990411,35.06148599990411
5062,0.024551679999603948,24.551679999603948
5063,0.027047775000028196,27.047775000028196
5064,0.02558450099968468,25.58450099968468
5065,0.040298752000126115,40.298752000126115
5066,0.02618780499960849,26.18780499960849
5067,0.023480067000491545,23.480067000491545
5068,0.027119194999613683,27.119194999613683
5069,0.03625450300023658,36.25450300023658
5070,0.02294184300080815,22.94184300080815
5071,0.02390976100014086,23.90976100014086
5072,0.02480156599995098,24.80156599995098
5073,0.0319149799997831,31.9149799997831
5074,0.02343854300033854,23.43854300033854
5075,0.024046016999818676,24.046016999818676
5076,0.024101688999508042,24.101688999508042
5077,0.03277730099944165,32.77730099944165
5078,0.023812758000531176,23.812758000531176
5079,0.023153694000029645,23.153694000029645
5080,0.028683859999546257,28.683859999546257
5081,0.03529825500027073,35.29825500027073
5082,0.039497085999755654,39.497085999755654
5083,0.023417074999997567,23.417074999997567
5084,0.02424874499956786,24.24874499956786
5085,0.023276148000149988,23.276148000149988
5086,0.03074461199958023,30.74461199958023
5087,0.031406523999976343,31.406523999976343
5088,0.03220922599939513,32.20922599939513
5089,0.04171170700010407,41.71170700010407
5090,0.024168011999790906,24.168011999790906
5091,0.023104791000150726,23.104791000150726
5092,0.026687212999604526,26.687212999604526
5093,0.03634518799935904,36.34518799935904
5094,0.02381777300070098,23.81777300070098
5095,0.022543146000316483,22.543146000316483
5096,0.02964391999921645,29.64391999921645
5097,0.028617827999369183,28.617827999369183
5098,0.024372353000217117,24.372353000217117
5099,0.02341115999934118,23.41115999934118
5100,0.029159464999793272,29.159464999793272
5101,0.031725610000648885,31.725610000648885
5102,0.02390471200033062,23.90471200033062
5103,0.022991130000264093,22.991130000264093
5104,0.03175178899982711,31.751788999827113
5105,0.025264040999900317,25.264040999900317
5106,0.02432407400010561,24.32407400010561
5107,0.02351628199994593,23.51628199994593
5108,0.029787469999973837,29.787469999973837
5109,0.023693924999861338,23.693924999861338
5110,0.023579414999403525,23.579414999403525
5111,0.023206494000078237,23.206494000078237
5112,0.02642779200050427,26.42779200050427
5113,0.03396720799992181,33.96720799992181
5114,0.02368480599943723,23.68480599943723
5115,0.02300009099963063,23.00009099963063
5116,0.02744225100013864,27.44225100013864
5117,0.031659616000069946,31.659616000069946
5118,0.022496571000374388,22.496571000374388
5119,0.02202984399991692,22.02984399991692
5120,0.02633341399996425,26.33341399996425
5121,0.030929260999982944,30.929260999982944
5122,0.022459034999883443,22.459034999883443
5123,0.0227830219992029,22.7830219992029
5124,0.025961538999581535,25.961538999581535
5125,0.032483072000104585,32.483072000104585
5126,0.024111538999932236,24.111538999932236
5127,0.02319091999925149,23.19091999925149
5128,0.03180012199936755,31.800121999367548
5129,0.028725789000418445,28.725789000418445
5130,0.02356236200012063,23.56236200012063
5131,0.022764645000279415,22.764645000279415
5132,0.0322812550002709,32.2812550002709
5133,0.025881884999762406,25.881884999762406
5134,0.02369522099979804,23.69522099979804
5135,0.02352627999971446,23.52627999971446
5136,0.028905518000101438,28.905518000101438
5137,0.023778632000357902,23.778632000357902
5138,0.023896814999716298,23.896814999716298
5139,0.02221063700017112,22.21063700017112
5140,0.0330143359997237,33.0143359997237
5141,0.023881636000623985,23.881636000623985
5142,0.02336622700022417,23.36622700022417
5143,0.022567696999431064,22.567696999431064
5144,0.02856554000027245,28.56554000027245
5145,0.0265787710004588,26.5787710004588
5146,0.02275962600015191,22.75962600015191
5147,0.02271742799985077,22.71742799985077
5148,0.02991595999992569,29.91595999992569
5149,0.028417276999789465,28.417276999789465
5150,0.022718677999364445,22.718677999364445
5151,0.022713663000104134,22.713663000104134
5152,0.024962690999927872,24.962690999927872
5153,0.03307116599989968,33.07116599989968
5154,0.02333190000081231,23.33190000081231
5155,0.022724613999344,22.724613999344
5156,0.034686635000070964,34.686635000070964
5157,0.023664440999709768,23.664440999709768
5158,0.023297531999560306,23.297531999560306
5159,0.023393724999550614,23.393724999550614
5160,0.026401047999570437,26.401047999570437
5161,0.036000128000523546,36.000128000523546
5162,0.023056240999721922,23.056240999721922
5163,0.02206183099951886,22.06183099951886
5164,0.02579179400072462,25.79179400072462
5165,0.03133231199990405,31.33231199990405
5166,0.025966168999730144,25.966168999730144
5167,0.022087373999966076,22.087373999966076
5168,0.02882323100038775,28.82323100038775
5169,0.028855876999841712,28.855876999841712
5170,0.022874443000546307,22.874443000546307
5171,0.023517548000199895,23.517548000199895
5172,0.028511768000498705,28.511768000498705
5173,0.0290555100000347,29.0555100000347
5174,0.02346448699972825,23.46448699972825
5175,0.02176452399999107,21.76452399999107
5176,0.028584802000295895,28.584802000295895
5177,0.02802551399963704,28.02551399963704
5178,0.022295267000117747,22.295267000117747
5179,0.02185857800031954,21.85857800031954
5180,0.02866031200028374,28.66031200028374
5181,0.029343307999624813,29.343307999624813
5182,0.022943010999370017,22.943010999370017
5183,0.02289023499997711,22.89023499997711
5184,0.029982492000272032,29.982492000272032
5185,0.028000768999845604,28.000768999845604
5186,0.023850609999499284,23.850609999499284
5187,0.022685296999952698,22.685296999952698
5188,0.030905068000720348,30.905068000720348
5189,0.028101343999878736,28.101343999878736
5190,0.022624098000051163,22.624098000051163
5191,0.02211161000013817,22.11161000013817
5192,0.04517800199937483,45.17800199937483
5193,0.027334051000252657,27.334051000252657
5194,0.025867723999908776,25.867723999908776
5195,0.025674708999758877,25.674708999758877
5196,0.0430477019999671,43.0477019999671
5197,0.02472353099983593,24.72353099983593
5198,0.02530018299967196,25.30018299967196
5199,0.02403568199952133,24.03568199952133
5200,0.045316495000406576,45.316495000406576
5201,0.026822912999705295,26.822912999705295
5202,0.02541147000010824,25.41147000010824
5203,0.022819910000180244,22.819910000180244
5204,0.034706839000136824,34.706839000136824
5205,0.02318325000032928,23.18325000032928
5206,0.02272188599999936,22.72188599999936
5207,0.02269559999967896,22.69559999967896
5208,0.03245213199988939,32.45213199988939
5209,0.02361831500002154,23.61831500002154
5210,0.02399487399998179,23.99487399998179
5211,0.022533025000484486,22.533025000484486
5212,0.035420763999354676,35.420763999354676
5213,0.024317969000549056,24.317969000549056
5214,0.022848787999464548,22.848787999464548
5215,0.022814777999883518,22.814777999883518
5216,0.02766288600014377,27.66288600014377
5217,0.02288291799959552,22.88291799959552
5218,0.022571843000150693,22.571843000150693
5219,0.0226311030000943,22.6311030000943
5220,0.029594698999972024,29.594698999972024
5221,0.028528365999591188,28.528365999591188
5222,0.023640052999326144,23.640052999326144
5223,0.022349918999680085,22.349918999680085
5224,0.025058035999791173,25.058035999791173
5225,0.035742254000069806,35.742254000069806
5226,0.02838451299976441,28.38451299976441
5227,0.02336077200016007,23.36077200016007
5228,0.02910366299965972,29.10366299965972
5229,0.029940979999992123,29.940979999992123
5230,0.024188999999751104,24.188999999751104
5231,0.02493744300045364,24.93744300045364
5232,0.02621107300001313,26.21107300001313
5233,0.032940685000539816,32.940685000539816
5234,0.02413427800001955,24.13427800001955
5235,0.023020796999844606,23.020796999844606
5236,0.034707234999586944,34.707234999586944
5237,0.023912988999654772,23.91298899965477
5238,0.02330226199956087,23.30226199956087
5239,0.02284228499956953,22.84228499956953
5240,0.029270730999996886,29.270730999996886
5241,0.02379666199976782,23.79666199976782
5242,0.022422163000555884,22.422163000555884
5243,0.022865707000164548,22.865707000164548
5244,0.03309257499950036,33.09257499950036
5245,0.02328359199964325,23.28359199964325
5246,0.023589655999785464,23.589655999785464
5247,0.02279986099983944,22.79986099983944
5248,0.03464859499945305,34.64859499945305
5249,0.024382838999372325,24.382838999372325
5250,0.022826471000371384,22.826471000371384
5251,0.023453673000403796,23.453673000403796
5252,0.026580861000184086,26.580861000184086
5253,0.031324067000241484,31.324067000241484
5254,0.022919742000340193,22.919742000340193
5255,0.02327205999972648,23.27205999972648
5256,0.02550750499995047,25.50750499995047
5257,0.03236982199996419,32.36982199996419
5258,0.023815350999939255,23.815350999939255
5259,0.022550849000253947,22.550849000253947
5260,0.03124489000038011,31.24489000038011
5261,0.02913190199978999,29.13190199978999
5262,0.02301644299950567,23.01644299950567
5263,0.02190575000076933,21.90575000076933
5264,0.030102897000688245,30.102897000688245
5265,0.028371293999953195,28.371293999953195
5266,0.022427882000556565,22.427882000556565
5267,0.02261258300040936,22.61258300040936
5268,0.030838154999401013,30.838154999401013
5269,0.02836779100016429,28.36779100016429
5270,0.023546176999843738,23.546176999843738
5271,0.023424896000506124,23.424896000506124
5272,0.02504934299940942,25.04934299940942
5273,0.03239938000024267,32.39938000024267
5274,0.023404829999890353,23.404829999890353
5275,0.023171697000179847,23.171697000179847
5276,0.03142754799955583,31.427547999555827
5277,0.023460813000383496,23.460813000383496
5278,0.023325297000155842,23.325297000155842
5279,0.02330946399979439,23.30946399979439
5280,0.03186663899941777,31.866638999417773
5281,0.023662048000005598,23.662048000005598
5282,0.023376968000775378,23.376968000775378
5283,0.02251794699986931,22.51794699986931
5284,0.03310153799975524,33.10153799975524
5285,0.024071177000223543,24.071177000223543
5286,0.023372399999971094,23.372399999971094
5287,0.022950950999984343,22.950950999984343
5288,0.02769540000008419,27.69540000008419
5289,0.02446162100022775,24.46162100022775
5290,0.02337526799965417,23.37526799965417
5291,0.022408132999771624,22.408132999771624
5292,0.03203439000026265,32.03439000026265
5293,0.025120961000538955,25.120961000538955
5294,0.023364154999399034,23.364154999399034
5295,0.023665919999984908,23.665919999984908
5296,0.03959760199995799,39.59760199995799
5297,0.024568200999965484,24.568200999965484
5298,0.021385562999967078,21.385562999967078
5299,0.021175460999984352,21.175460999984352
5300,0.029262388999995892,29.262388999995892
5301,0.022101346000454214,22.101346000454214
5302,0.02085274399996706,20.85274399996706
5303,0.020648952000556164,20.648952000556164
5304,0.030220531999475497,30.220531999475497
5305,0.02802769800018723,28.02769800018723
5306,0.02155994999975519,21.55994999975519
5307,0.020693585999651987,20.693585999651987
5308,0.027569224999751896,27.569224999751896
5309,0.030341702999976405,30.341702999976405
5310,0.021516931999940425,21.516931999940425
5311,0.021431430999655277,21.431430999655277
5312,0.031063852999977826,31.063852999977826
5313,0.029170284000429092,29.170284000429092
5314,0.021142421000149625,21.142421000149625
5315,0.021362086000408453,21.362086000408453
5316,0.030413425999540777,30.413425999540777
5317,0.021622010999635677,21.622010999635677
5318,0.021491705000698857,21.491705000698857
5319,0.020340903999567672,20.340903999567672
5320,0.03257644999939657,32.57644999939657
5321,0.0282909670004301,28.2909670004301
5322,0.02180125900031271,21.80125900031271
5323,0.020941468000273744,20.941468000273744
5324,0.03349547400011943,33.49547400011943
5325,0.028565276999870548,28.565276999870548
5326,0.021830169000168098,21.830169000168098
5327,0.021343649000300502,21.343649000300502
5328,0.03259509899999102,32.59509899999102
5329,0.027855376999468717,27.855376999468717
5330,0.024077887999737868,24.077887999737868
5331,0.020764568999766198,20.764568999766198
5332,0.032250084999759565,32.250084999759565
5333,0.029007113999796275,29.007113999796275
5334,0.0216807990000234,21.6807990000234
5335,0.020891921999464103,20.891921999464103
5336,0.034331083000324725,34.331083000324725
5337,0.02799983000022621,27.99983000022621
5338,0.021667746999810333,21.667746999810333
5339,0.021709121999265335,21.709121999265335
5340,0.03220269699977507,32.20269699977507
5341,0.02807358199970622,28.07358199970622
5342,0.02160697099952813,21.60697099952813
5343,0.020764488999702735,20.764488999702735
5344,0.04437749799944868,44.37749799944868
5345,0.024740945999838004,24.740945999838004
5346,0.026006620000771363,26.006620000771363
5347,0.03607000399915705,36.07000399915705
5348,0.03752946500026155,37.52946500026155
5349,0.026814033999471576,26.814033999471576
5350,0.02290497800004232,22.90497800004232
5351,0.02324528300050588,23.24528300050588
5352,0.029036502000053588,29.036502000053588
5353,0.023823360999813303,23.823360999813303
5354,0.02376303100027144,23.76303100027144
5355,0.022395274000700738,22.395274000700738
5356,0.03180164599962154,31.80164599962154
5357,0.024386647999563138,24.386647999563138
5358,0.02310861699970701,23.10861699970701
5359,0.02195469599973876,21.95469599973876
5360,0.04019596299986006,40.19596299986006
5361,0.022813568999481504,22.813568999481504
5362,0.02275315499991848,22.75315499991848
5363,0.023036907000459905,23.036907000459905
5364,0.030273815999862563,30.273815999862563
5365,0.023580713999763248,23.580713999763248
5366,0.023127611000745674,23.127611000745674
5367,0.0217351539995434,21.7351539995434
5368,0.03460506900046312,34.60506900046312
5369,0.02408273399942118,24.08273399942118
5370,0.022786841000197455,22.786841000197455
5371,0.02283139100018161,22.83139100018161
5372,0.028457192000132636,28.457192000132636
5373,0.02334322900060215,23.34322900060215
5374,0.023480924999603303,23.480924999603303
5375,0.023997988000701298,23.997988000701298
5376,0.0354476929996963,35.4476929996963
5377,0.023860409999542753,23.860409999542753
5378,0.0236801020000712,23.6801020000712
5379,0.02292977900015103,22.92977900015103
5380,0.030485962000057043,30.485962000057043
5381,0.024006120000194642,24.00612000019464
5382,0.023029114000564732,23.029114000564732
5383,0.02221140399979049,22.21140399979049
5384,0.03423277100046107,34.23277100046107
5385,0.023500424999838287,23.500424999838287
5386,0.02333851900039008,23.33851900039008
5387,0.02341351300037786,23.41351300037786
5388,0.026995038000677596,26.995038000677596
5389,0.023839159999624826,23.839159999624826
5390,0.022770465000576223,22.770465000576223
5391,0.022425326000302448,22.425326000302448
5392,0.0384863220006082,38.4863220006082
5393,0.027327372999934596,27.327372999934596
5394,0.02428150800005824,24.28150800005824
5395,0.027616370000032475,27.616370000032475
5396,0.04663190199971723,46.63190199971723
5397,0.02268363799976214,22.68363799976214
5398,0.026051220999761426,26.051220999761426
5399,0.026478540999960387,26.478540999960387
5400,0.03126936399985425,31.26936399985425
5401,0.028439884000363236,28.439884000363236
5402,0.023069835000569583,23.069835000569583
5403,0.022564343999874836,22.564343999874836
5404,0.029392282999651798,29.392282999651798
5405,0.02890047900018544,28.90047900018544
5406,0.023364671999843267,23.364671999843267
5407,0.022595153000111168,22.595153000111168
5408,0.031299317999582854,31.299317999582854
5409,0.028191028000037477,28.191028000037477
5410,0.022845139999844832,22.845139999844832
5411,0.02279661899956409,22.79661899956409
5412,0.03043218299990258,30.43218299990258
5413,0.031167510000159382,31.167510000159382
5414,0.023185527000350703,23.185527000350703
5415,0.02188529200066114,21.88529200066114
5416,0.047933349999766506,47.933349999766506
5417,0.12979206199997861,129.7920619999786
5418,0.04232468600002903,42.32468600002903
5419,0.02228127900070831,22.28127900070831
5420,0.027958585000305902,27.958585000305902
5421,0.02847905599992373,28.47905599992373
5422,0.022418132999519003,22.418132999519003
5423,0.023142877999816847,23.142877999816847
5424,0.026892969999607885,26.892969999607885
5425,0.031325277000178176,31.325277000178176
5426,0.023913967000225966,23.913967000225966
5427,0.022388246999980765,22.388246999980765
5428,0.02891381899917178,28.91381899917178
5429,0.030065539999668545,30.065539999668545
5430,0.022678598999846145,22.678598999846145
