image_index,forward_latency_seconds,forward_latency_ms
0,0.02835496299985607,28.35496299985607
1,0.030682344999831912,30.682344999831912
2,0.020883718000050067,20.883718000050067
3,0.01904747399998996,19.04747399998996
4,0.029183201000023473,29.183201000023473
5,0.026229705999867292,26.229705999867292
6,0.019369353000001865,19.369353000001865
7,0.01999618900003952,19.99618900003952
8,0.02494255599981443,24.94255599981443
9,0.036401676999958,36.401676999958
10,0.025963068000010026,25.963068000010026
11,0.022262870000076873,22.262870000076873
12,0.02641966099986348,26.41966099986348
13,0.02949094999985391,29.49094999985391
14,0.0201547499998469,20.1547499998469
15,0.01902399499999774,19.02399499999774
16,0.03125666400001137,31.25666400001137
17,0.026637357000026896,26.637357000026896
18,0.019339320000199223,19.339320000199223
19,0.01958992999993825,19.58992999993825
20,0.0258030489999328,25.8030489999328
21,0.031579924999959985,31.579924999959985
22,0.020418243999984043,20.418243999984043
23,0.019941587000175787,19.941587000175787
24,0.029961155000137296,29.961155000137296
25,0.026479745999949955,26.479745999949955
26,0.0199937489999229,19.9937489999229
27,0.018858620999935738,18.858620999935738
28,0.02805211200006852,28.05211200006852
29,0.025863372000003437,25.863372000003437
30,0.01997427800006335,19.97427800006335
31,0.020063527000047543,20.063527000047543
32,0.02539036500002112,25.39036500002112
33,0.032154330999901504,32.154330999901504
34,0.020070310999926733,20.070310999926733
35,0.01977433800016115,19.77433800016115
36,0.031465807999893514,31.465807999893514
37,0.026252438000028633,26.252438000028633
38,0.02281835099984164,22.81835099984164
39,0.018720112999972116,18.720112999972116
40,0.026644195000017135,26.644195000017135
41,0.02719786199986629,27.19786199986629
42,0.019544015000064974,19.544015000064974
43,0.019739613000183454,19.739613000183454
44,0.03158805499992923,31.588054999929227
45,0.02511937500003114,25.11937500003114
46,0.02038444699996944,20.38444699996944
47,0.020047229000056177,20.047229000056177
48,0.02567693700007112,25.67693700007112
49,0.032847824000100445,32.847824000100445
50,0.02018315299983442,20.18315299983442
51,0.01901990900000783,19.01990900000783
52,0.031280556000183424,31.280556000183424
53,0.0261855569999625,26.1855569999625
54,0.0196698079998896,19.6698079998896
55,0.019870457000024544,19.870457000024544
56,0.027184739999938756,27.184739999938756
57,0.022488650000013877,22.488650000013877
58,0.020325483000078748,20.325483000078748
59,0.019714481999926647,19.714481999926647
60,0.025541231000033804,25.541231000033804
61,0.03202045299985912,32.02045299985912
62,0.020617807000007815,20.617807000007815
63,0.01913588799993704,19.13588799993704
64,0.03099453300001187,30.99453300001187
65,0.026100791000089885,26.100791000089885
66,0.019339813999977196,19.339813999977196
67,0.020398845000045185,20.398845000045185
68,0.028548803000148837,28.548803000148837
69,0.02169318899996142,21.69318899996142
70,0.02018645699990884,20.18645699990884
71,0.019789116000083595,19.789116000083595
72,0.025695876999861866,25.695876999861866
73,0.034307842000089295,34.307842000089295
74,0.020837846000176796,20.837846000176796
75,0.021716939000043567,21.716939000043567
76,0.02560815700007879,25.60815700007879
77,0.03270283999995627,32.70283999995627
78,0.020080413999949087,20.080413999949087
79,0.01985114700005397,19.85114700005397
80,0.02994727000009334,29.94727000009334
81,0.025801897999826906,25.801897999826906
82,0.020231756999919526,20.231756999919526
83,0.02239475900000798,22.39475900000798
84,0.039766329999793015,39.766329999793015
85,0.0269935250000799,26.9935250000799
86,0.020266182000113986,20.266182000113986
87,0.01885603000005176,18.85603000005176
88,0.025871786000152497,25.871786000152497
89,0.034233158999995794,34.233158999995794
90,0.019306506000020818,19.306506000020818
91,0.02029619199993249,20.29619199993249
92,0.0319146990000263,31.914699000026303
93,0.025210639999841078,25.210639999841078
94,0.020289415000206645,20.289415000206645
95,0.019397064000031605,19.397064000031605
96,0.025126031999889165,25.126031999889165
97,0.032945558999927016,32.945558999927016
98,0.020391755999980887,20.391755999980887
99,0.019294869000077597,19.294869000077597
100,0.03141469699994559,31.41469699994559
101,0.026393501000029573,26.393501000029573
102,0.019668319999937012,19.66831999993701
103,0.020004340000014054,20.004340000014054
104,0.025900025000055393,25.900025000055393
105,0.031140003000018623,31.140003000018623
106,0.020851192000009178,20.851192000009178
107,0.020113201000185654,20.113201000185654
108,0.03130592100001195,31.30592100001195
109,0.026018714999963777,26.018714999963777
110,0.023189465000086784,23.189465000086784
111,0.018826467000053526,18.826467000053526
112,0.025466022000045996,25.466022000045996
113,0.02928273900010936,29.28273900010936
114,0.019252176999998483,19.252176999998483
115,0.019784376999950837,19.784376999950837
116,0.033724379999966914,33.724379999966914
117,0.022245659999953205,22.245659999953205
118,0.02090166500011037,20.90166500011037
119,0.019690507000177604,19.690507000177604
120,0.025024134999966918,25.02413499996692
121,0.03029110500006027,30.29110500006027
122,0.020354427000029318,20.354427000029318
123,0.02746557099999336,27.46557099999336
124,0.04582787399999688,45.82787399999688
125,0.026831984999944325,26.831984999944325
126,0.020635940000147457,20.635940000147457
127,0.022299982000049567,22.299982000049567
128,0.024730094999995345,24.730094999995345
129,0.032637136000175815,32.637136000175815
130,0.02134890299998915,21.34890299998915
131,0.021250704000067344,21.250704000067344
132,0.02711037800008853,27.11037800008853
133,0.02654250000000502,26.54250000000502
134,0.0215585190001093,21.5585190001093
135,0.0201822239998819,20.1822239998819
136,0.02512479600000006,25.12479600000006
137,0.029257318999952986,29.257318999952986
138,0.021069654000029914,21.069654000029914
139,0.02153254199993171,21.53254199993171
140,0.03052285000012489,30.52285000012489
141,0.020818536999968273,20.818536999968273
142,0.02296891399987544,22.96891399987544
143,0.022480780000023515,22.480780000023515
144,0.035180260999823076,35.180260999823076
145,0.025307219999831432,25.307219999831432
146,0.021112511999945127,21.112511999945127
147,0.01994191500011766,19.94191500011766
148,0.027759885000023132,27.759885000023132
149,0.026523537999992186,26.523537999992186
150,0.02059254100004182,20.59254100004182
151,0.02111281899988171,21.11281899988171
152,0.024457863999941765,24.457863999941765
153,0.032844113999999536,32.844113999999536
154,0.021959033000030104,21.959033000030104
155,0.021807652999996208,21.807652999996208
156,0.025591002000055596,25.591002000055596
157,0.027395907000027364,27.395907000027364
158,0.022689344000127676,22.689344000127676
159,0.021219728999994913,21.219728999994913
160,0.030453012999942075,30.453012999942075
161,0.02771816399990712,27.71816399990712
162,0.021857146999991528,21.857146999991528
163,0.02294904699988365,22.94904699988365
164,0.02962957899990215,29.62957899990215
165,0.02752469500001098,27.52469500001098
166,0.02315965899992989,23.15965899992989
167,0.022690486000101373,22.690486000101373
168,0.030912250000028507,30.912250000028507
169,0.028323839999984557,28.323839999984557
170,0.023300137999967774,23.300137999967774
171,0.021939776999943206,21.939776999943206
172,0.14730298600011338,147.30298600011338
173,0.04357544200001939,43.57544200001939
174,0.02489078099983999,24.89078099983999
175,0.023234326999954646,23.234326999954646
176,0.026684802999852764,26.684802999852764
177,0.02673707300004935,26.73707300004935
178,0.022570126999880813,22.570126999880813
179,0.02256549300000188,22.56549300000188
180,0.027980746000139334,27.980746000139334
181,0.028232675000026575,28.232675000026575
182,0.023185793000038757,23.185793000038757
183,0.021930762000010873,21.930762000010873
184,0.028766903999894566,28.766903999894566
185,0.027921022000100493,27.921022000100493
186,0.022527426999886302,22.527426999886302
187,0.02264407999996365,22.64407999996365
188,0.02835540499995659,28.35540499995659
189,0.027182584999991377,27.182584999991377
190,0.022583174000146755,22.583174000146755
191,0.022090941999977076,22.090941999977076
192,0.02489360000004126,24.89360000004126
193,0.031839557000012064,31.839557000012064
194,0.02317506899998989,23.17506899998989
195,0.02189405900003294,21.89405900003294
196,0.029148869999971794,29.148869999971794
197,0.02871443399999407,28.71443399999407
198,0.022883968999849458,22.883968999849458
199,0.022742682999933095,22.742682999933095
200,0.03707784299990635,37.07784299990635
201,0.025930935999895155,25.930935999895155
202,0.023140944000033414,23.140944000033414
203,0.02215918599995348,22.15918599995348
204,0.027667656000176066,27.667656000176066
205,0.028931392000004053,28.931392000004053
206,0.022752008999987083,22.752008999987083
207,0.022150334000116345,22.150334000116345
208,0.04462244799992732,44.62244799992732
209,0.023738117999982933,23.738117999982933
210,0.02208365199999207,22.08365199999207
211,0.022733418999905552,22.733418999905552
212,0.026343014000076437,26.343014000076437
213,0.029437544000074922,29.437544000074922
214,0.02334279699994113,23.34279699994113
215,0.023054112999943754,23.054112999943754
216,0.025560356999903888,25.560356999903888
217,0.030591509000032602,30.5915090000326
218,0.02357208500006891,23.57208500006891
219,0.021780331999934788,21.780331999934788
220,0.026017433999868445,26.017433999868445
221,0.03030129700005091,30.30129700005091
222,0.02237788999991608,22.37788999991608
223,0.022679204000041864,22.679204000041864
224,0.026833152000108385,26.833152000108385
225,0.029049448000023403,29.049448000023403
226,0.023071303000051557,23.071303000051557
227,0.02261363299999175,22.61363299999175
228,0.0248816700000134,24.8816700000134
229,0.03056683499994506,30.56683499994506
230,0.023377307000146175,23.377307000146175
231,0.02187721300015255,21.87721300015255
232,0.026190301999804433,26.190301999804433
233,0.030484699999988152,30.484699999988152
234,0.022375389999979234,22.375389999979234
235,0.022894446999998763,22.894446999998763
236,0.026318059999994148,26.318059999994148
237,0.03146396600004664,31.46396600004664
238,0.023364237999885518,23.364237999885518
239,0.022804576999988058,22.804576999988058
240,0.02840634500012129,28.40634500012129
241,0.02962268600003881,29.62268600003881
242,0.023170829000036974,23.170829000036974
243,0.021475659000088854,21.475659000088854
244,0.028214791999971567,28.214791999971567
245,0.02929114399989885,29.29114399989885
246,0.021721494000075836,21.721494000075836
247,0.02216425099982189,22.16425099982189
248,0.025767157000018415,25.767157000018415
249,0.030040965999887703,30.040965999887703
250,0.023088224000048285,23.088224000048285
251,0.022763744000030783,22.763744000030783
252,0.02548068900000544,25.48068900000544
253,0.03228177100004359,32.28177100004359
254,0.02680181799996717,26.80181799996717
255,0.02345942500005549,23.45942500005549
256,0.029429459999846586,29.429459999846586
257,0.029225618000054965,29.225618000054965
258,0.0226729600001363,22.6729600001363
259,0.022827645999996093,22.827645999996093
260,0.03299413100012316,32.99413100012316
261,0.02268834999995306,22.68834999995306
262,0.023209741999835387,23.209741999835387
263,0.022862925000026735,22.862925000026735
264,0.030523339999945165,30.523339999945165
265,0.02453827700014699,24.53827700014699
266,0.022629193000057057,22.629193000057057
267,0.021149730999923122,21.149730999923122
268,0.03113100099994881,31.13100099994881
269,0.028702064000071914,28.702064000071914
270,0.023346347999904538,23.346347999904538
271,0.022997097999905236,22.997097999905236
272,0.032052643000042735,32.052643000042735
273,0.02350091300013446,23.50091300013446
274,0.023256855999989057,23.256855999989057
275,0.022885275999897203,22.885275999897203
276,0.029834369999889532,29.83436999988953
277,0.027671387000054892,27.671387000054892
278,0.02281717400001071,22.81717400001071
279,0.021259416000020792,21.259416000020792
280,0.023771839999881195,23.771839999881195
281,0.032187339000074644,32.187339000074644
282,0.022743778999938513,22.743778999938513
283,0.023179429000038,23.179429000038
284,0.031432004999942365,31.432004999942365
285,0.027697909999915282,27.697909999915282
286,0.02313233500012757,23.13233500012757
287,0.02404239299994515,24.04239299994515
288,0.04847595799992632,48.47595799992632
289,0.04354898400015372,43.54898400015372
290,0.03120483200018498,31.20483200018498
291,0.023079383000094822,23.079383000094822
292,0.044874415000094814,44.874415000094814
293,0.02433576900011758,24.33576900011758
294,0.02229084299983697,22.29084299983697
295,0.02364068499991845,23.64068499991845
296,0.046229913999923156,46.229913999923156
297,0.026214042999981757,26.214042999981757
298,0.023498920999827533,23.498920999827533
299,0.02301283399992826,23.01283399992826
300,0.03687113799992403,36.87113799992403
301,0.02315785800010417,23.15785800010417
302,0.0223860070000228,22.3860070000228
303,0.02127245699989544,21.27245699989544
304,0.029927670999995826,29.927670999995826
305,0.030836490000183403,30.836490000183403
306,0.02946401799999876,29.46401799999876
307,0.02806971999984853,28.06971999984853
308,0.03388157499989575,33.88157499989575
309,0.027683466000098633,27.683466000098633
310,0.02315349199989214,23.15349199989214
311,0.022676718999946388,22.676718999946388
312,0.032596457999943595,32.596457999943595
313,0.028863735999948403,28.863735999948403
314,0.02253698300000906,22.53698300000906
315,0.02126689599981546,21.26689599981546
316,0.03207732100008798,32.07732100008798
317,0.02693149399988215,26.93149399988215
318,0.022208697999985816,22.208697999985816
319,0.023018433000061123,23.018433000061123
320,0.031980813000018316,31.980813000018316
321,0.02377712599991355,23.77712599991355
322,0.023220663000074637,23.220663000074637
323,0.022420800999952917,22.420800999952917
324,0.028979226999808816,28.979226999808816
325,0.027741074000005028,27.741074000005028
326,0.023417698999992353,23.417698999992353
327,0.021385691999967094,21.385691999967094
328,0.030886551999856238,30.886551999856238
329,0.02897659600012048,28.97659600012048
330,0.022294737000038367,22.294737000038367
331,0.022775823999836575,22.775823999836575
332,0.04212290899999971,42.12290899999971
333,0.023031365000178994,23.031365000178994
334,0.023006186999964484,23.006186999964484
335,0.02270426400014003,22.70426400014003
336,0.036099710000144114,36.099710000144114
337,0.027789157999905,27.789157999905
338,0.0222679529999823,22.2679529999823
339,0.021495631999869147,21.495631999869147
340,0.03389204499990228,33.89204499990228
341,0.029666179000059856,29.666179000059856
342,0.022126254000113477,22.126254000113477
343,0.022876452999980756,22.876452999980756
344,0.03323844999999892,33.23844999999892
345,0.02236760999994658,22.36760999994658
346,0.023856897000086974,23.856897000086974
347,0.02267695399996228,22.67695399996228
348,0.031236937000130638,31.236937000130638
349,0.023465981000072134,23.465981000072134
350,0.023145610000028682,23.145610000028682
351,0.022002638999992996,22.002638999992996
352,0.024201774999937697,24.201774999937697
353,0.03273717100000795,32.73717100000795
354,0.023741868999877624,23.741868999877624
355,0.02307909399996788,23.07909399996788
356,0.03446340400000736,34.46340400000736
357,0.022625957999935054,22.625957999935054
358,0.02314435399989634,23.14435399989634
359,0.022676152000030925,22.676152000030925
360,0.02784986699998626,27.84986699998626
361,0.027426978999983476,27.426978999983476
362,0.023196073000008255,23.196073000008255
363,0.021564056999977765,21.564056999977765
364,0.029638814000009006,29.638814000009006
365,0.027894931999981054,27.894931999981054
366,0.021632284999896,21.632284999896
367,0.022158020000006218,22.158020000006218
368,0.028624114999956873,28.624114999956873
369,0.02724699299983513,27.24699299983513
370,0.023142136000160463,23.142136000160463
371,0.024887615999887203,24.887615999887203
372,0.029976795000038692,29.976795000038692
373,0.028293326000039087,28.293326000039087
374,0.023229373000049236,23.229373000049236
375,0.021847096000101374,21.847096000101374
376,0.030665838999993866,30.665838999993866
377,0.028454624000005424,28.454624000005424
378,0.022978071999887106,22.978071999887106
379,0.022881590999986656,22.881590999986656
380,0.03011435099983828,30.11435099983828
381,0.026057949000005465,26.057949000005465
382,0.022762197000020024,22.762197000020024
383,0.02226076900001317,22.26076900001317
384,0.027499307999960365,27.499307999960365
385,0.02825990900009856,28.25990900009856
386,0.023032877999867196,23.032877999867196
387,0.021840696000026583,21.840696000026583
388,0.02812384800017753,28.12384800017753
389,0.028116464999811797,28.116464999811797
390,0.022375298000042676,22.375298000042676
391,0.022587025999882826,22.587025999882826
392,0.028554937999842878,28.554937999842878
393,0.02719657600005121,27.19657600005121
394,0.022695074000012028,22.695074000012028
395,0.022213662000012846,22.213662000012846
396,0.02472686999999496,24.72686999999496
397,0.031899170000087906,31.899170000087906
398,0.02314674100011871,23.14674100011871
399,0.021900917000039044,21.900917000039044
400,0.028829677000203446,28.829677000203446
401,0.030085426999903575,30.085426999903575
402,0.0223717270000634,22.3717270000634
403,0.0229791680001199,22.9791680001199
404,0.029865605999930267,29.865605999930267
405,0.030817912999964392,30.817912999964392
406,0.022659469000018362,22.659469000018362
407,0.02213385400000334,22.13385400000334
408,0.02744683600008102,27.44683600008102
409,0.02777677200015205,27.77677200015205
410,0.02257079400010298,22.57079400010298
411,0.021122707000131413,21.122707000131413
412,0.026558892999901218,26.558892999901218
413,0.031202473000121245,31.202473000121245
414,0.02223310800013678,22.23310800013678
415,0.022799211000119612,22.799211000119612
416,0.03017432799993003,30.17432799993003
417,0.027908205000130692,27.908205000130692
418,0.02319509299991296,23.19509299991296
419,0.023411760999806575,23.411760999806575
420,0.029891894999991564,29.891894999991564
421,0.029975330999832295,29.975330999832295
422,0.026250080999943748,26.250080999943748
423,0.022226204999924448,22.226204999924448
424,0.03838999499998863,38.38999499998863
425,0.02381012399996507,23.81012399996507
426,0.02240764700013642,22.40764700013642
427,0.022663930999897275,22.663930999897275
428,0.028502661000175067,28.502661000175067
429,0.023371957000108523,23.371957000108523
430,0.02282327400007489,22.82327400007489
431,0.023108024000066507,23.108024000066507
432,0.033090702999970745,33.090702999970745
433,0.023998176000077365,23.998176000077365
434,0.023303255999962857,23.303255999962857
435,0.022231067000120674,22.231067000120674
436,0.0292623719999483,29.2623719999483
437,0.028174079999871537,28.174079999871537
438,0.022264185000040015,22.264185000040015
439,0.022744827999986228,22.744827999986228
440,0.028379416999996465,28.379416999996465
441,0.021805514000106996,21.805514000106996
442,0.0232242069998847,23.2242069998847
443,0.022632301000157895,22.632301000157895
444,0.02936477699995521,29.36477699995521
445,0.0284542969998256,28.4542969998256
446,0.023317609000059747,23.317609000059747
447,0.021952969000039957,21.952969000039957
448,0.029825712000047133,29.825712000047133
449,0.02840419200015276,28.40419200015276
450,0.022272727999961717,22.272727999961717
451,0.022309159000087675,22.309159000087675
452,0.030223401000057493,30.223401000057493
453,0.02752163200011637,27.52163200011637
454,0.023383088999935353,23.383088999935353
455,0.022902171999930943,22.902171999930943
456,0.03188543200008098,31.885432000080982
457,0.024959490000128426,24.959490000128426
458,0.02473033299997951,24.73033299997951
459,0.0231134519999614,23.1134519999614
460,0.026936437000131264,26.936437000131264
461,0.034325384000112535,34.325384000112535
462,0.022807768000120632,22.80776800012063
463,0.02278887600004964,22.78887600004964
464,0.02831959500008452,28.31959500008452
465,0.02915932599989901,29.15932599989901
466,0.022590612000158217,22.590612000158217
467,0.022148469000057958,22.148469000057958
468,0.024682248000090112,24.682248000090112
469,0.031786185000100886,31.786185000100886
470,0.023246011999844995,23.246011999844995
471,0.02215678199991089,22.15678199991089
472,0.029545057999939672,29.545057999939672
473,0.028129446000093594,28.129446000093594
474,0.0222928849998425,22.2928849998425
475,0.022726182000042172,22.726182000042172
476,0.029499243000145725,29.499243000145725
477,0.030642864999890662,30.642864999890662
478,0.024465184000064255,24.465184000064255
479,0.023748956999952497,23.748956999952497
480,0.04020712800002002,40.20712800002002
481,0.02341362299989669,23.41362299989669
482,0.0231060900000557,23.1060900000557
483,0.022358992000135913,22.358992000135913
484,0.02546600400000898,25.46600400000898
485,0.03351703799989991,33.51703799989991
486,0.021650647999877037,21.650647999877037
487,0.022262118000071496,22.262118000071496
488,0.02689471999997295,26.89471999997295
489,0.02353162400004294,23.53162400004294
490,0.023381692999919323,23.381692999919323
491,0.0226653880001777,22.6653880001777
492,0.02927634999991824,29.27634999991824
493,0.028856156999836458,28.856156999836458
494,0.0231248059999416,23.1248059999416
495,0.02137172599987025,21.37172599987025
496,0.029550942000014402,29.550942000014402
497,0.028412696000032156,28.412696000032156
498,0.02167908499995974,21.67908499995974
499,0.022152875999836397,22.152875999836397
500,0.028767625999989832,28.767625999989832
501,0.02800483499981965,28.00483499981965
502,0.023345118999941405,23.345118999941405
503,0.02270398199993906,22.70398199993906
504,0.030793403999950897,30.793403999950897
505,0.028220265000072686,28.220265000072686
506,0.0231938669999181,23.1938669999181
507,0.0212290629999643,21.2290629999643
508,0.028199501000017335,28.199501000017335
509,0.027654321999989406,27.654321999989406
510,0.021649840000009135,21.649840000009135
511,0.02235896699994555,22.35896699994555
512,0.027889001999938046,27.889001999938046
513,0.03086039400000118,30.86039400000118
514,0.023461851000092793,23.461851000092793
515,0.022731807000127446,22.731807000127446
516,0.028150614000196583,28.150614000196583
517,0.02788112000007459,27.88112000007459
518,0.023363513000049352,23.363513000049352
519,0.021332932000177607,21.332932000177607
520,0.02827192799986733,28.27192799986733
521,0.028665214999819,28.665214999819
522,0.021637700999917797,21.637700999917797
523,0.022202058999937435,22.202058999937435
524,0.025707208000085302,25.707208000085302
525,0.030822474000160582,30.822474000160582
526,0.02310693499998706,23.10693499998706
527,0.023457921999806786,23.457921999806786
528,0.027993282000124964,27.993282000124964
529,0.029607185000031677,29.607185000031677
530,0.02315020099990761,23.15020099990761
531,0.02179091400012112,21.79091400012112
532,0.027528635999942708,27.528635999942708
533,0.030293789000097604,30.293789000097604
534,0.0216468349999559,21.6468349999559
535,0.022155623000116975,22.155623000116975
536,0.025618434000080015,25.618434000080015
537,0.028983354000047257,28.983354000047257
538,0.024330318000011175,24.330318000011175
539,0.023053143999959502,23.053143999959502
540,0.026040842999918823,26.040842999918823
541,0.028689280999969924,28.689280999969924
542,0.02310931200008781,23.10931200008781
543,0.022038955999960308,22.038955999960308
544,0.025221468999916397,25.221468999916397
545,0.0305174249999709,30.5174249999709
546,0.021568805000015345,21.568805000015345
547,0.022258501999885993,22.258501999885993
548,0.025739333000046827,25.739333000046827
549,0.03248666700005742,32.48666700005742
550,0.02313001999982589,23.13001999982589
551,0.022774678999894604,22.774678999894604
552,0.025479123999957665,25.479123999957665
553,0.031718371000124534,31.718371000124534
554,0.023392219000015757,23.392219000015757
555,0.021928360999936558,21.928360999936558
556,0.027873048999936145,27.873048999936145
557,0.030896763999862742,30.896763999862742
558,0.0222294969998984,22.2294969998984
559,0.022611853999933373,22.611853999933373
560,0.02841151899997385,28.41151899997385
561,0.028955961000065145,28.955961000065145
562,0.022654450999880282,22.654450999880282
563,0.02258354000014151,22.58354000014151
564,0.025735731000168016,25.735731000168016
565,0.03070740099997238,30.70740099997238
566,0.023307424999984505,23.307424999984505
567,0.021845780999910858,21.845780999910858
568,0.029115849999925558,29.115849999925558
569,0.029150212000104148,29.150212000104148
570,0.022248110999953497,22.248110999953497
571,0.024354519999860713,24.354519999860713
572,0.03511106500013739,35.11106500013739
573,0.024181999000120413,24.181999000120413
574,0.023241699999971388,23.241699999971388
575,0.02272507900011078,22.72507900011078
576,0.029929375000165237,29.929375000165237
577,0.027289196999845444,27.289196999845444
578,0.022602502999916396,22.602502999916396
579,0.021237675000065792,21.237675000065792
580,0.03034698900000876,30.34698900000876
581,0.027909279999903447,27.909279999903447
582,0.021691630000077566,21.691630000077566
583,0.02275191400008225,22.75191400008225
584,0.032420248000107676,32.42024800010768
585,0.026011264000089795,26.011264000089795
586,0.023658911999973498,23.658911999973498
587,0.022932823000019198,22.932823000019198
588,0.030774815999848215,30.774815999848215
589,0.02597849199992197,25.97849199992197
590,0.022539124999866544,22.539124999866544
591,0.023466482000003452,23.466482000003452
592,0.048366849999865735,48.366849999865735
593,0.023146229000076346,23.146229000076346
594,0.02193514900000082,21.93514900000082
595,0.02265579799995976,22.65579799995976
596,0.029333823999877495,29.333823999877495
597,0.027478349000148228,27.478349000148228
598,0.022544072999835407,22.544072999835407
599,0.022087744999907954,22.087744999907954
600,0.027372934000140958,27.37293400014096
601,0.02769944600004237,27.69944600004237
602,0.02243964599983883,22.43964599983883
603,0.021767244999864488,21.767244999864488
604,0.029771216999961325,29.771216999961325
605,0.028246653999985938,28.246653999985938
606,0.022348341999986587,22.348341999986587
607,0.022818031000042538,22.818031000042538
608,0.029392551999990246,29.392551999990246
609,0.028273926999872856,28.273926999872856
610,0.023205829999824346,23.205829999824346
611,0.022668109000051118,22.668109000051118
612,0.0272984829998677,27.2984829998677
613,0.0283377539999492,28.3377539999492
614,0.02269813999987491,22.69813999987491
615,0.021179543000016565,21.179543000016565
616,0.02550241700009792,25.50241700009792
617,0.031185680000135108,31.185680000135108
618,0.022328776999984257,22.328776999984257
619,0.02291587200011236,22.91587200011236
620,0.028066846999990958,28.066846999990958
621,0.030047340999999506,30.047340999999506
622,0.02312462300005791,23.12462300005791
623,0.022743118000107643,22.743118000107643
624,0.02831479700012096,28.31479700012096
625,0.03143515099986871,31.43515099986871
626,0.025996867000003476,25.996867000003476
627,0.025040869000122257,25.040869000122257
628,0.050877859999900465,50.877859999900465
629,0.023417496999854848,23.417496999854848
630,0.02240439999991395,22.40439999991395
631,0.02286826099998507,22.86826099998507
632,0.04562477900003614,45.62477900003614
633,0.024413524999999936,24.413524999999936
634,0.025976531999958752,25.976531999958752
635,0.023051232999932836,23.051232999932836
636,0.02898005299994111,28.98005299994111
637,0.023231112000075882,23.231112000075882
638,0.022691093000048568,22.691093000048568
639,0.0212272750000011,21.2272750000011
640,0.030249343999912526,30.249343999912526
641,0.028263377000030232,28.263377000030232
642,0.021685533999971085,21.685533999971085
643,0.022203140000101484,22.203140000101484
644,0.023531888999968942,23.531888999968942
645,0.030711891000009928,30.711891000009928
646,0.027502069000092888,27.502069000092888
647,0.024704519000124492,24.704519000124492
648,0.03765571999997519,37.65571999997519
649,0.023819117000130063,23.819117000130063
650,0.0229839239998455,22.9839239998455
651,0.021862545999965732,21.862545999965732
652,0.02601086699996813,26.01086699996813
653,0.03389803799996116,33.89803799996116
654,0.021780609999950684,21.780609999950684
655,0.022253808999948888,22.253808999948888
656,0.025518929000099888,25.518929000099888
657,0.032302907000030245,32.302907000030245
658,0.02259534600011648,22.59534600011648
659,0.02215715499983162,22.15715499983162
660,0.02606713800014404,26.06713800014404
661,0.03372134599999299,33.72134599999299
662,0.02305059699983758,23.05059699983758
663,0.02221187899999677,22.21187899999677
664,0.03193778300010308,31.93778300010308
665,0.02811159500015492,28.11159500015492
666,0.022632039999962217,22.632039999962217
667,0.022711569999955827,22.711569999955827
668,0.029709868000054485,29.709868000054485
669,0.029295228999899336,29.295228999899336
670,0.023007086999996318,23.007086999996318
671,0.022051744999998846,22.051744999998846
672,0.02757713899995906,27.57713899995906
673,0.028186728000036965,28.186728000036965
674,0.02285024799994062,22.85024799994062
675,0.021509721000029458,21.509721000029458
676,0.025850418999880276,25.850418999880276
677,0.031676428000082524,31.676428000082524
678,0.02224189399998977,22.24189399998977
679,0.022752963000129967,22.752963000129967
680,0.02879556999982924,28.79556999982924
681,0.030284789999996065,30.284789999996065
682,0.023906039999928907,23.906039999928907
683,0.023160360000019864,23.160360000019864
684,0.04257775099995342,42.57775099995342
685,0.02331927699992775,23.31927699992775
686,0.022438399999828107,22.438399999828107
687,0.021741110999982993,21.741110999982993
688,0.037278211000057127,37.27821100005713
689,0.023252715000126045,23.252715000126045
690,0.022116319999895495,22.116319999895495
691,0.02300532000003841,23.00532000003841
692,0.026593391000005795,26.593391000005795
693,0.025306739999905403,25.306739999905403
694,0.03327008300016132,33.27008300016132
695,0.0225125020001542,22.5125020001542
696,0.02909627700000783,29.09627700000783
697,0.027669393999985914,27.669393999985914
698,0.022595266000053016,22.595266000053016
699,0.021225899000000936,21.225899000000936
700,0.026160015999948882,26.160015999948882
701,0.031698246999894764,31.698246999894764
702,0.023699506999946607,23.699506999946607
703,0.022868180999921606,22.868180999921606
704,0.02876421499991011,28.76421499991011
705,0.027690486000210512,27.690486000210512
706,0.023208680999914577,23.208680999914577
707,0.022577817999945182,22.577817999945182
708,0.027612640999905125,27.612640999905125
709,0.028556140000091546,28.556140000091546
710,0.022580453999808014,22.580453999808014
711,0.02120452600001954,21.20452600001954
712,0.02548205199991571,25.48205199991571
713,0.0315438739999081,31.5438739999081
714,0.022249783999995998,22.249783999995998
715,0.02270091200011848,22.70091200011848
716,0.028469131000065317,28.469131000065317
717,0.027519243000142524,27.519243000142524
718,0.023103919000050155,23.103919000050155
719,0.022711296000125003,22.711296000125003
720,0.025390348999962953,25.390348999962953
721,0.03128854200008391,31.288542000083908
722,0.023270634000027712,23.270634000027712
723,0.02136883699995451,21.36883699995451
724,0.02530994400012787,25.30994400012787
725,0.03127136199987035,31.27136199987035
726,0.02221749499994985,22.21749499994985
727,0.022762073999956556,22.762073999956556
728,0.02723089699998127,27.23089699998127
729,0.03059700900007556,30.59700900007556
730,0.022965855000165902,22.965855000165902
731,0.02229550900005961,22.29550900005961
732,0.024999626000180797,24.999626000180797
733,0.0307229240002016,30.7229240002016
734,0.02284544300005109,22.84544300005109
735,0.02127115700000104,21.27115700000104
736,0.027615483000090535,27.615483000090535
737,0.030436491000045862,30.436491000045862
738,0.022597528000005696,22.597528000005696
739,0.02278931399996509,22.78931399996509
740,0.02826761900018937,28.26761900018937
741,0.029819220000035784,29.819220000035784
742,0.02337328799990246,23.37328799990246
743,0.022064477999947485,22.064477999947485
744,0.025713242999927388,25.713242999927388
745,0.03119509799989828,31.19509799989828
746,0.0226607409999815,22.6607409999815
747,0.021241636000013386,21.241636000013386
748,0.025714973000049213,25.714973000049213
749,0.03169152100008432,31.69152100008432
750,0.022205536000001302,22.205536000001302
751,0.02271328699998776,22.71328699998776
752,0.028932378000035897,28.932378000035897
753,0.029508488999908877,29.508488999908877
754,0.0231190219999462,23.1190219999462
755,0.022448248000046078,22.44824800004608
756,0.026881137000145827,26.881137000145827
757,0.029825894000168773,29.825894000168773
758,0.022425399999974616,22.425399999974616
759,0.021257889000025898,21.257889000025898
760,0.02435570100010409,24.35570100010409
761,0.027851183999928253,27.851183999928253
762,0.03626677100010056,36.26677100010056
763,0.023105539999960456,23.105539999960456
764,0.030143823999878805,30.143823999878805
765,0.027707167000016852,27.707167000016852
766,0.023440166999989742,23.440166999989742
767,0.022298447000139276,22.298447000139276
768,0.02934714699995311,29.34714699995311
769,0.030321307999884084,30.321307999884084
770,0.02279701599991313,22.79701599991313
771,0.02130080300003101,21.30080300003101
772,0.029693941000004997,29.693941000004997
773,0.027863986000056684,27.863986000056684
774,0.021647521999966557,21.647521999966557
775,0.022771099999999933,22.771099999999933
776,0.029815232000146352,29.815232000146352
777,0.027850291000049765,27.850291000049765
778,0.02366114699998434,23.66114699998434
779,0.02284934199997224,22.84934199997224
780,0.028504505999990215,28.504505999990215
781,0.027590015999976458,27.59001599997646
782,0.02265965099991263,22.65965099991263
783,0.02157671999998456,21.57671999998456
784,0.028160332999959792,28.160332999959792
785,0.02807303600002342,28.07303600002342
786,0.0226982690001023,22.6982690001023
787,0.022703659000171683,22.703659000171683
788,0.02933151000001999,29.33151000001999
789,0.02755519400011508,27.55519400011508
790,0.0233491280000635,23.3491280000635
791,0.022070699000096283,22.070699000096283
792,0.027814515000045503,27.814515000045503
793,0.0278577320000295,27.8577320000295
794,0.02261084099995969,22.61084099995969
795,0.021236579999822425,21.236579999822425
796,0.04084905099989555,40.84905099989555
797,0.02245656200011581,22.45656200011581
798,0.021332729000050676,21.332729000050676
799,0.024990880000132165,24.990880000132165
800,0.025798123999948075,25.798123999948075
801,0.03980915400006779,39.80915400006779
802,0.02864023500001167,28.64023500001167
803,0.023502618999827973,23.502618999827973
804,0.0283750159999272,28.3750159999272
805,0.02275853699984509,22.75853699984509
806,0.022997061000069152,22.997061000069152
807,0.021262724000052913,21.262724000052913
808,0.029895115000044825,29.895115000044825
809,0.02865028400015035,28.65028400015035
810,0.022739411999964432,22.73941199996443
811,0.022730312000021513,22.730312000021513
812,0.030629762999978993,30.629762999978993
813,0.026363658000036594,26.363658000036594
814,0.023065471000109028,23.065471000109028
815,0.023164930999882927,23.164930999882927
816,0.026247403999832386,26.247403999832386
817,0.03252206999991358,32.52206999991358
818,0.025245522999966852,25.245522999966852
819,0.022308455000029426,22.308455000029426
820,0.02691902000015034,26.91902000015034
821,0.027492463000044154,27.492463000044154
822,0.021694136999940383,21.694136999940383
823,0.022182747999977437,22.182747999977437
824,0.028475534000108382,28.475534000108382
825,0.026885191000019404,26.885191000019404
826,0.023295272999803274,23.295272999803274
827,0.022674005999988367,22.674005999988367
828,0.027983872000049814,27.983872000049814
829,0.028178223000168146,28.178223000168146
830,0.023237375000007887,23.237375000007887
831,0.0212463679999928,21.2463679999928
832,0.02844772000003104,28.44772000003104
833,0.04178675299999668,41.78675299999668
834,0.12792036300015752,127.92036300015752
835,0.022110420999979397,22.110420999979397
836,0.029063290999829405,29.063290999829405
837,0.021893920000138678,21.893920000138678
838,0.02263267800003632,22.63267800003632
839,0.022181632999945577,22.181632999945577
840,0.030391682999834302,30.391682999834302
841,0.027689545999919574,27.689545999919574
842,0.022573495000187904,22.573495000187904
843,0.021579016000032425,21.579016000032425
844,0.025365329000123893,25.365329000123893
845,0.03228771999988567,32.28771999988567
846,0.02260500200009119,22.60500200009119
847,0.023194857000135016,23.194857000135016
848,0.02988238100010676,29.88238100010676
849,0.029227373000139778,29.227373000139778
850,0.022733850999884453,22.733850999884453
851,0.022109262999947532,22.109262999947532
852,0.02859713299994837,28.59713299994837
853,0.027809716999854572,27.809716999854572
854,0.02258021199986615,22.58021199986615
855,0.02127618200006509,21.27618200006509
856,0.028379580999853715,28.379580999853715
857,0.027624047000017526,27.624047000017526
858,0.022221439000077226,22.221439000077226
859,0.022743276000028345,22.743276000028345
860,0.028963692999923296,28.963692999923296
861,0.027703733999942415,27.703733999942415
862,0.023129605999884006,23.129605999884006
863,0.02274379899995438,22.74379899995438
864,0.0273425049999787,27.3425049999787
865,0.029940340999928594,29.940340999928594
866,0.022607280999864088,22.607280999864088
867,0.021951583999907598,21.951583999907598
868,0.02724951000004694,27.24951000004694
869,0.03061127299997679,30.61127299997679
870,0.022039369999902192,22.039369999902192
871,0.022805733000041073,22.805733000041073
872,0.02891527999986465,28.91527999986465
873,0.028200230000038573,28.200230000038573
874,0.023227142999985517,23.227142999985517
875,0.022612543999912305,22.612543999912305
876,0.02495978200022364,24.95978200022364
877,0.030961776000140162,30.961776000140162
878,0.022576240999796937,22.576240999796937
879,0.021197696000172073,21.197696000172073
880,0.02535261899993202,25.35261899993202
881,0.03039738600000419,30.39738600000419
882,0.02224882400014394,22.24882400014394
883,0.022775924000143277,22.775924000143277
884,0.026570736999929068,26.570736999929068
885,0.03035857700001543,30.35857700001543
886,0.023160146000009263,23.160146000009263
887,0.022741996999911862,22.741996999911862
888,0.025179349000154616,25.179349000154616
889,0.03150276299993493,31.50276299993493
890,0.02310829299995021,23.10829299995021
891,0.02207612200004405,22.07612200004405
892,0.028476830000045084,28.476830000045084
893,0.028470548999848688,28.47054899984869
894,0.022488058999897476,22.488058999897476
895,0.022236563999967984,22.236563999967984
896,0.028320068000084575,28.320068000084575
897,0.029735522999999375,29.735522999999375
898,0.022847058000024845,22.847058000024845
899,0.022480579999864858,22.480579999864858
900,0.025314712999943367,25.314712999943367
901,0.03112166799996885,31.12166799996885
902,0.023131709999915984,23.131709999915984
903,0.02196584300008908,21.96584300008908
904,0.027549198999849978,27.549198999849978
905,0.030790016000082687,30.790016000082687
906,0.022336322999990443,22.336322999990443
907,0.022162566000133666,22.162566000133666
908,0.02705350099995485,27.05350099995485
909,0.03004655399990952,30.04655399990952
910,0.02247001000000637,22.47001000000637
911,0.02220089200000075,22.20089200000075
912,0.02499024200005806,24.99024200005806
913,0.030287156999975196,30.287156999975196
914,0.0231539530000191,23.1539530000191
915,0.021926015999952142,21.926015999952142
916,0.026067375999900833,26.067375999900833
917,0.0303973610000412,30.3973610000412
918,0.0226488989999325,22.6488989999325
919,0.023147780999806855,23.147780999806855
920,0.03495335499997054,34.95335499997054
921,0.027499651000198355,27.499651000198355
922,0.02258404100007283,22.58404100007283
923,0.02213278999988688,22.13278999988688
924,0.02734976200008532,27.34976200008532
925,0.027843867999990835,27.843867999990835
926,0.02266677000011441,22.66677000011441
927,0.025596984999992856,25.596984999992856
928,0.03018218599981992,30.18218599981992
929,0.029379628000015146,29.379628000015146
930,0.022368690999883256,22.368690999883256
931,0.02332670999999209,23.32670999999209
932,0.025677998999981355,25.677998999981355
933,0.031634395000082804,31.634395000082804
934,0.023844422000138366,23.844422000138366
935,0.022667616999797247,22.667616999797247
936,0.028679122000085044,28.679122000085044
937,0.027916911000147593,27.916911000147593
938,0.022539192000067487,22.539192000067487
939,0.02123252399997,21.23252399997
940,0.027815198000098462,27.815198000098462
941,0.027853986999843983,27.853986999843983
942,0.02209030700009862,22.09030700009862
943,0.022909429000037562,22.909429000037562
944,0.03008463300011499,30.08463300011499
945,0.028286273000048823,28.286273000048823
946,0.024450782000030813,24.450782000030813
947,0.02283708100003423,22.83708100003423
948,0.038564752999945995,38.564752999945995
949,0.023082352999836075,23.082352999836075
950,0.022681985999952303,22.681985999952303
951,0.021318163999922035,21.318163999922035
952,0.031125143000053868,31.125143000053868
953,0.024679418999994596,24.679418999994596
954,0.022313666999934867,22.313666999934867
955,0.022846424999897863,22.846424999897863
956,0.03223396199996387,32.23396199996387
957,0.022504183000137346,22.504183000137346
958,0.023236276999796246,23.236276999796246
959,0.02286430599997402,22.86430599997402
960,0.02946130500004074,29.46130500004074
961,0.028320470999915415,28.320470999915415
962,0.02446486000008008,24.46486000008008
963,0.02465880499994455,24.65880499994455
964,0.062238744000069346,62.238744000069346
965,0.026684295999984897,26.684295999984897
966,0.027152938999961407,27.152938999961407
967,0.023240471000008256,23.240471000008256
968,0.036262187999909656,36.262187999909656
969,0.023436940999999933,23.436940999999933
970,0.02455550099989523,24.55550099989523
971,0.02417041299986522,24.17041299986522
972,0.03646167900001274,36.46167900001274
973,0.02356952199988882,23.56952199988882
974,0.023081348000005164,23.081348000005164
975,0.021384486999977526,21.384486999977526
976,0.0319390930001191,31.9390930001191
977,0.02346550299989758,23.46550299989758
978,0.022320368000009694,22.320368000009694
979,0.02279993399997693,22.79993399997693
980,0.031030173999852195,31.030173999852195
981,0.025403245999996216,25.403245999996216
982,0.025256065000121453,25.256065000121453
983,0.024618208999982016,24.618208999982016
984,0.02597192799998993,25.97192799998993
985,0.0326978970001619,32.6978970001619
986,0.023279750000028798,23.2797500000288
987,0.021865795999929105,21.865795999929105
988,0.026472324999986085,26.472324999986085
989,0.030296976000045106,30.296976000045106
990,0.02180697499989037,21.80697499989037
991,0.022150525000142807,22.150525000142807
992,0.025947573999928863,25.947573999928863
993,0.029889027000081114,29.889027000081114
994,0.023106342000119184,23.106342000119184
995,0.022800937999818416,22.800937999818416
996,0.025473035999993954,25.473035999993954
997,0.032255771999871286,32.255771999871286
998,0.023132669999995414,23.132669999995414
999,0.02181165299998611,21.81165299998611
1000,0.02735527799995907,27.35527799995907
1001,0.03147606600009567,31.47606600009567
1002,0.023273862999985795,23.273862999985795
1003,0.022144313000126203,22.144313000126203
1004,0.028162945000076434,28.162945000076434
1005,0.028363242999830618,28.363242999830618
1006,0.022859352999830662,22.859352999830662
1007,0.02205448599988813,22.05448599988813
1008,0.024856385000020964,24.856385000020964
1009,0.03050547399993775,30.50547399993775
1010,0.02314819200000784,23.14819200000784
1011,0.021847138999874005,21.847138999874005
1012,0.02627285399989887,26.27285399989887
1013,0.03074184799993418,30.74184799993418
1014,0.022252001000197197,22.252001000197197
1015,0.022823380000090765,22.823380000090765
1016,0.027825414999824716,27.825414999824716
1017,0.030381752999801392,30.381752999801392
1018,0.024380239000038273,24.380239000038273
1019,0.02306408399999782,23.06408399999782
1020,0.02738277100002051,27.38277100002051
1021,0.028031162999923254,28.031162999923254
1022,0.022518932999901153,22.518932999901153
1023,0.02123793700002352,21.23793700002352
1024,0.02561216499998409,25.61216499998409
1025,0.03126375200008624,31.263752000086242
1026,0.02165925999997853,21.65925999997853
1027,0.022999898000080066,22.999898000080066
1028,0.024116330000197195,24.116330000197195
1029,0.03302225199990971,33.02225199990971
1030,0.028090421000115384,28.090421000115384
1031,0.023264559999915946,23.264559999915946
1032,0.029314105999901585,29.314105999901585
1033,0.028395006999971883,28.395006999971883
1034,0.022963871000001745,22.963871000001745
1035,0.021731971999997768,21.731971999997768
1036,0.030797241999835023,30.797241999835023
1037,0.028769372999931875,28.769372999931875
1038,0.022236653999925693,22.236653999925693
1039,0.022760631999972247,22.760631999972247
1040,0.031830599999921105,31.830599999921105
1041,0.02560904400002073,25.60904400002073
1042,0.02262767399997756,22.62767399997756
1043,0.022130266999965897,22.130266999965897
1044,0.030308676999993622,30.308676999993622
1045,0.028447306000089156,28.447306000089156
1046,0.023092667999890182,23.092667999890182
1047,0.021310933999984627,21.310933999984627
1048,0.029456485000082466,29.456485000082466
1049,0.028174007999950845,28.174007999950845
1050,0.02228228199987825,22.28228199987825
1051,0.02282478999995874,22.82478999995874
1052,0.02950897999994595,29.50897999994595
1053,0.027843094999980167,27.843094999980167
1054,0.023235399999975925,23.235399999975925
1055,0.022197670999958063,22.197670999958063
1056,0.02752554800008511,27.52554800008511
1057,0.028264588999945772,28.264588999945772
1058,0.022844167999892306,22.844167999892306
1059,0.02124577099993985,21.24577099993985
1060,0.028020209000032992,28.02020900003299
1061,0.028468757999917216,28.468757999917216
1062,0.02216621499997018,22.16621499997018
1063,0.022776378999878943,22.776378999878943
1064,0.0310761339999317,31.0761339999317
1065,0.027822150000019974,27.822150000019974
1066,0.023272571000006792,23.272571000006792
1067,0.023685892999992575,23.685892999992575
1068,0.030314680999936172,30.314680999936172
1069,0.028408306000073935,28.408306000073935
1070,0.023490938000122696,23.490938000122696
1071,0.021448967999958768,21.448967999958768
1072,0.030397705999803293,30.397705999803293
1073,0.028741584000044895,28.741584000044895
1074,0.022292451000112123,22.292451000112123
1075,0.022752993000040078,22.752993000040078
1076,0.0342289829998208,34.2289829998208
1077,0.0230868379999265,23.0868379999265
1078,0.022831073000133983,22.831073000133983
1079,0.02233356800002184,22.33356800002184
1080,0.03276045100005831,32.76045100005831
1081,0.02679640700011987,26.79640700011987
1082,0.023170286000095075,23.170286000095075
1083,0.021938464999948337,21.938464999948337
1084,0.03168542200000957,31.685422000009567
1085,0.024476577000086763,24.476577000086763
1086,0.021573595000063506,21.573595000063506
1087,0.022314676999940275,22.314676999940275
1088,0.03166797599988058,31.667975999880582
1089,0.02636336799992023,26.36336799992023
1090,0.023150024999949892,23.150024999949892
1091,0.02266647900000862,22.66647900000862
1092,0.03053380100004688,30.53380100004688
1093,0.027261414000122386,27.261414000122386
1094,0.023166321000189782,23.166321000189782
1095,0.0219632040000306,21.9632040000306
1096,0.046925272999942536,46.925272999942536
1097,0.025448186000176065,25.448186000176065
1098,0.021497804999853543,21.497804999853543
1099,0.02269569899999624,22.69569899999624
1100,0.02820486600012373,28.20486600012373
1101,0.02692593200004012,26.92593200004012
1102,0.022590059000094698,22.590059000094698
1103,0.0224366810000447,22.4366810000447
1104,0.027219987000080437,27.219987000080437
1105,0.030665847000136637,30.665847000136637
1106,0.02343826500009527,23.43826500009527
1107,0.022005583999998635,22.005583999998635
1108,0.028774336000196854,28.774336000196854
1109,0.02911226799983524,29.11226799983524
1110,0.02207840899995972,22.07840899995972
1111,0.02218044000005648,22.18044000005648
1112,0.027951719000157027,27.951719000157027
1113,0.029738873000042076,29.738873000042076
1114,0.022937464000051477,22.937464000051477
1115,0.022093428999824027,22.093428999824027
1116,0.02462295100008305,24.62295100008305
1117,0.031245590000025913,31.245590000025913
1118,0.023029919000009613,23.029919000009613
1119,0.021896020000212957,21.896020000212957
1120,0.026155107000022326,26.155107000022326
1121,0.031992613000056735,31.992613000056735
1122,0.022384819999842875,22.384819999842875
1123,0.022655207000070732,22.65520700007073
1124,0.028075911000087217,28.075911000087217
1125,0.02920242900017911,29.20242900017911
1126,0.02264301499985777,22.64301499985777
1127,0.02204700800007231,22.04700800007231
1128,0.0244121380001161,24.4121380001161
1129,0.03083637899999303,30.83637899999303
1130,0.024936366000019916,24.936366000019916
1131,0.02182666099997732,21.82666099997732
1132,0.027911958000004233,27.911958000004233
1133,0.03065243600008216,30.65243600008216
1134,0.022218385999849488,22.218385999849488
1135,0.023141892000012376,23.141892000012376
1136,0.04332799899998463,43.32799899998463
1137,0.024060231000021304,24.060231000021304
1138,0.023971697999968455,23.971697999968455
1139,0.022817141000132324,22.817141000132324
1140,0.025427361000083692,25.427361000083692
1141,0.033772712000200045,33.772712000200045
1142,0.023209437000105027,23.209437000105027
1143,0.021825294999871403,21.825294999871403
1144,0.025488752000001114,25.488752000001114
1145,0.031114637999962724,31.114637999962724
1146,0.02226204599992343,22.26204599992343
1147,0.022768636999899172,22.768636999899172
1148,0.02620956800001295,26.20956800001295
1149,0.031066966000025786,31.066966000025786
1150,0.023171401999888985,23.171401999888985
1151,0.023871287000019947,23.871287000019947
1152,0.03955276400006369,39.55276400006369
1153,0.02588096299996323,25.88096299996323
1154,0.02263306300005752,22.63306300005752
1155,0.021467999999913445,21.467999999913445
1156,0.03779108100002304,37.79108100002304
1157,0.022912819999874046,22.912819999874046
1158,0.021617590999994718,21.617590999994718
1159,0.022160858000006556,22.160858000006556
1160,0.02639217099999769,26.39217099999769
1161,0.026631738999867594,26.631738999867594
1162,0.022541250000131186,22.541250000131186
1163,0.022362632999829657,22.362632999829657
1164,0.027545177000092735,27.545177000092735
1165,0.028034486000024117,28.034486000024117
1166,0.023131143999989945,23.131143999989945
1167,0.021858024000039222,21.858024000039222
1168,0.028675334000126895,28.675334000126895
1169,0.028649711999833016,28.649711999833016
1170,0.02241208500004177,22.41208500004177
1171,0.022142901000052007,22.142901000052007
1172,0.028105741999979728,28.105741999979728
1173,0.02950277099989762,29.50277099989762
1174,0.02265050500000143,22.65050500000143
1175,0.022104482000031567,22.104482000031567
1176,0.027204897999808964,27.204897999808964
1177,0.03018307199999981,30.18307199999981
1178,0.022583699000051638,22.583699000051638
1179,0.021833978000131538,21.833978000131538
1180,0.028149655999868628,28.149655999868628
1181,0.030900083000005907,30.900083000005907
1182,0.022318540000014764,22.318540000014764
1183,0.022696827999880043,22.696827999880043
1184,0.028657773000077214,28.657773000077214
1185,0.02797182300014356,27.97182300014356
1186,0.022628456999882474,22.628456999882474
1187,0.022105301000010513,22.105301000010513
1188,0.02746292500000891,27.46292500000891
1189,0.031544964999966396,31.544964999966396
1190,0.02266315399992891,22.66315399992891
1191,0.02152314399995703,21.52314399995703
1192,0.027155305999940538,27.155305999940538
1193,0.030943419000095673,30.943419000095673
1194,0.022194207999973514,22.194207999973514
1195,0.0229988510000112,22.9988510000112
1196,0.028519396999854507,28.519396999854507
1197,0.02966577100005452,29.66577100005452
1198,0.02352649499994186,23.52649499994186
1199,0.022445609999977023,22.445609999977023
1200,0.027863460000162377,27.863460000162377
1201,0.027721379000013258,27.721379000013258
1202,0.022461564999957773,22.461564999957773
1203,0.02127298699997482,21.27298699997482
1204,0.025390824999931283,25.390824999931283
1205,0.031001531999891085,31.001531999891085
1206,0.022223790999987614,22.223790999987614
1207,0.023179995999953462,23.179995999953462
1208,0.02863015599996288,28.63015599996288
1209,0.028821732000096745,28.821732000096745
1210,0.024413135000031616,24.413135000031616
1211,0.022730290000026798,22.7302900000268
1212,0.027961238999978377,27.961238999978377
1213,0.02871775200014781,28.71775200014781
1214,0.023158515999966767,23.158515999966767
1215,0.021644462999802272,21.644462999802272
1216,0.028320161999999982,28.320161999999982
1217,0.029364029999896957,29.364029999896957
1218,0.02152253799999926,21.52253799999926
1219,0.022154258000000482,22.154258000000482
1220,0.02574579499992069,25.74579499992069
1221,0.029838196999889988,29.838196999889988
1222,0.02323851400001331,23.23851400001331
1223,0.02269737599999644,22.69737599999644
1224,0.0265049579998049,26.5049579998049
1225,0.029414713999813102,29.414713999813102
1226,0.023126372999968225,23.126372999968225
1227,0.021445286000016495,21.445286000016495
1228,0.025434979999999996,25.434979999999996
1229,0.030384192000155963,30.384192000155963
1230,0.02442953399986436,24.42953399986436
1231,0.02326140100012708,23.26140100012708
1232,0.029276032000097985,29.276032000097985
1233,0.02825051199988593,28.25051199988593
1234,0.022470219000069847,22.470219000069847
1235,0.022145863000105237,22.145863000105237
1236,0.025693231000104788,25.693231000104788
1237,0.03069782500006113,30.69782500006113
1238,0.022600725000074817,22.600725000074817
1239,0.02159304399992834,21.59304399992834
1240,0.025466879000077824,25.466879000077824
1241,0.03216386799999782,32.16386799999782
1242,0.02213006200008749,22.13006200008749
1243,0.022884068999928786,22.884068999928786
1244,0.028291910000007192,28.291910000007192
1245,0.030100348999894777,30.100348999894777
1246,0.023188624999875174,23.188624999875174
1247,0.02282137299994247,22.82137299994247
1248,0.027402553000001717,27.402553000001717
1249,0.02969227099993077,29.69227099993077
1250,0.022609256000123423,22.609256000123423
1251,0.021935791000032623,21.935791000032623
1252,0.025459303000161526,25.459303000161526
1253,0.030954323000059958,30.954323000059958
1254,0.022121126999991247,22.121126999991247
1255,0.022701504999986355,22.701504999986355
1256,0.02651841199985938,26.51841199985938
1257,0.029543808999960675,29.543808999960675
1258,0.023418976000129987,23.418976000129987
1259,0.022111629999926663,22.111629999926663
1260,0.024934661999850505,24.934661999850505
1261,0.031738070000074003,31.738070000074003
1262,0.02305930400007128,23.05930400007128
1263,0.022055179000062708,22.055179000062708
1264,0.031060322999792334,31.060322999792334
1265,0.02712559999986297,27.12559999986297
1266,0.02497236699991845,24.97236699991845
1267,0.025230963000012707,25.230963000012707
1268,0.029753558000038538,29.753558000038538
1269,0.02582325999992463,25.82325999992463
1270,0.023386050999988583,23.386050999988583
1271,0.022724622999930943,22.724622999930943
1272,0.02995769999984077,29.95769999984077
1273,0.028541128000142635,28.541128000142635
1274,0.023541405999822018,23.541405999822018
1275,0.022641491000058522,22.641491000058522
1276,0.03057949300000473,30.57949300000473
1277,0.02500466699984827,25.00466699984827
1278,0.02311635799992473,23.11635799992473
1279,0.022768553000105385,22.768553000105385
1280,0.031237284999861004,31.237284999861004
1281,0.022847597000009046,22.847597000009046
1282,0.02316998100013734,23.16998100013734
1283,0.022636582000131966,22.636582000131966
1284,0.031187258000045404,31.187258000045404
1285,0.026092023000046538,26.092023000046538
1286,0.0225021179999203,22.5021179999203
1287,0.02123639599994931,21.23639599994931
1288,0.030606345000023794,30.606345000023794
1289,0.028724280999995244,28.724280999995244
1290,0.022230136999951355,22.230136999951355
1291,0.022984275999988313,22.984275999988313
1292,0.031167459000016606,31.167459000016606
1293,0.026179866000120455,26.179866000120455
1294,0.02311526700009381,23.11526700009381
1295,0.02275317599992377,22.75317599992377
1296,0.030502557000090746,30.502557000090746
1297,0.027935972000022957,27.935972000022957
1298,0.023194475000082093,23.194475000082093
1299,0.02189040500002193,21.89040500002193
1300,0.025891178000165382,25.891178000165382
1301,0.03057924900008402,30.57924900008402
1302,0.023972748000005595,23.972748000005595
1303,0.02512703699994745,25.12703699994745
1304,0.045899371000132305,45.899371000132305
1305,0.021786425000072995,21.786425000072995
1306,0.02533690000018396,25.33690000018396
1307,0.022456557999930737,22.456557999930737
1308,0.02354617000014514,23.54617000014514
1309,0.0356352980002157,35.6352980002157
1310,0.02482314100006988,24.82314100006988
1311,0.02561183400007394,25.61183400007394
1312,0.027361166999980924,27.361166999980924
1313,0.033735226000089824,33.735226000089824
1314,0.022124927000049865,22.124927000049865
1315,0.022745688999975755,22.745688999975755
1316,0.029098160000103235,29.098160000103235
1317,0.028631682999957775,28.631682999957775
1318,0.02407630900006552,24.07630900006552
1319,0.022077562999811562,22.077562999811562
1320,0.025253027999951883,25.253027999951883
1321,0.03225428400014607,32.25428400014607
1322,0.024078740000049947,24.078740000049947
1323,0.024109121000037703,24.109121000037703
1324,0.030693959000018367,30.693959000018367
1325,0.029109581000057005,29.109581000057005
1326,0.02212817500003439,22.12817500003439
1327,0.022687746999963565,22.687746999963565
1328,0.030874553000103333,30.874553000103333
1329,0.02689316900000449,26.89316900000449
1330,0.02313340699993205,23.13340699993205
1331,0.022748309000007794,22.748309000007794
1332,0.030431644999907803,30.431644999907803
1333,0.02382150200014621,23.82150200014621
1334,0.022664199000018925,22.664199000018925
1335,0.02131016799989993,21.31016799989993
1336,0.029648490999989008,29.648490999989008
1337,0.028127223999945272,28.127223999945272
1338,0.022103068999967945,22.103068999967945
1339,0.022051415000078123,22.051415000078123
1340,0.028082977999929426,28.082977999929426
1341,0.02717749999987973,27.17749999987973
1342,0.02310390799993911,23.10390799993911
1343,0.023135414000080345,23.135414000080345
1344,0.027925833999915994,27.925833999915994
1345,0.028191121999952884,28.191121999952884
1346,0.02312396999991506,23.12396999991506
1347,0.021554843000103574,21.554843000103574
1348,0.02833302800013371,28.33302800013371
1349,0.028893694999851505,28.893694999851505
1350,0.0217629430001125,21.7629430001125
1351,0.02227800099990418,22.27800099990418
1352,0.025788275999957477,25.788275999957477
1353,0.03050584299990078,30.50584299990078
1354,0.022461617999852024,22.461617999852024
1355,0.022110385999894788,22.11038599989479
1356,0.031299407000005885,31.299407000005885
1357,0.028898264999952517,28.898264999952517
1358,0.025322913999843877,25.322913999843877
1359,0.022115541999937705,22.115541999937705
1360,0.03164485100001002,31.64485100001002
1361,0.028389331999960632,28.389331999960632
1362,0.026321239000026253,26.321239000026253
1363,0.022138806999919325,22.138806999919325
1364,0.031544673999860606,31.544673999860606
1365,0.02259785500018552,22.59785500018552
1366,0.02313555399996403,23.13555399996403
1367,0.022997280000026876,22.997280000026876
1368,0.024661860999913188,24.661860999913188
1369,0.030041379000067536,30.041379000067536
1370,0.02494697199995244,24.94697199995244
1371,0.02159677700001339,21.59677700001339
1372,0.031686755000009725,31.686755000009725
1373,0.02683101700017687,26.83101700017687
1374,0.022360330000083195,22.360330000083195
1375,0.022711886000024606,22.711886000024606
1376,0.027358875999880183,27.358875999880183
1377,0.033124759999964226,33.124759999964226
1378,0.02311121299999286,23.11121299999286
1379,0.02288269800010312,22.88269800010312
1380,0.02518450900015523,25.18450900015523
1381,0.03323248500009868,33.23248500009868
1382,0.02243832699991799,22.43832699991799
1383,0.021361659999911353,21.361659999911353
1384,0.03127908200008278,31.27908200008278
1385,0.023182044999884965,23.182044999884965
1386,0.022358725999993112,22.358725999993112
1387,0.022766135999972903,22.766135999972903
1388,0.030751192000025185,30.751192000025185
1389,0.024584607999941,24.584607999941
1390,0.023146941000049992,23.146941000049992
1391,0.022692707000032897,22.692707000032897
1392,0.030000335000067935,30.000335000067935
1393,0.02797885699988001,27.97885699988001
1394,0.023991606999970827,23.991606999970827
1395,0.02216566399988551,22.16566399988551
1396,0.0332396820001577,33.2396820001577
1397,0.02264711900011207,22.64711900011207
1398,0.021553224999934173,21.553224999934173
1399,0.022398886000019047,22.398886000019047
1400,0.13006439800005865,130.06439800005865
1401,0.04582256000003326,45.82256000003326
1402,0.022571887000140123,22.571887000140123
1403,0.022877749999906882,22.877749999906882
1404,0.02669705099992825,26.69705099992825
1405,0.03135431400005473,31.35431400005473
1406,0.023098242999822105,23.098242999822105
1407,0.02272820099983619,22.72820099983619
1408,0.03242600700014009,32.42600700014009
1409,0.023769219000087105,23.769219000087105
1410,0.021957423999992898,21.957423999992898
1411,0.022334711999974388,22.334711999974388
1412,0.02963697699988188,29.63697699988188
1413,0.021700524000152654,21.700524000152654
1414,0.022482136000007813,22.482136000007813
1415,0.02210637199982557,22.10637199982557
1416,0.02979520400003821,29.79520400003821
1417,0.028479568999955518,28.479568999955518
1418,0.02363648599998669,23.63648599998669
1419,0.021879232000173943,21.879232000173943
1420,0.030864361000112694,30.864361000112694
1421,0.02636417899998378,26.36417899998378
1422,0.022206136000022525,22.206136000022525
1423,0.022337372000038158,22.337372000038158
1424,0.031157462999999552,31.157462999999552
1425,0.02649046700003055,26.49046700003055
1426,0.022514342000022225,22.514342000022225
1427,0.02214661400012119,22.14661400012119
1428,0.029767459999902712,29.767459999902712
1429,0.028912167000044064,28.912167000044064
1430,0.02320275300007779,23.20275300007779
1431,0.022139468999966994,22.139468999966994
1432,0.031847439000102895,31.847439000102895
1433,0.03270347300008325,32.70347300008325
1434,0.022979116999977123,22.979116999977123
1435,0.022513503000027413,22.513503000027413
1436,0.027403198000001794,27.403198000001794
1437,0.030190732999926695,30.190732999926695
1438,0.022496846999956688,22.496846999956688
1439,0.022145089000105145,22.145089000105145
1440,0.025521905999994488,25.521905999994488
1441,0.03224694699997599,32.24694699997599
1442,0.023150097000097958,23.150097000097958
1443,0.02179602999990493,21.79602999990493
1444,0.02913045900004363,29.13045900004363
1445,0.028833681000151046,28.833681000151046
1446,0.02229761800003871,22.29761800003871
1447,0.022780168999815942,22.780168999815942
1448,0.02834374899998693,28.34374899998693
1449,0.02796004699985133,27.96004699985133
1450,0.02307329500013111,23.07329500013111
1451,0.023001161999900432,23.001161999900432
1452,0.02890381200018055,28.90381200018055
1453,0.027704455000048256,27.704455000048256
1454,0.022651116000133698,22.651116000133698
1455,0.02145753100012371,21.45753100012371
1456,0.03244533599990973,32.44533599990973
1457,0.028131412999982786,28.131412999982786
1458,0.02298769699996228,22.98769699996228
1459,0.023006460000033258,23.006460000033258
1460,0.029422781999983272,29.422781999983272
1461,0.02767547000007653,27.67547000007653
1462,0.022617099000171947,22.617099000171947
1463,0.022233346000120946,22.233346000120946
1464,0.027196115999913673,27.196115999913673
1465,0.029552467000030447,29.552467000030447
1466,0.02250783399995271,22.50783399995271
1467,0.021479518999967695,21.479518999967695
1468,0.02765029300007882,27.65029300007882
1469,0.030394470999908663,30.394470999908663
1470,0.022365140999909272,22.365140999909272
1471,0.02294336599993585,22.94336599993585
1472,0.02895758499994372,28.95758499994372
1473,0.03161273499995332,31.612734999953318
1474,0.024194194000074276,24.194194000074276
1475,0.025166866000063237,25.166866000063237
1476,0.04111734399998568,41.11734399998568
1477,0.02348667100000057,23.48667100000057
1478,0.022769070999856922,22.769070999856922
1479,0.021348250999835727,21.348250999835727
1480,0.025816398999950252,25.816398999950252
1481,0.03131579699993381,31.31579699993381
1482,0.022819835000063904,22.819835000063904
1483,0.022880867000139915,22.880867000139915
1484,0.029794861000027595,29.794861000027595
1485,0.02892158700001346,28.92158700001346
1486,0.023312227000133134,23.312227000133134
1487,0.022193860000015775,22.193860000015775
1488,0.028165110000145432,28.165110000145432
1489,0.03605000800007474,36.05000800007474
1490,0.025342691999867384,25.342691999867384
1491,0.022995770000079574,22.995770000079574
1492,0.029841210999848045,29.841210999848045
1493,0.023492776000011872,23.492776000011872
1494,0.022425473000112106,22.425473000112106
1495,0.022820302000127413,22.820302000127413
1496,0.03178806400001122,31.788064000011218
1497,0.023803675999943152,23.803675999943152
1498,0.023326621000023806,23.326621000023806
1499,0.02239083900008154,22.39083900008154
1500,0.029053496999949857,29.053496999949857
1501,0.028369320999900083,28.369320999900083
1502,0.022625372999982574,22.625372999982574
1503,0.021370475999901828,21.370475999901828
1504,0.030455952000011166,30.455952000011166
1505,0.028959902999986298,28.959902999986298
1506,0.022321640999962256,22.321640999962256
1507,0.022850908999998865,22.850908999998865
1508,0.031574757000043974,31.574757000043974
1509,0.024433683000097517,24.433683000097517
1510,0.02348601099993175,23.48601099993175
1511,0.022874840999975277,22.874840999975277
1512,0.025489056000196797,25.489056000196797
1513,0.03276353499995821,32.76353499995821
1514,0.02358598500018161,23.58598500018161
1515,0.021623175000058836,21.623175000058836
1516,0.03128798299985647,31.287982999856467
1517,0.023719059000086418,23.719059000086418
1518,0.02190233100009209,21.90233100009209
1519,0.022304660999907355,22.304660999907355
1520,0.030178196000179014,30.178196000179014
1521,0.027623678000054497,27.623678000054497
1522,0.0233131110001068,23.3131110001068
1523,0.02301896099993428,23.01896099993428
1524,0.030689520999885644,30.689520999885644
1525,0.029408138000007966,29.408138000007966
1526,0.023892255999953704,23.892255999953704
1527,0.02198923100013417,21.98923100013417
1528,0.02736407399993368,27.36407399993368
1529,0.02734914600000593,27.34914600000593
1530,0.021718305999911536,21.718305999911536
1531,0.02233046700007435,22.33046700007435
1532,0.029354830000102083,29.354830000102083
1533,0.026826557000049434,26.826557000049434
1534,0.021613789000184624,21.613789000184624
1535,0.02111488100013048,21.11488100013048
1536,0.035159123000084946,35.159123000084946
1537,0.022423101999947903,22.423101999947903
1538,0.02132212299989078,21.32212299989078
1539,0.020700536000049397,20.700536000049397
1540,0.02816107900002862,28.16107900002862
1541,0.029167529000005743,29.167529000005743
1542,0.02048518999981752,20.48518999981752
1543,0.02094449900005202,20.94449900005202
1544,0.029703367999900365,29.703367999900365
1545,0.021094692000133364,21.094692000133364
1546,0.021512850999897637,21.512850999897637
1547,0.02084920900006182,20.84920900006182
1548,0.0305307260000518,30.5307260000518
1549,0.027490369999895847,27.490369999895847
1550,0.021472885999855862,21.472885999855862
1551,0.0202541480000491,20.2541480000491
1552,0.027993219000109093,27.993219000109093
1553,0.027904753000029814,27.904753000029814
1554,0.021377291999897352,21.377291999897352
1555,0.02167484999995395,21.67484999995395
1556,0.028542453000000023,28.542453000000023
1557,0.030687592000049335,30.687592000049335
1558,0.02110917499999232,21.10917499999232
1559,0.023710153999900285,23.710153999900285
1560,0.02779063100001622,27.79063100001622
1561,0.028452200999936395,28.452200999936395
1562,0.020969609999838212,20.969609999838212
1563,0.019725187999938498,19.7251879999385
1564,0.029670394999811833,29.670394999811833
1565,0.02329934299996239,23.29934299996239
1566,0.020885248000013235,20.885248000013235
1567,0.02108837399987351,21.08837399987351
1568,0.034003896000058376,34.003896000058376
1569,0.027067942000030598,27.067942000030598
1570,0.021542843999895922,21.542843999895922
1571,0.0212754629999381,21.2754629999381
1572,0.03020450000008168,30.20450000008168
1573,0.02709677699999702,27.09677699999702
1574,0.021045233999984703,21.045233999984703
1575,0.021449960000154533,21.449960000154533
1576,0.031804054000076576,31.804054000076576
1577,0.02786185300010402,27.86185300010402
1578,0.020599457999878723,20.599457999878723
1579,0.021981589000006352,21.981589000006352
1580,0.0278346390000479,27.8346390000479
1581,0.029634872000087853,29.634872000087853
1582,0.021627128000091034,21.627128000091034
1583,0.021500940000123592,21.50094000012359
1584,0.029545048999807477,29.545048999807477
1585,0.022403545000088343,22.403545000088343
1586,0.021590758000002097,21.590758000002097
1587,0.020260725000071034,20.260725000071034
1588,0.03401898100014478,34.01898100014478
1589,0.026510317999964172,26.510317999964172
1590,0.020110771999952703,20.110771999952703
1591,0.020524174999991374,20.524174999991374
1592,0.03134279300002163,31.34279300002163
1593,0.025983507000091777,25.983507000091777
1594,0.02143473600017387,21.43473600017387
1595,0.020515442999794686,20.515442999794686
1596,0.02740623899990169,27.40623899990169
1597,0.028435309000087727,28.435309000087727
1598,0.02131003900012729,21.31003900012729
1599,0.020370358000036504,20.370358000036504
1600,0.02811735000000226,28.11735000000226
1601,0.02988043599998491,29.88043599998491
1602,0.020965155000112645,20.965155000112645
1603,0.021500825999964945,21.500825999964945
1604,0.031437549999964176,31.437549999964176
1605,0.03125235800007431,31.25235800007431
1606,0.021745911999914824,21.745911999914824
1607,0.021444859999974142,21.444859999974142
1608,0.026762623999957214,26.762623999957214
1609,0.030400427000131458,30.400427000131458
1610,0.02465731400002369,24.65731400002369
1611,0.02926391500000136,29.26391500000136
1612,0.0359661600000436,35.9661600000436
1613,0.022552829999995083,22.552829999995083
1614,0.020724542999914775,20.724542999914775
1615,0.021321853000017654,21.321853000017654
1616,0.03808731200001603,38.08731200001603
1617,0.021764131999816527,21.764131999816527
1618,0.021619099999952596,21.619099999952596
1619,0.020949044999952093,20.949044999952093
1620,0.032784570000103486,32.784570000103486
1621,0.026168570999971053,26.168570999971053
1622,0.021764312999948743,21.764312999948743
1623,0.02016995400003907,20.16995400003907
1624,0.033072077000042555,33.072077000042555
1625,0.02723373900016668,27.23373900016668
1626,0.02039417199989657,20.39417199989657
1627,0.0237155279999115,23.7155279999115
1628,0.03155534899997292,31.55534899997292
1629,0.02653714600000967,26.53714600000967
1630,0.021977044999857753,21.977044999857753
1631,0.02194098700010727,21.94098700010727
1632,0.02978272600012133,29.78272600012133
1633,0.027928288000111934,27.928288000111934
1634,0.021526621000020896,21.526621000020896
1635,0.01970436999999947,19.70436999999947
1636,0.02719411900011437,27.19411900011437
1637,0.030283773000064684,30.283773000064684
1638,0.021088250999810043,21.088250999810043
1639,0.029727334999961386,29.727334999961386
1640,0.05497519400000783,54.97519400000783
1641,0.03582838399984212,35.82838399984212
1642,0.024138542999935453,24.138542999935453
1643,0.02491415400004371,24.91415400004371
1644,0.04543950099991889,45.43950099991889
1645,0.02325684400011596,23.25684400011596
1646,0.023682308999923407,23.682308999923407
1647,0.021965528000009726,21.965528000009726
1648,0.025625718000128472,25.625718000128472
1649,0.024888046000114628,24.888046000114628
1650,0.03789266800004043,37.89266800004043
1651,0.02730828600010682,27.30828600010682
1652,0.029907062000120277,29.907062000120277
1653,0.027614072000005763,27.614072000005763
1654,0.022573839999949996,22.573839999949996
1655,0.02230788599990774,22.30788599990774
1656,0.02473043800000596,24.73043800000596
1657,0.03152362599985281,31.52362599985281
1658,0.03351616900022236,33.51616900022236
1659,0.023603925000088566,23.603925000088566
1660,0.0280675080000492,28.0675080000492
1661,0.03125095700011116,31.250957000111157
1662,0.022414981000110856,22.414981000110856
1663,0.022323138000047038,22.323138000047038
1664,0.025559024999893154,25.559024999893154
1665,0.02990068999997675,29.90068999997675
1666,0.02250602699996307,22.50602699996307
1667,0.022247173999858205,22.247173999858205
1668,0.024831987999959892,24.831987999959892
1669,0.03536898800007293,35.36898800007293
1670,0.023376695000024483,23.376695000024483
1671,0.022456008000062866,22.456008000062866
1672,0.026125737000029403,26.125737000029403
1673,0.030861943999980213,30.861943999980213
1674,0.021760533999895415,21.760533999895415
1675,0.022157172999868635,22.157172999868635
1676,0.03286036800000147,32.86036800000147
1677,0.03201186299997971,32.01186299997971
1678,0.023170238000147947,23.170238000147947
1679,0.02286907800021254,22.86907800021254
1680,0.03422343199986244,34.22343199986244
1681,0.022567667000203073,22.567667000203073
1682,0.023951809000209323,23.951809000209323
1683,0.02183300399997279,21.83300399997279
1684,0.031404629000007844,31.404629000007844
1685,0.02462363499989806,24.62363499989806
1686,0.02214566499992543,22.14566499992543
1687,0.022697350000044025,22.697350000044025
1688,0.030304284000067128,30.304284000067128
1689,0.027059841999971468,27.059841999971468
1690,0.02324031200009813,23.24031200009813
1691,0.022287755999968795,22.287755999968795
1692,0.028132305000099223,28.132305000099223
1693,0.02767563599991263,27.67563599991263
1694,0.02317467700004272,23.17467700004272
1695,0.021755739999889556,21.755739999889556
1696,0.028593534000037835,28.593534000037835
1697,0.028071356000054948,28.071356000054948
1698,0.02224503800016464,22.24503800016464
1699,0.022682960999873103,22.682960999873103
1700,0.029042410999863932,29.042410999863932
1701,0.027977711999938037,27.977711999938037
1702,0.023134317000085503,23.134317000085503
1703,0.022808133999888014,22.808133999888014
1704,0.02655382400007511,26.55382400007511
1705,0.027437363999979425,27.437363999979425
1706,0.024321409000094718,24.321409000094718
1707,0.022307018999981665,22.307018999981665
1708,0.030159040999933495,30.159040999933495
1709,0.028237551999836796,28.237551999836796
1710,0.02240308799991908,22.40308799991908
1711,0.02269370599992726,22.69370599992726
1712,0.028815986999916277,28.815986999916277
1713,0.02707943499990506,27.07943499990506
1714,0.023454298999922685,23.454298999922685
1715,0.022126979999939067,22.126979999939067
1716,0.027659633999974176,27.659633999974176
1717,0.028145155999936833,28.145155999936833
1718,0.022550548000026538,22.550548000026538
1719,0.02117607000013777,21.17607000013777
1720,0.026992307000000437,26.992307000000437
1721,0.03128105099995082,31.28105099995082
1722,0.022238774000015837,22.238774000015837
1723,0.02268511299985221,22.68511299985221
1724,0.029924272000016572,29.924272000016572
1725,0.027516455000068163,27.516455000068163
1726,0.023100254999917524,23.100254999917524
1727,0.02259363799998937,22.59363799998937
1728,0.02798135100010768,27.98135100010768
1729,0.0291067830000884,29.1067830000884
1730,0.023142615000097067,23.142615000097067
1731,0.021502876999875298,21.502876999875298
1732,0.02879186299992398,28.79186299992398
1733,0.027303659000153857,27.303659000153857
1734,0.02190202299993871,21.90202299993871
1735,0.022105711999984123,22.105711999984123
1736,0.026335399999879883,26.335399999879883
1737,0.031353684000123394,31.353684000123394
1738,0.023578295000106664,23.578295000106664
1739,0.02266568200002439,22.66568200002439
1740,0.027895139000065683,27.895139000065683
1741,0.028775259999974878,28.775259999974878
1742,0.023224123999852964,23.224123999852964
1743,0.021837904999983948,21.837904999983948
1744,0.037618211999870255,37.618211999870255
1745,0.02369129199996678,23.69129199996678
1746,0.021972336000089854,21.972336000089854
1747,0.02231564199996683,22.31564199996683
1748,0.03154502400002457,31.54502400002457
1749,0.027621350999879724,27.621350999879724
1750,0.02336260500010212,23.36260500010212
1751,0.02308116299991525,23.08116299991525
1752,0.030590187999905538,30.590187999905538
1753,0.02522157699991112,25.22157699991112
1754,0.023339222000004156,23.339222000004156
1755,0.022266313000045557,22.266313000045557
1756,0.03174701900002219,31.747019000022192
1757,0.023643119999860573,23.643119999860573
1758,0.024323162999962733,24.323162999962733
1759,0.023680108999997174,23.680108999997174
1760,0.026842081000040707,26.842081000040707
1761,0.02606821399990622,26.06821399990622
1762,0.022755408999955762,22.755408999955762
1763,0.02257306299998163,22.57306299998163
1764,0.028705942999977196,28.705942999977196
1765,0.02839262400016196,28.39262400016196
1766,0.02272000800007845,22.72000800007845
1767,0.021423830000003363,21.423830000003363
1768,0.029053324999949837,29.053324999949837
1769,0.028290448999996443,28.290448999996443
1770,0.022332386000016413,22.332386000016413
1771,0.02303803500012691,23.03803500012691
1772,0.02912299000013263,29.12299000013263
1773,0.0285271449999982,28.5271449999982
1774,0.026609533000055308,26.609533000055308
1775,0.023027258999945843,23.027258999945843
1776,0.029972971999995934,29.972971999995934
1777,0.026621883999951024,26.621883999951024
1778,0.022996785999794156,22.996785999794156
1779,0.021445502000005945,21.445502000005945
1780,0.02995686300005218,29.95686300005218
1781,0.028343515999949886,28.343515999949886
1782,0.02239772500001891,22.39772500001891
1783,0.022985737999988487,22.985737999988487
1784,0.03143963200000144,31.43963200000144
1785,0.023353744000132792,23.353744000132792
1786,0.023348876999989443,23.348876999989443
1787,0.022894967999945948,22.894967999945948
1788,0.029701252999984717,29.701252999984717
1789,0.028782657000192557,28.782657000192557
1790,0.022644356000000698,22.6443560000007
1791,0.021612244999914765,21.612244999914765
1792,0.033853590999797234,33.853590999797234
1793,0.022979959999929633,22.979959999929633
1794,0.021751723000079437,21.751723000079437
1795,0.022360594000019773,22.360594000019773
1796,0.030550638000022445,30.550638000022445
1797,0.02650773899995329,26.50773899995329
1798,0.0233410719999938,23.3410719999938
1799,0.023283004999939294,23.283004999939294
1800,0.024792928000124448,24.792928000124448
1801,0.0326901620001081,32.6901620001081
1802,0.023465076000093177,23.465076000093177
1803,0.021680060000107915,21.680060000107915
1804,0.03224255999998604,32.24255999998604
1805,0.022969080000166286,22.969080000166286
1806,0.021754552000174954,21.754552000174954
1807,0.022661882999955196,22.661882999955196
1808,0.03782064800020635,37.82064800020635
1809,0.02277110799991533,22.77110799991533
1810,0.03512102599984246,35.12102599984246
1811,0.02285322099987752,22.85322099987752
1812,0.02939732599998024,29.39732599998024
1813,0.028480877000220062,28.48087700022006
1814,0.02418964200001028,24.18964200001028
1815,0.0228480779999245,22.8480779999245
1816,0.04576798399989457,45.76798399989457
1817,0.024316584999951374,24.316584999951374
1818,0.02414358600003652,24.14358600003652
1819,0.02332385699992301,23.32385699992301
1820,0.03196335799998451,31.96335799998451
1821,0.02710612499981835,27.10612499981835
1822,0.02283083399993302,22.83083399993302
1823,0.022265308999976696,22.265308999976696
1824,0.03392079000013837,33.92079000013837
1825,0.02469566600007056,24.69566600007056
1826,0.022662213999865344,22.662213999865344
1827,0.02140710699995907,21.40710699995907
1828,0.04174613100008173,41.74613100008173
1829,0.025326692999897205,25.326692999897205
1830,0.024713093999935154,24.713093999935154
1831,0.022934247999955915,22.934247999955915
1832,0.0301171680000607,30.1171680000607
1833,0.027788115000021207,27.788115000021207
1834,0.023367404000055103,23.367404000055103
1835,0.022535070000003543,22.535070000003543
1836,0.02764112199997726,27.64112199997726
1837,0.02781059800008734,27.81059800008734
1838,0.02269750299979023,22.69750299979023
1839,0.021636763000060455,21.636763000060455
1840,0.027746395000121993,27.746395000121993
1841,0.03068654900016554,30.68654900016554
1842,0.022676280000041515,22.676280000041515
1843,0.022985411000036038,22.985411000036038
1844,0.0291430180000134,29.1430180000134
1845,0.027968286000032094,27.968286000032094
1846,0.023543704000076104,23.543704000076104
1847,0.022329227999989598,22.329227999989598
1848,0.027645317000178693,27.645317000178693
1849,0.029101068000045416,29.101068000045416
1850,0.02273441600004844,22.73441600004844
1851,0.021344116999898688,21.344116999898688
1852,0.028660925999929532,28.660925999929532
1853,0.030112582999890947,30.112582999890947
1854,0.022411486000009972,22.411486000009972
1855,0.022864962000085143,22.864962000085143
1856,0.029416733000061868,29.416733000061868
1857,0.028990023999995174,28.990023999995174
1858,0.023265486000127567,23.265486000127567
1859,0.022973026000045138,22.973026000045138
1860,0.028198120000070048,28.19812000007005
1861,0.0280344719999448,28.0344719999448
1862,0.02269970799989096,22.69970799989096
1863,0.021392454000078942,21.392454000078942
1864,0.02856487400003971,28.56487400003971
1865,0.032983862000037334,32.983862000037334
1866,0.022319793999940885,22.319793999940885
1867,0.022863278999921022,22.86327899992102
1868,0.03536059800012481,35.36059800012481
1869,0.022457204000147613,22.457204000147613
1870,0.0232203620000746,23.2203620000746
1871,0.02276642000015272,22.76642000015272
1872,0.029972867999958908,29.972867999958908
1873,0.027629878999960056,27.629878999960056
1874,0.022603768999942986,22.603768999942986
1875,0.021353323000084856,21.353323000084856
1876,0.03158527799996591,31.58527799996591
1877,0.02796635200002129,27.96635200002129
1878,0.022275261999993745,22.275261999993745
1879,0.022902687999931004,22.902687999931004
1880,0.03227437999998983,32.27437999998983
1881,0.022437963000129457,22.437963000129457
1882,0.02313538399994286,23.13538399994286
1883,0.022795138999981646,22.795138999981646
1884,0.03210852699999123,32.10852699999123
1885,0.024553979000074833,24.553979000074833
1886,0.023163554000120712,23.163554000120712
1887,0.02220332199999575,22.20332199999575
1888,0.03073561599990171,30.73561599990171
1889,0.024654956999938804,24.654956999938804
1890,0.026259403000040038,26.259403000040038
1891,0.022619233999876087,22.619233999876087
1892,0.027067759999908958,27.067759999908958
1893,0.026460031999931743,26.460031999931743
1894,0.02280171799998243,22.80171799998243
1895,0.0221180370001548,22.1180370001548
1896,0.030294280999896728,30.294280999896728
1897,0.027959332000136783,27.959332000136783
1898,0.023279374999901847,23.279374999901847
1899,0.021896077000064906,21.896077000064906
1900,0.032335888000034174,32.335888000034174
1901,0.025658297999825663,25.658297999825663
1902,0.022199857000032353,22.199857000032353
1903,0.02211974800002281,22.11974800002281
1904,0.03096810099987124,30.96810099987124
1905,0.02757006999991063,27.57006999991063
1906,0.02319772800001374,23.19772800001374
1907,0.0226849130001483,22.6849130001483
1908,0.030462370000122974,30.462370000122974
1909,0.024864065999963714,24.864065999963714
1910,0.02328619299987622,23.28619299987622
1911,0.02191091800000322,21.91091800000322
1912,0.03466329599996243,34.66329599996243
1913,0.023186406999911924,23.186406999911924
1914,0.022174995999876046,22.174995999876046
1915,0.022146023999994213,22.146023999994213
1916,0.032563406999997824,32.563406999997824
1917,0.022098789999972723,22.098789999972723
1918,0.023554015999934563,23.554015999934563
1919,0.022599870000021838,22.599870000021838
1920,0.030844843999830118,30.84484399983012
1921,0.023835832000031587,23.835832000031587
1922,0.02321057200015275,23.21057200015275
1923,0.0212993650000044,21.2993650000044
1924,0.03954413699989345,39.54413699989345
1925,0.02344202399990536,23.44202399990536
1926,0.022211665000213543,22.211665000213543
1927,0.022690409000006184,22.690409000006184
1928,0.029673941000055493,29.673941000055493
1929,0.022145753999893714,22.145753999893714
1930,0.02318192799998542,23.18192799998542
1931,0.022149843999841323,22.149843999841323
1932,0.02848038299998734,28.48038299998734
1933,0.027633465999997497,27.633465999997497
1934,0.022564878000139288,22.564878000139288
1935,0.021872554000083255,21.872554000083255
1936,0.028296945999954914,28.296945999954914
1937,0.027205062999883012,27.205062999883012
1938,0.021673068999916723,21.673068999916723
1939,0.02216556700000183,22.16556700000183
1940,0.028890756999999212,28.890756999999212
1941,0.029101570999955584,29.101570999955584
1942,0.02545740100003968,25.45740100003968
1943,0.026392768000050637,26.392768000050637
1944,0.029810667999981888,29.810667999981888
1945,0.026499951999994664,26.499951999994664
1946,0.02309795600012876,23.09795600012876
1947,0.0218492569999853,21.8492569999853
1948,0.030238753000048746,30.238753000048746
1949,0.027462753999998313,27.462753999998313
1950,0.021965152000120725,21.965152000120725
1951,0.02214136099996722,22.14136099996722
1952,0.030276545000106125,30.276545000106125
1953,0.027053451000028872,27.053451000028872
1954,0.02316098400001465,23.16098400001465
1955,0.022815544999957638,22.815544999957638
1956,0.029344492000063838,29.344492000063838
1957,0.02961861200014937,29.61861200014937
1958,0.02288485900021442,22.88485900021442
1959,0.021252213000025222,21.252213000025222
1960,0.030723388000069463,30.723388000069463
1961,0.027809767000007923,27.809767000007923
1962,0.02214773600007902,22.14773600007902
1963,0.02242719900004886,22.42719900004886
1964,0.03058496199992078,30.58496199992078
1965,0.02697801699991942,26.97801699991942
1966,0.02321881700004269,23.21881700004269
1967,0.022813284999983807,22.813284999983807
1968,0.030224275000136913,30.224275000136913
1969,0.02829687100006595,28.29687100006595
1970,0.023198068000056082,23.198068000056082
1971,0.02190018299984331,21.90018299984331
1972,0.03049876199997925,30.49876199997925
1973,0.02779235200000585,27.79235200000585
1974,0.021633523999980753,21.633523999980753
1975,0.022186539999893284,22.186539999893284
1976,0.030159275999949386,30.159275999949386
1977,0.023918180999999095,23.918180999999095
1978,0.02560747400002583,25.60747400002583
1979,0.024530520000098477,24.530520000098477
1980,0.04162015000019892,41.62015000019892
1981,0.023411075000012715,23.411075000012715
1982,0.023279332999891267,23.279332999891267
1983,0.023245363000114594,23.245363000114594
1984,0.025260822000063854,25.260822000063854
1985,0.027080743000169605,27.080743000169605
1986,0.03290760799995951,32.90760799995951
1987,0.023161757000025318,23.161757000025318
1988,0.031486611999980596,31.486611999980596
1989,0.029136346000086633,29.136346000086633
1990,0.02269331599995894,22.69331599995894
1991,0.022248424999816052,22.248424999816052
1992,0.02896772000008241,28.96772000008241
1993,0.027814281000019037,27.814281000019037
1994,0.023301812999989124,23.301812999989124
1995,0.022007592999898407,22.007592999898407
1996,0.02972192900006121,29.72192900006121
1997,0.02890093400014848,28.90093400014848
1998,0.02434250099986457,24.34250099986457
1999,0.02474862100007158,24.74862100007158
2000,0.04176709000012124,41.76709000012124
2001,0.022386596999922403,22.386596999922403
2002,0.023389448999978413,23.389448999978413
2003,0.02224835499987421,22.24835499987421
2004,0.029230810000171914,29.230810000171914
2005,0.028290952000133984,28.290952000133984
2006,0.022679760000073657,22.679760000073657
2007,0.02179045500020038,21.79045500020038
2008,0.035087894000071174,35.087894000071174
2009,0.02936055099985424,29.36055099985424
2010,0.022289415999921403,22.289415999921403
2011,0.022953321999921172,22.953321999921172
2012,0.039835335000134364,39.835335000134364
2013,0.022485331999860136,22.485331999860136
2014,0.022593312000026344,22.593312000026344
2015,0.022795134000034523,22.795134000034523
2016,0.04219405000003462,42.19405000003462
2017,0.023110814000119717,23.110814000119717
2018,0.022487509000029604,22.487509000029604
2019,0.021714428999985103,21.714428999985103
2020,0.02882245499995406,28.82245499995406
2021,0.029097714999807067,29.097714999807067
2022,0.022908304000111457,22.908304000111457
2023,0.022785219000070356,22.785219000070356
2024,0.030423356999790485,30.423356999790485
2025,0.028312393000078373,28.312393000078373
2026,0.02337943199995607,23.37943199995607
2027,0.022188470999935817,22.188470999935817
2028,0.028620526999930007,28.620526999930007
2029,0.029156257000067853,29.156257000067853
2030,0.02328730999988693,23.28730999988693
2031,0.02196046800008844,21.96046800008844
2032,0.030090212999994037,30.090212999994037
2033,0.029655081000100836,29.655081000100836
2034,0.022596188999841615,22.596188999841615
2035,0.02233247900016977,22.33247900016977
2036,0.03173347000006288,31.73347000006288
2037,0.02331410299984782,23.31410299984782
2038,0.023364711000112948,23.364711000112948
2039,0.022981220000019675,22.981220000019675
2040,0.030603858999938893,30.603858999938893
2041,0.024001140000109444,24.001140000109444
2042,0.023831397000094512,23.831397000094512
2043,0.023175181999931738,23.175181999931738
2044,0.027836396999873614,27.836396999873614
2045,0.027510298999914085,27.510298999914085
2046,0.022212756000044465,22.212756000044465
2047,0.022583748999977615,22.583748999977615
2048,0.03141916200002015,31.41916200002015
2049,0.024297978000049625,24.297978000049625
2050,0.02323449499999697,23.23449499999697
2051,0.022998272999984692,22.998272999984692
2052,0.029967934000069363,29.967934000069363
2053,0.025987768000049982,25.987768000049982
2054,0.022758291999934954,22.758291999934954
2055,0.022775514999921143,22.775514999921143
2056,0.026674897000020792,26.674897000020792
2057,0.027412964000177453,27.412964000177453
2058,0.02224585599992679,22.24585599992679
2059,0.02231998599995677,22.31998599995677
2060,0.028306679000024815,28.306679000024815
2061,0.0856031719999919,85.6031719999919
2062,0.08877449100009471,88.77449100009471
2063,0.022367346999999427,22.367346999999427
2064,0.02769221599987759,27.69221599987759
2065,0.028310684999951263,28.310684999951263
2066,0.022783216999869182,22.783216999869182
2067,0.021531968999852324,21.531968999852324
2068,0.026157657999874573,26.157657999874573
2069,0.030377111999996487,30.377111999996487
2070,0.022534451999945304,22.534451999945304
2071,0.02286963899996408,22.86963899996408
2072,0.02986954700008937,29.86954700008937
2073,0.028609426000002713,28.609426000002713
2074,0.023264333000042825,23.264333000042825
2075,0.022254650999911973,22.254650999911973
2076,0.026340091000065513,26.340091000065513
2077,0.03050361900000098,30.50361900000098
2078,0.02277805099993202,22.77805099993202
2079,0.021456446999991385,21.456446999991385
2080,0.02544366400002218,25.44366400002218
2081,0.031688054000142074,31.688054000142074
2082,0.021773107000171876,21.773107000171876
2083,0.02266554399989218,22.66554399989218
2084,0.026429683999822373,26.429683999822373
2085,0.03126764700004969,31.267647000049692
2086,0.023389583999914976,23.389583999914976
2087,0.02281305900010011,22.81305900010011
2088,0.028238926999847536,28.238926999847536
2089,0.02903996800000641,29.03996800000641
2090,0.02322099900015928,23.22099900015928
2091,0.02144433199987361,21.44433199987361
2092,0.028642676999879768,28.642676999879768
2093,0.03162567799995486,31.62567799995486
2094,0.022672917999898345,22.672917999898345
2095,0.022300761999986207,22.300761999986207
2096,0.028759558000047036,28.759558000047036
2097,0.027252163999946788,27.252163999946788
2098,0.02276130999985071,22.76130999985071
2099,0.022731412999974054,22.731412999974054
2100,0.02872656099998494,28.72656099998494
2101,0.028453974000058224,28.453974000058224
2102,0.023337371000025087,23.337371000025087
2103,0.02240328900006716,22.40328900006716
2104,0.02937562300007812,29.37562300007812
2105,0.02839927800005171,28.39927800005171
2106,0.02234957799987569,22.34957799987569
2107,0.023994297000172082,23.994297000172082
2108,0.043501727999910145,43.501727999910145
2109,0.022265514999844527,22.265514999844527
2110,0.022512029999916194,22.512029999916194
2111,0.022296862000075635,22.296862000075635
2112,0.02648746999989271,26.48746999989271
2113,0.02782537999996748,27.82537999996748
2114,0.022814735000110886,22.814735000110886
2115,0.02209832100015774,22.09832100015774
2116,0.03063130500004263,30.63130500004263
2117,0.028297880000081932,28.297880000081932
2118,0.022731750999810174,22.731750999810174
2119,0.022916609000048993,22.916609000048993
2120,0.031495349000124406,31.495349000124406
2121,0.023494778999975097,23.494778999975097
2122,0.023212562000026082,23.212562000026082
2123,0.022783614999980273,22.783614999980273
2124,0.03107924699997966,31.07924699997966
2125,0.023769796000124188,23.769796000124188
2126,0.02325947899998937,23.25947899998937
2127,0.021981543000038073,21.981543000038073
2128,0.03214148100005332,32.14148100005332
2129,0.024208960000123625,24.208960000123625
2130,0.02229331200010165,22.29331200010165
2131,0.022872328999937963,22.872328999937963
2132,0.027159817999972802,27.1598179999728
2133,0.02689029099997242,26.89029099997242
2134,0.023232890000144835,23.232890000144835
2135,0.02271171899997171,22.71171899997171
2136,0.03631599599998481,36.31599599998481
2137,0.023026993000030416,23.026993000030416
2138,0.022684826999920915,22.684826999920915
2139,0.02141624499995487,21.41624499995487
2140,0.02999870199982979,29.99870199982979
2141,0.027627180000081353,27.627180000081353
2142,0.021829538000019966,21.829538000019966
2143,0.022305186000039612,22.305186000039612
2144,0.03001059799998984,30.01059799998984
2145,0.028090888000178893,28.090888000178893
2146,0.023336054000083095,23.336054000083095
2147,0.022904431999904773,22.904431999904773
2148,0.03015788499988048,30.15788499988048
2149,0.028056153999841627,28.056153999841627
2150,0.02474479399984375,24.74479399984375
2151,0.029619976000049064,29.619976000049064
2152,0.04961093700012498,49.61093700012498
2153,0.02326463400004286,23.26463400004286
2154,0.021670744999937597,21.670744999937597
2155,0.022357438999961232,22.357438999961232
2156,0.026330852999990384,26.330852999990384
2157,0.030262394999908793,30.262394999908793
2158,0.023539855000080934,23.539855000080934
2159,0.02298183599987169,22.98183599987169
2160,0.026385617999949318,26.385617999949318
2161,0.03162980299998708,31.629802999987078
2162,0.02363158499997553,23.63158499997553
2163,0.023588670999970418,23.588670999970418
2164,0.04132143999981963,41.32143999981963
2165,0.024666673999945488,24.666673999945488
2166,0.02164415399988684,21.64415399988684
2167,0.022733023000000685,22.733023000000685
2168,0.03931724400013081,39.31724400013081
2169,0.022861293999994814,22.861293999994814
2170,0.02318069399984779,23.18069399984779
2171,0.022898011000052065,22.898011000052065
2172,0.0293956259999959,29.3956259999959
2173,0.028800637000131246,28.800637000131246
2174,0.02302088100009314,23.02088100009314
2175,0.021325656000044546,21.325656000044546
2176,0.028270492000046943,28.270492000046943
2177,0.030341220000082103,30.341220000082103
2178,0.021792682000068453,21.792682000068453
2179,0.02231714499998816,22.31714499998816
2180,0.028440711000030205,28.440711000030205
2181,0.030067175999874962,30.067175999874962
2182,0.02323632799993902,23.23632799993902
2183,0.024468938999916645,24.468938999916645
2184,0.030199498000001768,30.199498000001768
2185,0.02873256600014429,28.73256600014429
2186,0.02276023699982943,22.76023699982943
2187,0.02134509600000456,21.34509600000456
2188,0.02860059599993292,28.60059599993292
2189,0.028538862999994308,28.538862999994308
2190,0.021924013999978342,21.924013999978342
2191,0.022210909000023094,22.210909000023094
2192,0.02841221000016958,28.41221000016958
2193,0.027769621000061306,27.769621000061306
2194,0.02271980699993037,22.71980699993037
2195,0.022903036999878168,22.903036999878168
2196,0.028370369000185747,28.370369000185747
2197,0.03058189500006847,30.58189500006847
2198,0.023360862000117777,23.360862000117777
2199,0.023805018000075506,23.805018000075506
2200,0.02897063899990826,28.97063899990826
2201,0.02802405500005989,28.02405500005989
2202,0.0218028020001384,21.8028020001384
2203,0.022178658000029827,22.178658000029827
2204,0.028277338000179952,28.277338000179952
2205,0.027576281999927232,27.576281999927232
2206,0.02288916399993468,22.88916399993468
2207,0.02276381499996205,22.76381499996205
2208,0.02841913499992188,28.41913499992188
2209,0.029611442000032184,29.611442000032184
2210,0.02340166799990584,23.40166799990584
2211,0.021952482999950007,21.952482999950007
2212,0.02838659900021412,28.38659900021412
2213,0.02815611500000159,28.15611500000159
2214,0.021720361999996385,21.720361999996385
2215,0.022296897999922294,22.296897999922294
2216,0.02735336599994298,27.35336599994298
2217,0.030245907000107763,30.245907000107763
2218,0.02368294200005039,23.68294200005039
2219,0.022830383000155052,22.830383000155052
2220,0.028219765999892843,28.219765999892843
2221,0.029239244999871516,29.239244999871516
2222,0.02343686699987302,23.43686699987302
2223,0.02179686599993147,21.79686599993147
2224,0.028261787000019467,28.261787000019467
2225,0.028046743000004426,28.046743000004426
2226,0.021752162999973734,21.752162999973734
2227,0.02237176499988891,22.37176499988891
2228,0.026251098000102502,26.251098000102502
2229,0.03019427699996413,30.19427699996413
2230,0.022627067000030365,22.627067000030365
2231,0.022161193000101775,22.161193000101775
2232,0.025635490000013306,25.635490000013306
2233,0.031178446000012627,31.178446000012627
2234,0.023205516999951215,23.205516999951215
2235,0.02201662800007398,22.01662800007398
2236,0.02998092899997573,29.98092899997573
2237,0.029097521000039706,29.097521000039706
2238,0.022650749999911568,22.650749999911568
2239,0.02296315099988533,22.96315099988533
2240,0.029066950000014913,29.066950000014913
2241,0.028236183999979403,28.236183999979403
2242,0.02284433199997693,22.84433199997693
2243,0.022386071000028096,22.386071000028096
2244,0.028807949000110966,28.807949000110966
2245,0.02813558900015778,28.13558900015778
2246,0.022722697000062908,22.722697000062908
2247,0.02133285599984447,21.33285599984447
2248,0.02959385700000894,29.59385700000894
2249,0.02863470299985238,28.63470299985238
2250,0.024284314999931667,24.284314999931667
2251,0.022900897999988956,22.900897999988956
2252,0.03130717499993807,31.30717499993807
2253,0.02797797400012314,27.97797400012314
2254,0.023470981999935248,23.470981999935248
2255,0.022926468999912686,22.926468999912686
2256,0.03145495600006143,31.45495600006143
2257,0.025261086999989857,25.261086999989857
2258,0.023469044999956168,23.469044999956168
2259,0.02165177599999879,21.65177599999879
2260,0.03152209600011702,31.522096000117017
2261,0.02349075000006451,23.49075000006451
2262,0.022331017999931646,22.331017999931646
2263,0.022359610999956203,22.359610999956203
2264,0.03259558500008097,32.59558500008097
2265,0.024058654999862483,24.058654999862483
2266,0.023354506000032416,23.354506000032416
2267,0.022905296000089947,22.905296000089947
2268,0.03152650700008053,31.526507000080528
2269,0.026718901000094775,26.718901000094775
2270,0.022850910999977714,22.850910999977714
2271,0.021265841999820623,21.265841999820623
2272,0.03871037599992633,38.71037599992633
2273,0.023746014999915133,23.746014999915133
2274,0.022334608999926786,22.334608999926786
2275,0.02246040099998936,22.46040099998936
2276,0.031639734999998836,31.639734999998836
2277,0.03217859300002601,32.17859300002601
2278,0.023212082999862105,23.212082999862105
2279,0.022526481999875614,22.526481999875614
2280,0.030239721000043573,30.239721000043573
2281,0.029903592999971806,29.903592999971806
2282,0.024002283000072566,24.002283000072566
2283,0.023875158000009833,23.875158000009833
2284,0.03847968900004162,38.47968900004162
2285,0.023881066000058127,23.881066000058127
2286,0.02287410399981127,22.87410399981127
2287,0.022959609000054115,22.959609000054115
2288,0.026930059000051187,26.930059000051187
2289,0.031035569000096075,31.035569000096075
2290,0.023561887999903774,23.561887999903774
2291,0.022864740999921196,22.864740999921196
2292,0.03025920599998244,30.25920599998244
2293,0.028481632999955764,28.481632999955764
2294,0.023579413999868848,23.579413999868848
2295,0.021960888999956296,21.960888999956296
2296,0.030155812000202786,30.155812000202786
2297,0.028158750999864424,28.158750999864424
2298,0.021735922999823742,21.735922999823742
2299,0.022242693999942276,22.242693999942276
2300,0.028417591000106768,28.417591000106768
2301,0.027933050000001458,27.933050000001458
2302,0.02281918299991048,22.81918299991048
2303,0.022678599000073518,22.67859900007352
2304,0.027179004999879908,27.179004999879908
2305,0.0304988709999634,30.4988709999634
2306,0.02315512299992406,23.15512299992406
2307,0.022374943999921015,22.374943999921015
2308,0.029913916999930734,29.913916999930734
2309,0.028294796999944083,28.294796999944083
2310,0.024177461000135736,24.177461000135736
2311,0.025371759000108796,25.371759000108796
2312,0.04317726599992966,43.17726599992966
2313,0.024848082000062277,24.848082000062277
2314,0.022769305999872813,22.769305999872813
2315,0.023653178999893498,23.6531789998935
2316,0.029531253999948603,29.531253999948603
2317,0.02822500999991462,28.22500999991462
2318,0.02268271899993124,22.68271899993124
2319,0.02131078599995817,21.31078599995817
2320,0.02902416599999924,29.02416599999924
2321,0.028396619999966788,28.396619999966788
2322,0.02279325099993912,22.79325099993912
2323,0.022827839000001404,22.827839000001404
2324,0.02939567199996418,29.39567199996418
2325,0.027524171999857572,27.524171999857572
2326,0.02344402199992146,23.44402199992146
2327,0.022821583999984796,22.821583999984796
2328,0.029164588000185176,29.164588000185176
2329,0.029258851999884428,29.258851999884428
2330,0.023322006999933365,23.322006999933365
2331,0.021536586999900464,21.536586999900464
2332,0.03061984200007828,30.61984200007828
2333,0.04039989299985791,40.39989299985791
2334,0.022004590000051394,22.004590000051394
2335,0.02237244200000532,22.37244200000532
2336,0.032991507999895475,32.991507999895475
2337,0.02695187399990573,26.95187399990573
2338,0.02170840999997381,21.70840999997381
2339,0.02100163000000066,21.00163000000066
2340,0.03189512000017203,31.895120000172028
2341,0.02712508399986291,27.12508399986291
2342,0.022376849000011134,22.376849000011134
2343,0.03873479399999269,38.73479399999269
2344,0.024084179000055883,24.084179000055883
2345,0.0240753840000707,24.0753840000707
2346,0.025731253000003562,25.731253000003562
2347,0.036431569000114905,36.431569000114905
2348,0.04141659699985212,41.41659699985212
2349,0.024104781999994884,24.104781999994884
2350,0.025306956999884278,25.306956999884278
2351,0.024865419999969163,24.865419999969163
2352,0.030229340000005323,30.229340000005323
2353,0.02823043500006861,28.23043500006861
2354,0.02328249699985463,23.28249699985463
2355,0.021932049000042753,21.932049000042753
2356,0.02973276700004135,29.73276700004135
2357,0.028605491000007532,28.605491000007532
2358,0.02236871299987797,22.36871299987797
2359,0.02280868399998326,22.80868399998326
2360,0.031161866000047667,31.161866000047667
2361,0.028239987000006295,28.239987000006295
2362,0.023540443000001687,23.540443000001687
2363,0.022837932000129513,22.837932000129513
2364,0.028824314999837952,28.824314999837952
2365,0.0282118029999765,28.2118029999765
2366,0.022873022999874593,22.873022999874593
2367,0.021801869000000806,21.801869000000806
2368,0.029705742000032842,29.705742000032842
2369,0.029287084000088726,29.287084000088726
2370,0.022377602000005936,22.377602000005936
2371,0.02281569199999467,22.81569199999467
2372,0.030425761000060447,30.425761000060447
2373,0.02779055599989988,27.79055599989988
2374,0.023177269999905548,23.177269999905548
2375,0.022316672999977527,22.316672999977527
2376,0.02507519900018451,25.07519900018451
2377,0.02644838399987748,26.44838399987748
2378,0.02528177800013509,25.28177800013509
2379,0.022327510000195616,22.327510000195616
2380,0.032700296000029994,32.700296000029994
2381,0.0290413970001282,29.0413970001282
2382,0.02253016800000296,22.53016800000296
2383,0.022815978000153336,22.815978000153336
2384,0.030396880000125748,30.396880000125748
2385,0.02699124299988398,26.99124299988398
2386,0.024169449000055465,24.169449000055465
2387,0.022268431999918903,22.268431999918903
2388,0.029032955000047878,29.032955000047878
2389,0.028160916999922847,28.160916999922847
2390,0.022759767000025022,22.759767000025022
2391,0.02137251399994966,21.37251399994966
2392,0.029589100000066537,29.589100000066537
2393,0.028923998999971445,28.923998999971445
2394,0.022351353999965795,22.351353999965795
2395,0.022874418999890622,22.874418999890622
2396,0.029872839000063323,29.872839000063323
2397,0.027756405999980416,27.756405999980416
2398,0.022819508999873506,22.819508999873506
2399,0.022245880999889778,22.245880999889778
2400,0.028005184999983612,28.005184999983612
2401,0.028099510999936683,28.099510999936683
2402,0.022834155000055034,22.834155000055034
2403,0.02142982000009397,21.42982000009397
2404,0.02871318400002565,28.71318400002565
2405,0.0282355379999899,28.2355379999899
2406,0.022124310999970476,22.124310999970476
2407,0.022933645999955843,22.933645999955843
2408,0.028991303000111657,28.991303000111657
2409,0.0279585959999622,27.9585959999622
2410,0.023439976999952705,23.439976999952705
2411,0.022668253999881927,22.668253999881927
2412,0.027639509000209728,27.639509000209728
2413,0.02824426899996979,28.24426899996979
2414,0.024334720999831916,24.334720999831916
2415,0.021259498000063104,21.259498000063104
2416,0.028788358999918273,28.788358999918273
2417,0.028474555999991935,28.474555999991935
2418,0.0224623149999843,22.4623149999843
2419,0.022795195999833595,22.795195999833595
2420,0.029277583999828494,29.277583999828494
2421,0.028346934999945006,28.346934999945006
2422,0.023389548000068316,23.389548000068316
2423,0.022915948999980174,22.915948999980174
2424,0.028137295000078666,28.137295000078666
2425,0.028055521999931443,28.055521999931443
2426,0.022692566999921837,22.692566999921837
2427,0.02155653899990284,21.55653899990284
2428,0.028623078999999052,28.623078999999052
2429,0.028476027000124304,28.476027000124304
2430,0.02239170699999704,22.39170699999704
2431,0.022827264999932595,22.827264999932595
2432,0.030489259999967544,30.489259999967544
2433,0.027769488000103593,27.769488000103593
2434,0.023329342000124598,23.329342000124598
2435,0.02303837299996303,23.03837299996303
2436,0.02860212599989609,28.60212599989609
2437,0.028503850000106468,28.503850000106468
2438,0.02281752600015352,22.81752600015352
2439,0.021334663000061482,21.334663000061482
2440,0.02821511299998747,28.21511299998747
2441,0.028168815000071845,28.168815000071845
2442,0.022080985999991753,22.080985999991753
2443,0.022349200999997265,22.349200999997265
2444,0.028498916999978974,28.498916999978974
2445,0.030602070999975695,30.602070999975695
2446,0.02601183999991008,26.01183999991008
2447,0.023617025999783436,23.617025999783436
2448,0.03122001200017621,31.22001200017621
2449,0.02988049699979456,29.88049699979456
2450,0.02411163800002214,24.11163800002214
2451,0.02134513999999399,21.34513999999399
2452,0.025936616000080903,25.936616000080903
2453,0.033095275000050606,33.095275000050606
2454,0.021743922000041493,21.743922000041493
2455,0.022455072999946424,22.455072999946424
2456,0.025890370000070106,25.890370000070106
2457,0.030497056000058365,30.497056000058365
2458,0.02331852399993295,23.31852399993295
2459,0.022859401000005164,22.859401000005164
2460,0.025160300999914398,25.160300999914398
2461,0.031749577000027784,31.749577000027784
2462,0.023977542000011454,23.977542000011454
2463,0.022194132999857175,22.194132999857175
2464,0.028668758000094385,28.668758000094385
2465,0.028489215000035983,28.489215000035983
2466,0.02197017399998913,21.97017399998913
2467,0.022181642000077773,22.181642000077773
2468,0.026982819000068048,26.982819000068048
2469,0.030372275999980047,30.372275999980047
2470,0.022711180999976932,22.711180999976932
2471,0.02224623900019651,22.24623900019651
2472,0.02949104399999669,29.49104399999669
2473,0.029777791000014986,29.777791000014986
2474,0.02329256500001975,23.29256500001975
2475,0.02186155399999734,21.86155399999734
2476,0.028889057000014873,28.889057000014873
2477,0.02854469900012191,28.54469900012191
2478,0.02186567300009301,21.86567300009301
2479,0.022307877000002918,22.307877000002918
2480,0.02850822799996422,28.50822799996422
2481,0.02901146699991841,29.01146699991841
2482,0.02326374299991585,23.26374299991585
2483,0.02248992999989241,22.48992999989241
2484,0.027677670999992188,27.677670999992188
2485,0.02849548699987281,28.49548699987281
2486,0.02299415900006352,22.99415900006352
2487,0.02193533399986336,21.93533399986336
2488,0.029396011000017097,29.396011000017097
2489,0.03343387900008565,33.43387900008565
2490,0.023341248999940944,23.341248999940944
2491,0.0248311590000867,24.8311590000867
2492,0.027521638000052917,27.521638000052917
2493,0.025896080999928017,25.896080999928017
2494,0.02640374499992504,26.40374499992504
2495,0.023981754000033106,23.981754000033106
2496,0.04241524999997637,42.41524999997637
2497,0.023145765999970536,23.145765999970536
2498,0.023019681999812747,23.019681999812747
2499,0.021705472999883568,21.70547299988357
2500,0.03738247000001138,37.38247000001138
2501,0.024555405000000974,24.555405000000974
2502,0.024331569999958447,24.331569999958447
2503,0.022811871999920186,22.811871999920186
2504,0.03238744999998744,32.38744999998744
2505,0.030496439999978975,30.496439999978975
2506,0.02337773399995058,23.37773399995058
2507,0.023400786000138396,23.400786000138396
2508,0.028586633000031725,28.586633000031725
2509,0.02905559600003471,29.05559600003471
2510,0.023160079999797745,23.160079999797745
2511,0.02143222999984573,21.43222999984573
2512,0.02943381699992642,29.43381699992642
2513,0.02924292200009404,29.24292200009404
2514,0.022006862999887744,22.006862999887744
2515,0.022187372000189498,22.187372000189498
2516,0.028369191999900067,28.369191999900067
2517,0.027568237999958,27.568237999958
2518,0.023063353999987157,23.063353999987157
2519,0.022946754000031433,22.946754000031433
2520,0.028317022999999608,28.317022999999608
2521,0.028662440000061906,28.662440000061906
2522,0.023642590000008568,23.642590000008568
2523,0.02190631600001325,21.90631600001325
2524,0.02846095600011722,28.46095600011722
2525,0.028013109000085024,28.013109000085024
2526,0.021746742000004815,21.746742000004815
2527,0.022203106999995725,22.203106999995725
2528,0.027692878000152632,27.692878000152632
2529,0.029974183000149424,29.974183000149424
2530,0.022869237999884717,22.869237999884717
2531,0.022812282999893796,22.812282999893796
2532,0.027290375000120548,27.290375000120548
2533,0.030251884999870526,30.251884999870526
2534,0.023251415000004272,23.251415000004272
2535,0.021924232000174015,21.924232000174015
2536,0.02935623699977441,29.35623699977441
2537,0.03173922900009529,31.739229000095293
2538,0.02183710099984637,21.83710099984637
2539,0.02264469800002189,22.64469800002189
2540,0.03768033099981949,37.68033099981949
2541,0.021862225999939255,21.862225999939255
2542,0.022518019000017375,22.518019000017375
2543,0.022555721999879097,22.555721999879097
2544,0.034070319999955245,34.070319999955245
2545,0.023599809999950594,23.599809999950594
2546,0.025228954000112935,25.228954000112935
2547,0.02193733399985831,21.93733399985831
2548,0.02725891000000047,27.25891000000047
2549,0.02636312300001009,26.36312300001009
2550,0.02249609699993016,22.49609699993016
2551,0.022584604000030595,22.584604000030595
2552,0.030130224999993516,30.130224999993516
2553,0.02719496299982893,27.19496299982893
2554,0.023065646999839373,23.065646999839373
2555,0.022347506999949474,22.347506999949474
2556,0.02973285500002021,29.73285500002021
2557,0.0287276760000168,28.7276760000168
2558,0.02263026700006776,22.63026700006776
2559,0.02149618399994324,21.49618399994324
2560,0.028570229000024483,28.570229000024483
2561,0.024740665000081208,24.740665000081208
2562,0.05055060500012587,50.55060500012587
2563,0.08768656699999156,87.68656699999156
2564,0.07048177400019995,70.48177400019995
2565,0.021972887999936574,21.972887999936574
2566,0.022332905999974173,22.332905999974173
2567,0.029785316000015882,29.785316000015882
2568,0.02187385900015215,21.87385900015215
2569,0.02281505299993114,22.81505299993114
2570,0.02224283700002161,22.24283700002161
2571,0.03190265299986095,31.902652999860948
2572,0.024930444000119678,24.930444000119678
2573,0.02273859599995376,22.73859599995376
2574,0.025971449999815377,25.971449999815377
2575,0.028465979999964475,28.465979999964475
2576,0.022843586999897525,22.843586999897525
2577,0.021793873999968127,21.793873999968127
2578,0.022225425999977233,22.225425999977233
2579,0.03186404899997797,31.864048999977967
2580,0.02804342100012036,28.04342100012036
2581,0.022986213999956817,22.986213999956817
2582,0.022898404999978084,22.898404999978084
2583,0.03217411600007836,32.17411600007836
2584,0.023504215999992084,23.504215999992084
2585,0.024269606999951066,24.269606999951066
2586,0.022074894000070344,22.074894000070344
2587,0.028303613999923982,28.303613999923982
2588,0.02723165399993377,27.23165399993377
2589,0.022260751999965578,22.260751999965578
2590,0.022842658000172378,22.842658000172378
2591,0.033969698000191784,33.969698000191784
2592,0.021960670999987997,21.960670999987997
2593,0.02278796699988561,22.78796699988561
2594,0.02219290999983059,22.19290999983059
2595,0.03186639900013688,31.86639900013688
2596,0.024545988999989277,24.545988999989277
2597,0.023318245999917053,23.318245999917053
2598,0.022048136999956114,22.048136999956114
2599,0.03237387900003341,32.37387900003341
2600,0.024041997000040283,24.041997000040283
2601,0.02244178599994484,22.44178599994484
2602,0.02327762899994923,23.27762899994923
2603,0.03489887499995348,34.89887499995348
2604,0.023223961999974563,23.223961999974563
2605,0.02324088299997129,23.24088299997129
2606,0.02245412699994631,22.45412699994631
2607,0.03496779600004629,34.96779600004629
2608,0.02548281099984706,25.48281099984706
2609,0.027062188999934733,27.062188999934733
2610,0.022556161000011343,22.556161000011343
2611,0.032875333999982104,32.875333999982104
2612,0.030546420000064245,30.546420000064245
2613,0.022412365000036516,22.412365000036516
2614,0.022421031000021685,22.421031000021685
2615,0.03962906799984012,39.62906799984012
2616,0.022463166000079582,22.463166000079582
2617,0.02269797999997536,22.69797999997536
2618,0.02221639200001846,22.21639200001846
2619,0.03821909200019036,38.21909200019036
2620,0.0238712289999512,23.8712289999512
2621,0.02315468899996631,23.15468899996631
2622,0.022054853999861734,22.054853999861734
2623,0.03045061199986776,30.45061199986776
2624,0.02895226400005413,28.95226400005413
2625,0.0227659299998777,22.7659299998777
2626,0.02311006000013549,23.11006000013549
2627,0.03032133800002157,30.32133800002157
2628,0.028207152999812024,28.207152999812024
2629,0.023523904000057883,23.523904000057883
2630,0.022271612000167806,22.271612000167806
2631,0.028141022999989218,28.141022999989218
2632,0.027803519999906712,27.80351999990671
2633,0.02305126900000687,23.05126900000687
2634,0.021312784999963696,21.312784999963696
2635,0.02985592599998199,29.85592599998199
2636,0.02868265999995856,28.68265999995856
2637,0.022353821000024254,22.353821000024254
2638,0.022970526999870344,22.970526999870344
2639,0.03073577099985414,30.73577099985414
2640,0.029348084000048402,29.348084000048402
2641,0.02367635100017651,23.67635100017651
2642,0.02237253399994188,22.37253399994188
2643,0.03107594100015376,31.07594100015376
2644,0.02760494199992536,27.60494199992536
2645,0.022671161000062057,22.671161000062057
2646,0.02144919900001696,21.44919900001696
2647,0.03215744400017684,32.15744400017684
2648,0.024950129999979254,24.950129999979254
2649,0.022475057000065135,22.475057000065135
2650,0.02278918099978,22.78918099978
2651,0.03141694100008863,31.416941000088627
2652,0.025501463999944463,25.501463999944463
2653,0.02352709000001596,23.52709000001596
2654,0.022788682000054905,22.788682000054905
2655,0.026801661000035892,26.801661000035892
2656,0.028182502000163367,28.182502000163367
2657,0.02333004900015112,23.33004900015112
2658,0.021377561000008427,21.377561000008427
2659,0.029895791999933863,29.895791999933863
2660,0.029431875999989643,29.431875999989643
2661,0.023354058999984773,23.354058999984773
2662,0.022294405000138795,22.294405000138795
2663,0.03851483600010397,38.51483600010397
2664,0.030114884000113307,30.114884000113307
2665,0.025579135000043607,25.579135000043607
2666,0.022971753999854627,22.971753999854627
2667,0.03148633199998585,31.48633199998585
2668,0.027042233999964083,27.042233999964083
2669,0.023762020000049233,23.762020000049233
2670,0.021472231000188913,21.472231000188913
2671,0.030228652999994665,30.228652999994665
2672,0.026234601000169278,26.234601000169278
2673,0.022057141000004776,22.057141000004776
2674,0.02232421600001544,22.32421600001544
2675,0.03120026900000994,31.20026900000994
2676,0.025723583999933908,25.723583999933908
2677,0.024927603000151066,24.927603000151066
2678,0.024997084000005998,24.997084000005998
2679,0.04334948399991845,43.34948399991845
2680,0.024549325999942084,24.549325999942084
2681,0.023483030999841503,23.483030999841503
2682,0.02199178299997584,21.99178299997584
2683,0.02588105499989979,25.88105499989979
2684,0.02438181699994857,24.38181699994857
2685,0.036045977999947354,36.045977999947354
2686,0.02565328299988323,25.65328299988323
2687,0.039068062999831454,39.068062999831454
2688,0.022797177000029478,22.797177000029478
2689,0.022669016999998348,22.669016999998348
2690,0.022213042999965182,22.213042999965182
2691,0.033386414999995395,33.386414999995395
2692,0.02404627300006723,24.04627300006723
2693,0.023260857999957807,23.260857999957807
2694,0.022018044000105874,22.018044000105874
2695,0.027938990999928137,27.938990999928137
2696,0.024005654000120558,24.005654000120558
2697,0.022366158000068026,22.366158000068026
2698,0.022231241000099544,22.231241000099544
2699,0.03319177299999865,33.19177299999865
2700,0.023419517000093037,23.419517000093037
2701,0.023527564999994866,23.527564999994866
2702,0.023108163999950193,23.108163999950193
2703,0.031032353000000512,31.032353000000512
2704,0.023661140000058367,23.661140000058367
2705,0.024697629000002053,24.697629000002053
2706,0.022343109000075856,22.343109000075856
2707,0.03193731100009245,31.93731100009245
2708,0.02297477699994488,22.97477699994488
2709,0.022746764999965308,22.746764999965308
2710,0.0244846079999661,24.4846079999661
2711,0.02732652899999266,27.32652899999266
2712,0.02640810999992027,26.40810999992027
2713,0.023390398999936224,23.390398999936224
2714,0.023002797000117425,23.002797000117425
2715,0.029751783999927284,29.751783999927284
2716,0.027688072000046304,27.688072000046304
2717,0.022705320999875767,22.705320999875767
2718,0.02147888900003636,21.47888900003636
2719,0.030050066000057996,30.050066000057996
2720,0.028335476999927778,28.335476999927778
2721,0.022418037999841545,22.418037999841545
2722,0.022237874999973428,22.237874999973428
2723,0.02969576599980428,29.69576599980428
2724,0.02766155700010131,27.66155700010131
2725,0.023316001000011966,23.316001000011966
2726,0.02282255999989502,22.82255999989502
2727,0.0292707569999493,29.2707569999493
2728,0.028793290000066918,28.793290000066918
2729,0.023005582999985563,23.005582999985563
2730,0.02136334200008605,21.36334200008605
2731,0.02935755699991205,29.35755699991205
2732,0.02830646400002479,28.30646400002479
2733,0.021720672999890667,21.720672999890667
2734,0.02237743299997419,22.37743299997419
2735,0.03003683999986606,30.03683999986606
2736,0.02741470799992385,27.41470799992385
2737,0.02334307599994645,23.34307599994645
2738,0.022856408000052397,22.856408000052397
2739,0.029945048999934443,29.945048999934443
2740,0.028574639999987994,28.574639999987994
2741,0.023460233999912816,23.460233999912816
2742,0.0214700440001252,21.4700440001252
2743,0.023564834999888262,23.564834999888262
2744,0.03174691200001689,31.74691200001689
2745,0.022156772000016645,22.156772000016645
2746,0.022658462999970652,22.658462999970652
2747,0.028538083000057668,28.538083000057668
2748,0.02794713999992382,27.94713999992382
2749,0.023402242999964074,23.402242999964074
2750,0.02294685400011076,22.94685400011076
2751,0.028076826000187793,28.076826000187793
2752,0.028577659000120548,28.577659000120548
2753,0.02258530599988262,22.58530599988262
2754,0.021839489000058165,21.839489000058165
2755,0.02851038099993275,28.51038099993275
2756,0.02809377400012636,28.09377400012636
2757,0.021750222000036956,21.750222000036956
2758,0.02228539499992621,22.28539499992621
2759,0.027652566999904593,27.652566999904593
2760,0.029031571999894368,29.031571999894368
2761,0.023318527000128597,23.318527000128597
2762,0.02306806299998243,23.06806299998243
2763,0.028008766000084506,28.008766000084506
2764,0.030699161000029562,30.699161000029562
2765,0.023778363000019453,23.778363000019453
2766,0.021400880000101097,21.400880000101097
2767,0.02855767599999126,28.55767599999126
2768,0.028062650000038047,28.062650000038047
2769,0.021928575999936584,21.928575999936584
2770,0.02227295500006221,22.27295500006221
2771,0.02843970399999307,28.43970399999307
2772,0.03097912099997302,30.97912099997302
2773,0.0232821800000238,23.2821800000238
2774,0.023004434000085894,23.004434000085894
2775,0.028315871999893716,28.315871999893716
2776,0.028780147999896144,28.780147999896144
2777,0.023003736999953617,23.003736999953617
2778,0.023962097000094218,23.962097000094218
2779,0.03402355099979104,34.02355099979104
2780,0.02650932400001693,26.50932400001693
2781,0.022309989000177666,22.309989000177666
2782,0.02310219000014513,23.10219000014513
2783,0.030526997999913874,30.526997999913874
2784,0.023133312000027217,23.133312000027217
2785,0.0232972690000679,23.2972690000679
2786,0.022440889999870706,22.440889999870706
2787,0.03055258499989577,30.55258499989577
2788,0.027943713000013304,27.943713000013304
2789,0.0233705440000449,23.3705440000449
2790,0.021575865999921007,21.575865999921007
2791,0.031821581000031074,31.821581000031074
2792,0.023594253000055687,23.594253000055687
2793,0.02240997600006267,22.40997600006267
2794,0.022328365000021222,22.328365000021222
2795,0.03168673699997271,31.68673699997271
2796,0.02425826299986511,24.25826299986511
2797,0.023320824999927936,23.320824999927936
2798,0.022841660000040065,22.841660000040065
2799,0.030250185999875612,30.25018599987561
2800,0.02741002499988099,27.41002499988099
2801,0.02263949500002127,22.63949500002127
2802,0.021334997999929328,21.334997999929328
2803,0.031400950999795896,31.400950999795896
2804,0.028400514999930238,28.400514999930238
2805,0.024363705999803642,24.363705999803642
2806,0.022841186000050584,22.841186000050584
2807,0.027360478999980842,27.36047899998084
2808,0.0257053210000322,25.7053210000322
2809,0.022714286000109496,22.714286000109496
2810,0.022471050999911313,22.471050999911313
2811,0.029566733999899952,29.566733999899952
2812,0.028876283000045078,28.876283000045078
2813,0.02329533000010997,23.29533000010997
2814,0.022060958000110986,22.060958000110986
2815,0.030419954000080907,30.419954000080907
2816,0.03860073199984981,38.60073199984981
2817,0.02182712400008313,21.82712400008313
2818,0.02216997999994419,22.16997999994419
2819,0.037622599000087575,37.622599000087575
2820,0.02633788900016043,26.33788900016043
2821,0.02263410099999419,22.63410099999419
2822,0.022567281999954503,22.567281999954503
2823,0.026017469999942477,26.017469999942477
2824,0.029550907000157167,29.550907000157167
2825,0.024304229999870586,24.304229999870586
2826,0.024223569000014322,24.223569000014322
2827,0.043405178000057276,43.405178000057276
2828,0.023921554000025935,23.921554000025935
2829,0.022474386000112645,22.474386000112645
2830,0.022799044999828766,22.799044999828766
2831,0.031708313999843085,31.708313999843085
2832,0.026918476999981067,26.918476999981067
2833,0.028232404999926075,28.232404999926075
2834,0.023582660999863947,23.582660999863947
2835,0.03314316599994527,33.14316599994527
2836,0.02455062299986821,24.55062299986821
2837,0.023017173999960505,23.017173999960505
2838,0.025206867000179045,25.206867000179045
2839,0.03463035899994793,34.63035899994793
2840,0.023380631999998513,23.380631999998513
2841,0.02206392500011134,22.06392500011134
2842,0.022568977999981144,22.568977999981144
2843,0.04211076999990837,42.11076999990837
2844,0.022363726000094175,22.363726000094175
2845,0.02292351999994935,22.92351999994935
2846,0.022602009999900474,22.602009999900474
2847,0.033589226999993116,33.589226999993116
2848,0.027638437999939924,27.638437999939924
2849,0.023138671999959115,23.138671999959115
2850,0.02128427799993915,21.28427799993915
2851,0.030378425999970204,30.378425999970204
2852,0.02771483900005478,27.71483900005478
2853,0.021591007999859357,21.591007999859357
2854,0.0220398890000979,22.0398890000979
2855,0.031859044000157155,31.859044000157155
2856,0.027513945999999123,27.513945999999123
2857,0.023134024000000863,23.134024000000863
2858,0.022636565999846425,22.636565999846425
2859,0.03088195700001961,30.88195700001961
2860,0.027785923999999795,27.785923999999795
2861,0.023641831000077218,23.641831000077218
2862,0.021770442999923034,21.770442999923034
2863,0.03261982499998339,32.61982499998339
2864,0.023417754000092827,23.417754000092827
2865,0.021934156999805055,21.934156999805055
2866,0.022007048999967083,22.007048999967083
2867,0.03293382699985159,32.93382699985159
2868,0.023116159999972297,23.116159999972297
2869,0.02368109199983337,23.68109199983337
2870,0.02298679299997275,22.98679299997275
2871,0.03660954900010438,36.60954900010438
2872,0.023287897000045632,23.287897000045632
2873,0.022453750000067885,22.453750000067885
2874,0.021281344000044555,21.281344000044555
2875,0.0331748379999226,33.1748379999226
2876,0.023424514999987878,23.424514999987878
2877,0.022205342000006567,22.205342000006567
2878,0.02270891400007713,22.70891400007713
2879,0.028218292999781625,28.218292999781625
2880,0.02678750899985971,26.78750899985971
2881,0.023390681999899243,23.390681999899243
2882,0.022144100000105027,22.144100000105027
2883,0.027546155999971234,27.546155999971234
2884,0.02775026600011188,27.75026600011188
2885,0.02262916499989842,22.62916499989842
2886,0.02118225899994286,21.18225899994286
2887,0.028075553000007858,28.075553000007858
2888,0.0275858199997856,27.5858199997856
2889,0.022155181000016455,22.155181000016455
2890,0.02276039700018373,22.76039700018373
2891,0.028568133999897327,28.568133999897327
2892,0.02705608399992343,27.05608399992343
2893,0.02309125299984771,23.09125299984771
2894,0.02261649199999738,22.61649199999738
2895,0.026948729999958232,26.948729999958232
2896,0.030196650999869235,30.196650999869235
2897,0.022582509999892864,22.582509999892864
2898,0.02153893100012283,21.53893100012283
2899,0.025176466999937475,25.176466999937475
2900,0.03021063000005597,30.21063000005597
2901,0.022086805000071763,22.086805000071763
2902,0.0228263369999695,22.8263369999695
2903,0.02576948099999754,25.76948099999754
2904,0.030193613999927038,30.193613999927038
2905,0.02332827800000814,23.32827800000814
2906,0.022930930000029548,22.930930000029548
2907,0.02576673899989146,25.76673899989146
2908,0.03130094099992675,31.300940999926752
2909,0.02309449799986396,23.09449799986396
2910,0.021737312000141173,21.737312000141173
2911,0.02942279800004144,29.42279800004144
2912,0.028375571999958993,28.375571999958993
2913,0.022084656999822982,22.084656999822982
2914,0.022676883000031012,22.67688300003101
2915,0.02818040000011024,28.18040000011024
2916,0.02858153800002583,28.58153800002583
2917,0.022427921999906175,22.427921999906175
2918,0.02203793100011353,22.03793100011353
2919,0.024659657000029256,24.659657000029256
2920,0.030398502000025474,30.398502000025474
2921,0.02307296299977679,23.07296299977679
2922,0.021783905000120285,21.783905000120285
2923,0.026773615999900358,26.773615999900358
2924,0.031098419000045396,31.098419000045396
2925,0.022414840999999797,22.414840999999797
2926,0.022871174000101746,22.871174000101746
2927,0.026238678000026994,26.238678000026994
2928,0.029981746999965253,29.981746999965253
2929,0.0233616240000174,23.3616240000174
2930,0.022470595999948273,22.470595999948273
2931,0.024521417999949335,24.521417999949335
2932,0.029541957999981605,29.541957999981605
2933,0.022511181000027136,22.511181000027136
2934,0.021320723999906477,21.320723999906477
2935,0.027392816999963543,27.392816999963543
2936,0.02321228899995731,23.21228899995731
2937,0.022274433999882604,22.274433999882604
2938,0.02402777700012848,24.02777700012848
2939,0.03607719499996165,36.07719499996165
2940,0.023024504999966666,23.024504999966666
2941,0.023656995999999708,23.656995999999708
2942,0.022769209999978557,22.769209999978557
2943,0.042161203999967256,42.161203999967256
2944,0.02284836599983464,22.84836599983464
2945,0.0224813009999707,22.4813009999707
2946,0.021895524000001387,21.895524000001387
2947,0.029027527000152986,29.027527000152986
2948,0.032304152000051545,32.304152000051545
2949,0.02279004399997575,22.79004399997575
2950,0.023317181000038545,23.317181000038545
2951,0.03077482499998041,30.77482499998041
2952,0.02433234399995854,24.33234399995854
2953,0.023511267999992924,23.511267999992924
2954,0.02283355299982759,22.83355299982759
2955,0.030476250999981858,30.476250999981858
2956,0.02600110699995639,26.00110699995639
2957,0.023308858999826043,23.308858999826043
2958,0.021714613000085592,21.714613000085592
2959,0.03110595199996169,31.10595199996169
2960,0.0245741660000931,24.5741660000931
2961,0.021799097999974038,21.799097999974038
2962,0.022284849000016038,22.284849000016038
2963,0.02990025400004015,29.90025400004015
2964,0.028018922999990536,28.018922999990536
2965,0.02387276100012059,23.87276100012059
2966,0.023253220000015062,23.253220000015062
2967,0.03124739200006843,31.24739200006843
2968,0.025192553999886513,25.192553999886513
2969,0.023450581999895803,23.450581999895803
2970,0.02167995000013434,21.67995000013434
2971,0.030756822999819633,30.756822999819633
2972,0.02433633999999074,24.33633999999074
2973,0.021878793000041696,21.878793000041696
2974,0.02226061800001844,22.26061800001844
2975,0.031455783000183146,31.455783000183146
2976,0.02686473299991121,26.86473299991121
2977,0.023296832999903927,23.296832999903927
2978,0.02280146600014632,22.80146600014632
2979,0.02973129500014693,29.73129500014693
2980,0.02915204300006735,29.15204300006735
2981,0.023339578000104666,23.339578000104666
2982,0.02135148700017453,21.35148700017453
2983,0.030162826999912795,30.162826999912795
2984,0.02619997700003296,26.19997700003296
2985,0.021812060999991445,21.812060999991445
2986,0.02229311000019152,22.29311000019152
2987,0.02940403000002334,29.40403000002334
2988,0.02744574600001215,27.44574600001215
2989,0.0227102180001566,22.7102180001566
2990,0.022245928000074855,22.245928000074855
2991,0.03091416899997057,30.91416899997057
2992,0.02964259099985611,29.64259099985611
2993,0.023645572000077664,23.645572000077664
2994,0.022344520000160628,22.344520000160628
2995,0.03139616099997511,31.39616099997511
2996,0.024825191999980234,24.825191999980234
2997,0.022395998999854783,22.395998999854783
2998,0.023454453999875113,23.454453999875113
2999,0.0272486740000204,27.2486740000204
3000,0.02645428699997865,26.45428699997865
3001,0.022866895999868575,22.866895999868575
3002,0.02226410899993425,22.26410899993425
3003,0.029993486000194025,29.993486000194025
3004,0.03510322200008886,35.10322200008886
3005,0.025234228999806874,25.234228999806874
3006,0.022051103999956467,22.051103999956467
3007,0.03044637099992542,30.44637099992542
3008,0.028315003999978217,28.315003999978217
3009,0.02282774800005427,22.82774800005427
3010,0.022816239999883692,22.816239999883692
3011,0.036044764999815015,36.044764999815015
3012,0.026861060000101133,26.861060000101133
3013,0.02313790399989557,23.13790399989557
3014,0.022526967999965564,22.526967999965564
3015,0.02833483399990655,28.33483399990655
3016,0.02974800700008018,29.74800700008018
3017,0.025443088000201897,25.443088000201897
3018,0.024320725000052335,24.320725000052335
3019,0.058221379000087836,58.221379000087836
3020,0.025006030999975337,25.006030999975337
3021,0.02487670799996522,24.87670799996522
3022,0.02293946099985078,22.93946099985078
3023,0.03057833799994114,30.57833799994114
3024,0.02500161499983733,25.00161499983733
3025,0.025779104999855917,25.779104999855917
3026,0.02468870299981063,24.68870299981063
3027,0.041427999999996246,41.427999999996246
3028,0.022939318999988245,22.939318999988245
3029,0.0224694040000486,22.4694040000486
3030,0.021354718999873512,21.354718999873512
3031,0.036361764999810475,36.361764999810475
3032,0.02824108000004344,28.24108000004344
3033,0.022143452000136676,22.143452000136676
3034,0.022809098000152517,22.809098000152517
3035,0.03333065800006807,33.33065800006807
3036,0.027521898000031797,27.521898000031797
3037,0.023036069999989195,23.036069999989195
3038,0.02570963599987408,25.70963599987408
3039,0.028493965000052413,28.493965000052413
3040,0.02825996799992936,28.25996799992936
3041,0.022938549999935276,22.938549999935276
3042,0.02129606500011505,21.29606500011505
3043,0.03461932700020043,34.61932700020043
3044,0.0281728639999983,28.1728639999983
3045,0.022236151000015525,22.236151000015525
3046,0.0237050900000213,23.7050900000213
3047,0.03326813800003947,33.26813800003947
3048,0.02389109599994299,23.89109599994299
3049,0.024726887999804603,24.726887999804603
3050,0.023224103000075047,23.224103000075047
3051,0.03219207999995888,32.19207999995888
3052,0.02356797400011601,23.56797400011601
3053,0.023181367999995928,23.181367999995928
3054,0.02194577999989633,21.94577999989633
3055,0.035217274000160614,35.217274000160614
3056,0.023465055999849938,23.465055999849938
3057,0.022206740000001446,22.206740000001446
3058,0.02353694400017048,23.53694400017048
3059,0.031245684999930745,31.245684999930745
3060,0.02258274300015728,22.58274300015728
3061,0.02258389899998292,22.58389899998292
3062,0.02220701300007022,22.20701300007022
3063,0.02954138299992337,29.54138299992337
3064,0.02759947899994586,27.59947899994586
3065,0.02320719299996199,23.20719299996199
3066,0.022109106000016254,22.109106000016254
3067,0.03093693899995742,30.93693899995742
3068,0.025743154000110735,25.743154000110735
3069,0.02390149100006056,23.90149100006056
3070,0.02222606700001961,22.22606700001961
3071,0.03076676600016981,30.76676600016981
3072,0.023790098000063153,23.790098000063153
3073,0.023441356999910568,23.441356999910568
3074,0.02277320799998961,22.77320799998961
3075,0.030300628000077268,30.300628000077268
3076,0.027783883999973114,27.783883999973114
3077,0.02324225400002433,23.24225400002433
3078,0.022357670000019425,22.357670000019425
3079,0.027057759000172155,27.057759000172155
3080,0.02698228899998867,26.98228899998867
3081,0.02206139399982021,22.06139399982021
3082,0.02216724200002318,22.16724200002318
3083,0.02805192400001033,28.05192400001033
3084,0.027455899999949906,27.455899999949906
3085,0.02292472500016629,22.92472500016629
3086,0.022775440000032177,22.775440000032177
3087,0.027798403999895527,27.798403999895527
3088,0.03030371400018339,30.30371400018339
3089,0.02345676300001287,23.45676300001287
3090,0.021992188000012902,21.992188000012902
3091,0.028078483000172128,28.078483000172128
3092,0.027844521000133682,27.844521000133682
3093,0.022572426000124324,22.572426000124324
3094,0.022385580999980448,22.385580999980448
3095,0.026665875999924538,26.665875999924538
3096,0.02940668399992319,29.40668399992319
3097,0.022624551000035353,22.624551000035353
3098,0.02251089400010642,22.51089400010642
3099,0.025606449999941105,25.606449999941105
3100,0.029885151000144106,29.885151000144106
3101,0.02327680500002316,23.27680500002316
3102,0.0219526070000029,21.9526070000029
3103,0.02840751899998395,28.40751899998395
3104,0.03096222899989698,30.96222899989698
3105,0.022356632000082755,22.356632000082755
3106,0.0228445030002149,22.8445030002149
3107,0.02865643999984968,28.65643999984968
3108,0.02732311199997639,27.32311199997639
3109,0.023370335999970848,23.370335999970848
3110,0.02322867399993811,23.22867399993811
3111,0.026993589999847245,26.993589999847245
3112,0.02890161700020144,28.90161700020144
3113,0.022762964000094144,22.762964000094144
3114,0.021385301999998774,21.385301999998774
3115,0.02513120000003255,25.13120000003255
3116,0.037174808000145276,37.174808000145276
3117,0.023966212000004816,23.966212000004816
3118,0.023177311000154077,23.177311000154077
3119,0.04433463100008339,44.33463100008339
3120,0.02294630099981987,22.94630099981987
3121,0.023617699000169523,23.617699000169523
3122,0.022768267999936143,22.768267999936143
3123,0.028185076999989178,28.185076999989178
3124,0.02759368500005621,27.59368500005621
3125,0.022725779999973383,22.725779999973383
3126,0.021328662000087206,21.328662000087206
3127,0.028893254999957207,28.893254999957207
3128,0.03049775799991039,30.49775799991039
3129,0.022050896000109788,22.050896000109788
3130,0.022760500000003958,22.760500000003958
3131,0.029163470999947094,29.163470999947094
3132,0.02865981499985537,28.65981499985537
3133,0.023613339999883465,23.613339999883465
3134,0.02281421600014255,22.81421600014255
3135,0.028000909000184038,28.000909000184038
3136,0.03039040099997692,30.39040099997692
3137,0.022762393999983033,22.762393999983033
3138,0.0214823730000262,21.4823730000262
3139,0.028234197000074346,28.234197000074346
3140,0.029915064000078928,29.915064000078928
3141,0.02231174300004568,22.31174300004568
3142,0.02288889100009328,22.88889100009328
3143,0.02834438200011391,28.34438200011391
3144,0.028095975000042017,28.095975000042017
3145,0.023214228999904662,23.214228999904662
3146,0.022189692999972976,22.189692999972976
3147,0.026495454000041718,26.49545400004172
3148,0.030457560000058947,30.457560000058947
3149,0.022907727000074374,22.907727000074374
3150,0.02140707300009126,21.40707300009126
3151,0.02647059899982196,26.47059899982196
3152,0.0313663289998658,31.3663289998658
3153,0.02239012800009732,22.39012800009732
3154,0.022884135999902355,22.884135999902355
3155,0.029798248000133754,29.798248000133754
3156,0.027816387000029863,27.816387000029863
3157,0.02281402700009494,22.81402700009494
3158,0.022165029999996477,22.165029999996477
3159,0.025725813999997627,25.725813999997627
3160,0.030617445999951087,30.617445999951087
3161,0.023328057000071567,23.328057000071567
3162,0.02144895399987945,21.44895399987945
3163,0.028786034999939147,28.786034999939147
3164,0.04001204399992275,40.01204399992275
3165,0.023983386000054452,23.983386000054452
3166,0.025727777000156493,25.727777000156493
3167,0.03613481399997909,36.13481399997909
3168,0.029380638000020554,29.380638000020554
3169,0.023277929999949265,23.277929999949265
3170,0.022153600000137885,22.153600000137885
3171,0.027936457000123482,27.936457000123482
3172,0.029386581999915506,29.386581999915506
3173,0.02513042900000073,25.13042900000073
3174,0.021545762999949147,21.545762999949147
3175,0.03262097500009986,32.62097500009986
3176,0.02339517599989449,23.39517599989449
3177,0.022551568000153566,22.551568000153566
3178,0.022724300000163566,22.724300000163566
3179,0.03173657499996807,31.73657499996807
3180,0.022849602999940544,22.849602999940544
3181,0.023252106999962052,23.252106999962052
3182,0.022895196000035867,22.895196000035867
3183,0.029236358000162,29.236358000162
3184,0.027981447000001936,27.981447000001936
3185,0.0227179050000359,22.7179050000359
3186,0.021241922999934104,21.241922999934104
3187,0.028728853999837156,28.728853999837156
3188,0.02779938900016532,27.79938900016532
3189,0.021968867999930808,21.968867999930808
3190,0.022202595999942787,22.202595999942787
3191,0.028439101000003575,28.439101000003575
3192,0.02772205699989172,27.72205699989172
3193,0.02323627500004477,23.23627500004477
3194,0.02268009699992035,22.68009699992035
3195,0.028264599000067392,28.264599000067392
3196,0.02819362400009595,28.19362400009595
3197,0.023046851000117385,23.046851000117385
3198,0.02117377500007933,21.17377500007933
3199,0.02708547399993222,27.08547399993222
3200,0.03019376700012799,30.19376700012799
3201,0.02167478100000153,21.67478100000153
3202,0.02231086699998741,22.31086699998741
3203,0.025679636999939248,25.679636999939248
3204,0.029966269999931683,29.966269999931683
3205,0.023213903999931063,23.213903999931063
3206,0.022780391999958738,22.780391999958738
3207,0.025487461000011535,25.487461000011535
3208,0.03110369199998786,31.10369199998786
3209,0.023350778000121863,23.350778000121863
3210,0.02201700599994183,22.01700599994183
3211,0.02635011699999268,26.35011699999268
3212,0.031780134999962684,31.780134999962684
3213,0.022693792000154644,22.693792000154644
3214,0.022259008999981234,22.259008999981234
3215,0.02812163699991288,28.12163699991288
3216,0.029275256999881094,29.275256999881094
3217,0.022696331000133796,22.696331000133796
3218,0.022304727999880924,22.304727999880924
3219,0.035787920000075246,35.787920000075246
3220,0.0281736209999508,28.1736209999508
3221,0.023087874000111697,23.087874000111697
3222,0.021984778999922128,21.984778999922128
3223,0.03153416100008144,31.53416100008144
3224,0.027877363000015976,27.877363000015976
3225,0.021671756999921854,21.671756999921854
3226,0.022128254999870478,22.128254999870478
3227,0.03001697700005934,30.01697700005934
3228,0.027178882000043814,27.178882000043814
3229,0.023675509999975475,23.675509999975475
3230,0.024586085000009916,24.586085000009916
3231,0.023818254999923738,23.818254999923738
3232,0.04125289899980089,41.25289899980089
3233,0.10577566899996782,105.77566899996782
3234,0.036238331000049584,36.238331000049584
3235,0.03676187099995332,36.76187099995332
3236,0.023032027999988713,23.032027999988713
3237,0.02158721500018146,21.58721500018146
3238,0.022127229000034276,22.127229000034276
3239,0.031552872000020216,31.552872000020216
3240,0.02250575499988372,22.50575499988372
3241,0.02323015199999645,23.23015199999645
3242,0.022889756000040506,22.889756000040506
3243,0.029237728999987667,29.237728999987667
3244,0.026961449000054927,26.961449000054927
3245,0.02363964100004523,23.63964100004523
3246,0.021390289999999368,21.390289999999368
3247,0.029919614999926125,29.919614999926125
3248,0.02799944899993534,27.99944899993534
3249,0.02172907999988638,21.72907999988638
3250,0.02214040300009401,22.14040300009401
3251,0.028729234000138604,28.729234000138604
3252,0.027379946000110067,27.379946000110067
3253,0.023221547000048304,23.221547000048304
3254,0.022885227999950075,22.885227999950075
3255,0.028367147999915687,28.367147999915687
3256,0.028320288000031724,28.320288000031724
3257,0.022824985999932323,22.824985999932323
3258,0.021539546999974846,21.539546999974846
3259,0.028272486000105346,28.272486000105346
3260,0.027717572000028667,27.717572000028667
3261,0.021752392000053078,21.752392000053078
3262,0.022120887000028233,22.120887000028233
3263,0.0257875199999944,25.7875199999944
3264,0.030699027999844475,30.699027999844475
3265,0.02336820400000761,23.36820400000761
3266,0.02269151999985297,22.69151999985297
3267,0.02864047799994296,28.64047799994296
3268,0.029650264000110838,29.650264000110838
3269,0.022676569000168456,22.676569000168456
3270,0.021245708999913404,21.245708999913404
3271,0.025964151999914975,25.964151999914975
3272,0.03149532500015084,31.495325000150842
3273,0.02161688099999992,21.61688099999992
3274,0.022543131000020367,22.543131000020367
3275,0.03559827099979884,35.59827099979884
3276,0.027979519999917102,27.979519999917102
3277,0.02313614099989536,23.13614099989536
3278,0.022821696999926644,22.821696999926644
3279,0.03552450899996984,35.52450899996984
3280,0.023441832000116847,23.441832000116847
3281,0.023165120000157913,23.165120000157913
3282,0.02737007799987623,27.37007799987623
3283,0.04601458199999797,46.01458199999797
3284,0.023904999000023963,23.904999000023963
3285,0.02226640599997154,22.26640599997154
3286,0.022880916000076468,22.880916000076468
3287,0.02621143100009249,26.21143100009249
3288,0.03384869399997115,33.84869399997115
3289,0.023539836000054493,23.539836000054493
3290,0.02284583699997711,22.84583699997711
3291,0.02587047699989853,25.87047699989853
3292,0.03067991499983691,30.67991499983691
3293,0.026625466000041342,26.625466000041342
3294,0.023907513000040126,23.907513000040126
3295,0.029226847000018097,29.226847000018097
3296,0.027956963999940854,27.956963999940854
3297,0.02361889600001632,23.61889600001632
3298,0.02224432799994247,22.24432799994247
3299,0.0296257360000709,29.6257360000709
3300,0.027477372999783256,27.477372999783256
3301,0.022711518000051,22.711518000051
3302,0.022810637000020506,22.810637000020506
3303,0.028732951999927536,28.732951999927536
3304,0.02887485199994444,28.87485199994444
3305,0.02322984399984307,23.22984399984307
3306,0.021910016000219912,21.910016000219912
3307,0.030129799000178537,30.129799000178537
3308,0.02842234800004917,28.42234800004917
3309,0.02208089300006577,22.08089300006577
3310,0.022186514999930296,22.186514999930296
3311,0.02843286300003456,28.43286300003456
3312,0.02732970900001419,27.32970900001419
3313,0.026045913999951154,26.045913999951154
3314,0.02215276700007962,22.15276700007962
3315,0.029844769999954224,29.844769999954224
3316,0.028910223999901064,28.910223999901064
3317,0.02335734500002218,23.35734500002218
3318,0.021915916000125435,21.915916000125435
3319,0.030629620999889084,30.629620999889084
3320,0.028876531000150862,28.876531000150862
3321,0.022693601000128183,22.693601000128183
3322,0.023905648999971163,23.905648999971163
3323,0.03451251299998148,34.51251299998148
3324,0.022732924999900206,22.732924999900206
3325,0.02323544099999708,23.23544099999708
3326,0.02277524999999514,22.77524999999514
3327,0.02828109299980497,28.28109299980497
3328,0.025950237999950332,25.950237999950332
3329,0.02301292399988597,23.01292399988597
3330,0.022508522999942215,22.508522999942215
3331,0.029935337999859257,29.935337999859257
3332,0.027329974999929618,27.329974999929618
3333,0.02169146999995064,21.69146999995064
3334,0.022324389000004885,22.324389000004885
3335,0.02941914499979248,29.41914499979248
3336,0.0278775819999737,27.8775819999737
3337,0.023556137000014132,23.556137000014132
3338,0.024487933000045814,24.487933000045814
3339,0.03321175599990056,33.21175599990056
3340,0.02407989399989674,24.07989399989674
3341,0.023203214999966804,23.203214999966804
3342,0.0224522569999408,22.4522569999408
3343,0.03925153899990619,39.25153899990619
3344,0.02189365000003818,21.89365000003818
3345,0.020067665999931705,20.067665999931705
3346,0.020643386000074315,20.643386000074315
3347,0.04330104800010304,43.30104800010304
3348,0.021228588999974818,21.228588999974818
3349,0.0312201990000176,31.2201990000176
3350,0.02406113999995796,24.06113999995796
3351,0.04605440099999214,46.05440099999214
3352,0.028919043000087186,28.919043000087186
3353,0.022884044999955222,22.884044999955222
3354,0.02160142499997164,21.60142499997164
3355,0.03935976299999311,39.35976299999311
3356,0.025142311000081463,25.142311000081463
3357,0.022823629000185974,22.823629000185974
3358,0.02510218900010841,25.10218900010841
3359,0.035192729000073086,35.192729000073086
3360,0.02800881500002106,28.00881500002106
3361,0.023656249000168827,23.656249000168827
3362,0.027165786000068692,27.165786000068692
3363,0.028029184999923018,28.029184999923018
3364,0.02284766900015711,22.84766900015711
3365,0.02351108499988186,23.51108499988186
3366,0.021359480000000985,21.359480000000985
3367,0.03189986000006684,31.899860000066838
3368,0.02660815800004457,26.60815800004457
3369,0.022436428999981217,22.436428999981217
3370,0.022846533000119962,22.846533000119962
3371,0.03218421299993679,32.18421299993679
3372,0.02313802499998019,23.13802499998019
3373,0.02381872499995552,23.81872499995552
3374,0.02290667600004781,22.90667600004781
3375,0.031181977999949595,31.181977999949595
3376,0.023966924999967887,23.966924999967887
3377,0.02321876499991049,23.21876499991049
3378,0.022312052000188487,22.312052000188487
3379,0.03393552100010311,33.93552100010311
3380,0.023609700999941197,23.609700999941197
3381,0.022188722000009875,22.188722000009875
3382,0.023534451999921657,23.534451999921657
3383,0.025485736000064207,25.485736000064207
3384,0.029120301999910225,29.120301999910225
3385,0.028703085999950417,28.703085999950417
3386,0.023179597999842372,23.179597999842372
3387,0.02519286199981252,25.19286199981252
3388,0.031812082999977065,31.812082999977065
3389,0.023264826999820798,23.264826999820798
3390,0.02189050899983158,21.89050899983158
3391,0.02792387400018015,27.92387400018015
3392,0.03138266999985717,31.38266999985717
3393,0.022400227999924027,22.400227999924027
3394,0.022166622999975516,22.166622999975516
3395,0.03002316799984328,30.02316799984328
3396,0.027628825999954643,27.628825999954643
3397,0.022648393000054057,22.648393000054057
3398,0.022158645999979854,22.158645999979854
3399,0.026019945999905758,26.019945999905758
3400,0.030669660000057775,30.669660000057775
3401,0.022647615000096266,22.647615000096266
3402,0.021935102000043116,21.935102000043116
3403,0.028844798999898558,28.844798999898558
3404,0.028938949000121283,28.938949000121283
3405,0.02247417300009147,22.47417300009147
3406,0.022748726999907376,22.748726999907376
3407,0.02919973200005188,29.19973200005188
3408,0.028094330999920203,28.094330999920203
3409,0.02281095699981961,22.81095699981961
3410,0.022511994999831586,22.511994999831586
3411,0.03738275500018062,37.38275500018062
3412,0.0241385529998297,24.1385529998297
3413,0.022831247999874904,22.831247999874904
3414,0.021439535000126853,21.439535000126853
3415,0.03131142999995973,31.311429999959728
3416,0.027908528000125443,27.908528000125443
3417,0.022383129999980156,22.383129999980156
3418,0.022807336999903782,22.807336999903782
3419,0.03052786900002502,30.52786900002502
3420,0.024577890000045954,24.577890000045954
3421,0.022738081000170496,22.738081000170496
3422,0.022151783000026626,22.151783000026626
3423,0.028740021999965393,28.740021999965393
3424,0.0283089290001044,28.3089290001044
3425,0.022817871999905037,22.817871999905037
3426,0.021473632000152065,21.473632000152065
3427,0.03235282700006792,32.35282700006792
3428,0.030929785999887827,30.929785999887827
3429,0.022399111000140692,22.399111000140692
3430,0.022892715999887514,22.892715999887514
3431,0.027750888000127816,27.750888000127816
3432,0.027032610000105706,27.032610000105706
3433,0.0227887460000602,22.7887460000602
3434,0.022666987000093286,22.666987000093286
3435,0.030227862999936406,30.227862999936406
3436,0.027794129999847428,27.794129999847428
3437,0.022688598999820897,22.688598999820897
3438,0.021326534999843716,21.326534999843716
3439,0.030630440999857456,30.630440999857456
3440,0.028248160999964966,28.248160999964966
3441,0.021841965000021446,21.841965000021446
3442,0.022370329000068523,22.370329000068523
3443,0.029574272999980167,29.574272999980167
3444,0.02822579200005748,28.22579200005748
3445,0.023246325999934925,23.246325999934925
3446,0.02310672700014038,23.10672700014038
3447,0.02937719900000957,29.37719900000957
3448,0.028728665000016917,28.728665000016917
3449,0.023190641999917716,23.190641999917716
3450,0.023219620999952895,23.219620999952895
3451,0.029700468000100955,29.700468000100955
3452,0.02921317999994244,29.21317999994244
3453,0.021828397000035693,21.828397000035693
3454,0.022563332999880004,22.563332999880004
3455,0.031742168000164384,31.742168000164384
3456,0.024402563999956328,24.402563999956328
3457,0.023351203999936843,23.351203999936843
3458,0.023233336999965104,23.233336999965104
3459,0.03124725399993622,31.24725399993622
3460,0.023696353999866915,23.696353999866915
3461,0.02387162099989837,23.87162099989837
3462,0.02382632399985596,23.82632399985596
3463,0.027905147999945257,27.905147999945257
3464,0.02474512000003415,24.74512000003415
3465,0.022308450000082303,22.308450000082303
3466,0.022458642999936274,22.458642999936274
3467,0.032760258000053,32.760258000053
3468,0.022813613000153055,22.813613000153055
3469,0.024058141999830696,24.058141999830696
3470,0.022928715000034572,22.928715000034572
3471,0.029947372000151518,29.947372000151518
3472,0.02408174000015606,24.08174000015606
3473,0.0228047539999352,22.8047539999352
3474,0.02135319200010599,21.35319200010599
3475,0.03220550500009267,32.20550500009267
3476,0.025007063999964885,25.007063999964885
3477,0.022309858999960852,22.309858999960852
3478,0.023192153000081817,23.192153000081817
3479,0.032383719999870664,32.383719999870664
3480,0.022028823000027842,22.02882300002784
3481,0.022656019000123706,22.656019000123706
3482,0.02221506900013992,22.21506900013992
3483,0.03267433600012737,32.67433600012737
3484,0.026744719000134864,26.744719000134864
3485,0.023425063999866325,23.425063999866325
3486,0.02305957699991268,23.05957699991268
3487,0.032216019000088636,32.216019000088636
3488,0.02367651700001261,23.67651700001261
3489,0.022313175000135743,22.313175000135743
3490,0.022987381000120877,22.987381000120877
3491,0.026417427000069438,26.417427000069438
3492,0.0322733650000373,32.2733650000373
3493,0.022731897999847206,22.731897999847206
3494,0.02238086700003805,22.38086700003805
3495,0.03328408499987745,33.28408499987745
3496,0.023530707999952938,23.530707999952938
3497,0.023275437999927817,23.275437999927817
3498,0.022061009000026388,22.061009000026388
3499,0.02871915000014269,28.71915000014269
3500,0.03511009299995749,35.11009299995749
3501,0.0242707209999935,24.2707209999935
3502,0.02477787799989528,24.77787799989528
3503,0.025899027999912505,25.899027999912505
3504,0.03385309400005099,33.85309400005099
3505,0.027763669999785634,27.763669999785634
3506,0.025412840999933906,25.412840999933906
3507,0.02810286899989478,28.10286899989478
3508,0.03736151700013579,37.36151700013579
3509,0.023879236000084347,23.879236000084347
3510,0.02215153600013764,22.15153600013764
3511,0.03370872000004965,33.70872000004965
3512,0.023787181999978202,23.787181999978202
3513,0.02228396900000007,22.28396900000007
3514,0.022863773000153742,22.863773000153742
3515,0.027591356000129963,27.591356000129963
3516,0.026577747999908752,26.577747999908752
3517,0.0227473799998279,22.7473799998279
3518,0.02237240399995244,22.37240399995244
3519,0.028478073000087534,28.478073000087534
3520,0.028365346999862595,28.365346999862595
3521,0.022638124999957654,22.638124999957654
3522,0.021327999999812164,21.327999999812164
3523,0.02917885700003353,29.17885700003353
3524,0.028428181999970548,28.428181999970548
3525,0.02246976999981598,22.46976999981598
3526,0.02282481299994288,22.82481299994288
3527,0.029504796000082933,29.504796000082933
3528,0.03174520099992151,31.745200999921508
3529,0.02343354000004183,23.43354000004183
3530,0.022324743999888597,22.324743999888597
3531,0.023854700999891065,23.854700999891065
3532,0.03246367299993835,32.46367299993835
3533,0.023089368999990256,23.089368999990256
3534,0.02184711800009609,21.84711800009609
3535,0.030552543000112564,30.552543000112564
3536,0.029156844999988607,29.156844999988607
3537,0.022339095000006637,22.339095000006637
3538,0.022960157999932562,22.960157999932562
3539,0.03218339399995784,32.18339399995784
3540,0.022661031999859915,22.661031999859915
3541,0.023290671000040675,23.290671000040675
3542,0.02283340600001793,22.83340600001793
3543,0.033106534999888027,33.10653499988803
3544,0.023336960000051477,23.336960000051477
3545,0.022786600000017643,22.786600000017643
3546,0.022241833999942173,22.241833999942173
3547,0.0355080489998727,35.5080489998727
3548,0.023561531999803265,23.561531999803265
3549,0.022365127000057328,22.365127000057328
3550,0.02290084600008413,22.90084600008413
3551,0.029022342999951434,29.022342999951434
3552,0.023123468000221692,23.123468000221692
3553,0.02336202400010734,23.36202400010734
3554,0.022930600000108825,22.930600000108825
3555,0.03099124799996389,30.99124799996389
3556,0.024876400999801263,24.876400999801263
3557,0.023225985000181026,23.225985000181026
3558,0.022795799999812516,22.795799999812516
3559,0.03128649699988273,31.28649699988273
3560,0.024144396000110646,24.144396000110646
3561,0.023815301000013278,23.815301000013278
3562,0.02281531200014797,22.81531200014797
3563,0.027975587000128144,27.975587000128144
3564,0.024627486000099452,24.627486000099452
3565,0.022693650000064736,22.693650000064736
3566,0.022336087999974552,22.336087999974552
3567,0.02919672199982415,29.19672199982415
3568,0.02829691100009768,28.29691100009768
3569,0.022707433000050514,22.707433000050514
3570,0.02176021600007516,21.76021600007516
3571,0.0299401099998704,29.9401099998704
3572,0.0291711889999533,29.1711889999533
3573,0.022601957999995648,22.601957999995648
3574,0.022913502999927005,22.913502999927005
3575,0.030574217999856046,30.574217999856046
3576,0.02706979999993564,27.06979999993564
3577,0.022684980000121868,22.684980000121868
3578,0.022212284000033833,22.212284000033833
3579,0.028091874999972788,28.091874999972788
3580,0.028616727000098763,28.616727000098763
3581,0.022566913999980898,22.566913999980898
3582,0.02148675600005845,21.48675600005845
3583,0.029046717000028366,29.046717000028366
3584,0.02834965400006695,28.34965400006695
3585,0.02227335099996708,22.27335099996708
3586,0.022944339999867225,22.944339999867225
3587,0.028962935999970796,28.962935999970796
3588,0.028013700999963476,28.013700999963476
3589,0.022684749000063675,22.684749000063675
3590,0.022236172000020815,22.236172000020815
3591,0.027631227000028957,27.631227000028957
3592,0.02863943400006974,28.63943400006974
3593,0.022749409999960335,22.749409999960335
3594,0.021505440999817438,21.505440999817438
3595,0.030071880000150486,30.071880000150486
3596,0.028742188000023816,28.742188000023816
3597,0.022614567000118768,22.614567000118768
3598,0.023322301999996853,23.322301999996853
3599,0.029370410999945307,29.370410999945307
3600,0.02793973100006042,27.93973100006042
3601,0.0228115180000259,22.8115180000259
3602,0.02224223999996866,22.24223999996866
3603,0.02766874300004929,27.66874300004929
3604,0.028244696999990992,28.244696999990992
3605,0.022549128000036944,22.549128000036944
3606,0.021312196000053518,21.312196000053518
3607,0.027729275999945457,27.729275999945457
3608,0.029321291000087513,29.321291000087513
3609,0.022393942999997307,22.393942999997307
3610,0.022854657999914707,22.854657999914707
3611,0.02926692100004402,29.26692100004402
3612,0.028451473999894006,28.451473999894006
3613,0.023358643999927153,23.358643999927153
3614,0.022369852000110768,22.369852000110768
3615,0.02802548999989085,28.02548999989085
3616,0.028569714000013846,28.569714000013846
3617,0.02266129899999214,22.66129899999214
3618,0.02138602400009404,21.38602400009404
3619,0.026615493999997852,26.615493999997852
3620,0.0462343609999607,46.2343609999607
3621,0.022898363999956928,22.898363999956928
3622,0.02335247799987883,23.35247799987883
3623,0.027898797000034392,27.898797000034392
3624,0.03075361600008364,30.75361600008364
3625,0.022772565999957806,22.772565999957806
3626,0.02400863399998343,24.00863399998343
3627,0.03069900300010886,30.69900300010886
3628,0.029428563999999824,29.428563999999824
3629,0.023338284000146814,23.338284000146814
3630,0.02189538199991148,21.89538199991148
3631,0.030979419000004782,30.979419000004782
3632,0.028493768000089403,28.493768000089403
3633,0.02195005799990213,21.95005799990213
3634,0.022495768999988286,22.495768999988286
3635,0.030663549000109924,30.663549000109924
3636,0.02675511200004621,26.75511200004621
3637,0.02400522999982968,24.00522999982968
3638,0.022871850999990784,22.871850999990784
3639,0.03089881199980482,30.89881199980482
3640,0.023720876999959728,23.720876999959728
3641,0.02276977699989402,22.76977699989402
3642,0.021491870999852836,21.491870999852836
3643,0.029964580000068963,29.964580000068963
3644,0.028584102999957395,28.584102999957395
3645,0.021873172999903545,21.873172999903545
3646,0.022297434999927646,22.297434999927646
3647,0.029552330000115035,29.552330000115035
3648,0.02738660299996809,27.38660299996809
3649,0.023291726000024937,23.291726000024937
3650,0.022952885999984574,22.952885999984574
3651,0.029484613000022364,29.484613000022364
3652,0.028726598000048398,28.726598000048398
3653,0.02352202500014755,23.52202500014755
3654,0.021493175999921732,21.493175999921732
3655,0.02954603600005612,29.54603600005612
3656,0.029152548999945793,29.152548999945793
3657,0.021787505000020246,21.787505000020246
3658,0.0223173819999829,22.3173819999829
3659,0.030655858000045555,30.655858000045555
3660,0.02801666400000613,28.01666400000613
3661,0.025056272000028912,25.056272000028912
3662,0.022820017999947595,22.820017999947595
3663,0.035230749999982436,35.230749999982436
3664,0.023546476000092298,23.546476000092298
3665,0.023177114000191068,23.177114000191068
3666,0.022031475999938266,22.031475999938266
3667,0.029205791999856956,29.205791999856956
3668,0.023733946999982436,23.733946999982436
3669,0.022228141999903528,22.228141999903528
3670,0.022268596000003527,22.268596000003527
3671,0.030679387999953178,30.679387999953178
3672,0.025259473999994952,25.259473999994952
3673,0.023108386000103565,23.108386000103565
3674,0.02220178700008546,22.20178700008546
3675,0.029355805000022883,29.355805000022883
3676,0.029763623999997435,29.763623999997435
3677,0.024308724000093207,24.308724000093207
3678,0.02431976200000463,24.31976200000463
3679,0.029159365999930742,29.159365999930742
3680,0.02354613099987546,23.54613099987546
3681,0.023187856000049578,23.187856000049578
3682,0.02299287200003164,22.99287200003164
3683,0.033962030000111554,33.962030000111554
3684,0.022612040000012712,22.612040000012712
3685,0.02282659499996953,22.82659499996953
3686,0.02220222999994803,22.20222999994803
3687,0.029441064000138795,29.441064000138795
3688,0.027923873999952775,27.923873999952775
3689,0.025355932999900688,25.355932999900688
3690,0.02653326500012554,26.53326500012554
3691,0.04276177099995948,42.76177099995948
3692,0.034959221000008256,34.959221000008256
3693,0.035900868999988234,35.900868999988234
3694,0.025137924999853567,25.137924999853567
3695,0.03458062099980452,34.58062099980452
3696,0.020895788000188986,20.895788000188986
3697,0.023274024000102145,23.274024000102145
3698,0.02931248200002301,29.31248200002301
3699,0.0505678940000962,50.5678940000962
3700,0.02447489999985919,24.47489999985919
3701,0.02166494999983115,21.66494999983115
3702,0.02025201200012816,20.25201200012816
3703,0.030099335999921095,30.099335999921095
3704,0.02199241899984372,21.99241899984372
3705,0.02065798600006019,20.65798600006019
3706,0.0210722839999562,21.0722839999562
3707,0.03312302499989528,33.12302499989528
3708,0.02639579800006686,26.39579800006686
3709,0.021068821999961074,21.068821999961074
3710,0.020548307000126442,20.548307000126442
3711,0.03716121299999031,37.16121299999031
3712,0.02737534399989272,27.37534399989272
3713,0.02112635200001023,21.12635200001023
3714,0.01984126299998934,19.84126299998934
3715,0.030872635999912745,30.872635999912745
3716,0.02767924100021446,27.67924100021446
3717,0.02093061100003979,20.93061100003979
3718,0.021182089000149062,21.182089000149062
3719,0.027690131999861478,27.690131999861478
3720,0.032166470999982266,32.166470999982266
3721,0.026946648000148343,26.946648000148343
3722,0.02592556199988394,25.92556199988394
3723,0.02963825500000894,29.63825500000894
3724,0.022397128999955385,22.397128999955385
3725,0.02146900499997173,21.46900499997173
3726,0.024201149000191435,24.201149000191435
3727,0.03321709099986947,33.21709099986947
3728,0.022393426999997246,22.393426999997246
3729,0.020234599000104936,20.234599000104936
3730,0.020476055000017368,20.476055000017368
3731,0.029884187999869027,29.884187999869027
3732,0.028100594000079582,28.10059400007958
3733,0.022116971000059493,22.116971000059493
3734,0.02159793400005583,21.59793400005583
3735,0.029193737000014153,29.193737000014153
3736,0.028762253999957466,28.762253999957466
3737,0.02150936900011402,21.50936900011402
3738,0.01982883400000901,19.82883400000901
3739,0.027246996000030776,27.246996000030776
3740,0.030049841999925775,30.049841999925775
3741,0.02100733199995375,21.00733199995375
3742,0.02131007100001625,21.31007100001625
3743,0.030046872999946572,30.046872999946572
3744,0.02110207500004435,21.10207500004435
3745,0.021755209000048126,21.755209000048126
3746,0.021152437999944596,21.152437999944596
3747,0.0316542529999424,31.6542529999424
3748,0.026362333999941256,26.362333999941256
3749,0.021227737000117486,21.227737000117486
3750,0.020453518999829612,20.453518999829612
3751,0.027370711999992636,27.370711999992636
3752,0.03045492399996874,30.45492399996874
3753,0.020845968000003268,20.845968000003268
3754,0.022275917999877493,22.275917999877493
3755,0.02817031099993983,28.17031099993983
3756,0.02858126599994648,28.58126599994648
3757,0.021815060000108133,21.815060000108133
3758,0.02110577899998134,21.10577899998134
3759,0.02987891100019624,29.87891100019624
3760,0.02680858000007902,26.80858000007902
3761,0.021688701999892146,21.688701999892146
3762,0.020321949999924982,20.321949999924982
3763,0.03388597399998616,33.88597399998616
3764,0.022222319000093194,22.222319000093194
3765,0.021045947999937198,21.045947999937198
3766,0.021231424999996307,21.231424999996307
3767,0.033302147000085824,33.302147000085824
3768,0.026148526000042693,26.148526000042693
3769,0.020911930000011125,20.911930000011125
3770,0.020668983999939883,20.668983999939883
3771,0.028937901000062993,28.937901000062993
3772,0.027418799999850307,27.418799999850307
3773,0.02155628200011961,21.55628200011961
3774,0.02021367499992266,20.21367499992266
3775,0.030170141000098738,30.170141000098738
3776,0.021925188000068374,21.925188000068374
3777,0.021244073999923785,21.244073999923785
3778,0.02114361999997527,21.14361999997527
3779,0.034023347999891485,34.023347999891485
3780,0.026591763999931572,26.591763999931572
3781,0.021030835000146908,21.030835000146908
3782,0.020480382999949143,20.480382999949143
3783,0.029406296000161092,29.406296000161092
3784,0.027111055999966993,27.111055999966993
3785,0.021228734000033,21.228734000033
3786,0.019625304000101096,19.625304000101096
3787,0.029480932000069515,29.480932000069515
3788,0.022342704000038793,22.342704000038793
3789,0.020568925000134186,20.568925000134186
3790,0.020968446000097174,20.968446000097174
3791,0.03591558699986308,35.91558699986308
3792,0.03162077399997543,31.620773999975427
3793,0.027014804999907938,27.014804999907938
3794,0.021340935000125683,21.340935000125683
3795,0.035729365999941365,35.729365999941365
3796,0.02713776699988557,27.13776699988557
3797,0.0215706379999574,21.5706379999574
3798,0.019644293000055768,19.644293000055768
3799,0.03067340500001592,30.67340500001592
3800,0.02855972399993334,28.55972399993334
3801,0.02245104500002526,22.45104500002526
3802,0.02273720600010165,22.73720600010165
3803,0.030137345999946774,30.137345999946774
3804,0.027580260000149792,27.580260000149792
3805,0.022924551999949472,22.924551999949472
3806,0.0223039659999813,22.3039659999813
3807,0.028820940000059636,28.820940000059636
3808,0.028186777999962942,28.186777999962942
3809,0.023133867000069586,23.133867000069586
3810,0.021312843000032444,21.312843000032444
3811,0.03436026499980471,34.36026499980471
3812,0.02899777100014944,28.99777100014944
3813,0.02254525100011051,22.54525100011051
3814,0.023043922999931965,23.043922999931965
3815,0.03156310500003201,31.56310500003201
3816,0.02650709299996379,26.50709299996379
3817,0.02378744599991478,23.78744599991478
3818,0.022909411000000546,22.909411000000546
3819,0.031051727999965806,31.051727999965806
3820,0.023839389999920968,23.839389999920968
3821,0.022951270000021395,22.951270000021395
3822,0.021379648999982237,21.379648999982237
3823,0.030725782000217805,30.725782000217805
3824,0.028316936000010173,28.316936000010173
3825,0.021802581999963877,21.802581999963877
3826,0.02232280999987779,22.32280999987779
3827,0.04011501100012538,40.11501100012538
3828,0.02387428799988811,23.87428799988811
3829,0.023155578999876525,23.155578999876525
3830,0.02270901099996081,22.70901099996081
3831,0.03061231499987116,30.61231499987116
3832,0.03104900500011354,31.04900500011354
3833,0.023215283999888925,23.215283999888925
3834,0.02152024900010474,21.52024900010474
3835,0.02840095999999903,28.40095999999903
3836,0.02905776500006141,29.05776500006141
3837,0.021967416000052253,21.967416000052253
3838,0.022240708000026643,22.240708000026643
3839,0.02691108199996961,26.91108199996961
3840,0.030004018999989057,30.004018999989057
3841,0.02591170100004092,25.91170100004092
3842,0.024317952000046716,24.317952000046716
3843,0.048390959000016665,48.390959000016665
3844,0.024526387000150862,24.526387000150862
3845,0.022980700000061915,22.980700000061915
3846,0.02527164000002813,25.27164000002813
3847,0.04893612999990182,48.93612999990182
3848,0.02290638099998432,22.90638099998432
3849,0.02155666899989228,21.55666899989228
3850,0.022370406999925763,22.370406999925763
3851,0.043593326000063826,43.593326000063826
3852,0.023650494999856164,23.650494999856164
3853,0.023446356000022206,23.446356000022206
3854,0.022216352999976152,22.216352999976152
3855,0.027281708999908005,27.281708999908005
3856,0.023052622000022893,23.052622000022893
3857,0.022860743000137518,22.860743000137518
3858,0.02123224799993295,21.23224799993295
3859,0.03414287400005378,34.14287400005378
3860,0.024810678999983793,24.810678999983793
3861,0.022274401999993643,22.274401999993643
3862,0.02274388499995439,22.74388499995439
3863,0.028341686999965532,28.341686999965532
3864,0.026705109999966226,26.705109999966226
3865,0.023147402999939004,23.147402999939004
3866,0.022459567000169045,22.459567000169045
3867,0.029104120000056355,29.104120000056355
3868,0.028603986000007353,28.603986000007353
3869,0.023385344999951485,23.385344999951485
3870,0.02131399799986866,21.31399799986866
3871,0.029347739999820988,29.347739999820988
3872,0.028118634000065867,28.118634000065867
3873,0.02172118499993303,21.72118499993303
3874,0.02229117000001679,22.29117000001679
3875,0.029282430999955977,29.282430999955977
3876,0.028027485000166052,28.027485000166052
3877,0.023605459999998857,23.605459999998857
3878,0.022684751000042525,22.684751000042525
3879,0.030476683999950183,30.476683999950183
3880,0.028528069999993022,28.528069999993022
3881,0.02253901099993527,22.53901099993527
3882,0.023367307999933473,23.367307999933473
3883,0.02987722600005327,29.87722600005327
3884,0.028254154000023846,28.254154000023846
3885,0.02176861800012375,21.76861800012375
3886,0.022134293999897636,22.134293999897636
3887,0.030043256999988444,30.043256999988444
3888,0.027415050000172414,27.415050000172414
3889,0.023362378000001627,23.362378000001627
3890,0.022836213000118732,22.836213000118732
3891,0.042050967000022865,42.050967000022865
3892,0.023021774999961053,23.021774999961053
3893,0.028190382000047975,28.190382000047975
3894,0.021316374999969412,21.316374999969412
3895,0.02960460500003137,29.60460500003137
3896,0.028398522000088633,28.398522000088633
3897,0.021786302999998952,21.786302999998952
3898,0.022329449999915596,22.329449999915596
3899,0.02602615799992236,26.02615799992236
3900,0.029493257000012818,29.493257000012818
3901,0.023306418999936795,23.306418999936795
3902,0.022751648999928875,22.751648999928875
3903,0.027330614999982572,27.330614999982572
3904,0.024507345999836616,24.507345999836616
3905,0.06914631299991925,69.14631299991925
3906,0.08097071599991068,80.97071599991068
3907,0.049644040999965,49.644040999965
3908,0.022804785999824162,22.804785999824162
3909,0.02178992499989363,21.78992499989363
3910,0.030683056000043507,30.683056000043507
3911,0.028392480999855252,28.392480999855252
3912,0.021682433000023593,21.682433000023593
3913,0.02265652799997042,22.65652799997042
3914,0.028572002999908364,28.572002999908364
3915,0.02870089399993958,28.70089399993958
3916,0.023484155000005558,23.484155000005558
3917,0.023306970000021465,23.306970000021465
3918,0.029107476000035604,29.107476000035604
3919,0.028455150999889156,28.455150999889156
3920,0.022591127000168854,22.591127000168854
3921,0.02134743399983563,21.34743399983563
3922,0.034492894000095475,34.492894000095475
3923,0.028715767999983655,28.715767999983655
3924,0.021679764000055002,21.679764000055002
3925,0.02220396300003813,22.20396300003813
3926,0.030797741000014867,30.797741000014867
3927,0.027895135000107985,27.895135000107985
3928,0.022526970999933837,22.526970999933837
3929,0.022186430000147084,22.186430000147084
3930,0.031065452000120786,31.065452000120786
3931,0.028500985999926343,28.500985999926343
3932,0.023294042000088666,23.294042000088666
3933,0.022316486000136138,22.316486000136138
3934,0.031552276000184065,31.552276000184065
3935,0.026200388999995994,26.200388999995994
3936,0.021717227000181083,21.717227000181083
3937,0.022487756999908015,22.487756999908015
3938,0.03126442100005988,31.264421000059883
3939,0.026186172000052466,26.186172000052466
3940,0.02264076999995268,22.64076999995268
3941,0.022212760999991588,22.212760999991588
3942,0.029997245000004114,29.997245000004114
3943,0.02797505800003819,27.97505800003819
3944,0.022870245999911276,22.870245999911276
3945,0.021322017000102278,21.322017000102278
3946,0.03150916899994627,31.50916899994627
3947,0.028817156000059185,28.817156000059185
3948,0.02230927799996607,22.30927799996607
3949,0.02282573599995885,22.82573599995885
3950,0.03245992000006481,32.45992000006481
3951,0.021887448999905246,21.887448999905246
3952,0.022635762999925646,22.635762999925646
3953,0.022150529000100505,22.150529000100505
3954,0.029913683999893692,29.913683999893692
3955,0.031073624000100608,31.073624000100608
3956,0.02751467699999921,27.51467699999921
3957,0.02308409500005837,23.08409500005837
3958,0.026484280000204308,26.484280000204308
3959,0.03111597800011623,31.11597800011623
3960,0.022237822999841228,22.237822999841228
3961,0.022666044000061447,22.666044000061447
3962,0.029730709999967075,29.730709999967075
3963,0.02756592700006877,27.56592700006877
3964,0.0232858589999978,23.2858589999978
3965,0.022746366000092166,22.746366000092166
3966,0.030524370999955863,30.524370999955863
3967,0.02836881800021729,28.36881800021729
3968,0.023303995000105715,23.303995000105715
3969,0.021444919000032314,21.444919000032314
3970,0.02809145600008378,28.09145600008378
3971,0.028602731000091808,28.602731000091808
3972,0.021992196000155673,21.992196000155673
3973,0.022700742000097307,22.700742000097307
3974,0.03934896700002355,39.34896700002355
3975,0.02235827499998777,22.35827499998777
3976,0.02319620399998712,23.19620399998712
3977,0.022878347999949256,22.878347999949256
3978,0.0410498070000358,41.0498070000358
3979,0.022845375000088097,22.845375000088097
3980,0.02252465299989126,22.52465299989126
3981,0.021551575999865236,21.551575999865236
3982,0.036455171999932645,36.455171999932645
3983,0.023199976000114475,23.199976000114475
3984,0.021946520999790664,21.946520999790664
3985,0.022124837000092157,22.124837000092157
3986,0.03400256100007937,34.00256100007937
3987,0.027949862000014036,27.949862000014036
3988,0.023199375000103828,23.199375000103828
3989,0.02267815100003645,22.67815100003645
3990,0.03669500700016215,36.69500700016215
3991,0.02397599599999012,23.97599599999012
3992,0.023082138000063424,23.082138000063424
3993,0.021817058999886285,21.817058999886285
3994,0.027015083000151208,27.015083000151208
3995,0.02744874300014999,27.44874300014999
3996,0.021710979999852498,21.710979999852498
3997,0.022064095999894562,22.064095999894562
3998,0.034424258999933954,34.424258999933954
3999,0.02373208699987117,23.73208699987117
4000,0.023992669999870486,23.992669999870486
4001,0.022898929000120916,22.898929000120916
4002,0.03010335099997974,30.10335099997974
4003,0.02811075600016011,28.11075600016011
4004,0.02259456899992074,22.59456899992074
4005,0.021621307000032175,21.621307000032175
4006,0.030140706000111095,30.140706000111095
4007,0.027992794000056165,27.992794000056165
4008,0.021862437999971007,21.862437999971007
4009,0.02219821099993169,22.19821099993169
4010,0.03391428399982033,33.91428399982033
4011,0.028282783000122436,28.282783000122436
4012,0.026360295000131373,26.360295000131373
4013,0.02285783199999969,22.85783199999969
4014,0.029165517999899748,29.16551799989975
4015,0.028852137000058065,28.852137000058065
4016,0.023383938000051785,23.383938000051785
4017,0.022347394000007625,22.347394000007625
4018,0.028823977000001832,28.823977000001832
4019,0.02776383400009763,27.76383400009763
4020,0.02167256399980033,21.67256399980033
4021,0.026710398999966856,26.710398999966856
4022,0.061262189999979455,61.262189999979455
4023,0.0238652269999875,23.8652269999875
4024,0.0246836799999528,24.6836799999528
4025,0.023904138000034436,23.904138000034436
4026,0.027449564000107785,27.449564000107785
4027,0.029184465000071214,29.184465000071214
4028,0.023529336999899897,23.529336999899897
4029,0.023464383999908023,23.464383999908023
4030,0.0472399340001175,47.2399340001175
4031,0.024077020999811793,24.077020999811793
4032,0.022439161999955104,22.439161999955104
4033,0.0248719380001603,24.8719380001603
4034,0.030992930999900636,30.992930999900636
4035,0.02678395099997033,26.78395099997033
4036,0.022624301000178093,22.624301000178093
4037,0.022294635999969614,22.294635999969614
4038,0.027790823999794156,27.790823999794156
4039,0.02771967100011352,27.71967100011352
4040,0.02253631000007772,22.53631000007772
4041,0.02126095600010558,21.26095600010558
4042,0.025955510999892795,25.955510999892795
4043,0.0308138919999692,30.8138919999692
4044,0.02239672500013512,22.39672500013512
4045,0.02454763799983084,24.54763799983084
4046,0.030123329999923953,30.123329999923953
4047,0.02797738100002789,27.97738100002789
4048,0.02323159200000191,23.23159200000191
4049,0.022590181999930792,22.590181999930792
4050,0.02822301400010474,28.22301400010474
4051,0.03147358399996847,31.47358399996847
4052,0.02336896700012403,23.36896700012403
4053,0.02182046200005061,21.82046200005061
4054,0.028509050999900865,28.509050999900865
4055,0.0268464819998826,26.8464819998826
4056,0.022357363999844893,22.357363999844893
4057,0.025058149000187768,25.05814900018777
4058,0.03001963299993804,30.01963299993804
4059,0.0273419659999945,27.3419659999945
4060,0.02313420100017538,23.13420100017538
4061,0.022874913000123342,22.874913000123342
4062,0.02728550599999835,27.28550599999835
4063,0.02840797199996814,28.40797199996814
4064,0.02260775099989587,22.60775099989587
4065,0.021206130999871675,21.206130999871675
4066,0.03545459899987691,35.45459899987691
4067,0.02830922299995109,28.30922299995109
4068,0.021561578999808262,21.561578999808262
4069,0.022095098999898255,22.095098999898255
4070,0.030908608000117965,30.908608000117965
4071,0.0276047950001157,27.6047950001157
4072,0.023235459000034098,23.235459000034098
4073,0.022760489000120288,22.760489000120288
4074,0.03045795600019119,30.45795600019119
4075,0.02842301900000166,28.42301900000166
4076,0.022667753999940032,22.667753999940032
4077,0.021240780999960407,21.240780999960407
4078,0.031191617000104088,31.191617000104088
4079,0.02783121399988886,27.83121399988886
4080,0.02160278099995594,21.60278099995594
4081,0.02211491000002752,22.11491000002752
4082,0.030805467000163844,30.805467000163844
4083,0.02680110699998295,26.80110699998295
4084,0.023179074000154287,23.179074000154287
4085,0.023179258000027403,23.179258000027403
4086,0.03349932099990838,33.49932099990838
4087,0.024824686000101792,24.824686000101792
4088,0.02308332400002655,23.08332400002655
4089,0.021348145000047225,21.348145000047225
4090,0.030833168999834015,30.833168999834015
4091,0.028999305000070308,28.999305000070308
4092,0.02165197999988777,21.65197999988777
4093,0.022156734999953187,22.156734999953187
4094,0.030220621000125902,30.220621000125902
4095,0.02722701099992264,27.22701099992264
4096,0.023310231000095882,23.310231000095882
4097,0.022661607999907574,22.661607999907574
4098,0.03052903000002516,30.52903000002516
4099,0.02705714600006104,27.05714600006104
4100,0.02343131399993581,23.43131399993581
4101,0.021987102000139203,21.987102000139203
4102,0.031189541000003373,31.189541000003373
4103,0.02452873000015643,24.52873000015643
4104,0.02209055100001933,22.09055100001933
4105,0.02277688300000591,22.77688300000591
4106,0.03085932700014382,30.85932700014382
4107,0.025351702000079968,25.351702000079968
4108,0.023147525000013047,23.147525000013047
4109,0.02271625999992466,22.71625999992466
4110,0.029074369999989358,29.074369999989358
4111,0.028355672000088816,28.355672000088816
4112,0.02309292099994309,23.09292099994309
4113,0.02122228999996878,21.22228999996878
4114,0.029605205000052592,29.605205000052592
4115,0.027932404000011957,27.932404000011957
4116,0.021781054000030053,21.781054000030053
4117,0.022097427999824504,22.097427999824504
4118,0.02804583400006777,28.04583400006777
4119,0.029010922999987088,29.010922999987088
4120,0.02314663299989661,23.14663299989661
4121,0.02269061300012254,22.69061300012254
4122,0.027815643999929307,27.815643999929307
4123,0.03673370299998169,36.73370299998169
4124,0.027330624000114767,27.330624000114767
4125,0.021921549000126106,21.921549000126106
4126,0.027364950999981374,27.364950999981374
4127,0.030804020999994464,30.804020999994464
4128,0.020230569999966974,20.230569999966974
4129,0.02060400999994272,20.60400999994272
4130,0.02682867599992278,26.82867599992278
4131,0.03224772900011885,32.24772900011885
4132,0.02106194099997083,21.06194099997083
4133,0.021627520000038203,21.627520000038203
4134,0.029232821000050535,29.232821000050535
4135,0.02596425799993085,25.96425799993085
4136,0.022358781000093586,22.358781000093586
4137,0.020379727000090497,20.379727000090497
4138,0.03280177100009496,32.80177100009496
4139,0.027313027999980477,27.313027999980477
4140,0.02043456100000185,20.43456100000185
4141,0.020928948000118908,20.928948000118908
4142,0.030201988000044366,30.201988000044366
4143,0.026746532000061052,26.746532000061052
4144,0.020793524000055186,20.793524000055186
4145,0.0206550469999911,20.6550469999911
4146,0.02665307200004463,26.65307200004463
4147,0.03420792799988703,34.20792799988703
4148,0.02162252199991599,21.62252199991599
4149,0.020290852000016457,20.290852000016457
4150,0.02983709499994802,29.83709499994802
4151,0.02217263600005026,22.17263600005026
4152,0.020700860000033572,20.700860000033572
4153,0.021491178999895055,21.491178999895055
4154,0.03395096899998862,33.95096899998862
4155,0.025713396999890392,25.713396999890392
4156,0.020839824999939083,20.839824999939083
4157,0.021357442999942577,21.357442999942577
4158,0.029513242999883005,29.513242999883005
4159,0.027732983000078093,27.732983000078093
4160,0.021449986000106946,21.449986000106946
4161,0.020449404000146387,20.449404000146387
4162,0.02774691000013263,27.74691000013263
4163,0.030350257999998576,30.350257999998576
4164,0.02037306100010028,20.37306100010028
4165,0.021230944999842905,21.230944999842905
4166,0.0304572879999796,30.4572879999796
4167,0.021047753999937413,21.047753999937413
4168,0.021650680999982796,21.650680999982796
4169,0.020326306000015393,20.326306000015393
4170,0.029191766999929314,29.191766999929314
4171,0.027943788999891694,27.943788999891694
4172,0.02101928100000805,21.01928100000805
4173,0.01947770100014168,19.47770100014168
4174,0.029037631000164765,29.037631000164765
4175,0.021933506000095804,21.933506000095804
4176,0.021020679999992353,21.020679999992353
4177,0.03071958599980462,30.71958599980462
4178,0.030123222000156602,30.123222000156602
4179,0.038437974000089525,38.437974000089525
4180,0.02720672899999954,27.20672899999954
4181,0.03841447399986464,38.41447399986464
4182,0.04177667499993731,41.77667499993731
4183,0.023435012999925675,23.435012999925675
4184,0.021081329000026017,21.081329000026017
4185,0.019548698999869885,19.548698999869885
4186,0.03249217100005808,32.49217100005808
4187,0.027211134999788555,27.211134999788555
4188,0.020589391000157775,20.589391000157775
4189,0.02114400499999647,21.14400499999647
4190,0.03081532999999581,30.81532999999581
4191,0.027179152999906364,27.179152999906364
4192,0.02166728200018042,21.66728200018042
4193,0.02091523900003267,20.91523900003267
4194,0.02711798999985149,27.11798999985149
4195,0.03027240400001574,30.27240400001574
4196,0.02147648699997262,21.47648699997262
4197,0.02020787800006474,20.20787800006474
4198,0.03028825399997004,30.28825399997004
4199,0.02191952099997252,21.91952099997252
4200,0.020040459000028932,20.04045900002893
4201,0.020404373000019405,20.404373000019405
4202,0.029963113000121666,29.963113000121666
4203,0.02656189499998618,26.56189499998618
4204,0.021050873999911346,21.050873999911346
4205,0.021395593999841367,21.395593999841367
4206,0.026979314000072918,26.979314000072918
4207,0.03008177199990314,30.08177199990314
4208,0.02176875000009204,21.76875000009204
4209,0.020171191000144972,20.171191000144972
4210,0.029702969000027224,29.702969000027224
4211,0.021919385000046532,21.919385000046532
4212,0.02037745999996332,20.37745999996332
4213,0.021366118999821992,21.366118999821992
4214,0.033955758000047354,33.955758000047354
4215,0.02619004300004235,26.19004300004235
4216,0.020934448999923916,20.934448999923916
4217,0.02059709400009524,20.59709400009524
4218,0.03087584400009291,30.87584400009291
4219,0.028679053999894677,28.679053999894677
4220,0.02129308200005653,21.29308200005653
4221,0.022742974999800936,22.742974999800936
4222,0.03156471399984184,31.564713999841842
4223,0.027741788999946948,27.741788999946948
4224,0.020815238000068348,20.815238000068348
4225,0.021102099000017915,21.102099000017915
4226,0.027445279000176015,27.445279000176015
4227,0.029036202999805028,29.036202999805028
4228,0.021551179999960368,21.551179999960368
4229,0.021157166000193683,21.157166000193683
4230,0.028732095999885132,28.732095999885132
4231,0.02431783399993037,24.31783399993037
4232,0.021036918999925547,21.036918999925547
4233,0.019541487999958917,19.541487999958917
4234,0.030606725000097867,30.606725000097867
4235,0.026847547999977905,26.847547999977905
4236,0.020066099999894504,20.066099999894504
4237,0.020449712000072395,20.449712000072395
4238,0.029225526000118407,29.225526000118407
4239,0.0211074810001719,21.1074810001719
4240,0.021584496000059517,21.584496000059517
4241,0.022561299000017243,22.561299000017243
4242,0.033500546999903236,33.500546999903236
4243,0.02732371100000819,27.32371100000819
4244,0.021403165000037916,21.403165000037916
4245,0.020057833999999275,20.057833999999275
4246,0.0316510019999896,31.651001999989603
4247,0.02721656099993197,27.21656099993197
4248,0.02007134199993743,20.07134199993743
4249,0.020686153000042395,20.686153000042395
4250,0.02679670900010933,26.79670900010933
4251,0.028727167999932135,28.727167999932135
4252,0.021514757999966605,21.514757999966605
4253,0.02146568299986029,21.46568299986029
4254,0.029221440000128496,29.221440000128496
4255,0.02389227599996957,23.89227599996957
4256,0.023911894000093525,23.911894000093525
4257,0.020347388999880422,20.347388999880422
4258,0.034215588000051866,34.215588000051866
4259,0.02522200199996405,25.22200199996405
4260,0.020637203000205773,20.637203000205773
4261,0.021078732999967542,21.078732999967542
4262,0.0335545909999837,33.5545909999837
4263,0.0265192389999811,26.5192389999811
4264,0.021070809000093504,21.070809000093504
4265,0.020358084000008603,20.358084000008603
4266,0.026407564000010098,26.407564000010098
4267,0.030893581000100312,30.893581000100312
4268,0.021504196000023512,21.504196000023512
4269,0.020084521999933713,20.084521999933713
4270,0.02962651900020319,29.62651900020319
4271,0.02210475900005804,22.10475900005804
4272,0.020434472000033566,20.434472000033566
4273,0.020872002000032808,20.872002000032808
4274,0.03217248400005701,32.17248400005701
4275,0.026892959999941013,26.892959999941013
4276,0.021523005000062767,21.523005000062767
4277,0.020483171000023503,20.483171000023503
4278,0.03114967000010438,31.14967000010438
4279,0.027403533999859064,27.403533999859064
4280,0.02075755900000331,20.75755900000331
4281,0.01985833999992792,19.85833999992792
4282,0.030987396000000444,30.987396000000444
4283,0.022495816999935414,22.495816999935414
4284,0.02197258099999999,21.97258099999999
4285,0.02117354899996826,21.17354899996826
4286,0.03424112199991214,34.24112199991214
4287,0.02578590999996777,25.78590999996777
4288,0.02176243999997496,21.76243999997496
4289,0.02109044000007998,21.09044000007998
4290,0.030631563999804712,30.631563999804712
4291,0.029126485999995566,29.126485999995566
4292,0.021045201000106317,21.045201000106317
4293,0.01950031699993815,19.50031699993815
4294,0.03457296200008386,34.57296200008386
4295,0.026986461999968014,26.986461999968014
4296,0.020582970000077694,20.582970000077694
4297,0.020972458000187544,20.972458000187544
4298,0.03432188600004338,34.32188600004338
4299,0.03058057699990968,30.58057699990968
4300,0.024008544000025722,24.008544000025722
4301,0.0212769700001445,21.2769700001445
4302,0.03099682499987466,30.99682499987466
4303,0.027934194000181378,27.934194000181378
4304,0.021431076999988363,21.431076999988363
4305,0.02010254300012093,20.10254300012093
4306,0.03008348899993507,30.08348899993507
4307,0.028123880999828543,28.123880999828543
4308,0.020508260000042355,20.508260000042355
4309,0.02129913499993563,21.29913499993563
4310,0.027464818999987983,27.464818999987983
4311,0.030167527000003247,30.167527000003247
4312,0.021319880999953966,21.319880999953966
4313,0.02123319499992249,21.23319499992249
4314,0.028774359999943044,28.774359999943044
4315,0.021924545000047146,21.924545000047146
4316,0.02152416700005233,21.52416700005233
4317,0.02093879700009893,20.93879700009893
4318,0.03096758900005625,30.96758900005625
4319,0.026822767000112435,26.822767000112435
4320,0.020046505999971487,20.046505999971487
4321,0.02064512900005866,20.64512900005866
4322,0.026804301999845848,26.804301999845848
4323,0.029722795999987284,29.722795999987284
4324,0.021735810000109268,21.735810000109268
4325,0.024145624000084354,24.145624000084354
4326,0.02574328300011075,25.74328300011075
4327,0.03193106799994894,31.931067999948937
4328,0.02136110599985841,21.36110599985841
4329,0.020652740999821617,20.652740999821617
4330,0.027807903000166334,27.807903000166334
4331,0.030622442999856503,30.622442999856503
4332,0.020447802000035153,20.447802000035153
4333,0.021333770000182994,21.333770000182994
4334,0.029227991999960068,29.227991999960068
4335,0.022964415000160443,22.964415000160443
4336,0.020911417999968762,20.911417999968762
4337,0.02035155900011887,20.35155900011887
4338,0.02820077800015497,28.20077800015497
4339,0.029500518000077136,29.500518000077136
4340,0.021523081999930582,21.523081999930582
4341,0.020070319999831554,20.070319999831554
4342,0.03252381399988735,32.52381399988735
4343,0.022151382999936686,22.151382999936686
4344,0.020423592999804896,20.423592999804896
4345,0.02111510100007763,21.11510100007763
4346,0.03296272399984446,32.96272399984446
4347,0.027067020999993474,27.067020999993474
4348,0.02102232700008244,21.02232700008244
4349,0.020508579000079408,20.508579000079408
4350,0.029892008000160786,29.892008000160786
4351,0.027229452000028687,27.229452000028687
4352,0.021473067999977502,21.473067999977502
4353,0.01973200099996575,19.73200099996575
4354,0.02781922099984513,27.81922099984513
4355,0.02957412699993256,29.57412699993256
4356,0.020662117000028957,20.662117000028957
4357,0.021295735999956378,21.295735999956378
4358,0.0345136570001614,34.5136570001614
4359,0.04228600600004029,42.28600600004029
4360,0.02543833499998982,25.43833499998982
4361,0.020747111999980916,20.747111999980916
4362,0.027483233999873846,27.483233999873846
4363,0.026847778999808725,26.847778999808725
4364,0.02140879200010204,21.40879200010204
4365,0.019853968000006716,19.853968000006716
4366,0.029336736999994173,29.336736999994173
4367,0.025726609999992434,25.726609999992434
4368,0.021326434000002337,21.326434000002337
4369,0.02721374099996865,27.21374099996865
4370,0.03241687300010199,32.41687300010199
4371,0.033235593999961566,33.235593999961566
4372,0.02963584299982358,29.63584299982358
4373,0.027710540000043693,27.710540000043693
4374,0.047853106000047774,47.853106000047774
4375,0.02476922799996828,24.76922799996828
4376,0.024996220999810248,24.996220999810248
4377,0.022214142000166248,22.214142000166248
4378,0.028888861000041288,28.888861000041288
4379,0.02853435199995147,28.53435199995147
4380,0.0249550610001279,24.9550610001279
4381,0.024082259999886446,24.082259999886446
4382,0.04332406499997887,43.32406499997887
4383,0.022494208000125582,22.49420800012558
4384,0.02330649599980461,23.30649599980461
4385,0.022704647999944427,22.704647999944427
4386,0.02917852599989601,29.17852599989601
4387,0.028565608999997494,28.565608999997494
4388,0.023264020999931745,23.264020999931745
4389,0.02117169100006322,21.17169100006322
4390,0.02542991800009986,25.42991800009986
4391,0.03202732899990224,32.02732899990224
4392,0.021897709999848303,21.897709999848303
4393,0.023145520999833025,23.145520999833025
4394,0.027678634000039892,27.678634000039892
4395,0.030551259000048958,30.551259000048958
4396,0.023193271999844,23.193271999844
4397,0.022757724000030066,22.757724000030066
4398,0.02805700999988403,28.05700999988403
4399,0.02897603800010984,28.97603800010984
4400,0.022701976000007562,22.701976000007562
4401,0.021441979999963223,21.441979999963223
4402,0.023263855000095646,23.263855000095646
4403,0.03253550599993105,32.53550599993105
4404,0.02432533800015335,24.32533800015335
4405,0.023106396999992285,23.106396999992285
4406,0.02875981499983027,28.75981499983027
4407,0.028524314000151207,28.524314000151207
4408,0.0232171190000372,23.2171190000372
4409,0.02266087799989691,22.66087799989691
4410,0.02665434899995489,26.65434899995489
4411,0.02990353099994536,29.90353099994536
4412,0.02283154699989609,22.83154699989609
4413,0.021250444000088464,21.250444000088464
4414,0.025825576999977784,25.825576999977784
4415,0.03099923700006002,30.99923700006002
4416,0.022217294000029142,22.217294000029142
4417,0.022746399999959976,22.746399999959976
4418,0.028409406000037052,28.409406000037052
4419,0.02987530399991556,29.87530399991556
4420,0.023225111000101606,23.225111000101606
4421,0.022675936999803525,22.675936999803525
4422,0.027598268000019743,27.598268000019743
4423,0.029969131000143534,29.969131000143534
4424,0.023916338999924847,23.916338999924847
4425,0.021214522000036595,21.214522000036595
4426,0.026811403000010614,26.811403000010614
4427,0.030337493999923026,30.337493999923026
4428,0.021747086000004856,21.747086000004856
4429,0.022088847000077294,22.088847000077294
4430,0.025550945999839314,25.550945999839314
4431,0.03028996900002312,30.28996900002312
4432,0.023046511000075043,23.046511000075043
4433,0.022877888000039093,22.877888000039093
4434,0.025336742000035883,25.336742000035883
4435,0.03103534000001673,31.03534000001673
4436,0.02309955800001262,23.09955800001262
4437,0.021878984000068158,21.878984000068158
4438,0.026150874999984808,26.150874999984808
4439,0.03163822400006211,31.63822400006211
4440,0.022351993000029324,22.351993000029324
4441,0.022967157999801202,22.967157999801202
4442,0.02916502700009005,29.16502700009005
4443,0.02759803000003558,27.59803000003558
4444,0.02252020000014454,22.52020000014454
4445,0.02210175999994135,22.10175999994135
4446,0.024876805000076274,24.876805000076274
4447,0.03227611499983141,32.27611499983141
4448,0.023621963999858053,23.621963999858053
4449,0.021851502000117762,21.851502000117762
4450,0.0289290749999509,28.9290749999509
4451,0.02935126199986371,29.35126199986371
4452,0.02204237299997658,22.04237299997658
4453,0.022340554000038537,22.340554000038537
4454,0.028557759000022997,28.557759000022997
4455,0.029805244999806746,29.805244999806746
4456,0.023073736000014833,23.073736000014833
4457,0.022689309000043067,22.689309000043067
4458,0.03126500300004409,31.26500300004409
4459,0.028593586999932086,28.593586999932086
4460,0.02386714999988726,23.86714999988726
4461,0.021840514000132316,21.840514000132316
4462,0.03619072000014967,36.19072000014967
4463,0.023142516999996587,23.142516999996587
4464,0.021758357000180695,21.758357000180695
4465,0.02273315800016462,22.73315800016462
4466,0.032084205000046495,32.084205000046495
4467,0.024680477999936556,24.680477999936556
4468,0.023820528999976887,23.820528999976887
4469,0.022969791000150508,22.969791000150508
4470,0.025199597999971957,25.199597999971957
4471,0.041765313999803766,41.765313999803766
4472,0.02433133399995313,24.33133399995313
4473,0.02275865599995086,22.75865599995086
4474,0.032024975000013,32.024975000013
4475,0.023448729000165258,23.448729000165258
4476,0.022354339000003165,22.354339000003165
4477,0.02270829999997659,22.70829999997659
4478,0.03285660100004861,32.85660100004861
4479,0.022512346999974397,22.512346999974397
4480,0.023737880999988192,23.737880999988192
4481,0.02270625000005566,22.70625000005566
4482,0.03852405199995701,38.52405199995701
4483,0.023294609999993554,23.294609999993554
4484,0.02252941100005046,22.52941100005046
4485,0.0212255459998687,21.2255459998687
4486,0.02741006099995502,27.41006099995502
4487,0.024910585000043284,24.910585000043284
4488,0.022248144000059256,22.248144000059256
4489,0.022163094999996247,22.163094999996247
4490,0.029614076999905592,29.614076999905592
4491,0.027237604999982068,27.237604999982068
4492,0.023172724999994898,23.172724999994898
4493,0.0227994019999187,22.7994019999187
4494,0.03079844800004139,30.79844800004139
4495,0.02846752799996466,28.46752799996466
4496,0.02325293299986697,23.25293299986697
4497,0.021844256999884237,21.844256999884237
4498,0.03075897700000496,30.75897700000496
4499,0.027223447999858763,27.223447999858763
4500,0.022368118000031245,22.368118000031245
4501,0.02295949099993777,22.95949099993777
4502,0.03129119899995203,31.29119899995203
4503,0.024308075999897483,24.308075999897483
4504,0.022660220000034315,22.660220000034315
4505,0.02220789800003331,22.20789800003331
4506,0.02851562199998625,28.51562199998625
4507,0.027908758999956262,27.908758999956262
4508,0.022662720999960584,22.662720999960584
4509,0.021723686000086673,21.723686000086673
4510,0.02798284200002854,27.98284200002854
4511,0.027978683000128513,27.978683000128513
4512,0.02236987599985696,22.36987599985696
4513,0.022710279999955674,22.710279999955674
4514,0.0286139469999398,28.6139469999398
4515,0.028153466000048866,28.153466000048866
4516,0.023159671000030357,23.159671000030357
4517,0.022156915000095978,22.156915000095978
4518,0.02661438400014049,26.61438400014049
4519,0.030459476000032737,30.459476000032737
4520,0.0229255720000765,22.9255720000765
4521,0.02125569899999391,21.25569899999391
4522,0.026046387999940634,26.046387999940634
4523,0.02890725600013866,28.90725600013866
4524,0.02821679499993479,28.21679499993479
4525,0.0262706750002053,26.2706750002053
4526,0.02485923799986267,24.85923799986267
4527,0.044957234999856155,44.957234999856155
4528,0.03867213599983188,38.67213599983188
4529,0.02553116800004318,25.53116800004318
4530,0.033445826999923156,33.445826999923156
4531,0.02373271700002988,23.73271700002988
4532,0.02336039399983747,23.36039399983747
4533,0.02191106400005083,21.91106400005083
4534,0.02775597699996979,27.75597699996979
4535,0.027799538999943252,27.799538999943252
4536,0.02220539999984794,22.20539999984794
4537,0.02274474600017129,22.74474600017129
4538,0.03124488900016331,31.24488900016331
4539,0.023980181999831984,23.980181999831984
4540,0.023200336999934734,23.200336999934734
4541,0.022910670000101163,22.910670000101163
4542,0.029793256999937512,29.793256999937512
4543,0.028608609000002616,28.608609000002616
4544,0.023246961000040756,23.246961000040756
4545,0.02237160100003166,22.37160100003166
4546,0.03051590900008705,30.51590900008705
4547,0.024580220999951052,24.580220999951052
4548,0.021603279000146358,21.603279000146358
4549,0.022684092000190503,22.684092000190503
4550,0.025000240000053964,25.000240000053964
4551,0.03149497699996573,31.49497699996573
4552,0.02304018800009544,23.04018800009544
4553,0.02248531100008222,22.48531100008222
4554,0.027777622000030533,27.777622000030533
4555,0.02792341100007434,27.92341100007434
4556,0.024999128999979803,24.999128999979803
4557,0.02203052300001218,22.03052300001218
4558,0.0300772620000771,30.0772620000771
4559,0.02879891299994597,28.79891299994597
4560,0.022332387999995262,22.332387999995262
4561,0.022251462999975047,22.251462999975047
4562,0.03044575800004168,30.44575800004168
4563,0.028088948000004166,28.088948000004166
4564,0.022723229999883188,22.723229999883188
4565,0.022175001000050543,22.175001000050543
4566,0.028630446000079246,28.630446000079246
4567,0.028358780999951705,28.358780999951705
4568,0.023229226000012204,23.229226000012204
4569,0.022111980000090625,22.111980000090625
4570,0.029727374000003692,29.727374000003692
4571,0.0286078340000131,28.6078340000131
4572,0.022215630999880887,22.215630999880887
4573,0.02231324800004586,22.31324800004586
4574,0.028160298999864608,28.160298999864608
4575,0.02720865900005265,27.20865900005265
4576,0.022973772000113968,22.973772000113968
4577,0.022110781999799656,22.110781999799656
4578,0.02767699400010315,27.67699400010315
4579,0.028901915999995254,28.901915999995254
4580,0.023193363000018508,23.193363000018508
4581,0.021916680000003907,21.916680000003907
4582,0.02911998800004767,29.11998800004767
4583,0.024707308999950328,24.707308999950328
4584,0.12572821999992811,125.72821999992811
4585,0.04199940000012248,41.99940000012248
4586,0.026986381999904552,26.98638199990455
4587,0.030102099000032467,30.102099000032467
4588,0.023212129000057757,23.212129000057757
4589,0.022796530000050552,22.796530000050552
4590,0.026196323000021948,26.19632300002195
4591,0.030542338000032032,30.542338000032032
4592,0.02320372999997744,23.20372999997744
4593,0.0215201779999461,21.5201779999461
4594,0.025663220999831537,25.663220999831537
4595,0.031253116000016234,31.253116000016234
4596,0.022176861000161807,22.176861000161807
4597,0.022185411999998905,22.185411999998905
4598,0.026736793999816655,26.736793999816655
4599,0.029309298000043782,29.309298000043782
4600,0.023517847999983132,23.517847999983132
4601,0.022934275000125126,22.934275000125126
4602,0.025582176999932926,25.582176999932926
4603,0.030524685000045793,30.524685000045793
4604,0.022792452999965462,22.792452999965462
4605,0.021312891000206946,21.312891000206946
4606,0.025586271000065608,25.586271000065608
4607,0.032145197000090775,32.145197000090775
4608,0.022246638000069652,22.24663800006965
4609,0.02286600399997951,22.86600399997951
4610,0.028587144000084663,28.587144000084663
4611,0.02767285400000219,27.67285400000219
4612,0.023385456000141858,23.385456000141858
4613,0.022384720999980345,22.384720999980345
4614,0.02531463100012843,25.31463100012843
4615,0.028586864000089918,28.586864000089918
4616,0.022669618000008995,22.669618000008995
4617,0.021373577999838744,21.373577999838744
4618,0.025861001000066608,25.861001000066608
4619,0.03419644300015534,34.19644300015534
4620,0.022349454999812224,22.349454999812224
4621,0.022741502999906515,22.741502999906515
4622,0.027677456999981587,27.677456999981587
4623,0.030586507999942114,30.586507999942114
4624,0.02325565599994661,23.25565599994661
4625,0.022366657000020496,22.366657000020496
4626,0.02702920299998368,27.02920299998368
4627,0.030757383000036498,30.757383000036498
4628,0.02276264900001479,22.76264900001479
4629,0.021267867000005936,21.267867000005936
4630,0.02573722299985093,25.73722299985093
4631,0.031253504000005705,31.253504000005705
4632,0.022146557000041867,22.146557000041867
4633,0.02289925500008394,22.89925500008394
4634,0.02881344000002173,28.81344000002173
4635,0.03174891200001184,31.748912000011842
4636,0.026185459999851446,26.185459999851446
4637,0.023156861999950706,23.156861999950706
4638,0.030886922000036066,30.886922000036066
4639,0.02714555600005042,27.14555600005042
4640,0.023264937000021746,23.264937000021746
4641,0.021914170000172817,21.914170000172817
4642,0.03162439799984895,31.624397999848952
4643,0.02343600300014259,23.43600300014259
4644,0.022271304000014425,22.271304000014425
4645,0.02214821600000505,22.14821600000505
4646,0.029957574000036402,29.957574000036402
4647,0.028046302000120704,28.046302000120704
4648,0.022855915000036475,22.855915000036475
4649,0.022172457000124268,22.17245700012427
4650,0.02990026699990267,29.90026699990267
4651,0.02864330899978995,28.64330899978995
4652,0.025272892999964824,25.272892999964824
4653,0.02217467199989187,22.17467199989187
4654,0.0323922439999933,32.3922439999933
4655,0.023528753999926266,23.528753999926266
4656,0.022261918000140213,22.261918000140213
4657,0.022923018000028605,22.923018000028605
4658,0.03127605700001368,31.27605700001368
4659,0.02375049600004786,23.75049600004786
4660,0.023468054999966625,23.468054999966625
4661,0.02229724299991176,22.29724299991176
4662,0.030013396999947872,30.013396999947872
4663,0.028057576000037443,28.057576000037443
4664,0.022627777999787213,22.627777999787213
4665,0.021442881000211855,21.442881000211855
4666,0.029618122999863772,29.618122999863772
4667,0.028681916999858004,28.681916999858004
4668,0.022655450999991444,22.655450999991444
4669,0.022802188000014212,22.802188000014212
4670,0.03058008399989376,30.58008399989376
4671,0.027440461999958643,27.440461999958643
4672,0.02322256299999026,23.22256299999026
4673,0.022247420999974565,22.247420999974565
4674,0.028403052000157913,28.403052000157913
4675,0.028031253000108336,28.031253000108336
4676,0.022657570000092164,22.657570000092164
4677,0.02129896299993561,21.29896299993561
4678,0.02926467799989041,29.26467799989041
4679,0.027920834999804356,27.920834999804356
4680,0.02238770700000714,22.38770700000714
4681,0.022826133000080517,22.826133000080517
4682,0.03071662699994704,30.71662699994704
4683,0.027872989000115922,27.872989000115922
4684,0.022947024000131933,22.947024000131933
4685,0.022086568000077023,22.086568000077023
4686,0.03214700500006984,32.14700500006984
4687,0.028608034999933807,28.608034999933807
4688,0.02365325899995696,23.65325899995696
4689,0.021942672000022867,21.942672000022867
4690,0.03000633400006336,30.00633400006336
4691,0.029073157999846444,29.073157999846444
4692,0.02289011599987134,22.89011599987134
4693,0.02495290299998487,24.95290299998487
4694,0.028576332000056937,28.576332000056937
4695,0.02539205099992614,25.39205099992614
4696,0.02359794700009843,23.59794700009843
4697,0.022839521000150853,22.839521000150853
4698,0.03048778900006255,30.48778900006255
4699,0.025568710000015926,25.568710000015926
4700,0.02324060000000827,23.24060000000827
4701,0.02214675699997315,22.14675699997315
4702,0.03345852200004629,33.45852200004629
4703,0.02423546299996815,24.23546299996815
4704,0.033538737000071706,33.538737000071706
4705,0.030574183999988236,30.574183999988236
4706,0.04984768700001041,49.84768700001041
4707,0.021299858000020322,21.299858000020322
4708,0.021456062999959613,21.456062999959613
4709,0.02045620199987752,20.45620199987752
4710,0.04309423099994092,43.09423099994092
4711,0.02941700199994557,29.41700199994557
4712,0.029275189999907525,29.275189999907525
4713,0.025508564000119804,25.508564000119804
4714,0.035921331000054124,35.921331000054124
4715,0.02746638400003576,27.46638400003576
4716,0.020773914000074,20.773914000074
4717,0.025145563000023685,25.145563000023685
4718,0.034526168999946094,34.526168999946094
4719,0.025234389999923224,25.234389999923224
4720,0.021319920999985698,21.319920999985698
4721,0.020523596999964866,20.523596999964866
4722,0.03497801799994704,34.97801799994704
4723,0.02719334199991863,27.19334199991863
4724,0.021001222999984748,21.001222999984748
4725,0.019696086000067226,19.696086000067226
4726,0.040985751000107484,40.985751000107484
4727,0.025226708999980474,25.226708999980474
4728,0.022623234000093362,22.623234000093362
4729,0.022862568000164174,22.862568000164174
4730,0.032223917999999685,32.223917999999685
4731,0.02296698700001798,22.96698700001798
4732,0.02328603999990264,23.28603999990264
4733,0.02304372000003241,23.04372000003241
4734,0.030715382000153113,30.715382000153113
4735,0.02405876299985721,24.05876299985721
4736,0.0246106739998595,24.6106739998595
4737,0.023122785999930784,23.122785999930784
4738,0.028707141000040792,28.707141000040792
4739,0.02370419699991544,23.70419699991544
4740,0.022792669999944337,22.792669999944337
4741,0.022294009000006554,22.294009000006554
4742,0.03166740899996512,31.66740899996512
4743,0.024004027000046335,24.004027000046335
4744,0.023275085000022955,23.275085000022955
4745,0.022838226999965627,22.838226999965627
4746,0.02932041000008212,29.32041000008212
4747,0.028091780000067956,28.091780000067956
4748,0.023551190000034694,23.551190000034694
4749,0.021486825000010867,21.486825000010867
4750,0.030884920000062266,30.884920000062266
4751,0.02797197499990034,27.97197499990034
4752,0.021689293000008547,21.689293000008547
4753,0.022333814999910828,22.333814999910828
4754,0.029886910999948668,29.886910999948668
4755,0.027799937000054342,27.799937000054342
4756,0.023278884000092148,23.278884000092148
4757,0.02286747099992681,22.86747099992681
4758,0.02925234700001056,29.25234700001056
4759,0.028842114000099173,28.842114000099173
4760,0.02269846200010761,22.69846200010761
4761,0.02150092500005485,21.50092500005485
4762,0.029781907999904433,29.781907999904433
4763,0.02865962300006686,28.65962300006686
4764,0.021966921000057482,21.966921000057482
4765,0.02277707600001122,22.77707600001122
4766,0.041298573000176475,41.298573000176475
4767,0.02267427900005714,22.67427900005714
4768,0.023633311999901707,23.633311999901707
4769,0.022502234000057797,22.502234000057797
4770,0.030771876000017073,30.771876000017073
4771,0.023541481999927782,23.541481999927782
4772,0.023250234999977692,23.250234999977692
4773,0.021967209000194998,21.967209000195
4774,0.02803913200000352,28.03913200000352
4775,0.025349521999942226,25.349521999942226
4776,0.022400346000040372,22.400346000040372
4777,0.022349903999838716,22.349903999838716
4778,0.03128015299989784,31.280152999897837
4779,0.024072920999969938,24.072920999969938
4780,0.023378011999966475,23.378011999966475
4781,0.022900582999909602,22.900582999909602
4782,0.029785610000089946,29.785610000089946
4783,0.027574451999953453,27.574451999953453
4784,0.023312215000032666,23.312215000032666
4785,0.02149499300003299,21.49499300003299
4786,0.03076030800002627,30.76030800002627
4787,0.026676629000121466,26.676629000121466
4788,0.022545415999957186,22.545415999957186
4789,0.02307233500005168,23.07233500005168
4790,0.025972452999894813,25.972452999894813
4791,0.033148060000030455,33.148060000030455
4792,0.02341299800013985,23.41299800013985
4793,0.02299650500003736,22.99650500003736
4794,0.028455278000137696,28.455278000137696
4795,0.02376953899988621,23.76953899988621
4796,0.02313239200020689,23.13239200020689
4797,0.021507261999886396,21.507261999886396
4798,0.030164709000018775,30.164709000018775
4799,0.028246947000070577,28.246947000070577
4800,0.022008955000046626,22.008955000046626
4801,0.022309997999855113,22.309997999855113
4802,0.04022362999990037,40.22362999990037
4803,0.022854613999925277,22.854613999925277
4804,0.025600565999866376,25.600565999866376
4805,0.023817174999976487,23.817174999976487
4806,0.03063976799990087,30.63976799990087
4807,0.02931150900008106,29.31150900008106
4808,0.02331352200008041,23.31352200008041
4809,0.022414957000137292,22.414957000137292
4810,0.024236928999926022,24.236928999926022
4811,0.032624562999899354,32.624562999899354
4812,0.022274239000125817,22.274239000125817
4813,0.022572728999875835,22.572728999875835
4814,0.02907029500011049,29.07029500011049
4815,0.027316294000002017,27.316294000002017
4816,0.023102330000028815,23.102330000028815
4817,0.023230922000038845,23.230922000038845
4818,0.028242617999922004,28.242617999922004
4819,0.028079672000103528,28.07967200010353
4820,0.023362878000170895,23.362878000170895
4821,0.022102556999925582,22.102556999925582
4822,0.030320099999926242,30.320099999926242
4823,0.029070022000041718,29.070022000041718
4824,0.02186788699987119,21.86788699987119
4825,0.02225009000017053,22.25009000017053
4826,0.028462112999932287,28.462112999932287
4827,0.027081433000148536,27.081433000148536
4828,0.02277998599993225,22.77998599993225
4829,0.022432829000081256,22.432829000081256
4830,0.02779527000006965,27.79527000006965
4831,0.028515662000017983,28.515662000017983
4832,0.023412878000044657,23.412878000044657
4833,0.02199087500002861,21.99087500002861
4834,0.028975700000046345,28.975700000046345
4835,0.029052202999992005,29.052202999992005
4836,0.022038221999991947,22.038221999991947
4837,0.022188546000052156,22.188546000052156
4838,0.028788049000013416,28.788049000013416
4839,0.027583916999901703,27.583916999901703
4840,0.022607788999948752,22.607788999948752
4841,0.022201124999810418,22.201124999810418
4842,0.024995479999915915,24.995479999915915
4843,0.03173925199985206,31.73925199985206
4844,0.023216449999836186,23.216449999836186
4845,0.03232333400001153,32.32333400001153
4846,0.027332463999982792,27.332463999982792
4847,0.02581255599989163,25.81255599989163
4848,0.022316850000152044,22.316850000152044
4849,0.022199423000074603,22.199423000074603
4850,0.028732144000059634,28.732144000059634
4851,0.027356431999805864,27.356431999805864
4852,0.02268228100001579,22.68228100001579
4853,0.02227182900014668,22.27182900014668
4854,0.028948396000032517,28.948396000032517
4855,0.027973812000027465,27.973812000027465
4856,0.023268085999916366,23.268085999916366
4857,0.022058245999915016,22.058245999915016
4858,0.03411167600006593,34.11167600006593
4859,0.02883978899990325,28.83978899990325
4860,0.03305238999996618,33.05238999996618
4861,0.037071671000148854,37.071671000148854
4862,0.03670746399984637,36.70746399984637
4863,0.021315851000053954,21.315851000053954
4864,0.021323777000134214,21.323777000134214
4865,0.02048143899992283,20.48143899992283
4866,0.0321426610000799,32.1426610000799
4867,0.02734672200017485,27.34672200017485
4868,0.021615022999867506,21.615022999867506
4869,0.020444246999886673,20.444246999886673
4870,0.03052891000015734,30.52891000015734
4871,0.027920511000047554,27.920511000047554
4872,0.020553248999931384,20.553248999931384
4873,0.02054128499980834,20.54128499980834
4874,0.02688912899998286,26.88912899998286
4875,0.029198808999808534,29.198808999808534
4876,0.02127466199999617,21.27466199999617
4877,0.020867327000132718,20.86732700013272
4878,0.03726593100009268,37.26593100009268
4879,0.021940365999853384,21.940365999853384
4880,0.021713626000064323,21.713626000064323
4881,0.02001969499997358,20.01969499997358
4882,0.033886735999885786,33.886735999885786
4883,0.02703598600010082,27.03598600010082
4884,0.02145099100016523,21.45099100016523
4885,0.021135834999995495,21.135834999995495
4886,0.03304413699993347,33.04413699993347
4887,0.02581730600013543,25.81730600013543
4888,0.021060069999975894,21.060069999975894
4889,0.02057694600011928,20.57694600011928
4890,0.02938952700014852,29.38952700014852
4891,0.027472020000004704,27.472020000004704
4892,0.021254569999882733,21.254569999882733
4893,0.019716835000053834,19.716835000053834
4894,0.030385255999817673,30.385255999817673
4895,0.021941594000054465,21.941594000054465
4896,0.02074408799990124,20.74408799990124
4897,0.02564048699991872,25.64048699991872
4898,0.03000415599990447,30.00415599990447
4899,0.025592405999987022,25.592405999987022
4900,0.02147955999998885,21.47955999998885
4901,0.020398418000013407,20.398418000013407
4902,0.02982031100009408,29.82031100009408
4903,0.027188404000071387,27.188404000071387
4904,0.020993381000153022,20.993381000153022
4905,0.01962467199996354,19.62467199996354
4906,0.02903906400001688,29.03906400001688
4907,0.021310356999947544,21.310356999947544
4908,0.020309023999971032,20.309023999971032
4909,0.022329720000016096,22.329720000016096
4910,0.03122403099996518,31.22403099996518
4911,0.026481787000193435,26.481787000193435
4912,0.022330824000164284,22.330824000164284
4913,0.021564348000083555,21.564348000083555
4914,0.03151778199980981,31.517781999809813
4915,0.026863300000059098,26.8633000000591
4916,0.02093814099998781,20.93814099998781
4917,0.019547904000091876,19.547904000091876
4918,0.03480246800017994,34.80246800017994
4919,0.021981143999937558,21.981143999937558
4920,0.020982044999982463,20.982044999982463
4921,0.020600112000010995,20.600112000010995
4922,0.032394924999834984,32.394924999834984
4923,0.026603009000154998,26.603009000154998
4924,0.021389103000046816,21.389103000046816
4925,0.02148874399995293,21.48874399995293
4926,0.031136938999907215,31.136938999907215
4927,0.02756881000004796,27.56881000004796
4928,0.02163404300017646,21.63404300017646
4929,0.020069374999820866,20.069374999820866
4930,0.027705814999990253,27.705814999990253
4931,0.02758796400007668,27.58796400007668
4932,0.02021768700001303,20.21768700001303
4933,0.02069485800006987,20.69485800006987
4934,0.03728670199984663,37.28670199984663
4935,0.021319876999996268,21.319876999996268
4936,0.02147131999981866,21.47131999981866
4937,0.020999652000000424,20.999652000000424
4938,0.03260316099999727,32.60316099999727
4939,0.027579684000102134,27.579684000102134
4940,0.021945554000012635,21.945554000012635
4941,0.020573067000213996,20.573067000213996
4942,0.03333331199996792,33.33331199996792
4943,0.02739283500000056,27.39283500000056
4944,0.020132752000108667,20.132752000108667
4945,0.020426881000048525,20.426881000048525
4946,0.02887807399997655,28.87807399997655
4947,0.028907399999980044,28.907399999980044
4948,0.02203975700012961,22.03975700012961
4949,0.020982467000067118,20.982467000067118
4950,0.031717476000039824,31.717476000039824
4951,0.022101309000163383,22.101309000163383
4952,0.021499614000049405,21.499614000049405
4953,0.022703150000097594,22.703150000097594
4954,0.0365067039999758,36.5067039999758
4955,0.022226078000130656,22.226078000130656
4956,0.02084964799996669,20.84964799996669
4957,0.021165250999956697,21.165250999956697
4958,0.03280653899992103,32.80653899992103
4959,0.026190425999857325,26.190425999857325
4960,0.021043083999984447,21.043083999984447
4961,0.020430100999874412,20.430100999874412
4962,0.029045331999896007,29.045331999896007
4963,0.027450923000060357,27.450923000060357
4964,0.021165250999956697,21.165250999956697
4965,0.019645001000071716,19.645001000071716
4966,0.029004191000012725,29.004191000012725
4967,0.021944403999896167,21.944403999896167
4968,0.020566197999869473,20.566197999869473
4969,0.021208218000083434,21.208218000083434
4970,0.03195168599995668,31.95168599995668
4971,0.02650409300008505,26.50409300008505
4972,0.0214382960000421,21.4382960000421
4973,0.020818176999910065,20.818176999910065
4974,0.02934151199997359,29.34151199997359
4975,0.026728399000148784,26.728399000148784
4976,0.021859546999849044,21.859546999849044
4977,0.020134223000013662,20.134223000013662
4978,0.02898462699999982,28.98462699999982
4979,0.03013111000018398,30.13111000018398
4980,0.03286026000000675,32.86026000000675
4981,0.02154312800007574,21.54312800007574
4982,0.032791150999855745,32.791150999855745
4983,0.026873598000065613,26.873598000065613
4984,0.021490601999857972,21.490601999857972
4985,0.02127128300003278,21.27128300003278
4986,0.030584316999920702,30.584316999920702
4987,0.028485498000009102,28.485498000009102
4988,0.02110950199994477,21.10950199994477
4989,0.01969420499995067,19.69420499995067
4990,0.0274163789999875,27.4163789999875
4991,0.029348615999879257,29.348615999879257
4992,0.020756612000013774,20.756612000013774
4993,0.021298143999956665,21.298143999956665
4994,0.02936790000012479,29.36790000012479
4995,0.021720877999996446,21.720877999996446
4996,0.02220309300014378,22.20309300014378
4997,0.02184722199990574,21.84722199990574
4998,0.03293991800001095,32.93991800001095
4999,0.027362352000182,27.362352000182
5000,0.021035436999909507,21.035436999909507
5001,0.019627789999958623,19.627789999958623
5002,0.029599178000125903,29.599178000125903
5003,0.028017632000000958,28.017632000000958
5004,0.020483385000034104,20.483385000034104
5005,0.02079383799991774,20.79383799991774
5006,0.028063589000112188,28.063589000112188
5007,0.02794191500015586,27.94191500015586
5008,0.02142243999992388,21.42243999992388
5009,0.021974210000053063,21.974210000053063
5010,0.03766799400000309,37.66799400000309
5011,0.022449827999935223,22.449827999935223
5012,0.021530554000037228,21.530554000037228
5013,0.02045962299985149,20.45962299985149
5014,0.03450653000004422,34.50653000004422
5015,0.022064117000127226,22.064117000127226
5016,0.02054894899993087,20.54894899993087
5017,0.020930490000182544,20.930490000182544
5018,0.03291530199999215,32.91530199999215
5019,0.02725614900009532,27.25614900009532
5020,0.02119701699984944,21.19701699984944
5021,0.020479739999927915,20.479739999927915
5022,0.02922903400008181,29.22903400008181
5023,0.028902124000069307,28.902124000069307
5024,0.020988533000036114,20.988533000036114
5025,0.019714483999905497,19.714483999905497
5026,0.02759122599991315,27.59122599991315
5027,0.03296575799981838,32.96575799981838
5028,0.020559954999953334,20.559954999953334
5029,0.02142908900009388,21.42908900009388
5030,0.03008783400014181,30.08783400014181
5031,0.021438380999825313,21.438380999825313
5032,0.021436862999962614,21.436862999962614
5033,0.021447986000111996,21.447986000111996
5034,0.03330333000008068,33.30333000008068
5035,0.027487451000069996,27.487451000069996
5036,0.029654958000037368,29.654958000037368
5037,0.03066434799984563,30.66434799984563
5038,0.04826085600006991,48.26085600006991
5039,0.024224948999972185,24.224948999972185
5040,0.02196114299999863,21.96114299999863
5041,0.022288699999990058,22.288699999990058
5042,0.037881866999896374,37.881866999896374
5043,0.02231206600004043,22.31206600004043
5044,0.022766939000121056,22.766939000121056
5045,0.02213187300003483,22.13187300003483
5046,0.028471066000065548,28.471066000065548
5047,0.02811870400000771,28.11870400000771
5048,0.026403357999924992,26.403357999924992
5049,0.025641455999902973,25.641455999902973
5050,0.06698271799996292,66.98271799996292
5051,0.02569474300003094,25.69474300003094
5052,0.025019225000050938,25.019225000050938
5053,0.024552931000016542,24.552931000016542
5054,0.03483149399994545,34.83149399994545
5055,0.027143883999997342,27.143883999997342
5056,0.025234694000118907,25.234694000118907
5057,0.025542045000065627,25.542045000065627
5058,0.039018543000111094,39.018543000111094
5059,0.023546605000092313,23.546605000092313
5060,0.023039704999973765,23.039704999973765
5061,0.021915239000009024,21.915239000009024
5062,0.02594285000009222,25.94285000009222
5063,0.030184021999957622,30.184021999957622
5064,0.02223730500008969,22.23730500008969
5065,0.02230228400003398,22.30228400003398
5066,0.02565871199999492,25.65871199999492
5067,0.029549506000194015,29.549506000194015
5068,0.02312637799991535,23.12637799991535
5069,0.023353713000005882,23.353713000005882
5070,0.028913296999917293,28.913296999917293
5071,0.028699665999965873,28.699665999965873
5072,0.023257950000015626,23.257950000015626
5073,0.021892061000016838,21.892061000016838
5074,0.02942825900004209,29.42825900004209
5075,0.02806437399999595,28.06437399999595
5076,0.022168496999938725,22.168496999938725
5077,0.02238219100013339,22.38219100013339
5078,0.02612718400018821,26.12718400018821
5079,0.031216744000175822,31.216744000175822
5080,0.02464137600009053,24.64137600009053
5081,0.02550490599992372,25.50490599992372
5082,0.029519702000015968,29.51970200001597
5083,0.028427292000060334,28.427292000060334
5084,0.023210192000078678,23.210192000078678
5085,0.0218284869999934,21.8284869999934
5086,0.0319010260000141,31.9010260000141
5087,0.02921189900007448,29.21189900007448
5088,0.022373674999926152,22.373674999926152
5089,0.022842262000040137,22.842262000040137
5090,0.031422192000036375,31.422192000036375
5091,0.023798291000048266,23.798291000048266
5092,0.02395081100007701,23.95081100007701
5093,0.02271539399998801,22.71539399998801
5094,0.030444084999999177,30.444084999999177
5095,0.02677794700002778,26.77794700002778
5096,0.023237642000140113,23.237642000140113
5097,0.021305982000058066,21.305982000058066
5098,0.032117391999918254,32.117391999918254
5099,0.024424389999921914,24.424389999921914
5100,0.022261997999976302,22.261997999976302
5101,0.022735117999900467,22.735117999900467
5102,0.02842432900001768,28.42432900001768
5103,0.02672989799998504,26.72989799998504
5104,0.022633502999951816,22.633502999951816
5105,0.022690510999836988,22.690510999836988
5106,0.033562255999868285,33.562255999868285
5107,0.026938409999957003,26.938409999957003
5108,0.022693904000107068,22.693904000107068
5109,0.021709877999910532,21.709877999910532
5110,0.0301497240000117,30.1497240000117
5111,0.02867599799992604,28.67599799992604
5112,0.02257869999994,22.57869999994
5113,0.02278212999999596,22.78212999999596
5114,0.03149145599991243,31.491455999912432
5115,0.02478834800012919,24.78834800012919
5116,0.023255723999909605,23.255723999909605
5117,0.022838469000134864,22.838469000134864
5118,0.030294577999939065,30.294577999939065
5119,0.026711899000019912,26.711899000019912
5120,0.02330110100001548,23.30110100001548
5121,0.021854926000060004,21.854926000060004
5122,0.031125201000122615,31.125201000122615
5123,0.02466992399990886,24.66992399990886
5124,0.022158499999932246,22.158499999932246
5125,0.022709921000114264,22.709921000114264
5126,0.031315081000002465,31.315081000002465
5127,0.023312425000085568,23.312425000085568
5128,0.022602465000090888,22.602465000090888
5129,0.022101767000094696,22.101767000094696
5130,0.02794990699999289,27.94990699999289
5131,0.02769802699981483,27.69802699981483
5132,0.02328782399990814,23.28782399990814
5133,0.02223863699987305,22.23863699987305
5134,0.0287895970000136,28.7895970000136
5135,0.027811408000161464,27.811408000161464
5136,0.022317591000046377,22.317591000046377
5137,0.02215535200002705,22.15535200002705
5138,0.028932731000168133,28.932731000168133
5139,0.02710715800003527,27.10715800003527
5140,0.022811097000158043,22.811097000158043
5141,0.022063322999883894,22.063322999883894
5142,0.024785777000033704,24.785777000033704
5143,0.031358964999981254,31.358964999981254
5144,0.02310847100011415,23.10847100011415
5145,0.02179745900002672,21.79745900002672
5146,0.02918165300002329,29.18165300002329
5147,0.029370637999818427,29.370637999818427
5148,0.02469447700013916,24.69447700013916
5149,0.02518250299999636,25.18250299999636
5150,0.029835998999942603,29.835998999942603
5151,0.027754727000001367,27.754727000001367
5152,0.023292000000083135,23.292000000083135
5153,0.02261771400003454,22.61771400003454
5154,0.02306849499996133,23.06849499996133
5155,0.07711487500000658,77.11487500000658
5156,0.13398880299996563,133.98880299996563
5157,0.02120419200014112,21.20419200014112
5158,0.025950597000019116,25.950597000019116
5159,0.030458886999895185,30.458886999895185
5160,0.022219769999992423,22.219769999992423
5161,0.022196017999931428,22.196017999931428
5162,0.02553120799984754,25.53120799984754
5163,0.028715830999999525,28.715830999999525
5164,0.022558239999852958,22.558239999852958
5165,0.022237574999962817,22.237574999962817
5166,0.024705240999992384,24.705240999992384
5167,0.03328020599997217,33.28020599997217
5168,0.02273804000014934,22.73804000014934
5169,0.021460987999944336,21.460987999944336
5170,0.026377158000059353,26.377158000059353
5171,0.027155349999929967,27.155349999929967
5172,0.021653601000025446,21.653601000025446
5173,0.022281154999973296,22.281154999973296
5174,0.029327155999908427,29.327155999908427
5175,0.028931953999972393,28.931953999972393
5176,0.023445648999995683,23.445648999995683
5177,0.022648166999942987,22.648166999942987
5178,0.0286923050000496,28.6923050000496
5179,0.028883474999929604,28.883474999929604
5180,0.022606825000138997,22.606825000138997
5181,0.02265581899996505,22.65581899996505
5182,0.0293275359999825,29.3275359999825
5183,0.027668805999837787,27.668805999837787
5184,0.02175695000005362,21.75695000005362
5185,0.0221266949999972,22.1266949999972
5186,0.02843469100002949,28.43469100002949
5187,0.028398917000004076,28.398917000004076
5188,0.023140861000001678,23.140861000001678
5189,0.022693116000027658,22.693116000027658
5190,0.03175214899988532,31.75214899988532
5191,0.029110970999909114,29.110970999909114
5192,0.02315660299996125,23.15660299996125
5193,0.02219293200005268,22.19293200005268
5194,0.029931009999927483,29.931009999927483
5195,0.028195000999858166,28.195000999858166
5196,0.022195335999867893,22.195335999867893
5197,0.022287848000132726,22.287848000132726
5198,0.02944956800001819,29.44956800001819
5199,0.06014168699994116,60.14168699994116
5200,0.024633396000126595,24.633396000126595
5201,0.049082779999935156,49.082779999935156
5202,0.04809209700010797,48.09209700010797
5203,0.023486327999989953,23.486327999989953
5204,0.024093553000057,24.093553000057
5205,0.021374519000119108,21.374519000119108
5206,0.03920017199993708,39.20017199993708
5207,0.028314888000068095,28.314888000068095
5208,0.02270025000007081,22.70025000007081
5209,0.022753286000124717,22.753286000124717
5210,0.04058039900019139,40.58039900019139
5211,0.027295504999983677,27.295504999983677
5212,0.023077838999824962,23.077838999824962
5213,0.02299105099996268,22.99105099996268
5214,0.030460947999927157,30.460947999927157
5215,0.028046253999946202,28.046253999946202
5216,0.02247858000009728,22.47858000009728
5217,0.02136808000000201,21.36808000000201
5218,0.029188879999992423,29.188879999992423
5219,0.02806480999993255,28.06480999993255
5220,0.02224211800012199,22.24211800012199
5221,0.023710650999873906,23.710650999873906
5222,0.029999281999835148,29.999281999835148
5223,0.02835250799989808,28.35250799989808
5224,0.023448089999874355,23.448089999874355
5225,0.02276144799998292,22.76144799998292
5226,0.031668299000102706,31.668299000102706
5227,0.02888496400009899,28.88496400009899
5228,0.023153375999982018,23.153375999982018
5229,0.021340516999998727,21.340516999998727
5230,0.030887842999845816,30.887842999845816
5231,0.0264503359999253,26.4503359999253
5232,0.0219383270000435,21.9383270000435
5233,0.022417706000169346,22.417706000169346
5234,0.039099436000014975,39.099436000014975
5235,0.022995506999905047,22.995506999905047
5236,0.023089442000127747,23.089442000127747
5237,0.02271169400000872,22.71169400000872
5238,0.04025432399998863,40.25432399998863
5239,0.02357378399983645,23.57378399983645
5240,0.02308426700005839,23.08426700005839
5241,0.021571493000010378,21.571493000010378
5242,0.03451451399996586,34.51451399996586
5243,0.023131603999900108,23.131603999900108
5244,0.026459053000053245,26.459053000053245
5245,0.022110542000064015,22.110542000064015
5246,0.02968943800010493,29.68943800010493
5247,0.0271909720001986,27.1909720001986
5248,0.023017620000018724,23.017620000018724
5249,0.022102167999946687,22.102167999946687
5250,0.027449276999959693,27.449276999959693
5251,0.02839020999999775,28.39020999999775
5252,0.023145618999933504,23.145618999933504
5253,0.02202815200007535,22.02815200007535
5254,0.02953155699992749,29.53155699992749
5255,0.028970815000093353,28.970815000093353
5256,0.022288577999916015,22.288577999916015
5257,0.02217932399980782,22.17932399980782
5258,0.028420611000001372,28.420611000001372
5259,0.027075666999962777,27.075666999962777
5260,0.02261003399985384,22.61003399985384
5261,0.02232168199998341,22.32168199998341
5262,0.025991347000172027,25.991347000172027
5263,0.031087079000144513,31.087079000144513
5264,0.023164311000073212,23.164311000073212
5265,0.021858921999864833,21.858921999864833
5266,0.028758229999994,28.758229999994
5267,0.0287898110000242,28.7898110000242
5268,0.021871118000035494,21.871118000035494
5269,0.022176064999939626,22.176064999939626
5270,0.02620018499987964,26.20018499987964
5271,0.030047823000131757,30.047823000131757
5272,0.02306146799992348,23.06146799992348
5273,0.022110395000026983,22.110395000026983
5274,0.024721416999909707,24.721416999909707
5275,0.030892749000031472,30.892749000031472
5276,0.023100588000033895,23.100588000033895
5277,0.02184943099996417,21.84943099996417
5278,0.028488077000019985,28.488077000019985
5279,0.028936779999867213,28.936779999867213
5280,0.02206410100006906,22.06410100006906
5281,0.02217890199995054,22.17890199995054
5282,0.025847934000012174,25.847934000012174
5283,0.029382943000200612,29.382943000200612
5284,0.0225467379998463,22.5467379998463
5285,0.022260107999954926,22.260107999954926
5286,0.02481248999993113,24.81248999993113
5287,0.03447373500011963,34.47373500011963
5288,0.02330641999992622,23.30641999992622
5289,0.022600942999815743,22.600942999815743
5290,0.026280843999984427,26.280843999984427
5291,0.027996855000083087,27.996855000083087
5292,0.02320783899995149,23.20783899995149
5293,0.022726903000148013,22.726903000148013
5294,0.0264527710000948,26.4527710000948
5295,0.03085428800000045,30.85428800000045
5296,0.02260084299996379,22.60084299996379
5297,0.02211185100009061,22.11185100009061
5298,0.024565001999917513,24.565001999917513
5299,0.03097039599992968,30.97039599992968
5300,0.023123492000195256,23.123492000195256
5301,0.02199445500014008,21.99445500014008
5302,0.027115571999956956,27.115571999956956
5303,0.029442882000012105,29.442882000012105
5304,0.022134981000135667,22.134981000135667
5305,0.02277330499987329,22.77330499987329
5306,0.026170141999955376,26.170141999955376
5307,0.028364166999836016,28.364166999836016
5308,0.022704335000071296,22.704335000071296
5309,0.022327932000052897,22.327932000052897
5310,0.0239786270001332,23.9786270001332
5311,0.03431052899986753,34.31052899986753
5312,0.02356465799994112,23.56465799994112
5313,0.02226322599995001,22.26322599995001
5314,0.026242638999974588,26.242638999974588
5315,0.031778841999994256,31.778841999994256
5316,0.022422750000032465,22.422750000032465
5317,0.02212844399991809,22.12844399991809
5318,0.02886633899993285,28.86633899993285
5319,0.028523462000066502,28.523462000066502
5320,0.02250929499996346,22.50929499996346
5321,0.022036243000002287,22.036243000002287
5322,0.024800825000056648,24.800825000056648
5323,0.031598536000046806,31.598536000046806
5324,0.023293136000120285,23.293136000120285
5325,0.021900755999922694,21.900755999922694
5326,0.03024782700003925,30.24782700003925
5327,0.02857074000007742,28.57074000007742
5328,0.022416095999915342,22.416095999915342
5329,0.022707072999992306,22.707072999992306
5330,0.03379673299991737,33.79673299991737
5331,0.02745870199987621,27.45870199987621
5332,0.02353674100004355,23.53674100004355
5333,0.022376972000074602,22.376972000074602
5334,0.03306864000001042,33.06864000001042
5335,0.023167766000142365,23.167766000142365
5336,0.023486609999963548,23.486609999963548
5337,0.021337833999950817,21.337833999950817
5338,0.033357969999997295,33.357969999997295
5339,0.02344549500003268,23.44549500003268
5340,0.022556530999963798,22.556530999963798
5341,0.02270918499993968,22.70918499993968
5342,0.03047310000010839,30.47310000010839
5343,0.0255915370000821,25.5915370000821
5344,0.024286729000095875,24.286729000095875
5345,0.022696124000049167,22.696124000049167
5346,0.03012391199990816,30.12391199990816
5347,0.024899355000115975,24.899355000115975
5348,0.02326075199994193,23.26075199994193
5349,0.022019964000037362,22.019964000037362
5350,0.03137316699985604,31.37316699985604
5351,0.02583534299992607,25.83534299992607
5352,0.021612140000115687,21.612140000115687
5353,0.02214696299984098,22.14696299984098
5354,0.030209691999971255,30.209691999971255
5355,0.0269148380000388,26.9148380000388
5356,0.022995538000031956,22.995538000031956
5357,0.022614334000081726,22.614334000081726
5358,0.028602532999912,28.602532999912
5359,0.0283285570001226,28.3285570001226
5360,0.023370334999981424,23.370334999981424
5361,0.021956221000209553,21.956221000209553
5362,0.029627594999965368,29.627594999965368
5363,0.028714468999851306,28.714468999851306
5364,0.021645196000008582,21.645196000008582
5365,0.02211331900002733,22.11331900002733
5366,0.02886346900004355,28.86346900004355
5367,0.02824015600003804,28.24015600003804
5368,0.023960333000104583,23.960333000104583
5369,0.024398615999871254,24.398615999871254
5370,0.02936666999994486,29.36666999994486
5371,0.028624462999914613,28.624462999914613
5372,0.02319844000021476,23.19844000021476
5373,0.021955668999908085,21.955668999908085
5374,0.031393256999990626,31.393256999990626
5375,0.024165321000054973,24.165321000054973
5376,0.021554597999966063,21.554597999966063
5377,0.02236019499991926,22.36019499991926
5378,0.04310864199987918,43.10864199987918
5379,0.02467533200001526,24.67533200001526
5380,0.02602388500008601,26.02388500008601
5381,0.026105996000069354,26.105996000069354
5382,0.04081415799987553,40.81415799987553
5383,0.023949786999992284,23.949786999992284
5384,0.023551095999891913,23.551095999891913
5385,0.02414234299999407,24.14234299999407
5386,0.025972527000021728,25.972527000021728
5387,0.03715899300004821,37.15899300004821
5388,0.027449690000139526,27.449690000139526
5389,0.02290301600010025,22.90301600010025
5390,0.028850921999946877,28.850921999946877
5391,0.02188685000010082,21.88685000010082
5392,0.02257467300000826,22.57467300000826
5393,0.022109965000026932,22.109965000026932
5394,0.03306108000015229,33.06108000015229
5395,0.02543352800012144,25.43352800012144
5396,0.02357087799987312,23.57087799987312
5397,0.022751908000145704,22.751908000145704
5398,0.0366058280001198,36.6058280001198
5399,0.023645373999897856,23.645373999897856
5400,0.022001973999977054,22.001973999977054
5401,0.022135179999850152,22.135179999850152
5402,0.03667319700002736,36.67319700002736
5403,0.02208187399992312,22.08187399992312
5404,0.04639108299988948,46.39108299988948
5405,0.02656458699993891,26.56458699993891
5406,0.031797297999901275,31.797297999901275
5407,0.023597176999828662,23.597176999828662
5408,0.02322259699985807,23.22259699985807
5409,0.021893051999995805,21.893051999995805
5410,0.03778874399995402,37.78874399995402
5411,0.026717111999914778,26.717111999914778
5412,0.02816566999990755,28.16566999990755
5413,0.0230780770000365,23.0780770000365
5414,0.02851628600001277,28.51628600001277
5415,0.02707131300007859,27.07131300007859
5416,0.022915056999863737,22.915056999863737
5417,0.022037928999907308,22.037928999907308
5418,0.027428034999957163,27.428034999957163
5419,0.028669615000126214,28.669615000126214
5420,0.023271725000086008,23.271725000086008
5421,0.0218045340000117,21.8045340000117
5422,0.0288798010001301,28.8798010001301
5423,0.028999590000012176,28.999590000012176
5424,0.022332860000005894,22.332860000005894
5425,0.022445655999945302,22.445655999945302
5426,0.027988641000092684,27.988641000092684
5427,0.028958372000033705,28.958372000033705
5428,0.02257386100018266,22.57386100018266
5429,0.02209508700002516,22.09508700002516
5430,0.024726826999994955,24.726826999994955
