image_index,forward_latency_seconds,forward_latency_ms
0,0.023867837000011605,23.867837000011605
1,0.03481949000001805,34.81949000001805
2,0.021558288999926845,21.558288999926845
3,0.02475949900008345,24.75949900008345
4,0.03125369600002159,31.25369600002159
5,0.02738681899995754,27.38681899995754
6,0.021566459999917242,21.566459999917242
7,0.021309246999976494,21.309246999976494
8,0.025221408999982486,25.221408999982486
9,0.029555991000052018,29.555991000052018
10,0.02174490100003368,21.74490100003368
11,0.02136290199996438,21.36290199996438
12,0.031368122000003495,31.368122000003495
13,0.02262029700000312,22.62029700000312
14,0.022075210000025436,22.075210000025436
15,0.021611676000020452,21.611676000020452
16,0.028715023000017936,28.715023000017936
17,0.02652098000010028,26.52098000010028
18,0.021760750999987977,21.760750999987977
19,0.021471821999966778,21.471821999966778
20,0.024658160999933898,24.658160999933898
21,0.031964701999982026,31.964701999982026
22,0.021735935999913636,21.735935999913636
23,0.021320067999909043,21.320067999909043
24,0.03056366100008745,30.56366100008745
25,0.022090704000106598,22.090704000106598
26,0.02201396099997055,22.01396099997055
27,0.02125639299993054,21.25639299993054
28,0.027726958000016566,27.726958000016566
29,0.027198636999969494,27.198636999969494
30,0.021686111999997593,21.686111999997593
31,0.02131997499998306,21.31997499998306
32,0.0250014050000118,25.0014050000118
33,0.03262326599997323,32.62326599997323
34,0.022548700000015742,22.548700000015742
35,0.022161203999985446,22.161203999985446
36,0.023781339000038315,23.781339000038315
37,0.03203604999998788,32.03604999998788
38,0.022162600000001476,22.162600000001476
39,0.02163949600003434,21.63949600003434
40,0.028978713000014977,28.978713000014977
41,0.026761353999972926,26.761353999972926
42,0.021785810999972455,21.785810999972455
43,0.02127088300005653,21.27088300005653
44,0.025235444000031748,25.235444000031748
45,0.03052170900002693,30.52170900002693
46,0.022092960999998468,22.092960999998468
47,0.0212583979999863,21.2583979999863
48,0.026341288000025997,26.341288000025997
49,0.04096044800007803,40.96044800007803
50,0.022677095000062764,22.677095000062764
51,0.02118759199993292,21.18759199993292
52,0.02753887999995186,27.53887999995186
53,0.0293787020000309,29.3787020000309
54,0.021886515000005602,21.886515000005602
55,0.021749100999954862,21.749100999954862
56,0.024968375999947057,24.968375999947057
57,0.03023497899994254,30.23497899994254
58,0.021729819000029238,21.729819000029238
59,0.021651731000019936,21.651731000019936
60,0.02663702099994225,26.63702099994225
61,0.026778972999977668,26.778972999977668
62,0.021870682000098896,21.870682000098896
63,0.02236583800004155,22.36583800004155
64,0.04527716000006876,45.27716000006876
65,0.024253189999967617,24.253189999967617
66,0.021619168000029276,21.619168000029276
67,0.021469802999945387,21.469802999945387
68,0.027422365999996146,27.422365999996146
69,0.024816774999976587,24.816774999976587
70,0.0219937580000078,21.9937580000078
71,0.02131561300006979,21.31561300006979
72,0.02678647599998385,26.78647599998385
73,0.029041245000030358,29.041245000030358
74,0.021653660999959357,21.653660999959357
75,0.021492552000040632,21.492552000040632
76,0.02550085100006072,25.50085100006072
77,0.03153138200002559,31.531382000025587
78,0.021847294000053807,21.847294000053807
79,0.02166598899998462,21.66598899998462
80,0.0262293650000629,26.2293650000629
81,0.02662046500006454,26.62046500006454
82,0.02199737700004789,21.99737700004789
83,0.021690093999950477,21.690093999950477
84,0.02753643000005468,27.53643000005468
85,0.028891360999978133,28.891360999978133
86,0.021813016000010066,21.813016000010066
87,0.021232302000044,21.232302000044
88,0.027617783999971834,27.617783999971834
89,0.022286730000018906,22.286730000018906
90,0.021941382000022713,21.941382000022713
91,0.02177550599992628,21.77550599992628
92,0.027492097999925136,27.492097999925136
93,0.027294170999994094,27.294170999994094
94,0.021768079000025864,21.768079000025864
95,0.02135655899996891,21.35655899996891
96,0.025102515000071435,25.102515000071435
97,0.033520166000016616,33.520166000016616
98,0.02209428499998012,22.09428499998012
99,0.021487747999913154,21.487747999913154
100,0.024061517999939497,24.061517999939497
101,0.03251953799997409,32.51953799997409
102,0.023674810999978035,23.674810999978035
103,0.021671379000054003,21.671379000054003
104,0.02952621800000088,29.52621800000088
105,0.027145344000018667,27.145344000018667
106,0.022076255000001765,22.076255000001765
107,0.02324797200003559,23.24797200003559
108,0.02751947299998392,27.51947299998392
109,0.027145079000092665,27.145079000092665
110,0.021831692999967345,21.831692999967345
111,0.02156951399990703,21.56951399990703
112,0.025123948000100427,25.123948000100427
113,0.031030063999992308,31.030063999992308
114,0.02145629699998608,21.45629699998608
115,0.021643778999987262,21.643778999987262
116,0.031820711999898776,31.820711999898776
117,0.02224982900008854,22.24982900008854
118,0.02185339700008626,21.85339700008626
119,0.021555121999995208,21.555121999995208
120,0.028943992999984403,28.943992999984403
121,0.023874200000022938,23.874200000022938
122,0.021734639999976935,21.734639999976935
123,0.021640814000079445,21.640814000079445
124,0.03571039300004486,35.71039300004486
125,0.022593896999978824,22.593896999978824
126,0.021870181999929628,21.870181999929628
127,0.02149694599995655,21.49694599995655
128,0.026360090000025593,26.360090000025593
129,0.0263225200000079,26.3225200000079
130,0.02183113700004924,21.83113700004924
131,0.02130836600008479,21.30836600008479
132,0.027567076000082125,27.567076000082125
133,0.027502002000005632,27.502002000005632
134,0.021484797999960392,21.484797999960392
135,0.02133942999989813,21.33942999989813
136,0.024699730000065756,24.699730000065756
137,0.031700169000032474,31.700169000032474
138,0.022101837999912277,22.101837999912277
139,0.021886265000034655,21.886265000034655
140,0.026628661000017928,26.628661000017928
141,0.029268936999983453,29.268936999983453
142,0.02245131400002265,22.45131400002265
143,0.02194875299994692,21.94875299994692
144,0.029250346000026184,29.250346000026184
145,0.028470903999959774,28.470903999959774
146,0.022915328999943085,22.915328999943085
147,0.022636934000047404,22.636934000047404
148,0.029620416999932786,29.620416999932786
149,0.02838498599999184,28.38498599999184
150,0.0229135629999746,22.9135629999746
151,0.02250370199999452,22.50370199999452
152,0.029532361000065066,29.532361000065066
153,0.028440572000022257,28.440572000022257
154,0.023308133999989877,23.308133999989877
155,0.023389801999996962,23.389801999996962
156,0.025019845000088026,25.019845000088026
157,0.03125115700004244,31.25115700004244
158,0.03070348999995076,30.70348999995076
159,0.026902282000037303,26.902282000037303
160,0.044763490000036654,44.763490000036654
161,0.024422756000035406,24.422756000035406
162,0.023477085000081388,23.477085000081388
163,0.03497316699997555,34.97316699997555
164,0.03766681299998709,37.66681299998709
165,0.027881232000027012,27.881232000027012
166,0.025561759999959577,25.561759999959577
167,0.02360285899999326,23.60285899999326
168,0.040085726000029354,40.085726000029354
169,0.024784796999938408,24.784796999938408
170,0.02344433799999024,23.44433799999024
171,0.02329416800000672,23.29416800000672
172,0.03528624000000491,35.28624000000491
173,0.024438519999989694,24.438519999989694
174,0.023293534000004,23.293534000004
175,0.022528925999949934,22.528925999949934
176,0.03259905599998092,32.59905599998092
177,0.028392941999982213,28.392941999982213
178,0.02376610500004972,23.76610500004972
179,0.023577524000074845,23.577524000074845
180,0.03735874500000591,37.35874500000591
181,0.024733510000032766,24.733510000032766
182,0.023557003999940207,23.557003999940207
183,0.023094497999977648,23.094497999977648
184,0.040137113000014324,40.137113000014324
185,0.024833370999999715,24.833370999999715
186,0.023168263000002298,23.168263000002298
187,0.023503858000026412,23.503858000026412
188,0.03319697400002042,33.19697400002042
189,0.025964273999989018,25.964273999989018
190,0.024397304999979497,24.397304999979497
191,0.0233079470000348,23.3079470000348
192,0.028599471000006815,28.599471000006815
193,0.024335693000011815,24.335693000011815
194,0.02366285200002949,23.66285200002949
195,0.02264925500003301,22.64925500003301
196,0.03322329800005264,33.22329800005264
197,0.024175135000064074,24.175135000064074
198,0.023614952999992056,23.614952999992056
199,0.023653898999896228,23.653898999896228
200,0.02882734000002074,28.82734000002074
201,0.02351123199991889,23.51123199991889
202,0.023116995999998835,23.116995999998835
203,0.022860478000097828,22.860478000097828
204,0.027044869000064864,27.044869000064864
205,0.030017287999953624,30.017287999953624
206,0.023765277000052265,23.765277000052265
207,0.023482352000087303,23.482352000087303
208,0.027663369000038074,27.663369000038074
209,0.02799984900002528,27.99984900002528
210,0.023543905999986237,23.543905999986237
211,0.02274344199997813,22.74344199997813
212,0.032808316999989984,32.808316999989984
213,0.024319468000044253,24.319468000044253
214,0.02366719999997713,23.66719999997713
215,0.023256319000097392,23.256319000097392
216,0.028204433000041718,28.204433000041718
217,0.024603715000012016,24.603715000012016
218,0.023265782000066793,23.265782000066793
219,0.022639465999986896,22.639465999986896
220,0.032494029999952545,32.494029999952545
221,0.023568490000002384,23.568490000002384
222,0.02309115399998518,23.09115399998518
223,0.02278963800006295,22.78963800006295
224,0.04088771299996097,40.88771299996097
225,0.02428204199998163,24.28204199998163
226,0.02360931700002311,23.60931700002311
227,0.023180309999929705,23.180309999929705
228,0.030757123000057618,30.757123000057618
229,0.0290741710000475,29.0741710000475
230,0.023726493000026494,23.726493000026494
231,0.02270927400002165,22.70927400002165
232,0.031341657999973904,31.341657999973904
233,0.029276906000063718,29.27690600006372
234,0.025584867000020495,25.584867000020495
235,0.02442870300001232,24.42870300001232
236,0.03995430400004807,39.95430400004807
237,0.029771892999974625,29.771892999974625
238,0.025558232000093994,25.558232000093994
239,0.02434982800002672,24.34982800002672
240,0.03112459499993747,31.12459499993747
241,0.029042094000033103,29.042094000033103
242,0.023682758000063586,23.682758000063586
243,0.02327278899997509,23.27278899997509
244,0.03550096699996175,35.50096699996175
245,0.026610799999957635,26.610799999957635
246,0.023663134000003083,23.663134000003083
247,0.023355543999969086,23.355543999969086
248,0.028587351000055605,28.587351000055605
249,0.023476950999906876,23.476950999906876
250,0.023125098999912552,23.125098999912552
251,0.022765225999933136,22.765225999933136
252,0.03170240599990848,31.70240599990848
253,0.02551356300000407,25.51356300000407
254,0.02401734000000033,24.01734000000033
255,0.023349801999984265,23.349801999984265
256,0.02804348500001197,28.04348500001197
257,0.02508153400003721,25.08153400003721
258,0.02322240899991357,23.22240899991357
259,0.022815592000029028,22.815592000029028
260,0.03485030399997413,34.85030399997413
261,0.024246962999995958,24.246962999995958
262,0.02362349700001687,23.62349700001687
263,0.023209537000070668,23.209537000070668
264,0.026929255000027297,26.929255000027297
265,0.0318957300000875,31.895730000087497
266,0.023854045999996742,23.854045999996742
267,0.023457098999983828,23.457098999983828
268,0.03106830199999422,31.06830199999422
269,0.030223546999991413,30.223546999991413
270,0.02330766600005063,23.30766600005063
271,0.022773417000053087,22.773417000053087
272,0.02724155199996403,27.24155199996403
273,0.02846519199999875,28.46519199999875
274,0.023292760999993334,23.292760999993334
275,0.022624322999945434,22.624322999945434
276,0.030017919999977494,30.017919999977494
277,0.02950796800007538,29.50796800007538
278,0.023696432999940953,23.696432999940953
279,0.02335250399994493,23.35250399994493
280,0.032881274000033045,32.881274000033045
281,0.024998154000059003,24.998154000059003
282,0.023599687999990238,23.599687999990238
283,0.023463775999971404,23.463775999971404
284,0.027362984000092183,27.362984000092183
285,0.023519175000046744,23.519175000046744
286,0.023199048000037692,23.199048000037692
287,0.02425277999998343,24.25277999998343
288,0.032985212000085085,32.985212000085085
289,0.024429636000036226,24.429636000036226
290,0.02399266100007935,23.99266100007935
291,0.023271927999985564,23.271927999985564
292,0.026671918000033656,26.671918000033656
293,0.03274075800004539,32.74075800004539
294,0.0231132039999693,23.1132039999693
295,0.022718132000022706,22.718132000022706
296,0.028969050000000607,28.969050000000607
297,0.028360348999967755,28.360348999967755
298,0.023232340999925327,23.232340999925327
299,0.02507491099993331,25.07491099993331
300,0.030280299000082778,30.280299000082778
301,0.027915705000054913,27.915705000054913
302,0.025556167000104324,25.556167000104324
303,0.02372951400002421,23.72951400002421
304,0.034667428000034306,34.667428000034306
305,0.024389713999994456,24.389713999994456
306,0.023723986999925728,23.723986999925728
307,0.023688885000069604,23.688885000069604
308,0.036972091999928125,36.972091999928125
309,0.02564837299996725,25.64837299996725
310,0.02339313499999207,23.39313499999207
311,0.02304134400003477,23.04134400003477
312,0.032814120000011826,32.814120000011826
313,0.02907969199998206,29.07969199998206
314,0.02376161800009413,23.76161800009413
315,0.0228577000000314,22.8577000000314
316,0.03688728600002378,36.88728600002378
317,0.024442767999971693,24.442767999971693
318,0.023651665999977922,23.651665999977922
319,0.02393482800005131,23.93482800005131
320,0.02961230699997941,29.61230699997941
321,0.0297323579999329,29.7323579999329
322,0.02304738499992709,23.04738499992709
323,0.022757938000040667,22.757938000040667
324,0.02906878199996754,29.06878199996754
325,0.029021550000038587,29.021550000038587
326,0.02330624900002931,23.30624900002931
327,0.022671462000062093,22.671462000062093
328,0.02999830800001746,29.99830800001746
329,0.0289910220000138,28.9910220000138
330,0.02362679099996967,23.62679099996967
331,0.023608977999970193,23.608977999970193
332,0.03264521400001286,32.64521400001286
333,0.02566465099994275,25.66465099994275
334,0.023837630999992143,23.837630999992143
335,0.023360645000025215,23.360645000025215
336,0.037098345000003974,37.098345000003974
337,0.024295047000009617,24.295047000009617
338,0.02365374700002576,23.65374700002576
339,0.023621066000032442,23.621066000032442
340,0.029153447000112465,29.153447000112465
341,0.02868642999999338,28.68642999999338
342,0.023054406000028393,23.054406000028393
343,0.022681093999949553,22.681093999949553
344,0.02879693199997746,28.79693199997746
345,0.02917988299998342,29.17988299998342
346,0.023933605000024727,23.933605000024727
347,0.023292034000064632,23.292034000064632
348,0.0301944809999668,30.1944809999668
349,0.030107227000030434,30.107227000030434
350,0.02305602199999157,23.05602199999157
351,0.02274085199996989,22.74085199996989
352,0.030231867999987116,30.231867999987116
353,0.029134533999922496,29.134533999922496
354,0.02320201600002747,23.20201600002747
355,0.02296447799994894,22.96447799994894
356,0.03545808500007297,35.45808500007297
357,0.02507931100001315,25.07931100001315
358,0.023695647999943503,23.695647999943503
359,0.023732928999947944,23.732928999947944
360,0.028229454999973314,28.229454999973314
361,0.030134047999922586,30.134047999922586
362,0.023471626999935324,23.471626999935324
363,0.022636219999981222,22.636219999981222
364,0.029298228999891762,29.298228999891762
365,0.028664886999990813,28.664886999990813
366,0.023238751999997476,23.238751999997476
367,0.02271205599993209,22.71205599993209
368,0.028622266999946078,28.622266999946078
369,0.02979085300000861,29.79085300000861
370,0.023877242000025944,23.877242000025944
371,0.023343380000028446,23.343380000028446
372,0.03078346299992063,30.78346299992063
373,0.02929757000003974,29.29757000003974
374,0.023710083999958442,23.710083999958442
375,0.022707824999997683,22.707824999997683
376,0.03446007900004133,34.46007900004133
377,0.02410216800001308,24.10216800001308
378,0.0239101900000378,23.9101900000378
379,0.02346133200001077,23.46133200001077
380,0.027678117999926144,27.678117999926144
381,0.023655870999959916,23.655870999959916
382,0.023147807999976067,23.147807999976067
383,0.023157309999987774,23.157309999987774
384,0.024396771999931843,24.396771999931843
385,0.04901338399997712,49.01338399997712
386,0.07767166199994335,77.67166199994335
387,0.022745486000076198,22.7454860000762
388,0.03200027200000477,32.00027200000477
389,0.026724727999976494,26.724727999976494
390,0.02366935200006992,23.66935200006992
391,0.023358314999995855,23.358314999995855
392,0.02799449300005108,27.99449300005108
393,0.0282552809999288,28.2552809999288
394,0.023131800999976804,23.131800999976804
395,0.022727992000000086,22.727992000000086
396,0.026541604000044572,26.541604000044572
397,0.03841437800008407,38.41437800008407
398,0.027854025999999976,27.854025999999976
399,0.022703697999986616,22.703697999986616
400,0.03410484699998051,34.10484699998051
401,0.02429652000000715,24.29652000000715
402,0.02360468100005164,23.60468100005164
403,0.023956201999908444,23.956201999908444
404,0.028831180999986827,28.831180999986827
405,0.025002670999924703,25.002670999924703
406,0.02376255499996205,23.76255499996205
407,0.022603428000024905,22.603428000024905
408,0.0291526140000542,29.1526140000542
409,0.02352380400009224,23.52380400009224
410,0.023337915000070097,23.337915000070097
411,0.02267747500002315,22.67747500002315
412,0.03370095599996148,33.70095599996148
413,0.024042132000090533,24.042132000090533
414,0.02366740699994807,23.66740699994807
415,0.023372367999968446,23.372367999968446
416,0.02863904400010142,28.63904400010142
417,0.02474532500002624,24.74532500002624
418,0.023837383000000045,23.837383000000045
419,0.022728841999992255,22.728841999992255
420,0.029412503999992623,29.412503999992623
421,0.023367055999983677,23.367055999983677
422,0.02312459800009492,23.12459800009492
423,0.022903133999989223,22.903133999989223
424,0.031023425000057614,31.023425000057614
425,0.024232952999909685,24.232952999909685
426,0.02365304099998866,23.65304099998866
427,0.02329677399995944,23.29677399995944
428,0.02946251800005939,29.46251800005939
429,0.02584499199997481,25.84499199997481
430,0.023720470000057503,23.720470000057503
431,0.023477094999975634,23.477094999975634
432,0.02746707599999354,27.46707599999354
433,0.02712363800003459,27.12363800003459
434,0.023129028000084872,23.129028000084872
435,0.02261061499996231,22.61061499996231
436,0.03384840900002928,33.84840900002928
437,0.0246188630000006,24.6188630000006
438,0.023928689000058512,23.92868900005851
439,0.023364184000001842,23.364184000001842
440,0.028524855999989995,28.524855999989995
441,0.024186529999951745,24.186529999951745
442,0.02380083299999569,23.80083299999569
443,0.02293551100001423,22.93551100001423
444,0.028252754000050118,28.252754000050118
445,0.0234843619999765,23.4843619999765
446,0.02327031899994836,23.27031899994836
447,0.022650386000009348,22.650386000009348
448,0.03218540700004269,32.18540700004269
449,0.024060921000000235,24.060921000000235
450,0.024703265999960422,24.703265999960422
451,0.026969077999979163,26.969077999979163
452,0.03178920300001664,31.78920300001664
453,0.030024241000091934,30.024241000091934
454,0.024147139999968203,24.147139999968203
455,0.023254632999964997,23.254632999964997
456,0.029827562000036778,29.827562000036778
457,0.028810371999952622,28.810371999952622
458,0.023350746999994954,23.350746999994954
459,0.02284793199999058,22.84793199999058
460,0.030520526000032078,30.520526000032078
461,0.02616547700006322,26.16547700006322
462,0.02484248000007483,24.84248000007483
463,0.02270668799997111,22.70668799997111
464,0.03438628999992943,34.38628999992943
465,0.024703418000058264,24.703418000058264
466,0.02379997100001674,23.79997100001674
467,0.023437231000002612,23.437231000002612
468,0.02684377200000654,26.84377200000654
469,0.032278318000066974,32.278318000066974
470,0.023711001000037868,23.711001000037868
471,0.023690371000043342,23.690371000043342
472,0.03600205800000822,36.00205800000822
473,0.026161611000020457,26.161611000020457
474,0.023455460999912248,23.455460999912248
475,0.022939330999975027,22.939330999975027
476,0.027366959999994833,27.366959999994833
477,0.03457280099996751,34.57280099996751
478,0.023176669999998012,23.176669999998012
479,0.02258879999999408,22.58879999999408
480,0.03494823500000166,34.94823500000166
481,0.024981823000075565,24.981823000075565
482,0.02271381699995345,22.71381699995345
483,0.02302823900004114,23.02823900004114
484,0.04486975400004667,44.86975400004667
485,0.02792766900006427,27.92766900006427
486,0.030875717999947483,30.875717999947483
487,0.025715267999999014,25.715267999999014
488,0.04476480400001037,44.76480400001037
489,0.026096614000039153,26.096614000039153
490,0.025961456000004546,25.961456000004546
491,0.023614077000047473,23.614077000047473
492,0.03937367599996833,39.37367599996833
493,0.028793415999984973,28.793415999984973
494,0.025203928999985692,25.203928999985692
495,0.024528857999939646,24.528857999939646
496,0.045004515999949035,45.004515999949035
497,0.02298487300004126,22.98487300004126
498,0.021963982999977816,21.963982999977816
499,0.021548481999957403,21.548481999957403
500,0.033066022000070916,33.066022000070916
501,0.02851728699999967,28.51728699999967
502,0.021834828999999445,21.834828999999445
503,0.021146407999935946,21.146407999935946
504,0.03140383200002361,31.403832000023613
505,0.028415194999979576,28.415194999979576
506,0.021300928999949065,21.300928999949065
507,0.021348590999991757,21.348590999991757
508,0.03220353699998668,32.20353699998668
509,0.028774136000038197,28.774136000038197
510,0.021712337999929332,21.712337999929332
511,0.021343748999925083,21.343748999925083
512,0.03133630499996798,31.33630499996798
513,0.028178530999980467,28.178530999980467
514,0.022108896999952776,22.108896999952776
515,0.021245625999995355,21.245625999995355
516,0.03650892699999986,36.50892699999986
517,0.02796341400005531,27.96341400005531
518,0.02160719699998026,21.60719699998026
519,0.02365358399993056,23.65358399993056
520,0.032956531999957406,32.956531999957406
521,0.02865129400004207,28.65129400004207
522,0.02129470699992453,21.29470699992453
523,0.02104109900005824,21.04109900005824
524,0.03235822999999982,32.35822999999982
525,0.0274487209999279,27.4487209999279
526,0.024262212000053296,24.262212000053296
527,0.020662739000044894,20.662739000044894
528,0.03103083999997125,31.03083999997125
529,0.028065322999964337,28.065322999964337
530,0.022243520999950306,22.243520999950306
531,0.02130034499998601,21.30034499998601
532,0.032586058999982015,32.586058999982015
533,0.02854203900005814,28.54203900005814
534,0.021898321999969994,21.898321999969994
535,0.02183609799999431,21.83609799999431
536,0.03101932599997781,31.01932599997781
537,0.0276791559999765,27.6791559999765
538,0.021379025999976875,21.379025999976875
539,0.020887070999947355,20.887070999947355
540,0.02692803400009325,26.92803400009325
541,0.03174076699997386,31.740766999973857
542,0.021868768999979693,21.868768999979693
543,0.02139612300004501,21.39612300004501
544,0.03282173700006297,32.82173700006297
545,0.023084717999950044,23.084717999950044
546,0.021740855999951236,21.740855999951236
547,0.021688515999926494,21.688515999926494
548,0.036348804999988715,36.348804999988715
549,0.02298599400000967,22.98599400000967
550,0.021734548000040377,21.734548000040377
551,0.021639959000026465,21.639959000026465
552,0.032420865000062804,32.420865000062804
553,0.02640094700007012,26.40094700007012
554,0.022090573000014047,22.090573000014047
555,0.020931877999942117,20.931877999942117
556,0.03281382600005145,32.81382600005145
557,0.028334938000057264,28.334938000057264
558,0.021872272999985398,21.872272999985398
559,0.02156755799990151,21.56755799990151
560,0.03740540000001147,37.40540000001147
561,0.022960746999956427,22.960746999956427
562,0.021928229999957694,21.928229999957694
563,0.021555564999971466,21.555564999971466
564,0.03441764100000455,34.41764100000455
565,0.04183766299991021,41.83766299991021
566,0.02262892200008082,22.62892200008082
567,0.021360481000101572,21.360481000101572
568,0.0402526760000228,40.2526760000228
569,0.02285447999997814,22.85447999997814
570,0.022284915000000183,22.284915000000183
571,0.021581862999937584,21.581862999937584
572,0.032765365000045676,32.765365000045676
573,0.023038338999981534,23.038338999981534
574,0.02208987899996373,22.08987899996373
575,0.02109003699990808,21.09003699990808
576,0.03209516300000814,32.09516300000814
577,0.026508144999979777,26.508144999979777
578,0.0218578559999969,21.8578559999969
579,0.020727940999904604,20.727940999904604
580,0.03242565499999728,32.42565499999728
581,0.02762828699997044,27.62828699997044
582,0.02152526800000487,21.52526800000487
583,0.021562436000067464,21.562436000067464
584,0.031256819000077485,31.256819000077485
585,0.030513713000004827,30.513713000004827
586,0.023811290999901757,23.811290999901757
587,0.02248064200000499,22.48064200000499
588,0.038075190999961706,38.075190999961706
589,0.022527712000055544,22.527712000055544
590,0.02150077200008127,21.50077200008127
591,0.02111269399995308,21.11269399995308
592,0.03214161999994758,32.14161999994758
593,0.029435784000042986,29.435784000042986
594,0.021402069000032498,21.402069000032498
595,0.021077627999943616,21.077627999943616
596,0.032954890000041814,32.954890000041814
597,0.028943073999926128,28.943073999926128
598,0.022121838999964893,22.121838999964893
599,0.02174407399991196,21.74407399991196
600,0.03374608800004353,33.74608800004353
601,0.027987791999976253,27.987791999976253
602,0.02151019500001894,21.51019500001894
603,0.020735891999947853,20.735891999947853
604,0.03424165900003118,34.24165900003118
605,0.02288670000007187,22.88670000007187
606,0.021807344999956513,21.807344999956513
607,0.021430262000080802,21.430262000080802
608,0.03334570000004078,33.34570000004078
609,0.023115856000003987,23.115856000003987
610,0.02192939799999749,21.92939799999749
611,0.021235936000039146,21.235936000039146
612,0.03285729499998524,32.85729499998524
613,0.02806942999995954,28.06942999995954
614,0.021172300999978688,21.172300999978688
615,0.020864149999965775,20.864149999965775
616,0.03259610400004931,32.59610400004931
617,0.028130146999956196,28.130146999956196
618,0.03177518700010751,31.775187000107508
619,0.02246501799993439,22.46501799993439
620,0.028272647999983747,28.272647999983747
621,0.032564643000000615,32.564643000000615
622,0.022416754000005312,22.416754000005312
623,0.021362733999922057,21.362733999922057
624,0.02738462599995728,27.38462599995728
625,0.03153203699991991,31.53203699991991
626,0.02798066800005472,27.98066800005472
627,0.022524893000081647,22.524893000081647
628,0.03492240499997479,34.92240499997479
629,0.024462525999979334,24.462525999979334
630,0.024105280999947354,24.105280999947354
631,0.025493997000012314,25.493997000012314
632,0.024474830000031034,24.474830000031034
633,0.03159331899996687,31.59331899996687
634,0.024227521000057095,24.227521000057095
635,0.023971146000008048,23.971146000008048
636,0.028702197000029628,28.702197000029628
637,0.030476517000010972,30.476517000010972
638,0.024105519000045206,24.105519000045206
639,0.023148396000010507,23.148396000010507
640,0.02882649399998627,28.82649399998627
641,0.028079867999963426,28.079867999963426
642,0.02310745299996597,23.10745299996597
643,0.022721714999988762,22.721714999988762
644,0.02872098700004244,28.72098700004244
645,0.027943470999957754,27.943470999957754
646,0.02312262499992812,23.12262499992812
647,0.0226424870000983,22.6424870000983
648,0.028810131999989608,28.810131999989608
649,0.029056124000021555,29.056124000021555
650,0.02378950700006044,23.78950700006044
651,0.023073264999993626,23.073264999993626
652,0.031203131999973266,31.203131999973266
653,0.028912609999906635,28.912609999906635
654,0.023498101999962273,23.498101999962273
655,0.023604067000064788,23.604067000064788
656,0.03166170499991949,31.661704999919493
657,0.024381622000078096,24.381622000078096
658,0.023737448000019867,23.737448000019867
659,0.02326723999999558,23.26723999999558
660,0.028020364999974845,28.020364999974845
661,0.024131734000093275,24.131734000093275
662,0.023309143999995285,23.309143999995285
663,0.02247624899996481,22.47624899996481
664,0.02974911699993754,29.74911699993754
665,0.02943724099998235,29.43724099998235
666,0.022973342999989654,22.973342999989654
667,0.02279002299997046,22.79002299997046
668,0.03153854600009254,31.538546000092538
669,0.026131266999982472,26.131266999982472
670,0.023589947999994365,23.589947999994365
671,0.023111761999984992,23.111761999984992
672,0.027944496000031904,27.944496000031904
673,0.027317723999999544,27.317723999999544
674,0.023565692000033778,23.565692000033778
675,0.022729171999912978,22.729171999912978
676,0.03135377299997799,31.35377299997799
677,0.023997368999971513,23.997368999971513
678,0.0242198550000694,24.2198550000694
679,0.02300458799993521,23.00458799993521
680,0.028456258999995043,28.456258999995043
681,0.024626057999967088,24.626057999967088
682,0.023156591000088156,23.156591000088156
683,0.022605979999980264,22.605979999980264
684,0.029543385000010858,29.543385000010858
685,0.028435088999913205,28.435088999913205
686,0.0229118050000352,22.9118050000352
687,0.02278148899995358,22.78148899995358
688,0.031404274000010446,31.404274000010446
689,0.02655664999997498,26.55664999997498
690,0.02361928099992383,23.61928099992383
691,0.02331176500001675,23.31176500001675
692,0.027717832999996972,27.717832999996972
693,0.026172923999979503,26.172923999979503
694,0.023776615999963724,23.776615999963724
695,0.023104682999928627,23.104682999928627
696,0.03640765599993756,36.40765599993756
697,0.023875687999975526,23.875687999975526
698,0.02362984299998061,23.62984299998061
699,0.022967590000007476,22.967590000007476
700,0.03968526699998165,39.68526699998165
701,0.024944612000012967,24.944612000012967
702,0.022991819000026226,22.991819000026226
703,0.022584308999967107,22.584308999967107
704,0.030425612000044566,30.425612000044566
705,0.028214453999908073,28.214453999908073
706,0.02346391000003223,23.46391000003223
707,0.022524105000002237,22.524105000002237
708,0.032539762999931554,32.539762999931554
709,0.02914680899993982,29.14680899993982
710,0.02358272300000408,23.58272300000408
711,0.02327049099994838,23.27049099994838
712,0.03974908999998661,39.74908999998661
713,0.02520363600001474,25.20363600001474
714,0.023892579000062142,23.892579000062142
715,0.022555551000095875,22.555551000095875
716,0.035195096999927955,35.195096999927955
717,0.02883494699995026,28.83494699995026
718,0.025167559000010442,25.167559000010442
719,0.02515174699999534,25.15174699999534
720,0.032342795999966256,32.342795999966256
721,0.023965816999975686,23.965816999975686
722,0.023684064999997645,23.684064999997645
723,0.023405701999990924,23.405701999990924
724,0.031950102999985575,31.950102999985575
725,0.023868416000027537,23.868416000027537
726,0.02279112200005784,22.79112200005784
727,0.0231915960000606,23.1915960000606
728,0.02722768499995709,27.22768499995709
729,0.024508579000098507,24.508579000098507
730,0.02296084800002518,22.96084800002518
731,0.022594186999981503,22.594186999981503
732,0.028840715999990607,28.840715999990607
733,0.03423260400006711,34.23260400006711
734,0.027571336000050906,27.571336000050906
735,0.023592511999936505,23.592511999936505
736,0.03184320000002572,31.843200000025718
737,0.02878937799994219,28.78937799994219
738,0.02378436399999373,23.78436399999373
739,0.02368243400007941,23.68243400007941
740,0.03063946700001452,30.63946700001452
741,0.027742405999902076,27.742405999902076
742,0.023678893000010248,23.678893000010248
743,0.02259326700004749,22.59326700004749
744,0.030367668999929265,30.367668999929265
745,0.025411999999960244,25.411999999960244
746,0.023295521000022745,23.295521000022745
747,0.022544915000025867,22.544915000025867
748,0.031191132000003563,31.191132000003563
749,0.024809376999996857,24.809376999996857
750,0.023547581999991962,23.547581999991962
751,0.023224787000003744,23.224787000003744
752,0.03366428999993332,33.66428999993332
753,0.024120029000073373,24.120029000073373
754,0.02393078800002968,23.93078800002968
755,0.023211252000010063,23.211252000010063
756,0.027715186000023095,27.715186000023095
757,0.025031410999986292,25.031410999986292
758,0.023228101999961837,23.228101999961837
759,0.022637288999931116,22.637288999931116
760,0.03181949299994358,31.819492999943577
761,0.024081001000013202,24.081001000013202
762,0.023552160999997795,23.552160999997795
763,0.02321760400002404,23.21760400002404
764,0.028440800999987914,28.440800999987914
765,0.02415534299996125,24.15534299996125
766,0.023055434000070818,23.055434000070818
767,0.022560623999993368,22.560623999993368
768,0.037299428999972406,37.299428999972406
769,0.026146935000042504,26.146935000042504
770,0.02361969699995825,23.61969699995825
771,0.02319933100000071,23.19933100000071
772,0.029672654000023613,29.672654000023613
773,0.028929801999993288,28.929801999993288
774,0.023087884999995367,23.087884999995367
775,0.022748943999999938,22.748943999999938
776,0.028589184999987083,28.589184999987083
777,0.029337658000031297,29.337658000031297
778,0.02317237300007946,23.17237300007946
779,0.0227834449999591,22.7834449999591
780,0.028758745000004637,28.758745000004637
781,0.028497571999992033,28.497571999992033
782,0.02311078400009592,23.11078400009592
783,0.022629867999967246,22.629867999967246
784,0.02952259900007448,29.52259900007448
785,0.028865396000014698,28.865396000014698
786,0.027845710000065083,27.845710000065083
787,0.027026621000004525,27.026621000004525
788,0.04004180900005849,40.04180900005849
789,0.023695829999951457,23.695829999951457
790,0.0243844500000705,24.3844500000705
791,0.02267968099999962,22.67968099999962
792,0.030893819999960215,30.893819999960215
793,0.02857071799996902,28.57071799996902
794,0.02312711699994452,23.12711699994452
795,0.02268987599995853,22.68987599995853
796,0.029682941999908508,29.682941999908508
797,0.028277914999989662,28.27791499998966
798,0.02320979699993586,23.20979699993586
799,0.02276436800002557,22.76436800002557
800,0.029712816000028397,29.712816000028397
801,0.029276940000045215,29.276940000045215
802,0.023576883000032467,23.576883000032467
803,0.023682243999928687,23.682243999928687
804,0.03080697899997631,30.80697899997631
805,0.02404625200006194,24.04625200006194
806,0.023035248000041975,23.035248000041975
807,0.022990304000018114,22.990304000018114
808,0.03164932599997883,31.649325999978828
809,0.024070792999964397,24.070792999964397
810,0.02373535999993237,23.73535999993237
811,0.02321040100002847,23.21040100002847
812,0.12894474099994113,128.94474099994113
813,0.022507011000016064,22.507011000016064
814,0.022786628000062592,22.786628000062592
815,0.023176246999923933,23.176246999923933
816,0.0330577299999959,33.0577299999959
817,0.03142200499996761,31.422004999967612
818,0.02744218699990597,27.44218699990597
819,0.048873728999978994,48.873728999978994
820,0.027927092000027187,27.927092000027187
821,0.023726543999941896,23.726543999941896
822,0.03338934700002483,33.38934700002483
823,0.02912873499997204,29.12873499997204
824,0.026214840999955413,26.214840999955413
825,0.026387163999970653,26.387163999970653
826,0.044959882000057405,44.959882000057405
827,0.024049530000070263,24.049530000070263
828,0.02246098599994184,22.46098599994184
829,0.031013098000016726,31.013098000016726
830,0.028776164000078097,28.776164000078097
831,0.02310122999995201,23.10122999995201
832,0.0227600309999616,22.7600309999616
833,0.03570005099993523,35.70005099993523
834,0.025417254999979377,25.417254999979377
835,0.02444907599999624,24.44907599999624
836,0.02351553400001194,23.51553400001194
837,0.03204551299995728,32.04551299995728
838,0.024104226999952516,24.104226999952516
839,0.022969069000055242,22.969069000055242
840,0.022631368000020302,22.631368000020302
841,0.027232068999978765,27.232068999978765
842,0.02627939800004242,26.27939800004242
843,0.02332782199994199,23.32782199994199
844,0.02338452200001484,23.38452200001484
845,0.03719816599993919,37.19816599993919
846,0.023355498000000807,23.355498000000807
847,0.022954609999942477,22.954609999942477
848,0.0227294509999183,22.7294509999183
849,0.027062279999995553,27.062279999995553
850,0.023546120999981213,23.546120999981213
851,0.024078733999999713,24.078733999999713
852,0.024006279999980507,24.006279999980507
853,0.02901865599994835,29.01865599994835
854,0.02458715000000211,24.58715000000211
855,0.02392069999996238,23.92069999996238
856,0.02320660800000951,23.20660800000951
857,0.028826292999951875,28.826292999951875
858,0.024261603000013565,24.261603000013565
859,0.023306855999976506,23.306855999976506
860,0.022670661000006476,22.670661000006476
861,0.032078017000003456,32.078017000003456
862,0.02355780200002755,23.55780200002755
863,0.02307616699999926,23.07616699999926
864,0.022701243000028626,22.701243000028626
865,0.0316289139999526,31.6289139999526
866,0.02467156399995929,24.67156399995929
867,0.023821577999910915,23.821577999910915
868,0.023573404999979175,23.573404999979175
869,0.028190928000071835,28.190928000071835
870,0.0275812440000891,27.5812440000891
871,0.023704513999973642,23.704513999973642
872,0.022561267000014595,22.561267000014595
873,0.032051594999984445,32.051594999984445
874,0.024182904999975108,24.182904999975108
875,0.02416780800001561,24.16780800001561
876,0.023319534000052045,23.319534000052045
877,0.02714296099998137,27.14296099998137
878,0.025588296000023547,25.588296000023547
879,0.022934929000030024,22.934929000030024
880,0.02275191299997914,22.75191299997914
881,0.03000738100001854,30.00738100001854
882,0.028389427999968575,28.389427999968575
883,0.023148202000015772,23.14820200001577
884,0.02277588200001901,22.77588200001901
885,0.030481798999971943,30.481798999971943
886,0.0285817120000047,28.5817120000047
887,0.023701628000026176,23.701628000026176
888,0.023313217999998415,23.313217999998415
889,0.028266458999951283,28.266458999951283
890,0.024799170000051163,24.799170000051163
891,0.02300824700000703,23.00824700000703
892,0.022920370999941042,22.920370999941042
893,0.03027163899992047,30.27163899992047
894,0.02776236699992296,27.76236699992296
895,0.023639677999995,23.639677999995
896,0.0235497740000028,23.5497740000028
897,0.045085074999974495,45.085074999974495
898,0.027883198000040466,27.883198000040466
899,0.023832717999994202,23.832717999994202
900,0.023254412000028424,23.254412000028424
901,0.04111650299989833,41.11650299989833
902,0.022742386000004444,22.742386000004444
903,0.021606349000080627,21.606349000080627
904,0.021201833999953124,21.201833999953124
905,0.029941251999957785,29.941251999957785
906,0.022520864000057372,22.520864000057372
907,0.022016080999947008,22.016080999947008
908,0.021536972000035348,21.536972000035348
909,0.03311728200003472,33.11728200003472
910,0.02466483600005631,24.66483600005631
911,0.022262582000053044,22.262582000053044
912,0.021714667999958692,21.714667999958692
913,0.032614219999913985,32.614219999913985
914,0.027579330999969898,27.579330999969898
915,0.02245192699990639,22.45192699990639
916,0.02137629600008495,21.37629600008495
917,0.0353409690000035,35.3409690000035
918,0.022955069999966327,22.955069999966327
919,0.021699625000110245,21.699625000110245
920,0.02113334400007716,21.13334400007716
921,0.03400856999996904,34.00856999996904
922,0.025852151999970374,25.852151999970374
923,0.02211482999996406,22.11482999996406
924,0.02161996300003466,21.61996300003466
925,0.035619808000092235,35.619808000092235
926,0.02270140200005244,22.70140200005244
927,0.02160909399992761,21.60909399992761
928,0.020828057000016997,20.828057000016997
929,0.03455418999999438,34.55418999999438
930,0.02771875899998122,27.71875899998122
931,0.02165362899995671,21.65362899995671
932,0.02146548099995016,21.46548099995016
933,0.03739882499996838,37.39882499996838
934,0.024763505999999325,24.763505999999325
935,0.02168592600003194,21.68592600003194
936,0.02136318800000936,21.36318800000936
937,0.03670396500001516,36.70396500001516
938,0.02352512899994963,23.52512899994963
939,0.02227021600003809,22.27021600003809
940,0.021555247000037525,21.555247000037525
941,0.03406947400003446,34.06947400003446
942,0.023042304000000513,23.042304000000513
943,0.022052239999993617,22.052239999993617
944,0.02149535000000924,21.49535000000924
945,0.03317362900008902,33.17362900008902
946,0.026953021000053923,26.953021000053923
947,0.021461142000021027,21.461142000021027
948,0.020941221000043697,20.941221000043697
949,0.03324384200004715,33.24384200004715
950,0.03380948599999556,33.80948599999556
951,0.02699083499999233,26.99083499999233
952,0.023131435999971472,23.131435999971472
953,0.030245196000009855,30.245196000009855
954,0.030701562999979615,30.701562999979615
955,0.023715575999972316,23.715575999972316
956,0.02381466100007401,23.81466100007401
957,0.025644715999987966,25.644715999987966
958,0.03297385300004407,32.97385300004407
959,0.02362610499994844,23.62610499994844
960,0.023154465000061464,23.154465000061464
961,0.032377942000039184,32.377942000039184
962,0.02372655399994983,23.72655399994983
963,0.024427957000057177,24.427957000057177
964,0.024783158000104777,24.783158000104777
965,0.04598423200002344,45.98423200002344
966,0.025927322000029562,25.927322000029562
967,0.023284739000018817,23.284739000018817
968,0.023569120999923143,23.569120999923143
969,0.02744423099989035,27.44423099989035
970,0.024816564000047947,24.816564000047947
971,0.02312514300001567,23.12514300001567
972,0.02265286700003344,22.65286700003344
973,0.031341764999979205,31.341764999979205
974,0.025505895000037526,25.505895000037526
975,0.023616512999979022,23.616512999979022
976,0.02345809299993107,23.45809299993107
977,0.02609190900000158,26.09190900000158
978,0.03456339599995317,34.56339599995317
979,0.023305531999994855,23.305531999994855
980,0.022705907000045045,22.705907000045045
981,0.026811304000034397,26.811304000034397
982,0.031089570999938587,31.089570999938587
983,0.02510054999993372,25.10054999993372
984,0.02336221000007299,23.36221000007299
985,0.029863763999969706,29.863763999969706
986,0.028954986000030658,28.954986000030658
987,0.024479258000042137,24.479258000042137
988,0.02276493700003357,22.76493700003357
989,0.02987407099999473,29.87407099999473
990,0.028493177999962427,28.493177999962427
991,0.023148879000018496,23.148879000018496
992,0.02267303400003584,22.67303400003584
993,0.02918970400003218,29.18970400003218
994,0.028828677000092284,28.828677000092284
995,0.02307042500001444,23.07042500001444
996,0.02282934800007297,22.82934800007297
997,0.025085502000024462,25.085502000024462
998,0.0322327830000404,32.2327830000404
999,0.024027898000099412,24.027898000099412
1000,0.02360967900006017,23.60967900006017
1001,0.03181868100000429,31.81868100000429
1002,0.02436381400002574,24.36381400002574
1003,0.024356336999971973,24.356336999971973
1004,0.023523261000036655,23.523261000036655
1005,0.02802118399995379,28.02118399995379
1006,0.024610230000007505,24.610230000007505
1007,0.023075091000009706,23.075091000009706
1008,0.0225976010000295,22.5976010000295
1009,0.030950598999993417,30.950598999993417
1010,0.025013706999970964,25.013706999970964
1011,0.02342364000003272,23.42364000003272
1012,0.0233451580000974,23.3451580000974
1013,0.03233145000001514,32.33145000001514
1014,0.02421576599999753,24.21576599999753
1015,0.023666564999984985,23.666564999984985
1016,0.02486948900002517,24.86948900002517
1017,0.02768695800000387,27.68695800000387
1018,0.023909830999969017,23.909830999969017
1019,0.023352697000063927,23.352697000063927
1020,0.02280000400003246,22.80000400003246
1021,0.03437777499993899,34.37777499993899
1022,0.02430763500001376,24.30763500001376
1023,0.023637085000018487,23.637085000018487
1024,0.023316125999940596,23.316125999940596
1025,0.0273978289999377,27.3978289999377
1026,0.023636688999999933,23.636688999999933
1027,0.023279973000057907,23.279973000057907
1028,0.02267484699996203,22.67484699996203
1029,0.03093585100009477,30.93585100009477
1030,0.025710297000046012,25.710297000046012
1031,0.023218070000098123,23.218070000098123
1032,0.023218633000055888,23.21863300005589
1033,0.03391816299995298,33.91816299995298
1034,0.024152966000087872,24.152966000087872
1035,0.023514889000011863,23.514889000011863
1036,0.023366784000018015,23.366784000018015
1037,0.02669795700001032,26.69795700001032
1038,0.032918987000016386,32.918987000016386
1039,0.023929358000032153,23.929358000032153
1040,0.023385468000014953,23.385468000014953
1041,0.035732069999994565,35.732069999994565
1042,0.02750323500004015,27.50323500004015
1043,0.023236083000028884,23.236083000028884
1044,0.02263577200005784,22.63577200005784
1045,0.031115873999965515,31.115873999965515
1046,0.025338729000054627,25.338729000054627
1047,0.023811145000081524,23.811145000081524
1048,0.023345930000004955,23.345930000004955
1049,0.028052920000050108,28.052920000050108
1050,0.03530906200001027,35.30906200001027
1051,0.025261791000048106,25.261791000048106
1052,0.023782109999956447,23.782109999956447
1053,0.029308995999940635,29.308995999940635
1054,0.02871807799999715,28.71807799999715
1055,0.023282998000013322,23.282998000013322
1056,0.022647147000043333,22.647147000043333
1057,0.03161019699996359,31.61019699996359
1058,0.029392141000016636,29.392141000016636
1059,0.023003103999940322,23.003103999940322
1060,0.022821264000072006,22.821264000072006
1061,0.03174312800001644,31.74312800001644
1062,0.02507072599996718,25.07072599996718
1063,0.02366955299999063,23.66955299999063
1064,0.024203979000049003,24.203979000049003
1065,0.027855337999994845,27.855337999994845
1066,0.036844712999936746,36.844712999936746
1067,0.023985317999972722,23.98531799997272
1068,0.023167831000023398,23.167831000023398
1069,0.033315885999968486,33.315885999968486
1070,0.02842449599995689,28.42449599995689
1071,0.023300002999917524,23.300002999917524
1072,0.022715251000022363,22.715251000022363
1073,0.027126629000008506,27.126629000008506
1074,0.02869201900000462,28.69201900000462
1075,0.023126966000063476,23.126966000063476
1076,0.022739519999959157,22.739519999959157
1077,0.030982940999933817,30.982940999933817
1078,0.02915733400004683,29.15733400004683
1079,0.02356038499999613,23.56038499999613
1080,0.02342397899997195,23.42397899997195
1081,0.02822578200004955,28.22578200004955
1082,0.035371337000015046,35.371337000015046
1083,0.0230735889999778,23.0735889999778
1084,0.022595446999957858,22.595446999957858
1085,0.028491850000023078,28.491850000023078
1086,0.028703285999995387,28.703285999995387
1087,0.02324562399996921,23.24562399996921
1088,0.022799984000016593,22.799984000016593
1089,0.02876634999995531,28.76634999995531
1090,0.0287033680000377,28.7033680000377
1091,0.023094887999945968,23.094887999945968
1092,0.02246579699999529,22.46579699999529
1093,0.028861445999950774,28.861445999950774
1094,0.029850481000039508,29.850481000039508
1095,0.023556871999971918,23.556871999971918
1096,0.023299927000039133,23.299927000039133
1097,0.03033972699995502,30.33972699995502
1098,0.028970743000058974,28.970743000058974
1099,0.023164251000025615,23.164251000025615
1100,0.022889566999992894,22.889566999992894
1101,0.032098679999990054,32.098679999990054
1102,0.025791439000045102,25.791439000045102
1103,0.023061264000034498,23.061264000034498
1104,0.02270170600002075,22.70170600002075
1105,0.03221951500006526,32.21951500006526
1106,0.023944923000044582,23.944923000044582
1107,0.023789493999970546,23.789493999970546
1108,0.023832976999983657,23.832976999983657
1109,0.028171161999921424,28.171161999921424
1110,0.026210097999978643,26.210097999978643
1111,0.02309146100003545,23.09146100003545
1112,0.02315728200005651,23.15728200005651
1113,0.03158221000001049,31.58221000001049
1114,0.025382127000057153,25.382127000057153
1115,0.023097121999967385,23.097121999967385
1116,0.022836057000063192,22.836057000063192
1117,0.03102343299997301,31.02343299997301
1118,0.028095269999994343,28.095269999994343
1119,0.029539924000005158,29.539924000005158
1120,0.023920091999912074,23.920091999912074
1121,0.030044934999978068,30.044934999978068
1122,0.0302565389999927,30.2565389999927
1123,0.02316279299998314,23.16279299998314
1124,0.022633521999978257,22.633521999978257
1125,0.03010913499997514,30.10913499997514
1126,0.028371759000037855,28.371759000037855
1127,0.023122200000102566,23.122200000102566
1128,0.022634933999938767,22.634933999938767
1129,0.031237473000032878,31.237473000032878
1130,0.02579408600001898,25.79408600001898
1131,0.02366586899995582,23.66586899995582
1132,0.023292539000067336,23.292539000067336
1133,0.028087629999959063,28.087629999959063
1134,0.025244933999942987,25.244933999942987
1135,0.023671852000006766,23.671852000006766
1136,0.022792084000002433,22.792084000002433
1137,0.031096142000023974,31.096142000023974
1138,0.025594239000042762,25.594239000042762
1139,0.024005161999980373,24.005161999980373
1140,0.022842018000005737,22.842018000005737
1141,0.03443115499999294,34.43115499999294
1142,0.024103982999918117,24.103982999918117
1143,0.023589743000002272,23.589743000002272
1144,0.023307589999944867,23.307589999944867
1145,0.026102748999960568,26.102748999960568
1146,0.03470047700000123,34.70047700000123
1147,0.024468640000009145,24.468640000009145
1148,0.022686281999995117,22.686281999995117
1149,0.02887757700000293,28.87757700000293
1150,0.028866873000083615,28.866873000083615
1151,0.025570906999973886,25.570906999973886
1152,0.025397472000008747,25.397472000008747
1153,0.04728709300002265,47.28709300002265
1154,0.03301447899991672,33.01447899991672
1155,0.033612801000003856,33.612801000003856
1156,0.02568420199997945,25.68420199997945
1157,0.04433118500003275,44.33118500003275
1158,0.024832043999936104,24.832043999936104
1159,0.023546388999989176,23.546388999989176
1160,0.022974840999950175,22.974840999950175
1161,0.027032708999968236,27.032708999968236
1162,0.032440516000065145,32.440516000065145
1163,0.02440190600009373,24.40190600009373
1164,0.024907402999929218,24.907402999929218
1165,0.03923843199993371,39.23843199993371
1166,0.025028966000036235,25.028966000036235
1167,0.023586353000041527,23.586353000041527
1168,0.023342432999925222,23.342432999925222
1169,0.030248613000026126,30.248613000026126
1170,0.0242038499999353,24.2038499999353
1171,0.0237093340000456,23.7093340000456
1172,0.02387643700001263,23.87643700001263
1173,0.0276761060000581,27.6761060000581
1174,0.024162965999948938,24.162965999948938
1175,0.02344016000006377,23.44016000006377
1176,0.022729195000010805,22.729195000010805
1177,0.03189719800002422,31.89719800002422
1178,0.02626599500001703,26.26599500001703
1179,0.02365904999999202,23.65904999999202
1180,0.023293189000014536,23.293189000014536
1181,0.02783210599989161,27.83210599989161
1182,0.023775645000000623,23.775645000000623
1183,0.023161390000041138,23.161390000041138
1184,0.022611092999909488,22.611092999909488
1185,0.032111364999991565,32.111364999991565
1186,0.024338804999956665,24.338804999956665
1187,0.023948056999984146,23.948056999984146
1188,0.023216111000010642,23.216111000010642
1189,0.029488121999975192,29.488121999975192
1190,0.023872237999967183,23.872237999967183
1191,0.02317051599993647,23.17051599993647
1192,0.02273883099996965,22.73883099996965
1193,0.033006382999928974,33.006382999928974
1194,0.024405727000043953,24.405727000043953
1195,0.023824002000083055,23.824002000083055
1196,0.023268249000011565,23.268249000011565
1197,0.025241102999984832,25.241102999984832
1198,0.0352559419999352,35.2559419999352
1199,0.02315377099989746,23.15377099989746
1200,0.022599595000087902,22.599595000087902
1201,0.030120602000010877,30.120602000010877
1202,0.029328128999964065,29.328128999964065
1203,0.0237161229999856,23.7161229999856
1204,0.023546178000060536,23.546178000060536
1205,0.03076223100003972,30.76223100003972
1206,0.029999655999972674,29.999655999972674
1207,0.023492526999916663,23.492526999916663
1208,0.022407605000012154,22.407605000012154
1209,0.11363711100000273,113.63711100000273
1210,0.03023448799990547,30.23448799990547
1211,0.023561448999998902,23.561448999998902
1212,0.02324317800002973,23.24317800002973
1213,0.02941471700000875,29.41471700000875
1214,0.030446078000068155,30.446078000068155
1215,0.0231258069999285,23.1258069999285
1216,0.02272683799992592,22.72683799992592
1217,0.03344339199998103,33.44339199998103
1218,0.02956140300000243,29.56140300000243
1219,0.023297693000017716,23.297693000017716
1220,0.02256799899998896,22.56799899998896
1221,0.032467869000015526,32.467869000015526
1222,0.025027002999991055,25.027002999991055
1223,0.0231675530000075,23.1675530000075
1224,0.02267298199990364,22.67298199990364
1225,0.03664540800002669,36.64540800002669
1226,0.024200671000016882,24.200671000016882
1227,0.02550817199994526,25.50817199994526
1228,0.024333508000040638,24.333508000040638
1229,0.030053551999912997,30.053551999912997
1230,0.029044386999999006,29.044386999999006
1231,0.023876963000020623,23.876963000020623
1232,0.02339928499998223,23.39928499998223
1233,0.032559361000039644,32.559361000039644
1234,0.02826351800001703,28.26351800001703
1235,0.023091952999948262,23.091952999948262
1236,0.022644557000035093,22.644557000035093
1237,0.03243927000005442,32.43927000005442
1238,0.02392582099992069,23.92582099992069
1239,0.023805727999956616,23.805727999956616
1240,0.02503596100007144,25.03596100007144
1241,0.029201964999970187,29.201964999970187
1242,0.03140608199998951,31.40608199998951
1243,0.023141001999988475,23.141001999988475
1244,0.022818610999934208,22.818610999934208
1245,0.029948846000024787,29.948846000024787
1246,0.03596903300001486,35.96903300001486
1247,0.023265041000058773,23.265041000058773
1248,0.02295503799996368,22.95503799996368
1249,0.03465289299992946,34.65289299992946
1250,0.024125109000010525,24.125109000010525
1251,0.02400071099998513,24.00071099998513
1252,0.023646138000003702,23.646138000003702
1253,0.026672466000036366,26.672466000036366
1254,0.030557592000036493,30.557592000036493
1255,0.02365580000002865,23.65580000002865
1256,0.022847526000077778,22.847526000077778
1257,0.028414214000008542,28.414214000008542
1258,0.02898976800008768,28.98976800008768
1259,0.02301216800003658,23.01216800003658
1260,0.022535629999993034,22.535629999993034
1261,0.028940574999978708,28.940574999978708
1262,0.029008511000029102,29.008511000029102
1263,0.024453384000025835,24.453384000025835
1264,0.022789681999938693,22.789681999938693
1265,0.02911808800001836,29.11808800001836
1266,0.028838862000043264,28.838862000043264
1267,0.023766304999981003,23.766304999981003
1268,0.023330282999950214,23.330282999950214
1269,0.040136055999937525,40.136055999937525
1270,0.02382950300000175,23.82950300000175
1271,0.023123362999967867,23.123362999967867
1272,0.024419416000000638,24.419416000000638
1273,0.02613314600000649,26.13314600000649
1274,0.03131855499998437,31.31855499998437
1275,0.023543603999996776,23.543603999996776
1276,0.02334806999999728,23.34806999999728
1277,0.02948941499994362,29.48941499994362
1278,0.028567987999963407,28.567987999963407
1279,0.023476361999996698,23.476361999996698
1280,0.026160322000009728,26.160322000009728
1281,0.042819268000016564,42.819268000016564
1282,0.024098721999962436,24.098721999962436
1283,0.022947866999970756,22.947866999970756
1284,0.02341815299996597,23.41815299996597
1285,0.030295459000058145,30.295459000058145
1286,0.028627995999954692,28.627995999954692
1287,0.023007076999988385,23.007076999988385
1288,0.023282537999989472,23.282537999989472
1289,0.03154923099998541,31.54923099998541
1290,0.02857976799998596,28.57976799998596
1291,0.0239598630000728,23.9598630000728
1292,0.023367525000026035,23.367525000026035
1293,0.025650043000041478,25.650043000041478
1294,0.037143604999982927,37.14360499998293
1295,0.024023295999995753,24.023295999995753
1296,0.02711945900000501,27.11945900000501
1297,0.0323688469999297,32.3688469999297
1298,0.028583212000057756,28.583212000057756
1299,0.02365307800005212,23.65307800005212
1300,0.023521082000002025,23.521082000002025
1301,0.03019854900003338,30.19854900003338
1302,0.028392581000048267,28.392581000048267
1303,0.023169420000044738,23.169420000044738
1304,0.026654504000021007,26.654504000021007
1305,0.028746753000064018,28.746753000064018
1306,0.026816654999947787,26.816654999947787
1307,0.02151219800009585,21.51219800009585
1308,0.02085311600001205,20.85311600001205
1309,0.033450425999944855,33.450425999944855
1310,0.028006858000026114,28.006858000026114
1311,0.0220986479999965,22.0986479999965
1312,0.021926923000023635,21.926923000023635
1313,0.03321536199996444,33.21536199996444
1314,0.028620634000048994,28.620634000048994
1315,0.021913573999995606,21.913573999995606
1316,0.021849578999990626,21.849578999990626
1317,0.03341646100000162,33.41646100000162
1318,0.027826600000025792,27.826600000025792
1319,0.021437590999994427,21.437590999994427
1320,0.020719448000022567,20.719448000022567
1321,0.030668619000039143,30.668619000039143
1322,0.0274075959999891,27.4075959999891
1323,0.021844921000024442,21.844921000024442
1324,0.021726128999944194,21.726128999944194
1325,0.030163410999989537,30.163410999989537
1326,0.027990546000069116,27.990546000069116
1327,0.021526420999975926,21.526420999975926
1328,0.021744602000012492,21.74460200001249
1329,0.03412346400000388,34.12346400000388
1330,0.02410010300002341,24.10010300002341
1331,0.022167588999991494,22.167588999991494
1332,0.02151111000000583,21.51111000000583
1333,0.027180903000044054,27.180903000044054
1334,0.03214647300001161,32.14647300001161
1335,0.021361309999974765,21.361309999974765
1336,0.021028674999911345,21.028674999911345
1337,0.02784314399991672,27.84314399991672
1338,0.032167866999998296,32.167866999998296
1339,0.02185940499998651,21.85940499998651
1340,0.021708267000008163,21.708267000008163
1341,0.03452425699993,34.52425699993
1342,0.023177117000045655,23.177117000045655
1343,0.021819309999955294,21.819309999955294
1344,0.021158919000072274,21.158919000072274
1345,0.03777580099995248,37.77580099995248
1346,0.022491150999940146,22.491150999940146
1347,0.021216913999978715,21.216913999978715
1348,0.021156740000037644,21.156740000037644
1349,0.033423957999957565,33.423957999957565
1350,0.024295237000046654,24.295237000046654
1351,0.022273462999919502,22.273462999919502
1352,0.02249137499995868,22.49137499995868
1353,0.03291423699999996,32.91423699999996
1354,0.027189298000052986,27.189298000052986
1355,0.0217278750000105,21.7278750000105
1356,0.020992024000065612,20.992024000065612
1357,0.03249706500002958,32.49706500002958
1358,0.030214493000016773,30.214493000016773
1359,0.023394298999960483,23.394298999960483
1360,0.022948735999989367,22.948735999989367
1361,0.03253448500004197,32.53448500004197
1362,0.023228078999977697,23.228078999977697
1363,0.02305903000001308,23.05903000001308
1364,0.022670607000009113,22.670607000009113
1365,0.03512415199998031,35.12415199998031
1366,0.023985062000065227,23.985062000065227
1367,0.023893772999940666,23.893772999940666
1368,0.023112549000074978,23.112549000074978
1369,0.04227341799992246,42.27341799992246
1370,0.027279195999994954,27.279195999994954
1371,0.02519813600008547,25.19813600008547
1372,0.021427764999998544,21.427764999998544
1373,0.03073597599995992,30.73597599995992
1374,0.022648463999985324,22.648463999985324
1375,0.02175516099998731,21.75516099998731
1376,0.020897553999930096,20.897553999930096
1377,0.0323003889999427,32.3003889999427
1378,0.02823232299999745,28.23232299999745
1379,0.021755018000021664,21.755018000021664
1380,0.021318946999940636,21.318946999940636
1381,0.032850002000031964,32.850002000031964
1382,0.033881111000027886,33.881111000027886
1383,0.028339222999989033,28.339222999989033
1384,0.021778932000074747,21.778932000074747
1385,0.033171219999985624,33.171219999985624
1386,0.027728262999971776,27.728262999971776
1387,0.021488083000008373,21.488083000008373
1388,0.021070527000006223,21.070527000006223
1389,0.03205610899999556,32.05610899999556
1390,0.02780788699999448,27.80788699999448
1391,0.02158748299996205,21.58748299996205
1392,0.020854272999940804,20.854272999940804
1393,0.027223237999919547,27.223237999919547
1394,0.03460319900000286,34.60319900000286
1395,0.03317044599998553,33.17044599998553
1396,0.03080117000001792,30.80117000001792
1397,0.03520902299999307,35.20902299999307
1398,0.02350305799996022,23.50305799996022
1399,0.022031217999938235,22.031217999938235
1400,0.020969352999941293,20.969352999941293
1401,0.032153654000012466,32.153654000012466
1402,0.027442973999995957,27.442973999995957
1403,0.023824826000009125,23.824826000009125
1404,0.020753961999957937,20.753961999957937
1405,0.03277797900000223,32.77797900000223
1406,0.02725871100005861,27.25871100005861
1407,0.021417173000031653,21.417173000031653
1408,0.02143915300007393,21.43915300007393
1409,0.03360096699998394,33.60096699998394
1410,0.028685372000040843,28.685372000040843
1411,0.022212870999965162,22.212870999965162
1412,0.02173801099991124,21.73801099991124
1413,0.03224619299999176,32.24619299999176
1414,0.02831939100008185,28.31939100008185
1415,0.02170963200001097,21.70963200001097
1416,0.020847776999971757,20.847776999971757
1417,0.032104623999998694,32.104623999998694
1418,0.028455377000000226,28.455377000000226
1419,0.022351976999971157,22.351976999971157
1420,0.020834779999972852,20.834779999972852
1421,0.03207536499996877,32.07536499996877
1422,0.02842266599998311,28.42266599998311
1423,0.02215452399991591,22.15452399991591
1424,0.021519024000099307,21.519024000099307
1425,0.03151592000006076,31.51592000006076
1426,0.02804244200001449,28.04244200001449
1427,0.021500943000091866,21.500943000091866
1428,0.020794000000023516,20.794000000023516
1429,0.030765874000053373,30.765874000053373
1430,0.02813487600008102,28.13487600008102
1431,0.02793132399995102,27.93132399995102
1432,0.021428508999974838,21.428508999974838
1433,0.03117283699998552,31.17283699998552
1434,0.02829636199999186,28.29636199999186
1435,0.021690528000021914,21.690528000021914
1436,0.022463071000061063,22.463071000061063
1437,0.03476028500006123,34.76028500006123
1438,0.028839887000003728,28.839887000003728
1439,0.022198785999989923,22.198785999989923
1440,0.021587135999993734,21.587135999993734
1441,0.032307378000041354,32.30737800004135
1442,0.028016222000019297,28.016222000019297
1443,0.021228479999990668,21.228479999990668
1444,0.02102392200004033,21.02392200004033
1445,0.032588817999908315,32.588817999908315
1446,0.02747568000006595,27.47568000006595
1447,0.021681465999904503,21.681465999904503
1448,0.021313752999958524,21.313752999958524
1449,0.030773299999964365,30.773299999964365
1450,0.039030081999953836,39.030081999953836
1451,0.02562222799997471,25.62222799997471
1452,0.02195622600004299,21.95622600004299
1453,0.03158605799990255,31.58605799990255
1454,0.028724928999963595,28.724928999963595
1455,0.021734829000024547,21.734829000024547
1456,0.02132225799994103,21.32225799994103
1457,0.028326783000011346,28.326783000011346
1458,0.028377155000043786,28.377155000043786
1459,0.02240768499996193,22.40768499996193
1460,0.021780884999998307,21.780884999998307
1461,0.030306458000040948,30.306458000040948
1462,0.028493108000020584,28.493108000020584
1463,0.021825020999926892,21.825020999926892
1464,0.02094455399992512,20.94455399992512
1465,0.02731244999995397,27.31244999995397
1466,0.032253453999942394,32.253453999942394
1467,0.022481446000028882,22.481446000028882
1468,0.021392300999991676,21.392300999991676
1469,0.029918737000002693,29.918737000002693
1470,0.031269573000031414,31.269573000031414
1471,0.021621419000098285,21.621419000098285
1472,0.020796626999981527,20.796626999981527
1473,0.030773729999964416,30.773729999964416
1474,0.02844817199991212,28.44817199991212
1475,0.021980278999990333,21.980278999990333
1476,0.021392751000007593,21.392751000007593
1477,0.025334032999921874,25.334032999921874
1478,0.03242229599993607,32.42229599993607
1479,0.0219872979999991,21.9872979999991
1480,0.021594585000002553,21.594585000002553
1481,0.03177774000005229,31.77774000005229
1482,0.03341245700005402,33.41245700005402
1483,0.024790722000034293,24.790722000034293
1484,0.02567974500004766,25.67974500004766
1485,0.041149953000058304,41.149953000058304
1486,0.029402021999999306,29.402021999999306
1487,0.023787867999999435,23.787867999999435
1488,0.02286597999989226,22.86597999989226
1489,0.040706290999992234,40.706290999992234
1490,0.026450420999935886,26.450420999935886
1491,0.024129802999937056,24.129802999937056
1492,0.02447092199997769,24.47092199997769
1493,0.0483100659999991,48.3100659999991
1494,0.024515711000049123,24.515711000049123
1495,0.023010016000057476,23.010016000057476
1496,0.022577611999963665,22.577611999963665
1497,0.03198422100001608,31.984221000016078
1498,0.028999599000030685,28.999599000030685
1499,0.024027127000067594,24.027127000067594
1500,0.023348549999923307,23.348549999923307
1501,0.03980537000006734,39.80537000006734
1502,0.024626852000096733,24.626852000096733
1503,0.02295598399996379,22.95598399996379
1504,0.022690728000043237,22.690728000043237
1505,0.03032339799995043,30.32339799995043
1506,0.028047556000046825,28.047556000046825
1507,0.02309424600002785,23.09424600002785
1508,0.02259031699998104,22.59031699998104
1509,0.029371939000043312,29.371939000043312
1510,0.028500251000082244,28.500251000082244
1511,0.023644748000037907,23.644748000037907
1512,0.023767824999936238,23.767824999936238
1513,0.032585337000000436,32.585337000000436
1514,0.028428247999954692,28.428247999954692
1515,0.023061095999992176,23.061095999992176
1516,0.02285006700003578,22.85006700003578
1517,0.03136682899992138,31.36682899992138
1518,0.025884735000090586,25.884735000090586
1519,0.02371135500004584,23.71135500004584
1520,0.022664699999950244,22.664699999950244
1521,0.031465991999994,31.465991999994003
1522,0.024101133000044683,24.101133000044683
1523,0.023611476000041876,23.611476000041876
1524,0.023180308000064542,23.180308000064542
1525,0.028541811999957645,28.541811999957645
1526,0.023970356000063475,23.970356000063475
1527,0.02358622400004151,23.58622400004151
1528,0.023348067999904742,23.348067999904742
1529,0.03282458600006066,32.82458600006066
1530,0.024877417999960016,24.877417999960016
1531,0.023445240000000922,23.445240000000922
1532,0.022661270000071454,22.661270000071454
1533,0.027645347000088805,27.645347000088805
1534,0.025123086000007788,25.12308600000779
1535,0.023214403999986644,23.214403999986644
1536,0.022829956999999013,22.829956999999013
1537,0.032615116999977545,32.615116999977545
1538,0.024256487999991805,24.256487999991805
1539,0.02379086600001301,23.79086600001301
1540,0.02337468199993964,23.37468199993964
1541,0.027990859000055934,27.990859000055934
1542,0.025332989000048656,25.332989000048656
1543,0.02336316999992505,23.36316999992505
1544,0.022662629000024026,22.662629000024026
1545,0.04062477500008299,40.62477500008299
1546,0.024876341999970464,24.876341999970464
1547,0.02288901600002191,22.88901600002191
1548,0.022626192999950945,22.626192999950945
1549,0.03745894500002578,37.45894500002578
1550,0.02678955200008204,26.78955200008204
1551,0.023589161000018066,23.589161000018066
1552,0.023111896999921555,23.111896999921555
1553,0.04119057800005521,41.19057800005521
1554,0.024910354999974516,24.910354999974516
1555,0.02360913799998343,23.60913799998343
1556,0.02256578400010767,22.56578400010767
1557,0.03581256300003588,35.81256300003588
1558,0.02513296500001161,25.13296500001161
1559,0.023258440999939012,23.258440999939012
1560,0.022611421999954473,22.611421999954473
1561,0.047555683999917164,47.555683999917164
1562,0.03317792999996527,33.17792999996527
1563,0.02132701300001827,21.32701300001827
1564,0.021072013999969386,21.072013999969386
1565,0.03116066299992326,31.16066299992326
1566,0.030457720000072186,30.457720000072186
1567,0.022001953999961188,22.001953999961188
1568,0.02138828600004672,21.38828600004672
1569,0.033422582999946826,33.422582999946826
1570,0.02763869299997168,27.63869299997168
1571,0.021576406999997744,21.576406999997744
1572,0.02090234000002056,20.90234000002056
1573,0.029357959000094525,29.357959000094525
1574,0.028039501999955974,28.039501999955974
1575,0.02149222999992162,21.49222999992162
1576,0.02148912699999528,21.48912699999528
1577,0.030550317000006544,30.550317000006544
1578,0.023634266999920328,23.634266999920328
1579,0.022093218000009074,22.093218000009074
1580,0.021430974999930186,21.430974999930186
1581,0.03360669599999255,33.60669599999255
1582,0.0230990349999729,23.0990349999729
1583,0.021651908000080766,21.651908000080766
1584,0.021233025000015004,21.233025000015004
1585,0.033417552000059914,33.417552000059914
1586,0.028316665000033936,28.316665000033936
1587,0.02199667499996849,21.99667499996849
1588,0.02144064799995249,21.44064799995249
1589,0.0331965540000283,33.1965540000283
1590,0.02683696200006125,26.83696200006125
1591,0.02143781500001296,21.43781500001296
1592,0.02099923400010084,20.99923400010084
1593,0.032038272000022516,32.038272000022516
1594,0.028158786999938457,28.158786999938457
1595,0.021720598999991125,21.720598999991125
1596,0.02082103099996857,20.82103099996857
1597,0.032700481999995645,32.700481999995645
1598,0.033238983000046574,33.238983000046574
1599,0.022193298000047434,22.193298000047434
1600,0.023466531000053692,23.466531000053692
1601,0.029738350000002356,29.738350000002356
1602,0.0231123400000115,23.1123400000115
1603,0.021797267000010834,21.797267000010834
1604,0.02115237700002126,21.15237700002126
1605,0.03239253000003828,32.39253000003828
1606,0.028170947999910823,28.170947999910823
1607,0.021530401000063648,21.530401000063648
1608,0.02122506099999555,21.22506099999555
1609,0.02989668099996834,29.89668099996834
1610,0.027941584000018338,27.941584000018338
1611,0.021335749999934706,21.335749999934706
1612,0.021086407000098006,21.086407000098006
1613,0.028640085000006366,28.640085000006366
1614,0.028785699999957615,28.785699999957615
1615,0.024784463999935724,24.784463999935724
1616,0.02920188699999926,29.20188699999926
1617,0.030523643000037737,30.523643000037737
1618,0.02411202600001161,24.11202600001161
1619,0.02150912000001881,21.50912000001881
1620,0.021848520000048666,21.848520000048666
1621,0.032966481000016756,32.966481000016756
1622,0.027912892000017564,27.912892000017564
1623,0.02139896400001362,21.39896400001362
1624,0.020910532000016246,20.910532000016246
1625,0.0318303429999105,31.8303429999105
1626,0.02776648299993667,27.76648299993667
1627,0.02219576799996048,22.19576799996048
1628,0.021646390000000792,21.646390000000792
1629,0.03392545200006225,33.92545200006225
1630,0.028278546000024107,28.278546000024107
1631,0.024072353999940788,24.072353999940788
1632,0.029760661999944205,29.760661999944205
1633,0.05065890900004888,50.65890900004888
1634,0.028354074000048968,28.354074000048968
1635,0.021410274000004392,21.410274000004392
1636,0.020991141999957108,20.991141999957108
1637,0.03182171299999936,31.821712999999363
1638,0.027644181000027856,27.644181000027856
1639,0.02220632499995645,22.20632499995645
1640,0.021408440999948652,21.408440999948652
1641,0.03179976000001261,31.79976000001261
1642,0.028664022999919325,28.664022999919325
1643,0.021984015999919393,21.984015999919393
1644,0.021340771999916797,21.340771999916797
1645,0.031140343000060966,31.140343000060966
1646,0.027810606000002736,27.810606000002736
1647,0.021562637999977596,21.562637999977596
1648,0.021094353999956184,21.094353999956184
1649,0.033948288000033244,33.948288000033244
1650,0.023798862000035115,23.798862000035115
1651,0.021849844000030316,21.849844000030316
1652,0.021345045999964896,21.345045999964896
1653,0.03866543900005581,38.66543900005581
1654,0.02391518100000667,23.91518100000667
1655,0.023042012000018985,23.042012000018985
1656,0.02163415999996232,21.63415999996232
1657,0.029316516999983833,29.316516999983833
1658,0.022162131999948542,22.162131999948542
1659,0.02147152999998525,21.47152999998525
1660,0.02096261700000923,20.96261700000923
1661,0.033555198000044584,33.555198000044584
1662,0.027958322000017688,27.958322000017688
1663,0.0215482130000737,21.5482130000737
1664,0.02079058399999667,20.79058399999667
1665,0.030699981999987358,30.699981999987358
1666,0.03188323799997761,31.88323799997761
1667,0.02210994099993968,22.10994099993968
1668,0.02135770200004572,21.35770200004572
1669,0.03335658699995747,33.35658699995747
1670,0.028272760000049857,28.272760000049857
1671,0.021809239999925012,21.809239999925012
1672,0.0210736020000013,21.0736020000013
1673,0.03086065399998006,30.86065399998006
1674,0.02835760699997536,28.35760699997536
1675,0.021554846000071848,21.554846000071848
1676,0.022010573999978078,22.010573999978078
1677,0.03305614600003537,33.05614600003537
1678,0.02877463999993779,28.77463999993779
1679,0.021920120000004317,21.920120000004317
1680,0.021640364000063528,21.640364000063528
1681,0.033158044999936465,33.158044999936465
1682,0.028329109000083008,28.329109000083008
1683,0.02223840800002108,22.23840800002108
1684,0.0214913270000352,21.4913270000352
1685,0.09271325700001398,92.71325700001398
1686,0.060493164000035904,60.493164000035904
1687,0.022720899000091777,22.720899000091777
1688,0.022657512000023416,22.657512000023416
1689,0.030752804999906402,30.752804999906402
1690,0.028394024000022,28.394024000022
1691,0.023069717999987915,23.069717999987915
1692,0.02293089600004805,22.93089600004805
1693,0.03219185800003288,32.19185800003288
1694,0.023715772999935325,23.715772999935325
1695,0.023783021999975062,23.783021999975062
1696,0.024674040000036257,24.674040000036257
1697,0.03147104599997874,31.47104599997874
1698,0.024038950000090153,24.038950000090153
1699,0.02329905100009455,23.29905100009455
1700,0.022470918000067286,22.470918000067286
1701,0.028291642999988653,28.291642999988653
1702,0.02352827899994736,23.52827899994736
1703,0.023131435999971472,23.131435999971472
1704,0.02262256700009857,22.62256700009857
1705,0.0322577709999905,32.2577709999905
1706,0.024060214999963137,24.060214999963137
1707,0.023961675000009564,23.961675000009564
1708,0.02321410600006857,23.21410600006857
1709,0.028973904000054063,28.973904000054063
1710,0.024263041000040175,24.263041000040175
1711,0.02336144800005968,23.36144800005968
1712,0.02293187099996885,22.93187099996885
1713,0.031142920999968737,31.142920999968737
1714,0.025240574000008564,25.240574000008564
1715,0.02504067400002441,25.04067400002441
1716,0.024140120999959436,24.140120999959436
1717,0.02835614399998576,28.35614399998576
1718,0.031232337999995252,31.232337999995252
1719,0.023771259999989525,23.771259999989525
1720,0.02307595999991463,23.07595999991463
1721,0.028759583000010025,28.759583000010025
1722,0.028343199999994795,28.343199999994795
1723,0.02331183899991629,23.31183899991629
1724,0.02263899100000799,22.63899100000799
1725,0.028639470000030087,28.639470000030087
1726,0.028632820999973774,28.632820999973774
1727,0.03270403199996963,32.70403199996963
1728,0.02997591600001215,29.97591600001215
1729,0.029890546999922663,29.890546999922663
1730,0.028586786000005304,28.586786000005304
1731,0.02377028099999734,23.77028099999734
1732,0.02337573500005874,23.37573500005874
1733,0.02989366400004201,29.89366400004201
1734,0.02834098499999982,28.34098499999982
1735,0.02312340100002075,23.12340100002075
1736,0.02278632800005198,22.78632800005198
1737,0.03047835799998211,30.47835799998211
1738,0.029216964000056578,29.216964000056578
1739,0.023751817000061237,23.751817000061237
1740,0.023375300999987303,23.375300999987303
1741,0.031132957000068018,31.132957000068018
1742,0.023908052000024327,23.908052000024327
1743,0.02294513200001802,22.94513200001802
1744,0.022756656000069597,22.756656000069597
1745,0.03196565499990811,31.96565499990811
1746,0.02343114899997545,23.43114899997545
1747,0.026939470000002075,26.939470000002075
1748,0.023360326999977588,23.360326999977588
1749,0.027223751000065022,27.223751000065022
1750,0.031049229000018386,31.049229000018386
1751,0.024045645999990484,24.045645999990484
1752,0.023404808000009325,23.404808000009325
1753,0.029046444999949017,29.046444999949017
1754,0.02872854700001426,28.72854700001426
1755,0.023191247999989173,23.191247999989173
1756,0.022638440000037008,22.638440000037008
1757,0.029210861000024124,29.210861000024124
1758,0.027955212999927426,27.955212999927426
1759,0.023299404999988838,23.299404999988838
1760,0.02264668600003006,22.64668600003006
1761,0.031570121000072504,31.570121000072504
1762,0.0280533129999867,28.0533129999867
1763,0.026274807000049805,26.274807000049805
1764,0.02260292199991909,22.60292199991909
1765,0.031142292000026828,31.142292000026828
1766,0.02550482699996337,25.50482699996337
1767,0.02367532999994637,23.67532999994637
1768,0.023766843999965204,23.766843999965204
1769,0.027948210000090512,27.948210000090512
1770,0.026808641999991778,26.808641999991778
1771,0.02369375000000673,23.69375000000673
1772,0.022979705000011563,22.979705000011563
1773,0.030825847999949474,30.825847999949474
1774,0.02364239999997153,23.64239999997153
1775,0.022982194999940475,22.982194999940475
1776,0.02261654100004762,22.61654100004762
1777,0.031217209999908846,31.217209999908846
1778,0.025720952000028774,25.720952000028774
1779,0.023619777000021713,23.619777000021713
1780,0.023979270000040742,23.979270000040742
1781,0.04610586900003,46.10586900003
1782,0.026065860000016983,26.065860000016983
1783,0.023626561999890328,23.626561999890328
1784,0.022640198999965833,22.640198999965833
1785,0.027132241000003887,27.132241000003887
1786,0.028892079000002013,28.892079000002013
1787,0.02308115000005273,23.08115000005273
1788,0.022701783999991676,22.701783999991676
1789,0.031034402000045702,31.034402000045702
1790,0.025681259000066348,25.681259000066348
1791,0.023748329999989437,23.748329999989437
1792,0.02342861100009941,23.42861100009941
1793,0.025965745999997125,25.965745999997125
1794,0.03493280800000775,34.93280800000775
1795,0.024029552000001786,24.029552000001786
1796,0.022741622000012285,22.741622000012285
1797,0.026995473999932074,26.995473999932074
1798,0.031422805000033804,31.422805000033804
1799,0.02317830499998763,23.17830499998763
1800,0.022675270999911845,22.675270999911845
1801,0.0286800310000217,28.6800310000217
1802,0.030246732000023258,30.246732000023258
1803,0.023064615000066624,23.064615000066624
1804,0.022705993000045055,22.705993000045055
1805,0.02893741700006558,28.93741700006558
1806,0.02838875600002666,28.38875600002666
1807,0.02397116500003449,23.97116500003449
1808,0.023195555000029344,23.195555000029344
1809,0.029869398000073488,29.869398000073488
1810,0.028974088000040865,28.974088000040865
1811,0.023065832000042974,23.065832000042974
1812,0.022554738999929214,22.554738999929214
1813,0.030954231000009713,30.954231000009713
1814,0.029772277000006397,29.772277000006397
1815,0.025282870000069124,25.282870000069124
1816,0.024741979000054926,24.741979000054926
1817,0.05100545400000556,51.00545400000556
1818,0.026927940999939892,26.927940999939892
1819,0.025211812999941685,25.211812999941685
1820,0.0250744999999597,25.0744999999597
1821,0.04666598699998303,46.66598699998303
1822,0.025495263000038904,25.495263000038904
1823,0.0229227349999519,22.9227349999519
1824,0.02330510400008734,23.30510400008734
1825,0.044088567000017065,44.088567000017065
1826,0.025380223999945883,25.380223999945883
1827,0.026282956000045488,26.282956000045488
1828,0.023168069999996987,23.168069999996987
1829,0.03313800499995523,33.13800499995523
1830,0.02834916299991619,28.34916299991619
1831,0.024508461999971587,24.508461999971587
1832,0.02345529500007615,23.45529500007615
1833,0.028693433999933404,28.693433999933404
1834,0.024436196000010568,24.43619600001057
1835,0.023108434000050693,23.108434000050693
1836,0.02269000399996912,22.69000399996912
1837,0.031621632999986105,31.621632999986105
1838,0.02318889000002855,23.18889000002855
1839,0.0252603960000215,25.2603960000215
1840,0.02268089200003942,22.68089200003942
1841,0.02902645700009998,29.02645700009998
1842,0.0240545880000127,24.0545880000127
1843,0.02382806299999629,23.82806299999629
1844,0.023182114000064757,23.182114000064757
1845,0.028655768000021453,28.655768000021453
1846,0.026207863999957226,26.207863999957226
1847,0.023606521000033354,23.606521000033354
1848,0.022618630000010853,22.618630000010853
1849,0.031197313999996368,31.197313999996368
1850,0.02446599300003527,24.46599300003527
1851,0.023976370000013958,23.976370000013958
1852,0.02337216199998693,23.37216199998693
1853,0.026031742000100166,26.031742000100166
1854,0.0355268350000415,35.5268350000415
1855,0.02368029700005536,23.68029700005536
1856,0.02348341699996581,23.48341699996581
1857,0.030128998000009233,30.128998000009233
1858,0.029014537999955792,29.01453799995579
1859,0.023278431999983695,23.278431999983695
1860,0.022546832999978506,22.546832999978506
1861,0.028838421999921593,28.838421999921593
1862,0.027967868000018825,27.967868000018825
1863,0.022955334000016592,22.95533400001659
1864,0.022666424000021834,22.666424000021834
1865,0.028798803000086082,28.79880300008608
1866,0.028180032000022948,28.180032000022948
1867,0.02345074699996985,23.45074699996985
1868,0.0227986670000746,22.7986670000746
1869,0.028741596000031677,28.741596000031677
1870,0.028899288000047818,28.899288000047818
1871,0.023813197999970726,23.813197999970726
1872,0.023950768999952743,23.950768999952743
1873,0.025555619999977353,25.555619999977353
1874,0.032798430999946504,32.798430999946504
1875,0.024513232999993306,24.513232999993306
1876,0.0230268640000304,23.0268640000304
1877,0.0303807359999837,30.3807359999837
1878,0.026677258999939113,26.677258999939113
1879,0.02315279900005862,23.15279900005862
1880,0.022770416000071236,22.770416000071236
1881,0.03029655399996045,30.29655399996045
1882,0.026296279000007416,26.296279000007416
1883,0.023075358000028245,23.075358000028245
1884,0.022850301999937983,22.850301999937983
1885,0.031487727000012455,31.487727000012455
1886,0.024185381999927813,24.185381999927813
1887,0.02365933099997619,23.65933099997619
1888,0.02332651300002908,23.32651300002908
1889,0.0337170340000057,33.7170340000057
1890,0.024132002999976976,24.132002999976976
1891,0.02476446200000737,24.76446200000737
1892,0.023654265999994095,23.654265999994095
1893,0.03268480600002022,32.68480600002022
1894,0.027712392000012187,27.712392000012187
1895,0.02579262699998708,25.79262699998708
1896,0.023413092000055258,23.413092000055258
1897,0.032812280000030114,32.812280000030114
1898,0.028844786000036038,28.844786000036038
1899,0.023590887000068506,23.590887000068506
1900,0.02299497799992878,22.99497799992878
1901,0.034684201999994,34.684201999994
1902,0.02392940400000043,23.92940400000043
1903,0.023727177000068878,23.727177000068878
1904,0.02323668099995757,23.23668099995757
1905,0.027294310999991467,27.294310999991467
1906,0.023531976000072063,23.531976000072063
1907,0.023147655000002487,23.147655000002487
1908,0.02258324900003572,22.58324900003572
1909,0.031207174999963172,31.207174999963172
1910,0.02506350199996632,25.06350199996632
1911,0.02371570699995118,23.71570699995118
1912,0.02343152600008125,23.43152600008125
1913,0.03439921999995477,34.39921999995477
1914,0.024358099999972183,24.358099999972183
1915,0.023662169999965954,23.662169999965954
1916,0.023233355999991545,23.233355999991545
1917,0.026612752999994882,26.612752999994882
1918,0.03073005600003853,30.73005600003853
1919,0.0237980309999557,23.7980309999557
1920,0.02265561499996238,22.65561499996238
1921,0.027750495000077535,27.750495000077535
1922,0.02887444099997083,28.87444099997083
1923,0.02544162900005631,25.44162900005631
1924,0.022640242000079525,22.640242000079525
1925,0.02867844200000036,28.67844200000036
1926,0.027873154000076283,27.873154000076283
1927,0.023173707000069044,23.173707000069044
1928,0.022478858999988915,22.478858999988915
1929,0.029492425999933403,29.492425999933403
1930,0.03165893700008837,31.658937000088372
1931,0.023813668000002508,23.813668000002508
1932,0.02341680000006363,23.41680000006363
1933,0.03222028200002569,32.22028200002569
1934,0.02384904399991683,23.84904399991683
1935,0.023620923000066796,23.620923000066796
1936,0.023107125000024098,23.107125000024098
1937,0.0317714209999167,31.7714209999167
1938,0.02406555799996113,24.06555799996113
1939,0.023690912999995817,23.690912999995817
1940,0.023166424999999435,23.166424999999435
1941,0.028426275000015266,28.426275000015266
1942,0.024190916999941692,24.19091699994169
1943,0.022950660999981665,22.950660999981665
1944,0.022624754999924335,22.624754999924335
1945,0.031075666999981877,31.075666999981877
1946,0.026929162999977052,26.929162999977052
1947,0.02657346000000871,26.57346000000871
1948,0.02416372000004685,24.16372000004685
1949,0.029175210999937917,29.175210999937917
1950,0.02398145300003307,23.98145300003307
1951,0.023647983999921962,23.647983999921962
1952,0.023131508999995276,23.131508999995276
1953,0.025656739999931233,25.656739999931233
1954,0.0315950020000173,31.595002000017303
1955,0.025970322000034685,25.970322000034685
1956,0.02359695899997405,23.59695899997405
1957,0.02836477999994713,28.36477999994713
1958,0.028161354000076244,28.161354000076244
1959,0.02332706499998949,23.32706499998949
1960,0.022634082999957172,22.634082999957172
1961,0.0289742050000541,28.9742050000541
1962,0.028678366000008282,28.678366000008282
1963,0.024666636000006292,24.666636000006292
1964,0.027122641000005387,27.122641000005387
1965,0.0491361470000129,49.1361470000129
1966,0.02486716400005662,24.86716400005662
1967,0.022776698000029683,22.776698000029683
1968,0.022801823999998305,22.801823999998305
1969,0.033394796000038696,33.394796000038696
1970,0.024094418000004225,24.094418000004225
1971,0.023546743999986575,23.546743999986575
1972,0.02293653300000642,22.93653300000642
1973,0.026894264000020485,26.894264000020485
1974,0.02722180999990087,27.22180999990087
1975,0.023053852999964874,23.053852999964874
1976,0.022839259000079437,22.839259000079437
1977,0.029042915000104585,29.042915000104585
1978,0.02895277300001453,28.95277300001453
1979,0.02292130500006806,22.92130500006806
1980,0.022585429000059776,22.585429000059776
1981,0.031438046999937796,31.438046999937796
1982,0.0270781319999287,27.0781319999287
1983,0.023586777999980768,23.586777999980768
1984,0.02335810700003549,23.35810700003549
1985,0.029103479000013976,29.103479000013976
1986,0.024561376999940876,24.561376999940876
1987,0.02365908000001582,23.65908000001582
1988,0.023209395999970184,23.209395999970184
1989,0.030732564999993883,30.732564999993883
1990,0.023304759999973612,23.304759999973612
1991,0.02311499899997216,23.11499899997216
1992,0.022592992999989292,22.592992999989292
1993,0.030728372999988096,30.728372999988096
1994,0.025344388999997136,25.344388999997136
1995,0.023508775999971476,23.508775999971476
1996,0.023258752999936405,23.258752999936405
1997,0.03177229300001727,31.77229300001727
1998,0.023806884999999056,23.806884999999056
1999,0.02374515100007102,23.74515100007102
2000,0.023478816999954688,23.478816999954688
2001,0.041098311000041576,41.098311000041576
2002,0.024200820000032763,24.200820000032763
2003,0.022816814999941926,22.816814999941926
2004,0.022417033000010633,22.417033000010633
2005,0.028525554999987435,28.525554999987435
2006,0.031097999000053278,31.097999000053278
2007,0.023571845999981633,23.571845999981633
2008,0.023170630999970854,23.170630999970854
2009,0.030262446000051568,30.26244600005157
2010,0.028872298999999657,28.872298999999657
2011,0.023046270000008917,23.046270000008917
2012,0.022506518000000142,22.506518000000142
2013,0.030806600000005346,30.806600000005346
2014,0.029199331000086204,29.199331000086204
2015,0.023687628000061522,23.687628000061522
2016,0.023029267999959302,23.029267999959302
2017,0.03236325700004272,32.36325700004272
2018,0.024024837000069965,24.024837000069965
2019,0.023656872000060503,23.656872000060503
2020,0.02338790400006019,23.38790400006019
2021,0.02702546299997266,27.02546299997266
2022,0.024386885000012626,24.386885000012626
2023,0.023040430000037304,23.040430000037304
2024,0.022530230000029405,22.530230000029405
2025,0.0310719380000819,31.0719380000819
2026,0.02579732399999557,25.79732399999557
2027,0.0235331449999876,23.5331449999876
2028,0.023227707000046394,23.227707000046394
2029,0.027800233999982993,27.800233999982993
2030,0.027760506000049645,27.760506000049645
2031,0.02300237700001162,23.00237700001162
2032,0.022638243000074,22.638243000074
2033,0.0313310440000123,31.331044000012298
2034,0.024371267999981683,24.371267999981683
2035,0.023640299000021514,23.640299000021514
2036,0.023283758000047783,23.283758000047783
2037,0.03297999299991261,32.97999299991261
2038,0.0240072940000573,24.0072940000573
2039,0.023542784999904143,23.542784999904143
2040,0.023598844000048302,23.598844000048302
2041,0.025821095000083005,25.821095000083005
2042,0.03412863100004415,34.12863100004415
2043,0.023197356999958174,23.197356999958174
2044,0.02258525499996722,22.58525499996722
2045,0.02637784199998805,26.37784199998805
2046,0.030884429000025193,30.884429000025193
2047,0.02398190799999611,23.98190799999611
2048,0.023743644999967728,23.743644999967728
2049,0.03833824600008029,38.33824600008029
2050,0.024774781000019175,24.774781000019175
2051,0.02379354999993666,23.79354999993666
2052,0.022989905999907023,22.989905999907023
2053,0.028956001000096876,28.956001000096876
2054,0.023353514000064024,23.353514000064024
2055,0.02342641600000661,23.42641600000661
2056,0.02249462700001459,22.49462700001459
2057,0.03244558199992298,32.44558199992298
2058,0.02390917200000331,23.90917200000331
2059,0.023546899999928428,23.546899999928428
2060,0.0233677329999864,23.3677329999864
2061,0.028742029999989427,28.742029999989427
2062,0.027070235999985925,27.070235999985925
2063,0.025653450000049816,25.653450000049816
2064,0.024217739000050642,24.217739000050642
2065,0.027592362999939724,27.592362999939724
2066,0.031420616999980666,31.420616999980666
2067,0.02359042299997327,23.59042299997327
2068,0.023095329000057063,23.095329000057063
2069,0.029443622999906438,29.443622999906438
2070,0.028267146999951365,28.267146999951365
2071,0.02313806699999077,23.13806699999077
2072,0.022454798000012488,22.454798000012488
2073,0.028479202999960762,28.479202999960762
2074,0.02869916900010594,28.69916900010594
2075,0.023045701999990342,23.045701999990342
2076,0.022501053000041793,22.501053000041793
2077,0.02882350300001235,28.82350300001235
2078,0.028052143000081742,28.05214300008174
2079,0.022828887999935432,22.828887999935432
2080,0.022485278999965885,22.485278999965885
2081,0.03025685300008263,30.25685300008263
2082,0.02880274200003896,28.80274200003896
2083,0.023770385000034366,23.770385000034366
2084,0.02303156100003889,23.03156100003889
2085,0.029086910000046373,29.086910000046373
2086,0.028658253999992667,28.658253999992667
2087,0.023381407999977455,23.381407999977455
2088,0.0227792309999586,22.7792309999586
2089,0.02955064399998264,29.55064399998264
2090,0.027708053999958793,27.708053999958793
2091,0.023008504000017638,23.008504000017638
2092,0.022579188999998223,22.579188999998223
2093,0.029929240999990725,29.929240999990725
2094,0.02849454699992293,28.49454699992293
2095,0.023102876999928412,23.102876999928412
2096,0.022597581000013633,22.597581000013633
2097,0.02970476400003008,29.70476400003008
2098,0.029993776000083017,29.993776000083017
2099,0.02372110600003907,23.72110600003907
2100,0.023048291000009158,23.048291000009158
2101,0.03123600800006443,31.23600800006443
2102,0.02401361900001575,24.01361900001575
2103,0.023229925999999068,23.229925999999068
2104,0.022650586999930056,22.650586999930056
2105,0.03111636999994971,31.11636999994971
2106,0.025298386000031314,25.298386000031314
2107,0.023817821999955413,23.817821999955413
2108,0.023334974000022157,23.334974000022157
2109,0.028007221000052596,28.007221000052596
2110,0.027976348000038342,27.976348000038342
2111,0.022955486000000747,22.955486000000747
2112,0.022559200999921813,22.559200999921813
2113,0.030707885999959217,30.707885999959217
2114,0.027718062000076316,27.718062000076316
2115,0.027203119999967385,27.203119999967385
2116,0.027012662000061027,27.012662000061027
2117,0.032228515000042535,32.228515000042535
2118,0.030332971000007092,30.332971000007092
2119,0.023736310999993293,23.736310999993293
2120,0.02315548299998227,23.15548299998227
2121,0.034805312999992566,34.805312999992566
2122,0.024140691999946284,24.140691999946284
2123,0.023621095999942554,23.621095999942554
2124,0.02319109099994421,23.19109099994421
2125,0.029055366999955368,29.055366999955368
2126,0.02347428400003082,23.47428400003082
2127,0.023122247999936008,23.122247999936008
2128,0.02281926700004533,22.81926700004533
2129,0.031083544000011898,31.083544000011898
2130,0.025242367000032573,25.242367000032573
2131,0.023750071999984357,23.750071999984357
2132,0.02339387799997894,23.39387799997894
2133,0.027386045000071135,27.386045000071135
2134,0.029090887000052135,29.090887000052135
2135,0.1355595859999994,135.5595859999994
2136,0.043371876000037446,43.371876000037446
2137,0.031812586999990344,31.812586999990344
2138,0.02314402499996504,23.14402499996504
2139,0.02296304100002544,22.96304100002544
2140,0.022566951000044355,22.566951000044355
2141,0.032955683999944085,32.955683999944085
2142,0.023382811000033144,23.382811000033144
2143,0.0230971439999621,23.0971439999621
2144,0.02321604999997362,23.21604999997362
2145,0.026070460000028106,26.070460000028106
2146,0.029184407000002466,29.184407000002466
2147,0.027883696999992935,27.883696999992935
2148,0.024858834000042407,24.858834000042407
2149,0.04998680500000319,49.98680500000319
2150,0.024741211999980806,24.741211999980806
2151,0.02340768899989598,23.40768899989598
2152,0.022555116000035014,22.555116000035014
2153,0.028703741000072114,28.703741000072114
2154,0.028090672000075756,28.090672000075756
2155,0.02554633299996567,25.54633299996567
2156,0.02440232300000389,24.40232300000389
2157,0.04547417599997061,45.47417599997061
2158,0.024642736000032528,24.642736000032528
2159,0.02345700199998646,23.45700199998646
2160,0.023063705000026857,23.063705000026857
2161,0.029504760999998325,29.504760999998325
2162,0.028438288000074863,28.438288000074863
2163,0.022886820000053376,22.886820000053376
2164,0.02254154299998845,22.54154299998845
2165,0.028612965999968765,28.612965999968765
2166,0.028930618999993385,28.930618999993385
2167,0.023003173000006427,23.003173000006427
2168,0.022452587999964635,22.452587999964635
2169,0.027720688000044902,27.720688000044902
2170,0.028850078999994366,28.850078999994366
2171,0.02297840299991094,22.97840299991094
2172,0.0224411169999712,22.4411169999712
2173,0.02924543699998594,29.24543699998594
2174,0.028972071999987747,28.972071999987747
2175,0.023394700000039848,23.394700000039848
2176,0.023143326999957026,23.143326999957026
2177,0.0294597969999586,29.4597969999586
2178,0.02859625300004609,28.59625300004609
2179,0.023723792999930993,23.723792999930993
2180,0.02238514699990901,22.38514699990901
2181,0.02823122899997088,28.23122899997088
2182,0.029889916000001904,29.889916000001904
2183,0.0234238739999455,23.4238739999455
2184,0.02320636799993281,23.20636799993281
2185,0.028670448000070792,28.67044800007079
2186,0.027973961999919084,27.973961999919084
2187,0.022887443000058738,22.887443000058738
2188,0.02323889199999485,23.23889199999485
2189,0.030689500999983466,30.689500999983466
2190,0.029092676000004758,29.092676000004758
2191,0.023922545999994327,23.922545999994327
2192,0.022731177999958163,22.731177999958163
2193,0.029893473000015547,29.893473000015547
2194,0.02814374400009001,28.14374400009001
2195,0.023090045000003556,23.090045000003556
2196,0.022415796000018418,22.415796000018418
2197,0.03033715900005518,30.33715900005518
2198,0.02844768199997816,28.44768199997816
2199,0.022883356000079402,22.883356000079402
2200,0.02300106000006963,23.00106000006963
2201,0.031170518000067204,31.170518000067204
2202,0.025288576999969337,25.288576999969337
2203,0.023482483999941905,23.482483999941905
2204,0.02331789199990908,23.31789199990908
2205,0.03478784500009624,34.78784500009624
2206,0.024365396000007422,24.365396000007422
2207,0.02372360000003937,23.72360000003937
2208,0.02300378000006731,23.00378000006731
2209,0.02656365600000754,26.56365600000754
2210,0.03305370900000071,33.05370900000071
2211,0.023252415000001747,23.252415000001747
2212,0.02263679099996807,22.63679099996807
2213,0.02767200200003117,27.67200200003117
2214,0.028096934000018337,28.096934000018337
2215,0.022998224999923877,22.998224999923877
2216,0.02252942699999494,22.52942699999494
2217,0.031414380000001074,31.414380000001074
2218,0.028588768000076925,28.588768000076925
2219,0.02356374400005734,23.56374400005734
2220,0.022889433000045756,22.889433000045756
2221,0.029456833999915943,29.456833999915943
2222,0.030010170999958063,30.010170999958063
2223,0.023115859000085948,23.115859000085948
2224,0.02274555799999689,22.74555799999689
2225,0.026270626000041375,26.270626000041375
2226,0.030739827000047626,30.739827000047626
2227,0.025348075000010795,25.348075000010795
2228,0.022632812999972884,22.632812999972884
2229,0.031866002000015214,31.866002000015214
2230,0.024317332000009628,24.31733200000963
2231,0.024053265000020474,24.053265000020474
2232,0.023211783999954605,23.211783999954605
2233,0.029038505000016812,29.038505000016812
2234,0.02379114000007121,23.79114000007121
2235,0.023455656000010094,23.455656000010094
2236,0.023103740000010475,23.103740000010475
2237,0.03209623099996861,32.09623099996861
2238,0.023544943999922907,23.544943999922907
2239,0.023420783999995365,23.420783999995365
2240,0.022448752000059358,22.448752000059358
2241,0.03249900599996636,32.49900599996636
2242,0.023874201000012363,23.874201000012363
2243,0.02354850400001851,23.54850400001851
2244,0.022997083999939605,22.997083999939605
2245,0.028035154000008333,28.035154000008333
2246,0.026718665999965197,26.718665999965197
2247,0.022867503000043143,22.867503000043143
2248,0.02289730600000439,22.89730600000439
2249,0.031091518000039287,31.091518000039287
2250,0.025477074000036737,25.477074000036737
2251,0.023963638000054743,23.963638000054743
2252,0.023496392999959426,23.496392999959426
2253,0.03660854599991126,36.60854599991126
2254,0.023991296999952283,23.991296999952283
2255,0.023588141000004725,23.588141000004725
2256,0.022637448999944354,22.637448999944354
2257,0.026207116000023234,26.207116000023234
2258,0.03042289899997286,30.42289899997286
2259,0.022976859999971566,22.976859999971566
2260,0.022605405000035717,22.605405000035717
2261,0.02590545500004282,25.90545500004282
2262,0.035080269999980374,35.08026999998037
2263,0.02321364400006587,23.21364400006587
2264,0.02249999499997557,22.49999499997557
2265,0.0362857579999627,36.2857579999627
2266,0.026550750999945194,26.550750999945194
2267,0.024109001000056196,24.109001000056196
2268,0.02305657199997313,23.05657199997313
2269,0.03368581899997025,33.68581899997025
2270,0.02329368499999873,23.29368499999873
2271,0.022313361999977133,22.313361999977133
2272,0.021795504000010624,21.795504000010624
2273,0.03543421700010185,35.43421700010185
2274,0.02305664099992555,23.05664099992555
2275,0.021961229999988063,21.961229999988063
2276,0.021766699000068,21.766699000068
2277,0.03336196899999777,33.36196899999777
2278,0.027984308999975838,27.984308999975838
2279,0.033705703000009635,33.705703000009635
2280,0.026237060999960704,26.237060999960704
2281,0.030285216000038417,30.285216000038417
2282,0.02258198499998798,22.58198499998798
2283,0.021351325999944493,21.351325999944493
2284,0.021720184999935555,21.720184999935555
2285,0.03414804199996979,34.14804199996979
2286,0.028606921999994483,28.606921999994483
2287,0.021912444999998115,21.912444999998115
2288,0.021377226000026894,21.377226000026894
2289,0.033076178999976946,33.076178999976946
2290,0.028358975000060127,28.358975000060127
2291,0.02286425399995551,22.86425399995551
2292,0.021214138999994248,21.214138999994248
2293,0.03248897699995723,32.48897699995723
2294,0.028345236999939516,28.345236999939516
2295,0.02158551399998032,21.58551399998032
2296,0.026693589000046813,26.693589000046813
2297,0.04440399800000705,44.40399800000705
2298,0.028549056999963796,28.549056999963796
2299,0.023170185000026322,23.170185000026322
2300,0.023259518000031676,23.259518000031676
2301,0.038067231000013635,38.067231000013635
2302,0.023828711999954066,23.828711999954066
2303,0.022904031000052782,22.904031000052782
2304,0.022489966999955868,22.48996699995587
2305,0.02848155600008795,28.48155600008795
2306,0.02304312299997946,23.04312299997946
2307,0.0231452470000022,23.1452470000022
2308,0.022673986999961926,22.673986999961926
2309,0.0308913940000366,30.8913940000366
2310,0.025242369000011422,25.242369000011422
2311,0.023988019000057648,23.988019000057648
2312,0.023700302999941414,23.700302999941414
2313,0.0385332409999819,38.5332409999819
2314,0.024064053999950374,24.064053999950374
2315,0.02376340299997537,23.76340299997537
2316,0.022502547999920353,22.502547999920353
2317,0.028829026999915186,28.829026999915186
2318,0.028293874000041797,28.293874000041797
2319,0.023337183999956324,23.337183999956324
2320,0.022579673000109324,22.579673000109324
2321,0.02677474600000096,26.77474600000096
2322,0.02879386400002204,28.79386400002204
2323,0.023417605000076946,23.417605000076946
2324,0.02253566799993223,22.53566799993223
2325,0.02723260399989158,27.23260399989158
2326,0.029748272999995606,29.748272999995606
2327,0.023604503000001387,23.604503000001387
2328,0.02309033200003796,23.09033200003796
2329,0.028855575999955363,28.855575999955363
2330,0.028525577999971574,28.525577999971574
2331,0.02297254999996312,22.97254999996312
2332,0.022606898000049114,22.606898000049114
2333,0.028001203000030728,28.001203000030728
2334,0.029024686999946425,29.024686999946425
2335,0.023132748999955766,23.132748999955766
2336,0.0225170999999591,22.5170999999591
2337,0.02842360900001495,28.42360900001495
2338,0.02791325400005462,27.91325400005462
2339,0.023674525000046742,23.674525000046742
2340,0.023157427999990432,23.157427999990432
2341,0.029272074000004977,29.272074000004977
2342,0.028659751999953187,28.659751999953187
2343,0.022931850000077247,22.931850000077247
2344,0.02257654300001377,22.57654300001377
2345,0.030445695000025808,30.445695000025808
2346,0.030105574999993223,30.105574999993223
2347,0.02307903400003397,23.07903400003397
2348,0.022552008000047863,22.552008000047863
2349,0.029598383000006834,29.598383000006834
2350,0.028164049999986673,28.164049999986673
2351,0.024347304000002623,24.347304000002623
2352,0.02265379799996481,22.65379799996481
2353,0.025359253000033277,25.359253000033277
2354,0.03205657000000883,32.05657000000883
2355,0.023923867999997128,23.923867999997128
2356,0.023451619000070423,23.451619000070423
2357,0.032725301000027684,32.725301000027684
2358,0.023819268000011107,23.819268000011107
2359,0.02363243299998885,23.63243299998885
2360,0.02321414499999719,23.21414499999719
2361,0.026904750999960925,26.904750999960925
2362,0.027251964000015505,27.251964000015505
2363,0.023100527999986298,23.100527999986298
2364,0.022670408000067255,22.670408000067255
2365,0.029901240000071994,29.901240000071994
2366,0.028366052000023956,28.366052000023956
2367,0.023074449999967328,23.074449999967328
2368,0.022938578000093912,22.938578000093912
2369,0.039758183000003555,39.758183000003555
2370,0.025685279000072114,25.685279000072114
2371,0.023773806000008335,23.773806000008335
2372,0.024840023000024303,24.840023000024303
2373,0.03765552100003333,37.65552100003333
2374,0.026943315000039547,26.943315000039547
2375,0.02312478600003942,23.12478600003942
2376,0.02247285800001464,22.47285800001464
2377,0.036759308999990026,36.759308999990026
2378,0.02513439599999856,25.13439599999856
2379,0.02412547500000528,24.12547500000528
2380,0.024536690999980237,24.536690999980237
2381,0.03127740699994774,31.277406999947743
2382,0.028439622000064446,28.439622000064446
2383,0.023638459000039802,23.638459000039802
2384,0.02310351799997079,23.10351799997079
2385,0.03283600299994305,32.83600299994305
2386,0.02643132200000764,26.43132200000764
2387,0.023550661000058426,23.550661000058426
2388,0.022452434999991056,22.452434999991056
2389,0.03216539999993984,32.16539999993984
2390,0.023637042000018482,23.637042000018482
2391,0.02307581000002301,23.07581000002301
2392,0.022699633000001995,22.699633000001995
2393,0.03397153899993555,33.97153899993555
2394,0.033861154999954124,33.861154999954124
2395,0.023841947000050823,23.841947000050823
2396,0.023354468999968958,23.354468999968958
2397,0.03560775200003263,35.60775200003263
2398,0.024178925000001072,24.178925000001072
2399,0.023575011999923845,23.575011999923845
2400,0.023171492000074068,23.171492000074068
2401,0.027853346000028978,27.853346000028978
2402,0.02331589199991413,23.31589199991413
2403,0.02296968900009233,22.96968900009233
2404,0.023389519000033943,23.389519000033943
2405,0.03131169800008138,31.31169800008138
2406,0.025014398999928744,25.014398999928744
2407,0.023198506999960955,23.198506999960955
2408,0.02261661699992601,22.61661699992601
2409,0.030218061000027774,30.218061000027774
2410,0.027291717000025528,27.29171700002553
2411,0.025852948999954606,25.852948999954606
2412,0.023251565000009577,23.251565000009577
2413,0.025944266999999854,25.944266999999854
2414,0.03511928000000353,35.11928000000353
2415,0.02311258600002475,23.11258600002475
2416,0.022606669000083457,22.606669000083457
2417,0.027197591999993165,27.197591999993165
2418,0.030193447999977252,30.193447999977252
2419,0.02316692299996248,23.16692299996248
2420,0.022529485000063687,22.529485000063687
2421,0.028715293999994174,28.715293999994174
2422,0.028581457999962367,28.581457999962367
2423,0.022994874999994863,22.994874999994863
2424,0.02255501699994511,22.55501699994511
2425,0.029093770999907065,29.093770999907065
2426,0.029152636000048915,29.152636000048915
2427,0.023597860999984732,23.597860999984732
2428,0.023231038000062654,23.231038000062654
2429,0.03141154400009327,31.411544000093272
2430,0.02915934500003914,29.15934500003914
2431,0.023087122999982057,23.087122999982057
2432,0.02255913600004078,22.55913600004078
2433,0.02474844000005305,24.74844000005305
2434,0.03208367100000942,32.08367100000942
2435,0.023767044999999598,23.767044999999598
2436,0.022910711999998057,22.910711999998057
2437,0.03048204699996404,30.48204699996404
2438,0.028733483999985765,28.733483999985765
2439,0.023590071000057833,23.590071000057833
2440,0.02339655399998719,23.39655399998719
2441,0.033639807999975346,33.639807999975346
2442,0.02376915700006066,23.76915700006066
2443,0.023804246000054263,23.804246000054263
2444,0.025167408000015712,25.167408000015712
2445,0.027805447000105232,27.805447000105232
2446,0.025832633999925747,25.832633999925747
2447,0.02732378799998969,27.32378799998969
2448,0.02378328399993279,23.78328399993279
2449,0.028619557999945755,28.619557999945755
2450,0.030240413000001354,30.240413000001354
2451,0.023554482999998072,23.554482999998072
2452,0.023613969000052748,23.613969000052748
2453,0.023720896999975594,23.720896999975594
2454,0.03141118700000334,31.411187000003338
2455,0.02336001200001192,23.36001200001192
2456,0.022879678999970565,22.879678999970565
2457,0.028202039999996487,28.202039999996487
2458,0.028191891999995278,28.191891999995278
2459,0.023082509999994727,23.082509999994727
2460,0.02253580499996133,22.53580499996133
2461,0.029425381999999445,29.425381999999445
2462,0.030321276999984548,30.321276999984548
2463,0.023916499000051772,23.916499000051772
2464,0.02395852699999068,23.95852699999068
2465,0.03174091000005319,31.74091000005319
2466,0.028095946000007643,28.095946000007643
2467,0.0239317169999822,23.9317169999822
2468,0.022742861999972774,22.742861999972774
2469,0.036135504000071705,36.135504000071705
2470,0.024051412999938293,24.051412999938293
2471,0.023553564999929222,23.553564999929222
2472,0.02322188899995581,23.22188899995581
2473,0.027161552000052325,27.161552000052325
2474,0.02322960599997259,23.22960599997259
2475,0.0231523869999819,23.1523869999819
2476,0.022645518999979686,22.645518999979686
2477,0.038222268000026816,38.222268000026816
2478,0.023229204999893227,23.229204999893227
2479,0.023043563999976868,23.043563999976868
2480,0.02515374500001144,25.15374500001144
2481,0.04632130599998163,46.32130599998163
2482,0.0270755060000738,27.0755060000738
2483,0.029399401999967267,29.399401999967267
2484,0.0252851660000033,25.2851660000033
2485,0.04589733199998136,45.89733199998136
2486,0.030032566999921073,30.032566999921073
2487,0.023720661000083965,23.720661000083965
2488,0.023130864999984624,23.130864999984624
2489,0.02869992600005844,28.69992600005844
2490,0.026603470000054585,26.603470000054585
2491,0.02485364500000742,24.85364500000742
2492,0.02409546900003079,24.09546900003079
2493,0.04086956100002226,40.86956100002226
2494,0.028949202000035257,28.949202000035257
2495,0.023510572999953183,23.510572999953183
2496,0.02312939900002675,23.12939900002675
2497,0.03682627800003502,36.82627800003502
2498,0.024640472999976737,24.640472999976737
2499,0.023842140000056133,23.842140000056133
2500,0.023024515000088286,23.024515000088286
2501,0.02638090799996462,26.38090799996462
2502,0.028488758999969832,28.488758999969832
2503,0.02327917900004195,23.27917900004195
2504,0.022548650999965503,22.548650999965503
2505,0.026054208999994444,26.054208999994444
2506,0.030575940000062474,30.575940000062474
2507,0.02350028699993345,23.50028699993345
2508,0.023478124000007483,23.478124000007483
2509,0.02969888699999501,29.69888699999501
2510,0.02860122599997794,28.60122599997794
2511,0.02384476099996391,23.84476099996391
2512,0.02267305500004113,22.67305500004113
2513,0.028925275000005968,28.925275000005968
2514,0.027846811000017624,27.846811000017624
2515,0.0230804039999839,23.0804039999839
2516,0.022603313999979946,22.603313999979946
2517,0.02857984000002034,28.57984000002034
2518,0.029851630999928602,29.851630999928602
2519,0.02291662400000405,22.91662400000405
2520,0.0224425799999608,22.4425799999608
2521,0.02871202100004666,28.71202100004666
2522,0.028777463999972497,28.777463999972497
2523,0.023648448000017197,23.648448000017197
2524,0.023197140000092986,23.197140000092986
2525,0.030052421000050344,30.052421000050344
2526,0.02940885900000012,29.40885900000012
2527,0.02293769500010967,22.93769500010967
2528,0.022554942999931882,22.554942999931882
2529,0.03077239499998541,30.77239499998541
2530,0.030450373000007858,30.450373000007858
2531,0.024970899999971152,24.970899999971152
2532,0.022878922000018065,22.878922000018065
2533,0.03669124099997134,36.69124099997134
2534,0.023501486999975896,23.501486999975896
2535,0.02284089199997652,22.84089199997652
2536,0.022682036999981392,22.682036999981392
2537,0.028587453000000096,28.587453000000096
2538,0.0236817830000291,23.6817830000291
2539,0.023654856000007385,23.654856000007385
2540,0.02311798200003068,23.11798200003068
2541,0.03574349200005145,35.74349200005145
2542,0.02392778899991299,23.92778899991299
2543,0.023042456999974092,23.042456999974092
2544,0.02247491900004661,22.47491900004661
2545,0.02691535799999656,26.91535799999656
2546,0.023106259999963186,23.106259999963186
2547,0.022981096999956208,22.981096999956208
2548,0.022650746000067556,22.650746000067556
2549,0.031121401999939735,31.121401999939735
2550,0.025756236999995963,25.756236999995963
2551,0.024526009000055637,24.526009000055637
2552,0.023250069000027906,23.250069000027906
2553,0.02555683399998543,25.55683399998543
2554,0.034043628999938846,34.043628999938846
2555,0.02354558700005782,23.54558700005782
2556,0.023201748000019506,23.201748000019506
2557,0.02654606999999487,26.54606999999487
2558,0.029734090000033575,29.734090000033575
2559,0.02345213400008106,23.45213400008106
2560,0.024231275000033747,24.231275000033747
2561,0.03859002199999395,38.59002199999395
2562,0.02403821199993672,24.03821199993672
2563,0.023739014999932806,23.739014999932806
2564,0.023019884999939677,23.019884999939677
2565,0.040623859999982415,40.623859999982415
2566,0.02578901100002895,25.78901100002895
2567,0.02367506300004152,23.67506300004152
2568,0.02250111500006824,22.50111500006824
2569,0.0319792589999679,31.979258999967897
2570,0.028593041000021913,28.593041000021913
2571,0.023274485000001732,23.274485000001732
2572,0.022913760999927035,22.913760999927035
2573,0.038077098000030674,38.077098000030674
2574,0.024763215999996646,24.763215999996646
2575,0.023620757000003323,23.620757000003323
2576,0.02322684599994318,23.22684599994318
2577,0.026754210000035528,26.754210000035528
2578,0.02977363599995897,29.77363599995897
2579,0.023520820999920034,23.520820999920034
2580,0.022891702000038094,22.891702000038094
2581,0.027922818000092775,27.922818000092775
2582,0.030205598000065947,30.205598000065947
2583,0.022998785000027056,22.998785000027056
2584,0.022810397000057492,22.810397000057492
2585,0.028374712000072577,28.374712000072577
2586,0.028890222999962134,28.890222999962134
2587,0.023063643999989836,23.063643999989836
2588,0.022449332000064715,22.449332000064715
2589,0.027963545000034173,27.963545000034173
2590,0.029559535999965192,29.559535999965192
2591,0.023543606000089312,23.543606000089312
2592,0.023048745999972198,23.048745999972198
2593,0.029528737000077854,29.528737000077854
2594,0.02815505299997767,28.15505299997767
2595,0.0244703319999644,24.4703319999644
2596,0.022639459000060924,22.639459000060924
2597,0.028501616999960788,28.50161699996079
2598,0.02794450700002926,27.94450700002926
2599,0.023082418999933907,23.082418999933907
2600,0.022663908000026822,22.663908000026822
2601,0.029327202999979818,29.327202999979818
2602,0.028510765999953946,28.510765999953946
2603,0.02357168699995782,23.57168699995782
2604,0.02306134400009796,23.06134400009796
2605,0.02975996199995734,29.75996199995734
2606,0.029246584000020448,29.246584000020448
2607,0.023069463000069845,23.069463000069845
2608,0.022579057000029934,22.579057000029934
2609,0.0354782139999088,35.4782139999088
2610,0.12108155600003556,121.08155600003556
2611,0.0683768979999968,68.3768979999968
2612,0.029257160999918597,29.257160999918597
2613,0.03880313299998761,38.80313299998761
2614,0.023382888000014646,23.382888000014646
2615,0.022853072000089014,22.853072000089014
2616,0.022493403999988004,22.493403999988004
2617,0.02621145400007663,26.21145400007663
2618,0.03071160799993322,30.71160799993322
2619,0.02290363300005538,22.90363300005538
2620,0.02260816499995144,22.60816499995144
2621,0.025930496999990282,25.930496999990282
2622,0.030100698000069315,30.100698000069315
2623,0.022991004999994402,22.991004999994402
2624,0.023249631999988196,23.249631999988196
2625,0.026153602000022147,26.153602000022147
2626,0.029864062000001468,29.864062000001468
2627,0.024597991000064212,24.597991000064212
2628,0.023827531999927487,23.827531999927487
2629,0.02708279700004823,27.08279700004823
2630,0.034272046999944905,34.272046999944905
2631,0.023952247000011084,23.952247000011084
2632,0.02357331799998974,23.57331799998974
2633,0.03521861799993076,35.21861799993076
2634,0.023968717999991895,23.968717999991895
2635,0.023984930999972676,23.984930999972676
2636,0.023167897999996967,23.167897999996967
2637,0.029816611000001103,29.816611000001103
2638,0.02373242900000605,23.73242900000605
2639,0.02309631699995407,23.09631699995407
2640,0.022473840000088785,22.473840000088785
2641,0.0337340309999945,33.7340309999945
2642,0.023984153000014885,23.984153000014885
2643,0.023409986999922694,23.409986999922694
2644,0.022554113999945002,22.554113999945002
2645,0.02785352299997612,27.85352299997612
2646,0.0242741050000177,24.2741050000177
2647,0.023583253999959197,23.583253999959197
2648,0.02289259500003027,22.89259500003027
2649,0.030764516000090225,30.764516000090225
2650,0.02415705800001433,24.15705800001433
2651,0.02309072700006709,23.09072700006709
2652,0.023576307999974233,23.576307999974233
2653,0.03172978400004922,31.72978400004922
2654,0.02365201899999647,23.65201899999647
2655,0.023594710999987,23.594710999987
2656,0.0231295119999686,23.1295119999686
2657,0.03248248500005957,32.48248500005957
2658,0.02380231699999058,23.80231699999058
2659,0.023740989999964768,23.740989999964768
2660,0.023118254999985766,23.118254999985766
2661,0.027412615000002916,27.412615000002916
2662,0.024765859000012824,24.765859000012824
2663,0.02302136100001917,23.02136100001917
2664,0.02278307799997492,22.78307799997492
2665,0.03316871600009108,33.16871600009108
2666,0.023241901999995207,23.241901999995207
2667,0.0248497339999858,24.8497339999858
2668,0.022632465000015145,22.632465000015145
2669,0.02736193500004447,27.36193500004447
2670,0.02802110899995114,28.02110899995114
2671,0.023638605999963147,23.638605999963147
2672,0.02309362500000134,23.09362500000134
2673,0.0319853339999554,31.9853339999554
2674,0.023948772000039753,23.948772000039753
2675,0.023547000000007756,23.547000000007756
2676,0.023036832000002505,23.036832000002505
2677,0.034625838000010845,34.625838000010845
2678,0.023877236000089397,23.877236000089397
2679,0.023358369999982642,23.358369999982642
2680,0.022530695000000378,22.530695000000378
2681,0.02849380099996779,28.49380099996779
2682,0.023040676000050553,23.040676000050553
2683,0.022939899999983027,22.939899999983027
2684,0.022513826000022163,22.513826000022163
2685,0.03160204000005251,31.60204000005251
2686,0.025611617000095066,25.611617000095066
2687,0.023571822999997494,23.571822999997494
2688,0.023169624999923144,23.169624999923144
2689,0.032070720999968216,32.070720999968216
2690,0.024290296000003764,24.290296000003764
2691,0.023161275999996178,23.161275999996178
2692,0.022597652000058588,22.597652000058588
2693,0.028890369999999166,28.890369999999166
2694,0.023630675999925188,23.630675999925188
2695,0.023373645999981818,23.373645999981818
2696,0.022452077000025383,22.452077000025383
2697,0.030914634999930968,30.914634999930968
2698,0.027458057999979246,27.458057999979246
2699,0.023559002000069995,23.559002000069995
2700,0.024140395000017634,24.140395000017634
2701,0.0365274960000761,36.5274960000761
2702,0.023965445000044383,23.965445000044383
2703,0.023460473999989517,23.460473999989517
2704,0.022546370999975807,22.546370999975807
2705,0.026010126999949534,26.010126999949534
2706,0.030730019999964497,30.730019999964497
2707,0.023057122999944113,23.057122999944113
2708,0.022926324999957615,22.926324999957615
2709,0.02383648299996821,23.83648299996821
2710,0.03104278199998589,31.04278199998589
2711,0.025245513999948344,25.245513999948344
2712,0.023508590000005825,23.508590000005825
2713,0.029885630999956447,29.885630999956447
2714,0.030902374000106647,30.902374000106647
2715,0.02370561300006102,23.70561300006102
2716,0.022655419000102484,22.655419000102484
2717,0.028959191000012652,28.959191000012652
2718,0.02796930599993175,27.96930599993175
2719,0.02301522000004752,23.01522000004752
2720,0.022548862999997255,22.548862999997255
2721,0.029851168000050166,29.851168000050166
2722,0.028132338999967033,28.132338999967033
2723,0.02559160900000279,25.59160900000279
2724,0.026257708000002822,26.257708000002822
2725,0.04020332499999313,40.20332499999313
2726,0.024353754999992816,24.353754999992816
2727,0.02334415400002854,23.34415400002854
2728,0.023117658000046504,23.117658000046504
2729,0.030585311999971054,30.585311999971054
2730,0.028248631999986173,28.248631999986173
2731,0.023141592000001765,23.141592000001765
2732,0.022527824999997392,22.527824999997392
2733,0.039671667999982674,39.671667999982674
2734,0.025123893999989377,25.123893999989377
2735,0.023566221000010046,23.566221000010046
2736,0.023478391000026022,23.478391000026022
2737,0.026255608999917968,26.255608999917968
2738,0.03165699500004848,31.656995000048482
2739,0.023594197999955213,23.594197999955213
2740,0.023338876000025266,23.338876000025266
2741,0.028797029000088514,28.797029000088514
2742,0.028372093000029963,28.372093000029963
2743,0.02314907300001323,23.14907300001323
2744,0.022621877000005952,22.621877000005952
2745,0.02854925600001934,28.54925600001934
2746,0.02848175999997693,28.48175999997693
2747,0.023025275999998485,23.025275999998485
2748,0.02386457000000064,23.86457000000064
2749,0.028933875000006992,28.933875000006992
2750,0.028628056999991713,28.628056999991713
2751,0.02424622000000909,24.24622000000909
2752,0.023226670999974885,23.226670999974885
2753,0.030216535000022304,30.216535000022304
2754,0.028128184000024703,28.128184000024703
2755,0.022998924000035004,22.998924000035004
2756,0.022468091000064305,22.468091000064305
2757,0.028973898999993253,28.973898999993253
2758,0.030574655000009443,30.574655000009443
2759,0.02317322700002933,23.17322700002933
2760,0.022460829999999987,22.460829999999987
2761,0.02968257600002744,29.68257600002744
2762,0.0287919500000271,28.7919500000271
2763,0.023149572999955126,23.149572999955126
2764,0.02323451099994145,23.23451099994145
2765,0.031927900000027876,31.927900000027876
2766,0.026908616000014263,26.908616000014263
2767,0.023645554000040647,23.645554000040647
2768,0.023360517000014625,23.360517000014625
2769,0.031641233000073044,31.641233000073044
2770,0.024180188999935126,24.180188999935126
2771,0.022941460999959418,22.941460999959418
2772,0.022748602000092433,22.748602000092433
2773,0.02711706000002323,27.11706000002323
2774,0.023193966000008004,23.193966000008004
2775,0.022935066000059123,22.935066000059123
2776,0.024650526999948852,24.650526999948852
2777,0.04705070699992575,47.05070699992575
2778,0.024144997000007606,24.144997000007606
2779,0.022741670999948838,22.741670999948838
2780,0.022554053000021668,22.554053000021668
2781,0.03096154000002116,30.96154000002116
2782,0.02891100199997254,28.91100199997254
2783,0.02356501400004163,23.56501400004163
2784,0.023329729000010957,23.329729000010957
2785,0.03157333900003323,31.57333900003323
2786,0.02382442800001172,23.82442800001172
2787,0.023605804999988322,23.605804999988322
2788,0.023211311999943973,23.211311999943973
2789,0.02878999099993962,28.78999099993962
2790,0.024647361999996065,24.647361999996065
2791,0.02332535299990468,23.32535299990468
2792,0.022492995999982668,22.492995999982668
2793,0.030938557000013134,30.938557000013134
2794,0.02717369000004055,27.17369000004055
2795,0.023613079999904585,23.613079999904585
2796,0.0231225859999995,23.1225859999995
2797,0.033659477000014704,33.659477000014704
2798,0.02514275499993346,25.14275499993346
2799,0.023503403000063372,23.503403000063372
2800,0.023189326999954574,23.189326999954574
2801,0.026680933999955414,26.680933999955414
2802,0.031064903000014965,31.064903000014965
2803,0.02361530700000003,23.61530700000003
2804,0.02314551200004189,23.14551200004189
2805,0.029491006999933234,29.491006999933234
2806,0.028592881000008674,28.592881000008674
2807,0.022988299999951778,22.988299999951778
2808,0.0226419690000057,22.6419690000057
2809,0.027584349999983715,27.584349999983715
2810,0.025214981999965858,25.214981999965858
2811,0.02488231799998175,24.88231799998175
2812,0.026088527999945654,26.088527999945654
2813,0.047326728000030016,47.326728000030016
2814,0.025355931000035525,25.355931000035525
2815,0.02371040700006688,23.71040700006688
2816,0.02304005199994208,23.04005199994208
2817,0.044879137000066294,44.879137000066294
2818,0.025865697999961412,25.865697999961412
2819,0.02600496299999122,26.00496299999122
2820,0.023585102999959418,23.585102999959418
2821,0.04178784699990956,41.78784699990956
2822,0.024782772999969893,24.782772999969893
2823,0.022927938999941944,22.927938999941944
2824,0.022640451000029316,22.640451000029316
2825,0.028592283999955725,28.592283999955725
2826,0.028965008000000125,28.965008000000125
2827,0.023275678000004518,23.27567800000452
2828,0.02266895000002478,22.66895000002478
2829,0.033874523000008594,33.874523000008594
2830,0.029432229999997617,29.432229999997617
2831,0.023420583999950395,23.420583999950395
2832,0.022574615999928938,22.574615999928938
2833,0.03154205300006652,31.542053000066517
2834,0.02657271900000069,26.57271900000069
2835,0.023706021999942095,23.706021999942095
2836,0.023387829999933274,23.387829999933274
2837,0.027858575000095698,27.858575000095698
2838,0.02725501100007932,27.25501100007932
2839,0.023226225000030354,23.226225000030354
2840,0.022569811000039408,22.569811000039408
2841,0.03165645200010658,31.656452000106583
2842,0.026014718999931574,26.014718999931574
2843,0.02387522200001513,23.87522200001513
2844,0.023153669000066657,23.153669000066657
2845,0.027248424000049454,27.248424000049454
2846,0.02605991100006122,26.05991100006122
2847,0.0241719660000399,24.1719660000399
2848,0.022885747000032097,22.885747000032097
2849,0.031214988999977322,31.214988999977322
2850,0.025488353000014285,25.488353000014285
2851,0.023583578999932797,23.583578999932797
2852,0.023083056000018587,23.083056000018587
2853,0.034789411000019754,34.789411000019754
2854,0.024021663999974407,24.021663999974407
2855,0.02344215499999791,23.44215499999791
2856,0.022615241000039532,22.615241000039532
2857,0.027522005999912835,27.522005999912835
2858,0.023258996999970805,23.258996999970805
2859,0.023052974000052018,23.052974000052018
2860,0.022723730000052456,22.723730000052456
2861,0.03163688400002229,31.63688400002229
2862,0.02619342700006655,26.19342700006655
2863,0.024016580000079557,24.016580000079557
2864,0.02355278899995028,23.55278899995028
2865,0.0267635180000525,26.7635180000525
2866,0.033373215000096934,33.373215000096934
2867,0.023171262999994724,23.171262999994724
2868,0.022876141999972788,22.876141999972788
2869,0.025520536999920296,25.520536999920296
2870,0.032253356999945026,32.25335699994503
2871,0.02388608100000056,23.88608100000056
2872,0.023248292999937803,23.248292999937803
2873,0.02911301800008914,29.11301800008914
2874,0.029063724000025104,29.063724000025104
2875,0.023316064000027836,23.316064000027836
2876,0.022975929000040196,22.975929000040196
2877,0.02876242000002094,28.76242000002094
2878,0.02855596599999899,28.55596599999899
2879,0.023058609999907276,23.058609999907276
2880,0.02255852700000105,22.55852700000105
2881,0.02881092500001614,28.81092500001614
2882,0.029005858999994416,29.005858999994416
2883,0.0230400320000399,23.0400320000399
2884,0.02271502500002498,22.71502500002498
2885,0.03111793999994461,31.11793999994461
2886,0.02901848399994833,29.01848399994833
2887,0.023700818000065738,23.700818000065738
2888,0.023307690000024195,23.307690000024195
2889,0.02744209399997999,27.44209399997999
2890,0.041789601999994375,41.789601999994375
2891,0.024064939000027152,24.064939000027152
2892,0.022518099000080838,22.518099000080838
2893,0.043912584999930004,43.912584999930004
2894,0.02436856099996021,24.36856099996021
2895,0.02264482999999018,22.64482999999018
2896,0.022659072000010383,22.659072000010383
2897,0.028807661999962875,28.807661999962875
2898,0.028331928000056905,28.331928000056905
2899,0.02308021299995744,23.08021299995744
2900,0.022719296999980543,22.719296999980543
2901,0.028831997999986925,28.831997999986925
2902,0.028091583000104947,28.091583000104947
2903,0.02317290200005573,23.17290200005573
2904,0.022521116999996593,22.521116999996593
2905,0.029888598999946225,29.888598999946225
2906,0.028781265999896277,28.781265999896277
2907,0.024026361999972323,24.026361999972323
2908,0.023173423999992337,23.173423999992337
2909,0.030328116000077898,30.328116000077898
2910,0.029618630999948437,29.618630999948437
2911,0.023438560000045072,23.438560000045072
2912,0.022589519000007385,22.589519000007385
2913,0.03551647300002969,35.51647300002969
2914,0.02365873000007923,23.65873000007923
2915,0.022895645999938097,22.895645999938097
2916,0.022501349000094706,22.501349000094706
2917,0.027414277999923797,27.414277999923797
2918,0.027502899000069192,27.502899000069192
2919,0.02394726299996819,23.94726299996819
2920,0.023229801000070438,23.229801000070438
2921,0.032379149999997026,32.379149999997026
2922,0.024073427000075753,24.073427000075753
2923,0.02374195499999132,23.74195499999132
2924,0.023315819000004012,23.315819000004012
2925,0.027606679000086842,27.606679000086842
2926,0.03180283100004999,31.80283100004999
2927,0.023661885000024085,23.661885000024085
2928,0.023994285000071613,23.994285000071613
2929,0.032063414000049306,32.063414000049306
2930,0.028410287000042445,28.410287000042445
2931,0.02336305500000435,23.36305500000435
2932,0.02266514499990535,22.66514499990535
2933,0.029935184999999365,29.935184999999365
2934,0.028964325000060853,28.964325000060853
2935,0.023211944999957268,23.211944999957268
2936,0.02263392399993336,22.63392399993336
2937,0.0297190019999789,29.7190019999789
2938,0.03682484000000841,36.82484000000841
2939,0.023012346999962574,23.012346999962574
2940,0.022526023000068562,22.526023000068562
2941,0.038467863000050784,38.467863000050784
2942,0.024463289999971494,24.463289999971494
2943,0.021970364000026166,21.970364000026166
2944,0.02159357400000772,21.59357400000772
2945,0.03316944899995633,33.16944899995633
2946,0.029344668000021557,29.344668000021557
2947,0.023858578000044872,23.858578000044872
2948,0.0217357170000696,21.7357170000696
2949,0.032202523000023575,32.202523000023575
2950,0.028380275999893456,28.380275999893456
2951,0.021410624999930405,21.410624999930405
2952,0.02082698000003802,20.82698000003802
2953,0.03049578200000269,30.49578200000269
2954,0.027479259999950045,27.479259999950045
2955,0.021420333000037317,21.420333000037317
2956,0.02086709000002429,20.86709000002429
2957,0.03023755100002745,30.23755100002745
2958,0.02853114699996695,28.53114699996695
2959,0.022686415999942255,22.686415999942255
2960,0.02148937799995565,21.48937799995565
2961,0.028342988999952468,28.342988999952468
2962,0.03258198399998946,32.58198399998946
2963,0.03021507300002213,30.21507300002213
2964,0.02878576700004487,28.78576700004487
2965,0.04325221299995974,43.25221299995974
2966,0.022627099000033013,22.627099000033013
2967,0.022641727000063838,22.641727000063838
2968,0.02115525399995022,21.15525399995022
2969,0.033366303999969205,33.366303999969205
2970,0.023321786999986216,23.321786999986216
2971,0.021872909000080654,21.872909000080654
2972,0.021373652000079346,21.373652000079346
2973,0.03323123799998484,33.23123799998484
2974,0.02853084800005945,28.53084800005945
2975,0.02154455999993843,21.54455999993843
2976,0.0209273169999733,20.9273169999733
2977,0.03376663400001689,33.76663400001689
2978,0.027978345999940757,27.978345999940757
2979,0.021375087000023996,21.375087000023996
2980,0.020852169000022514,20.852169000022514
2981,0.032657994000032886,32.657994000032886
2982,0.027666288999967037,27.666288999967037
2983,0.021892501000024822,21.892501000024822
2984,0.02157764000003226,21.57764000003226
2985,0.031261369000048944,31.261369000048944
2986,0.028286365999974805,28.286365999974805
2987,0.021972204999997302,21.972204999997302
2988,0.022479158999999527,22.479158999999527
2989,0.032316596999976355,32.316596999976355
2990,0.02771020900001986,27.71020900001986
2991,0.021549327999991874,21.549327999991874
2992,0.020962628999996014,20.962628999996014
2993,0.02954604899991864,29.54604899991864
2994,0.031069183999989036,31.069183999989036
2995,0.021345802999917396,21.345802999917396
2996,0.021673041000099147,21.673041000099147
2997,0.030565798999987237,30.565798999987237
2998,0.029259628000090743,29.259628000090743
2999,0.021895432999940567,21.895432999940567
3000,0.021346518999962427,21.346518999962427
3001,0.031001414000002114,31.001414000002114
3002,0.028092017000062697,28.092017000062697
3003,0.02135029700002633,21.35029700002633
3004,0.0210383419999971,21.0383419999971
3005,0.03007094400004462,30.07094400004462
3006,0.02205810999998903,22.05810999998903
3007,0.021624856999892472,21.624856999892472
3008,0.02087449199996172,20.87449199996172
3009,0.03204998899991551,32.04998899991551
3010,0.031138803999965603,31.138803999965603
3011,0.0777013539999416,77.7013539999416
3012,0.10425474999999551,104.25474999999551
3013,0.031141766000018833,31.141766000018833
3014,0.028049867000049744,28.049867000049744
3015,0.021524170000020604,21.524170000020604
3016,0.021024850000003426,21.024850000003426
3017,0.027304836999974214,27.304836999974214
3018,0.030208861000005527,30.208861000005527
3019,0.0215226600000733,21.5226600000733
3020,0.020957708999958413,20.957708999958413
3021,0.028441120000024966,28.441120000024966
3022,0.022534438999969097,22.534438999969097
3023,0.02247987100008686,22.47987100008686
3024,0.02096908800001529,20.96908800001529
3025,0.033456931999921835,33.456931999921835
3026,0.029330397000080666,29.330397000080666
3027,0.02194413600000189,21.94413600000189
3028,0.021614859000010256,21.614859000010256
3029,0.03367522899998221,33.67522899998221
3030,0.026322826999944482,26.322826999944482
3031,0.021608560999993642,21.608560999993642
3032,0.020943461000001662,20.943461000001662
3033,0.0320455739999943,32.0455739999943
3034,0.027874481999901946,27.874481999901946
3035,0.02142324000010376,21.42324000010376
3036,0.02133449500001916,21.33449500001916
3037,0.030731770999977925,30.731770999977925
3038,0.027350013000045692,27.350013000045692
3039,0.023737692000054267,23.737692000054267
3040,0.02693537999994078,26.93537999994078
3041,0.029628775000105634,29.628775000105634
3042,0.034228019000011045,34.228019000011045
3043,0.021790841999973054,21.790841999973054
3044,0.021316587000001164,21.316587000001164
3045,0.033278067999958694,33.278067999958694
3046,0.02880660000005264,28.80660000005264
3047,0.021916035999993255,21.916035999993255
3048,0.02084404100003212,20.84404100003212
3049,0.030706771000041044,30.706771000041044
3050,0.028173201999948105,28.173201999948105
3051,0.021346980999965126,21.346980999965126
3052,0.021127989999968122,21.127989999968122
3053,0.03442416500001855,34.42416500001855
3054,0.04119199900003423,41.19199900003423
3055,0.03279875499993068,32.79875499993068
3056,0.020961880999948335,20.961880999948335
3057,0.032438579000086065,32.438579000086065
3058,0.0228037529999483,22.8037529999483
3059,0.02172530299992559,21.72530299992559
3060,0.02076962099999946,20.76962099999946
3061,0.03128960499998357,31.289604999983567
3062,0.028288531000043804,28.288531000043804
3063,0.021836116999907063,21.836116999907063
3064,0.02131577299996934,21.31577299996934
3065,0.03240909199996622,32.40909199996622
3066,0.02796885599991583,27.96885599991583
3067,0.022212278999973023,22.212278999973023
3068,0.02106458000002931,21.06458000002931
3069,0.03363161400000081,33.63161400000081
3070,0.02744182699996145,27.44182699996145
3071,0.021371803999954864,21.371803999954864
3072,0.02088182299996788,20.88182299996788
3073,0.0302529449999156,30.2529449999156
3074,0.028267924000033418,28.267924000033418
3075,0.021254968999983248,21.254968999983248
3076,0.021134738999990077,21.134738999990077
3077,0.03302318699991247,33.02318699991247
3078,0.022845138999969095,22.845138999969095
3079,0.022243580000008478,22.24358000000848
3080,0.02153692100000626,21.53692100000626
3081,0.03622717400003239,36.22717400003239
3082,0.023077025000020512,23.077025000020512
3083,0.02215598499992666,22.15598499992666
3084,0.02132326599996759,21.32326599996759
3085,0.03271459000006871,32.71459000006871
3086,0.02297751900005096,22.97751900005096
3087,0.021584184000062123,21.584184000062123
3088,0.02094965100002355,20.94965100002355
3089,0.03180966100001115,31.809661000011147
3090,0.035082719000001816,35.082719000001816
3091,0.021491468000021996,21.491468000021996
3092,0.0215071690000741,21.5071690000741
3093,0.03834039399998801,38.34039399998801
3094,0.02329026300003534,23.29026300003534
3095,0.02175302999989981,21.75302999989981
3096,0.02136400799997773,21.36400799997773
3097,0.030563288999928773,30.563288999928773
3098,0.022966532999930678,22.966532999930678
3099,0.02178738500003874,21.78738500003874
3100,0.021182301999942865,21.182301999942865
3101,0.03249928499997168,32.49928499997168
3102,0.02797236900005373,27.97236900005373
3103,0.0214965720000464,21.4965720000464
3104,0.021466094999937013,21.466094999937013
3105,0.030731986999967376,30.731986999967376
3106,0.027635488999976587,27.635488999976587
3107,0.02716035200000988,27.16035200000988
3108,0.03069998899991333,30.69998899991333
3109,0.034498949000067114,34.498949000067114
3110,0.03010391099996923,30.10391099996923
3111,0.022153838000008363,22.153838000008363
3112,0.02134344700004931,21.34344700004931
3113,0.03143339999996897,31.43339999996897
3114,0.027677689000029204,27.677689000029204
3115,0.021485993999931452,21.485993999931452
3116,0.020790698999917367,20.790698999917367
3117,0.03053081600000951,30.53081600000951
3118,0.028036651999968853,28.036651999968853
3119,0.021581942000011622,21.581942000011622
3120,0.02111786199998278,21.11786199998278
3121,0.033573101999991195,33.573101999991195
3122,0.02669758499996533,26.69758499996533
3123,0.021873811000091337,21.873811000091337
3124,0.021946470999978374,21.946470999978374
3125,0.03202417800002877,32.02417800002877
3126,0.023017899000024045,23.017899000024045
3127,0.02247006400000373,22.47006400000373
3128,0.021314061999987644,21.314061999987644
3129,0.03231070800006819,32.31070800006819
3130,0.023384534000001622,23.384534000001622
3131,0.021994328000005225,21.994328000005225
3132,0.020833328999970036,20.833328999970036
3133,0.03232452899999316,32.32452899999316
3134,0.028139140999996926,28.139140999996926
3135,0.021596606000002794,21.596606000002794
3136,0.021437443000081657,21.437443000081657
3137,0.031204950999949688,31.204950999949688
3138,0.028422250000062377,28.422250000062377
3139,0.021926828000005116,21.926828000005116
3140,0.02127554000003329,21.27554000003329
3141,0.030520062999926267,30.520062999926267
3142,0.03360154299991791,33.60154299991791
3143,0.030137447000015527,30.137447000015527
3144,0.03106871299996783,31.06871299996783
3145,0.07077762500000517,70.77762500000517
3146,0.029358008000031077,29.358008000031077
3147,0.03032596699995338,30.32596699995338
3148,0.030007418999957736,30.007418999957736
3149,0.04398828199998661,43.98828199998661
3150,0.02335865999998532,23.35865999998532
3151,0.021812610999973003,21.812610999973003
3152,0.031214418999979898,31.214418999979898
3153,0.03957818700007465,39.57818700007465
3154,0.02962655999999697,29.62655999999697
3155,0.047661316000016996,47.661316000016996
3156,0.02300749599999108,23.00749599999108
3157,0.021257657999967705,21.257657999967705
3158,0.03291956999999002,32.91956999999002
3159,0.028315215000020544,28.315215000020544
3160,0.021385867000049075,21.385867000049075
3161,0.0212429069999871,21.2429069999871
3162,0.03302663100009795,33.02663100009795
3163,0.027815254000074674,27.815254000074674
3164,0.022407477999990988,22.407477999990988
3165,0.021575493999989703,21.575493999989703
3166,0.032648269999981494,32.648269999981494
3167,0.028581133999978192,28.581133999978192
3168,0.021955864999995356,21.955864999995356
3169,0.02121803,21.21803
3170,0.03086742300001788,30.86742300001788
3171,0.027572759999998198,27.572759999998198
3172,0.021466684000074565,21.466684000074565
3173,0.02123145799998838,21.23145799998838
3174,0.03042629100002614,30.42629100002614
3175,0.028484669000022222,28.484669000022222
3176,0.021554279000042698,21.554279000042698
3177,0.021278067000025658,21.278067000025658
3178,0.03476060200000575,34.76060200000575
3179,0.02284216300006392,22.84216300006392
3180,0.02155812299997706,21.55812299997706
3181,0.021393979999970725,21.393979999970725
3182,0.03772217899995667,37.72217899995667
3183,0.02259603300001345,22.59603300001345
3184,0.02201590499998929,22.01590499998929
3185,0.02242000299997926,22.42000299997926
3186,0.025954638000030172,25.954638000030172
3187,0.03514086899997437,35.14086899997437
3188,0.021793396000020948,21.793396000020948
3189,0.021876096000028156,21.876096000028156
3190,0.029824858000097265,29.824858000097265
3191,0.023496005000083642,23.496005000083642
3192,0.022101595999970414,22.101595999970414
3193,0.02173066199998175,21.73066199998175
3194,0.03318778899995323,33.18778899995323
3195,0.026860219000013785,26.860219000013785
3196,0.021625287999995635,21.625287999995635
3197,0.021227221000003738,21.227221000003738
3198,0.03276652900001409,32.76652900001409
3199,0.02780096699996193,27.80096699996193
3200,0.021351596000044992,21.351596000044992
3201,0.02099518700003955,20.99518700003955
3202,0.031331077999993795,31.331077999993795
3203,0.028566143000034572,28.56614300003457
3204,0.021981244000016886,21.981244000016886
3205,0.0220720940000092,22.0720940000092
3206,0.03205230399998982,32.05230399998982
3207,0.027903399000024365,27.903399000024365
3208,0.021480822000057742,21.480822000057742
3209,0.020826274999990346,20.826274999990346
3210,0.03144873300004747,31.44873300004747
3211,0.030320225000082246,30.320225000082246
3212,0.023540561000004345,23.540561000004345
3213,0.02431224499991913,24.31224499991913
3214,0.036818985999957476,36.81898599995748
3215,0.024590048000050047,24.590048000050047
3216,0.023095437999927526,23.095437999927526
3217,0.022592898999960198,22.592898999960198
3218,0.04105649400003131,41.05649400003131
3219,0.02451963299995441,24.51963299995441
3220,0.03177848699999686,31.778486999996858
3221,0.03121632199997748,31.21632199997748
3222,0.0334756089999928,33.4756089999928
3223,0.025087758999916332,25.087758999916332
3224,0.021427600000038183,21.427600000038183
3225,0.020837147999941408,20.837147999941408
3226,0.03275937499995507,32.75937499995507
3227,0.028506020999998327,28.506020999998327
3228,0.02173419300004298,21.73419300004298
3229,0.021866985999963617,21.866985999963617
3230,0.0327012290000539,32.7012290000539
3231,0.028358179999941058,28.358179999941058
3232,0.021905620999973507,21.905620999973507
3233,0.02132065999990118,21.32065999990118
3234,0.032460796000009395,32.460796000009395
3235,0.0275772989999723,27.5772989999723
3236,0.021715726000024915,21.715726000024915
3237,0.020912363999968875,20.912363999968875
3238,0.030778896000015266,30.778896000015266
3239,0.03728405900005782,37.28405900005782
3240,0.02310763700006646,23.10763700006646
3241,0.02178677200004131,21.78677200004131
3242,0.029221479000057116,29.221479000057116
3243,0.02310289800004739,23.10289800004739
3244,0.022254851999946368,22.254851999946368
3245,0.02216782499999681,22.16782499999681
3246,0.03724181400002635,37.24181400002635
3247,0.02356448700004421,23.56448700004421
3248,0.021700076999991325,21.700076999991325
3249,0.021442926000077023,21.442926000077023
3250,0.03334764900000664,33.34764900000664
3251,0.025195679000034943,25.195679000034943
3252,0.021287278000045262,21.287278000045262
3253,0.021347117999994225,21.347117999994225
3254,0.03275817199994435,32.75817199994435
3255,0.027504591000024448,27.504591000024448
3256,0.02580235499999617,25.80235499999617
3257,0.025448404999906415,25.448404999906415
3258,0.02659693700002208,26.59693700002208
3259,0.032667559000060464,32.667559000060464
3260,0.02631435800003601,26.31435800003601
3261,0.027004551999993964,27.004551999993964
3262,0.028205643000092095,28.205643000092095
3263,0.03468683099993086,34.68683099993086
3264,0.025063010999929247,25.063010999929247
3265,0.024693620999983068,24.693620999983068
3266,0.045688574999985576,45.688574999985576
3267,0.030801719000010053,30.801719000010053
3268,0.026054461000057927,26.054461000057927
3269,0.02918899999997393,29.18899999997393
3270,0.0323829310000292,32.3829310000292
3271,0.03136251499995524,31.362514999955238
3272,0.026341046000084134,26.341046000084134
3273,0.023839325000039935,23.839325000039935
3274,0.028749205999929472,28.749205999929472
3275,0.029924072999961027,29.924072999961027
3276,0.02344068000002153,23.44068000002153
3277,0.023369890000026317,23.369890000026317
3278,0.029254345999902398,29.254345999902398
3279,0.027826037999943765,27.826037999943765
3280,0.023066346000064186,23.066346000064186
3281,0.02247107400000914,22.47107400000914
3282,0.030405501000018376,30.405501000018376
3283,0.02885778899997149,28.85778899997149
3284,0.023712689999911163,23.712689999911163
3285,0.023107512000024144,23.107512000024144
3286,0.030507063999948514,30.507063999948514
3287,0.028717234000055214,28.717234000055214
3288,0.023573835000092913,23.573835000092913
3289,0.02268796900000325,22.68796900000325
3290,0.03155142299999625,31.551422999996248
3291,0.02392724799994994,23.92724799994994
3292,0.023628705999954036,23.628705999954036
3293,0.02483766399996057,24.83766399996057
3294,0.03374151899993194,33.74151899993194
3295,0.03249674900007449,32.49674900007449
3296,0.02351109699998233,23.51109699998233
3297,0.022746979999965333,22.746979999965333
3298,0.0382906610000191,38.2906610000191
3299,0.023386419999951613,23.386419999951613
3300,0.022997745999987274,22.997745999987274
3301,0.022987682000007226,22.987682000007226
3302,0.0279397470000049,27.9397470000049
3303,0.023762343000043984,23.762343000043984
3304,0.023475182000083805,23.475182000083805
3305,0.022625632000085716,22.625632000085716
3306,0.03032496200000878,30.32496200000878
3307,0.025209247999896434,25.209247999896434
3308,0.024074421000022994,24.074421000022994
3309,0.02306071600003179,23.06071600003179
3310,0.03412912499993581,34.12912499993581
3311,0.02461558300001343,24.61558300001343
3312,0.02347965799992835,23.47965799992835
3313,0.022624438999969243,22.624438999969243
3314,0.0275311090000514,27.5311090000514
3315,0.02535895700009405,25.35895700009405
3316,0.02343500500001028,23.43500500001028
3317,0.0225172369999882,22.5172369999882
3318,0.029888881000033507,29.888881000033507
3319,0.026497507999920344,26.497507999920344
3320,0.023025295000024926,23.025295000024926
3321,0.02251627800001188,22.51627800001188
3322,0.03089590899992345,30.89590899992345
3323,0.025580330000025242,25.580330000025242
3324,0.024042406000035044,24.042406000035044
3325,0.023219078000010995,23.219078000010995
3326,0.02766462399995362,27.66462399995362
3327,0.02770358300006137,27.70358300006137
3328,0.023728640000058476,23.728640000058476
3329,0.022763101000009556,22.763101000009556
3330,0.031206885999949918,31.206885999949918
3331,0.02531625200003873,25.31625200003873
3332,0.023549590000015996,23.549590000015996
3333,0.023124924999933683,23.124924999933683
3334,0.03156489900004544,31.564899000045443
3335,0.023958040000024994,23.958040000024994
3336,0.025674657000081424,25.674657000081424
3337,0.02329141100005927,23.29141100005927
3338,0.026970705000053385,26.970705000053385
3339,0.023702193999952215,23.702193999952215
3340,0.023176024999997935,23.176024999997935
3341,0.0225804799999878,22.5804799999878
3342,0.029775193999967087,29.775193999967087
3343,0.02848865199996453,28.48865199996453
3344,0.0231661239999994,23.1661239999994
3345,0.02304464199994527,23.04464199994527
3346,0.025068648000001303,25.068648000001303
3347,0.032854563999990205,32.854563999990205
3348,0.025599573999897984,25.599573999897984
3349,0.023319112999956815,23.319112999956815
3350,0.027903104000074563,27.903104000074563
3351,0.02382042299996101,23.82042299996101
3352,0.023232013999972878,23.232013999972878
3353,0.02252987600002143,22.52987600002143
3354,0.03143862399997488,31.43862399997488
3355,0.024104552000039803,24.104552000039803
3356,0.023014466000063294,23.014466000063294
3357,0.02264287899993178,22.64287899993178
3358,0.030156818000023122,30.156818000023122
3359,0.02777706400001989,27.77706400001989
3360,0.02346930800001701,23.46930800001701
3361,0.023262870000053226,23.262870000053226
3362,0.029767325999955574,29.767325999955574
3363,0.14712533800002348,147.12533800002348
3364,0.03282172099989111,32.82172099989111
3365,0.02448874699996395,24.48874699996395
3366,0.04119409299994459,41.19409299994459
3367,0.024210730999925545,24.210730999925545
3368,0.0245541870000352,24.5541870000352
3369,0.033231979999982286,33.231979999982286
3370,0.023288842999932058,23.288842999932058
3371,0.022985124999991058,22.985124999991058
3372,0.022931789999915964,22.931789999915964
3373,0.027715661000002,27.715661000002
3374,0.025950293000050806,25.950293000050806
3375,0.023638381999944613,23.638381999944613
3376,0.024791322000055516,24.791322000055516
3377,0.02785048399994139,27.85048399994139
3378,0.023692985000025146,23.692985000025146
3379,0.023184952999940833,23.184952999940833
3380,0.022638243999949736,22.638243999949736
3381,0.031676891999950385,31.676891999950385
3382,0.027310920999980226,27.310920999980226
3383,0.025513606000004074,25.513606000004074
3384,0.023686565000048176,23.686565000048176
3385,0.03383723000001737,33.83723000001737
3386,0.028703980000045703,28.703980000045703
3387,0.02354608099994948,23.54608099994948
3388,0.02333336199990299,23.33336199990299
3389,0.03126082799997221,31.260827999972207
3390,0.02853569699993841,28.53569699993841
3391,0.024039025999968544,24.039025999968544
3392,0.022765812999978152,22.765812999978152
3393,0.03011432000005243,30.11432000005243
3394,0.025865281000051255,25.865281000051255
3395,0.023275586999943698,23.275586999943698
3396,0.02248602099996333,22.48602099996333
3397,0.031098255999950197,31.098255999950197
3398,0.02543365700000777,25.43365700000777
3399,0.02345935300002111,23.45935300002111
3400,0.023296875000028194,23.296875000028194
3401,0.03433405099997344,34.33405099997344
3402,0.02400235800007522,24.00235800007522
3403,0.023702793999973437,23.702793999973437
3404,0.022491305000016837,22.491305000016837
3405,0.027355475000035767,27.355475000035767
3406,0.023822255000027326,23.822255000027326
3407,0.02296432299999651,22.96432299999651
3408,0.023135646000014276,23.135646000014276
3409,0.026370746999987205,26.370746999987205
3410,0.027725023000016336,27.725023000016336
3411,0.022937523999985387,22.937523999985387
3412,0.022663693000026797,22.663693000026797
3413,0.029333491999977923,29.333491999977923
3414,0.02844753900001251,28.44753900001251
3415,0.02371925399995689,23.71925399995689
3416,0.023130467999976645,23.130467999976645
3417,0.030159333999904447,30.159333999904447
3418,0.029869596000025922,29.869596000025922
3419,0.023605320000001484,23.605320000001484
3420,0.022637247000034222,22.637247000034222
3421,0.031673604999923555,31.673604999923555
3422,0.032358188999978665,32.358188999978665
3423,0.023563189000014972,23.563189000014972
3424,0.023188328999935948,23.188328999935948
3425,0.03199548899999627,31.99548899999627
3426,0.028380158000004485,28.380158000004485
3427,0.023046573999977227,23.046573999977227
3428,0.022513627000080305,22.513627000080305
3429,0.030720611999981884,30.720611999981884
3430,0.028487238000025172,28.487238000025172
3431,0.02302021799994236,23.02021799994236
3432,0.022797690999937004,22.797690999937004
3433,0.03147006599999713,31.470065999997132
3434,0.02725860400005331,27.25860400005331
3435,0.026380803000051856,26.380803000051856
3436,0.024015660999907595,24.015660999907595
3437,0.032721163999895,32.721163999895
3438,0.023998203000019203,23.998203000019203
3439,0.024357916999974805,24.357916999974805
3440,0.02337221100003717,23.37221100003717
3441,0.025227755000059915,25.227755000059915
3442,0.03263290000006691,32.63290000006691
3443,0.02298810299998877,22.98810299998877
3444,0.022452786000030756,22.452786000030756
3445,0.028457571999979336,28.457571999979336
3446,0.02908700799991948,29.08700799991948
3447,0.023711864000006244,23.711864000006244
3448,0.02316900899995744,23.16900899995744
3449,0.029322651999905247,29.322651999905247
3450,0.02827776599997378,28.27776599997378
3451,0.023034631000086847,23.034631000086847
3452,0.02294637199997851,22.94637199997851
3453,0.028948775999992904,28.948775999992904
3454,0.027873806999991757,27.873806999991757
3455,0.022932452999953057,22.932452999953057
3456,0.022494886000004044,22.494886000004044
3457,0.028852151000023696,28.852151000023696
3458,0.027976738999996087,27.976738999996087
3459,0.023230797999985953,23.230797999985953
3460,0.022562016999927437,22.562016999927437
3461,0.029041960999961702,29.041960999961702
3462,0.02877680800008875,28.77680800008875
3463,0.023595582999973885,23.595582999973885
3464,0.023009057000081157,23.009057000081157
3465,0.030344540999976743,30.344540999976743
3466,0.028625884000007318,28.625884000007318
3467,0.02297401099997387,22.97401099997387
3468,0.022516089999953692,22.516089999953692
3469,0.0284319319999895,28.4319319999895
3470,0.02845835100004024,28.45835100004024
3471,0.025980925999988358,25.980925999988358
3472,0.025266224000006332,25.266224000006332
3473,0.04298081699994327,42.98081699994327
3474,0.033279937000088466,33.27993700008847
3475,0.02407719600000746,24.07719600000746
3476,0.023287906999939878,23.287906999939878
3477,0.03490607399999135,34.90607399999135
3478,0.026494691000038983,26.494691000038983
3479,0.02482540899995911,24.82540899995911
3480,0.027061858000024586,27.061858000024586
3481,0.0423911999999973,42.3911999999973
3482,0.024090301999990515,24.090301999990515
3483,0.023652542000036192,23.652542000036192
3484,0.022924203000002308,22.924203000002308
3485,0.029530042000033063,29.530042000033063
3486,0.028154326000048968,28.154326000048968
3487,0.02305894999994962,23.05894999994962
3488,0.023116700999935347,23.116700999935347
3489,0.028415563999942606,28.415563999942606
3490,0.02845035400002871,28.45035400002871
3491,0.023116334000064853,23.116334000064853
3492,0.022793236999973487,22.793236999973487
3493,0.02841063000005306,28.41063000005306
3494,0.029076899000074263,29.076899000074263
3495,0.02339914599997428,23.39914599997428
3496,0.023130980000019008,23.130980000019008
3497,0.029290284000012434,29.290284000012434
3498,0.028590928999960852,28.590928999960852
3499,0.023493993999977647,23.493993999977647
3500,0.022560203000011825,22.560203000011825
3501,0.029706593000014436,29.706593000014436
3502,0.028562690999933693,28.562690999933693
3503,0.023336440999969454,23.336440999969454
3504,0.02266829699999562,22.66829699999562
3505,0.03220702999999503,32.20702999999503
3506,0.027616938999926788,27.616938999926788
3507,0.02297589199997674,22.97589199997674
3508,0.02335822699990331,23.35822699990331
3509,0.030905153000048813,30.905153000048813
3510,0.024027969999906418,24.027969999906418
3511,0.02374142300004678,23.74142300004678
3512,0.02323552899997594,23.23552899997594
3513,0.02758213300000989,27.58213300000989
3514,0.028358607000086522,28.358607000086522
3515,0.02309381400004895,23.09381400004895
3516,0.022555985000053624,22.555985000053624
3517,0.029924767000011343,29.924767000011343
3518,0.028312233999940872,28.312233999940872
3519,0.023045680999985052,23.045680999985052
3520,0.02273706999994829,22.73706999994829
3521,0.02551727499997014,25.51727499997014
3522,0.032091482000055294,32.091482000055294
3523,0.023429042000088884,23.429042000088884
3524,0.02292380200003663,22.92380200003663
3525,0.03129982600000858,31.29982600000858
3526,0.024715209999953913,24.715209999953913
3527,0.02350506300001598,23.50506300001598
3528,0.023120227000049454,23.120227000049454
3529,0.0324874699999782,32.4874699999782
3530,0.023905717000047844,23.905717000047844
3531,0.02355247299999519,23.55247299999519
3532,0.023743768000031196,23.743768000031196
3533,0.028090655000028164,28.090655000028164
3534,0.023755014000016672,23.755014000016672
3535,0.02375759200003813,23.75759200003813
3536,0.023185252999951445,23.185252999951445
3537,0.027683690999992905,27.683690999992905
3538,0.02780401300003632,27.80401300003632
3539,0.0229993899999954,22.9993899999954
3540,0.024196200000005774,24.196200000005774
3541,0.027232397000034325,27.232397000034325
3542,0.028170842999998058,28.170842999998058
3543,0.02383200199994917,23.83200199994917
3544,0.02332266400003391,23.32266400003391
3545,0.03944899699990856,39.44899699990856
3546,0.02378343300006236,23.78343300006236
3547,0.02322795000009137,23.22795000009137
3548,0.022556379999969067,22.556379999969067
3549,0.02629941099996813,26.29941099996813
3550,0.0340699550000636,34.0699550000636
3551,0.026742375000026186,26.742375000026186
3552,0.02431003200001669,24.31003200001669
3553,0.04067154299991671,40.67154299991671
3554,0.023203129999956218,23.203129999956218
3555,0.02171991100010473,21.71991100010473
3556,0.021326722000026166,21.326722000026166
3557,0.037709446999997454,37.70944699999745
3558,0.02243116399995415,22.43116399995415
3559,0.021670801000027495,21.670801000027495
3560,0.02129919600008634,21.29919600008634
3561,0.03913347500008513,39.13347500008513
3562,0.022824205999995684,22.824205999995684
3563,0.022024199000043154,22.024199000043154
3564,0.021139777000030335,21.139777000030335
3565,0.02972565199991095,29.72565199991095
3566,0.027306972000019414,27.306972000019414
3567,0.021966056999985994,21.966056999985994
3568,0.02089932499995939,20.89932499995939
3569,0.03235028999995393,32.35028999995393
3570,0.028039121000006162,28.039121000006162
3571,0.02194019900002786,21.94019900002786
3572,0.020722123000041393,20.722123000041393
3573,0.034707489000084024,34.707489000084024
3574,0.028088808000006793,28.088808000006793
3575,0.02162391500007743,21.62391500007743
3576,0.021466457999963495,21.466457999963495
3577,0.03336593000005905,33.36593000005905
3578,0.02865099000007376,28.65099000007376
3579,0.02193752100004076,21.93752100004076
3580,0.02129426599992712,21.29426599992712
3581,0.03264864099992337,32.64864099992337
3582,0.02808037299996613,28.08037299996613
3583,0.022132200999976703,22.132200999976703
3584,0.020908774000076846,20.908774000076846
3585,0.03332576399998288,33.32576399998288
3586,0.03410801300003641,34.10801300003641
3587,0.02322473300000638,23.22473300000638
3588,0.0228233340000088,22.8233340000088
3589,0.04043941600002654,40.43941600002654
3590,0.02382082300005095,23.82082300005095
3591,0.022985840000046664,22.985840000046664
3592,0.022727247000034367,22.727247000034367
3593,0.028363504000026296,28.363504000026296
3594,0.029202470999962316,29.202470999962316
3595,0.02387608099991212,23.87608099991212
3596,0.023238856000034502,23.238856000034502
3597,0.02942890700001044,29.42890700001044
3598,0.0286337080000294,28.6337080000294
3599,0.02307194700006221,23.07194700006221
3600,0.022615498999925876,22.615498999925876
3601,0.029018330000099013,29.018330000099013
3602,0.02843877899999825,28.43877899999825
3603,0.02692591499999253,26.92591499999253
3604,0.023376741999982187,23.376741999982187
3605,0.031045083999970302,31.045083999970302
3606,0.028074708000076498,28.074708000076498
3607,0.023708688999931837,23.708688999931837
3608,0.023400971000000936,23.400971000000936
3609,0.02681865599993216,26.81865599993216
3610,0.03215168199994878,32.15168199994878
3611,0.023945972999968035,23.945972999968035
3612,0.023471333999964372,23.471333999964372
3613,0.02934092700002111,29.34092700002111
3614,0.028754754000033245,28.754754000033245
3615,0.02313480299994808,23.13480299994808
3616,0.022901367000031314,22.901367000031314
3617,0.036618730999975924,36.618730999975924
3618,0.026219209999908344,26.219209999908344
3619,0.023363457999948878,23.363457999948878
3620,0.022958860000017012,22.95886000001701
3621,0.02979936099995939,29.79936099995939
3622,0.023575765000032334,23.575765000032334
3623,0.02323011900000438,23.23011900000438
3624,0.022800399999937326,22.800399999937326
3625,0.04004032600005303,40.04032600005303
3626,0.028167666999934227,28.167666999934227
3627,0.02618057399990903,26.18057399990903
3628,0.02426124400005847,24.26124400005847
3629,0.04611427999998341,46.11427999998341
3630,0.025710662000051343,25.710662000051343
3631,0.023658687999954964,23.658687999954964
3632,0.02332116400009454,23.32116400009454
3633,0.03501374199993279,35.01374199993279
3634,0.02345963799996298,23.45963799996298
3635,0.02303452599994671,23.03452599994671
3636,0.03689986200004114,36.89986200004114
3637,0.043757491000064874,43.757491000064874
3638,0.02416552900001534,24.16552900001534
3639,0.023362834999943516,23.362834999943516
3640,0.02292066900008649,22.92066900008649
3641,0.028135049999946204,28.135049999946204
3642,0.028840715000001182,28.840715000001182
3643,0.023351316999992378,23.351316999992378
3644,0.022796459999995022,22.796459999995022
3645,0.028123919999984537,28.123919999984537
3646,0.028726995999932115,28.726995999932115
3647,0.022989499999994223,22.989499999994223
3648,0.022452617999988433,22.452617999988433
3649,0.03215423299991471,32.15423299991471
3650,0.028573864000009053,28.573864000009053
3651,0.023468641999897955,23.468641999897955
3652,0.02342115500005093,23.42115500005093
3653,0.03053923599998143,30.53923599998143
3654,0.02902910700004213,29.02910700004213
3655,0.023654326000041692,23.654326000041692
3656,0.023528764000047886,23.528764000047886
3657,0.05442694599992137,54.42694599992137
3658,0.023545951999949466,23.545951999949466
3659,0.02267496399997526,22.67496399997526
3660,0.022883237999963058,22.883237999963058
3661,0.026020936000008987,26.020936000008987
3662,0.03152160399997683,31.521603999976833
3663,0.02344724399995357,23.44724399995357
3664,0.02319537899995794,23.19537899995794
3665,0.029136742999980925,29.136742999980925
3666,0.028442154999993363,28.442154999993363
3667,0.023116616000038448,23.116616000038448
3668,0.022521845000028407,22.521845000028407
3669,0.028853539000010642,28.85353900001064
3670,0.02848615899995366,28.48615899995366
3671,0.022897018999969987,22.897018999969987
3672,0.02244932999997218,22.44932999997218
3673,0.028832547999968483,28.832547999968483
3674,0.028985243999954946,28.985243999954946
3675,0.02384221800002706,23.84221800002706
3676,0.023199240000053578,23.199240000053578
3677,0.029494253000052595,29.494253000052595
3678,0.028324498999950265,28.324498999950265
3679,0.02290346999996018,22.90346999996018
3680,0.022598936000008507,22.598936000008507
3681,0.028682362000040484,28.682362000040484
3682,0.02803384600008485,28.03384600008485
3683,0.022998563999976795,22.998563999976795
3684,0.02251938799997788,22.51938799997788
3685,0.02869093500009967,28.69093500009967
3686,0.02817274599999564,28.17274599999564
3687,0.02289583499998571,22.89583499998571
3688,0.022622246999958406,22.622246999958406
3689,0.028529831000014383,28.529831000014383
3690,0.029024607999986074,29.024607999986074
3691,0.02366813200001161,23.66813200001161
3692,0.023210908999999447,23.210908999999447
3693,0.029255005999971218,29.255005999971218
3694,0.028397016999974767,28.397016999974767
3695,0.022932888000013918,22.932888000013918
3696,0.022647636999977294,22.647636999977294
3697,0.02864498399992499,28.64498399992499
3698,0.0282121239999924,28.2121239999924
3699,0.02336022499991941,23.36022499991941
3700,0.022706928999923548,22.706928999923548
3701,0.028952208999953655,28.952208999953655
3702,0.027638273999968987,27.638273999968987
3703,0.02529222399994069,25.29222399994069
3704,0.025311337999937678,25.311337999937678
3705,0.032340079999926274,32.340079999926274
3706,0.024055156999907013,24.055156999907013
3707,0.0235377400000516,23.5377400000516
3708,0.02317870399997446,23.17870399997446
3709,0.029410925000092902,29.410925000092902
3710,0.023956918000067162,23.956918000067162
3711,0.023559018000014476,23.559018000014476
3712,0.02319904699993458,23.19904699993458
3713,0.033393379000017376,33.393379000017376
3714,0.023857444999975996,23.857444999975996
3715,0.023682089999965683,23.682089999965683
3716,0.024594405000016195,24.594405000016195
3717,0.029273483999986638,29.273483999986638
3718,0.033465962999912335,33.465962999912335
3719,0.023041502999944896,23.041502999944896
3720,0.02262733500003833,22.62733500003833
3721,0.02868526399993243,28.68526399993243
3722,0.027696400999957405,27.696400999957405
3723,0.023013080000055197,23.013080000055197
3724,0.022490521000008812,22.490521000008812
3725,0.028496246000031533,28.496246000031533
3726,0.028628774999901907,28.628774999901907
3727,0.023846533999972053,23.846533999972053
3728,0.023254727999983515,23.254727999983515
3729,0.030218308000030447,30.218308000030447
3730,0.02948505299991666,29.48505299991666
3731,0.02322016099992652,23.22016099992652
3732,0.022477865000041675,22.477865000041675
3733,0.029756123999959527,29.756123999959527
3734,0.028680257000019083,28.680257000019083
3735,0.02330906200006666,23.30906200006666
3736,0.024315006000051653,24.315006000051653
3737,0.031544889000088006,31.544889000088006
3738,0.02375077500005318,23.75077500005318
3739,0.023589205000007496,23.589205000007496
3740,0.02310631000000285,23.10631000000285
3741,0.027540128999930857,27.540128999930857
3742,0.028718309000055342,28.718309000055342
3743,0.02340287399999852,23.40287399999852
3744,0.022484790999897086,22.484790999897086
3745,0.030919248000031985,30.919248000031985
3746,0.02469241299991154,24.69241299991154
3747,0.022917175999964456,22.917175999964456
3748,0.02291322099995341,22.91322099995341
3749,0.03219071499995607,32.19071499995607
3750,0.024064893000058873,24.064893000058873
3751,0.023536585999977433,23.536585999977433
3752,0.023123039999973116,23.123039999973116
3753,0.030747918999963986,30.747918999963986
3754,0.0252478819999169,25.2478819999169
3755,0.023533573999998225,23.533573999998225
3756,0.022479687000100057,22.479687000100057
3757,0.02724643700003071,27.24643700003071
3758,0.02766411799996149,27.66411799996149
3759,0.02296192300002531,22.96192300002531
3760,0.02304794100007257,23.04794100007257
3761,0.031333828000015274,31.333828000015274
3762,0.025692324000033295,25.692324000033295
3763,0.023732556000027216,23.732556000027216
3764,0.023064786999952958,23.064786999952958
3765,0.03684829799999534,36.84829799999534
3766,0.024030658000015137,24.030658000015137
3767,0.023586626999986038,23.586626999986038
3768,0.022723184999904333,22.723184999904333
3769,0.033053058000064084,33.053058000064084
3770,0.031143074000056004,31.143074000056004
3771,0.024205410999911692,24.20541099991169
3772,0.024629739000033624,24.629739000033624
3773,0.03057670800001233,30.57670800001233
3774,0.028767427000047974,28.767427000047974
3775,0.02362775300002795,23.62775300002795
3776,0.02309377099993526,23.09377099993526
3777,0.027769501999955537,27.769501999955537
3778,0.02531508799995663,25.31508799995663
3779,0.022883073000002696,22.883073000002696
3780,0.02249888500000452,22.49888500000452
3781,0.031087759000001824,31.087759000001824
3782,0.026638079000008474,26.638079000008474
3783,0.023675609999941116,23.675609999941116
3784,0.023054236000007222,23.054236000007222
3785,0.027496670000004997,27.496670000004997
3786,0.028117979000057858,28.117979000057858
3787,0.02355223099993964,23.55223099993964
3788,0.022782624000001306,22.782624000001306
3789,0.031211209999923994,31.211209999923994
3790,0.025560511999970004,25.560511999970004
3791,0.02354163500001505,23.54163500001505
3792,0.023050499000078162,23.05049900007816
3793,0.03239009599997189,32.39009599997189
3794,0.024321138000004794,24.321138000004794
3795,0.023406806000025426,23.406806000025426
3796,0.02314282899999398,23.14282899999398
3797,0.02683775700006663,26.83775700006663
3798,0.02641701099992133,26.41701099992133
3799,0.023060920000034457,23.060920000034457
3800,0.022558348999950795,22.558348999950795
3801,0.029805063999901904,29.805063999901904
3802,0.02833230999999614,28.33230999999614
3803,0.02451471999995647,24.51471999995647
3804,0.032992261000003964,32.992261000003964
3805,0.04566856899998584,45.66856899998584
3806,0.031226239000034184,31.226239000034184
3807,0.024826563000033275,24.826563000033275
3808,0.026445977999969728,26.445977999969728
3809,0.162801748999982,162.801748999982
3810,0.024658713000007992,24.658713000007992
3811,0.024018916999921203,24.018916999921203
3812,0.024847188999956416,24.847188999956416
3813,0.04275410299999294,42.75410299999294
3814,0.023853964999943855,23.853964999943855
3815,0.023361537999903703,23.361537999903703
3816,0.028882427999974425,28.882427999974425
3817,0.02395804100001442,23.95804100001442
3818,0.023813044999997146,23.813044999997146
3819,0.023448328000085894,23.448328000085894
3820,0.02799532899996393,27.99532899996393
3821,0.024593967999976485,24.593967999976485
3822,0.023200459000008777,23.200459000008777
3823,0.023317560000009507,23.317560000009507
3824,0.03127916999994795,31.279169999947953
3825,0.02471657699993557,24.71657699993557
3826,0.023508858000013788,23.508858000013788
3827,0.023088675999929364,23.088675999929364
3828,0.0318073320000849,31.807332000084898
3829,0.024123201999941557,24.123201999941557
3830,0.02353167300009318,23.53167300009318
3831,0.022410984999964967,22.410984999964967
3832,0.033138655000016115,33.138655000016115
3833,0.02391942700000982,23.91942700000982
3834,0.023490041999934874,23.490041999934874
3835,0.023085470999944846,23.085470999944846
3836,0.027099216999999953,27.099216999999953
3837,0.027273530999991635,27.273530999991635
3838,0.023493379999990793,23.493379999990793
3839,0.023000989000024674,23.000989000024674
3840,0.029982600000039383,29.982600000039383
3841,0.02735984899993582,27.35984899993582
3842,0.022976158999995278,22.976158999995278
3843,0.0224584480000658,22.4584480000658
3844,0.03018769099992369,30.18769099992369
3845,0.028769063000027018,28.769063000027018
3846,0.023456256999907055,23.456256999907055
3847,0.02335638400006701,23.35638400006701
3848,0.03415356499999689,34.15356499999689
3849,0.024108608000005916,24.108608000005916
3850,0.023561772999983077,23.561772999983077
3851,0.02353851299994858,23.53851299994858
3852,0.02685625499998423,26.85625499998423
3853,0.024169873999994707,24.169873999994707
3854,0.02281807300005312,22.81807300005312
3855,0.022483803999989505,22.483803999989505
3856,0.030098813999984486,30.098813999984486
3857,0.02828388199998244,28.28388199998244
3858,0.02343303099996774,23.43303099996774
3859,0.02269352999996954,22.69352999996954
3860,0.03104683600008684,31.04683600008684
3861,0.02550281100002394,25.50281100002394
3862,0.02363730799993391,23.63730799993391
3863,0.023562230000038653,23.562230000038653
3864,0.027992305999987366,27.992305999987366
3865,0.027146048000076917,27.146048000076917
3866,0.02346261900004265,23.46261900004265
3867,0.02343886999994993,23.43886999994993
3868,0.032584792999955425,32.584792999955425
3869,0.023964213999988715,23.964213999988715
3870,0.023534672999971917,23.534672999971917
3871,0.022542592000036166,22.542592000036166
3872,0.026855365000074016,26.855365000074016
3873,0.028762132999986534,28.762132999986534
3874,0.023073073999967164,23.073073999967164
3875,0.022584219000009398,22.584219000009398
3876,0.030601498000009997,30.601498000009997
3877,0.02626188399995044,26.26188399995044
3878,0.023218176999989737,23.218176999989737
3879,0.023235103999923012,23.235103999923012
3880,0.02642454700003327,26.42454700003327
3881,0.0342192130000285,34.2192130000285
3882,0.025595330999976795,25.595330999976795
3883,0.02397074500004237,23.97074500004237
3884,0.03372909200004415,33.72909200004415
3885,0.028538169999933416,28.538169999933416
3886,0.023667091999982404,23.667091999982404
3887,0.02268655500006389,22.68655500006389
3888,0.03390923100005239,33.90923100005239
3889,0.024612027999978636,24.612027999978636
3890,0.023241835000021638,23.241835000021638
3891,0.022783330000038404,22.783330000038404
3892,0.03250714900002549,32.50714900002549
3893,0.023526943999968353,23.526943999968353
3894,0.023876457000028495,23.876457000028495
3895,0.02491985099993599,24.91985099993599
3896,0.028988293999987036,28.988293999987036
3897,0.02393163099998219,23.93163099998219
3898,0.02382916099998056,23.82916099998056
3899,0.02351065099992411,23.51065099992411
3900,0.02573569599996972,25.73569599996972
3901,0.03353736899998694,33.53736899998694
3902,0.022872165000080713,22.872165000080713
3903,0.022553849000019,22.553849000019
3904,0.027006344000028548,27.006344000028548
3905,0.02562545700004648,25.62545700004648
3906,0.023525537000068653,23.525537000068653
3907,0.023485665000066547,23.485665000066547
3908,0.032082177000006595,32.082177000006595
3909,0.023866325000085453,23.866325000085453
3910,0.023572818000047846,23.572818000047846
3911,0.023217015000000174,23.217015000000174
3912,0.027688472000022557,27.688472000022557
3913,0.02673456200000146,26.73456200000146
3914,0.023042012000018985,23.042012000018985
3915,0.02254067199999099,22.54067199999099
3916,0.02981297300004826,29.81297300004826
3917,0.03052210800001376,30.52210800001376
3918,0.023188694999930703,23.188694999930703
3919,0.023024038000016844,23.024038000016844
3920,0.027044763000048988,27.044763000048988
3921,0.028030066999917835,28.030066999917835
3922,0.023652644999970107,23.652644999970107
3923,0.023138364000033107,23.138364000033107
3924,0.03300521799997114,33.00521799997114
3925,0.024144664000004923,24.144664000004923
3926,0.02355760700004339,23.55760700004339
3927,0.02303897000001598,23.03897000001598
3928,0.027003972999978032,27.003972999978032
3929,0.029993493999995735,29.993493999995735
3930,0.022848781999982748,22.848781999982748
3931,0.022594604999994772,22.594604999994772
3932,0.03781317699997544,37.81317699997544
3933,0.024176629000066896,24.176629000066896
3934,0.027474723999944217,27.474723999944217
3935,0.023537031999921965,23.537031999921965
3936,0.03226425399998334,32.26425399998334
3937,0.029447445999949196,29.447445999949196
3938,0.02375457899995581,23.75457899995581
3939,0.023774537999997847,23.774537999997847
3940,0.03437116700001752,34.37116700001752
3941,0.02475796999999602,24.75796999999602
3942,0.023486265999963507,23.486265999963507
3943,0.022711399999934656,22.711399999934656
3944,0.027332327999943118,27.332327999943118
3945,0.02324663700005658,23.24663700005658
3946,0.023164785000062693,23.164785000062693
3947,0.022555618000069444,22.555618000069444
3948,0.031042660000025535,31.042660000025535
3949,0.026484202000006007,26.484202000006007
3950,0.023702651999997215,23.702651999997215
3951,0.023386565000009796,23.386565000009796
3952,0.027895105999959924,27.895105999959924
3953,0.02773984800001017,27.73984800001017
3954,0.022964029000036135,22.964029000036135
3955,0.022654471000009835,22.654471000009835
3956,0.031201072999920143,31.201072999920143
3957,0.025129214999992655,25.129214999992655
3958,0.026647977000038736,26.647977000038736
3959,0.024052539999956934,24.052539999956934
3960,0.04378106199999365,43.78106199999365
3961,0.025536319000025287,25.536319000025287
3962,0.023514386999977432,23.514386999977432
3963,0.02309600799992495,23.09600799992495
3964,0.027763679000031516,27.763679000031516
3965,0.023467753000090852,23.467753000090852
3966,0.02312136399996234,23.12136399996234
3967,0.02253916899996966,22.53916899996966
3968,0.031040433000043777,31.040433000043777
3969,0.02641201600010845,26.41201600010845
3970,0.02360975999999937,23.60975999999937
3971,0.023088196000003336,23.088196000003336
3972,0.027933333000078164,27.933333000078164
3973,0.02647581700000501,26.47581700000501
3974,0.022972259999960443,22.972259999960443
3975,0.023361128000033204,23.361128000033204
3976,0.03064467000001514,30.64467000001514
3977,0.025731954999969275,25.731954999969275
3978,0.023405364000041118,23.405364000041118
3979,0.02260302000001957,22.60302000001957
3980,0.025110309999945457,25.110309999945457
3981,0.032274513000061233,32.27451300006123
3982,0.023968124000020907,23.968124000020907
3983,0.023505940999939412,23.505940999939412
3984,0.034532993999960127,34.53299399996013
3985,0.02405408599997827,24.05408599997827
3986,0.023554648999947858,23.554648999947858
3987,0.023255898000002162,23.255898000002162
3988,0.03138715399995817,31.387153999958173
3989,0.023887831000024562,23.887831000024562
3990,0.02320828199992775,23.20828199992775
3991,0.022537675000080526,22.537675000080526
3992,0.027464475999977367,27.464475999977367
3993,0.02704662200005714,27.04662200005714
3994,0.023071690000051603,23.071690000051603
3995,0.02289954000002581,22.89954000002581
3996,0.029748686000061753,29.748686000061753
3997,0.028508389999956307,28.508389999956307
3998,0.0228860419999819,22.8860419999819
3999,0.022537532999990617,22.537532999990617
4000,0.031084566000004088,31.084566000004088
4001,0.025631213999986358,25.631213999986358
4002,0.023658473999944363,23.658473999944363
4003,0.023199043999966307,23.199043999966307
4004,0.032189794000032634,32.189794000032634
4005,0.024502354999981435,24.502354999981435
4006,0.02372052900000199,23.72052900000199
4007,0.02318535699998847,23.18535699998847
4008,0.027863434999972014,27.863434999972014
4009,0.024157440000067254,24.157440000067254
4010,0.022961668999982976,22.961668999982976
4011,0.022680358999991768,22.680358999991768
4012,0.031353345000070476,31.353345000070476
4013,0.0246391200000744,24.6391200000744
4014,0.023428302999946027,23.428302999946027
4015,0.02327284000000418,23.27284000000418
4016,0.03396067500000299,33.96067500000299
4017,0.02395925200005422,23.95925200005422
4018,0.023576755000021876,23.576755000021876
4019,0.023483314999907634,23.483314999907634
4020,0.027650086999983614,27.650086999983614
4021,0.02380166000000372,23.80166000000372
4022,0.023111916000061683,23.111916000061683
4023,0.02264710899999045,22.64710899999045
4024,0.031305588000009266,31.305588000009266
4025,0.02487294699994891,24.87294699994891
4026,0.023782796999967104,23.782796999967104
4027,0.023269613000024947,23.269613000024947
4028,0.027519311999981255,27.519311999981255
4029,0.028080566999960865,28.080566999960865
4030,0.023561204000088765,23.561204000088765
4031,0.022528896000039822,22.528896000039822
4032,0.03085660800002188,30.85660800002188
4033,0.025318900999991456,25.318900999991456
4034,0.02300045599997702,23.00045599997702
4035,0.0229606689999855,22.9606689999855
4036,0.025852193999980955,25.852193999980955
4037,0.032053934000032314,32.053934000032314
4038,0.025833047999981318,25.833047999981318
4039,0.023677769000073567,23.677769000073567
4040,0.02649380499997278,26.49380499997278
4041,0.03175544299995181,31.75544299995181
4042,0.02367873100001816,23.67873100001816
4043,0.0229101319999927,22.9101319999927
4044,0.027470895999954337,27.470895999954337
4045,0.02772470299998986,27.72470299998986
4046,0.022891923999964092,22.891923999964092
4047,0.022553848000029575,22.553848000029575
4048,0.03013024699998823,30.13024699998823
4049,0.023930363999966175,23.930363999966175
4050,0.025121809999973266,25.121809999973266
4051,0.026013734999992266,26.013734999992266
4052,0.03432678500007569,34.32678500007569
4053,0.029314709999994193,29.314709999994193
4054,0.023966788000052475,23.966788000052475
4055,0.023099899000044388,23.09989900004439
4056,0.030151183000043602,30.151183000043602
4057,0.027135810000004312,27.135810000004312
4058,0.02300112000000354,23.00112000000354
4059,0.022676348999993934,22.676348999993934
4060,0.032217536999951335,32.217536999951335
4061,0.024396905000003244,24.396905000003244
4062,0.02377367599990521,23.77367599990521
4063,0.023488837000058993,23.488837000058993
4064,0.027963601000010385,27.963601000010385
4065,0.0264344129999472,26.4344129999472
4066,0.023263938000013695,23.263938000013695
4067,0.022640929000090182,22.640929000090182
4068,0.031523454000080164,31.523454000080164
4069,0.025028593999991244,25.028593999991244
4070,0.02355764399999316,23.55764399999316
4071,0.023195990999965943,23.195990999965943
4072,0.02791379500001767,27.91379500001767
4073,0.02750666999997975,27.50666999997975
4074,0.02300638600002003,23.00638600002003
4075,0.022737185999972098,22.737185999972098
4076,0.029895563000081893,29.895563000081893
4077,0.029147626000053606,29.147626000053606
4078,0.023045077999995556,23.045077999995556
4079,0.022551419000023998,22.551419000023998
4080,0.03016071699994427,30.16071699994427
4081,0.026370479999968666,26.370479999968666
4082,0.024668351000059374,24.668351000059374
4083,0.02320429700000659,23.20429700000659
4084,0.02748897300000408,27.48897300000408
4085,0.028082507000021906,28.082507000021906
4086,0.024659997999947336,24.659997999947336
4087,0.0226494600000251,22.6494600000251
4088,0.027695111999946675,27.695111999946675
4089,0.027688579000027858,27.688579000027858
4090,0.02302845100007289,23.02845100007289
4091,0.022542573000009725,22.542573000009725
4092,0.029560672999991766,29.560672999991766
4093,0.02844181800003298,28.44181800003298
4094,0.023220942000079958,23.22094200007996
4095,0.02356805700003406,23.56805700003406
4096,0.030276601999958075,30.276601999958075
4097,0.026135326000030545,26.135326000030545
4098,0.02351222599997982,23.51222599997982
4099,0.02312800699996842,23.12800699996842
4100,0.033106172999964656,33.106172999964656
4101,0.02378081100005147,23.78081100005147
4102,0.023661156999992272,23.661156999992272
4103,0.023782027000038397,23.782027000038397
4104,0.04485058900002059,44.85058900002059
4105,0.02560377299994343,25.60377299994343
4106,0.023608391999914602,23.608391999914602
4107,0.02262726800006476,22.62726800006476
4108,0.02810275100000581,28.10275100000581
4109,0.0236250549999113,23.6250549999113
4110,0.022967075999986264,22.967075999986264
4111,0.022836921000020993,22.836921000020993
4112,0.031885712999951465,31.885712999951465
4113,0.023976858999958495,23.976858999958495
4114,0.023706672000002982,23.706672000002982
4115,0.023205659000041123,23.205659000041123
4116,0.035915611999939756,35.915611999939756
4117,0.024082917999976416,24.082917999976416
4118,0.023822033999977066,23.822033999977066
4119,0.022850263000009363,22.850263000009363
4120,0.02649404700002833,26.49404700002833
4121,0.0322437859999809,32.2437859999809
4122,0.02300794500001757,23.00794500001757
4123,0.022894909999990887,22.894909999990887
4124,0.02549611199992796,25.49611199992796
4125,0.03185564299997168,31.85564299997168
4126,0.023556647000077646,23.556647000077646
4127,0.023095109999985652,23.095109999985652
4128,0.03058230699991782,30.58230699991782
4129,0.028971595000029993,28.971595000029993
4130,0.02296228299996983,22.96228299996983
4131,0.02267394900002273,22.67394900002273
4132,0.028998710999985633,28.998710999985633
4133,0.028806945999917843,28.806945999917843
4134,0.022967343000004803,22.967343000004803
4135,0.022760529000038332,22.760529000038332
4136,0.028580458999954317,28.580458999954317
4137,0.03092855199997757,30.92855199997757
4138,0.025392829999987043,25.392829999987043
4139,0.02536020100001224,25.36020100001224
4140,0.04471160499997495,44.71160499997495
4141,0.02714664500001618,27.14664500001618
4142,0.026020638000090912,26.020638000090912
4143,0.023659176000023763,23.659176000023763
4144,0.036461967999912304,36.461967999912304
4145,0.02604541599998811,26.04541599998811
4146,0.024460611999984394,24.460611999984394
4147,0.02466065199996592,24.66065199996592
4148,0.04588144000001648,45.88144000001648
4149,0.024589852000076462,24.589852000076462
4150,0.023326883000095222,23.326883000095222
4151,0.02249743300001228,22.49743300001228
4152,0.028479386999947565,28.479386999947565
4153,0.027890537999951448,27.890537999951448
4154,0.022863133999976526,22.863133999976526
4155,0.02257881000002726,22.57881000002726
4156,0.02881412099998215,28.81412099998215
4157,0.028240457000038077,28.240457000038077
4158,0.022932148999984747,22.932148999984747
4159,0.02287006599999586,22.87006599999586
4160,0.029316454999957386,29.316454999957386
4161,0.028537289999917448,28.537289999917448
4162,0.02398768300008669,23.98768300008669
4163,0.023145114000044487,23.145114000044487
4164,0.03187500100000307,31.875001000003067
4165,0.028743169999984275,28.743169999984275
4166,0.0227749829999766,22.7749829999766
4167,0.0224782719999439,22.4782719999439
4168,0.031597403999967355,31.597403999967355
4169,0.02731361400003607,27.31361400003607
4170,0.022869167000067137,22.869167000067137
4171,0.023051367999983086,23.051367999983086
4172,0.030770011000072373,30.770011000072373
4173,0.02604290800002218,26.04290800002218
4174,0.022881624000092415,22.881624000092415
4175,0.022996721999902547,22.996721999902547
4176,0.032009750000042914,32.009750000042914
4177,0.024665848999916307,24.665848999916307
4178,0.02348899399999027,23.48899399999027
4179,0.023046849999900587,23.046849999900587
4180,0.028681279000011273,28.681279000011273
4181,0.025842500999942786,25.842500999942786
4182,0.024225623000006635,24.225623000006635
4183,0.02290599600007681,22.90599600007681
4184,0.032856493999929626,32.856493999929626
4185,0.023931074999950397,23.931074999950397
4186,0.023508991999960926,23.508991999960926
4187,0.023100729000020692,23.100729000020692
4188,0.02699239599996872,26.99239599996872
4189,0.02718602599998121,27.18602599998121
4190,0.022979999999961365,22.979999999961365
4191,0.022515116000022317,22.515116000022317
4192,0.030532750000020314,30.532750000020314
4193,0.02684548000001996,26.84548000001996
4194,0.022981748999995943,22.981748999995943
4195,0.022591206000015518,22.591206000015518
4196,0.03965113599997494,39.65113599997494
4197,0.023184755999977824,23.184755999977824
4198,0.022977232000016556,22.977232000016556
4199,0.02246750400001929,22.46750400001929
4200,0.027334493000012117,27.334493000012117
4201,0.024146997000002557,24.146997000002557
4202,0.023674283999980616,23.674283999980616
4203,0.023378011999966475,23.378011999966475
4204,0.026334885999972357,26.334885999972357
4205,0.03541017000009106,35.41017000009106
4206,0.023525029999973412,23.525029999973412
4207,0.0226055500000939,22.6055500000939
4208,0.027563675000010335,27.563675000010335
4209,0.02796134200002598,27.96134200002598
4210,0.02324883200003569,23.24883200003569
4211,0.022895763999940755,22.895763999940755
4212,0.03820202099996095,38.20202099996095
4213,0.029295037999986562,29.29503799998656
4214,0.023866941000051156,23.866941000051156
4215,0.02308002100005524,23.08002100005524
4216,0.03941830500002652,39.41830500002652
4217,0.027906487999985075,27.906487999985075
4218,0.025785079999991467,25.785079999991467
4219,0.02303878199995779,23.03878199995779
4220,0.03251585500004239,32.51585500004239
4221,0.023178437999945345,23.178437999945345
4222,0.023725148000039553,23.725148000039553
4223,0.022998726999958308,22.998726999958308
4224,0.039364462999969874,39.364462999969874
4225,0.024001856999916527,24.001856999916527
4226,0.023539176999975098,23.539176999975098
4227,0.023759419000043636,23.759419000043636
4228,0.030207363999920744,30.207363999920744
4229,0.02922971000009511,29.22971000009511
4230,0.02392446099997869,23.92446099997869
4231,0.02326535600002444,23.26535600002444
4232,0.03069502100004229,30.69502100004229
4233,0.02836633399999755,28.36633399999755
4234,0.023108925999963503,23.108925999963503
4235,0.02254553299997042,22.54553299997042
4236,0.029671957999994447,29.671957999994447
4237,0.028394563999995626,28.394563999995626
4238,0.023246922999987873,23.246922999987873
4239,0.022655819999954474,22.655819999954474
4240,0.02972389399997155,29.72389399997155
4241,0.0284939939999731,28.4939939999731
4242,0.02334100899997793,23.34100899997793
4243,0.022839885000053073,22.839885000053073
4244,0.03098462700006621,30.98462700006621
4245,0.028870919000041795,28.870919000041795
4246,0.023664437999968868,23.664437999968868
4247,0.023207748000004358,23.207748000004358
4248,0.03424957400000039,34.24957400000039
4249,0.02414758800000527,24.14758800000527
4250,0.023618770999974004,23.618770999974004
4251,0.023214713000015763,23.214713000015763
4252,0.02774187499994696,27.74187499994696
4253,0.026047703000017464,26.047703000017464
4254,0.02303265700004431,23.03265700004431
4255,0.022644124999942505,22.644124999942505
4256,0.031547219999993104,31.547219999993104
4257,0.026132725000024948,26.132725000024948
4258,0.02374974999997903,23.74974999997903
4259,0.02321900499998719,23.21900499998719
4260,0.02657782699998279,26.57782699998279
4261,0.03223755700003039,32.23755700003039
4262,0.023928465000039978,23.928465000039978
4263,0.02328133200001048,23.28133200001048
4264,0.028782055999954537,28.782055999954537
4265,0.02905048100001295,29.05048100001295
4266,0.023094219000086014,23.094219000086014
4267,0.022603811000067253,22.603811000067253
4268,0.028634150000016234,28.634150000016234
4269,0.02874210699997093,28.74210699997093
4270,0.026596143999995547,26.596143999995547
4271,0.022539797000035833,22.539797000035833
4272,0.03793988699999318,37.93988699999318
4273,0.02416833899997073,24.16833899997073
4274,0.02349825300007069,23.49825300007069
4275,0.02305006200003845,23.05006200003845
4276,0.03295903100001851,32.95903100001851
4277,0.02357469999992645,23.57469999992645
4278,0.023323762000018178,23.323762000018178
4279,0.022617814999989605,22.617814999989605
4280,0.027925347000063994,27.925347000063994
4281,0.02315859099996942,23.15859099996942
4282,0.023099397999999383,23.099397999999383
4283,0.02299212200000511,22.99212200000511
4284,0.024163043000044127,24.163043000044127
4285,0.024351421000005757,24.351421000005757
4286,0.08339320100003533,83.39320100003533
4287,0.09508952500004852,95.08952500004852
4288,0.05234008200000062,52.34008200000062
4289,0.023344416999975692,23.344416999975692
4290,0.024627361000057135,24.627361000057135
4291,0.04118173199992725,41.18173199992725
4292,0.027719205000039437,27.719205000039437
4293,0.023070638000035615,23.070638000035615
4294,0.033115409999936674,33.115409999936674
4295,0.02826422399994044,28.26422399994044
4296,0.023130197999989832,23.130197999989832
4297,0.02284425100003773,22.84425100003773
4298,0.03183757900001183,31.83757900001183
4299,0.025293296999961967,25.293296999961967
4300,0.024158131999911348,24.158131999911348
4301,0.02342390199999045,23.42390199999045
4302,0.03400734799993188,34.00734799993188
4303,0.024382130000049074,24.382130000049074
4304,0.023593599000037102,23.593599000037102
4305,0.023364526000023034,23.364526000023034
4306,0.030214903999990383,30.214903999990383
4307,0.024621757999966576,24.621757999966576
4308,0.02316451900003358,23.16451900003358
4309,0.022971243000029062,22.971243000029062
4310,0.028438001000040458,28.438001000040458
4311,0.024025063000067348,24.025063000067348
4312,0.023217334000037226,23.217334000037226
4313,0.022593102999962866,22.593102999962866
4314,0.031590197000014086,31.590197000014086
4315,0.025659528000005594,25.659528000005594
4316,0.02365058099996986,23.65058099996986
4317,0.023192810000068675,23.192810000068675
4318,0.02751617800004169,27.51617800004169
4319,0.03494799499992496,34.94799499992496
4320,0.02306153600000016,23.06153600000016
4321,0.022763155999996343,22.763155999996343
4322,0.02638844299997345,26.38844299997345
4323,0.031046287999970446,31.046287999970446
4324,0.023177690000011353,23.177690000011353
4325,0.022842749000005824,22.842749000005824
4326,0.027156617999935406,27.156617999935406
4327,0.03000895299999229,30.00895299999229
4328,0.023854836000055002,23.854836000055002
4329,0.02315002699992874,23.15002699992874
4330,0.03276288200004274,32.76288200004274
4331,0.02956426499997633,29.56426499997633
4332,0.023264635000032285,23.264635000032285
4333,0.022713941000006344,22.713941000006344
4334,0.03755253499991795,37.55253499991795
4335,0.02382706399998824,23.82706399998824
4336,0.023660360999997465,23.660360999997465
4337,0.02305133000004389,23.05133000004389
4338,0.026300629000047593,26.300629000047593
4339,0.030515494000042054,30.515494000042054
4340,0.023150630000031924,23.150630000031924
4341,0.022710925000069437,22.710925000069437
4342,0.029656581000040205,29.656581000040205
4343,0.028114283000036266,28.114283000036266
4344,0.023742416000004596,23.742416000004596
4345,0.024107447000005777,24.107447000005777
4346,0.02984984500005794,29.84984500005794
4347,0.02812928599996667,28.12928599996667
4348,0.023105000999976255,23.105000999976255
4349,0.022727576000079353,22.727576000079353
4350,0.034593964999999116,34.593964999999116
4351,0.027537065000046823,27.537065000046823
4352,0.023303582999915307,23.303582999915307
4353,0.02255883400005132,22.55883400005132
4354,0.03234041600001092,32.34041600001092
4355,0.023724577999928442,23.724577999928442
4356,0.02403181299996504,24.03181299996504
4357,0.023426515000096515,23.426515000096515
4358,0.035226426999997784,35.226426999997784
4359,0.029352707000043665,29.352707000043665
4360,0.023540508999985832,23.540508999985832
4361,0.022835546000010254,22.835546000010254
4362,0.03208675099995162,32.08675099995162
4363,0.02414312799999152,24.14312799999152
4364,0.023521065999943858,23.521065999943858
4365,0.024293348000014703,24.293348000014703
4366,0.02839851400005955,28.39851400005955
4367,0.032172531000014715,32.172531000014715
4368,0.023384484999951383,23.384484999951383
4369,0.02259361300002638,22.59361300002638
4370,0.02887215999999171,28.87215999999171
4371,0.028671334999899045,28.671334999899045
4372,0.023206422000043858,23.206422000043858
4373,0.0233871770000178,23.3871770000178
4374,0.031329824000067674,31.329824000067674
4375,0.029069844999980887,29.069844999980887
4376,0.023835383000005095,23.835383000005095
4377,0.023272115000054328,23.272115000054328
4378,0.030566665000037574,30.566665000037574
4379,0.031455622999942534,31.455622999942534
4380,0.025505879999968784,25.505879999968784
4381,0.022846441999945455,22.846441999945455
4382,0.028867095000009613,28.867095000009613
4383,0.02899520300002223,28.99520300002223
4384,0.023190480000039315,23.190480000039315
4385,0.022786902000007103,22.786902000007103
4386,0.02898863399991569,28.98863399991569
4387,0.028974764999929903,28.974764999929903
4388,0.02291410399993765,22.91410399993765
4389,0.022932362000005924,22.932362000005924
4390,0.03516668400004619,35.16668400004619
4391,0.02950113099996088,29.50113099996088
4392,0.023926293999920745,23.926293999920745
4393,0.023382560000072772,23.382560000072772
4394,0.027978505999953995,27.978505999953995
4395,0.0263920090000056,26.3920090000056
4396,0.023196170999995047,23.196170999995047
4397,0.022775102999958108,22.775102999958108
4398,0.032933417999970516,32.933417999970516
4399,0.02422259499996926,24.22259499996926
4400,0.02363079799999923,23.63079799999923
4401,0.023271720999900936,23.271720999900936
4402,0.027878998000005595,27.878998000005595
4403,0.023990998000044783,23.990998000044783
4404,0.023130011000034756,23.130011000034756
4405,0.02287341400005971,22.87341400005971
4406,0.03305331700005354,33.05331700005354
4407,0.023584922999930313,23.584922999930313
4408,0.02309168800002226,23.09168800002226
4409,0.022690183999998226,22.690183999998226
4410,0.03285559000005378,32.85559000005378
4411,0.024553324000066823,24.553324000066823
4412,0.023635409000007712,23.635409000007712
4413,0.023256172999936098,23.256172999936098
4414,0.02803092499993909,28.03092499993909
4415,0.02614113999993606,26.14113999993606
4416,0.023817166000071666,23.817166000071666
4417,0.02334379900003114,23.34379900003114
4418,0.02628194600004008,26.28194600004008
4419,0.03320964800002457,33.20964800002457
4420,0.02322191500002191,23.22191500002191
4421,0.022651017000043794,22.651017000043794
4422,0.027997080999966784,27.997080999966784
4423,0.029329068000038205,29.329068000038205
4424,0.02314926799999739,23.14926799999739
4425,0.02256289399997513,22.56289399997513
4426,0.02944283199997244,29.44283199997244
4427,0.02917315900003814,29.17315900003814
4428,0.023746414000015648,23.746414000015648
4429,0.02337141900000006,23.37141900000006
4430,0.030871311999931095,30.871311999931095
4431,0.029031830000008085,29.031830000008085
4432,0.025743101000102797,25.743101000102797
4433,0.026143791999970745,26.143791999970745
4434,0.02632556300000033,26.32556300000033
4435,0.0349303760000339,34.9303760000339
4436,0.023326366999981474,23.326366999981474
4437,0.02264447300001393,22.64447300001393
4438,0.029290721000052145,29.290721000052145
4439,0.02886948399998346,28.86948399998346
4440,0.023898873999996795,23.898873999996795
4441,0.023360452000019905,23.360452000019905
4442,0.03754788800006281,37.54788800006281
4443,0.024059953999994832,24.059953999994832
4444,0.022959114000059344,22.959114000059344
4445,0.02283946600005038,22.83946600005038
4446,0.02753974899997047,27.53974899997047
4447,0.026420884000003753,26.420884000003753
4448,0.023353702000008525,23.353702000008525
4449,0.023259533999976156,23.259533999976156
4450,0.034807199000056244,34.807199000056244
4451,0.024310850999995637,24.310850999995637
4452,0.02352434700003414,23.52434700003414
4453,0.02332142800003112,23.32142800003112
4454,0.02788789800001723,27.88789800001723
4455,0.024021715000003496,24.021715000003496
4456,0.02355197400004272,23.55197400004272
4457,0.022584359999996195,22.584359999996195
4458,0.028275657999984105,28.275657999984105
4459,0.0362713970000641,36.2713970000641
4460,0.023065380999923946,23.065380999923946
4461,0.022618615000055797,22.618615000055797
4462,0.029103079000037724,29.103079000037724
4463,0.02862380600004144,28.62380600004144
4464,0.023622549999913645,23.622549999913645
4465,0.024855268000010255,24.855268000010255
4466,0.026166863999947054,26.166863999947054
4467,0.028523844999995163,28.523844999995163
4468,0.028899410000008174,28.899410000008174
4469,0.025100995000002513,25.100995000002513
4470,0.04834630699997433,48.34630699997433
4471,0.02772380700002941,27.72380700002941
4472,0.025706388000003244,25.706388000003244
4473,0.02655360600010681,26.55360600010681
4474,0.033057688999974744,33.057688999974744
4475,0.028114510000023074,28.114510000023074
4476,0.023083638000002793,23.083638000002793
4477,0.024269322000009197,24.269322000009197
4478,0.03013976600004753,30.13976600004753
4479,0.03555061399993065,35.55061399993065
4480,0.02664987499997551,26.64987499997551
4481,0.02362649799999872,23.62649799999872
4482,0.032561783999994987,32.56178399999499
4483,0.024219747999950414,24.219747999950414
4484,0.024973671999987346,24.973671999987346
4485,0.023288983000043117,23.288983000043117
4486,0.040959595999993326,40.959595999993326
4487,0.022681462000036845,22.681462000036845
4488,0.02136711900004684,21.36711900004684
4489,0.021029956999996102,21.029956999996102
4490,0.02851249100001496,28.51249100001496
4491,0.021979307000037807,21.979307000037807
4492,0.02133263599989732,21.33263599989732
4493,0.02068907099999251,20.68907099999251
4494,0.03171645100007936,31.71645100007936
4495,0.028285515999982636,28.285515999982636
4496,0.02189448599995103,21.89448599995103
4497,0.021498588999975254,21.498588999975254
4498,0.032616556999983004,32.616556999983004
4499,0.028380105000110234,28.380105000110234
4500,0.021828311000035683,21.828311000035683
4501,0.020791285000086646,20.791285000086646
4502,0.031580772999973306,31.580772999973306
4503,0.027669558999946275,27.669558999946275
4504,0.02131954800006497,21.31954800006497
4505,0.021307904999957827,21.307904999957827
4506,0.033681517999980315,33.681517999980315
4507,0.028632731000016065,28.632731000016065
4508,0.021386655000014798,21.386655000014798
4509,0.02140932099996462,21.40932099996462
4510,0.03138881699999274,31.38881699999274
4511,0.02796181099995465,27.96181099995465
4512,0.022159010999985185,22.159010999985185
4513,0.02246142299998155,22.46142299998155
4514,0.03159920400003102,31.599204000031023
4515,0.027600120999977662,27.600120999977662
4516,0.02131214199994247,21.31214199994247
4517,0.02159253499996794,21.59253499996794
4518,0.02564284499999303,25.64284499999303
4519,0.031838745999948515,31.838745999948515
4520,0.02159119800001008,21.59119800001008
4521,0.020906104999994568,20.906104999994568
4522,0.02946058300005916,29.46058300005916
4523,0.02346851099991909,23.46851099991909
4524,0.021775269000045228,21.775269000045228
4525,0.02149336200000107,21.49336200000107
4526,0.032931719999965026,32.931719999965026
4527,0.028220034000014493,28.220034000014493
4528,0.021865353000066534,21.865353000066534
4529,0.020911651000005804,20.911651000005804
4530,0.0322280469999896,32.2280469999896
4531,0.028440918000001147,28.440918000001147
4532,0.021355700999947658,21.355700999947658
4533,0.02145505700002559,21.45505700002559
4534,0.03194257400002698,31.94257400002698
4535,0.02726474500002496,27.26474500002496
4536,0.021602243999950588,21.602243999950588
4537,0.02142147400002159,21.42147400002159
4538,0.030794713999966916,30.794713999966916
4539,0.028711176000001615,28.711176000001615
4540,0.02246357399997123,22.46357399997123
4541,0.021919403999959286,21.919403999959286
4542,0.030508408000059717,30.508408000059717
4543,0.027922400999955244,27.922400999955244
4544,0.02128557899993666,21.28557899993666
4545,0.020961096000064572,20.961096000064572
4546,0.029147662000013952,29.147662000013952
4547,0.032061038999927405,32.061038999927405
4548,0.030895576000034453,30.895576000034453
4549,0.02422539400004098,24.22539400004098
4550,0.040647254999953475,40.647254999953475
4551,0.024346373000071253,24.346373000071253
4552,0.02351884099994095,23.51884099994095
4553,0.023892090000003918,23.89209000000392
4554,0.03104431100007332,31.04431100007332
4555,0.029533221999940906,29.533221999940906
4556,0.023600883999961297,23.600883999961297
4557,0.023451840000006996,23.451840000006996
4558,0.03195696799991765,31.95696799991765
4559,0.02389447600000949,23.89447600000949
4560,0.023973909000005733,23.973909000005733
4561,0.0231922199999417,23.1922199999417
4562,0.027192904999992606,27.192904999992606
4563,0.02601550800000041,26.01550800000041
4564,0.023073078999914287,23.073078999914287
4565,0.022620805999963522,22.620805999963522
4566,0.030522023999992598,30.522023999992598
4567,0.028141396000023633,28.141396000023633
4568,0.023727860999997574,23.727860999997574
4569,0.02309553399993547,23.09553399993547
4570,0.02762951099998645,27.62951099998645
4571,0.02773797800000466,27.73797800000466
4572,0.02329183100005139,23.29183100005139
4573,0.022744693000049665,22.744693000049665
4574,0.03087893700001132,30.87893700001132
4575,0.024383917000022848,24.383917000022848
4576,0.023086483999918528,23.086483999918528
4577,0.022535790999995697,22.535790999995697
4578,0.02997786499997801,29.97786499997801
4579,0.027918902999999773,27.918902999999773
4580,0.023274635999996462,23.274635999996462
4581,0.022720885999888196,22.720885999888196
4582,0.030596530000025268,30.59653000002527
4583,0.02711499500003356,27.11499500003356
4584,0.023640784999997777,23.640784999997777
4585,0.023184506000006877,23.184506000006877
4586,0.027593434999971578,27.593434999971578
4587,0.025392313999986982,25.392313999986982
4588,0.023621692999995503,23.621692999995503
4589,0.022580587999982527,22.580587999982527
4590,0.03128232299991396,31.28232299991396
4591,0.02374845600002118,23.74845600002118
4592,0.022969123999928343,22.969123999928343
4593,0.022774112999968565,22.774112999968565
4594,0.03132004099995811,31.32004099995811
4595,0.025218806999987464,25.218806999987464
4596,0.02351923200001238,23.51923200001238
4597,0.023218851999899925,23.218851999899925
4598,0.03440975500006971,34.40975500006971
4599,0.02411352399997213,24.11352399997213
4600,0.026344386000005215,26.344386000005215
4601,0.02667634099998395,26.67634099998395
4602,0.029787849999934224,29.787849999934224
4603,0.03204807300005541,32.04807300005541
4604,0.023260201000084635,23.260201000084635
4605,0.022500221999962378,22.500221999962378
4606,0.030049161999954777,30.049161999954777
4607,0.028477243999986968,28.477243999986968
4608,0.023396275999971294,23.396275999971294
4609,0.022564483999985896,22.564483999985896
4610,0.030278838999947766,30.278838999947766
4611,0.026525444999947467,26.525444999947467
4612,0.02369788500004688,23.69788500004688
4613,0.023140158999922278,23.140158999922278
4614,0.03157533700004933,31.57533700004933
4615,0.024218592000011085,24.218592000011085
4616,0.02360965799994119,23.60965799994119
4617,0.023556245999998282,23.556245999998282
4618,0.02770177499996862,27.70177499996862
4619,0.025704136999934235,25.704136999934235
4620,0.023074886000017614,23.074886000017614
4621,0.022682317999965562,22.682317999965562
4622,0.030924981999987722,30.924981999987722
4623,0.02698174600004677,26.98174600004677
4624,0.02361837600005856,23.61837600005856
4625,0.023056100999951923,23.056100999951923
4626,0.03338311300001351,33.38311300001351
4627,0.040089459000000716,40.089459000000716
4628,0.024708142000008593,24.708142000008593
4629,0.023517285000025367,23.517285000025367
4630,0.027164830999936385,27.164830999936385
4631,0.03168089600001167,31.68089600001167
4632,0.023657748000005085,23.657748000005085
4633,0.02323989999990772,23.23989999990772
4634,0.029049009000004844,29.049009000004844
4635,0.029022327999996378,29.022327999996378
4636,0.023202870999966763,23.202870999966763
4637,0.02247617699993043,22.47617699993043
4638,0.02851141999997253,28.51141999997253
4639,0.02876948799996626,28.76948799996626
4640,0.02309375300001193,23.09375300001193
4641,0.022551991999989696,22.551991999989696
4642,0.02895049599999311,28.95049599999311
4643,0.028412386000013612,28.412386000013612
4644,0.023293599999988146,23.293599999988146
4645,0.02363926399993943,23.63926399993943
4646,0.02908321600000363,29.08321600000363
4647,0.028572512999971877,28.572512999971877
4648,0.02371272499999577,23.71272499999577
4649,0.023110105999990083,23.110105999990083
4650,0.030326749000096243,30.326749000096243
4651,0.028889811999988524,28.889811999988524
4652,0.022900118000052316,22.900118000052316
4653,0.022597371000074418,22.597371000074418
4654,0.030064623000043866,30.064623000043866
4655,0.028348241000003327,28.348241000003327
4656,0.022869298000046,22.869298000046
4657,0.022618998999973883,22.618998999973883
4658,0.037355082999965816,37.355082999965816
4659,0.023699510999904305,23.699510999904305
4660,0.02322259999994003,23.22259999994003
4661,0.02302832700002,23.02832700002
4662,0.027279980999992404,27.279980999992404
4663,0.02658436100000472,26.58436100000472
4664,0.023101058999941415,23.101058999941415
4665,0.022527819999936582,22.527819999936582
4666,0.04464784399999644,44.64784399999644
4667,0.025591321999968386,25.591321999968386
4668,0.023254139999949075,23.254139999949075
4669,0.02252808899993397,22.52808899993397
4670,0.04331326900000931,43.31326900000931
4671,0.024687327999913578,24.687327999913578
4672,0.02365656899996793,23.65656899996793
4673,0.023122507999914887,23.122507999914887
4674,0.03502230799995232,35.02230799995232
4675,0.028765135999947233,28.765135999947233
4676,0.022901571000033982,22.901571000033982
4677,0.024171451000029265,24.171451000029265
4678,0.02959900199994081,29.59900199994081
4679,0.028758784000046944,28.758784000046944
4680,0.02306795399999828,23.06795399999828
4681,0.022676209999985986,22.676209999985986
4682,0.029690907000031075,29.690907000031075
4683,0.02814772700003232,28.14772700003232
4684,0.023224758999958794,23.224758999958794
4685,0.022440399000061007,22.440399000061007
4686,0.030465126000081,30.465126000081
4687,0.029058485000064138,29.058485000064138
4688,0.023668047000001025,23.668047000001025
4689,0.023375904999966224,23.375904999966224
4690,0.0323391829999764,32.3391829999764
4691,0.024334495999937644,24.334495999937644
4692,0.023547899000050165,23.547899000050165
4693,0.023231280000004517,23.231280000004517
4694,0.027253528000073857,27.253528000073857
4695,0.02474237000001267,24.74237000001267
4696,0.023058509000065897,23.058509000065897
4697,0.02251421500000106,22.51421500000106
4698,0.03247117099999741,32.47117099999741
4699,0.02484732499999609,24.84732499999609
4700,0.02453459599996677,24.53459599996677
4701,0.025524068000095212,25.524068000095212
4702,0.033023265999986506,33.023265999986506
4703,0.02389904199992543,23.89904199992543
4704,0.023452990000009777,23.452990000009777
4705,0.02321810800003732,23.21810800003732
4706,0.02644568900007016,26.44568900007016
4707,0.03060621200006608,30.60621200006608
4708,0.023945630999946843,23.945630999946843
4709,0.02308874800007743,23.08874800007743
4710,0.03196669800001928,31.966698000019278
4711,0.028858183000011195,28.858183000011195
4712,0.023687054999982138,23.687054999982138
4713,0.022533600000087972,22.533600000087972
4714,0.030677278999974078,30.677278999974078
4715,0.029549134000035338,29.549134000035338
4716,0.027021700999966924,27.021700999966924
4717,0.02487664499994935,24.87664499994935
4718,0.02975239900001725,29.75239900001725
4719,0.023877715000026,23.877715000026
4720,0.023719029999938357,23.719029999938357
4721,0.022787154999946324,22.787154999946324
4722,0.027125987999966128,27.125987999966128
4723,0.023627684000075533,23.627684000075533
4724,0.02281842599995798,22.81842599995798
4725,0.022710439999968912,22.710439999968912
4726,0.030691662999970504,30.691662999970504
4727,0.02833144800001719,28.33144800001719
4728,0.02486432400007743,24.86432400007743
4729,0.023265972999979567,23.265972999979567
4730,0.02743891199997961,27.43891199997961
4731,0.02703880800004299,27.03880800004299
4732,0.023057550999965315,23.057550999965315
4733,0.022580453000045964,22.580453000045964
4734,0.031191679000016848,31.191679000016848
4735,0.024712669999985337,24.712669999985337
4736,0.024033600000052502,24.033600000052502
4737,0.022557584999958635,22.557584999958635
4738,0.032478949000051216,32.478949000051216
4739,0.023666171999934704,23.666171999934704
4740,0.024208017999967524,24.208017999967524
4741,0.023265869999931965,23.265869999931965
4742,0.027760903000057624,27.760903000057624
4743,0.02554934099998718,25.54934099998718
4744,0.023011261000078775,23.011261000078775
4745,0.022414028000071085,22.414028000071085
4746,0.031917434999968464,31.917434999968464
4747,0.023295717999985754,23.295717999985754
4748,0.023232301999996707,23.232301999996707
4749,0.022656027000039103,22.656027000039103
4750,0.031161850999978924,31.161850999978924
4751,0.024896615999978167,24.896615999978167
4752,0.024933809000003748,24.93380900000375
4753,0.023173598000084894,23.173598000084894
4754,0.027670483999941098,27.670483999941098
4755,0.02478020600005948,24.78020600005948
4756,0.023525473000063357,23.525473000063357
4757,0.022839506999957848,22.839506999957848
4758,0.023736126000017066,23.736126000017066
4759,0.05273877399997673,52.73877399997673
4760,0.10338336200004505,103.38336200004505
4761,0.022469888000046012,22.469888000046012
4762,0.029913038000017877,29.913038000017877
4763,0.02829975600002399,28.29975600002399
4764,0.025815634000082355,25.815634000082355
4765,0.02643789100000049,26.43789100000049
4766,0.029215487999977086,29.215487999977086
4767,0.023264969000024394,23.264969000024394
4768,0.023076412000023083,23.076412000023083
4769,0.022544733000017914,22.544733000017914
4770,0.03139911799996753,31.39911799996753
4771,0.023963222000020323,23.963222000020323
4772,0.026055402999986654,26.055402999986654
4773,0.023263090000000375,23.263090000000375
4774,0.027091625000025488,27.091625000025488
4775,0.03144597799996518,31.44597799996518
4776,0.02318329900003846,23.18329900003846
4777,0.02277414700006375,22.77414700006375
4778,0.028071660000023257,28.071660000023257
4779,0.028715658999999505,28.715658999999505
4780,0.023213126999962697,23.213126999962697
4781,0.02294602799997847,22.94602799997847
4782,0.036145517000022664,36.145517000022664
4783,0.028471748000015396,28.471748000015396
4784,0.022963881999999103,22.963881999999103
4785,0.022816788999989512,22.816788999989512
4786,0.029866573999925095,29.866573999925095
4787,0.02882189800004653,28.82189800004653
4788,0.02350611999997909,23.50611999997909
4789,0.023590873999978612,23.590873999978612
4790,0.033820454000078826,33.820454000078826
4791,0.02416156200001751,24.16156200001751
4792,0.023537591000035718,23.537591000035718
4793,0.02328091599997606,23.28091599997606
4794,0.03475579900009507,34.75579900009507
4795,0.023249483000086002,23.249483000086002
4796,0.022928579999984322,22.928579999984322
4797,0.03003188900004261,30.03188900004261
4798,0.043766232000052696,43.766232000052696
4799,0.027254609000010532,27.254609000010532
4800,0.024353582999992796,24.353582999992796
4801,0.02686915100002807,26.86915100002807
4802,0.04051353900001686,40.51353900001686
4803,0.025027710000017578,25.027710000017578
4804,0.024520188999986203,24.520188999986203
4805,0.026150639999968917,26.150639999968917
4806,0.0439591559999144,43.9591559999144
4807,0.026942629000018314,26.942629000018314
4808,0.023226899000064805,23.226899000064805
4809,0.02255838999997195,22.55838999997195
4810,0.03609605500002999,36.09605500002999
4811,0.02852677200007747,28.52677200007747
4812,0.023031783999954314,23.031783999954314
4813,0.0226607370000238,22.6607370000238
4814,0.029971993999993174,29.971993999993174
4815,0.02873441700000967,28.73441700000967
4816,0.023234744000092178,23.234744000092178
4817,0.022949917999994796,22.949917999994796
4818,0.031124629000032655,31.124629000032655
4819,0.02545539599998392,25.45539599998392
4820,0.022939242000006743,22.939242000006743
4821,0.023160212999982832,23.160212999982832
4822,0.03173399199999949,31.73399199999949
4823,0.02396246799992241,23.96246799992241
4824,0.023870026000054168,23.870026000054168
4825,0.023421612999982244,23.421612999982244
4826,0.027975802000014482,27.975802000014482
4827,0.02700748500001282,27.00748500001282
4828,0.023132838000037736,23.132838000037736
4829,0.022671447999982774,22.671447999982774
4830,0.03147373600006631,31.47373600006631
4831,0.02574697699992612,25.74697699992612
4832,0.02386279499989996,23.86279499989996
4833,0.023299521000012646,23.299521000012646
4834,0.02756152300003123,27.56152300003123
4835,0.02641805200005365,26.41805200005365
4836,0.025498478000031355,25.498478000031355
4837,0.022711333000074774,22.711333000074774
4838,0.027818847000048663,27.818847000048663
4839,0.02746882100007042,27.46882100007042
4840,0.023113955999974678,23.113955999974678
4841,0.022700671000052353,22.700671000052353
4842,0.03127627100002428,31.27627100002428
4843,0.024662287999944965,24.662287999944965
4844,0.023711000000048443,23.711000000048443
4845,0.023183646000006775,23.183646000006775
4846,0.02774231500006863,27.74231500006863
4847,0.028504089000080057,28.504089000080057
4848,0.023064396999984638,23.064396999984638
4849,0.022743901000012556,22.743901000012556
4850,0.030624257999988913,30.624257999988913
4851,0.02505336100000477,25.05336100000477
4852,0.023078226000052382,23.078226000052382
4853,0.022896632000083628,22.896632000083628
4854,0.03126980399997592,31.26980399997592
4855,0.02591581900003348,25.91581900003348
4856,0.024199202999966474,24.199202999966474
4857,0.02358263899998292,23.58263899998292
4858,0.028114378000054785,28.114378000054785
4859,0.024852181000028395,24.852181000028395
4860,0.023475689999941096,23.475689999941096
4861,0.023376378000079967,23.376378000079967
4862,0.026865294000003814,26.865294000003814
4863,0.028039940999974533,28.039940999974533
4864,0.023174366000034752,23.174366000034752
4865,0.022825716000056673,22.825716000056673
4866,0.030337852000002385,30.337852000002385
4867,0.028424427999993895,28.424427999993895
4868,0.022944409000047017,22.944409000047017
4869,0.022614300999975967,22.614300999975967
4870,0.029086731000006694,29.086731000006694
4871,0.028394966000064414,28.394966000064414
4872,0.023637718000031782,23.637718000031782
4873,0.02344915600008335,23.44915600008335
4874,0.03328833500006567,33.28833500006567
4875,0.024123290000034103,24.123290000034103
4876,0.02373736199990617,23.73736199990617
4877,0.02331746499999099,23.31746499999099
4878,0.026693404999946324,26.693404999946324
4879,0.039754876999950284,39.754876999950284
4880,0.025078449999909935,25.078449999909935
4881,0.022680430000036722,22.680430000036722
4882,0.031691079999973226,31.691079999973226
4883,0.0232230139999956,23.2230139999956
4884,0.023070153000048776,23.070153000048776
4885,0.022758047000024817,22.758047000024817
4886,0.03139990599993325,31.399905999933253
4887,0.02433582500009379,24.33582500009379
4888,0.023681400999976177,23.681400999976177
4889,0.023552447000042775,23.552447000042775
4890,0.03539992599996822,35.39992599996822
4891,0.024057609000010416,24.057609000010416
4892,0.023706800000013573,23.706800000013573
4893,0.023387636000052225,23.387636000052225
4894,0.02702159600005416,27.02159600005416
4895,0.030281172999934824,30.281172999934824
4896,0.023745647999930952,23.745647999930952
4897,0.023492098000019723,23.492098000019723
4898,0.02852600199992139,28.52600199992139
4899,0.028640820999953576,28.640820999953576
4900,0.023349079000013262,23.349079000013262
4901,0.02282132499999534,22.82132499999534
4902,0.029798671999969883,29.798671999969883
4903,0.028232314999968366,28.232314999968366
4904,0.0232148769999867,23.2148769999867
4905,0.022580800999890016,22.580800999890016
4906,0.029277886000045328,29.277886000045328
4907,0.028557394000017666,28.557394000017666
4908,0.023685882999984642,23.685882999984642
4909,0.02352926200001093,23.52926200001093
4910,0.031109155999956783,31.109155999956783
4911,0.029330932999982906,29.330932999982906
4912,0.023677640000073552,23.677640000073552
4913,0.022892431000059332,22.892431000059332
4914,0.02739537700006167,27.39537700006167
4915,0.028879854000024352,28.879854000024352
4916,0.023163392000014937,23.163392000014937
4917,0.022608427000022857,22.608427000022857
4918,0.025135949000059554,25.135949000059554
4919,0.03177735399992798,31.777353999927982
4920,0.023473274000025413,23.473274000025413
4921,0.0235232200000155,23.5232200000155
4922,0.031648859000029006,31.648859000029006
4923,0.02477907000002233,24.77907000002233
4924,0.023711023000032583,23.711023000032583
4925,0.023163880999959474,23.163880999959474
4926,0.027675229000010404,27.675229000010404
4927,0.027233164999984183,27.233164999984183
4928,0.023051738999924964,23.051738999924964
4929,0.022595792999936748,22.595792999936748
4930,0.02962589100002333,29.62589100002333
4931,0.04438241700006529,44.38241700006529
4932,0.02331541900002776,23.31541900002776
4933,0.022732119000011153,22.732119000011153
4934,0.030203649999975823,30.203649999975823
4935,0.03125168200006101,31.25168200006101
4936,0.02432510200003435,24.32510200003435
4937,0.023036632000071222,23.036632000071222
4938,0.027178304000017306,27.178304000017306
4939,0.025090654999985418,25.090654999985418
4940,0.023269053000035456,23.269053000035456
4941,0.022656128999983594,22.656128999983594
4942,0.03137671199999659,31.376711999996587
4943,0.02527804900000774,25.27804900000774
4944,0.023670730000048934,23.670730000048934
4945,0.023434886000018196,23.434886000018196
4946,0.02809972000000016,28.09972000000016
4947,0.026624640000022737,26.624640000022737
4948,0.024594696999997723,24.594696999997723
4949,0.022852114999977857,22.852114999977857
4950,0.032012294000082875,32.012294000082875
4951,0.024085689000003185,24.085689000003185
4952,0.023559503000001314,23.559503000001314
4953,0.023142362999919897,23.142362999919897
4954,0.027127536999955737,27.127536999955737
4955,0.027357436000102098,27.357436000102098
4956,0.023137699000017165,23.137699000017165
4957,0.02455853300000399,24.55853300000399
4958,0.044304111999963425,44.304111999963425
4959,0.026382551999972748,26.382551999972748
4960,0.02581474300006903,25.81474300006903
4961,0.024075976000062838,24.075976000062838
4962,0.040157285999953274,40.157285999953274
4963,0.02434623199997077,24.34623199997077
4964,0.02334159399993041,23.34159399993041
4965,0.02247909899995193,22.47909899995193
4966,0.030649595999989288,30.649595999989288
4967,0.027971454000066842,27.971454000066842
4968,0.022925054999973327,22.925054999973327
4969,0.022557674000040606,22.557674000040606
4970,0.028429135999999744,28.429135999999744
4971,0.028325681999945118,28.325681999945118
4972,0.023066600999982256,23.066600999982256
4973,0.02281374799997593,22.81374799997593
4974,0.02857408900001701,28.57408900001701
4975,0.0302138689999083,30.2138689999083
4976,0.023602804000006472,23.602804000006472
4977,0.02310554799998954,23.10554799998954
4978,0.030745047999971575,30.745047999971575
4979,0.02888860999996723,28.88860999996723
4980,0.023417924999989737,23.417924999989737
4981,0.02340674399999898,23.40674399999898
4982,0.03221124200001668,32.21124200001668
4983,0.02520115199990869,25.20115199990869
4984,0.02297414800000297,22.97414800000297
4985,0.02316865099999177,23.16865099999177
4986,0.030747460000043247,30.747460000043247
4987,0.024099345000081485,24.099345000081485
4988,0.02290131300003395,22.90131300003395
4989,0.022436892999962765,22.436892999962765
4990,0.03111549500010824,31.11549500010824
4991,0.027977964999990945,27.977964999990945
4992,0.023584561000006943,23.584561000006943
4993,0.023307677000047988,23.30767700004799
4994,0.03406528799996522,34.06528799996522
4995,0.023988479999957235,23.988479999957235
4996,0.02365241099994364,23.65241099994364
4997,0.02344130500000574,23.44130500000574
4998,0.027069475999951464,27.069475999951464
4999,0.024411559999975907,24.411559999975907
5000,0.023095106000027954,23.095106000027954
5001,0.022717379000027904,22.717379000027904
5002,0.03116105600008723,31.16105600008723
5003,0.02546374599990031,25.46374599990031
5004,0.023612840000055257,23.612840000055257
5005,0.02330727300000035,23.30727300000035
5006,0.03393724700003986,33.93724700003986
5007,0.024560962000009567,24.560962000009567
5008,0.02367351099996995,23.67351099996995
5009,0.023192664000021068,23.192664000021068
5010,0.027397086999940257,27.397086999940257
5011,0.023299715999996806,23.299715999996806
5012,0.023123562000023412,23.123562000023412
5013,0.022593252999968172,22.593252999968172
5014,0.03159509099998559,31.595090999985587
5015,0.025260820999960742,25.260820999960742
5016,0.023546808999981295,23.546808999981295
5017,0.023239923000005547,23.239923000005547
5018,0.02628165099997659,26.28165099997659
5019,0.03354273499996907,33.54273499996907
5020,0.023627496000017345,23.627496000017345
5021,0.02264424199995574,22.64424199995574
5022,0.026521222000042144,26.521222000042144
5023,0.03225163800004793,32.25163800004793
5024,0.023958740000011858,23.958740000011858
5025,0.023126355999920634,23.126355999920634
5026,0.029797261999988223,29.797261999988223
5027,0.028361430000018117,28.361430000018117
5028,0.023033983999994234,23.033983999994234
5029,0.022766049999972893,22.766049999972893
5030,0.028604875999917567,28.604875999917567
5031,0.028418342999998458,28.41834299999846
5032,0.02395366500002183,23.95366500002183
5033,0.024627296000062415,24.627296000062415
5034,0.029118246999928488,29.118246999928488
5035,0.028562469000007695,28.562469000007695
5036,0.023598754000090594,23.598754000090594
5037,0.023095408000017414,23.095408000017414
5038,0.027644305999956487,27.644305999956487
5039,0.03448595600002591,34.48595600002591
5040,0.02312517799998659,23.12517799998659
5041,0.02314205300001504,23.14205300001504
5042,0.02865417299994988,28.65417299994988
5043,0.024873228000046765,24.873228000046765
5044,0.023717619999956696,23.717619999956696
5045,0.023122621999959847,23.122621999959847
5046,0.026703325999960725,26.703325999960725
5047,0.041055712999991556,41.055712999991556
5048,0.025298705999944104,25.298705999944104
5049,0.02271451799992974,22.71451799992974
5050,0.02999682200004372,29.99682200004372
5051,0.028368807000106244,28.368807000106244
5052,0.022890206000056423,22.890206000056423
5053,0.022562372000038522,22.562372000038522
5054,0.029760894999981247,29.760894999981247
5055,0.029048385000010057,29.048385000010057
5056,0.023724754999989273,23.724754999989273
5057,0.02310261000002356,23.10261000002356
5058,0.0324601969999776,32.4601969999776
5059,0.0319819029999735,31.9819029999735
5060,0.023106097999971098,23.106097999971098
5061,0.022481255999991845,22.481255999991845
5062,0.029723567000019102,29.723567000019102
5063,0.028219444000001204,28.219444000001204
5064,0.02353871600007551,23.53871600007551
5065,0.02330596600006629,23.30596600006629
5066,0.03343179500006954,33.43179500006954
5067,0.02879266600007213,28.79266600007213
5068,0.023259493999944425,23.259493999944425
5069,0.022502558000041972,22.502558000041972
5070,0.030185441999947216,30.185441999947216
5071,0.028403335000007246,28.403335000007246
5072,0.022888281000064126,22.888281000064126
5073,0.022514208000075087,22.514208000075087
5074,0.03036484400001882,30.36484400001882
5075,0.02765964700006407,27.65964700006407
5076,0.022906102000092687,22.906102000092687
5077,0.022750356000074134,22.750356000074134
5078,0.025319759999888447,25.319759999888447
5079,0.032417152999983045,32.417152999983045
5080,0.02406916499990075,24.06916499990075
5081,0.023417354999992313,23.417354999992313
5082,0.02808210600005623,28.08210600005623
5083,0.0287096910000173,28.7096910000173
5084,0.023135550999995758,23.135550999995758
5085,0.022502028999952017,22.502028999952017
5086,0.03107750199990278,31.07750199990278
5087,0.025146697999957723,25.146697999957723
5088,0.02354646200001298,23.54646200001298
5089,0.02301487099998667,23.01487099998667
5090,0.03118137400008436,31.18137400008436
5091,0.024565347000020665,24.565347000020665
5092,0.02366110499997376,23.66110499997376
5093,0.023103820999949676,23.103820999949676
5094,0.02752811900006691,27.52811900006691
5095,0.02674540300006356,26.74540300006356
5096,0.023190701999965313,23.190701999965313
5097,0.022529068000039842,22.529068000039842
5098,0.029865642999993725,29.865642999993725
5099,0.04847892899999806,48.47892899999806
5100,0.023262691000013547,23.262691000013547
5101,0.023673144999975193,23.673144999975193
5102,0.04339657100001659,43.39657100001659
5103,0.023890506999919126,23.890506999919126
5104,0.023227932000054352,23.227932000054352
5105,0.023065954999992755,23.065954999992755
5106,0.032032310999966285,32.032310999966285
5107,0.02777574399999594,27.77574399999594
5108,0.02310374400008186,23.10374400008186
5109,0.02252779700006613,22.52779700006613
5110,0.03183256900001652,31.83256900001652
5111,0.023893000000043685,23.893000000043685
5112,0.02346933900003023,23.46933900003023
5113,0.023114627000040855,23.114627000040855
5114,0.027246424000054503,27.246424000054503
5115,0.028081897000106437,28.081897000106437
5116,0.023288428999990174,23.288428999990174
5117,0.02254983699992863,22.54983699992863
5118,0.02505103200007852,25.05103200007852
5119,0.03180410400000255,31.804104000002553
5120,0.02342594700007794,23.42594700007794
5121,0.023116735999906268,23.11673599990627
5122,0.029879416000085257,29.879416000085257
5123,0.028794491000098787,28.794491000098787
5124,0.023786043999962203,23.786043999962203
5125,0.023103902000002563,23.103902000002563
5126,0.03244895600005293,32.44895600005293
5127,0.023836536000089836,23.836536000089836
5128,0.023469991999945705,23.469991999945705
5129,0.023102182999991783,23.102182999991783
5130,0.02774639900007969,27.74639900007969
5131,0.025729131000048255,25.729131000048255
5132,0.024833724000018265,24.833724000018265
5133,0.025334517000032974,25.334517000032974
5134,0.04227023199996438,42.27023199996438
5135,0.03212236499996379,32.12236499996379
5136,0.02540575200009698,25.40575200009698
5137,0.027206942000020717,27.206942000020717
5138,0.046694516000002295,46.694516000002295
5139,0.027225498000007065,27.225498000007065
5140,0.023903474999997343,23.903474999997343
5141,0.022830102999932933,22.830102999932933
5142,0.0354562850000093,35.4562850000093
5143,0.026012709000042378,26.012709000042378
5144,0.024011026999914975,24.011026999914975
5145,0.024730514999987463,24.730514999987463
5146,0.03550880900002085,35.50880900002085
5147,0.024353070000074695,24.353070000074695
5148,0.023477136999986215,23.477136999986215
5149,0.023109873999942465,23.109873999942465
5150,0.032008129000018926,32.008129000018926
5151,0.028675956000029146,28.675956000029146
5152,0.023006496999983028,23.006496999983028
5153,0.023126991999902202,23.126991999902202
5154,0.03237286499995662,32.37286499995662
5155,0.026227418999951624,26.227418999951624
5156,0.024884108000037486,24.884108000037486
5157,0.02314926300005027,23.14926300005027
5158,0.026249701999972785,26.249701999972785
5159,0.034693042999947465,34.693042999947465
5160,0.023182230999964304,23.182230999964304
5161,0.022873492000030637,22.873492000030637
5162,0.026527978999979496,26.527978999979496
5163,0.03240677999997388,32.40677999997388
5164,0.023080730000060612,23.080730000060612
5165,0.022795900999994956,22.795900999994956
5166,0.03394085799993718,33.94085799993718
5167,0.02871856100000514,28.71856100000514
5168,0.023572759999979098,23.572759999979098
5169,0.023220473999913338,23.220473999913338
5170,0.03265148900004533,32.65148900004533
5171,0.02384863600002518,23.84863600002518
5172,0.02376476000006278,23.76476000006278
5173,0.023612607000018215,23.612607000018215
5174,0.028034950000005665,28.034950000005665
5175,0.023508091999929093,23.508091999929093
5176,0.023079921000089598,23.0799210000896
5177,0.022591064000039296,22.591064000039296
5178,0.027328605999969113,27.328605999969113
5179,0.03236928399996941,32.36928399996941
5180,0.02328426099995795,23.28426099995795
5181,0.02309053099997982,23.09053099997982
5182,0.0368438169999763,36.8438169999763
5183,0.024348248999899624,24.348248999899624
5184,0.02369839300001786,23.69839300001786
5185,0.023228502999927514,23.228502999927514
5186,0.030925203000037982,30.925203000037982
5187,0.028512337999927695,28.512337999927695
5188,0.02308447999996588,23.08447999996588
5189,0.022465506000003188,22.465506000003188
5190,0.029325575000029858,29.325575000029858
5191,0.02798549199997069,27.98549199997069
5192,0.022893451000072673,22.893451000072673
5193,0.02249882199998865,22.49882199998865
5194,0.02957914500007064,29.57914500007064
5195,0.027932104000001345,27.932104000001345
5196,0.023658399999931135,23.658399999931135
5197,0.02259681099997124,22.59681099997124
5198,0.028712692999988576,28.712692999988576
5199,0.028941508000002614,28.941508000002614
5200,0.023652178000020285,23.652178000020285
5201,0.02312032299994371,23.12032299994371
5202,0.030137182999965262,30.137182999965262
5203,0.02868183200007479,28.68183200007479
5204,0.02296774399997048,22.96774399997048
5205,0.022472300000003997,22.472300000003997
5206,0.029840035000006537,29.840035000006537
5207,0.028668143999993845,28.668143999993845
5208,0.022879837000004954,22.879837000004954
5209,0.022579063999955906,22.579063999955906
5210,0.023894100999996226,23.894100999996226
5211,0.02370698300001095,23.70698300001095
5212,0.04185877800000526,41.85877800000526
5213,0.1429059890000417,142.9059890000417
5214,0.05322210500003166,53.22210500003166
5215,0.023964217999946413,23.964217999946413
5216,0.022891563999905884,22.891563999905884
5217,0.030533185999956913,30.533185999956913
5218,0.0284433720000834,28.4433720000834
5219,0.023046714999964024,23.046714999964024
5220,0.022484316000031868,22.484316000031868
5221,0.02880850700000792,28.80850700000792
5222,0.028305464000027314,28.305464000027314
5223,0.02304134400003477,23.04134400003477
5224,0.024108497000042917,24.108497000042917
5225,0.02630059299997356,26.30059299997356
5226,0.03513420000001588,35.13420000001588
5227,0.02322993799998585,23.22993799998585
5228,0.022825468999940313,22.825468999940313
5229,0.030558505000044534,30.558505000044534
5230,0.029413948999945205,29.413948999945205
5231,0.023484725999992406,23.484725999992406
5232,0.02349469599994336,23.49469599994336
5233,0.03386391000003641,33.86391000003641
5234,0.023837490000005346,23.837490000005346
5235,0.023843988999942667,23.843988999942667
5236,0.02318259800006217,23.18259800006217
5237,0.0275897100000293,27.5897100000293
5238,0.024062448999984554,24.062448999984554
5239,0.022984216000054403,22.984216000054403
5240,0.022508251999965978,22.508251999965978
5241,0.029814225000109218,29.814225000109218
5242,0.028231968999989476,28.231968999989476
5243,0.02277978400002212,22.77978400002212
5244,0.02353625400007786,23.53625400007786
5245,0.03205015200001071,32.05015200001071
5246,0.023811552999973173,23.811552999973173
5247,0.023462171999995007,23.462171999995007
5248,0.023363038999946184,23.363038999946184
5249,0.03283507399999053,32.83507399999053
5250,0.024340971000015088,24.340971000015088
5251,0.023631469000065408,23.631469000065408
5252,0.02316128799998296,23.16128799998296
5253,0.027338816999986193,27.338816999986193
5254,0.03085603500005618,30.85603500005618
5255,0.022915624000006574,22.915624000006574
5256,0.02281923500004268,22.81923500004268
5257,0.03697402000000238,36.97402000000238
5258,0.024605135999991035,24.605135999991035
5259,0.02275840300001164,22.75840300001164
5260,0.025434834000066076,25.434834000066076
5261,0.03615021800010254,36.15021800010254
5262,0.024875023000049623,24.875023000049623
5263,0.023742523000009896,23.742523000009896
5264,0.023355684999955884,23.355684999955884
5265,0.028079147999960696,28.079147999960696
5266,0.024217140000018844,24.217140000018844
5267,0.02363309700001537,23.63309700001537
5268,0.023102728000026218,23.102728000026218
5269,0.029176590000020042,29.17659000002004
5270,0.023710368000024573,23.710368000024573
5271,0.023090410000008887,23.090410000008887
5272,0.022607825000022785,22.607825000022785
5273,0.025794356999995216,25.794356999995216
5274,0.03218399499996849,32.18399499996849
5275,0.023812614999997095,23.812614999997095
5276,0.023742254000012508,23.742254000012508
5277,0.02833739000004698,28.33739000004698
5278,0.024986311000020578,24.986311000020578
5279,0.02349905200003377,23.49905200003377
5280,0.022687194000013733,22.687194000013733
5281,0.030888938000089183,30.888938000089183
5282,0.023220094000066638,23.220094000066638
5283,0.023077296999986174,23.077296999986174
5284,0.022606659999951262,22.606659999951262
5285,0.03172753399996964,31.727533999969637
5286,0.024322755000071083,24.322755000071083
5287,0.023588018000054944,23.588018000054944
5288,0.023186868999914623,23.186868999914623
5289,0.028344061999973746,28.344061999973746
5290,0.032861203999914324,32.86120399991432
5291,0.02626206299999012,26.26206299999012
5292,0.02683692499999779,26.83692499999779
5293,0.026270779000014954,26.270779000014954
5294,0.03170254199994815,31.702541999948153
5295,0.02385364099995968,23.85364099995968
5296,0.023397855999974126,23.397855999974126
5297,0.0312174140000252,31.2174140000252
5298,0.02365666900004726,23.65666900004726
5299,0.02378586700001506,23.78586700001506
5300,0.0231293240000241,23.1293240000241
5301,0.03564801799996076,35.64801799996076
5302,0.024211723000007623,24.211723000007623
5303,0.024558506000062152,24.558506000062152
5304,0.02293970099992748,22.93970099992748
5305,0.030086365999977716,30.086365999977716
5306,0.028856181999913133,28.856181999913133
5307,0.02305724099994677,23.05724099994677
5308,0.022528702999920824,22.528702999920824
5309,0.029794387000038114,29.794387000038114
5310,0.027919573999952263,27.919573999952263
5311,0.02359344699993926,23.59344699993926
5312,0.022476578000009795,22.476578000009795
5313,0.0322270159999789,32.2270159999789
5314,0.0290019479999728,29.0019479999728
5315,0.023622126999953252,23.622126999953252
5316,0.02346275100001094,23.46275100001094
5317,0.03350192000004881,33.50192000004881
5318,0.025701228999992054,25.701228999992054
5319,0.0229458539999996,22.9458539999996
5320,0.02264852400003292,22.64852400003292
5321,0.03750425800001267,37.50425800001267
5322,0.028403166999964924,28.403166999964924
5323,0.0228821710001057,22.8821710001057
5324,0.0229971779999687,22.9971779999687
5325,0.03137606699999651,31.37606699999651
5326,0.02860751799994432,28.60751799994432
5327,0.023623292000024776,23.623292000024776
5328,0.02294118999998318,22.94118999998318
5329,0.03575024599990684,35.75024599990684
5330,0.024168328000087058,24.168328000087058
5331,0.02307081100002506,23.07081100002506
5332,0.022530994000021565,22.530994000021565
5333,0.02528971099991395,25.28971099991395
5334,0.033601269999962824,33.601269999962824
5335,0.022973791000026722,22.973791000026722
5336,0.02359526200007167,23.59526200007167
5337,0.027649655999994138,27.64965599999414
5338,0.023680225000020982,23.680225000020982
5339,0.022840798000061113,22.840798000061113
5340,0.022574209000026713,22.574209000026713
5341,0.03368091599998024,33.68091599998024
5342,0.02394971199998963,23.94971199998963
5343,0.023754791999976987,23.754791999976987
5344,0.02327305599999363,23.27305599999363
5345,0.032620835999978226,32.620835999978226
5346,0.024216625999997632,24.216625999997632
5347,0.02297957899997982,22.97957899997982
5348,0.022517537999988235,22.517537999988235
5349,0.028922829999942223,28.922829999942223
5350,0.023329292000084934,23.329292000084934
5351,0.023320019000038883,23.320019000038883
5352,0.022435815999983788,22.435815999983788
5353,0.037539863000006335,37.539863000006335
5354,0.02993769300007898,29.93769300007898
5355,0.03607325600000877,36.07325600000877
5356,0.023461434000068948,23.461434000068948
5357,0.03481256099996699,34.81256099996699
5358,0.029954480000014883,29.954480000014883
5359,0.022990358000015476,22.990358000015476
5360,0.023696138999980576,23.696138999980576
5361,0.04575295600000118,45.75295600000118
5362,0.025020949999998265,25.020949999998265
5363,0.022677105999946434,22.677105999946434
5364,0.022727646000021196,22.727646000021196
5365,0.03820970200001739,38.20970200001739
5366,0.02364915700002257,23.64915700002257
5367,0.022803662999990593,22.803662999990593
5368,0.02253991899999619,22.53991899999619
5369,0.029455573999939588,29.45557399993959
5370,0.02598851600009766,25.98851600009766
5371,0.023638806000008117,23.638806000008117
5372,0.023507243999915772,23.507243999915772
5373,0.04147010899998804,41.47010899998804
5374,0.034126614999991034,34.126614999991034
5375,0.026727472999937163,26.727472999937163
5376,0.02098475699995106,20.98475699995106
5377,0.030596711000043797,30.596711000043797
5378,0.02753749099997549,27.53749099997549
5379,0.02124574799995571,21.24574799995571
5380,0.02087821600002826,20.87821600002826
5381,0.027226133999988633,27.226133999988633
5382,0.03310779799994634,33.10779799994634
5383,0.022404381000001194,22.404381000001194
5384,0.021446202999982233,21.446202999982233
5385,0.03334811799993531,33.34811799993531
5386,0.0250593260000187,25.0593260000187
5387,0.02267463799989855,22.67463799989855
5388,0.020772634999957518,20.772634999957518
5389,0.03405695900005412,34.05695900005412
5390,0.023896110000009685,23.896110000009685
5391,0.02123378999999659,21.23378999999659
5392,0.02178132699998514,21.78132699998514
5393,0.03260031899992555,32.60031899992555
5394,0.02339157200003683,23.39157200003683
5395,0.02143766400001823,21.43766400001823
5396,0.020931046999976388,20.931046999976388
5397,0.03201093200004834,32.01093200004834
5398,0.02874478100000033,28.74478100000033
5399,0.021983918000046287,21.983918000046287
5400,0.021239739999941776,21.239739999941776
5401,0.032721057000003384,32.721057000003384
5402,0.028043722999996135,28.043722999996135
5403,0.022441048000018782,22.44104800001878
5404,0.021133179999992535,21.133179999992535
5405,0.030693582000026254,30.693582000026254
5406,0.027319941999962793,27.319941999962793
5407,0.02153721900003802,21.53721900003802
5408,0.02078840699994089,20.78840699994089
5409,0.027669618999993872,27.669618999993872
5410,0.03604370499999732,36.04370499999732
5411,0.022421503999908055,22.421503999908055
5412,0.021620052999992367,21.620052999992367
5413,0.025382941999964714,25.382941999964714
5414,0.033319076999987374,33.319076999987374
5415,0.02186469900004795,21.86469900004795
5416,0.02135997099992437,21.35997099992437
5417,0.031500001000040356,31.500001000040356
5418,0.027648403000057442,27.648403000057442
5419,0.02167986300003122,21.67986300003122
5420,0.023266354000043066,23.266354000043066
5421,0.03318423200005327,33.18423200005327
5422,0.0278468060000705,27.8468060000705
5423,0.022130290000063724,22.130290000063724
5424,0.02133660200001941,21.33660200001941
5425,0.03363137199994526,33.63137199994526
5426,0.027934768000022814,27.934768000022814
5427,0.030131955999991078,30.131955999991078
5428,0.026257556000018667,26.257556000018667
5429,0.03217844200003128,32.17844200003128
5430,0.029001421999964805,29.001421999964805
