image_index,forward_latency_seconds,forward_latency_ms
0,0.02429839600017658,24.29839600017658
1,0.029762408999886247,29.762408999886247
2,0.020853126000019984,20.853126000019984
3,0.021290836999924068,21.290836999924068
4,0.025398595000297064,25.398595000297064
5,0.025748164000106044,25.748164000106044
6,0.02097448999984408,20.97448999984408
7,0.021259015000396175,21.259015000396175
8,0.02384603900009097,23.84603900009097
9,0.029828504999841243,29.828504999841243
10,0.02120213100033652,21.20213100033652
11,0.021212214999650314,21.212214999650314
12,0.029937876000076358,29.937876000076358
13,0.021900391000144737,21.900391000144737
14,0.021041072999651078,21.041072999651078
15,0.021217479999904754,21.217479999904754
16,0.024807357000099728,24.807357000099728
17,0.029946964999908232,29.946964999908232
18,0.020980337999844778,20.980337999844778
19,0.02124764900008813,21.24764900008813
20,0.025648688000273978,25.648688000273978
21,0.025775487999908364,25.775487999908364
22,0.021692296000310307,21.692296000310307
23,0.02264484099987385,22.64484099987385
24,0.033899426000061794,33.899426000061794
25,0.0266066320000391,26.6066320000391
26,0.02089998400015247,20.89998400015247
27,0.021196074000272347,21.196074000272347
28,0.02383440099993095,23.83440099993095
29,0.029677911999897333,29.677911999897333
30,0.020854948999840417,20.854948999840417
31,0.02141645800020342,21.41645800020342
32,0.030100736999884248,30.100736999884248
33,0.023686936000103742,23.686936000103742
34,0.02118720700036647,21.18720700036647
35,0.021134471999630478,21.134471999630478
36,0.027489708999837603,27.489708999837603
37,0.028528413999993063,28.528413999993063
38,0.02089887900001486,20.89887900001486
39,0.021045373000106338,21.045373000106338
40,0.025480102000074112,25.480102000074112
41,0.0270078589996956,27.0078589996956
42,0.02099354400024822,20.99354400024822
43,0.021154469000066456,21.154469000066456
44,0.025065507999897818,25.065507999897818
45,0.03382984800009581,33.82984800009581
46,0.020851824999681412,20.851824999681412
47,0.0209232939996582,20.9232939996582
48,0.02434422699980132,24.34422699980132
49,0.031969631999800185,31.969631999800185
50,0.021204003000093508,21.204003000093508
51,0.021263467999688146,21.263467999688146
52,0.029175461999784602,29.175461999784602
53,0.023654667000300833,23.654667000300833
54,0.021900345999711135,21.900345999711135
55,0.020896771000025183,20.896771000025183
56,0.02687870900035705,26.87870900035705
57,0.028300662999754422,28.300662999754422
58,0.021013952999965113,21.013952999965113
59,0.021168302999740263,21.168302999740263
60,0.024421274999895104,24.421274999895104
61,0.032678857000064454,32.678857000064454
62,0.021153653000055783,21.153653000055783
63,0.021392240000295715,21.392240000295715
64,0.027837679000185744,27.837679000185744
65,0.02690859599988471,26.90859599988471
66,0.021099536000292574,21.099536000292574
67,0.02108885100005864,21.08885100005864
68,0.024409558000115794,24.409558000115794
69,0.03212760399992476,32.12760399992476
70,0.020663295999838738,20.663295999838738
71,0.02120107700011431,21.20107700011431
72,0.02613881000024776,26.13881000024776
73,0.026142845999856945,26.142845999856945
74,0.020788578000065172,20.788578000065172
75,0.020979569000246556,20.979569000246556
76,0.02403331599998637,24.03331599998637
77,0.029291838000062853,29.291838000062853
78,0.020832934999816644,20.832934999816644
79,0.0212716209998689,21.2716209998689
80,0.030580181999994238,30.580181999994238
81,0.02356560599992008,23.56560599992008
82,0.021103212000070926,21.103212000070926
83,0.021067135000066628,21.067135000066628
84,0.028265752000152133,28.265752000152133
85,0.027043959999900835,27.043959999900835
86,0.020971432000351342,20.971432000351342
87,0.021257634999983566,21.257634999983566
88,0.0256988870000896,25.6988870000896
89,0.02606865900042976,26.06865900042976
90,0.020868503999736276,20.868503999736276
91,0.02160273799972856,21.60273799972856
92,0.02559752799970738,25.59752799970738
93,0.029955056000289915,29.955056000289915
94,0.0209418330000517,20.9418330000517
95,0.021078947000205517,21.078947000205517
96,0.02557105899995804,25.57105899995804
97,0.02617212399991331,26.17212399991331
98,0.02092428799960544,20.92428799960544
99,0.02114887900006579,21.14887900006579
100,0.02450929399992674,24.50929399992674
101,0.030574322000120446,30.574322000120446
102,0.021060850000139908,21.060850000139908
103,0.021240158999717096,21.240158999717096
104,0.02636925999968298,26.36925999968298
105,0.02606018500000573,26.06018500000573
106,0.022306354999727773,22.306354999727773
107,0.022386611999991146,22.386611999991146
108,0.04449414500004423,44.49414500004423
109,0.02530851600022288,25.30851600022288
110,0.023174983999979304,23.174983999979304
111,0.02442561099996965,24.42561099996965
112,0.03583121899964681,35.83121899964681
113,0.021948435000012978,21.948435000012978
114,0.020880900000065594,20.880900000065594
115,0.028042306999850553,28.042306999850553
116,0.025621186000080343,25.621186000080343
117,0.03783211400013897,37.83211400013897
118,0.025784791000205587,25.784791000205587
119,0.021365890000197396,21.365890000197396
120,0.03082543699974849,30.82543699974849
121,0.024898101999951905,24.898101999951905
122,0.0212148310001794,21.2148310001794
123,0.020963387999927363,20.963387999927363
124,0.026186883999798738,26.186883999798738
125,0.029310210999938136,29.310210999938136
126,0.020892113000172685,20.892113000172685
127,0.021271705999879487,21.271705999879487
128,0.024328031000095507,24.328031000095507
129,0.03147577200024898,31.47577200024898
130,0.020650928000122803,20.650928000122803
131,0.02148105400010536,21.48105400010536
132,0.02849717899971438,28.49717899971438
133,0.026705291999860492,26.705291999860492
134,0.02077599799986274,20.77599799986274
135,0.020985724999718514,20.985724999718514
136,0.024335583000265615,24.335583000265615
137,0.03531344499970146,35.31344499970146
138,0.02090658999986772,20.90658999986772
139,0.021339136000278813,21.339136000278813
140,0.031173210999895673,31.173210999895673
141,0.027273327999864705,27.273327999864705
142,0.02305865200014523,23.05865200014523
143,0.02174364999973477,21.74364999973477
144,0.030488859000342927,30.488859000342927
145,0.028711339000437874,28.711339000437874
146,0.020921092000207864,20.921092000207864
147,0.021525376999761647,21.525376999761647
148,0.03978397600030803,39.78397600030803
149,0.026558629000192013,26.558629000192013
150,0.02139071800002057,21.39071800002057
151,0.022048770999845146,22.048770999845146
152,0.03441208200001711,34.41208200001711
153,0.0275912829997651,27.5912829997651
154,0.021754382999915833,21.754382999915833
155,0.022072724000281596,22.072724000281596
156,0.03496821600037947,34.96821600037947
157,0.02350778999971226,23.50778999971226
158,0.022361952000210294,22.361952000210294
159,0.02241399900003671,22.41399900003671
160,0.032561524999891844,32.561524999891844
161,0.027411502999711956,27.411502999711956
162,0.022283332999904815,22.283332999904815
163,0.02211525300026551,22.11525300026551
164,0.031195958999887807,31.195958999887807
165,0.02719280900009835,27.19280900009835
166,0.022421156000291376,22.421156000291376
167,0.02278300699981628,22.78300699981628
168,0.0321835340000689,32.1835340000689
169,0.027606986000137113,27.606986000137113
170,0.022545771999830322,22.545771999830322
171,0.02337725099960153,23.37725099960153
172,0.03255606499988062,32.55606499988062
173,0.026189892999809672,26.189892999809672
174,0.02262979799979803,22.62979799979803
175,0.0227746330001537,22.7746330001537
176,0.03081554899972616,30.81554899972616
177,0.025307331000021804,25.307331000021804
178,0.02272590000029595,22.72590000029595
179,0.022712659999797324,22.712659999797324
180,0.030556714999875112,30.556714999875112
181,0.024661332999585284,24.661332999585284
182,0.027731116999802907,27.731116999802907
183,0.022178875000008702,22.178875000008702
184,0.027340876999915054,27.340876999915054
185,0.022567361000255914,22.567361000255914
186,0.021934390000296844,21.934390000296844
187,0.02256345899968437,22.56345899968437
188,0.031761937999817746,31.761937999817746
189,0.027383655999983603,27.383655999983603
190,0.022701058000166086,22.701058000166086
191,0.022680018999835738,22.680018999835738
192,0.031069823000052565,31.069823000052565
193,0.026532099000178277,26.532099000178277
194,0.022803497000040807,22.803497000040807
195,0.02315832300018883,23.15832300018883
196,0.029991794000125083,29.991794000125083
197,0.027705681000043114,27.705681000043114
198,0.02252626599965879,22.52626599965879
199,0.02478034400019169,24.78034400019169
200,0.039594008999756625,39.594008999756625
201,0.02364753899973948,23.64753899973948
202,0.02288069899987022,22.88069899987022
203,0.023091085000032763,23.091085000032763
204,0.02618643800042264,26.18643800042264
205,0.031773833999977796,31.773833999977796
206,0.022237573999973392,22.237573999973392
207,0.02226998200012531,22.26998200012531
208,0.027758648000144603,27.758648000144603
209,0.029619614999774058,29.619614999774058
210,0.0222292319999724,22.2292319999724
211,0.022973314999944705,22.973314999944705
212,0.03405156100006934,34.05156100006934
213,0.027200371000162704,27.200371000162704
214,0.021152183000140212,21.152183000140212
215,0.02378054400014662,23.78054400014662
216,0.032419038000170985,32.419038000170985
217,0.027362156999970466,27.362156999970466
218,0.021020239999870682,21.020239999870682
219,0.02142235500014067,21.42235500014067
220,0.030529033999755484,30.529033999755484
221,0.027495882000039273,27.495882000039273
222,0.020973174000118888,20.973174000118888
223,0.02155681599970194,21.55681599970194
224,0.026488640000025043,26.488640000025043
225,0.030848192000121344,30.848192000121344
226,0.021449542000027577,21.449542000027577
227,0.021140317999652325,21.140317999652325
228,0.02774105700018481,27.74105700018481
229,0.03087455700006103,30.87455700006103
230,0.02100223699972048,21.00223699972048
231,0.02120268799990299,21.20268799990299
232,0.02961162100018555,29.61162100018555
233,0.022425147999911133,22.425147999911133
234,0.02119113200024003,21.19113200024003
235,0.021210348999829876,21.210348999829876
236,0.03697395699964545,36.97395699964545
237,0.023108084999876155,23.108084999876155
238,0.020954120000169496,20.954120000169496
239,0.02117262900037531,21.17262900037531
240,0.03318673000012495,33.18673000012495
241,0.027115984000374738,27.115984000374738
242,0.021024391000082687,21.024391000082687
243,0.021356250000280852,21.356250000280852
244,0.03036382100026458,30.36382100026458
245,0.02683822099970712,26.83822099970712
246,0.020330052000190335,20.330052000190335
247,0.021123220999925252,21.123220999925252
248,0.027118342999983724,27.118342999983724
249,0.03378055499979382,33.78055499979382
250,0.021179656999720464,21.179656999720464
251,0.021144731999811484,21.144731999811484
252,0.029732125000009546,29.732125000009546
253,0.02849479699989388,28.49479699989388
254,0.021280085000398685,21.280085000398685
255,0.02135742200016466,21.35742200016466
256,0.02857384600019941,28.57384600019941
257,0.030271444999925734,30.271444999925734
258,0.021002836000207026,21.002836000207026
259,0.02133275699998194,21.33275699998194
260,0.02789475700001276,27.89475700001276
261,0.03173829800016392,31.738298000163923
262,0.02093127500029368,20.93127500029368
263,0.03311157100006312,33.11157100006312
264,0.029718233000039618,29.718233000039618
265,0.03746856799989473,37.46856799989473
266,0.026431317000060517,26.431317000060517
267,0.023653209999793035,23.653209999793035
268,0.03394795499980319,33.94795499980319
269,0.023549695999918185,23.549695999918185
270,0.022649540999736928,22.649540999736928
271,0.022831117000350787,22.831117000350787
272,0.031572185999721114,31.572185999721114
273,0.023493040000175824,23.493040000175824
274,0.02268588799961435,22.68588799961435
275,0.022885055000188004,22.885055000188004
276,0.03047779000007722,30.47779000007722
277,0.0249595930004034,24.9595930004034
278,0.022610088999954314,22.610088999954314
279,0.023015782000129548,23.015782000129548
280,0.031054830999892147,31.054830999892147
281,0.024460815999646,24.460815999646
282,0.02395594399968104,23.95594399968104
283,0.02293718999999328,22.93718999999328
284,0.026640931000201817,26.640931000201817
285,0.027736549000110244,27.736549000110244
286,0.022257274000367033,22.257274000367033
287,0.022203062999778922,22.203062999778922
288,0.02840255299997807,28.40255299997807
289,0.027730482000151824,27.730482000151824
290,0.022112852999725874,22.112852999725874
291,0.022176001999923756,22.176001999923756
292,0.02788343199972587,27.88343199972587
293,0.028875494000203616,28.875494000203616
294,0.022664811000140617,22.664811000140617
295,0.022811799999999494,22.811799999999494
296,0.02823008800032767,28.23008800032767
297,0.02950057799989736,29.50057799989736
298,0.022363488000337384,22.363488000337384
299,0.022902137000073708,22.902137000073708
300,0.02843897000002471,28.43897000002471
301,0.028845108000041364,28.845108000041364
302,0.0221369109999614,22.1369109999614
303,0.022244682999826182,22.244682999826182
304,0.027665282000270963,27.665282000270963
305,0.029843319000065094,29.843319000065094
306,0.02213441200001398,22.13441200001398
307,0.02228524100019058,22.28524100019058
308,0.02638934300011897,26.38934300011897
309,0.03074679199971797,30.74679199971797
310,0.02266217999977016,22.66217999977016
311,0.024132493999786675,24.132493999786675
312,0.03731352599970705,37.31352599970705
313,0.02518848399995477,25.18848399995477
314,0.023083441000380844,23.083441000380844
315,0.02801214600003732,28.01214600003732
316,0.028333113999906345,28.333113999906345
317,0.028329507999842463,28.329507999842463
318,0.022015788000317116,22.015788000317116
319,0.02223387100002583,22.23387100002583
320,0.025159738999718684,25.159738999718684
321,0.030456149999736226,30.456149999736226
322,0.02268092699978297,22.68092699978297
323,0.022849575999771332,22.849575999771332
324,0.025571864000085043,25.571864000085043
325,0.03217391600037445,32.17391600037445
326,0.022652771000139182,22.652771000139182
327,0.022887485999945056,22.887485999945056
328,0.028343368000150804,28.343368000150804
329,0.03035835400032738,30.35835400032738
330,0.02289234399995621,22.89234399995621
331,0.023253769999882934,23.253769999882934
332,0.028444915000363835,28.444915000363835
333,0.028368155999942246,28.368155999942246
334,0.022687724999741476,22.687724999741476
335,0.023071212000104424,23.071212000104424
336,0.027487551999911375,27.487551999911375
337,0.028128108000146312,28.128108000146312
338,0.022001314000135608,22.001314000135608
339,0.022208177000266005,22.208177000266005
340,0.025079670999730297,25.079670999730297
341,0.0312895329998355,31.2895329998355
342,0.02284357700000328,22.84357700000328
343,0.022812198000337958,22.812198000337958
344,0.025856461999865132,25.856461999865132
345,0.030972675999692,30.972675999692
346,0.022878950999711378,22.87895099971138
347,0.022885586000029434,22.885586000029434
348,0.029614527000376256,29.614527000376256
349,0.027847859999837965,27.847859999837965
350,0.02201685299996825,22.01685299996825
351,0.022423662999699445,22.423662999699445
352,0.02705624199961676,27.05624199961676
353,0.03099284300014915,30.99284300014915
354,0.0227413150000757,22.7413150000757
355,0.022855347000131587,22.855347000131587
356,0.028701967999950284,28.701967999950284
357,0.02821154100001877,28.21154100001877
358,0.022788837000007334,22.788837000007334
359,0.022818249000010837,22.818249000010837
360,0.02905819399984466,29.05819399984466
361,0.02855236799996419,28.55236799996419
362,0.02260227099986878,22.60227099986878
363,0.022930602000087674,22.930602000087674
364,0.028531822000331886,28.531822000331886
365,0.029186270000082004,29.186270000082004
366,0.022772437000185164,22.772437000185164
367,0.022327567000047566,22.327567000047566
368,0.02845346599997356,28.45346599997356
369,0.030823613999928057,30.823613999928057
370,0.024298414999975648,24.29841499997565
371,0.025088272000175493,25.088272000175493
372,0.02599798399978681,25.99798399978681
373,0.030569683999601693,30.569683999601693
374,0.022618317999786086,22.618317999786086
375,0.022832463000213465,22.832463000213465
376,0.025873276999845984,25.873276999845984
377,0.03126998000016101,31.269980000161013
378,0.02265597199993863,22.65597199993863
379,0.022985710000284598,22.985710000284598
380,0.026553437000075064,26.553437000075064
381,0.03123355999969135,31.23355999969135
382,0.023286056999950233,23.286056999950233
383,0.02303594900013195,23.03594900013195
384,0.0278266390000681,27.8266390000681
385,0.028513498999927833,28.513498999927833
386,0.022104881000359455,22.104881000359455
387,0.02228379700000005,22.28379700000005
388,0.0253791039999669,25.3791039999669
389,0.03108071500037113,31.08071500037113
390,0.02267915099992024,22.67915099992024
391,0.022882850999849325,22.882850999849325
392,0.027310392999879696,27.310392999879696
393,0.030518218999986857,30.518218999986857
394,0.022605508999731683,22.605508999731683
395,0.023083285999746295,23.083285999746295
396,0.027612043999852176,27.612043999852176
397,0.11235663900015425,112.35663900015425
398,0.04914381799972034,49.14381799972034
399,0.022298520000276767,22.298520000276767
400,0.030466395000075863,30.466395000075863
401,0.02855994199990164,28.55994199990164
402,0.022762536000300315,22.762536000300315
403,0.022969112999817298,22.9691129998173
404,0.02472463300000527,24.72463300000527
405,0.03255294199971104,32.55294199971104
406,0.022720983999988675,22.720983999988675
407,0.023130043000037404,23.130043000037404
408,0.028498889000275085,28.498889000275085
409,0.027531240999906004,27.531240999906004
410,0.022885798000061186,22.885798000061186
411,0.023009664999790402,23.009664999790402
412,0.031038200999773835,31.038200999773835
413,0.02447701800019786,24.47701800019786
414,0.02265111699989575,22.65111699989575
415,0.02287264500000674,22.87264500000674
416,0.03045422699960909,30.45422699960909
417,0.02593690300000162,25.93690300000162
418,0.02262356399978671,22.62356399978671
419,0.022832522000044264,22.832522000044264
420,0.029779828999835445,29.779828999835445
421,0.02811751200033541,28.11751200033541
422,0.022047769999971933,22.047769999971933
423,0.022331673000280716,22.331673000280716
424,0.02825584499987599,28.25584499987599
425,0.02747877799993148,27.47877799993148
426,0.022661469000013312,22.661469000013312
427,0.023210452000057558,23.210452000057558
428,0.028484452000157034,28.484452000157034
429,0.028923712999585405,28.923712999585405
430,0.022478042999864556,22.478042999864556
431,0.0228169209999578,22.8169209999578
432,0.02812585300034698,28.12585300034698
433,0.029039445999842428,29.039445999842428
434,0.02231951800013121,22.31951800013121
435,0.02222291500038409,22.22291500038409
436,0.028062459000011586,28.062459000011586
437,0.02760263499976645,27.60263499976645
438,0.021996860000399465,21.996860000399465
439,0.022224555000320834,22.224555000320834
440,0.02585491500030912,25.85491500030912
441,0.03058079699985683,30.58079699985683
442,0.022629807000157598,22.629807000157598
443,0.0235314940000535,23.5314940000535
444,0.04807587400000557,48.07587400000557
445,0.05397810600015873,53.97810600015873
446,0.024180111000077886,24.180111000077886
447,0.02543715299998439,25.43715299998439
448,0.048247965999962616,48.24796599996262
449,0.024448881999887817,24.448881999887817
450,0.022581620999972074,22.581620999972074
451,0.022238675000153307,22.238675000153307
452,0.039643973000238475,39.643973000238475
453,0.02409675899980357,24.09675899980357
454,0.02384078800014322,23.84078800014322
455,0.02522439199992732,25.22439199992732
456,0.030212242999823502,30.212242999823502
457,0.023757127999942895,23.757127999942895
458,0.022796032999849558,22.796032999849558
459,0.023115426000003936,23.115426000003936
460,0.030890864999946643,30.890864999946643
461,0.025153676999707386,25.153676999707386
462,0.023288688999855367,23.288688999855367
463,0.023277414999938628,23.277414999938628
464,0.031065443999978015,31.065443999978015
465,0.023842994000006,23.842994000006
466,0.022541417999946134,22.541417999946134
467,0.02299892600012754,22.99892600012754
468,0.030648789000224497,30.648789000224497
469,0.023991902000034315,23.991902000034315
470,0.022446364000188623,22.446364000188623
471,0.023117341000215674,23.117341000215674
472,0.030491389999951934,30.491389999951934
473,0.025358024999604822,25.358024999604822
474,0.027731568000035622,27.731568000035622
475,0.02460321499984275,24.60321499984275
476,0.040101354000398715,40.101354000398715
477,0.025223562000064703,25.223562000064703
478,0.0225091029997202,22.5091029997202
479,0.022755213999971602,22.755213999971602
480,0.03002246300002298,30.02246300002298
481,0.027184438000404043,27.184438000404043
482,0.02345112499961033,23.45112499961033
483,0.023085275000084948,23.08527500008495
484,0.030414771000323526,30.414771000323526
485,0.02562407200002781,25.62407200002781
486,0.023705580999831,23.705580999831
487,0.022923104999790667,22.923104999790667
488,0.03038772699983383,30.38772699983383
489,0.02359905000002982,23.59905000002982
490,0.02271524700017835,22.71524700017835
491,0.02297988100008297,22.97988100008297
492,0.031075971000063873,31.075971000063873
493,0.02367005899986907,23.67005899986907
494,0.02281630200013751,22.81630200013751
495,0.023419403999923816,23.419403999923816
496,0.03104967899980693,31.04967899980693
497,0.023612301999946794,23.612301999946794
498,0.022728438999820355,22.728438999820355
499,0.023071010999956343,23.071010999956343
500,0.030783648999658908,30.783648999658908
501,0.023798037999767985,23.798037999767985
502,0.02272224499984077,22.72224499984077
503,0.023325012999976025,23.325012999976025
504,0.03077039199979481,30.77039199979481
505,0.023842231000344327,23.842231000344327
506,0.022692048999942926,22.692048999942926
507,0.02515471400010938,25.15471400010938
508,0.02751519899993582,27.51519899993582
509,0.02598218499997529,25.98218499997529
510,0.022498571000141965,22.498571000141965
511,0.024044746999607014,24.044746999607014
512,0.032381579000229976,32.381579000229976
513,0.023761688999911712,23.761688999911712
514,0.022714706999977352,22.714706999977352
515,0.022927011000319908,22.927011000319908
516,0.030587495999952807,30.587495999952807
517,0.023701453000285255,23.701453000285255
518,0.022698253999806184,22.698253999806184
519,0.02286637299994254,22.86637299994254
520,0.02923723699996117,29.23723699996117
521,0.027819958999771188,27.81995899977119
522,0.022072548999858554,22.072548999858554
523,0.02248262099965359,22.48262099965359
524,0.028621898999972473,28.621898999972473
525,0.028058184999736113,28.058184999736113
526,0.022485855000013544,22.485855000013544
527,0.022972494999976334,22.972494999976334
528,0.028541334999772516,28.541334999772516
529,0.028913893999742868,28.913893999742868
530,0.022755313999823557,22.755313999823557
531,0.02248605700015105,22.48605700015105
532,0.02978457100016385,29.78457100016385
533,0.030420137999954022,30.420137999954022
534,0.02423736299988377,24.23736299988377
535,0.02473283100016488,24.73283100016488
536,0.02558197600001222,25.58197600001222
537,0.03538874900004885,35.38874900004885
538,0.022887255000114237,22.887255000114237
539,0.022442029000103503,22.442029000103503
540,0.027429335999840987,27.429335999840987
541,0.0310542889997123,31.0542889997123
542,0.022847918000024947,22.847918000024947
543,0.02291181600003256,22.91181600003256
544,0.028355265999834955,28.355265999834955
545,0.029408374000013282,29.408374000013282
546,0.022924228999727347,22.924228999727347
547,0.022296532999916963,22.296532999916963
548,0.028043488999628607,28.043488999628607
549,0.028847941999629256,28.847941999629256
550,0.021996460000082152,21.996460000082152
551,0.022316710999803036,22.316710999803036
552,0.025136054000086006,25.136054000086006
553,0.03153839700007666,31.538397000076657
554,0.022706441000082123,22.706441000082123
555,0.022930096999971283,22.930096999971283
556,0.02740106300007028,27.40106300007028
557,0.0303621039997779,30.3621039997779
558,0.02257072899965351,22.57072899965351
559,0.022653043999980582,22.653043999980582
560,0.02659024500007945,26.59024500007945
561,0.030132782999771734,30.132782999771734
562,0.022115751000001183,22.115751000001183
563,0.02232229700030075,22.32229700030075
564,0.025512686999718426,25.512686999718426
565,0.030718279000211623,30.718279000211623
566,0.02270539800019833,22.70539800019833
567,0.022966227999859257,22.966227999859257
568,0.025901733999944554,25.901733999944554
569,0.031618075000096724,31.618075000096724
570,0.0227407770003083,22.7407770003083
571,0.022470543000054022,22.470543000054022
572,0.02726777600037167,27.26777600037167
573,0.033293330000105925,33.293330000105925
574,0.02206457100010084,22.06457100010084
575,0.022543714999756048,22.543714999756048
576,0.027979915000287292,27.979915000287292
577,0.027994419000151538,27.994419000151538
578,0.022682084999814833,22.682084999814833
579,0.022917894999864075,22.917894999864075
580,0.028506748999916454,28.506748999916454
581,0.0284851289998187,28.4851289998187
582,0.022849397999834764,22.849397999834764
583,0.02283894899983352,22.83894899983352
584,0.027737885999613354,27.737885999613354
585,0.02840482500005237,28.40482500005237
586,0.022180508000019472,22.180508000019472
587,0.022973925999849598,22.973925999849598
588,0.026864156000101502,26.864156000101502
589,0.030734742999811715,30.734742999811715
590,0.022762503000194556,22.762503000194556
591,0.022957743999995728,22.957743999995728
592,0.02823699399959878,28.23699399959878
593,0.02879852900014157,28.79852900014157
594,0.02273778000017046,22.73778000017046
595,0.022431539000081102,22.431539000081102
596,0.027700406999883853,27.700406999883853
597,0.030144509999900038,30.144509999900038
598,0.02467580300026384,24.67580300026384
599,0.02424653699972623,24.24653699972623
600,0.0442404529999294,44.2404529999294
601,0.023962342999766406,23.962342999766406
602,0.02280426399966018,22.80426399966018
603,0.022930684000129986,22.930684000129986
604,0.027737339999930555,27.737339999930555
605,0.03048455499992997,30.48455499992997
606,0.025110648999998375,25.110648999998375
607,0.022984848999840324,22.984848999840324
608,0.029010385000219685,29.010385000219685
609,0.028327187999821035,28.327187999821035
610,0.022114452000096207,22.114452000096207
611,0.02231719700012036,22.31719700012036
612,0.027617009000096004,27.617009000096004
613,0.028242650000265712,28.242650000265712
614,0.02257253400011905,22.57253400011905
615,0.022241449000375724,22.241449000375724
616,0.02744959600022412,27.44959600022412
617,0.03090584600022339,30.90584600022339
618,0.02296642700002849,22.96642700002849
619,0.02310674900036247,23.10674900036247
620,0.02827749900006893,28.27749900006893
621,0.028237473999979557,28.237473999979557
622,0.022789250000187167,22.789250000187167
623,0.022370687000147882,22.370687000147882
624,0.027790430000095512,27.790430000095512
625,0.029128083999694354,29.128083999694354
626,0.02221144600025582,22.21144600025582
627,0.02223362900031134,22.23362900031134
628,0.026418496000133018,26.41849600013302
629,0.030867670999668917,30.867670999668917
630,0.022825183999884757,22.825183999884757
631,0.022964814000260958,22.964814000260958
632,0.028401721000136604,28.401721000136604
633,0.02879272599966498,28.79272599966498
634,0.02281639099965105,22.81639099965105
635,0.022695708999890485,22.695708999890485
636,0.027398636000270926,27.398636000270926
637,0.028838526000072306,28.838526000072306
638,0.022080514999743173,22.080514999743173
639,0.02225540400013415,22.25540400013415
640,0.02959335200011992,29.59335200011992
641,0.029050569999981235,29.050569999981235
642,0.022565364000001864,22.565364000001864
643,0.023045731000365777,23.045731000365777
644,0.02852718000031018,28.52718000031018
645,0.03319756899963977,33.19756899963977
646,0.025592175000383577,25.592175000383577
647,0.02349668000033489,23.49668000033489
648,0.0265477880002436,26.5477880002436
649,0.027768183999796747,27.768183999796747
650,0.022206361000371544,22.206361000371544
651,0.02237497499982055,22.37497499982055
652,0.028606050000234973,28.606050000234973
653,0.028264505000151985,28.264505000151985
654,0.0227752830001009,22.7752830001009
655,0.02300467499981096,23.00467499981096
656,0.028487347999998747,28.487347999998747
657,0.028553736000048957,28.553736000048957
658,0.022634703000221634,22.634703000221634
659,0.0223330129997521,22.3330129997521
660,0.02756494899995232,27.56494899995232
661,0.028551907000291976,28.551907000291976
662,0.022057399000004807,22.057399000004807
663,0.022695562000080827,22.695562000080827
664,0.029691887000353745,29.691887000353745
665,0.0282985940002618,28.2985940002618
666,0.022782406999795057,22.782406999795057
667,0.02307960300004197,23.07960300004197
668,0.029551152999829355,29.551152999829355
669,0.02864878599984877,28.64878599984877
670,0.022603394000270782,22.603394000270782
671,0.02315648900002998,23.15648900002998
672,0.029371959999934916,29.371959999934916
673,0.030453912999746535,30.453912999746535
674,0.022677825999835477,22.677825999835477
675,0.02238988999988578,22.38988999988578
676,0.030417333000059443,30.417333000059443
677,0.025374740999723144,25.374740999723144
678,0.022656740000002173,22.656740000002173
679,0.022953607000090415,22.953607000090415
680,0.030390958999760187,30.390958999760187
681,0.025111919999744714,25.111919999744714
682,0.02264503500009596,22.64503500009596
683,0.023268064999683702,23.268064999683702
684,0.0306358600000749,30.6358600000749
685,0.024982723999983136,24.982723999983136
686,0.022600409999995463,22.600409999995463
687,0.023375652999675367,23.375652999675367
688,0.02506623099998251,25.06623099998251
689,0.0322300519997043,32.2300519997043
690,0.022285205999651225,22.285205999651225
691,0.02262473599967052,22.62473599967052
692,0.028992680000101245,28.992680000101245
693,0.027941835000092397,27.941835000092397
694,0.02214324399983525,22.14324399983525
695,0.022375843000190798,22.375843000190798
696,0.028989552999973967,28.989552999973967
697,0.028310625000358414,28.310625000358414
698,0.02267589000030057,22.67589000030057
699,0.02298941900016871,22.98941900016871
700,0.03018373800023255,30.18373800023255
701,0.028155067999705352,28.155067999705352
702,0.022117847000117763,22.117847000117763
703,0.022702167999796075,22.702167999796075
704,0.03197339700000157,31.97339700000157
705,0.025759036000181368,25.759036000181368
706,0.025599615999908565,25.599615999908565
707,0.023443198000222765,23.443198000222765
708,0.026139107999824773,26.139107999824773
709,0.03076184800011106,30.76184800011106
710,0.022789133000060247,22.789133000060247
711,0.023059747999923275,23.059747999923275
712,0.02745242999981201,27.45242999981201
713,0.03074644799971793,30.74644799971793
714,0.02187452399994072,21.87452399994072
715,0.023547297000277467,23.547297000277467
716,0.028205799999796,28.205799999796
717,0.028784258000086993,28.784258000086993
718,0.02273474499997974,22.73474499997974
719,0.02291246200002206,22.91246200002206
720,0.02909566400012409,29.09566400012409
721,0.028433571999812557,28.433571999812557
722,0.022539300000062212,22.539300000062212
723,0.022964020000017626,22.964020000017626
724,0.028360067999983585,28.360067999983585
725,0.028352094999718247,28.352094999718247
726,0.02278337999996438,22.78337999996438
727,0.023013652999907208,23.013652999907208
728,0.028510461000223586,28.510461000223586
729,0.029513432999920042,29.51343299992004
730,0.022772902000269823,22.772902000269823
731,0.022442388999934337,22.442388999934337
732,0.029129976000149327,29.129976000149327
733,0.028341928999907395,28.341928999907395
734,0.022186768999745254,22.186768999745254
735,0.022253647000070487,22.253647000070487
736,0.031687716000305954,31.687716000305954
737,0.02779319800038138,27.79319800038138
738,0.022770578999825375,22.770578999825375
739,0.025310779999927036,25.310779999927036
740,0.029510190999644692,29.510190999644692
741,0.02687682700025107,26.87682700025107
742,0.022839028999896982,22.839028999896982
743,0.023082066999904782,23.082066999904782
744,0.030659376000130578,30.659376000130578
745,0.02499847300032343,24.99847300032343
746,0.02250854400017488,22.50854400017488
747,0.022951274999741145,22.951274999741145
748,0.029472110999904544,29.472110999904544
749,0.028076522999981535,28.076522999981535
750,0.022079240000039135,22.079240000039135
751,0.02274517800015019,22.74517800015019
752,0.05013461999988067,50.13461999988067
753,0.02283441200006564,22.83441200006564
754,0.02195177000021431,21.95177000021431
755,0.02223352300006809,22.23352300006809
756,0.03655447099981757,36.55447099981757
757,0.023102500999812037,23.102500999812037
758,0.022141953999835096,22.141953999835096
759,0.022830182999769022,22.830182999769022
760,0.039437885000097594,39.437885000097594
761,0.023546475999864924,23.546475999864924
762,0.022681046000343486,22.681046000343486
763,0.022841689999950177,22.841689999950177
764,0.03612083899997742,36.12083899997742
765,0.024261807999664597,24.261807999664597
766,0.02238398800000141,22.38398800000141
767,0.02299849200016979,22.99849200016979
768,0.034363562000180536,34.363562000180536
769,0.0276996039997357,27.6996039997357
770,0.022022327000286168,22.022327000286168
771,0.02320645500003593,23.20645500003593
772,0.035435638000308245,35.435638000308245
773,0.023996409999654134,23.996409999654134
774,0.022287629999937053,22.287629999937053
775,0.022866201999931945,22.866201999931945
776,0.04201521599998159,42.01521599998159
777,0.023617181000190612,23.617181000190612
778,0.022588193000046886,22.588193000046886
779,0.02225541100006012,22.25541100006012
780,0.06495667799981675,64.95667799981675
781,0.029235606999918673,29.235606999918673
782,0.025040405000254395,25.040405000254395
783,0.024747469999965688,24.747469999965688
784,0.031230752000283246,31.230752000283246
785,0.02484266999999818,24.84266999999818
786,0.023746461999962776,23.746461999962776
787,0.024684531999810133,24.684531999810133
788,0.029040996999810886,29.040996999810886
789,0.0331068589998722,33.1068589998722
790,0.02264594100006434,22.64594100006434
791,0.023342041999967478,23.342041999967478
792,0.035535567000351875,35.535567000351875
793,0.02396713699999964,23.96713699999964
794,0.020861859999968146,20.861859999968146
795,0.020995251999920583,20.995251999920583
796,0.03229156099996544,32.29156099996544
797,0.027780846000041493,27.780846000041493
798,0.020809473000099388,20.809473000099388
799,0.020459661999666423,20.459661999666423
800,0.02687340199963728,26.87340199963728
801,0.02955307399997764,29.55307399997764
802,0.020161924000149156,20.161924000149156
803,0.0230390280003121,23.0390280003121
804,0.02761966800017035,27.61966800017035
805,0.030648940999981278,30.648940999981278
806,0.021431657999983145,21.431657999983145
807,0.02169358299988744,21.69358299988744
808,0.026989202000095247,26.989202000095247
809,0.031539633000193135,31.539633000193135
810,0.02086446600014824,20.86446600014824
811,0.02147178499990332,21.47178499990332
812,0.027722951999749057,27.722951999749057
813,0.03762554500008264,37.62554500008264
814,0.02508196600001611,25.08196600001611
815,0.021113827000135643,21.113827000135643
816,0.03318594200027292,33.18594200027292
817,0.026885321000008844,26.885321000008844
818,0.02065788700019766,20.65788700019766
819,0.020562090999646898,20.562090999646898
820,0.03019976099994892,30.19976099994892
821,0.027691120999861596,27.691120999861596
822,0.02098283800023637,20.98283800023637
823,0.021347516999867366,21.347516999867366
824,0.030635025999799836,30.635025999799836
825,0.028166383000097994,28.166383000097994
826,0.020955272000264813,20.955272000264813
827,0.022225839999919117,22.225839999919117
828,0.027721090000341064,27.721090000341064
829,0.029005331999996997,29.005331999996997
830,0.020522068999980547,20.522068999980547
831,0.021557267000389402,21.557267000389402
832,0.02932902800012016,29.32902800012016
833,0.022551816000031977,22.551816000031977
834,0.021517688000130875,21.517688000130875
835,0.02114442299989605,21.14442299989605
836,0.03260534699984419,32.60534699984419
837,0.027866917999745056,27.866917999745056
838,0.021047131000159425,21.047131000159425
839,0.020913575000122364,20.913575000122364
840,0.03016252199995506,30.16252199995506
841,0.026679373999741074,26.679373999741074
842,0.020381057000122382,20.381057000122382
843,0.0207496349999019,20.7496349999019
844,0.02695112900028107,26.95112900028107
845,0.030132952999792906,30.132952999792906
846,0.02116006500000367,21.16006500000367
847,0.021237230000224372,21.237230000224372
848,0.029683826000109548,29.683826000109548
849,0.022309004999897297,22.309004999897297
850,0.021136249000392127,21.136249000392127
851,0.021071067999855586,21.071067999855586
852,0.03545843199981391,35.45843199981391
853,0.02677938399983759,26.77938399983759
854,0.0209388640000725,20.9388640000725
855,0.021143995999864273,21.143995999864273
856,0.0340097359999163,34.0097359999163
857,0.029173395999805507,29.173395999805507
858,0.02025633099992774,20.25633099992774
859,0.0206285479998769,20.6285479998769
860,0.03382565300034912,33.82565300034912
861,0.026653835000161052,26.653835000161052
862,0.020341138999810937,20.341138999810937
863,0.020558506999805104,20.558506999805104
864,0.027361672000097315,27.361672000097315
865,0.030410645000301884,30.410645000301884
866,0.020945874999597436,20.945874999597436
867,0.02127041099993221,21.27041099993221
868,0.030587061999995058,30.587061999995058
869,0.02217059899976448,22.17059899976448
870,0.02176474199995937,21.76474199995937
871,0.022769710999909876,22.769710999909876
872,0.03537556900027994,35.37556900027994
873,0.02821833500001958,28.21833500001958
874,0.02440688599972418,24.40688599972418
875,0.023110750999876473,23.110750999876473
876,0.028879666000193538,28.879666000193538
877,0.028950445000191394,28.950445000191394
878,0.022467739000148867,22.467739000148867
879,0.022451465999893117,22.451465999893117
880,0.02539958499983186,25.39958499983186
881,0.030713203999766847,30.713203999766847
882,0.02210152699990431,22.10152699990431
883,0.022354697000082524,22.354697000082524
884,0.025166213999909814,25.166213999909814
885,0.029897117000018625,29.897117000018625
886,0.02274828300005538,22.74828300005538
887,0.022927125000023807,22.927125000023807
888,0.02557407099993725,25.57407099993725
889,0.031735515000036685,31.735515000036685
890,0.022799852999924042,22.799852999924042
891,0.02288480199968035,22.88480199968035
892,0.0271653370000422,27.1653370000422
893,0.030791325000336656,30.791325000336656
894,0.022796199999902456,22.796199999902456
895,0.022954118000143353,22.954118000143353
896,0.027887479000128224,27.887479000128224
897,0.028328696000244236,28.328696000244236
898,0.02208219000021927,22.08219000021927
899,0.02270088300019779,22.70088300019779
900,0.025025889000062307,25.025889000062307
901,0.0890039370001432,89.0039370001432
902,0.07669966200001,76.69966200001
903,0.02514653799971711,25.14653799971711
904,0.03354425399993488,33.54425399993488
905,0.02772766199996113,27.72766199996113
906,0.02246203599997898,22.46203599997898
907,0.02236171300000933,22.36171300000933
908,0.027371056999982102,27.371056999982102
909,0.02852565200009849,28.52565200009849
910,0.022876242000165803,22.876242000165803
911,0.023007277999568032,23.007277999568032
912,0.028240358999937598,28.240358999937598
913,0.029266213000028074,29.266213000028074
914,0.023971070000243344,23.971070000243344
915,0.022309611000309815,22.309611000309815
916,0.027661751999858097,27.661751999858097
917,0.027973072999884607,27.973072999884607
918,0.022025080999810598,22.025080999810598
919,0.02223958800004766,22.23958800004766
920,0.025982224000017595,25.982224000017595
921,0.030897994000042672,30.897994000042672
922,0.022796484000082273,22.796484000082273
923,0.02288829100007206,22.88829100007206
924,0.02816980700026761,28.16980700026761
925,0.030159925000134535,30.159925000134535
926,0.022551241000201117,22.551241000201117
927,0.02232675699997344,22.32675699997344
928,0.027580770999975357,27.580770999975357
929,0.029698340999857464,29.698340999857464
930,0.022157037999932072,22.157037999932072
931,0.02230265300022438,22.30265300022438
932,0.02500191699982679,25.00191699982679
933,0.035268716999780736,35.268716999780736
934,0.0697120410000025,69.7120410000025
935,0.022582306999993307,22.582306999993307
936,0.027425342999777058,27.425342999777058
937,0.03020484300031967,30.20484300031967
938,0.02212728699987565,22.12728699987565
939,0.022322285999962332,22.322285999962332
940,0.024751138999818068,24.751138999818068
941,0.03168922600025326,31.689226000253257
942,0.022724256999936188,22.724256999936188
943,0.023049195000112377,23.049195000112377
944,0.028434755000034784,28.434755000034784
945,0.03057785100008914,30.57785100008914
946,0.022828644000128406,22.828644000128406
947,0.022860084000058123,22.860084000058123
948,0.02755739399981394,27.55739399981394
949,0.029860033000204567,29.860033000204567
950,0.022187874999872292,22.187874999872292
951,0.022278620000179217,22.278620000179217
952,0.030697494999913033,30.697494999913033
953,0.02831561299990426,28.31561299990426
954,0.02252827200027241,22.52827200027241
955,0.02296725599990168,22.96725599990168
956,0.032620661000237305,32.620661000237305
957,0.028363780999825394,28.363780999825394
958,0.02264515900014885,22.64515900014885
959,0.022674516999813932,22.67451699981393
960,0.030058312000164733,30.058312000164733
961,0.028127999999924214,28.127999999924214
962,0.02251144599995314,22.51144599995314
963,0.023128543999973772,23.128543999973772
964,0.03361161800012269,33.61161800012269
965,0.02428935999978421,24.28935999978421
966,0.022991882000042096,22.991882000042096
967,0.022409034999782307,22.409034999782307
968,0.029496408999875712,29.49640899987571
969,0.027751209000143717,27.751209000143717
970,0.022858443000131956,22.858443000131956
971,0.023139011999774084,23.139011999774084
972,0.030750626000099146,30.750626000099146
973,0.026450869000200328,26.450869000200328
974,0.022485598000002938,22.485598000002938
975,0.02234829000008176,22.34829000008176
976,0.029741770999862638,29.741770999862638
977,0.0274476979998326,27.4476979998326
978,0.033108691000052204,33.108691000052204
979,0.024832411000261345,24.832411000261345
980,0.0287002609998126,28.7002609998126
981,0.029777055999602453,29.777055999602453
982,0.022937235999961558,22.93723599996156
983,0.02275604500027839,22.75604500027839
984,0.028372488000059093,28.372488000059093
985,0.02849813200009521,28.49813200009521
986,0.022809829999914655,22.809829999914655
987,0.02284073700002409,22.84073700002409
988,0.029021131999797944,29.021131999797944
989,0.02834264000011899,28.34264000011899
990,0.022797405999881448,22.79740599988145
991,0.022817135999957827,22.817135999957827
992,0.027889007999874593,27.889007999874593
993,0.02764148300002489,27.64148300002489
994,0.022034452000298188,22.034452000298188
995,0.02226572200015653,22.26572200015653
996,0.02808415299978151,28.08415299978151
997,0.028599548000329378,28.599548000329378
998,0.02266807100022561,22.66807100022561
999,0.02281338800003141,22.81338800003141
1000,0.028498229999968316,28.498229999968316
1001,0.02877606000038213,28.77606000038213
1002,0.022750774000087404,22.750774000087404
1003,0.02292433999991772,22.92433999991772
1004,0.02790580000009868,27.90580000009868
1005,0.02835344699997222,28.35344699997222
1006,0.02217117000009239,22.17117000009239
1007,0.0222942850000436,22.2942850000436
1008,0.02522920699993847,25.22920699993847
1009,0.030724145000021963,30.724145000021963
1010,0.021851370000149473,21.851370000149473
1011,0.022277214000041567,22.277214000041567
1012,0.025268202999995992,25.268202999995992
1013,0.030326255000090896,30.326255000090896
1014,0.022655002999727003,22.655002999727003
1015,0.0228938800000833,22.8938800000833
1016,0.027831040999899415,27.831040999899415
1017,0.028856408999672567,28.856408999672567
1018,0.022735538999768323,22.735538999768323
1019,0.02294755200000509,22.94755200000509
1020,0.029460970999934943,29.460970999934943
1021,0.028797975000088627,28.797975000088627
1022,0.02278061600009096,22.78061600009096
1023,0.022909387000254355,22.909387000254355
1024,0.02799754599982407,27.99754599982407
1025,0.028372125000259985,28.372125000259985
1026,0.02285593200031144,22.85593200031144
1027,0.023320323999996617,23.320323999996617
1028,0.028770146999704593,28.770146999704593
1029,0.028012826000122004,28.012826000122004
1030,0.022099915000126202,22.099915000126202
1031,0.02223614699960308,22.23614699960308
1032,0.02573913400010497,25.73913400010497
1033,0.030343821000315074,30.343821000315074
1034,0.022283346000222082,22.283346000222082
1035,0.022336011999868788,22.336011999868788
1036,0.025090068000281462,25.090068000281462
1037,0.03398136599980717,33.98136599980717
1038,0.02497091300028842,24.97091300028842
1039,0.023946210000303836,23.946210000303836
1040,0.03057284399983473,30.57284399983473
1041,0.027826537000237295,27.826537000237295
1042,0.022724211999957333,22.724211999957333
1043,0.022838676999981544,22.838676999981544
1044,0.029432751000058488,29.432751000058488
1045,0.029149453999707475,29.149453999707475
1046,0.02273328599994784,22.73328599994784
1047,0.02283843200029878,22.83843200029878
1048,0.02978661099996316,29.78661099996316
1049,0.028025811000134127,28.025811000134127
1050,0.022643131000222638,22.64313100022264
1051,0.023156536999977106,23.156536999977106
1052,0.029118509999989328,29.118509999989328
1053,0.027643660999729036,27.643660999729036
1054,0.02193911999984266,21.93911999984266
1055,0.02223764400014261,22.23764400014261
1056,0.027510000999882323,27.510000999882323
1057,0.027977364999969723,27.977364999969723
1058,0.022863038000195957,22.863038000195957
1059,0.022850072999972326,22.850072999972326
1060,0.02809671700015315,28.09671700015315
1061,0.02851688800001284,28.51688800001284
1062,0.022544853999988845,22.544853999988845
1063,0.022632435000105033,22.632435000105033
1064,0.02852659299969673,28.52659299969673
1065,0.02791936900030123,27.91936900030123
1066,0.022035766000044532,22.035766000044532
1067,0.022328063000259135,22.328063000259135
1068,0.025431095999920217,25.431095999920217
1069,0.030725694000011572,30.725694000011572
1070,0.02258520800023689,22.58520800023689
1071,0.022834017000150197,22.834017000150197
1072,0.027238918999955786,27.238918999955786
1073,0.031618342000001576,31.618342000001576
1074,0.022573424000256637,22.573424000256637
1075,0.02223869699992065,22.23869699992065
1076,0.027818690999993123,27.818690999993123
1077,0.029437856000186002,29.437856000186002
1078,0.022047753999686392,22.047753999686392
1079,0.02249277099963365,22.49277099963365
1080,0.024947631000031834,24.947631000031834
1081,0.03150092600026255,31.500926000262552
1082,0.022410105999824737,22.410105999824737
1083,0.022976385000220034,22.976385000220034
1084,0.02565103100005217,25.65103100005217
1085,0.031634621000193874,31.634621000193874
1086,0.02243664199977502,22.43664199977502
1087,0.022324173000015435,22.324173000015435
1088,0.024565744000028644,24.565744000028644
1089,0.034781359000135126,34.781359000135126
1090,0.02224073800016413,22.24073800016413
1091,0.022249133000059373,22.249133000059373
1092,0.02750700600017808,27.50700600017808
1093,0.02955920199974571,29.55920199974571
1094,0.022698536000007152,22.698536000007152
1095,0.022830197000075714,22.830197000075714
1096,0.02833205699971586,28.33205699971586
1097,0.02882670799999687,28.82670799999687
1098,0.02269250400013334,22.69250400013334
1099,0.02277064200006862,22.77064200006862
1100,0.02923433199975989,29.23433199975989
1101,0.027813242999854992,27.813242999854992
1102,0.02204355599997143,22.04355599997143
1103,0.022532439999849885,22.532439999849885
1104,0.024703971999770147,24.703971999770147
1105,0.03169184000034875,31.691840000348748
1106,0.0230288699999619,23.0288699999619
1107,0.022853202000078454,22.853202000078454
1108,0.03132990299991434,31.32990299991434
1109,0.0287012329999925,28.7012329999925
1110,0.02251706800007014,22.51706800007014
1111,0.02290250499981994,22.90250499981994
1112,0.0349628029998712,34.9628029998712
1113,0.024549621000005573,24.549621000005573
1114,0.02183281799989345,21.83281799989345
1115,0.024000277000141068,24.000277000141068
1116,0.03901279199999408,39.01279199999408
1117,0.07258179399968867,72.58179399968867
1118,0.02574106399970333,25.74106399970333
1119,0.02579925700001695,25.79925700001695
1120,0.038903363999907015,38.903363999907015
1121,0.02373180799986585,23.73180799986585
1122,0.022003839000262815,22.003839000262815
1123,0.022798360000251705,22.798360000251705
1124,0.02378088299974479,23.78088299974479
1125,0.03636154000014358,36.36154000014358
1126,0.02493860799995673,24.93860799995673
1127,0.02398291600002267,23.98291600002267
1128,0.028679663000275468,28.679663000275468
1129,0.033297246000074665,33.297246000074665
1130,0.027798371000244515,27.798371000244515
1131,0.023518705000242335,23.518705000242335
1132,0.027592023000124755,27.592023000124755
1133,0.02387167999995654,23.87167999995654
1134,0.02331817599997521,23.31817599997521
1135,0.023031225000067934,23.031225000067934
1136,0.030106134000106977,30.106134000106977
1137,0.024740576000112924,24.740576000112924
1138,0.02261219699994399,22.61219699994399
1139,0.022352481999860174,22.352481999860174
1140,0.030359000000316883,30.359000000316883
1141,0.027199279000342358,27.199279000342358
1142,0.02278806499998609,22.78806499998609
1143,0.023017261999939365,23.017261999939365
1144,0.029633100999944872,29.633100999944872
1145,0.027221598999858543,27.221598999858543
1146,0.022893635999935213,22.893635999935213
1147,0.02473331400005918,24.73331400005918
1148,0.02944686399996499,29.44686399996499
1149,0.025235780000002705,25.235780000002705
1150,0.02284865000001446,22.84865000001446
1151,0.02346811699999307,23.46811699999307
1152,0.028194321999762906,28.194321999762906
1153,0.02702199199984534,27.02199199984534
1154,0.02233227699980489,22.33227699980489
1155,0.02232054199976119,22.32054199976119
1156,0.029635651000262442,29.635651000262442
1157,0.028123208000124578,28.123208000124578
1158,0.02270048099990163,22.70048099990163
1159,0.02245558100003109,22.45558100003109
1160,0.03941838600030678,39.41838600030678
1161,0.023708617000011145,23.708617000011145
1162,0.0225154299996575,22.5154299996575
1163,0.023083906000010757,23.083906000010757
1164,0.027621913000075438,27.621913000075438
1165,0.030881302000125288,30.881302000125288
1166,0.02262543500000902,22.62543500000902
1167,0.023651351999887993,23.651351999887993
1168,0.029721341999902506,29.721341999902506
1169,0.02821934399980819,28.21934399980819
1170,0.02238366399978986,22.38366399978986
1171,0.022234891999687534,22.234891999687534
1172,0.02522560599982171,25.22560599982171
1173,0.030803384000137157,30.803384000137157
1174,0.02207275099999606,22.07275099999606
1175,0.022130039999865403,22.130039999865403
1176,0.02482761200008099,24.82761200008099
1177,0.030016210999747273,30.016210999747273
1178,0.02267576200028998,22.67576200028998
1179,0.023022369000045728,23.022369000045728
1180,0.02537896100011494,25.37896100011494
1181,0.03087719899986041,30.87719899986041
1182,0.022661195999717165,22.661195999717165
1183,0.0228245559997049,22.8245559997049
1184,0.024906518000079814,24.906518000079814
1185,0.03178294300005291,31.78294300005291
1186,0.022886269000082393,22.886269000082393
1187,0.02297675199997684,22.97675199997684
1188,0.030563892999907694,30.563892999907694
1189,0.02800906299989947,28.00906299989947
1190,0.022623243999987608,22.623243999987608
1191,0.022842587000013737,22.842587000013737
1192,0.028953535999789892,28.953535999789892
1193,0.029814622000230884,29.814622000230884
1194,0.022201150999990205,22.201150999990205
1195,0.022277027000200178,22.277027000200178
1196,0.027718734000245604,27.718734000245604
1197,0.028014920999794413,28.014920999794413
1198,0.02196739900000466,21.96739900000466
1199,0.022161421999953745,22.161421999953745
1200,0.028554427000017313,28.554427000017313
1201,0.029637771000125213,29.637771000125213
1202,0.023249650000252586,23.249650000252586
1203,0.02282917999991696,22.82917999991696
1204,0.028030342999954883,28.030342999954883
1205,0.03446822100022473,34.46822100022473
1206,0.026071120999858977,26.071120999858977
1207,0.023551399000098172,23.551399000098172
1208,0.04183507500010819,41.83507500010819
1209,0.023125601000174356,23.125601000174356
1210,0.02227077499992447,22.27077499992447
1211,0.02283994800018263,22.83994800018263
1212,0.02964525200013668,29.64525200013668
1213,0.027620697999736876,27.620697999736876
1214,0.022372713000095246,22.372713000095246
1215,0.022432973999912065,22.432973999912065
1216,0.026772045999678085,26.772045999678085
1217,0.03122431300016615,31.22431300016615
1218,0.02276271899972926,22.76271899972926
1219,0.023301094000089506,23.301094000089506
1220,0.027964484000222,27.964484000222
1221,0.028932554999755666,28.932554999755666
1222,0.02239575399971727,22.39575399971727
1223,0.022121943999991345,22.121943999991345
1224,0.028122020999944652,28.122020999944652
1225,0.028078227000150946,28.078227000150946
1226,0.024014637999698607,24.014637999698607
1227,0.022751020999749016,22.751020999749016
1228,0.02801798400014377,28.01798400014377
1229,0.02940544300008696,29.40544300008696
1230,0.022697132999837777,22.697132999837777
1231,0.022175897000124678,22.175897000124678
1232,0.027515298999787774,27.515298999787774
1233,0.0281317079998189,28.1317079998189
1234,0.022066637000079936,22.066637000079936
1235,0.022413823000078992,22.41382300007899
1236,0.025965495000036753,25.965495000036753
1237,0.03046952099975897,30.46952099975897
1238,0.022018704999936745,22.018704999936745
1239,0.022812393000094744,22.812393000094744
1240,0.025011988000187557,25.011988000187557
1241,0.03311624999969354,33.11624999969354
1242,0.022799041999860492,22.799041999860492
1243,0.022773443999994925,22.773443999994925
1244,0.028731185000197,28.731185000197
1245,0.02878627600011896,28.78627600011896
1246,0.02258852000022671,22.58852000022671
1247,0.02304247200027021,23.04247200027021
1248,0.034292679999907705,34.292679999907705
1249,0.02850148499965144,28.50148499965144
1250,0.022793021000325098,22.793021000325098
1251,0.022784124999816413,22.784124999816413
1252,0.03272005000007994,32.72005000007994
1253,0.023035090000121272,23.035090000121272
1254,0.021969690000332776,21.969690000332776
1255,0.022506929999963177,22.506929999963177
1256,0.03241976299977978,32.41976299977978
1257,0.025294506000136607,25.294506000136607
1258,0.022461930000190478,22.461930000190478
1259,0.02751222200004122,27.51222200004122
1260,0.03311170500001026,33.11170500001026
1261,0.027563611999994464,27.563611999994464
1262,0.022247464999963995,22.247464999963995
1263,0.02247724900007597,22.47724900007597
1264,0.04079133400000501,40.79133400000501
1265,0.02347423199989862,23.47423199989862
1266,0.022611659000176587,22.611659000176587
1267,0.02296283499981655,22.96283499981655
1268,0.039648281000154384,39.648281000154384
1269,0.026249916000324447,26.249916000324447
1270,0.026528367000082653,26.528367000082653
1271,0.023921859999973094,23.921859999973094
1272,0.04066467600023316,40.66467600023316
1273,0.023658374000206095,23.658374000206095
1274,0.022119491000012204,22.119491000012204
1275,0.022413366999899154,22.413366999899154
1276,0.026337475999753224,26.337475999753224
1277,0.02744924099988566,27.44924099988566
1278,0.022103237000010267,22.103237000010267
1279,0.022365669000009802,22.365669000009802
1280,0.028777901000012207,28.777901000012207
1281,0.028151336000064475,28.151336000064475
1282,0.02271240800018859,22.71240800018859
1283,0.023053208999954222,23.053208999954222
1284,0.029508580999845435,29.508580999845435
1285,0.0282160759998078,28.2160759998078
1286,0.02321362200018484,23.21362200018484
1287,0.02251039100019625,22.51039100019625
1288,0.027875695999682648,27.875695999682648
1289,0.028482441999585717,28.482441999585717
1290,0.02237285299997893,22.37285299997893
1291,0.022289297000043007,22.289297000043007
1292,0.029412106000108906,29.412106000108906
1293,0.0278285300000789,27.8285300000789
1294,0.022722019999946497,22.722019999946497
1295,0.02297842000007222,22.97842000007222
1296,0.028104736999921442,28.104736999921442
1297,0.028754553999988275,28.754553999988275
1298,0.022727671999746235,22.727671999746235
1299,0.022722011000041675,22.722011000041675
1300,0.027710817999832216,27.710817999832216
1301,0.027774077000231046,27.774077000231046
1302,0.021951497999907588,21.951497999907588
1303,0.022446044999924197,22.446044999924197
1304,0.02869970000028843,28.69970000028843
1305,0.02888052600019364,28.88052600019364
1306,0.022754037999675347,22.754037999675347
1307,0.023289487000056397,23.289487000056397
1308,0.027737357999740198,27.737357999740198
1309,0.02924401600012061,29.24401600012061
1310,0.02403240600006029,24.03240600006029
1311,0.022365795000041544,22.365795000041544
1312,0.028056060999915644,28.056060999915644
1313,0.03191438600015317,31.914386000153172
1314,0.02190527499988093,21.90527499988093
1315,0.0225541479999265,22.5541479999265
1316,0.04922816900034377,49.22816900034377
1317,0.023764175999986037,23.764175999986037
1318,0.022587208000004466,22.587208000004466
1319,0.02261969399978625,22.61969399978625
1320,0.03619250200017632,36.19250200017632
1321,0.02355823599964424,23.55823599964424
1322,0.023844709000059083,23.844709000059083
1323,0.023162758999660582,23.162758999660582
1324,0.03606813399983366,36.06813399983366
1325,0.02410867300022801,24.10867300022801
1326,0.023306427000079566,23.306427000079566
1327,0.022421440000016446,22.421440000016446
1328,0.02647106399990662,26.47106399990662
1329,0.031215952999900765,31.215952999900765
1330,0.023279190999801358,23.279190999801358
1331,0.028726121000090643,28.726121000090643
1332,0.03390633999970305,33.90633999970305
1333,0.02417346299989731,24.17346299989731
1334,0.021607359999961773,21.607359999961773
1335,0.01990987099998165,19.90987099998165
1336,0.03055231799999092,30.55231799999092
1337,0.027912089999972522,27.912089999972522
1338,0.020924983999975666,20.924983999975666
1339,0.02062860800015187,20.62860800015187
1340,0.028358174999993935,28.358174999993935
1341,0.029093651000039245,29.093651000039245
1342,0.02186155899971709,21.86155899971709
1343,0.021779055000024528,21.779055000024528
1344,0.029980393000187178,29.980393000187178
1345,0.028429864999907295,28.429864999907295
1346,0.021854243999769096,21.854243999769096
1347,0.020577998000135267,20.577998000135267
1348,0.027103385999907914,27.103385999907914
1349,0.031230897000114055,31.230897000114055
1350,0.021889048000048206,21.889048000048206
1351,0.021986503999869456,21.986503999869456
1352,0.028129583000009006,28.129583000009006
1353,0.031305593000070076,31.305593000070076
1354,0.021560155999850394,21.560155999850394
1355,0.022786449999784963,22.786449999784963
1356,0.029171239999868703,29.171239999868703
1357,0.03410702700011825,34.10702700011825
1358,0.021511460000056104,21.511460000056104
1359,0.020416498000031424,20.416498000031424
1360,0.030676587000016298,30.676587000016298
1361,0.02961023500029114,29.61023500029114
1362,0.021633480999753374,21.633480999753374
1363,0.021272088999921834,21.272088999921834
1364,0.03335416299978533,33.35416299978533
1365,0.026693412999975408,26.693412999975408
1366,0.021730672999638045,21.730672999638045
1367,0.0208298300003662,20.8298300003662
1368,0.02881072599984691,28.81072599984691
1369,0.029073141000026226,29.073141000026226
1370,0.02222213400000328,22.22213400000328
1371,0.020957798999916122,20.957798999916122
1372,0.027078058999904897,27.078058999904897
1373,0.03841472400017665,38.41472400017665
1374,0.024678114999915124,24.678114999915124
1375,0.024954928000170185,24.954928000170185
1376,0.028020468999784498,28.020468999784498
1377,0.029619486999763467,29.619486999763467
1378,0.023376263000045583,23.376263000045583
1379,0.023307454000132566,23.307454000132566
1380,0.02863820900029168,28.63820900029168
1381,0.029838625000138563,29.838625000138563
1382,0.023312818999784213,23.312818999784213
1383,0.021560942999713006,21.560942999713006
1384,0.027692661999935808,27.692661999935808
1385,0.030394842000077915,30.394842000077915
1386,0.022620169000219903,22.620169000219903
1387,0.022261748000346415,22.261748000346415
1388,0.02884985900027459,28.84985900027459
1389,0.028070864000255824,28.070864000255824
1390,0.02564163799979724,25.64163799979724
1391,0.023255210000115767,23.255210000115767
1392,0.0309074540000438,30.9074540000438
1393,0.028237180999894917,28.237180999894917
1394,0.023531090000233235,23.531090000233235
1395,0.022173490999648493,22.173490999648493
1396,0.030817748000117717,30.817748000117717
1397,0.026139557999613316,26.139557999613316
1398,0.02334093700028461,23.34093700028461
1399,0.023342779999893537,23.342779999893537
1400,0.027406019999943965,27.406019999943965
1401,0.026499652999973478,26.499652999973478
1402,0.022713520000252174,22.713520000252174
1403,0.02321140699996249,23.21140699996249
1404,0.027771339000082662,27.771339000082662
1405,0.02800377199991999,28.00377199991999
1406,0.022880558999986533,22.880558999986533
1407,0.021739694000189047,21.739694000189047
1408,0.029505134999908478,29.505134999908478
1409,0.03058391800004756,30.58391800004756
1410,0.02252973800023028,22.52973800023028
1411,0.023205177999898297,23.205177999898297
1412,0.028322430000116583,28.322430000116583
1413,0.03418563400009589,34.18563400009589
1414,0.022756339999887132,22.756339999887132
1415,0.0227818829998796,22.7818829998796
1416,0.026825380999980553,26.825380999980553
1417,0.02623357499987833,26.23357499987833
1418,0.02372063100028754,23.72063100028754
1419,0.024264328999834106,24.264328999834106
1420,0.04059967199964376,40.59967199964376
1421,0.024306793000050675,24.306793000050675
1422,0.022684072000174638,22.684072000174638
1423,0.027592471999923873,27.592471999923873
1424,0.032093196000005264,32.093196000005264
1425,0.025191776000156096,25.191776000156096
1426,0.022718789000009565,22.718789000009565
1427,0.022532927000156633,22.532927000156633
1428,0.03124002799995651,31.24002799995651
1429,0.026363939000020764,26.363939000020764
1430,0.023231869000028382,23.231869000028382
1431,0.022475436000149784,22.475436000149784
1432,0.026244617999964248,26.244617999964248
1433,0.03220517899990227,32.20517899990227
1434,0.03470140699982949,34.70140699982949
1435,0.022385758999917016,22.385758999917016
1436,0.03255119499999637,32.55119499999637
1437,0.02805019400011588,28.05019400011588
1438,0.023595279999881313,23.595279999881313
1439,0.023107596000045305,23.107596000045305
1440,0.03245171999969898,32.45171999969898
1441,0.023725344000013138,23.725344000013138
1442,0.023491144999752578,23.491144999752578
1443,0.021704196999962733,21.704196999962733
1444,0.03835806200004299,38.35806200004299
1445,0.023573593000037363,23.573593000037363
1446,0.022108636000211845,22.108636000211845
1447,0.02230376499983322,22.30376499983322
1448,0.03008289999979752,30.08289999979752
1449,0.023617985999862867,23.617985999862867
1450,0.06395807400031117,63.95807400031117
1451,0.030676154000047973,30.676154000047973
1452,0.05097268100007568,50.97268100007568
1453,0.023137832999964303,23.137832999964303
1454,0.02110379100031423,21.10379100031423
1455,0.022300900000118418,22.300900000118418
1456,0.051197358000081294,51.197358000081294
1457,0.02951115799987747,29.51115799987747
1458,0.028385343000081775,28.385343000081775
1459,0.021416434999991907,21.416434999991907
1460,0.039047692000167444,39.047692000167444
1461,0.021483265999904688,21.483265999904688
1462,0.021462461999817606,21.462461999817606
1463,0.021455514000081166,21.455514000081166
1464,0.033346408999932464,33.346408999932464
1465,0.022593396000047505,22.593396000047505
1466,0.021797084999889194,21.797084999889194
1467,0.01999293199969543,19.99293199969543
1468,0.03240738300019075,32.40738300019075
1469,0.028090817000247625,28.090817000247625
1470,0.02036856299991996,20.36856299991996
1471,0.02084873499961759,20.84873499961759
1472,0.030765788000280736,30.765788000280736
1473,0.027365996999833442,27.365996999833442
1474,0.021705541999835987,21.705541999835987
1475,0.021525314999962575,21.525314999962575
1476,0.027359536999938427,27.359536999938427
1477,0.03033804799997597,30.33804799997597
1478,0.021756712999831507,21.756712999831507
1479,0.020670746000178042,20.670746000178042
1480,0.027210863000163954,27.210863000163954
1481,0.03847833300005732,38.47833300005732
1482,0.02799186899983397,27.99186899983397
1483,0.021805035999932443,21.805035999932443
1484,0.028990250999868294,28.990250999868294
1485,0.0337163980002515,33.7163980002515
1486,0.02161841400038611,21.61841400038611
1487,0.02142235300016182,21.42235300016182
1488,0.031108800999845698,31.1088009998457
1489,0.027887165999800345,27.887165999800345
1490,0.02160108600037347,21.60108600037347
1491,0.020185683999898174,20.185683999898174
1492,0.031186189999971248,31.186189999971248
1493,0.02796974400007457,27.96974400007457
1494,0.020563008999943122,20.563008999943122
1495,0.02082900699997481,20.82900699997481
1496,0.027535037999768974,27.535037999768974
1497,0.032302171000083035,32.302171000083035
1498,0.02248197499966409,22.48197499966409
1499,0.022102296999946702,22.102296999946702
1500,0.02781963600000381,27.81963600000381
1501,0.02984570199987502,29.84570199987502
1502,0.022087956000177655,22.087956000177655
1503,0.021249550999982603,21.249550999982603
1504,0.02766131399994265,27.66131399994265
1505,0.031165909999799624,31.165909999799624
1506,0.0211691360000259,21.1691360000259
1507,0.020679622999978164,20.679622999978164
1508,0.02949656500004494,29.49656500004494
1509,0.023051549999763665,23.051549999763665
1510,0.021303193000221654,21.303193000221654
1511,0.020941184000093926,20.941184000093926
1512,0.030589482999857864,30.589482999857864
1513,0.02759549499978675,27.59549499978675
1514,0.022185831000115286,22.185831000115286
1515,0.020499656000083633,20.499656000083633
1516,0.029945151999982045,29.945151999982045
1517,0.030296106000150758,30.296106000150758
1518,0.022220053999717493,22.220053999717493
1519,0.023876919000031194,23.876919000031194
1520,0.03404305200001545,34.04305200001545
1521,0.025513752000279055,25.513752000279055
1522,0.020967286999621138,20.967286999621138
1523,0.021367360000112967,21.367360000112967
1524,0.030412799999794515,30.412799999794515
1525,0.02775388899999598,27.75388899999598
1526,0.022150673999931314,22.150673999931314
1527,0.021307507999608788,21.307507999608788
1528,0.02891240300004938,28.91240300004938
1529,0.030154197000229033,30.154197000229033
1530,0.021765267000319,21.765267000319
1531,0.021627680999699805,21.627680999699805
1532,0.029581452999991598,29.581452999991598
1533,0.02884094399996684,28.84094399996684
1534,0.020934260000103677,20.934260000103677
1535,0.021008305000123073,21.008305000123073
1536,0.02720695900006831,27.20695900006831
1537,0.03177716700020028,31.77716700020028
1538,0.02192574299988337,21.92574299988337
1539,0.02042206600026475,20.42206600026475
1540,0.034666280999772425,34.666280999772425
1541,0.038441781000074116,38.441781000074116
1542,0.025121654000031413,25.121654000031413
1543,0.02134903200021654,21.34903200021654
1544,0.03345774200033702,33.45774200033702
1545,0.027382798999951774,27.382798999951774
1546,0.021945598000002065,21.945598000002065
1547,0.02106565500025681,21.06565500025681
1548,0.032029552000039985,32.029552000039985
1549,0.02811221799993291,28.11221799993291
1550,0.15827455399994506,158.27455399994506
1551,0.03984765099994547,39.84765099994547
1552,0.02830312000014601,28.30312000014601
1553,0.02840812799968262,28.40812799968262
1554,0.022567576999790617,22.567576999790617
1555,0.022157171000344533,22.157171000344533
1556,0.02858454699980939,28.58454699980939
1557,0.02855957900010253,28.55957900010253
1558,0.022645732000000862,22.645732000000862
1559,0.022881614999732847,22.881614999732847
1560,0.02649751600029049,26.49751600029049
1561,0.03101645600008851,31.01645600008851
1562,0.02302028199983397,23.02028199983397
1563,0.02141190199972698,21.41190199972698
1564,0.026655976000256487,26.655976000256487
1565,0.031010869000056118,31.01086900005612
1566,0.021759535999990476,21.759535999990476
1567,0.022204157000032865,22.204157000032865
1568,0.028981207000015274,28.981207000015274
1569,0.029774801999792544,29.774801999792544
1570,0.02360781399966072,23.60781399966072
1571,0.0232085239999833,23.2085239999833
1572,0.02891045199976361,28.91045199976361
1573,0.030978354000126274,30.978354000126274
1574,0.02319439600023543,23.19439600023543
1575,0.021354963000248972,21.354963000248972
1576,0.03623811999977988,36.23811999977988
1577,0.02297907899992424,22.97907899992424
1578,0.02726932899986423,27.26932899986423
1579,0.02214498499961337,22.14498499961337
1580,0.03284144899998864,32.84144899998864
1581,0.022556037999947876,22.556037999947876
1582,0.023167472999830352,23.167472999830352
1583,0.022412747999624116,22.412747999624116
1584,0.04019518000040989,40.19518000040989
1585,0.02337005599974873,23.37005599974873
1586,0.02286014699984662,22.86014699984662
1587,0.021580624999842257,21.580624999842257
1588,0.02887540200026706,28.87540200026706
1589,0.02954664800017781,29.54664800017781
1590,0.022568831999706163,22.568831999706163
1591,0.022924150000108057,22.924150000108057
1592,0.029592310000225552,29.592310000225552
1593,0.028611006000119232,28.611006000119232
1594,0.022786263999933,22.786263999933
1595,0.02257848399995055,22.57848399995055
1596,0.028000181000152224,28.000181000152224
1597,0.028020415999890247,28.020415999890247
1598,0.02307603100007327,23.07603100007327
1599,0.023619375999714975,23.619375999714975
1600,0.026572079999823472,26.572079999823472
1601,0.027667580000070302,27.667580000070302
1602,0.0267325320000964,26.7325320000964
1603,0.02409307700008867,24.09307700008867
1604,0.033047814999918046,33.047814999918046
1605,0.024202607999995962,24.202607999995962
1606,0.02429653099989082,24.29653099989082
1607,0.02322632599998542,23.22632599998542
1608,0.02726885999982187,27.26885999982187
1609,0.025945618000150716,25.945618000150716
1610,0.023687430000336462,23.687430000336462
1611,0.02684056599991891,26.84056599991891
1612,0.02696828199987067,26.96828199987067
1613,0.02348127499999464,23.48127499999464
1614,0.02221307399986472,22.21307399986472
1615,0.02236417700032689,22.36417700032689
1616,0.03245335500014335,32.45335500014335
1617,0.023064558999976725,23.064558999976725
1618,0.023466396999992867,23.466396999992867
1619,0.023220719000164536,23.220719000164536
1620,0.03191823299994212,31.91823299994212
1621,0.02371212700018077,23.71212700018077
1622,0.023611816000084218,23.611816000084218
1623,0.022392544000013004,22.392544000013004
1624,0.03228847599984874,32.28847599984874
1625,0.024125798999648396,24.125798999648396
1626,0.022545545999946626,22.545545999946626
1627,0.022941455999898608,22.941455999898608
1628,0.028845290999925055,28.845290999925055
1629,0.022756562999802554,22.756562999802554
1630,0.022756549999940034,22.756549999940034
1631,0.022519905000081053,22.519905000081053
1632,0.030463718999726552,30.463718999726552
1633,0.029084894000334316,29.084894000334316
1634,0.023559014000056777,23.559014000056777
1635,0.02217353500009267,22.17353500009267
1636,0.03159445199980837,31.59445199980837
1637,0.02397408499973608,23.97408499973608
1638,0.022735142999863456,22.735142999863456
1639,0.022960347999742226,22.960347999742226
1640,0.034458120000181225,34.458120000181225
1641,0.023032389000036346,23.032389000036346
1642,0.023286216000087734,23.286216000087734
1643,0.02321493299996291,23.21493299996291
1644,0.02889713100012159,28.89713100012159
1645,0.02724579100004121,27.24579100004121
1646,0.023879935999957524,23.879935999957524
1647,0.0231569889997445,23.1569889997445
1648,0.026590474999920843,26.590474999920843
1649,0.03214490200025466,32.14490200025466
1650,0.021935371999916242,21.935371999916242
1651,0.02225104300032399,22.25104300032399
1652,0.027932716000123037,27.932716000123037
1653,0.03038566500026718,30.38566500026718
1654,0.0234773550000682,23.4773550000682
1655,0.023222396000164736,23.222396000164736
1656,0.02838280699961615,28.38280699961615
1657,0.028741546000219387,28.741546000219387
1658,0.02360927499967147,23.60927499967147
1659,0.021768790999885823,21.768790999885823
1660,0.02831204099993556,28.31204099993556
1661,0.028023573999689688,28.023573999689688
1662,0.022402994999993098,22.402994999993098
1663,0.02228100800039101,22.28100800039101
1664,0.028609109000171884,28.609109000171884
1665,0.029367691000061313,29.367691000061313
1666,0.023832908000258612,23.832908000258612
1667,0.02348736900012227,23.48736900012227
1668,0.030128301000331703,30.128301000331703
1669,0.028684266000254866,28.684266000254866
1670,0.02365015699979267,23.65015699979267
1671,0.02178596200019456,21.78596200019456
1672,0.0295904210001936,29.5904210001936
1673,0.030698314000346727,30.698314000346727
1674,0.022580296999876737,22.580296999876737
1675,0.02227666599992517,22.27666599992517
1676,0.030351190000146744,30.351190000146744
1677,0.028535472999919875,28.535472999919875
1678,0.02333755800009385,23.33755800009385
1679,0.023109958000077313,23.109958000077313
1680,0.031213388000196574,31.213388000196574
1681,0.02366794999988997,23.66794999988997
1682,0.023677696000049764,23.677696000049764
1683,0.022202988999652007,22.202988999652007
1684,0.02857947599977706,28.57947599977706
1685,0.027019625999855634,27.019625999855634
1686,0.02295690700020714,22.95690700020714
1687,0.022452339999745163,22.452339999745163
1688,0.032075878999876295,32.075878999876295
1689,0.02277202599998418,22.77202599998418
1690,0.023386965000099735,23.386965000099735
1691,0.023138614999879792,23.138614999879792
1692,0.032021064999753435,32.021064999753435
1693,0.023822344000109297,23.822344000109297
1694,0.023489206999784074,23.489206999784074
1695,0.02278743899978508,22.78743899978508
1696,0.029147747000024538,29.147747000024538
1697,0.024159014000360912,24.159014000360912
1698,0.02256117099977928,22.56117099977928
1699,0.0223463659999652,22.3463659999652
1700,0.030566241000087757,30.566241000087757
1701,0.026995023999916157,26.995023999916157
1702,0.02274358599970583,22.74358599970583
1703,0.02458163199980845,24.58163199980845
1704,0.04801639900006194,48.01639900006194
1705,0.023782602000210318,23.782602000210318
1706,0.025323764999939158,25.323764999939158
1707,0.02311397100038448,23.11397100038448
1708,0.02857300900041082,28.57300900041082
1709,0.02316543899996759,23.16543899996759
1710,0.027062857999681,27.062857999681
1711,0.022376039999926434,22.376039999926434
1712,0.02885265699978845,28.85265699978845
1713,0.02299720899964086,22.99720899964086
1714,0.02363507700010814,23.63507700010814
1715,0.023224745000334224,23.224745000334224
1716,0.02833660999976928,28.33660999976928
1717,0.02739230099996348,27.39230099996348
1718,0.023697821000041586,23.697821000041586
1719,0.022481909999896743,22.481909999896743
1720,0.0328371599998718,32.8371599998718
1721,0.02462510099985593,24.62510099985593
1722,0.022779607999837026,22.779607999837026
1723,0.022968422999838367,22.968422999838367
1724,0.027334202000020014,27.334202000020014
1725,0.024564740000187157,24.564740000187157
1726,0.022726170000169077,22.726170000169077
1727,0.02266481800006659,22.66481800006659
1728,0.023226616999636462,23.226616999636462
1729,0.03225719600004595,32.25719600004595
1730,0.024128205999659258,24.128205999659258
1731,0.02253481300022031,22.53481300022031
1732,0.03174507599987919,31.74507599987919
1733,0.026748508000309812,26.748508000309812
1734,0.02221136199977991,22.21136199977991
1735,0.022649711999747524,22.649711999747524
1736,0.031709428999874945,31.709428999874945
1737,0.023078141000041796,23.078141000041796
1738,0.022950039000079414,22.950039000079414
1739,0.02282079899987366,22.82079899987366
1740,0.03564290499980416,35.64290499980416
1741,0.02372873600006642,23.72873600006642
1742,0.02349323299995376,23.49323299995376
1743,0.022580339999876742,22.580339999876742
1744,0.02862753099998372,28.62753099998372
1745,0.023871009999766102,23.871009999766102
1746,0.022815921000074013,22.815921000074013
1747,0.023073313000168127,23.073313000168127
1748,0.037594806000015524,37.594806000015524
1749,0.022623676999955933,22.623676999955933
1750,0.02266225699986535,22.66225699986535
1751,0.022816857999714557,22.816857999714557
1752,0.02857637299985072,28.57637299985072
1753,0.02220656899999085,22.20656899999085
1754,0.021881346000100166,21.881346000100166
1755,0.020759748000273248,20.759748000273248
1756,0.033804872000018804,33.804872000018804
1757,0.028674935000253754,28.674935000253754
1758,0.02298622800026351,22.98622800026351
1759,0.02284971500012034,22.84971500012034
1760,0.03029508400004488,30.29508400004488
1761,0.025185053999848606,25.185053999848606
1762,0.0227582400002575,22.7582400002575
1763,0.022645676000138337,22.645676000138337
1764,0.02942804700023771,29.42804700023771
1765,0.028463739000017085,28.463739000017085
1766,0.023637031999896863,23.637031999896863
1767,0.022416988000259153,22.416988000259153
1768,0.031521670000074664,31.521670000074664
1769,0.024823337999805517,24.823337999805517
1770,0.023257593999915116,23.257593999915116
1771,0.022957932999815966,22.957932999815966
1772,0.029096216000198183,29.096216000198183
1773,0.022782326000196917,22.782326000196917
1774,0.023412259999986418,23.412259999986418
1775,0.022914391000085743,22.914391000085743
1776,0.03203899199979787,32.03899199979787
1777,0.024853645999883156,24.853645999883156
1778,0.023556877999908465,23.556877999908465
1779,0.02221384999984366,22.21384999984366
1780,0.03444033700043292,34.44033700043292
1781,0.025902820999817777,25.902820999817777
1782,0.0239529959999345,23.9529959999345
1783,0.024210490999848844,24.210490999848844
1784,0.0484250049998991,48.4250049998991
1785,0.025165232000290416,25.165232000290416
1786,0.025799569999890082,25.799569999890082
1787,0.027357833000223764,27.357833000223764
1788,0.05001319900020462,50.01319900020462
1789,0.02370711699995809,23.70711699995809
1790,0.02266499000006661,22.66499000006661
1791,0.036383190999913495,36.383190999913495
1792,0.023870736999924702,23.870736999924702
1793,0.024584673000390467,24.584673000390467
1794,0.023935616000017035,23.935616000017035
1795,0.03550286399968172,35.50286399968172
1796,0.02750303199991322,27.50303199991322
1797,0.03161927100018147,31.61927100018147
1798,0.023458898000171757,23.458898000171757
1799,0.02313028399976247,23.13028399976247
1800,0.02891761699993367,28.91761699993367
1801,0.02919063199988159,29.19063199988159
1802,0.02357732299969939,23.57732299969939
1803,0.02280200799987142,22.80200799987142
1804,0.029646927999692707,29.646927999692707
1805,0.028473785999722168,28.473785999722168
1806,0.0227311019998524,22.7311019998524
1807,0.022391290000086883,22.391290000086883
1808,0.03551644299977852,35.51644299977852
1809,0.02286243199978344,22.86243199978344
1810,0.02271516700011489,22.71516700011489
1811,0.022567317999801162,22.567317999801162
1812,0.02850360999991608,28.50360999991608
1813,0.026780448999943474,26.780448999943474
1814,0.02867986599994765,28.67986599994765
1815,0.023254602999713825,23.254602999713825
1816,0.02641453799969895,26.41453799969895
1817,0.03352008599995315,33.52008599995315
1818,0.022582094999961555,22.582094999961555
1819,0.022922050000033778,22.922050000033778
1820,0.028071713999906933,28.071713999906933
1821,0.030317376000311924,30.317376000311924
1822,0.0227479149998544,22.7479149998544
1823,0.0223770859997785,22.3770859997785
1824,0.028984150999804115,28.984150999804115
1825,0.02912019199993665,29.12019199993665
1826,0.023723749999589927,23.723749999589927
1827,0.02236955000034868,22.36955000034868
1828,0.02978036400008932,29.78036400008932
1829,0.029473532999872987,29.473532999872987
1830,0.022383972000170616,22.383972000170616
1831,0.02229836800006524,22.29836800006524
1832,0.031198802999824693,31.198802999824693
1833,0.028220285999850603,28.220285999850603
1834,0.02359956600002988,23.59956600002988
1835,0.023089816000265273,23.089816000265273
1836,0.03676291299962031,36.76291299962031
1837,0.02285882500018488,22.85882500018488
1838,0.022072133999699872,22.072133999699872
1839,0.02030474699995466,20.30474699995466
1840,0.04061541100008981,40.61541100008981
1841,0.02398236699991685,23.98236699991685
1842,0.02257781799971781,22.57781799971781
1843,0.02258113800007777,22.58113800007777
1844,0.02638335299980099,26.38335299980099
1845,0.03022081299968704,30.22081299968704
1846,0.02287458599994352,22.87458599994352
1847,0.022708476999923732,22.708476999923732
1848,0.024421996000000945,24.421996000000945
1849,0.03416682299985041,34.16682299985041
1850,0.02355926099971839,23.55926099971839
1851,0.022596423999857507,22.596423999857507
1852,0.027372116000151436,27.372116000151436
1853,0.031099516000267613,31.099516000267613
1854,0.022523048000039125,22.523048000039125
1855,0.02228718900005333,22.28718900005333
1856,0.028868004999822006,28.868004999822006
1857,0.028767762999905244,28.767762999905244
1858,0.022772674999941955,22.772674999941955
1859,0.022494177000226045,22.494177000226045
1860,0.02774521099991034,27.74521099991034
1861,0.029047729000012623,29.047729000012623
1862,0.02365222599974004,23.65222599974004
1863,0.021990932000335306,21.990932000335306
1864,0.029010731000198575,29.010731000198575
1865,0.028955912000128592,28.955912000128592
1866,0.022577051999633113,22.577051999633113
1867,0.022582052999950974,22.582052999950974
1868,0.027975763000085863,27.975763000085863
1869,0.02806022300001132,28.06022300001132
1870,0.024247307000223373,24.247307000223373
1871,0.024183785999866814,24.183785999866814
1872,0.036316100000021834,36.316100000021834
1873,0.028625354999803676,28.625354999803676
1874,0.022493754000151966,22.493754000151966
1875,0.023389880000195262,23.389880000195262
1876,0.025896809000187204,25.896809000187204
1877,0.03152038500002163,31.520385000021633
1878,0.022857801000100153,22.857801000100153
1879,0.022955990000355087,22.955990000355087
1880,0.02776196400009212,27.76196400009212
1881,0.03074750599989784,30.74750599989784
1882,0.02275021099967489,22.75021099967489
1883,0.02232726600004753,22.32726600004753
1884,0.02687217500033512,26.87217500033512
1885,0.031464355000025535,31.464355000025535
1886,0.02199518600036754,21.99518600036754
1887,0.022863525000047957,22.863525000047957
1888,0.028245214999969903,28.245214999969903
1889,0.028799708999940776,28.799708999940776
1890,0.022574180999981763,22.574180999981763
1891,0.023002367000117374,23.002367000117374
1892,0.03001380200021231,30.01380200021231
1893,0.028713288999824726,28.713288999824726
1894,0.02278178400001707,22.78178400001707
1895,0.022990337000010186,22.990337000010186
1896,0.03080574900013744,30.80574900013744
1897,0.028518333999727474,28.518333999727474
1898,0.022663747999558836,22.663747999558836
1899,0.02233981799963658,22.33981799963658
1900,0.02947429400001056,29.47429400001056
1901,0.03565268300008029,35.65268300008029
1902,0.022246786000323482,22.246786000323482
1903,0.02228996099984215,22.28996099984215
1904,0.03199778900034289,31.99778900034289
1905,0.026903366000169626,26.903366000169626
1906,0.02208133599970097,22.08133599970097
1907,0.022734766000212403,22.734766000212403
1908,0.02492257600033554,24.92257600033554
1909,0.03410195000014937,34.10195000014937
1910,0.023233835000155523,23.233835000155523
1911,0.02286924399959389,22.86924399959389
1912,0.025355534000027546,25.355534000027546
1913,0.029797169000175927,29.797169000175927
1914,0.02254681000022174,22.54681000022174
1915,0.023333692999585764,23.333692999585764
1916,0.025565856999946845,25.565856999946845
1917,0.03085205399975166,30.85205399975166
1918,0.022600108000006003,22.600108000006003
1919,0.023067647000061697,23.067647000061697
1920,0.02443238699970607,24.43238699970607
1921,0.03030964799972935,30.30964799972935
1922,0.022019531999831088,22.019531999831088
1923,0.02276761000030092,22.76761000030092
1924,0.025652691000232153,25.652691000232153
1925,0.030784330999722442,30.784330999722442
1926,0.022557958000106737,22.557958000106737
1927,0.02276759400001538,22.76759400001538
1928,0.025084818999857816,25.084818999857816
1929,0.031248536000020977,31.248536000020977
1930,0.02265633400020306,22.65633400020306
1931,0.022822051999810355,22.822051999810355
1932,0.025697219999983645,25.697219999983645
1933,0.03111967699987872,31.11967699987872
1934,0.02272083300022132,22.72083300022132
1935,0.02278478800008088,22.78478800008088
1936,0.029253551999772753,29.253551999772753
1937,0.04313394900009371,43.13394900009371
1938,0.026122332999875653,26.122332999875653
1939,0.025189148999743338,25.189148999743338
1940,0.029600884999581467,29.600884999581467
1941,0.028836698999839427,28.836698999839427
1942,0.022489613999823632,22.489613999823632
1943,0.022803141999702348,22.803141999702348
1944,0.0292874080000729,29.2874080000729
1945,0.02806283900008566,28.06283900008566
1946,0.02262770700008332,22.62770700008332
1947,0.022757901000204583,22.757901000204583
1948,0.028635709999889514,28.635709999889514
1949,0.029812239999955636,29.812239999955636
1950,0.022236791999603156,22.236791999603156
1951,0.022821870999905514,22.821870999905514
1952,0.04035537900017516,40.35537900017516
1953,0.023488548999921477,23.488548999921477
1954,0.02316193699971336,23.16193699971336
1955,0.022805291999702604,22.805291999702604
1956,0.034684786000070744,34.684786000070744
1957,0.023470966999866505,23.470966999866505
1958,0.022515300000122807,22.515300000122807
1959,0.022954361999836692,22.954361999836692
1960,0.025957473999824288,25.957473999824288
1961,0.031244561000221438,31.244561000221438
1962,0.022176073999617074,22.176073999617074
1963,0.02245213199967111,22.45213199967111
1964,0.027828103000047122,27.828103000047122
1965,0.023361302000012074,23.361302000012074
1966,0.02310523899996042,23.10523899996042
1967,0.022901610999724653,22.901610999724653
1968,0.025855769999907352,25.855769999907352
1969,0.033415425999919535,33.415425999919535
1970,0.022692658999858395,22.692658999858395
1971,0.024754144999860728,24.754144999860728
1972,0.028202685999985988,28.202685999985988
1973,0.02332964799961701,23.32964799961701
1974,0.022598485000344226,22.598485000344226
1975,0.022946353999941493,22.946353999941493
1976,0.03040011500024775,30.40011500024775
1977,0.024873362999642268,24.873362999642268
1978,0.02250824900011139,22.50824900011139
1979,0.022858558999814704,22.858558999814704
1980,0.032438965999972424,32.438965999972424
1981,0.02779678500019145,27.79678500019145
1982,0.022383397999874433,22.383397999874433
1983,0.02290651400016941,22.90651400016941
1984,0.027720037999642955,27.720037999642955
1985,0.024915758000133792,24.915758000133792
1986,0.02208859799975471,22.08859799975471
1987,0.022422629999709898,22.422629999709898
1988,0.029176645999996254,29.176645999996254
1989,0.028957246000118175,28.957246000118175
1990,0.02280542999960744,22.80542999960744
1991,0.022976717999881657,22.976717999881657
1992,0.029338487000131863,29.338487000131863
1993,0.028156689000297774,28.156689000297774
1994,0.022697450000123354,22.697450000123354
1995,0.02277878899985808,22.77878899985808
1996,0.029040751000138698,29.040751000138698
1997,0.02773192300037408,27.73192300037408
1998,0.022188690000348288,22.188690000348288
1999,0.022513021000122535,22.513021000122535
2000,0.029386296999746264,29.386296999746264
2001,0.02823687600039193,28.23687600039193
2002,0.02270121699984884,22.70121699984884
2003,0.022945806999814522,22.945806999814522
2004,0.029935060999832785,29.935060999832785
2005,0.029340511000100378,29.340511000100378
2006,0.022613477000049897,22.613477000049897
2007,0.022458937999999762,22.458937999999762
2008,0.02900088100022913,29.00088100022913
2009,0.028661558000294463,28.661558000294463
2010,0.02224940499991135,22.24940499991135
2011,0.022453113999745256,22.453113999745256
2012,0.028805898999962665,28.805898999962665
2013,0.027613884000402322,27.613884000402322
2014,0.022128862000045046,22.128862000045046
2015,0.02296134300013364,22.96134300013364
2016,0.029927133999990474,29.927133999990474
2017,0.028321089999735705,28.321089999735705
2018,0.02343400300014764,23.43400300014764
2019,0.023065010999744118,23.065010999744118
2020,0.0294893459999912,29.4893459999912
2021,0.028440274999866233,28.440274999866233
2022,0.02258618399991974,22.58618399991974
2023,0.022568314999716677,22.568314999716677
2024,0.029438581000249542,29.438581000249542
2025,0.028367927000090276,28.367927000090276
2026,0.022733004000201618,22.733004000201618
2027,0.022922827000002144,22.922827000002144
2028,0.030407357000058255,30.407357000058255
2029,0.02746910799987745,27.46910799987745
2030,0.022637695999947027,22.637695999947027
2031,0.022397109999928944,22.397109999928944
2032,0.02915212200014139,29.15212200014139
2033,0.027298610999878292,27.298610999878292
2034,0.021867941999971663,21.867941999971663
2035,0.02246628100010639,22.46628100010639
2036,0.027647954000258324,27.647954000258324
2037,0.028108788000281493,28.108788000281493
2038,0.02545514799976445,25.45514799976445
2039,0.02316259099961826,23.16259099961826
2040,0.02574956899979952,25.74956899979952
2041,0.03349281900000278,33.49281900000278
2042,0.02475351499970202,24.75351499970202
2043,0.023270768000202224,23.270768000202224
2044,0.02702903499994136,27.02903499994136
2045,0.027260942000339128,27.260942000339128
2046,0.022009824000178924,22.009824000178924
2047,0.02230627300014021,22.30627300014021
2048,0.028757666000274185,28.757666000274185
2049,0.02777857099999892,27.77857099999892
2050,0.022624526999607042,22.624526999607042
2051,0.02237142500007394,22.37142500007394
2052,0.028156713000043965,28.156713000043965
2053,0.028489034999893192,28.489034999893192
2054,0.02273358599995845,22.73358599995845
2055,0.02308875100015939,23.08875100015939
2056,0.028498328999830846,28.498328999830846
2057,0.02827151400015282,28.27151400015282
2058,0.022591076000026078,22.591076000026078
2059,0.022474165999938123,22.474165999938123
2060,0.027227096000387974,27.227096000387974
2061,0.02814773900036016,28.14773900036016
2062,0.022028367000075377,22.028367000075377
2063,0.022280028999830392,22.280028999830392
2064,0.02508845200009091,25.08845200009091
2065,0.03128673399987747,31.28673399987747
2066,0.023349324999799137,23.349324999799137
2067,0.022999755999990157,22.999755999990157
2068,0.028055867000148282,28.055867000148282
2069,0.0292993610000849,29.2993610000849
2070,0.023420854000050895,23.420854000050895
2071,0.023195395000129793,23.195395000129793
2072,0.0304135290002705,30.4135290002705
2073,0.028301644999828568,28.301644999828568
2074,0.02281809800024348,22.81809800024348
2075,0.022945752999930846,22.945752999930846
2076,0.029470397000295634,29.470397000295634
2077,0.03179423299980044,31.794232999800442
2078,0.021999113999754627,21.999113999754627
2079,0.022402698999940185,22.402698999940185
2080,0.03048735700031102,30.48735700031102
2081,0.02501317799988101,25.01317799988101
2082,0.02267231800033187,22.67231800033187
2083,0.02310834199988676,23.10834199988676
2084,0.030604804000176955,30.604804000176955
2085,0.02506945799996174,25.06945799996174
2086,0.0226659859999927,22.6659859999927
2087,0.02233650200014381,22.33650200014381
2088,0.02973305600016829,29.73305600016829
2089,0.02807770100025664,28.07770100025664
2090,0.022497538000152417,22.497538000152417
2091,0.023009146000276814,23.009146000276814
2092,0.032782165999833524,32.78216599983352
2093,0.02400676100023702,24.00676100023702
2094,0.02263833599999998,22.63833599999998
2095,0.023098660000414384,23.098660000414384
2096,0.03049096999984613,30.49096999984613
2097,0.024245393999990483,24.245393999990483
2098,0.022487712000383908,22.487712000383908
2099,0.022360382999977446,22.360382999977446
2100,0.029739426999640273,29.739426999640273
2101,0.02797240099971532,27.97240099971532
2102,0.022773008000058326,22.773008000058326
2103,0.022944958000152837,22.944958000152837
2104,0.029400823000287346,29.400823000287346
2105,0.029664845999832323,29.664845999832323
2106,0.022557494000011502,22.557494000011502
2107,0.023258601000179624,23.258601000179624
2108,0.03066777899994122,30.66777899994122
2109,0.023004593000223394,23.004593000223394
2110,0.022303660000034142,22.303660000034142
2111,0.022950982000111253,22.950982000111253
2112,0.03059834099985892,30.59834099985892
2113,0.027803468000001885,27.803468000001885
2114,0.022608417000355985,22.608417000355985
2115,0.023023014000045805,23.023014000045805
2116,0.030364795999958005,30.364795999958005
2117,0.026827793000393285,26.827793000393285
2118,0.02910836000000927,29.10836000000927
2119,0.02492197900028259,24.92197900028259
2120,0.042767679000007774,42.767679000007774
2121,0.0251014049999867,25.1014049999867
2122,0.022831170000245038,22.831170000245038
2123,0.022204616999715654,22.204616999715654
2124,0.04469254700006786,44.69254700006786
2125,0.02553455399993254,25.53455399993254
2126,0.024801023000236455,24.801023000236455
2127,0.023166674999629322,23.166674999629322
2128,0.040683406999960425,40.683406999960425
2129,0.02352584099980959,23.52584099980959
2130,0.022716662000220822,22.716662000220822
2131,0.023006848000022728,23.00684800002273
2132,0.025446174000080646,25.446174000080646
2133,0.03157624100003886,31.576241000038863
2134,0.022869839999657415,22.869839999657415
2135,0.02306166200014559,23.06166200014559
2136,0.026280952999968576,26.280952999968576
2137,0.030855712000175117,30.855712000175117
2138,0.021763216000181274,21.763216000181274
2139,0.022408975999951508,22.408975999951508
2140,0.026615118000336224,26.615118000336224
2141,0.030268434999925375,30.268434999925375
2142,0.022129140999822994,22.129140999822994
2143,0.0222316590002265,22.2316590002265
2144,0.025077040000269335,25.077040000269335
2145,0.03036289899955591,30.36289899955591
2146,0.022654850999970222,22.654850999970222
2147,0.02288353299991286,22.88353299991286
2148,0.026016096000148536,26.016096000148536
2149,0.03343301799986875,33.43301799986875
2150,0.02828211200039732,28.28211200039732
2151,0.024092221000046266,24.092221000046266
2152,0.028116556999975728,28.116556999975728
2153,0.02918220699984886,29.18220699984886
2154,0.02249025499986601,22.49025499986601
2155,0.023314478999964194,23.314478999964194
2156,0.03963253400024769,39.63253400024769
2157,0.023349106999830838,23.349106999830838
2158,0.02186380699959045,21.86380699959045
2159,0.022274157999618183,22.274157999618183
2160,0.037006480999934865,37.006480999934865
2161,0.023694389999945997,23.694389999945997
2162,0.022406765000141604,22.406765000141604
2163,0.022187201000178902,22.187201000178902
2164,0.025288775999797508,25.288775999797508
2165,0.03193568899996535,31.93568899996535
2166,0.02259469499995248,22.59469499995248
2167,0.02300218300024426,23.00218300024426
2168,0.029362708000007842,29.362708000007842
2169,0.029019804999734333,29.019804999734333
2170,0.02296581700011302,22.96581700011302
2171,0.022873144000186585,22.873144000186585
2172,0.03405417700014368,34.05417700014368
2173,0.027737599000374757,27.737599000374757
2174,0.02177001499967446,21.77001499967446
2175,0.022202619000381674,22.202619000381674
2176,0.02747771200029092,27.47771200029092
2177,0.023826295999697322,23.826295999697322
2178,0.024638381999920966,24.638381999920966
2179,0.028401912999925116,28.401912999925116
2180,0.023721463000129006,23.721463000129006
2181,0.09937444700017295,99.37444700017295
2182,0.04964475399992807,49.64475399992807
2183,0.022345433999817033,22.345433999817033
2184,0.027674457999637525,27.674457999637525
2185,0.02969981599972016,29.69981599972016
2186,0.022594613000364916,22.594613000364916
2187,0.02274210099994889,22.74210099994889
2188,0.025673271999949066,25.673271999949066
2189,0.03132759000027363,31.32759000027363
2190,0.022543580000274233,22.543580000274233
2191,0.022812412999883236,22.812412999883236
2192,0.02600589699977718,26.00589699977718
2193,0.03102754300016386,31.02754300016386
2194,0.02259775599986824,22.59775599986824
2195,0.022288105999905383,22.288105999905383
2196,0.025010272999679728,25.010272999679728
2197,0.03170885500003351,31.70885500003351
2198,0.024426799000139,24.426799000139
2199,0.022852772000078403,22.852772000078403
2200,0.028660473999934766,28.660473999934766
2201,0.028199288999985583,28.199288999985583
2202,0.022642179999820655,22.642179999820655
2203,0.023078304000136995,23.078304000136995
2204,0.027807639000002382,27.807639000002382
2205,0.03350921799983553,33.50921799983553
2206,0.023771235999902274,23.771235999902274
2207,0.023339647000284458,23.339647000284458
2208,0.02508580899984736,25.08580899984736
2209,0.03227359399988927,32.27359399988927
2210,0.02292144700004428,22.92144700004428
2211,0.02328635399999257,23.28635399999257
2212,0.030176947000200016,30.176947000200016
2213,0.027230850999785616,27.230850999785616
2214,0.022576734000267606,22.576734000267606
2215,0.022280972999851656,22.280972999851656
2216,0.028199408000091353,28.199408000091353
2217,0.027426972000284877,27.426972000284877
2218,0.021853782999642135,21.853782999642135
2219,0.022233972999856633,22.233972999856633
2220,0.027723945999696298,27.723945999696298
2221,0.028670734000115772,28.670734000115772
2222,0.022670616000141308,22.670616000141308
2223,0.022829635000107373,22.829635000107373
2224,0.027964854999936506,27.964854999936506
2225,0.028843401999893103,28.843401999893103
2226,0.022665249000056065,22.665249000056065
2227,0.022154351000153838,22.154351000153838
2228,0.02705703400033599,27.05703400033599
2229,0.030049915999825316,30.049915999825316
2230,0.02218773799995688,22.18773799995688
2231,0.02239094300011857,22.39094300011857
2232,0.02847867699983908,28.47867699983908
2233,0.03020198900003379,30.20198900003379
2234,0.022712352000326064,22.712352000326064
2235,0.022945658000026015,22.945658000026015
2236,0.028100313999857462,28.100313999857462
2237,0.02921520200015948,29.21520200015948
2238,0.0224837830000979,22.4837830000979
2239,0.02224426900011167,22.24426900011167
2240,0.02687971999966976,26.87971999966976
2241,0.031078806000095938,31.078806000095938
2242,0.022193232999597967,22.193232999597967
2243,0.022363134999977774,22.363134999977774
2244,0.02591370399977677,25.91370399977677
2245,0.031207762999656552,31.207762999656552
2246,0.023313931999837223,23.313931999837223
2247,0.022878442000092036,22.878442000092036
2248,0.02822500999991462,28.22500999991462
2249,0.028687151000212907,28.687151000212907
2250,0.022791593999954785,22.791593999954785
2251,0.022442794000198774,22.442794000198774
2252,0.02771482400021341,27.71482400021341
2253,0.029568832999757433,29.568832999757433
2254,0.021997286999976495,21.997286999976495
2255,0.02241221999975096,22.41221999975096
2256,0.03073766500028796,30.73766500028796
2257,0.027998156999728963,27.998156999728963
2258,0.02261118600017653,22.61118600017653
2259,0.02275549800015142,22.75549800015142
2260,0.03192312299961486,31.92312299961486
2261,0.02802426500011279,28.02426500011279
2262,0.02229350199968394,22.29350199968394
2263,0.022340452000207733,22.340452000207733
2264,0.03040502599969841,30.40502599969841
2265,0.029367037999691092,29.367037999691092
2266,0.022019073000137723,22.019073000137723
2267,0.022265409000283398,22.265409000283398
2268,0.029954872999951476,29.954872999951476
2269,0.02783383500036507,27.83383500036507
2270,0.02211864000037167,22.11864000037167
2271,0.02255042799970397,22.55042799970397
2272,0.02870395699983419,28.70395699983419
2273,0.030813845000011497,30.813845000011497
2274,0.023489613000037934,23.489613000037934
2275,0.024672964000274078,24.672964000274078
2276,0.038071698999829096,38.071698999829096
2277,0.027728436999950645,27.728436999950645
2278,0.022782277999795042,22.782277999795042
2279,0.022197094000148354,22.197094000148354
2280,0.03530639400014479,35.30639400014479
2281,0.023203160000321077,23.203160000321077
2282,0.02203212899985374,22.03212899985374
2283,0.02231212000015148,22.31212000015148
2284,0.030323461000079988,30.323461000079988
2285,0.025148523000098066,25.148523000098066
2286,0.022574992000045313,22.574992000045313
2287,0.022833713999716565,22.833713999716565
2288,0.030654721000246354,30.654721000246354
2289,0.026671637000163173,26.671637000163173
2290,0.023097464999864314,23.097464999864314
2291,0.022842889000003197,22.842889000003197
2292,0.030173675999776606,30.173675999776606
2293,0.025481232999936765,25.481232999936765
2294,0.02262739799971314,22.62739799971314
2295,0.022825463000117452,22.825463000117452
2296,0.028950794999673235,28.950794999673235
2297,0.027313199999753124,27.313199999753124
2298,0.021694864999972197,21.694864999972197
2299,0.02223542699994141,22.23542699994141
2300,0.02754076899964275,27.54076899964275
2301,0.02825305299984393,28.25305299984393
2302,0.022443120000389172,22.44312000038917
2303,0.022783540000091307,22.783540000091307
2304,0.02827031300012095,28.27031300012095
2305,0.02952555799993206,29.52555799993206
2306,0.02218157999959658,22.18157999959658
2307,0.02216025100005936,22.16025100005936
2308,0.02749161500014452,27.49161500014452
2309,0.029468086999713705,29.468086999713705
2310,0.021960974000194255,21.960974000194255
2311,0.0222300370000994,22.2300370000994
2312,0.02524364200007767,25.24364200007767
2313,0.031292007000047306,31.292007000047306
2314,0.022446893000051205,22.446893000051205
2315,0.022816528000021208,22.816528000021208
2316,0.028809851999994862,28.809851999994862
2317,0.029511982999792963,29.511982999792963
2318,0.02321163999977216,23.21163999977216
2319,0.023169005999989167,23.169005999989167
2320,0.028073156000118615,28.073156000118615
2321,0.028844913000284578,28.844913000284578
2322,0.022622026999670197,22.622026999670197
2323,0.022671293999792397,22.671293999792397
2324,0.02781810900023629,27.81810900023629
2325,0.0293699909998395,29.3699909998395
2326,0.02200909600014711,22.00909600014711
2327,0.02232540600016364,22.32540600016364
2328,0.02676556400001573,26.76556400001573
2329,0.030623257999650377,30.623257999650377
2330,0.022809765999681986,22.809765999681986
2331,0.023343819999809057,23.343819999809057
2332,0.030294154999864986,30.294154999864986
2333,0.0281936270002916,28.1936270002916
2334,0.02289693200009424,22.89693200009424
2335,0.022971632000007958,22.971632000007958
2336,0.03148570700022901,31.485707000229013
2337,0.02761203399995793,27.61203399995793
2338,0.02288658400038912,22.88658400038912
2339,0.022820054000021628,22.820054000021628
2340,0.030807392000042455,30.807392000042455
2341,0.02752338999971471,27.52338999971471
2342,0.022598535000270203,22.598535000270203
2343,0.02287094400026035,22.87094400026035
2344,0.029238740999971924,29.238740999971924
2345,0.02823692599986316,28.23692599986316
2346,0.021870800999749918,21.870800999749918
2347,0.02221682899971711,22.21682899971711
2348,0.02998472600029345,29.98472600029345
2349,0.028244146999895747,28.244146999895747
2350,0.02250833700009025,22.50833700009025
2351,0.022879524000018137,22.879524000018137
2352,0.02985047099991789,29.85047099991789
2353,0.028314915000009933,28.314915000009933
2354,0.02254043199991429,22.54043199991429
2355,0.022898485000041546,22.898485000041546
2356,0.030031454999971174,30.031454999971174
2357,0.027863367999998445,27.863367999998445
2358,0.023015427000245836,23.015427000245836
2359,0.02295210700003736,22.95210700003736
2360,0.03039453399969716,30.39453399969716
2361,0.02793619900012345,27.93619900012345
2362,0.021810713999911968,21.810713999911968
2363,0.022236456999962684,22.236456999962684
2364,0.0314247350002006,31.4247350002006
2365,0.027612768999915716,27.612768999915716
2366,0.021843550000085088,21.843550000085088
2367,0.022180326000125206,22.180326000125206
2368,0.031119103000037285,31.119103000037285
2369,0.028096047999952134,28.096047999952134
2370,0.022573403000023973,22.573403000023973
2371,0.02288766499987105,22.88766499987105
2372,0.03011471399986476,30.11471399986476
2373,0.027773635999892576,27.773635999892576
2374,0.023007396000139124,23.007396000139124
2375,0.02421352500005014,24.21352500005014
2376,0.046160754000084125,46.160754000084125
2377,0.023595942999691033,23.595942999691033
2378,0.022720943999956944,22.720943999956944
2379,0.02237291199980973,22.37291199980973
2380,0.030464424999991024,30.464424999991024
2381,0.028303368000251794,28.303368000251794
2382,0.022749113999907422,22.749113999907422
2383,0.022915829999874404,22.915829999874404
2384,0.02996210399987831,29.96210399987831
2385,0.02821464399994511,28.21464399994511
2386,0.02288266300001851,22.88266300001851
2387,0.02226208999991286,22.26208999991286
2388,0.027798110999810888,27.798110999810888
2389,0.02795622200028447,27.95622200028447
2390,0.022188900999935868,22.188900999935868
2391,0.022602190999805316,22.602190999805316
2392,0.028178758000194648,28.178758000194648
2393,0.028648362000240013,28.648362000240013
2394,0.02282261899972582,22.82261899972582
2395,0.023004745000434923,23.004745000434923
2396,0.028578941999967356,28.578941999967356
2397,0.029292136000094615,29.292136000094615
2398,0.02267584999981409,22.67584999981409
2399,0.022347996999997122,22.34799699999712
2400,0.028074259999812057,28.074259999812057
2401,0.028210764000050403,28.210764000050403
2402,0.022258545000113372,22.258545000113372
2403,0.022347215000081633,22.347215000081633
2404,0.02791500100011035,27.91500100011035
2405,0.02969755799995255,29.69755799995255
2406,0.022858679999899323,22.858679999899323
2407,0.022929571000076976,22.929571000076976
2408,0.0288688240002557,28.8688240002557
2409,0.02882218800004921,28.82218800004921
2410,0.022817944000053103,22.817944000053103
2411,0.022705986999881134,22.705986999881134
2412,0.027943126999616652,27.943126999616652
2413,0.02820640199979607,28.20640199979607
2414,0.02222302700010914,22.22302700010914
2415,0.02236640899991471,22.36640899991471
2416,0.028800430000046617,28.800430000046617
2417,0.02928466200000912,29.28466200000912
2418,0.02288869900030477,22.88869900030477
2419,0.022918819000096846,22.918819000096846
2420,0.02857129400035774,28.57129400035774
2421,0.029033626000000368,29.033626000000368
2422,0.022425929000291944,22.425929000291944
2423,0.0224525270000413,22.4525270000413
2424,0.027821684000173263,27.821684000173263
2425,0.030181983999682416,30.181983999682416
2426,0.021844838000106392,21.844838000106392
2427,0.022865530000217404,22.865530000217404
2428,0.03440512699989995,34.40512699989995
2429,0.02839584699995612,28.39584699995612
2430,0.027457995000077062,27.457995000077062
2431,0.02279130199985957,22.79130199985957
2432,0.03510352600005717,35.10352600005717
2433,0.024070230999768683,24.070230999768683
2434,0.021939665999980207,21.939665999980207
2435,0.022254632000112906,22.254632000112906
2436,0.03974528700018709,39.74528700018709
2437,0.030854712999826006,30.854712999826006
2438,0.0221308569998655,22.1308569998655
2439,0.022241367000333412,22.241367000333412
2440,0.03918745500004661,39.18745500004661
2441,0.023627479999959178,23.627479999959178
2442,0.0220019799999136,22.0019799999136
2443,0.022647950000191486,22.647950000191486
2444,0.027470286999687232,27.470286999687232
2445,0.024579535000157193,24.579535000157193
2446,0.021737813000072492,21.737813000072492
2447,0.022709236000082456,22.709236000082456
2448,0.030094796999946993,30.094796999946993
2449,0.028209988000071462,28.209988000071462
2450,0.022629532999872026,22.629532999872026
2451,0.022830848000012338,22.830848000012338
2452,0.029042075999768713,29.042075999768713
2453,0.030424720000155503,30.424720000155503
2454,0.024862593000307243,24.862593000307243
2455,0.05146989000013491,51.46989000013491
2456,0.045587739999973564,45.587739999973564
2457,0.025118470000052184,25.118470000052184
2458,0.024827695999647403,24.827695999647403
2459,0.023303094999846508,23.303094999846508
2460,0.0325334969998039,32.5334969998039
2461,0.027214784999614494,27.214784999614494
2462,0.02441922699972565,24.41922699972565
2463,0.02437051800006884,24.37051800006884
2464,0.04219315899990761,42.19315899990761
2465,0.02464455800009091,24.64455800009091
2466,0.02242281200005891,22.42281200005891
2467,0.02278141399983724,22.78141399983724
2468,0.04012643999976717,40.12643999976717
2469,0.0233715710000979,23.3715710000979
2470,0.02222177700014072,22.22177700014072
2471,0.02268189500000517,22.68189500000517
2472,0.03620034899995517,36.20034899995517
2473,0.024542429999655724,24.542429999655724
2474,0.02257541700009824,22.57541700009824
2475,0.022901189000094746,22.901189000094746
2476,0.024815001000206394,24.815001000206394
2477,0.03378307200000563,33.78307200000563
2478,0.022010946999671432,22.010946999671432
2479,0.022308633999728045,22.308633999728045
2480,0.025112906000231305,25.112906000231305
2481,0.03404143699981432,34.04143699981432
2482,0.0226828520003437,22.6828520003437
2483,0.022941870000067865,22.941870000067865
2484,0.050319423000019015,50.319423000019015
2485,0.023782216000199696,23.782216000199696
2486,0.02199055299979591,21.99055299979591
2487,0.022343188999911945,22.343188999911945
2488,0.024887582000246766,24.887582000246766
2489,0.033562685000106285,33.562685000106285
2490,0.022494772999834822,22.494772999834822
2491,0.02287264500000674,22.87264500000674
2492,0.025037430000338645,25.037430000338645
2493,0.03558797499999855,35.58797499999855
2494,0.022348447000240412,22.348447000240412
2495,0.022823499999958585,22.823499999958585
2496,0.02666032599972823,26.66032599972823
2497,0.030733723000139435,30.733723000139435
2498,0.02277004500001567,22.77004500001567
2499,0.02279460099998687,22.79460099998687
2500,0.027661316999910923,27.661316999910923
2501,0.03062928600002124,30.62928600002124
2502,0.022058217999983754,22.058217999983754
2503,0.022226600000067265,22.226600000067265
2504,0.024500783999883424,24.500783999883424
2505,0.03059667100023944,30.59667100023944
2506,0.02196486200000436,21.96486200000436
2507,0.02255492199992659,22.55492199992659
2508,0.024996307000037632,24.996307000037632
2509,0.03177159599999868,31.77159599999868
2510,0.02267746799998349,22.67746799998349
2511,0.02296633900004963,22.96633900004963
2512,0.02600937899978817,26.00937899978817
2513,0.03118132899999182,31.18132899999182
2514,0.022630303999903845,22.630303999903845
2515,0.022634069000105228,22.634069000105228
2516,0.025470152999787388,25.470152999787388
2517,0.02914513799987617,29.14513799987617
2518,0.022186391000104777,22.186391000104777
2519,0.022427937999964342,22.427937999964342
2520,0.02508042599993132,25.08042599993132
2521,0.031316015000356856,31.316015000356856
2522,0.022792701000071247,22.792701000071247
2523,0.022896877999755816,22.896877999755816
2524,0.02910609199989267,29.10609199989267
2525,0.029039587000170286,29.039587000170286
2526,0.024958053000318614,24.958053000318614
2527,0.02287001800004873,22.87001800004873
2528,0.02767259299980651,27.67259299980651
2529,0.028019887000027666,28.019887000027666
2530,0.022047011999802635,22.047011999802635
2531,0.022230292000131158,22.230292000131158
2532,0.024697220999769343,24.697220999769343
2533,0.03148075999979483,31.480759999794827
2534,0.022559435999937705,22.559435999937705
2535,0.02288272399982816,22.88272399982816
2536,0.02547214200012604,25.47214200012604
2537,0.031834473999879265,31.834473999879265
2538,0.023099692000414507,23.099692000414507
2539,0.022800619000008737,22.800619000008737
2540,0.02788896299989574,27.88896299989574
2541,0.029220314000212966,29.220314000212966
2542,0.023613896999904682,23.613896999904682
2543,0.02331482900035553,23.31482900035553
2544,0.02921059200025411,29.21059200025411
2545,0.028753083999617957,28.753083999617957
2546,0.022571784000319894,22.571784000319894
2547,0.02283335199990688,22.83335199990688
2548,0.02803741399975479,28.03741399975479
2549,0.02815964699993856,28.15964699993856
2550,0.022495916000025318,22.495916000025318
2551,0.02225201700002799,22.25201700002799
2552,0.027537152000149945,27.537152000149945
2553,0.029660131000127876,29.660131000127876
2554,0.02214709000008952,22.14709000008952
2555,0.022157883000090806,22.157883000090806
2556,0.025106716000209417,25.106716000209417
2557,0.03194008000036774,31.940080000367743
2558,0.0232888880000246,23.2888880000246
2559,0.022882084000229952,22.882084000229952
2560,0.0288884000001417,28.8884000001417
2561,0.028496085999904608,28.496085999904608
2562,0.02271382100025221,22.71382100025221
2563,0.022860868999941886,22.860868999941886
2564,0.027597314000104234,27.597314000104234
2565,0.029085825000038312,29.085825000038312
2566,0.021925851000105467,21.925851000105467
2567,0.02230776899978082,22.30776899978082
2568,0.024866401000053884,24.866401000053884
2569,0.03121242199995322,31.21242199995322
2570,0.022611440000218863,22.611440000218863
2571,0.022844533999887062,22.844533999887062
2572,0.027140706999944086,27.140706999944086
2573,0.030931773999782308,30.93177399978231
2574,0.022911131999990175,22.911131999990175
2575,0.02273469000010664,22.73469000010664
2576,0.028472882000187383,28.472882000187383
2577,0.032368096000027435,32.368096000027435
2578,0.022733828999662364,22.733828999662364
2579,0.022321714000099746,22.321714000099746
2580,0.027776088999871718,27.776088999871718
2581,0.027840757999911148,27.840757999911148
2582,0.021964911999930337,21.964911999930337
2583,0.02226591999988159,22.26591999988159
2584,0.028437028999633185,28.437028999633185
2585,0.028906114000164962,28.906114000164962
2586,0.022499709999920015,22.499709999920015
2587,0.022781865999604634,22.781865999604634
2588,0.028516779000256065,28.516779000256065
2589,0.029009304999817687,29.009304999817687
2590,0.022609307000038825,22.609307000038825
2591,0.023075973000231897,23.075973000231897
2592,0.028345152999918355,28.345152999918355
2593,0.03213748000007399,32.13748000007399
2594,0.022241207999741164,22.241207999741164
2595,0.022209138000107487,22.209138000107487
2596,0.030252039000060904,30.252039000060904
2597,0.02742293500023152,27.42293500023152
2598,0.02236947900019004,22.36947900019004
2599,0.0228753329997744,22.8753329997744
2600,0.030455842999799643,30.455842999799643
2601,0.028620421000141505,28.620421000141505
2602,0.022401355000056355,22.401355000056355
2603,0.022908209999968676,22.908209999968676
2604,0.031239960999755567,31.239960999755567
2605,0.028366747999825748,28.366747999825748
2606,0.023185856000054628,23.185856000054628
2607,0.022802314999808004,22.802314999808004
2608,0.031327120999776525,31.327120999776525
2609,0.024914446999900974,24.914446999900974
2610,0.022664635999717575,22.664635999717575
2611,0.023562210999898525,23.562210999898525
2612,0.030655203000151232,30.655203000151232
2613,0.033092935999775364,33.092935999775364
2614,0.027830444000301213,27.830444000301213
2615,0.023573361999751796,23.573361999751796
2616,0.037844015000246145,37.844015000246145
2617,0.02321559599977263,23.21559599977263
2618,0.021883827000237943,21.883827000237943
2619,0.022244460000365507,22.244460000365507
2620,0.030089822000263666,30.089822000263666
2621,0.025104787000145734,25.104787000145734
2622,0.02235012699975414,22.35012699975414
2623,0.022859583999888855,22.859583999888855
2624,0.030502220000016678,30.502220000016678
2625,0.025015618999987055,25.015618999987055
2626,0.023149369999828195,23.149369999828195
2627,0.022874523000155023,22.874523000155023
2628,0.030250218999753997,30.250218999753997
2629,0.024979903000257764,24.979903000257764
2630,0.022404198000003817,22.404198000003817
2631,0.02295072100014295,22.95072100014295
2632,0.030351408000115043,30.351408000115043
2633,0.02683690599997135,26.83690599997135
2634,0.02293976400005704,22.93976400005704
2635,0.023034650000226975,23.034650000226975
2636,0.029404468999928213,29.404468999928213
2637,0.027028605999930733,27.028605999930733
2638,0.0217313580001246,21.7313580001246
2639,0.02226468000026216,22.26468000026216
2640,0.028827032999743096,28.827032999743096
2641,0.027566714999920805,27.566714999920805
2642,0.022128302000055555,22.128302000055555
2643,0.022188897999967594,22.188897999967594
2644,0.02836659700005839,28.36659700005839
2645,0.02839942799982964,28.39942799982964
2646,0.022453414000210614,22.453414000210614
2647,0.02285279099987747,22.85279099987747
2648,0.028189499000291107,28.189499000291107
2649,0.02885879199993724,28.85879199993724
2650,0.02248121299999184,22.48121299999184
2651,0.022427720999985468,22.427720999985468
2652,0.027833037999698718,27.833037999698718
2653,0.029446599000038987,29.446599000038987
2654,0.02437467799973092,24.37467799973092
2655,0.022357273000125133,22.357273000125133
2656,0.02780321600039315,27.80321600039315
2657,0.027943038999637793,27.943038999637793
2658,0.022505846000058227,22.505846000058227
2659,0.022922733000086737,22.922733000086737
2660,0.02815921299998081,28.15921299998081
2661,0.028986299999814946,28.986299999814946
2662,0.02233562100036579,22.33562100036579
2663,0.022323495000364346,22.323495000364346
2664,0.02665115500030879,26.65115500030879
2665,0.030464291000043886,30.464291000043886
2666,0.022005554999850574,22.005554999850574
2667,0.02218689900018944,22.18689900018944
2668,0.024897035999856598,24.897035999856598
2669,0.030968929999744432,30.968929999744432
2670,0.022492267999950855,22.492267999950855
2671,0.02287062200002765,22.87062200002765
2672,0.0256027290001839,25.6027290001839
2673,0.03057249999983469,30.57249999983469
2674,0.022581389999686508,22.581389999686508
2675,0.022659553999801574,22.659553999801574
2676,0.02471892800031128,24.71892800031128
2677,0.03132360600011452,31.323606000114523
2678,0.023045627000101376,23.045627000101376
2679,0.022804867000104423,22.804867000104423
2680,0.025613943000280415,25.613943000280415
2681,0.031933482000113145,31.933482000113145
2682,0.022357230000125128,22.357230000125128
2683,0.0225681550000445,22.5681550000445
2684,0.025445209999816143,25.445209999816143
2685,0.030469599999833008,30.469599999833008
2686,0.021888938999836682,21.888938999836682
2687,0.022116468000149325,22.116468000149325
2688,0.02482340699998531,24.82340699998531
2689,0.0319075040001735,31.907504000173503
2690,0.022788333999869792,22.788333999869792
2691,0.022816094999598135,22.816094999598135
2692,0.029066881000289868,29.066881000289868
2693,0.02912127399986275,29.12127399986275
2694,0.022651053000117827,22.651053000117827
2695,0.0228915570000936,22.8915570000936
2696,0.02878121399999145,28.78121399999145
2697,0.028409861000000092,28.40986100000009
2698,0.022537203999945632,22.537203999945632
2699,0.022830825000255572,22.830825000255572
2700,0.02772292399959042,27.72292399959042
2701,0.02788215800001126,27.88215800001126
2702,0.022008233000178734,22.008233000178734
2703,0.02219868000020142,22.19868000020142
2704,0.02518207100001746,25.18207100001746
2705,0.03212276900012512,32.12276900012512
2706,0.02274902099998144,22.74902099998144
2707,0.02285092000010991,22.85092000010991
2708,0.029635544999564445,29.635544999564445
2709,0.028199509999922157,28.199509999922157
2710,0.022644244999810326,22.644244999810326
2711,0.02305410999997548,23.05410999997548
2712,0.03277900800003408,32.77900800003408
2713,0.034868217000166624,34.868217000166624
2714,0.024948231000053056,24.948231000053056
2715,0.02238026999975773,22.38026999975773
2716,0.027098644000034255,27.098644000034255
2717,0.03350303499973961,33.50303499973961
2718,0.02288740299991332,22.88740299991332
2719,0.022829590999663196,22.829590999663196
2720,0.028839123000125255,28.839123000125255
2721,0.02810259399984716,28.10259399984716
2722,0.021948323999822605,21.948323999822605
2723,0.022131469000214565,22.131469000214565
2724,0.02786744600007296,27.86744600007296
2725,0.0315060769999036,31.5060769999036
2726,0.021830970000337402,21.830970000337402
2727,0.02225158500004909,22.25158500004909
2728,0.029667717999927845,29.667717999927845
2729,0.02870774299981349,28.70774299981349
2730,0.02247720199966352,22.47720199966352
2731,0.023343074999957025,23.343074999957025
2732,0.0368885110001429,36.8885110001429
2733,0.023955882999871392,23.955882999871392
2734,0.021965164999983244,21.965164999983244
2735,0.0222062449997793,22.2062449997793
2736,0.03383001800011698,33.83001800011698
2737,0.023444496000138315,23.444496000138315
2738,0.022640993000095477,22.640993000095477
2739,0.022212026000033802,22.212026000033802
2740,0.040692959999887535,40.692959999887535
2741,0.02411279799980548,24.11279799980548
2742,0.022724172999915027,22.724172999915027
2743,0.02287207600011243,22.87207600011243
2744,0.031157935000010184,31.157935000010184
2745,0.02884465299985095,28.84465299985095
2746,0.02266060000010839,22.66060000010839
2747,0.023054479000165884,23.054479000165884
2748,0.035661787999742955,35.661787999742955
2749,0.02774423399978332,27.74423399978332
2750,0.022563720000107423,22.563720000107423
2751,0.022821413000201574,22.821413000201574
2752,0.032256611000320845,32.256611000320845
2753,0.022850758000004134,22.850758000004134
2754,0.022795627000050445,22.795627000050445
2755,0.022194840999873122,22.194840999873122
2756,0.03201453399969978,32.01453399969978
2757,0.025411584999801562,25.411584999801562
2758,0.024545202999888716,24.545202999888716
2759,0.022915159999683965,22.915159999683965
2760,0.04183573199998136,41.83573199998136
2761,0.02356921599994166,23.56921599994166
2762,0.022555592999651708,22.555592999651708
2763,0.022803416999977344,22.803416999977344
2764,0.0340872900001159,34.0872900001159
2765,0.02741489299978639,27.41489299978639
2766,0.022083000000293396,22.083000000293396
2767,0.022511002000101143,22.511002000101143
2768,0.032437490000120306,32.437490000120306
2769,0.0274559060003412,27.4559060003412
2770,0.021999623000283464,21.999623000283464
2771,0.022457494999798655,22.457494999798655
2772,0.02915464699981385,29.15464699981385
2773,0.028286446000038268,28.286446000038268
2774,0.022584242999982962,22.584242999982962
2775,0.022804520999670785,22.804520999670785
2776,0.028604149999864603,28.604149999864603
2777,0.028307286000199383,28.307286000199383
2778,0.022696196000197233,22.696196000197233
2779,0.022411981000004744,22.411981000004744
2780,0.02761341200039169,27.61341200039169
2781,0.02784687200028202,27.84687200028202
2782,0.022010052999576146,22.010052999576146
2783,0.02223062300026868,22.23062300026868
2784,0.02741034300015599,27.41034300015599
2785,0.03158595300010347,31.585953000103473
2786,0.02244711200000893,22.44711200000893
2787,0.02283351699998093,22.83351699998093
2788,0.028428847000213864,28.428847000213864
2789,0.056624559000283625,56.624559000283625
2790,0.029522159999942232,29.522159999942232
2791,0.02555174999997689,25.55174999997689
2792,0.03675638300001083,36.75638300001083
2793,0.022130505999939487,22.130505999939487
2794,0.020444842999950197,20.444842999950197
2795,0.021099744999901304,21.099744999901304
2796,0.030096598000000085,30.096598000000085
2797,0.03764081300005273,37.64081300005273
2798,0.02846671499992226,28.46671499992226
2799,0.029767142000309832,29.767142000309832
2800,0.03464219099987531,34.64219099987531
2801,0.027511221999702684,27.511221999702684
2802,0.021037838000211195,21.037838000211195
2803,0.02082925400009117,20.82925400009117
2804,0.02691439599993828,26.91439599993828
2805,0.03011186399999133,30.11186399999133
2806,0.021452425999996194,21.452425999996194
2807,0.021401098999831447,21.401098999831447
2808,0.0281375519998619,28.1375519998619
2809,0.0304656690000229,30.4656690000229
2810,0.020881544000076246,20.881544000076246
2811,0.02121927300004245,21.21927300004245
2812,0.02802140599987979,28.02140599987979
2813,0.03806001800012382,38.06001800012382
2814,0.020343804999811255,20.343804999811255
2815,0.02074272199979532,20.74272199979532
2816,0.02524992700000439,25.24992700000439
2817,0.035454203999961464,35.454203999961464
2818,0.020497213999988162,20.497213999988162
2819,0.020628468000268185,20.628468000268185
2820,0.029192225999850052,29.192225999850052
2821,0.024859890999778145,24.859890999778145
2822,0.0309707830001571,30.9707830001571
2823,0.02529710699991483,25.29710699991483
2824,0.03418672300040271,34.18672300040271
2825,0.028384798999923078,28.384798999923078
2826,0.0208117150000362,20.8117150000362
2827,0.02070759799971711,20.70759799971711
2828,0.03617827000016405,36.17827000016405
2829,0.024990075999994588,24.990075999994588
2830,0.020720228000300267,20.720228000300267
2831,0.020864708999852155,20.864708999852155
2832,0.03291480000007141,32.91480000007141
2833,0.0275874339999973,27.5874339999973
2834,0.020789679999779764,20.789679999779764
2835,0.021223520999683387,21.223520999683387
2836,0.03478852700027346,34.78852700027346
2837,0.028550922000249557,28.550922000249557
2838,0.02281870800015895,22.81870800015895
2839,0.02309133600010682,23.09133600010682
2840,0.029533037000419426,29.533037000419426
2841,0.02766359699990062,27.66359699990062
2842,0.021831749999819294,21.831749999819294
2843,0.022225677999813342,22.225677999813342
2844,0.03128657600018414,31.28657600018414
2845,0.028926508000040485,28.926508000040485
2846,0.022495168000205013,22.495168000205013
2847,0.022780036999847653,22.780036999847653
2848,0.031126444999699743,31.126444999699743
2849,0.027742568999656214,27.742568999656214
2850,0.022621953999987454,22.621953999987454
2851,0.02292989299985493,22.92989299985493
2852,0.02881951300014407,28.81951300014407
2853,0.1689463870002328,168.9463870002328
2854,0.0443526760000168,44.3526760000168
2855,0.0221184209999592,22.1184209999592
2856,0.027570421999826067,27.570421999826067
2857,0.02992932799998016,29.92932799998016
2858,0.02235609099989233,22.35609099989233
2859,0.0221129579999797,22.1129579999797
2860,0.02465692699979627,24.65692699979627
2861,0.02983688299991627,29.83688299991627
2862,0.02189041100018585,21.89041100018585
2863,0.022256636999827606,22.256636999827606
2864,0.02497749099984503,24.97749099984503
2865,0.03256513599990285,32.56513599990285
2866,0.021990860999721917,21.990860999721917
2867,0.02234870999973282,22.34870999973282
2868,0.025563917999988917,25.563917999988917
2869,0.026998437000202102,26.998437000202102
2870,0.0221031139999468,22.1031139999468
2871,0.022205641999789805,22.205641999789805
2872,0.027532452999821544,27.532452999821544
2873,0.02846281900019676,28.46281900019676
2874,0.022603468999932375,22.603468999932375
2875,0.024917619000007107,24.917619000007107
2876,0.042286016999696585,42.286016999696585
2877,0.0250186040002518,25.0186040002518
2878,0.02249758900006782,22.49758900006782
2879,0.02295490799997424,22.95490799997424
2880,0.0256978050001635,25.6978050001635
2881,0.03126623699972697,31.26623699972697
2882,0.022186215000147058,22.186215000147058
2883,0.02228521400002137,22.28521400002137
2884,0.025981166000292433,25.981166000292433
2885,0.031151972000316164,31.151972000316164
2886,0.022609217000081117,22.609217000081117
2887,0.022889061000114452,22.889061000114452
2888,0.025640986000325938,25.640986000325938
2889,0.03078347600012421,30.78347600012421
2890,0.022519744999954128,22.519744999954128
2891,0.022584731999813812,22.584731999813812
2892,0.02635766200000944,26.35766200000944
2893,0.03035735499997827,30.35735499997827
2894,0.021829673999945953,21.829673999945953
2895,0.02211102799992659,22.11102799992659
2896,0.024910683000143763,24.910683000143763
2897,0.030720852999820636,30.720852999820636
2898,0.022283794999566453,22.283794999566453
2899,0.022778650999953243,22.778650999953243
2900,0.025886679999985063,25.886679999985063
2901,0.03141655199988236,31.41655199988236
2902,0.022314268000172888,22.314268000172888
2903,0.022737630999927205,22.737630999927205
2904,0.025609629999962635,25.609629999962635
2905,0.03130236099968897,31.302360999688972
2906,0.022560178999810887,22.560178999810887
2907,0.02276248799989844,22.76248799989844
2908,0.025629878999552602,25.629878999552602
2909,0.03141335899999831,31.41335899999831
2910,0.02255510700024388,22.55510700024388
2911,0.02234399899998607,22.34399899998607
2912,0.026167507999616646,26.167507999616646
2913,0.030548753999937617,30.548753999937617
2914,0.021948824999981298,21.948824999981298
2915,0.022168917000271904,22.168917000271904
2916,0.02614158000005773,26.14158000005773
2917,0.03319612799987226,33.19612799987226
2918,0.022536768999998458,22.536768999998458
2919,0.022958818999995856,22.958818999995856
2920,0.028221497999766143,28.221497999766143
2921,0.030840908999834937,30.840908999834937
2922,0.02274624500023492,22.74624500023492
2923,0.022094935000041005,22.094935000041005
2924,0.02769572799979869,27.69572799979869
2925,0.0293339750000996,29.3339750000996
2926,0.02216922000025079,22.16922000025079
2927,0.022121513999991294,22.121513999991294
2928,0.024939888000062638,24.939888000062638
2929,0.03120816399996329,31.20816399996329
2930,0.02259471100023802,22.59471100023802
2931,0.022814437000306498,22.814437000306498
2932,0.02553432500008057,25.53432500008057
2933,0.03139647400030299,31.396474000302987
2934,0.02211934500019197,22.11934500019197
2935,0.02217858099993464,22.17858099993464
2936,0.025310267999884672,25.310267999884672
2937,0.030273558999851957,30.273558999851957
2938,0.02244852900003025,22.44852900003025
2939,0.02281742800005304,22.81742800005304
2940,0.025609361000078934,25.609361000078934
2941,0.0305190499998389,30.5190499998389
2942,0.022573562000161473,22.573562000161473
2943,0.023225979000017105,23.225979000017105
2944,0.026118121999843424,26.118121999843424
2945,0.03125354999974661,31.25354999974661
2946,0.024317201000030764,24.317201000030764
2947,0.023924008999983926,23.924008999983926
2948,0.04657250099990051,46.57250099990051
2949,0.031322633999934624,31.322633999934624
2950,0.02624227799969958,26.24227799969958
2951,0.022939249000046402,22.939249000046402
2952,0.027565658999719744,27.565658999719744
2953,0.02555794199997763,25.55794199997763
2954,0.022940039999866713,22.940039999866713
2955,0.02249794399995153,22.49794399995153
2956,0.028700144999675103,28.700144999675103
2957,0.0280183460004082,28.0183460004082
2958,0.023650884000289807,23.650884000289807
2959,0.022574440999960643,22.574440999960643
2960,0.034400514000026305,34.400514000026305
2961,0.02179386899979363,21.79386899979363
2962,0.0210686559998976,21.0686559998976
2963,0.020538827999644127,20.538827999644127
2964,0.033951329000046826,33.951329000046826
2965,0.02679290600008244,26.79290600008244
2966,0.021531427000354597,21.531427000354597
2967,0.021185493000302813,21.185493000302813
2968,0.03123601500010409,31.23601500010409
2969,0.02772667099998216,27.72667099998216
2970,0.021912690000135626,21.912690000135626
2971,0.02045424500010995,20.45424500010995
2972,0.030999395999970147,30.999395999970147
2973,0.028043784000146843,28.043784000146843
2974,0.020434470000054716,20.434470000054716
2975,0.02073707599993213,20.73707599993213
2976,0.02787343099998907,27.87343099998907
2977,0.031227755000145407,31.227755000145407
2978,0.0216210969997519,21.6210969997519
2979,0.02192622999973537,21.92622999973537
2980,0.027856965999944805,27.856965999944805
2981,0.030735057000129018,30.735057000129018
2982,0.023406356999657874,23.406356999657874
2983,0.021642472999701567,21.642472999701567
2984,0.030254848999902606,30.254848999902606
2985,0.027975684000011825,27.975684000011825
2986,0.02349750800021866,23.49750800021866
2987,0.02820396700008132,28.20396700008132
2988,0.03997657700028867,39.97657700028867
2989,0.023781365000104415,23.781365000104415
2990,0.023171432000253844,23.171432000253844
2991,0.023078200000327342,23.078200000327342
2992,0.03493208100007905,34.93208100007905
2993,0.027464267000141263,27.464267000141263
2994,0.022188460000052146,22.188460000052146
2995,0.0200793019998855,20.0793019998855
2996,0.029858394999791926,29.858394999791926
2997,0.02887946299961186,28.87946299961186
2998,0.02047852099985903,20.47852099985903
2999,0.020814620000237483,20.814620000237483
3000,0.027669460000197432,27.669460000197432
3001,0.030561902000044938,30.561902000044938
3002,0.021883297000385937,21.883297000385937
3003,0.02173161100017751,21.73161100017751
3004,0.027779419000125927,27.779419000125927
3005,0.031112872999983665,31.112872999983665
3006,0.022447967000061908,22.447967000061908
3007,0.020660201999817218,20.660201999817218
3008,0.02857806800011531,28.57806800011531
3009,0.03094243399982588,30.94243399982588
3010,0.022383031000117626,22.383031000117626
3011,0.021163104999686766,21.163104999686766
3012,0.03159919300014735,31.599193000147352
3013,0.02748217799990016,27.48217799990016
3014,0.0222728199996709,22.2728199996709
3015,0.025383207999766455,25.383207999766455
3016,0.031001765000382875,31.001765000382875
3017,0.02764598700014176,27.64598700014176
3018,0.021440824999899633,21.440824999899633
3019,0.02043712000022424,20.43712000022424
3020,0.029627989000346133,29.627989000346133
3021,0.02788343199972587,27.88343199972587
3022,0.020718693000162602,20.718693000162602
3023,0.02059168999994654,20.59168999994654
3024,0.02832441900000049,28.32441900000049
3025,0.0314108950001355,31.410895000135497
3026,0.02178320300026826,21.78320300026826
3027,0.021769283000139694,21.769283000139694
3028,0.03266036200011513,32.66036200011513
3029,0.022243972000069334,22.243972000069334
3030,0.02180843999985882,21.80843999985882
3031,0.021012104999954317,21.012104999954317
3032,0.0335887719998027,33.5887719998027
3033,0.02212237499998082,22.12237499998082
3034,0.020967796000149974,20.967796000149974
3035,0.021192139000049792,21.192139000049792
3036,0.0332170770002449,33.2170770002449
3037,0.026955847999943217,26.955847999943217
3038,0.0215494359999866,21.5494359999866
3039,0.021560180000051332,21.560180000051332
3040,0.03066966300002605,30.66966300002605
3041,0.02814527000009548,28.14527000009548
3042,0.02199524499974359,21.99524499974359
3043,0.02029244599998492,20.29244599998492
3044,0.02809375300012107,28.09375300012107
3045,0.0388279019998663,38.8279019998663
3046,0.031046143999901687,31.046143999901687
3047,0.02116273399997226,21.16273399997226
3048,0.03691022700013491,36.91022700013491
3049,0.0219646600003216,21.9646600003216
3050,0.02165309200017873,21.65309200017873
3051,0.021518990999993548,21.518990999993548
3052,0.03354960900014703,33.54960900014703
3053,0.027045846999953937,27.045846999953937
3054,0.02238947600017127,22.38947600017127
3055,0.021329961999981606,21.329961999981606
3056,0.03386950000003708,33.86950000003708
3057,0.027638937000119768,27.638937000119768
3058,0.02026111699979083,20.26111699979083
3059,0.02058891600017887,20.58891600017887
3060,0.03088986200009458,30.88986200009458
3061,0.026991510999778257,26.991510999778257
3062,0.02154183600032411,21.54183600032411
3063,0.020962700999916706,20.962700999916706
3064,0.0279229520001536,27.9229520001536
3065,0.028955535000022792,28.955535000022792
3066,0.02204635199996119,22.04635199996119
3067,0.020275921000120434,20.275921000120434
3068,0.03214177700010623,32.14177700010623
3069,0.02808082599995032,28.08082599995032
3070,0.0210096020000492,21.0096020000492
3071,0.02149405199998,21.49405199998
3072,0.03180667300011919,31.80667300011919
3073,0.02777578299992456,27.77578299992456
3074,0.02191039399986039,21.91039399986039
3075,0.021432244000152423,21.432244000152423
3076,0.026722358999904827,26.722358999904827
3077,0.03169044500009477,31.69044500009477
3078,0.022285985000053188,22.285985000053188
3079,0.021352410999952554,21.352410999952554
3080,0.028802588999951695,28.802588999951695
3081,0.0318118489999506,31.8118489999506
3082,0.022810344000390614,22.810344000390614
3083,0.021121665999999095,21.121665999999095
3084,0.03342040300003646,33.42040300003646
3085,0.027055229999859876,27.055229999859876
3086,0.021036558000105288,21.036558000105288
3087,0.020775386999957846,20.775386999957846
3088,0.02888309099989783,28.88309099989783
3089,0.028683338000064396,28.683338000064396
3090,0.021442006999677687,21.442006999677687
3091,0.020882194000023446,20.882194000023446
3092,0.027493629999753466,27.493629999753466
3093,0.029268284999943717,29.268284999943717
3094,0.022492691000024934,22.492691000024934
3095,0.023287289000109013,23.287289000109013
3096,0.030638070999884803,30.638070999884803
3097,0.027349417000095855,27.349417000095855
3098,0.023464904999855207,23.464904999855207
3099,0.023553527000331087,23.553527000331087
3100,0.03263882500004911,32.63882500004911
3101,0.02778716099965095,27.78716099965095
3102,0.02369910500010519,23.69910500010519
3103,0.02150727199978064,21.50727199978064
3104,0.030242095999710727,30.242095999710727
3105,0.027926151999963622,27.926151999963622
3106,0.022584522000215657,22.584522000215657
3107,0.022298690999832615,22.298690999832615
3108,0.03139912899996489,31.399128999964887
3109,0.026635715000338678,26.635715000338678
3110,0.023345454999798676,23.345454999798676
3111,0.023255630000221572,23.255630000221572
3112,0.03253109299976131,32.53109299976131
3113,0.02430433700010326,24.30433700010326
3114,0.023622489999979734,23.622489999979734
3115,0.026951151000048412,26.951151000048412
3116,0.030135812000025908,30.135812000025908
3117,0.02865008700018734,28.65008700018734
3118,0.02211859999988519,22.11859999988519
3119,0.022545627999988938,22.545627999988938
3120,0.03000033699981941,30.00033699981941
3121,0.02764506799985611,27.64506799985611
3122,0.023641484000108903,23.641484000108903
3123,0.025052799999684794,25.052799999684794
3124,0.045536543000253005,45.536543000253005
3125,0.025724224999976286,25.724224999976286
3126,0.03190351000012015,31.90351000012015
3127,0.024331696999979613,24.331696999979613
3128,0.04662614500011841,46.62614500011841
3129,0.029488920999938273,29.488920999938273
3130,0.022893415999988065,22.893415999988065
3131,0.023550308999801928,23.550308999801928
3132,0.036418991000118695,36.418991000118695
3133,0.025610585999856994,25.610585999856994
3134,0.02414187399972434,24.14187399972434
3135,0.027231914999902074,27.231914999902074
3136,0.042596617000072,42.596617000072
3137,0.03248428999995667,32.48428999995667
3138,0.023837915000058274,23.837915000058274
3139,0.023155786000188527,23.155786000188527
3140,0.0345551959999284,34.5551959999284
3141,0.027819063999686477,27.819063999686477
3142,0.022817325000232813,22.817325000232813
3143,0.02322726700003841,23.22726700003841
3144,0.0386665239998365,38.6665239998365
3145,0.023688182000114466,23.688182000114466
3146,0.022760837000078027,22.760837000078027
3147,0.022575958000288665,22.575958000288665
3148,0.02796877000037057,27.96877000037057
3149,0.0285916590000852,28.5916590000852
3150,0.02318392600000152,23.18392600000152
3151,0.021824414000093384,21.824414000093384
3152,0.033140131999971345,33.140131999971345
3153,0.030288271000245004,30.288271000245004
3154,0.026961117999690032,26.961117999690032
3155,0.025895665000007284,25.895665000007284
3156,0.027508187999956135,27.508187999956135
3157,0.03294711199987432,32.94711199987432
3158,0.02335606299993742,23.35606299993742
3159,0.023489953000080277,23.489953000080277
3160,0.029168294000101014,29.168294000101014
3161,0.02846448699983739,28.46448699983739
3162,0.023617123999883916,23.617123999883916
3163,0.02298782299976665,22.98782299976665
3164,0.029175574999953824,29.175574999953824
3165,0.028390573000251607,28.390573000251607
3166,0.022592110999994475,22.592110999994475
3167,0.022258904999944207,22.258904999944207
3168,0.028960496000308922,28.960496000308922
3169,0.02795613999978741,27.95613999978741
3170,0.02362930899971616,23.62930899971616
3171,0.023465064999982133,23.465064999982133
3172,0.02947031399980915,29.47031399980915
3173,0.02935099900014393,29.35099900014393
3174,0.024260850000246137,24.260850000246137
3175,0.021925937000105478,21.925937000105478
3176,0.031228967000060948,31.228967000060948
3177,0.027441078999800084,27.441078999800084
3178,0.02321229500012123,23.21229500012123
3179,0.022610726000038994,22.610726000038994
3180,0.027973164000286488,27.973164000286488
3181,0.022361073999945802,22.361073999945802
3182,0.022833044999970298,22.833044999970298
3183,0.022516273999826808,22.516273999826808
3184,0.030242935999922338,30.242935999922338
3185,0.028307727000083105,28.307727000083105
3186,0.02369816600003105,23.69816600003105
3187,0.02285969100012153,22.85969100012153
3188,0.03474392499992973,34.74392499992973
3189,0.024139249000199925,24.139249000199925
3190,0.023116434999792546,23.116434999792546
3191,0.02269148100003804,22.69148100003804
3192,0.026390877999801887,26.390877999801887
3193,0.03410792099975879,34.10792099975879
3194,0.02375588399991102,23.75588399991102
3195,0.023250862000168127,23.250862000168127
3196,0.02983983000012813,29.83983000012813
3197,0.02888235499995062,28.88235499995062
3198,0.023742867999771988,23.74286799977199
3199,0.02158850599971629,21.58850599971629
3200,0.03298509800015381,32.98509800015381
3201,0.02790973200035296,27.90973200035296
3202,0.02274359300008655,22.74359300008655
3203,0.02225956300026155,22.25956300026155
3204,0.03549204399996597,35.49204399996597
3205,0.024086538000119617,24.086538000119617
3206,0.02371233299982123,23.71233299982123
3207,0.023336652999660146,23.336652999660146
3208,0.034694838999712374,34.694838999712374
3209,0.02362047499991604,23.62047499991604
3210,0.025013978999595565,25.013978999595565
3211,0.023925325000163866,23.925325000163866
3212,0.03303958199967383,33.03958199967383
3213,0.09745271900010266,97.45271900010266
3214,0.04528230699997948,45.28230699997948
3215,0.022480856999663956,22.480856999663956
3216,0.0311422799995853,31.1422799995853
3217,0.027754021999953693,27.754021999953693
3218,0.022765804999835382,22.76580499983538
3219,0.02249686000004658,22.49686000004658
3220,0.02929205499958698,29.29205499958698
3221,0.028499061000275105,28.499061000275105
3222,0.02364926700010983,23.64926700010983
3223,0.023436517999925854,23.436517999925854
3224,0.030091323999840824,30.091323999840824
3225,0.023918703000163077,23.918703000163077
3226,0.022079130999827612,22.079130999827612
3227,0.02243595700019796,22.43595700019796
3228,0.032146904000001086,32.146904000001086
3229,0.02382920699983515,23.82920699983515
3230,0.023884109999926295,23.884109999926295
3231,0.023411498999848845,23.411498999848845
3232,0.031417271999998775,31.417271999998775
3233,0.023577479000323365,23.577479000323365
3234,0.02350735399977566,23.50735399977566
3235,0.022138596999866422,22.138596999866422
3236,0.03234811000038462,32.34811000038462
3237,0.024222339000061766,24.222339000061766
3238,0.02288905600016733,22.88905600016733
3239,0.022910450999916065,22.910450999916065
3240,0.02902511100000993,29.02511100000993
3241,0.023260510999989492,23.260510999989492
3242,0.022772959000121773,22.772959000121773
3243,0.02375534200018592,23.75534200018592
3244,0.030875559999913094,30.875559999913094
3245,0.023087525999926584,23.087525999926584
3246,0.023076994999883027,23.076994999883027
3247,0.021521422999740025,21.521422999740025
3248,0.030550360000233923,30.550360000233923
3249,0.02867995599990536,28.67995599990536
3250,0.022785747999932937,22.785747999932937
3251,0.022992200999851775,22.992200999851775
3252,0.026286834000075032,26.286834000075032
3253,0.032775591000245186,32.775591000245186
3254,0.02338113499990868,23.38113499990868
3255,0.022788321999996697,22.788321999996697
3256,0.027377544000046328,27.377544000046328
3257,0.02504968400035068,25.04968400035068
3258,0.022866335999879084,22.866335999879084
3259,0.02184912999973676,21.84912999973676
3260,0.030641686999842932,30.641686999842932
3261,0.028384270000060496,28.384270000060496
3262,0.02244588899975497,22.44588899975497
3263,0.023143684999922698,23.143684999922698
3264,0.0325241380000989,32.5241380000989
3265,0.023135409000133222,23.135409000133222
3266,0.024609779000002163,24.609779000002163
3267,0.023130215000037424,23.130215000037424
3268,0.027553416000046127,27.553416000046127
3269,0.02645010399965031,26.45010399965031
3270,0.023550462999992305,23.550462999992305
3271,0.021958482999707485,21.958482999707485
3272,0.031193097999675956,31.193097999675956
3273,0.024857894999968266,24.857894999968266
3274,0.022920946999875014,22.920946999875014
3275,0.023296374999972613,23.296374999972613
3276,0.03308014899994305,33.08014899994305
3277,0.023404909999953816,23.404909999953816
3278,0.025115120000009483,25.115120000009483
3279,0.024390970000240486,24.390970000240486
3280,0.029333936000057292,29.333936000057292
3281,0.031192268999802764,31.192268999802764
3282,0.0235748639997837,23.5748639997837
3283,0.02223073999994085,22.23073999994085
3284,0.0289103659997636,28.9103659997636
3285,0.028703025999675447,28.703025999675447
3286,0.022458521999851655,22.458521999851655
3287,0.02232712300019557,22.32712300019557
3288,0.028878721999717527,28.878721999717527
3289,0.02765069700035383,27.65069700035383
3290,0.023015094999664143,23.015094999664143
3291,0.023166011000284925,23.166011000284925
3292,0.034313471999666945,34.313471999666945
3293,0.027281847999802267,27.281847999802267
3294,0.023635385000034148,23.635385000034148
3295,0.021666537999863067,21.666537999863067
3296,0.03305337099982353,33.05337099982353
3297,0.02405957600012698,24.05957600012698
3298,0.023265268999693944,23.265268999693944
3299,0.023100278999663715,23.100278999663715
3300,0.040425671999855695,40.425671999855695
3301,0.02318559200011805,23.18559200011805
3302,0.022997569999915868,22.997569999915868
3303,0.02267873100026918,22.67873100026918
3304,0.025310966999768425,25.310966999768425
3305,0.030909325999800785,30.909325999800785
3306,0.02368883100007224,23.68883100007224
3307,0.022142165999866847,22.142165999866847
3308,0.0312702339997486,31.270233999748598
3309,0.02888754399964455,28.88754399964455
3310,0.022293762999652245,22.293762999652245
3311,0.022328975000164064,22.328975000164064
3312,0.030588329000238446,30.588329000238446
3313,0.027663415999995777,27.663415999995777
3314,0.023264054000264878,23.264054000264878
3315,0.023079565999978513,23.079565999978513
3316,0.029141945999981544,29.141945999981544
3317,0.03252426400013064,32.52426400013064
3318,0.024352459000056115,24.352459000056115
3319,0.02220495799974742,22.20495799974742
3320,0.027260954000212223,27.260954000212223
3321,0.025670921000255476,25.670921000255476
3322,0.02268120300004739,22.68120300004739
3323,0.02289834399971369,22.89834399971369
3324,0.033309830999769474,33.309830999769474
3325,0.023531835000085266,23.531835000085266
3326,0.023431368000274233,23.431368000274233
3327,0.023043439000048238,23.043439000048238
3328,0.025556507000146667,25.556507000146667
3329,0.034235517000070104,34.235517000070104
3330,0.02300297400006457,23.00297400006457
3331,0.02240388099971824,22.40388099971824
3332,0.025273972000377398,25.273972000377398
3333,0.03258225500030676,32.58225500030676
3334,0.02339847599978384,23.39847599978384
3335,0.022977356999945187,22.977356999945187
3336,0.02923377299975982,29.23377299975982
3337,0.029037676000370993,29.037676000370993
3338,0.023385326000152418,23.385326000152418
3339,0.02313592600012271,23.13592600012271
3340,0.028286316000048828,28.286316000048828
3341,0.029444833000070503,29.444833000070503
3342,0.023222289999921486,23.222289999921486
3343,0.021704035999846383,21.704035999846383
3344,0.03139860500004943,31.39860500004943
3345,0.028504251999947883,28.504251999947883
3346,0.022435000999848853,22.435000999848853
3347,0.02303867299997364,23.03867299997364
3348,0.03205385000001115,32.05385000001115
3349,0.02275538999992932,22.75538999992932
3350,0.02330076900034328,23.30076900034328
3351,0.023118945000078384,23.118945000078384
3352,0.02517554999985805,25.17554999985805
3353,0.032472393000261945,32.472393000261945
3354,0.023029478999887942,23.029478999887942
3355,0.022523934000219015,22.523934000219015
3356,0.03182916900004784,31.82916900004784
3357,0.026348507999955473,26.348507999955473
3358,0.023046945999794843,23.046945999794843
3359,0.023273352999694907,23.273352999694907
3360,0.02904374900026596,29.04374900026596
3361,0.02928609399987181,29.28609399987181
3362,0.023335075999966648,23.335075999966648
3363,0.02321209000001545,23.21209000001545
3364,0.029456300999754603,29.456300999754603
3365,0.028628637000110757,28.628637000110757
3366,0.023684794000018883,23.684794000018883
3367,0.022208306999800698,22.208306999800698
3368,0.028710588000194548,28.710588000194548
3369,0.03004279599963411,30.04279599963411
3370,0.02257179799971709,22.57179799971709
3371,0.022243429999889486,22.243429999889486
3372,0.029094024000187346,29.094024000187346
3373,0.027422961999945983,27.422961999945983
3374,0.02329121299999315,23.29121299999315
3375,0.025828799000009894,25.828799000009894
3376,0.044891167000059795,44.891167000059795
3377,0.023812892000023567,23.812892000023567
3378,0.023476735000258486,23.476735000258486
3379,0.02172901699987051,21.72901699987051
3380,0.03375448899987532,33.75448899987532
3381,0.028380830000060087,28.380830000060087
3382,0.02210687800015876,22.10687800015876
3383,0.022285092000402074,22.285092000402074
3384,0.029937481000160915,29.937481000160915
3385,0.026891913999861572,26.891913999861572
3386,0.02267821699979322,22.67821699979322
3387,0.022981353999966814,22.981353999966814
3388,0.028848747999745683,28.848747999745683
3389,0.028645805999985896,28.645805999985896
3390,0.023652066000067862,23.65206600006786
3391,0.022809303000030923,22.809303000030923
3392,0.025891309000144247,25.891309000144247
3393,0.03243981200012058,32.43981200012058
3394,0.022602030000143714,22.602030000143714
3395,0.022564644999874872,22.564644999874872
3396,0.03095884300000762,30.95884300000762
3397,0.026785974000176793,26.785974000176793
3398,0.022578866000003472,22.578866000003472
3399,0.02252139399979569,22.52139399979569
3400,0.03091649399993912,30.91649399993912
3401,0.027528019999863318,27.528019999863318
3402,0.025174590000005992,25.174590000005992
3403,0.022830912999779684,22.830912999779684
3404,0.028054971000074147,28.054971000074147
3405,0.025785161999920092,25.785161999920092
3406,0.022474397999758366,22.474397999758366
3407,0.022921100000075967,22.921100000075967
3408,0.03156552400014334,31.56552400014334
3409,0.026118553000287648,26.118553000287648
3410,0.023234836000028736,23.234836000028736
3411,0.024553870000090683,24.553870000090683
3412,0.02603459700003441,26.03459700003441
3413,0.035632990000067366,35.632990000067366
3414,0.023292727999887575,23.292727999887575
3415,0.02171181899984731,21.71181899984731
3416,0.025869807999697514,25.869807999697514
3417,0.03176135800003976,31.761358000039763
3418,0.022295975999895745,22.295975999895745
3419,0.022482373999991978,22.482373999991978
3420,0.029934804000276927,29.934804000276927
3421,0.028005611000025965,28.005611000025965
3422,0.02192498299973522,21.92498299973522
3423,0.02170535799996287,21.70535799996287
3424,0.03308187399989038,33.08187399989038
3425,0.027989793999950052,27.989793999950052
3426,0.021895041999869136,21.895041999869136
3427,0.020347720999779995,20.347720999779995
3428,0.03366214600009698,33.66214600009698
3429,0.028290762999858998,28.290762999859
3430,0.021488557999873592,21.488557999873592
3431,0.02086575300018012,20.86575300018012
3432,0.030928527000014583,30.928527000014583
3433,0.026183420000052138,26.183420000052138
3434,0.021196967999912886,21.196967999912886
3435,0.024106683999889356,24.106683999889356
3436,0.03094348800004809,30.94348800004809
3437,0.02723458099990239,27.23458099990239
3438,0.03299469900002805,32.99469900002805
3439,0.020758169000146154,20.758169000146154
3440,0.036884389000078954,36.884389000078954
3441,0.022696360999816534,22.696360999816534
3442,0.021515952000299876,21.515952000299876
3443,0.02155220799977542,21.55220799977542
3444,0.03034615400019902,30.34615400019902
3445,0.024021955000080197,24.021955000080197
3446,0.0210443179998947,21.0443179998947
3447,0.020892065000225557,20.892065000225557
3448,0.03040763099988908,30.40763099988908
3449,0.026884677999987616,26.884677999987616
3450,0.021798119000322913,21.798119000322913
3451,0.02047918900007062,20.47918900007062
3452,0.059171492000132275,59.171492000132275
3453,0.028773767000075168,28.773767000075168
3454,0.030144039999868255,30.144039999868255
3455,0.030527825999797642,30.527825999797642
3456,0.04425021499991999,44.25021499991999
3457,0.02146165199974348,21.46165199974348
3458,0.022023945000000822,22.023945000000822
3459,0.029234850000193546,29.234850000193546
3460,0.03399702599972443,33.99702599972443
3461,0.03333417300018482,33.33417300018482
3462,0.030166760999691178,30.166760999691178
3463,0.020942127000125765,20.942127000125765
3464,0.03258894600003259,32.58894600003259
3465,0.03138474600018526,31.38474600018526
3466,0.021492294000381662,21.492294000381662
3467,0.021077655000226514,21.077655000226514
3468,0.0332555830000274,33.2555830000274
3469,0.027088069999990694,27.088069999990694
3470,0.02103814500014778,21.03814500014778
3471,0.021987265999996453,21.987265999996453
3472,0.03241881500025556,32.41881500025556
3473,0.0269198129999495,26.9198129999495
3474,0.022036091000245506,22.036091000245506
3475,0.019908419999865146,19.908419999865146
3476,0.02708471300002202,27.08471300002202
3477,0.02849851300015871,28.49851300015871
3478,0.02146494899989193,21.46494899989193
3479,0.02129653799966036,21.29653799966036
3480,0.03751376299987896,37.51376299987896
3481,0.021531646999847,21.531646999847
3482,0.021381302000008873,21.381302000008873
3483,0.0217801970002256,21.7801970002256
3484,0.051654121999945346,51.654121999945346
3485,0.021177545999762515,21.177545999762515
3486,0.02104974499980017,21.04974499980017
3487,0.020652314000017213,20.652314000017213
3488,0.03302958100039177,33.02958100039177
3489,0.028821595999943384,28.821595999943384
3490,0.0205415840000569,20.5415840000569
3491,0.021283604000018386,21.283604000018386
3492,0.03495186200007083,34.95186200007083
3493,0.02627773599988359,26.27773599988359
3494,0.0218687299998237,21.8687299998237
3495,0.02166102099999989,21.66102099999989
3496,0.03572066200013069,35.72066200013069
3497,0.02903956299996935,29.03956299996935
3498,0.023091551000106847,23.091551000106847
3499,0.025736995999977808,25.736995999977808
3500,0.025729595000029803,25.729595000029803
3501,0.03480410300016956,34.80410300016956
3502,0.022763744999792834,22.763744999792834
3503,0.022380174999852898,22.380174999852898
3504,0.025984891000007337,25.984891000007337
3505,0.030344054000124743,30.344054000124743
3506,0.0233092729999953,23.3092729999953
3507,0.02319140300005529,23.19140300005529
3508,0.02950568200003545,29.50568200003545
3509,0.02923224799997115,29.23224799997115
3510,0.02370112800008428,23.70112800008428
3511,0.02153789299973141,21.53789299973141
3512,0.028356399999665882,28.356399999665882
3513,0.02874246300007144,28.74246300007144
3514,0.022770223999941663,22.770223999941663
3515,0.02231244799986598,22.31244799986598
3516,0.028689915999621007,28.689915999621007
3517,0.028198961000271083,28.198961000271083
3518,0.023349846999735746,23.349846999735746
3519,0.023186467999948945,23.186467999948945
3520,0.028813737999826117,28.813737999826117
3521,0.028925336999691353,28.925336999691353
3522,0.023698741999851336,23.698741999851336
3523,0.022150069999952393,22.150069999952393
3524,0.028711208999993687,28.711208999993687
3525,0.028352889999951003,28.352889999951003
3526,0.022530584999913117,22.530584999913117
3527,0.02223367100032192,22.23367100032192
3528,0.028591407000021718,28.591407000021718
3529,0.027286014999845065,27.286014999845065
3530,0.022712000999945303,22.712000999945303
3531,0.023065118999966217,23.065118999966217
3532,0.02976897500002451,29.76897500002451
3533,0.02841733800005386,28.41733800005386
3534,0.02354485600017142,23.54485600017142
3535,0.02215365700021721,22.15365700021721
3536,0.029588414000045304,29.588414000045304
3537,0.028911977000007028,28.911977000007028
3538,0.022526018999997177,22.526018999997177
3539,0.022251322000101936,22.251322000101936
3540,0.02904358299974774,29.04358299974774
3541,0.02805609999995795,28.05609999995795
3542,0.02529512800037992,25.29512800037992
3543,0.02453866200039556,24.53866200039556
3544,0.04067087800012814,40.67087800012814
3545,0.023698012999830098,23.698012999830098
3546,0.023453969999991386,23.453969999991386
3547,0.022825770000054035,22.825770000054035
3548,0.028121298999849387,28.121298999849387
3549,0.029638846999660018,29.638846999660018
3550,0.022715224999956263,22.715224999956263
3551,0.02233106099993165,22.33106099993165
3552,0.02861997500031066,28.61997500031066
3553,0.028443165999760822,28.443165999760822
3554,0.02339451999978337,23.39451999978337
3555,0.023116633999961778,23.116633999961778
3556,0.028344906000256742,28.344906000256742
3557,0.028771151999990252,28.771151999990252
3558,0.023747387000184972,23.747387000184972
3559,0.021865530000013678,21.865530000013678
3560,0.028376072000355634,28.376072000355634
3561,0.02813312499984022,28.13312499984022
3562,0.022096478000094066,22.096478000094066
3563,0.022236788000100205,22.236788000100205
3564,0.02962567399981708,29.62567399981708
3565,0.030075925999881292,30.075925999881292
3566,0.023290233999887278,23.290233999887278
3567,0.023188113000287558,23.188113000287558
3568,0.02995664600030068,29.95664600030068
3569,0.028423634999853675,28.423634999853675
3570,0.023557037000045966,23.557037000045966
3571,0.02161445799993089,21.61445799993089
3572,0.02935677300001771,29.35677300001771
3573,0.028483452000273246,28.483452000273246
3574,0.021935629999916273,21.935629999916273
3575,0.022255713000049582,22.25571300004958
3576,0.029779350999888266,29.779350999888266
3577,0.027827530999729788,27.827530999729788
3578,0.023567257999729918,23.567257999729918
3579,0.02312241499976153,23.12241499976153
3580,0.03031057999987752,30.31057999987752
3581,0.028337012000065442,28.337012000065442
3582,0.023662642000090273,23.662642000090273
3583,0.022369042000264017,22.369042000264017
3584,0.03155423200041696,31.55423200041696
3585,0.025756258000001253,25.756258000001253
3586,0.022468881999884616,22.468881999884616
3587,0.022979878000114695,22.979878000114695
3588,0.027882343999863224,27.882343999863224
3589,0.026426947999880213,26.426947999880213
3590,0.022755076000066765,22.755076000066765
3591,0.022582602000056795,22.582602000056795
3592,0.028367862999857607,28.367862999857607
3593,0.029430805999709264,29.430805999709264
3594,0.023656271000163542,23.656271000163542
3595,0.02159612300010849,21.59612300010849
3596,0.03463155100007498,34.63155100007498
3597,0.024958571999832202,24.958571999832202
3598,0.022536586000114767,22.536586000114767
3599,0.02227533699988271,22.27533699988271
3600,0.03424103699990155,34.24103699990155
3601,0.022890194000410702,22.890194000410702
3602,0.023277218000202993,23.277218000202993
3603,0.023174376000042685,23.174376000042685
3604,0.02782547499964494,27.82547499964494
3605,0.026729160000286356,26.729160000286356
3606,0.02364699399959136,23.64699399959136
3607,0.022164338000038697,22.164338000038697
3608,0.03191701700006888,31.91701700006888
3609,0.024013369999920542,24.013369999920542
3610,0.02361612000004243,23.61612000004243
3611,0.02291169300042384,22.91169300042384
3612,0.027796029999990424,27.796029999990424
3613,0.02619649500002197,26.19649500002197
3614,0.02515475099971809,25.15475099971809
3615,0.02383080899971901,23.83080899971901
3616,0.04227787499985425,42.27787499985425
3617,0.027662898000016867,27.662898000016867
3618,0.026687215000038123,26.687215000038123
3619,0.025576805000127933,25.576805000127933
3620,0.0263371470000493,26.3371470000493
3621,0.03068239000003814,30.68239000003814
3622,0.022568374000002223,22.568374000002223
3623,0.022911475999990216,22.911475999990216
3624,0.028709391000120377,28.709391000120377
3625,0.02958061000026646,29.58061000026646
3626,0.023725142999865056,23.725142999865056
3627,0.023303382999984024,23.303382999984024
3628,0.02866765300041152,28.66765300041152
3629,0.028366891000132455,28.366891000132455
3630,0.02391956300016318,23.91956300016318
3631,0.021738962000199535,21.738962000199535
3632,0.028300252000008186,28.300252000008186
3633,0.028720673999941937,28.720673999941937
3634,0.02207119100012278,22.07119100012278
3635,0.022212253999896348,22.212253999896348
3636,0.028748707999966427,28.748707999966427
3637,0.028190690999963408,28.190690999963408
3638,0.02335563299993737,23.35563299993737
3639,0.023376912000003358,23.376912000003358
3640,0.02875528699996721,28.75528699996721
3641,0.02826057199990828,28.26057199990828
3642,0.023597214000346867,23.597214000346867
3643,0.021483570999862422,21.483570999862422
3644,0.02847790099986014,28.47790099986014
3645,0.028251049000118655,28.251049000118655
3646,0.022267533000103867,22.267533000103867
3647,0.022200641999916115,22.200641999916115
3648,0.02863319700009015,28.63319700009015
3649,0.02879496100013057,28.79496100013057
3650,0.023509020999881614,23.509020999881614
3651,0.023257266000200616,23.257266000200616
3652,0.032292949999828124,32.292949999828124
3653,0.031343829999968875,31.343829999968875
3654,0.027186703000097623,27.186703000097623
3655,0.022048268000162352,22.048268000162352
3656,0.027354351000212773,27.354351000212773
3657,0.03038465300005555,30.38465300005555
3658,0.022105879000264395,22.105879000264395
3659,0.022305549000066094,22.305549000066094
3660,0.030707884000094054,30.707884000094054
3661,0.027570542999910685,27.570542999910685
3662,0.02322559200001706,23.22559200001706
3663,0.026093823999872257,26.093823999872257
3664,0.03345844400018905,33.45844400018905
3665,0.027103228999749263,27.103228999749263
3666,0.022136921000310394,22.136921000310394
3667,0.02027885300003618,20.27885300003618
3668,0.03379088800011232,33.79088800011232
3669,0.02744253499986371,27.44253499986371
3670,0.020857678999618656,20.857678999618656
3671,0.020835754000017914,20.835754000017914
3672,0.030851582000195776,30.851582000195776
3673,0.027127880999614717,27.127880999614717
3674,0.021390042999883008,21.390042999883008
3675,0.020763350000379432,20.763350000379432
3676,0.02695753699981651,26.95753699981651
3677,0.03120353999975123,31.20353999975123
3678,0.02214562700009992,22.14562700009992
3679,0.02030491699997583,20.30491699997583
3680,0.027901245999601088,27.901245999601088
3681,0.030334235999816883,30.334235999816883
3682,0.021707438000248658,21.707438000248658
3683,0.021113916000103927,21.113916000103927
3684,0.030461114999980055,30.461114999980055
3685,0.02150640200034104,21.50640200034104
3686,0.021107160000156,21.107160000156
3687,0.020995667000079266,20.995667000079266
3688,0.032141615000000456,32.141615000000456
3689,0.027109580999876925,27.109580999876925
3690,0.021380757999850175,21.380757999850175
3691,0.019796092999968096,19.796092999968096
3692,0.030327999999826716,30.327999999826716
3693,0.028362384000047314,28.362384000047314
3694,0.021846587999789335,21.846587999789335
3695,0.022718384000199876,22.718384000199876
3696,0.03193138699998599,31.93138699998599
3697,0.027496614000028785,27.496614000028785
3698,0.02146736900022006,21.46736900022006
3699,0.02104511100014861,21.04511100014861
3700,0.02717124499986312,27.17124499986312
3701,0.03033642599984887,30.33642599984887
3702,0.02170701100021688,21.70701100021688
3703,0.020424499999990076,20.424499999990076
3704,0.02783619699994233,27.83619699994233
3705,0.031232865999754722,31.232865999754722
3706,0.02135065000038594,21.35065000038594
3707,0.02134123299993007,21.34123299993007
3708,0.02837973299983787,28.37973299983787
3709,0.029653571999915584,29.653571999915584
3710,0.021467247000146017,21.467247000146017
3711,0.021462876999976288,21.462876999976288
3712,0.04004916100029732,40.04916100029732
3713,0.03726711599983901,37.26711599983901
3714,0.021705267000015738,21.705267000015738
3715,0.021559423999860883,21.559423999860883
3716,0.027189127999918128,27.189127999918128
3717,0.031034063999868522,31.034063999868522
3718,0.021571894999851793,21.571894999851793
3719,0.021333199000309833,21.333199000309833
3720,0.028005321999899024,28.005321999899024
3721,0.029568500999630487,29.568500999630487
3722,0.02165823699988323,21.65823699988323
3723,0.02161505199956082,21.61505199956082
3724,0.027772767999977077,27.772767999977077
3725,0.0317247220000354,31.7247220000354
3726,0.022237251999740693,22.237251999740693
3727,0.021141428999726486,21.141428999726486
3728,0.028190735000407585,28.190735000407585
3729,0.03421220900008848,34.21220900008848
3730,0.02158339400011755,21.58339400011755
3731,0.02101542399987011,21.01542399987011
3732,0.03051502199969036,30.51502199969036
3733,0.027854303999902186,27.854303999902186
3734,0.0211001339998802,21.1001339998802
3735,0.022336160000122618,22.336160000122618
3736,0.025471264000316296,25.471264000316296
3737,0.031648423000206094,31.648423000206094
3738,0.021971239999857062,21.97123999985706
3739,0.020500128000094264,20.500128000094264
3740,0.028635567000037554,28.635567000037554
3741,0.031202349000068352,31.202349000068352
3742,0.021091898000122455,21.091898000122455
3743,0.021211436000157846,21.211436000157846
3744,0.028138034000221523,28.138034000221523
3745,0.029552766000051633,29.552766000051633
3746,0.022304276000340906,22.304276000340906
3747,0.02169882599991979,21.69882599991979
3748,0.03414018600005875,34.14018600005875
3749,0.027646427000036056,27.646427000036056
3750,0.0213804270001674,21.3804270001674
3751,0.020195738000438723,20.195738000438723
3752,0.027610029999777908,27.610029999777908
3753,0.03328695499976675,33.28695499976675
3754,0.021369077000144898,21.369077000144898
3755,0.02126859500003775,21.26859500003775
3756,0.02841317499996876,28.41317499996876
3757,0.02999409199992442,29.99409199992442
3758,0.021581148999757716,21.581148999757716
3759,0.021458316999996896,21.458316999996896
3760,0.029598405999877286,29.598405999877286
3761,0.022044972000003327,22.044972000003327
3762,0.021800962000270374,21.800962000270374
3763,0.024112446999879467,24.112446999879467
3764,0.033434764000048744,33.434764000048744
3765,0.02187226899968664,21.87226899968664
3766,0.020907710999836127,20.907710999836127
3767,0.020635102999676747,20.635102999676747
3768,0.031314032999944175,31.314032999944175
3769,0.026321723999899405,26.321723999899405
3770,0.021738767999977426,21.738767999977426
3771,0.021408591000181332,21.40859100018133
3772,0.026810672000010527,26.810672000010527
3773,0.030806919999577076,30.806919999577076
3774,0.02173668399973394,21.73668399973394
3775,0.02058346600006189,20.58346600006189
3776,0.027523034999830998,27.523034999830998
3777,0.03172196299965435,31.72196299965435
3778,0.021623302000080002,21.623302000080002
3779,0.021162400000321213,21.162400000321213
3780,0.028059158999894862,28.059158999894862
3781,0.03123151699992377,31.23151699992377
3782,0.021437756000068475,21.437756000068475
3783,0.021419223000066268,21.419223000066268
3784,0.02801814500026012,28.01814500026012
3785,0.03034761900016747,30.34761900016747
3786,0.021799933999773202,21.799933999773202
3787,0.021273181000196928,21.273181000196928
3788,0.02814493100004256,28.14493100004256
3789,0.030756850000216218,30.756850000216218
3790,0.028602776000298036,28.602776000298036
3791,0.028947261000212166,28.947261000212166
3792,0.07485041700010697,74.85041700010697
3793,0.027589768999860098,27.589768999860098
3794,0.033783318999667244,33.783318999667244
3795,0.03389018699999724,33.89018699999724
3796,0.042739668999729474,42.739668999729474
3797,0.021784318999834795,21.784318999834795
3798,0.02107149700032096,21.07149700032096
3799,0.02725810600031764,27.25810600031764
3800,0.02925076799965609,29.25076799965609
3801,0.04052239100019506,40.52239100019506
3802,0.032389742999839655,32.389742999839655
3803,0.021797430000333406,21.797430000333406
3804,0.03622697500031791,36.22697500031791
3805,0.02571034399989003,25.71034399989003
3806,0.02127926799994384,21.27926799994384
3807,0.021322344000054727,21.322344000054727
3808,0.03018348200021137,30.18348200021137
3809,0.027250641000136966,27.250641000136966
3810,0.02200958499997796,22.00958499997796
3811,0.020340431000022363,20.340431000022363
3812,0.03045551599961982,30.45551599961982
3813,0.028669424999861803,28.669424999861803
3814,0.02268369300008999,22.68369300008999
3815,0.021593024999674526,21.593024999674526
3816,0.029234095999981946,29.234095999981946
3817,0.029080264999720384,29.080264999720384
3818,0.02104790699968362,21.04790699968362
3819,0.021132529999704275,21.132529999704275
3820,0.03436905500029752,34.36905500029752
3821,0.03450020400032372,34.50020400032372
3822,0.022321959999771934,22.321959999771934
3823,0.020833313999901293,20.833313999901293
3824,0.0339039599998614,33.9039599998614
3825,0.023291836000225885,23.291836000225885
3826,0.023828643999877386,23.828643999877386
3827,0.021033769000041502,21.033769000041502
3828,0.034404534000259446,34.404534000259446
3829,0.021004420000281243,21.004420000281243
3830,0.020934242000294034,20.934242000294034
3831,0.02120898999964993,21.20898999964993
3832,0.0318662980002955,31.8662980002955
3833,0.027687424999840005,27.687424999840005
3834,0.022513916999741923,22.513916999741923
3835,0.02081100100031108,20.81100100031108
3836,0.032190819999868836,32.190819999868836
3837,0.027692671999830054,27.692671999830054
3838,0.021161871000003885,21.161871000003885
3839,0.021298861000104807,21.298861000104807
3840,0.030654962999960844,30.654962999960844
3841,0.02697753600023134,26.97753600023134
3842,0.021136128000307508,21.136128000307508
3843,0.020923046999996586,20.923046999996586
3844,0.026774797000143735,26.774797000143735
3845,0.030364330999873346,30.364330999873346
3846,0.022752514000330848,22.752514000330848
3847,0.021431070000289765,21.431070000289765
3848,0.02784704999976384,27.84704999976384
3849,0.03089585799989436,30.89585799989436
3850,0.0209341550003046,20.9341550003046
3851,0.021171247999973275,21.171247999973275
3852,0.03689518299961492,36.89518299961492
3853,0.022769536999931006,22.769536999931006
3854,0.021519994000300358,21.519994000300358
3855,0.02170066600001519,21.70066600001519
3856,0.03920979700023963,39.20979700023963
3857,0.02149357100006455,21.49357100006455
3858,0.02129685599993536,21.29685599993536
3859,0.020607487999768637,20.607487999768637
3860,0.039715474999866274,39.715474999866274
3861,0.02221146400006546,22.21146400006546
3862,0.02115568199997142,21.15568199997142
3863,0.022030653999991046,22.030653999991046
3864,0.03993133000039961,39.93133000039961
3865,0.021713584999815794,21.713584999815794
3866,0.02137287200002902,21.37287200002902
3867,0.0217044889996032,21.7044889996032
3868,0.03762061099996572,37.62061099996572
3869,0.02196637900033238,21.96637900033238
3870,0.02137520099995527,21.37520099995527
3871,0.01991796299989801,19.91796299989801
3872,0.0343686119999802,34.3686119999802
3873,0.02455890500004898,24.55890500004898
3874,0.021189822999986063,21.189822999986063
3875,0.021134637000159273,21.134637000159273
3876,0.033481819000371615,33.481819000371615
3877,0.027473021999867342,27.473021999867342
3878,0.021430071999930078,21.430071999930078
3879,0.021450163000281464,21.450163000281464
3880,0.03308800499962672,33.08800499962672
3881,0.04075003900015872,40.75003900015872
3882,0.025873951999983547,25.873951999983547
3883,0.020488887999817962,20.488887999817962
3884,0.03161489000012807,31.61489000012807
3885,0.02993542400008664,29.93542400008664
3886,0.0439419290000842,43.9419290000842
3887,0.02048125400006029,20.48125400006029
3888,0.03285204399981012,32.85204399981012
3889,0.028959483000107866,28.959483000107866
3890,0.021986140000080923,21.986140000080923
3891,0.021148618000097485,21.148618000097485
3892,0.03266065499974502,32.66065499974502
3893,0.027384213999994245,27.384213999994245
3894,0.021874952999951347,21.874952999951347
3895,0.020510482999725355,20.510482999725355
3896,0.0319966930001101,31.9966930001101
3897,0.027330412000083015,27.330412000083015
3898,0.020461074000195367,20.461074000195367
3899,0.020638847000100213,20.638847000100213
3900,0.02759694299993498,27.59694299993498
3901,0.029557449000094493,29.557449000094493
3902,0.021724089999679563,21.724089999679563
3903,0.021366888000102335,21.366888000102335
3904,0.027951842999755172,27.951842999755172
3905,0.030554029000086302,30.554029000086302
3906,0.022105588000158605,22.105588000158605
3907,0.021073796000109724,21.073796000109724
3908,0.02790650100041603,27.90650100041603
3909,0.029751219999980094,29.751219999980094
3910,0.021027074999892648,21.027074999892648
3911,0.02166232600029616,21.66232600029616
3912,0.03020176599966362,30.20176599966362
3913,0.025923833999968338,25.923833999968338
3914,0.021537708999858296,21.537708999858296
3915,0.02083786900038831,20.83786900038831
3916,0.03602777200012497,36.02777200012497
3917,0.021709354999984498,21.709354999984498
3918,0.02142448399990826,21.42448399990826
3919,0.019703933000073448,19.703933000073448
3920,0.03306128299982447,33.06128299982447
3921,0.027437554999778513,27.437554999778513
3922,0.02167996599973776,21.67996599973776
3923,0.021680466999896453,21.680466999896453
3924,0.033519549000175175,33.519549000175175
3925,0.02742680199980896,27.42680199980896
3926,0.021571808000317105,21.571808000317105
3927,0.021455637000144634,21.455637000144634
3928,0.032571974999882514,32.571974999882514
3929,0.026648937000118167,26.648937000118167
3930,0.021388543999819376,21.388543999819376
3931,0.019919481000215455,19.919481000215455
3932,0.02893004799989285,28.93004799989285
3933,0.03008622800007288,30.08622800007288
3934,0.021849899000244477,21.849899000244477
3935,0.0215930809999918,21.5930809999918
3936,0.0312051630003225,31.2051630003225
3937,0.027336589000242384,27.336589000242384
3938,0.02158005499995852,21.58005499995852
3939,0.021754510999926424,21.754510999926424
3940,0.027734975999919698,27.734975999919698
3941,0.02860396899995976,28.60396899995976
3942,0.02124931399976049,21.24931399976049
3943,0.02010147800001505,20.10147800001505
3944,0.028872881999632227,28.872881999632227
3945,0.022260969999933877,22.260969999933877
3946,0.020964786999684293,20.964786999684293
3947,0.020613962999959767,20.613962999959767
3948,0.03335989100014558,33.35989100014558
3949,0.026295354000012594,26.295354000012594
3950,0.03195058900018921,31.95058900018921
3951,0.028464703000281588,28.464703000281588
3952,0.05078787000002194,50.78787000002194
3953,0.023207898999771714,23.207898999771714
3954,0.02524189199993998,25.24189199993998
3955,0.027712437999980466,27.712437999980466
3956,0.03840960700017604,38.40960700017604
3957,0.023430660000030912,23.43066000003091
3958,0.02177976499979195,21.77976499979195
3959,0.022366478000094503,22.366478000094503
3960,0.025985711999965133,25.985711999965133
3961,0.03249211700040178,32.49211700040178
3962,0.023459575999822846,23.459575999822846
3963,0.02304019099983634,23.04019099983634
3964,0.03654295699971044,36.54295699971044
3965,0.02549595499976931,25.49595499976931
3966,0.022990119999576564,22.990119999576564
3967,0.0218873829999211,21.8873829999211
3968,0.03249240000013742,32.49240000013742
3969,0.02301839600022504,23.01839600022504
3970,0.02183351300027425,21.83351300027425
3971,0.02223471800016341,22.23471800016341
3972,0.03369972800010146,33.69972800010146
3973,0.02330853900002694,23.30853900002694
3974,0.024174648000098387,24.174648000098387
3975,0.02337068199994974,23.37068199994974
3976,0.027507531000082963,27.507531000082963
3977,0.02667044200006785,26.67044200006785
3978,0.023897472000044218,23.897472000044218
3979,0.022611530000176572,22.61153000017657
3980,0.031137848000071244,31.137848000071244
3981,0.02403488700019807,24.03488700019807
3982,0.022362000000157423,22.362000000157423
3983,0.022634999999809224,22.634999999809224
3984,0.031239021999681427,31.239021999681427
3985,0.02300981700000193,23.00981700000193
3986,0.023455510000076174,23.455510000076174
3987,0.030432711000230483,30.432711000230483
3988,0.03702821100023357,37.02821100023357
3989,0.02631977700002608,26.31977700002608
3990,0.021236334000150237,21.236334000150237
3991,0.019833543000004283,19.833543000004283
3992,0.0290638989999934,29.0638989999934
3993,0.03003679999983433,30.03679999983433
3994,0.02230886000006649,22.30886000006649
3995,0.021759404000022187,21.759404000022187
3996,0.030768097000418493,30.768097000418493
3997,0.030143900999973994,30.143900999973994
3998,0.021723211999869818,21.723211999869818
3999,0.020887139000024035,20.887139000024035
4000,0.02835361000006742,28.35361000006742
4001,0.02867484200032777,28.67484200032777
4002,0.021605728999929852,21.605728999929852
4003,0.02024076799989416,20.24076799989416
4004,0.027858571999786363,27.858571999786363
4005,0.03032719700013331,30.32719700013331
4006,0.021841971999947418,21.84197199994742
4007,0.021063241999854654,21.063241999854654
4008,0.028762255999936315,28.762255999936315
4009,0.030612304999976914,30.612304999976914
4010,0.02166997500034995,21.66997500034995
4011,0.021418155999981536,21.418155999981536
4012,0.0343311410001661,34.3311410001661
4013,0.022498382999856403,22.498382999856403
4014,0.021791423999729886,21.791423999729886
4015,0.021736834999956045,21.736834999956045
4016,0.026969617000304424,26.969617000304424
4017,0.03391611999995803,33.91611999995803
4018,0.02106801899981292,21.06801899981292
4019,0.021047310000085417,21.047310000085417
4020,0.033330929999920045,33.330929999920045
4021,0.023838349000016024,23.838349000016024
4022,0.021342310999898473,21.342310999898473
4023,0.021039580999968166,21.039580999968166
4024,0.03279395400022622,32.79395400022622
4025,0.026691307999954006,26.691307999954006
4026,0.02216700700000729,22.16700700000729
4027,0.020946787999946537,20.946787999946537
4028,0.03320010800007367,33.20010800007367
4029,0.028171439999823633,28.171439999823633
4030,0.02109647900033451,21.09647900033451
4031,0.021082817999740655,21.082817999740655
4032,0.030704968999998528,30.704968999998528
4033,0.026498856999751297,26.498856999751297
4034,0.02121408800030622,21.21408800030622
4035,0.020903487000396126,20.903487000396126
4036,0.028825051999774587,28.825051999774587
4037,0.021654464000221196,21.654464000221196
4038,0.02193684099984239,21.93684099984239
4039,0.020616498999970645,20.616498999970645
4040,0.03294026699995811,32.94026699995811
4041,0.027583290000166016,27.583290000166016
4042,0.021514843000204564,21.514843000204564
4043,0.021166646999972727,21.166646999972727
4044,0.035198588999719504,35.198588999719504
4045,0.026002510000125767,26.002510000125767
4046,0.026995330000318063,26.995330000318063
4047,0.03124093399992489,31.24093399992489
4048,0.031497816999944916,31.497816999944916
4049,0.03278713000008793,32.78713000008793
4050,0.021592589000192675,21.592589000192675
4051,0.02001753100012138,20.01753100012138
4052,0.03493092799999431,34.93092799999431
4053,0.0242748250002478,24.2748250002478
4054,0.021707645999867964,21.707645999867964
4055,0.022337696000249707,22.337696000249707
4056,0.034737284000129875,34.737284000129875
4057,0.022945730999708758,22.945730999708758
4058,0.021598097999685706,21.598097999685706
4059,0.021462929000335862,21.462929000335862
4060,0.0332863600001474,33.2863600001474
4061,0.027445317000001523,27.445317000001523
4062,0.021888689999741473,21.888689999741473
4063,0.020014798000374867,20.014798000374867
4064,0.030446496999957162,30.446496999957162
4065,0.027233283999976265,27.233283999976265
4066,0.020290627999656863,20.290627999656863
4067,0.020642471999963163,20.642471999963163
4068,0.03171416199984378,31.714161999843782
4069,0.02096980700025597,20.96980700025597
4070,0.021515910000289296,21.515910000289296
4071,0.02159058000006553,21.59058000006553
4072,0.03377059400008875,33.77059400008875
4073,0.02618196799994621,26.18196799994621
4074,0.02180518300019685,21.80518300019685
4075,0.020615583000108018,20.615583000108018
4076,0.03476333299977341,34.76333299977341
4077,0.02558059900002263,25.58059900002263
4078,0.021254720999877463,21.254720999877463
4079,0.02109296800017546,21.09296800017546
4080,0.03348481000011816,33.48481000011816
4081,0.026440670999818394,26.440670999818394
4082,0.021746554999936052,21.746554999936052
4083,0.02109612100002778,21.09612100002778
4084,0.03353342399987014,33.53342399987014
4085,0.02641079200020613,26.41079200020613
4086,0.021304122999936226,21.304122999936226
4087,0.020073782000054052,20.073782000054052
4088,0.02875869599984071,28.75869599984071
4089,0.029162148000068555,29.162148000068555
4090,0.020837645000028715,20.837645000028715
4091,0.021421264000309748,21.421264000309748
4092,0.03214880699988498,32.14880699988498
4093,0.0272789619998548,27.2789619998548
4094,0.021565869999903953,21.565869999903953
4095,0.021421224000278016,21.421224000278016
4096,0.027382262999708473,27.382262999708473
4097,0.031020811999951547,31.020811999951547
4098,0.02207689999977447,22.07689999977447
4099,0.021683756000129506,21.683756000129506
4100,0.026908700999683788,26.908700999683788
4101,0.03363970700002028,33.63970700002028
4102,0.0207563939998181,20.7563939998181
4103,0.021445650999794452,21.445650999794452
4104,0.02826510299973961,28.26510299973961
4105,0.03028677400016022,30.28677400016022
4106,0.021515207999982522,21.515207999982522
4107,0.021580185000402707,21.580185000402707
4108,0.02874569599998722,28.74569599998722
4109,0.030702953999934834,30.702953999934834
4110,0.021904392000124062,21.904392000124062
4111,0.020619790999717225,20.619790999717225
4112,0.02838131099997554,28.38131099997554
4113,0.030826790999981313,30.826790999981313
4114,0.020730874000037147,20.730874000037147
4115,0.0211066749998281,21.1066749998281
4116,0.03118785900005605,31.18785900005605
4117,0.02112657300040155,21.12657300040155
4118,0.02100868299976355,21.00868299976355
4119,0.021727266000198142,21.727266000198142
4120,0.02242338699988977,22.42338699988977
4121,0.03311955799972566,33.11955799972566
4122,0.021874682999623474,21.874682999623474
4123,0.02152651100004732,21.52651100004732
4124,0.032228592000137724,32.22859200013772
4125,0.05843337700025586,58.43337700025586
4126,0.02602544499995929,26.02544499995929
4127,0.025611885000216716,25.611885000216716
4128,0.04469458699986717,44.69458699986717
4129,0.022495773999708035,22.495773999708035
4130,0.023057940999933635,23.057940999933635
4131,0.022976867000124912,22.976867000124912
4132,0.044659304000106204,44.659304000106204
4133,0.025079455000195594,25.079455000195594
4134,0.025271538000197324,25.271538000197324
4135,0.022281701000338217,22.281701000338217
4136,0.03742349100002684,37.42349100002684
4137,0.02384814099968935,23.84814099968935
4138,0.022501049000311468,22.50104900031147
4139,0.022320202000173595,22.320202000173595
4140,0.028317084000264003,28.317084000264003
4141,0.029146492000108992,29.146492000108992
4142,0.022855942999740364,22.855942999740364
4143,0.022545447000084096,22.545447000084096
4144,0.02846908199990139,28.46908199990139
4145,0.030006192000200826,30.006192000200826
4146,0.023506999999881373,23.506999999881373
4147,0.022076761999869632,22.076761999869632
4148,0.029579894000107743,29.579894000107743
4149,0.028968291000182944,28.968291000182944
4150,0.022864389999995183,22.864389999995183
4151,0.02283126700012872,22.83126700012872
4152,0.030588361999889457,30.588361999889457
4153,0.027705512000011367,27.705512000011367
4154,0.023202115000003687,23.202115000003687
4155,0.02252426999984891,22.52426999984891
4156,0.029895515999669442,29.895515999669442
4157,0.037847241000235954,37.847241000235954
4158,0.02586841699985598,25.86841699985598
4159,0.02139473600027486,21.39473600027486
4160,0.03310966900016865,33.10966900016865
4161,0.027794312999958493,27.794312999958493
4162,0.020314316999701987,20.314316999701987
4163,0.02079753099997106,20.79753099997106
4164,0.031130628000028082,31.130628000028082
4165,0.02742446399997789,27.42446399997789
4166,0.02155595700014601,21.55595700014601
4167,0.02133863300014127,21.33863300014127
4168,0.031240784999681637,31.240784999681637
4169,0.02737471499995081,27.37471499995081
4170,0.02212729000029867,22.12729000029867
4171,0.020388152000123227,20.388152000123227
4172,0.028902501999709784,28.902501999709784
4173,0.029054769000140368,29.054769000140368
4174,0.02058848999968177,20.58848999968177
4175,0.021291815000040515,21.291815000040515
4176,0.027757266000207892,27.757266000207892
4177,0.032950520000213146,32.950520000213146
4178,0.021758716000022105,21.758716000022105
4179,0.021573094999894238,21.573094999894238
4180,0.026475284000298416,26.475284000298416
4181,0.033730404999914754,33.730404999914754
4182,0.021844306999810215,21.844306999810215
4183,0.021997402000124566,21.997402000124566
4184,0.030331078000017442,30.331078000017442
4185,0.022326140999666677,22.326140999666677
4186,0.0211237040002743,21.1237040002743
4187,0.024386514000070747,24.386514000070747
4188,0.03286501299999145,32.86501299999145
4189,0.023232383000049595,23.232383000049595
4190,0.021293722999871534,21.293722999871534
4191,0.021119456000178616,21.119456000178616
4192,0.029564665000179957,29.564665000179957
4193,0.027819752000141307,27.819752000141307
4194,0.021853641000234347,21.853641000234347
4195,0.020485089999965567,20.485089999965567
4196,0.027984459999970568,27.984459999970568
4197,0.028860935000011523,28.860935000011523
4198,0.02129522499990344,21.29522499990344
4199,0.02203332999988561,22.03332999988561
4200,0.03241332799962038,32.41332799962038
4201,0.026807243999883212,26.807243999883212
4202,0.020886956000140344,20.886956000140344
4203,0.020946481999999378,20.946481999999378
4204,0.028468540999710967,28.468540999710967
4205,0.021825238000019453,21.825238000019453
4206,0.021673017000011896,21.673017000011896
4207,0.02038166599959368,20.38166599959368
4208,0.03374367700007497,33.74367700007497
4209,0.02837428099974204,28.37428099974204
4210,0.021043410999936896,21.043410999936896
4211,0.021044815000095696,21.044815000095696
4212,0.0348688639996908,34.8688639996908
4213,0.026309481999760465,26.309481999760465
4214,0.02112223799986168,21.12223799986168
4215,0.02083383799981675,20.83383799981675
4216,0.029184519999944314,29.184519999944314
4217,0.0368021970002701,36.8021970002701
4218,0.03288516999964486,32.88516999964486
4219,0.022434989000430505,22.434989000430505
4220,0.045872461999806546,45.872461999806546
4221,0.023443125000085274,23.443125000085274
4222,0.022198344000116776,22.198344000116776
4223,0.022675804999835236,22.675804999835236
4224,0.030914362000203255,30.914362000203255
4225,0.028845699000157765,28.845699000157765
4226,0.023383875000035914,23.383875000035914
4227,0.02356668999982503,23.56668999982503
4228,0.0292546340001536,29.2546340001536
4229,0.02839338800004043,28.39338800004043
4230,0.023042189000079816,23.042189000079816
4231,0.02152870800000528,21.52870800000528
4232,0.02809344399975089,28.09344399975089
4233,0.02878530599991791,28.78530599991791
4234,0.023933375000069645,23.933375000069645
4235,0.022869789999731438,22.869789999731438
4236,0.02971028000001752,29.71028000001752
4237,0.027833656999973755,27.833656999973755
4238,0.023438068999894313,23.438068999894313
4239,0.022730269000021508,22.730269000021508
4240,0.030212084999675426,30.212084999675426
4241,0.028163062000203354,28.163062000203354
4242,0.023502052000367257,23.502052000367257
4243,0.022274571000252763,22.274571000252763
4244,0.029893961000198033,29.893961000198033
4245,0.02795757700005197,27.95757700005197
4246,0.021806101000038325,21.806101000038325
4247,0.022289592000106495,22.289592000106495
4248,0.029417274000024918,29.417274000024918
4249,0.027454795999801718,27.454795999801718
4250,0.02259516899994196,22.59516899994196
4251,0.022491135000109352,22.491135000109352
4252,0.02815712900019207,28.15712900019207
4253,0.03506981700002143,35.06981700002143
4254,0.02363336000007621,23.63336000007621
4255,0.02228535899985218,22.28535899985218
4256,0.02754924300006678,27.54924300006678
4257,0.02383277499984615,23.83277499984615
4258,0.02206734800029153,22.06734800029153
4259,0.02244167600019864,22.44167600019864
4260,0.03165903299986894,31.65903299986894
4261,0.024786353999843413,24.786353999843413
4262,0.02264270099976784,22.64270099976784
4263,0.022671280999929877,22.671280999929877
4264,0.029763657999865245,29.763657999865245
4265,0.027872816000126477,27.872816000126477
4266,0.023685771000145905,23.685771000145905
4267,0.022879105000356503,22.879105000356503
4268,0.03100015900008657,31.00015900008657
4269,0.025371640999765077,25.371640999765077
4270,0.02235883699995611,22.35883699995611
4271,0.02306498100006138,23.06498100006138
4272,0.03118468299999222,31.18468299999222
4273,0.02421245799996541,24.21245799996541
4274,0.02322968700036654,23.22968700036654
4275,0.023434964999978547,23.434964999978547
4276,0.02946984199979852,29.46984199979852
4277,0.026526907999596006,26.526907999596006
4278,0.023088932000064233,23.088932000064233
4279,0.021520111999961955,21.520111999961955
4280,0.029226897000171448,29.226897000171448
4281,0.02791680600012114,27.91680600012114
4282,0.02218716300012602,22.18716300012602
4283,0.022335351000037917,22.335351000037917
4284,0.029498247999981686,29.498247999981686
4285,0.02818931199999497,28.18931199999497
4286,0.027947364999818092,27.94736499981809
4287,0.021429560000342462,21.429560000342462
4288,0.03670736699996269,36.70736699996269
4289,0.02230857599988667,22.30857599988667
4290,0.03157348100012314,31.573481000123138
4291,0.027376964999803022,27.376964999803022
4292,0.038973235999947065,38.973235999947065
4293,0.027759060000335012,27.759060000335012
4294,0.020493127000008826,20.493127000008826
4295,0.02078566000000137,20.78566000000137
4296,0.03083911999965494,30.83911999965494
4297,0.027398892000292108,27.398892000292108
4298,0.0211398259998532,21.1398259998532
4299,0.020977173000119365,20.977173000119365
4300,0.02949098800036154,29.49098800036154
4301,0.022803351000220573,22.803351000220573
4302,0.02254466099975616,22.54466099975616
4303,0.020250004999979865,20.250004999979865
4304,0.03295114599995941,32.95114599995941
4305,0.027390031999857456,27.390031999857456
4306,0.020672003999607114,20.672003999607114
4307,0.020882418999917718,20.882418999917718
4308,0.03178882700012764,31.78882700012764
4309,0.02682339500006492,26.82339500006492
4310,0.021124442999735038,21.124442999735038
4311,0.020809665999877325,20.809665999877325
4312,0.027031937000174366,27.031937000174366
4313,0.029821745999925042,29.821745999925042
4314,0.022451647999787383,22.451647999787383
4315,0.020961466999779077,20.961466999779077
4316,0.027906757999971887,27.906757999971887
4317,0.031244737000179157,31.244737000179157
4318,0.021079156999803672,21.079156999803672
4319,0.02115683900001386,21.15683900001386
4320,0.03330011799971544,33.30011799971544
4321,0.02882840700021916,28.82840700021916
4322,0.02196861100037495,21.96861100037495
4323,0.02129839200006245,21.29839200006245
4324,0.030035838000003423,30.035838000003423
4325,0.029380319999745552,29.380319999745552
4326,0.02140290699981051,21.40290699981051
4327,0.020321141999829706,20.321141999829706
4328,0.029750989999683952,29.750989999683952
4329,0.038371823000034055,38.371823000034055
4330,0.020690209999884246,20.690209999884246
4331,0.021114706999924238,21.114706999924238
4332,0.032787846000246645,32.787846000246645
4333,0.027285058999950706,27.285058999950706
4334,0.021709496999847033,21.709496999847033
4335,0.021779782999601593,21.779782999601593
4336,0.03459282700032418,34.59282700032418
4337,0.026921084000150586,26.921084000150586
4338,0.02197393100004774,21.97393100004774
4339,0.02031826499978706,20.31826499978706
4340,0.032910212999922805,32.910212999922805
4341,0.027072903000316728,27.072903000316728
4342,0.021679467000012664,21.679467000012664
4343,0.02080244099988704,20.80244099988704
4344,0.031246072000158165,31.246072000158165
4345,0.02741547300001912,27.41547300001912
4346,0.02169938999986698,21.69938999986698
4347,0.02134023000007801,21.34023000007801
4348,0.03076922599984755,30.76922599984755
4349,0.0282693389999622,28.2693389999622
4350,0.02226514500034682,22.26514500034682
4351,0.02052724599980138,20.52724599980138
4352,0.028104128999984823,28.104128999984823
4353,0.029409054000097967,29.409054000097967
4354,0.020852524000019912,20.852524000019912
4355,0.02071206800019354,20.71206800019354
4356,0.02901278400031515,29.01278400031515
4357,0.022379193999768177,22.379193999768177
4358,0.021597303000362444,21.597303000362444
4359,0.021339693999834708,21.339693999834708
4360,0.03300060700030372,33.00060700030372
4361,0.02716612999984136,27.16612999984136
4362,0.02196776399978262,21.96776399978262
4363,0.0212768149999647,21.2768149999647
4364,0.03368539099983536,33.68539099983536
4365,0.026747191000140447,26.747191000140447
4366,0.021001962999889656,21.001962999889656
4367,0.020560525999826496,20.560525999826496
4368,0.032479998000326304,32.479998000326304
4369,0.027577196000038384,27.577196000038384
4370,0.023829754999951547,23.829754999951547
4371,0.023945544000071095,23.945544000071095
4372,0.03900482800008831,39.00482800008831
4373,0.023597224000241113,23.597224000241113
4374,0.023463798000193492,23.463798000193492
4375,0.02260347699984777,22.60347699984777
4376,0.03228763399965828,32.28763399965828
4377,0.02194311299990659,21.94311299990659
4378,0.02048444699994434,20.48444699994434
4379,0.020606075000159763,20.606075000159763
4380,0.032652041999881476,32.652041999881476
4381,0.026048130000162928,26.048130000162928
4382,0.021322809999674064,21.322809999674064
4383,0.02154334499982724,21.54334499982724
4384,0.03044890499995745,30.44890499995745
4385,0.027594088000114425,27.594088000114425
4386,0.022091674999956012,22.091674999956012
4387,0.032646796999870276,32.646796999870276
4388,0.049369464999927004,49.369464999927004
4389,0.021979589999773452,21.979589999773452
4390,0.020417314000042097,20.417314000042097
4391,0.020545350999782386,20.545350999782386
4392,0.03269758399983402,32.69758399983402
4393,0.0253512609997415,25.3512609997415
4394,0.021638655999595358,21.638655999595358
4395,0.02121761999978844,21.21761999978844
4396,0.03299939499993343,32.99939499993343
4397,0.027748716000132845,27.748716000132845
4398,0.022244236000005913,22.244236000005913
4399,0.021151908000319963,21.151908000319963
4400,0.0319037889998981,31.903788999898097
4401,0.027335759999914444,27.335759999914444
4402,0.020243466000010812,20.243466000010812
4403,0.020633580000321672,20.633580000321672
4404,0.026850182000089262,26.850182000089262
4405,0.031558812000184844,31.558812000184844
4406,0.021173796999846672,21.173796999846672
4407,0.02139080200004173,21.39080200004173
4408,0.027558814999792958,27.558814999792958
4409,0.0308095600003071,30.8095600003071
4410,0.02192727500005276,21.92727500005276
4411,0.020536080000056245,20.536080000056245
4412,0.030878542000209563,30.878542000209563
4413,0.023689373999786767,23.689373999786767
4414,0.020792354000150226,20.792354000150226
4415,0.021014647999891167,21.014647999891167
4416,0.03348717900007614,33.48717900007614
4417,0.026829140999780066,26.829140999780066
4418,0.021332646000246314,21.332646000246314
4419,0.020926410999891232,20.92641099989123
4420,0.037111709999862796,37.111709999862796
4421,0.021591336999790656,21.591336999790656
4422,0.021266575000026933,21.266575000026933
4423,0.020927724999637576,20.927724999637576
4424,0.0389278950001426,38.9278950001426
4425,0.022563901000012265,22.563901000012265
4426,0.02102061200002936,21.02061200002936
4427,0.02106621799975983,21.06621799975983
4428,0.034127662999708264,34.127662999708264
4429,0.027644128000247292,27.644128000247292
4430,0.0214788570001474,21.4788570001474
4431,0.02128253599994423,21.28253599994423
4432,0.03242348300000231,32.42348300000231
4433,0.0269461519997094,26.9461519997094
4434,0.021369795000282465,21.369795000282465
4435,0.02046651499995278,20.46651499995278
4436,0.030387720999897283,30.387720999897283
4437,0.028630796000015835,28.630796000015835
4438,0.02126832200019635,21.26832200019635
4439,0.021341988999665773,21.341988999665773
4440,0.03166660100032459,31.66660100032459
4441,0.027227319999838073,27.227319999838073
4442,0.021489009999640984,21.489009999640984
4443,0.021444264999900042,21.444264999900042
4444,0.029390612000042893,29.390612000042893
4445,0.029113553000115644,29.113553000115644
4446,0.02170624200016391,21.70624200016391
4447,0.02018522199978179,20.18522199978179
4448,0.030379233000076056,30.379233000076056
4449,0.021915025999987847,21.915025999987847
4450,0.020829075000165176,20.829075000165176
4451,0.021173138999984076,21.173138999984076
4452,0.03409360099976766,34.09360099976766
4453,0.029967558999942412,29.967558999942412
4454,0.026462883000021975,26.462883000021975
4455,0.021267933000217454,21.267933000217454
4456,0.027917731999878015,27.917731999878015
4457,0.03297813599965593,32.97813599965593
4458,0.021837193999999727,21.837193999999727
4459,0.020767089999935706,20.767089999935706
4460,0.034304597999835096,34.304597999835096
4461,0.02223812200008979,22.23812200008979
4462,0.020264115999907517,20.264115999907517
4463,0.02072487599980377,20.72487599980377
4464,0.032877994000045874,32.877994000045874
4465,0.02814724700010629,28.14724700010629
4466,0.029307361000064702,29.307361000064702
4467,0.030377447999853757,30.377447999853757
4468,0.07540223699970738,75.40223699970738
4469,0.029807313000219438,29.807313000219438
4470,0.029683838999972068,29.683838999972068
4471,0.030014267999831645,30.014267999831645
4472,0.043345535000298696,43.345535000298696
4473,0.021695204000025115,21.695204000025115
4474,0.02007435899986376,20.07435899986376
4475,0.027942304000134754,27.942304000134754
4476,0.0479108169997744,47.9108169997744
4477,0.029269679999742948,29.269679999742948
4478,0.022588384999835398,22.588384999835398
4479,0.02132620299971677,21.32620299971677
4480,0.032603809000192996,32.603809000192996
4481,0.026805019000221364,26.805019000221364
4482,0.021673039999768662,21.673039999768662
4483,0.02332168599969009,23.32168599969009
4484,0.03272046699976272,32.72046699976272
4485,0.02788095300002169,27.88095300002169
4486,0.02091620500004865,20.91620500004865
4487,0.021018212999933894,21.018212999933894
4488,0.034433874000114884,34.43387400011488
4489,0.02654599600009533,26.54599600009533
4490,0.02149630400026581,21.49630400026581
4491,0.021355898000365414,21.355898000365414
4492,0.030373124000107055,30.373124000107055
4493,0.02747684100040715,27.47684100040715
4494,0.021238423999875522,21.238423999875522
4495,0.020498958000189305,20.498958000189305
4496,0.038962297000125545,38.962297000125545
4497,0.03099623000025531,30.99623000025531
4498,0.022539802999745007,22.539802999745007
4499,0.023917638000057195,23.917638000057195
4500,0.04180814100027419,41.80814100027419
4501,0.02068477199964036,20.68477199964036
4502,0.02075191599988102,20.75191599988102
4503,0.020875191999948584,20.875191999948584
4504,0.02856805200008239,28.56805200008239
4505,0.026860326000132773,26.860326000132773
4506,0.02131903000008606,21.31903000008606
4507,0.019666257000153564,19.666257000153564
4508,0.031124715999794716,31.124715999794716
4509,0.02759041699982845,27.59041699982845
4510,0.020986933000131103,20.986933000131103
4511,0.021716471000218007,21.716471000218007
4512,0.02963316000023042,29.63316000023042
4513,0.03017424400013624,30.17424400013624
4514,0.022155508000196278,22.155508000196278
4515,0.021072751999781758,21.072751999781758
4516,0.02945865599986064,29.45865599986064
4517,0.0278088459999708,27.8088459999708
4518,0.02174099500007287,21.74099500007287
4519,0.0203876170003241,20.3876170003241
4520,0.027269836999948893,27.269836999948893
4521,0.03208836700014217,32.08836700014217
4522,0.020746049000081257,20.746049000081257
4523,0.021980894000080298,21.980894000080298
4524,0.032538605999889114,32.538605999889114
4525,0.021747174999745766,21.747174999745766
4526,0.021575982999820553,21.575982999820553
4527,0.021641945999817835,21.641945999817835
4528,0.03249262400004227,32.49262400004227
4529,0.02619881999999052,26.19881999999052
4530,0.021293130999765708,21.293130999765708
4531,0.02009170700011964,20.09170700011964
4532,0.030439902999660262,30.439902999660262
4533,0.027826244999687333,27.826244999687333
4534,0.021837822999714263,21.837822999714263
4535,0.021114403999945353,21.114403999945353
4536,0.03063395999970453,30.63395999970453
4537,0.028114885999912076,28.114885999912076
4538,0.02169725199973982,21.69725199973982
4539,0.02186610400030986,21.86610400030986
4540,0.03278890599995066,32.78890599995066
4541,0.02716863400019065,27.16863400019065
4542,0.021318516000064847,21.318516000064847
4543,0.019766430999879958,19.766430999879958
4544,0.028948377999768127,28.948377999768127
4545,0.021753585999704228,21.753585999704228
4546,0.022434816999975737,22.434816999975737
4547,0.021416262999991886,21.416262999991886
4548,0.03344093799978509,33.44093799978509
4549,0.026345986000251287,26.345986000251287
4550,0.02142148700022517,21.42148700022517
4551,0.0247890290002033,24.7890290002033
4552,0.032589271000233566,32.589271000233566
4553,0.027760231999764073,27.760231999764073
4554,0.021400542000264977,21.400542000264977
4555,0.020588502000009612,20.588502000009612
4556,0.08704427500015299,87.044275000153
4557,0.09666031400001884,96.66031400001884
4558,0.04282641500003592,42.82641500003592
4559,0.020474631000070076,20.474631000070076
4560,0.0317327259999729,31.7327259999729
4561,0.0267733609998686,26.7733609998686
4562,0.02147919000026377,21.47919000026377
4563,0.02098568300016268,20.98568300016268
4564,0.026670990999718924,26.670990999718924
4565,0.03100001800021346,31.00001800021346
4566,0.021908009000071615,21.908009000071615
4567,0.0203318109997781,20.3318109997781
4568,0.028100758000164205,28.100758000164205
4569,0.03125060399997892,31.25060399997892
4570,0.021088910999878863,21.088910999878863
4571,0.021188775000155147,21.188775000155147
4572,0.027484984999773587,27.484984999773587
4573,0.029967135999868333,29.967135999868333
4574,0.020907881999846722,20.907881999846722
4575,0.021043808999820612,21.043808999820612
4576,0.032652833000156534,32.652833000156534
4577,0.022758298000098875,22.758298000098875
4578,0.02183669700025348,21.83669700025348
4579,0.02410635399974126,24.10635399974126
4580,0.036430837999887444,36.430837999887444
4581,0.022572663000119064,22.572663000119064
4582,0.021828972000093927,21.828972000093927
4583,0.02151776200025779,21.51776200025779
4584,0.03300103100036722,33.00103100036722
4585,0.02187431199990897,21.87431199990897
4586,0.021050834000106988,21.05083400010699
4587,0.021396211000137555,21.396211000137555
4588,0.03026183099973423,30.26183099973423
4589,0.030849407000005158,30.849407000005158
4590,0.021753326000180095,21.753326000180095
4591,0.020594303000052605,20.594303000052605
4592,0.03359847199999422,33.59847199999422
4593,0.02834129299981214,28.34129299981214
4594,0.022387712000181637,22.387712000181637
4595,0.022995554999852175,22.995554999852175
4596,0.031334368999978324,31.334368999978324
4597,0.027467538000109926,27.467538000109926
4598,0.02332956100008232,23.32956100008232
4599,0.02327851300015027,23.27851300015027
4600,0.03158174500003952,31.58174500003952
4601,0.02472257699992042,24.72257699992042
4602,0.023758400000133406,23.758400000133406
4603,0.022251062999657734,22.251062999657734
4604,0.034671225999773014,34.671225999773014
4605,0.024068789000011748,24.068789000011748
4606,0.022826589000032982,22.826589000032982
4607,0.02285351199998331,22.85351199998331
4608,0.028090089000215812,28.090089000215812
4609,0.024370106999867858,24.370106999867858
4610,0.022721478000221396,22.721478000221396
4611,0.022521135000260983,22.521135000260983
4612,0.036469527000008384,36.469527000008384
4613,0.023013133999938873,23.013133999938873
4614,0.02281701099991551,22.81701099991551
4615,0.021698577999814006,21.698577999814006
4616,0.03112850299976344,31.12850299976344
4617,0.023734397999760404,23.734397999760404
4618,0.023125670999888825,23.125670999888825
4619,0.02285113000016281,22.85113000016281
4620,0.032919220000167115,32.919220000167115
4621,0.02443052099988563,24.43052099988563
4622,0.02325558100028502,23.25558100028502
4623,0.02378370799988261,23.78370799988261
4624,0.025522609999825363,25.522609999825363
4625,0.03397867099965879,33.97867099965879
4626,0.024834745999669394,24.834745999669394
4627,0.02357487100016442,23.57487100016442
4628,0.0534582479999699,53.4582479999699
4629,0.02292325400003392,22.92325400003392
4630,0.021983510000154638,21.983510000154638
4631,0.022203983000053995,22.203983000053995
4632,0.028447666999909416,28.447666999909416
4633,0.027829543000279955,27.829543000279955
4634,0.022612881999975798,22.612881999975798
4635,0.02260769300028187,22.60769300028187
4636,0.02814708799996879,28.14708799996879
4637,0.030424025999764126,30.424025999764126
4638,0.023456747000182077,23.456747000182077
4639,0.021920487999977922,21.920487999977922
4640,0.028291567999986,28.291567999986
4641,0.028419257000223297,28.419257000223297
4642,0.022380471999895235,22.380471999895235
4643,0.022190709999904357,22.190709999904357
4644,0.02818558099988877,28.18558099988877
4645,0.02948560999993788,29.48560999993788
4646,0.02260381399992184,22.60381399992184
4647,0.02230751799970676,22.30751799970676
4648,0.027217078999910882,27.217078999910882
4649,0.030358054999851447,30.358054999851447
4650,0.02361463499983074,23.61463499983074
4651,0.022081536000314372,22.081536000314372
4652,0.028625092999845947,28.625092999845947
4653,0.02861852199976056,28.61852199976056
4654,0.02264671000011731,22.64671000011731
4655,0.02248462700026721,22.48462700026721
4656,0.028350374000183365,28.350374000183365
4657,0.027536542000234476,27.536542000234476
4658,0.0225906489999943,22.5906489999943
4659,0.022301369000160776,22.301369000160776
4660,0.027888885000265873,27.888885000265873
4661,0.029774364000331843,29.774364000331843
4662,0.024556567999752588,24.556567999752588
4663,0.02425514700007625,24.25514700007625
4664,0.023963783999988664,23.963783999988664
4665,0.03356821499983198,33.56821499983198
4666,0.022701454000070953,22.701454000070953
4667,0.02302902700012055,23.02902700012055
4668,0.030266199999914534,30.266199999914534
4669,0.02812785200012513,28.12785200012513
4670,0.02307870399999956,23.07870399999956
4671,0.023008135000054608,23.008135000054608
4672,0.03112924600009137,31.12924600009137
4673,0.025528286999815464,25.528286999815464
4674,0.023411125000166066,23.411125000166066
4675,0.021906355999817606,21.906355999817606
4676,0.03252397200003543,32.52397200003543
4677,0.023741963999782456,23.741963999782456
4678,0.024680886999703944,24.680886999703944
4679,0.022809599000083836,22.809599000083836
4680,0.02821914200012543,28.21914200012543
4681,0.0222028359999058,22.2028359999058
4682,0.02260681100005968,22.60681100005968
4683,0.02240126800006692,22.40126800006692
4684,0.03157933900001808,31.57933900001808
4685,0.028283273000397458,28.283273000397458
4686,0.02348536499994225,23.48536499994225
4687,0.02204452699970716,22.04452699970716
4688,0.03162922699993942,31.62922699993942
4689,0.02419934999988982,24.19934999988982
4690,0.023059153000303922,23.059153000303922
4691,0.02272503299991513,22.72503299991513
4692,0.03215026799989573,32.15026799989573
4693,0.023275926999758667,23.275926999758667
4694,0.022433185999943817,22.433185999943817
4695,0.02236090399992463,22.36090399992463
4696,0.029578041000149824,29.578041000149824
4697,0.027392859999963548,27.392859999963548
4698,0.023502962999828014,23.502962999828014
4699,0.022942333000173676,22.942333000173676
4700,0.030801830999735103,30.801830999735103
4701,0.024524488000224665,24.524488000224665
4702,0.022326263000195468,22.326263000195468
4703,0.022696823999922344,22.696823999922344
4704,0.030586455000047863,30.586455000047863
4705,0.024899200999698223,24.899200999698223
4706,0.023011596000287682,23.011596000287682
4707,0.02246319100004257,22.46319100004257
4708,0.029359620999912295,29.359620999912295
4709,0.02753620299972681,27.53620299972681
4710,0.022774807999667246,22.774807999667246
4711,0.02159267099978024,21.59267099978024
4712,0.02751061100025254,27.51061100025254
4713,0.028390077000040037,28.390077000040037
4714,0.022385012000086135,22.385012000086135
4715,0.022826092000286735,22.826092000286735
4716,0.02899656900035552,28.99656900035552
4717,0.027775131999987934,27.775131999987934
4718,0.02318910199983293,23.18910199983293
4719,0.022519916999954148,22.519916999954148
4720,0.027929550999942876,27.929550999942876
4721,0.028251009000086924,28.251009000086924
4722,0.02369403800003056,23.69403800003056
4723,0.024895953999930498,24.895953999930498
4724,0.029293056999904366,29.293056999904366
4725,0.02855824100015525,28.55824100015525
4726,0.02248203299996021,22.48203299996021
4727,0.02285193799980334,22.85193799980334
4728,0.03056848500000342,30.56848500000342
4729,0.027498236999690562,27.498236999690562
4730,0.022528251000039745,22.528251000039745
4731,0.02247023200015974,22.47023200015974
4732,0.028398284000104468,28.398284000104468
4733,0.028986309000174515,28.986309000174515
4734,0.02265365399989605,22.65365399989605
4735,0.02139111699989371,21.39111699989371
4736,0.028472124000018084,28.472124000018084
4737,0.028454883999984304,28.454883999984304
4738,0.02258353100023669,22.58353100023669
4739,0.022741420999864204,22.741420999864204
4740,0.02940675999980158,29.40675999980158
4741,0.027671274000113044,27.671274000113044
4742,0.023228634000133752,23.228634000133752
4743,0.022387434000393114,22.387434000393114
4744,0.02722058900008051,27.22058900008051
4745,0.028755756999998994,28.755756999998994
4746,0.022942589000194857,22.942589000194857
4747,0.021659687999999733,21.659687999999733
4748,0.028079937000256905,28.079937000256905
4749,0.02849867200029621,28.49867200029621
4750,0.02253040699997655,22.53040699997655
4751,0.022871989000122994,22.871989000122994
4752,0.02910552599996663,29.10552599996663
4753,0.02787306400023226,27.87306400023226
4754,0.022973214000103326,22.973214000103326
4755,0.02246232700008477,22.46232700008477
4756,0.027413554999839107,27.413554999839107
4757,0.029015677999723266,29.015677999723266
4758,0.023196793999886722,23.196793999886722
4759,0.02137641299987081,21.37641299987081
4760,0.027990843999759818,27.990843999759818
4761,0.030494759999783128,30.494759999783128
4762,0.022655589999885706,22.655589999885706
4763,0.022723786999904405,22.723786999904405
4764,0.02883800900008282,28.83800900008282
4765,0.028158375000202795,28.158375000202795
4766,0.023348681000243232,23.348681000243232
4767,0.022802918999786925,22.802918999786925
4768,0.0281258660002095,28.1258660002095
4769,0.02774300500004756,27.74300500004756
4770,0.022824262000085582,22.824262000085582
4771,0.021378753000135475,21.378753000135475
4772,0.02552961299988965,25.52961299988965
4773,0.03131837999990239,31.31837999990239
4774,0.022571073999642977,22.571073999642977
4775,0.022956434000207082,22.956434000207082
4776,0.029802239000218833,29.802239000218833
4777,0.027362128000277153,27.362128000277153
4778,0.023184104999927513,23.184104999927513
4779,0.023033714999655786,23.033714999655786
4780,0.028257382999981928,28.257382999981928
4781,0.028165152999918064,28.165152999918064
4782,0.023481356000047526,23.481356000047526
4783,0.02222120399983396,22.22120399983396
4784,0.027904025000225374,27.904025000225374
4785,0.028163441000288003,28.163441000288003
4786,0.021659971999724803,21.659971999724803
4787,0.022352479000346648,22.352479000346648
4788,0.0274773810001534,27.4773810001534
4789,0.029460505000315607,29.460505000315607
4790,0.022777829999995447,22.777829999995447
4791,0.022688374000154,22.688374000154
4792,0.029022850999808725,29.022850999808725
4793,0.03000447200020062,30.00447200020062
4794,0.02328705700028877,23.28705700028877
4795,0.021920570000020234,21.920570000020234
4796,0.028346619999865652,28.346619999865652
4797,0.02901973000007274,29.01973000007274
4798,0.021875363000162906,21.875363000162906
4799,0.022070408999752544,22.070408999752544
4800,0.02392442000018491,23.92442000018491
4801,0.029150363999633555,29.150363999633555
4802,0.023402654999699735,23.402654999699735
4803,0.024007845999676647,24.007845999676647
4804,0.05888510900012989,58.88510900012989
4805,0.031833100999847375,31.833100999847375
4806,0.026083169999765232,26.083169999765232
4807,0.021959480000077747,21.959480000077747
4808,0.042743416000121215,42.743416000121215
4809,0.02562978900004964,25.62978900004964
4810,0.02789500200015027,27.89500200015027
4811,0.024479927000356838,24.479927000356838
4812,0.040746759999819915,40.746759999819915
4813,0.02340958100012358,23.40958100012358
4814,0.02322673600019698,23.22673600019698
4815,0.022994280000148137,22.994280000148137
4816,0.025562153000009857,25.562153000009857
4817,0.03320467000003191,33.20467000003191
4818,0.02362004299993714,23.62004299993714
4819,0.02207485100007034,22.07485100007034
4820,0.025300522000179626,25.300522000179626
4821,0.03198627799974929,31.98627799974929
4822,0.022682437999719696,22.682437999719696
4823,0.022827469000276324,22.827469000276324
4824,0.029694312999708927,29.694312999708927
4825,0.02835172599998259,28.35172599998259
4826,0.02337740400025723,23.37740400025723
4827,0.023650301000088803,23.650301000088803
4828,0.02806836400031898,28.06836400031898
4829,0.02783478199989986,27.83478199989986
4830,0.022853293000025587,22.853293000025587
4831,0.021925516999999672,21.925516999999672
4832,0.028436478999992687,28.436478999992687
4833,0.031048044000272057,31.048044000272057
4834,0.022813591999693017,22.813591999693017
4835,0.023409954000271682,23.409954000271682
4836,0.03038270700017165,30.38270700017165
4837,0.02927249699996537,29.27249699996537
4838,0.02318211000010706,23.18211000010706
4839,0.022484643000098004,22.484643000098004
4840,0.029198024999914196,29.198024999914196
4841,0.02768026900002951,27.68026900002951
4842,0.02302089499971771,23.02089499971771
4843,0.02301157499960027,23.01157499960027
4844,0.03005256599999484,30.05256599999484
4845,0.027088068000011845,27.088068000011845
4846,0.024298902999817074,24.298902999817074
4847,0.02304721799964682,23.04721799964682
4848,0.033601613999962865,33.601613999962865
4849,0.02374589200007904,23.74589200007904
4850,0.02356526300036421,23.56526300036421
4851,0.023320334999880288,23.320334999880288
4852,0.0261829599999146,26.1829599999146
4853,0.034178939000412356,34.178939000412356
4854,0.02358414799982711,23.58414799982711
4855,0.022183666999808338,22.183666999808338
4856,0.025862704000246595,25.862704000246595
4857,0.031543746999886935,31.543746999886935
4858,0.023329601000114053,23.329601000114053
4859,0.022801457999776176,22.801457999776176
4860,0.03578014100003202,35.78014100003202
4861,0.027360903000044345,27.360903000044345
4862,0.023162177999893174,23.162177999893174
4863,0.022586146999856282,22.586146999856282
4864,0.03603592399986155,36.03592399986155
4865,0.023942902999806392,23.942902999806392
4866,0.023574920000100974,23.574920000100974
4867,0.021850392000033025,21.850392000033025
4868,0.02925430499999493,29.25430499999493
4869,0.02343254400011574,23.43254400011574
4870,0.02182966700001998,21.82966700001998
4871,0.022862019000058353,22.862019000058353
4872,0.032406936999905156,32.406936999905156
4873,0.02337771500015151,23.37771500015151
4874,0.023400312999910966,23.400312999910966
4875,0.023523255999862158,23.523255999862158
4876,0.02768746799984001,27.68746799984001
4877,0.027550300000257266,27.550300000257266
4878,0.023167056000147568,23.167056000147568
4879,0.021522876999824803,21.522876999824803
4880,0.029241375000310654,29.241375000310654
4881,0.02812535500015656,28.12535500015656
4882,0.022629729000072984,22.629729000072984
4883,0.022254677999626438,22.254677999626438
4884,0.029715102999944065,29.715102999944065
4885,0.027801971999906527,27.801971999906527
4886,0.02312670400033312,23.12670400033312
4887,0.023143966000134242,23.14396600013424
4888,0.030623695000031148,30.623695000031148
4889,0.028274117999899318,28.274117999899318
4890,0.025002362000122957,25.002362000122957
4891,0.024391789000219433,24.391789000219433
4892,0.02754808999998204,27.54808999998204
4893,0.03207576800014067,32.07576800014067
4894,0.023294007000004058,23.294007000004058
4895,0.022839683000256628,22.839683000256628
4896,0.030360416999883455,30.360416999883455
4897,0.0286050710001291,28.6050710001291
4898,0.023359806000371464,23.359806000371464
4899,0.023106532000383595,23.106532000383595
4900,0.02832280599977821,28.32280599977821
4901,0.02798931100005575,27.98931100005575
4902,0.02299068199999965,22.99068199999965
4903,0.021431859000131226,21.431859000131226
4904,0.028315663000284985,28.315663000284985
4905,0.028434428999844386,28.434428999844386
4906,0.022836486999949557,22.836486999949557
4907,0.022832851999737613,22.832851999737613
4908,0.029427713000131916,29.427713000131916
4909,0.03062160599984054,30.62160599984054
4910,0.023531855999863183,23.531855999863183
4911,0.023185361999821907,23.185361999821907
4912,0.030010216999926342,30.010216999926342
4913,0.02795319599999857,27.95319599999857
4914,0.023621882000043115,23.621882000043115
4915,0.022437650000028952,22.437650000028952
4916,0.029752343999916775,29.752343999916775
4917,0.02766256999984762,27.66256999984762
4918,0.022073770000133663,22.073770000133663
4919,0.022171880999849236,22.171880999849236
4920,0.02999441299971295,29.99441299971295
4921,0.027238480000050913,27.238480000050913
4922,0.023406464999879972,23.406464999879972
4923,0.023131332000048133,23.131332000048133
4924,0.030889851999745588,30.889851999745588
4925,0.02558499999986452,25.58499999986452
4926,0.02394843000001856,23.94843000001856
4927,0.023021064999738883,23.021064999738883
4928,0.02594761699992887,25.94761699992887
4929,0.03493720699998448,34.93720699998448
4930,0.022825790999831952,22.825790999831952
4931,0.022719530999893323,22.719530999893323
4932,0.026427482000144664,26.427482000144664
4933,0.030150831999890215,30.150831999890215
4934,0.022624448999977176,22.624448999977176
4935,0.023795681999672524,23.795681999672524
4936,0.02659205700001621,26.59205700001621
4937,0.031307100000049104,31.307100000049104
4938,0.02351747400007298,23.51747400007298
4939,0.02227552900012597,22.27552900012597
4940,0.02903110800025388,29.03110800025388
4941,0.028842460000305437,28.842460000305437
4942,0.022039102999769966,22.039102999769966
4943,0.02224023600001601,22.24023600001601
4944,0.030991132000053767,30.991132000053767
4945,0.02589531600006012,25.89531600006012
4946,0.020970789999864792,20.97078999986479
4947,0.022679581999909715,22.679581999909715
4948,0.026863685999614972,26.863685999614972
4949,0.03064875200016104,30.64875200016104
4950,0.022050591000152053,22.050591000152053
4951,0.02098446199988757,20.98446199988757
4952,0.028122157999860065,28.122157999860065
4953,0.03104382599985911,31.04382599985911
4954,0.021196409999902244,21.196409999902244
4955,0.021225460000096064,21.225460000096064
4956,0.027951953000410867,27.951953000410867
4957,0.0292785400001776,29.2785400001776
4958,0.022048535000067204,22.048535000067204
4959,0.021429150000130903,21.429150000130903
4960,0.029836587000318104,29.836587000318104
4961,0.022092076999797428,22.092076999797428
4962,0.021790202999909525,21.790202999909525
4963,0.020685236000190343,20.685236000190343
4964,0.03264679599988085,32.64679599988085
4965,0.029817661000379303,29.817661000379303
4966,0.026915962000202853,26.915962000202853
4967,0.024129786000230524,24.129786000230524
4968,0.03933021800003189,39.33021800003189
4969,0.028407414999946923,28.407414999946923
4970,0.0233615679999275,23.3615679999275
4971,0.023092859999906068,23.092859999906068
4972,0.031352177999906417,31.352177999906417
4973,0.0235553920001621,23.5553920001621
4974,0.02368732100012494,23.68732100012494
4975,0.02285603500013167,22.85603500013167
4976,0.02556540799969298,25.56540799969298
4977,0.033428447999995115,33.428447999995115
4978,0.02213719500014122,22.13719500014122
4979,0.02243362699982754,22.43362699982754
4980,0.027340392000041902,27.340392000041902
4981,0.02678238499993313,26.78238499993313
4982,0.023205059999781952,23.20505999978195
4983,0.02321129700021629,23.21129700021629
4984,0.030772192000313225,30.772192000313225
4985,0.0270206660002259,27.0206660002259
4986,0.023432957000295573,23.432957000295573
4987,0.02229889699992782,22.29889699992782
4988,0.03099449299998014,30.99449299998014
4989,0.024550958999952854,24.550958999952854
4990,0.022439826000208996,22.439826000208996
4991,0.02291861499998049,22.91861499998049
4992,0.031332365999787726,31.332365999787726
4993,0.023184806000244862,23.184806000244862
4994,0.024272314999961964,24.272314999961964
4995,0.023078971999893838,23.078971999893838
4996,0.030634324999937235,30.634324999937235
4997,0.023576985000090644,23.576985000090644
4998,0.023646724999707658,23.646724999707658
4999,0.02224958400029209,22.24958400029209
5000,0.0313738380000359,31.373838000035903
5001,0.025794660999963526,25.794660999963526
5002,0.023247187999913876,23.247187999913876
5003,0.02326431799974671,23.26431799974671
5004,0.026562981000097352,26.562981000097352
5005,0.031658290999985184,31.658290999985184
5006,0.023229980999985855,23.229980999985855
5007,0.02321249800024816,23.21249800024816
5008,0.0287500699996599,28.7500699996599
5009,0.029319065999970917,29.319065999970917
5010,0.023161098999935348,23.161098999935348
5011,0.021752448999905027,21.752448999905027
5012,0.028483629999755067,28.483629999755067
5013,0.028496928000095068,28.496928000095068
5014,0.022404138000183593,22.404138000183593
5015,0.022858998999709,22.858998999709
5016,0.029904451000220433,29.904451000220433
5017,0.027966973000275175,27.966973000275175
5018,0.023922502000004897,23.922502000004897
5019,0.022716684999977588,22.716684999977588
5020,0.028484586000104173,28.484586000104173
5021,0.0278414059998795,27.8414059998795
5022,0.023138403999837465,23.138403999837465
5023,0.02140348399962022,21.40348399962022
5024,0.02825916799974948,28.25916799974948
5025,0.028860188000180642,28.860188000180642
5026,0.023310413000217522,23.310413000217522
5027,0.022865657999773248,22.865657999773248
5028,0.031350579999980255,31.350579999980255
5029,0.028532058000109828,28.532058000109828
5030,0.023375219999707042,23.375219999707042
5031,0.02266667599997163,22.66667599997163
5032,0.030268034000073385,30.268034000073385
5033,0.027834376000100747,27.834376000100747
5034,0.022945243999856757,22.945243999856757
5035,0.021788530999856448,21.788530999856448
5036,0.030337799000335508,30.337799000335508
5037,0.02865952499996638,28.65952499996638
5038,0.022922958999970433,22.922958999970433
5039,0.02288828900009321,22.88828900009321
5040,0.032834956999977294,32.834956999977294
5041,0.023529564999989816,23.529564999989816
5042,0.02335012599996844,23.35012599996844
5043,0.023204740999972273,23.204740999972273
5044,0.0287197229999947,28.7197229999947
5045,0.02370018900001014,23.70018900001014
5046,0.023192442999970808,23.192442999970808
5047,0.02153167599999506,21.53167599999506
5048,0.030477519999749347,30.477519999749347
5049,0.027429167000263988,27.429167000263988
5050,0.022206816999641887,22.206816999641887
5051,0.022242800000185525,22.242800000185525
5052,0.031500405999850045,31.500405999850045
5053,0.02564386599988211,25.64386599988211
5054,0.023332592000315344,23.332592000315344
5055,0.023437277999619255,23.437277999619255
5056,0.03715571100019588,37.15571100019588
5057,0.02404696800022066,24.04696800022066
5058,0.023612593000052584,23.612593000052584
5059,0.022721551999893563,22.721551999893563
5060,0.03486356199982765,34.86356199982765
5061,0.03250546999970538,32.50546999970538
5062,0.02303768499996295,23.03768499996295
5063,0.022258862999933626,22.258862999933626
5064,0.041296368000075745,41.296368000075745
5065,0.023401216999900498,23.401216999900498
5066,0.023313475000122708,23.313475000122708
5067,0.023190480999801366,23.190480999801366
5068,0.02978389600002629,29.78389600002629
5069,0.027928238000185956,27.928238000185956
5070,0.023987618000319344,23.987618000319344
5071,0.02317779300028633,23.17779300028633
5072,0.033803440000156115,33.803440000156115
5073,0.026332868999816128,26.332868999816128
5074,0.022677747000216186,22.677747000216186
5075,0.02294127400000434,22.94127400000434
5076,0.032691334999981336,32.691334999981336
5077,0.023316541999975016,23.316541999975016
5078,0.023897990000023128,23.89799000002313
5079,0.02332525700012411,23.32525700012411
5080,0.02735668600007557,27.35668600007557
5081,0.02662147000000914,26.62147000000914
5082,0.023003197999969416,23.003197999969416
5083,0.02183439999998882,21.83439999998882
5084,0.0312809830002152,31.2809830002152
5085,0.028374054000323667,28.374054000323667
5086,0.022678227000142215,22.678227000142215
5087,0.02293163700005607,22.93163700005607
5088,0.03282420799996544,32.82420799996544
5089,0.02285957200001576,22.85957200001576
5090,0.023168014000020776,23.168014000020776
5091,0.023018127999876015,23.018127999876015
5092,0.034869148999860045,34.869148999860045
5093,0.023476144000142085,23.476144000142085
5094,0.02350145499985956,23.50145499985956
5095,0.02435229499997149,24.35229499997149
5096,0.02675418900025761,26.75418900025761
5097,0.028437993999887112,28.437993999887112
5098,0.023247124000135955,23.247124000135955
5099,0.02321056300024793,23.21056300024793
5100,0.030177207000178896,30.177207000178896
5101,0.027238990000114427,27.238990000114427
5102,0.022679512000195245,22.679512000195245
5103,0.022409507000247686,22.409507000247686
5104,0.029304426000180683,29.304426000180683
5105,0.02965914700007488,29.65914700007488
5106,0.02388806100043439,23.88806100043439
5107,0.022930754000299203,22.930754000299203
5108,0.032374338999943575,32.374338999943575
5109,0.028786022000076628,28.786022000076628
5110,0.022076846999880217,22.076846999880217
5111,0.022226215000046068,22.226215000046068
5112,0.03284871699997893,32.84871699997893
5113,0.022454776000358834,22.454776000358834
5114,0.02262172200016721,22.62172200016721
5115,0.022486689999823284,22.486689999823284
5116,0.03265698599989264,32.65698599989264
5117,0.023928659000375774,23.928659000375774
5118,0.02389721899999131,23.89721899999131
5119,0.023013245999663923,23.013245999663923
5120,0.02981499400038956,29.81499400038956
5121,0.023681714999838732,23.681714999838732
5122,0.023216231999867887,23.216231999867887
5123,0.0228478589997394,22.8478589997394
5124,0.03784238299977005,37.84238299977005
5125,0.0234055350001654,23.4055350001654
5126,0.02380419199971584,23.80419199971584
5127,0.022845217999929446,22.845217999929446
5128,0.025625372999911633,25.625372999911633
5129,0.031195744999877206,31.195744999877206
5130,0.023762152000017522,23.762152000017522
5131,0.022830929000065225,22.830929000065225
5132,0.030443984000157798,30.443984000157798
5133,0.02823691100002179,28.23691100002179
5134,0.02270187900012388,22.70187900012388
5135,0.023003421000339586,23.003421000339586
5136,0.04780386299989914,47.80386299989914
5137,0.030501657000058913,30.501657000058913
5138,0.04374077800002851,43.74077800002851
5139,0.02526745800014396,25.26745800014396
5140,0.04572618100019099,45.72618100019099
5141,0.02899442799980534,28.99442799980534
5142,0.023416385000018636,23.416385000018636
5143,0.02261092299977463,22.61092299977463
5144,0.04266424500019639,42.66424500019639
5145,0.030236354999942705,30.236354999942705
5146,0.02864156500027093,28.64156500027093
5147,0.028888199999983044,28.888199999983044
5148,0.03450786200028233,34.50786200028233
5149,0.030830172000150924,30.830172000150924
5150,0.021334690999992745,21.334690999992745
5151,0.02128262700034611,21.28262700034611
5152,0.03883351500007848,38.83351500007848
5153,0.02199152499997581,21.99152499997581
5154,0.021964447000300424,21.964447000300424
5155,0.02047364899999593,20.47364899999593
5156,0.03940679100014677,39.40679100014677
5157,0.024435651999738184,24.435651999738184
5158,0.022588622000057512,22.588622000057512
5159,0.02348426299977291,23.48426299977291
5160,0.03773181399992609,37.73181399992609
5161,0.022754239999812853,22.754239999812853
5162,0.023272450999684224,23.272450999684224
5163,0.023132596999857924,23.132596999857924
5164,0.0342754979997153,34.2754979997153
5165,0.028940289000274788,28.940289000274788
5166,0.028891620000194962,28.891620000194962
5167,0.027645425999708095,27.645425999708095
5168,0.033683403999930306,33.683403999930306
5169,0.02993934200003423,29.93934200003423
5170,0.023115807000067434,23.115807000067434
5171,0.02286881000009089,22.86881000009089
5172,0.03147130300021672,31.47130300021672
5173,0.024267723000320984,24.267723000320984
5174,0.023282609000034427,23.282609000034427
5175,0.02366715199968894,23.66715199968894
5176,0.027829717000258825,27.829717000258825
5177,0.027316638000229432,27.316638000229432
5178,0.024566487000356574,24.566487000356574
5179,0.02418495800020537,24.18495800020537
5180,0.029106250000040745,29.106250000040745
5181,0.03602389599973321,36.02389599973321
5182,0.024558522000006633,24.558522000006633
5183,0.026647034999768948,26.647034999768948
5184,0.042654495000078896,42.654495000078896
5185,0.02906793700003618,29.06793700003618
5186,0.05682524799976818,56.82524799976818
5187,0.037696982999932516,37.696982999932516
5188,0.15116307900007087,151.16307900007087
5189,0.022549874000105774,22.549874000105774
5190,0.022782972999721096,22.782972999721096
5191,0.032310400000369555,32.310400000369555
5192,0.02342984400002024,23.42984400002024
5193,0.023278945999663847,23.278945999663847
5194,0.021695359000204917,21.695359000204917
5195,0.03190276500026812,31.90276500026812
5196,0.025570639000306983,25.570639000306983
5197,0.02264307999985249,22.64307999985249
5198,0.02286893099972076,22.86893099972076
5199,0.027884804000223085,27.884804000223085
5200,0.027778526000020065,27.778526000020065
5201,0.023158555999998498,23.158555999998498
5202,0.02271344200016756,22.71344200016756
5203,0.029004140999859374,29.004140999859374
5204,0.02776511699994444,27.76511699994444
5205,0.022936429000310454,22.936429000310454
5206,0.02214646700031153,22.14646700031153
5207,0.030457505999947898,30.457505999947898
5208,0.02792214500004775,27.92214500004775
5209,0.022787045999848488,22.787045999848488
5210,0.022859095000058005,22.859095000058005
5211,0.03026808599997821,30.26808599997821
5212,0.02674721799985491,26.74721799985491
5213,0.023275237000234483,23.275237000234483
5214,0.022620567999638297,22.620567999638297
5215,0.0298480669998753,29.8480669998753
5216,0.027215775000058784,27.215775000058784
5217,0.02532306900002368,25.32306900002368
5218,0.024376876000133052,24.376876000133052
5219,0.03538845200000651,35.38845200000651
5220,0.02421843899992382,24.21843899992382
5221,0.02318833999970593,23.18833999970593
5222,0.022201226000106544,22.201226000106544
5223,0.032527734999803215,32.527734999803215
5224,0.0277688279998074,27.7688279998074
5225,0.022672134999993432,22.672134999993432
5226,0.02753344599977936,27.53344599977936
5227,0.030786228999659215,30.786228999659215
5228,0.02849737599990476,28.49737599990476
5229,0.024310954000156926,24.310954000156926
5230,0.02289922599993588,22.89922599993588
5231,0.02749721700001828,27.49721700001828
5232,0.028002522999940993,28.002522999940993
5233,0.0232500069996604,23.2500069996604
5234,0.022270973000104277,22.270973000104277
5235,0.030195730000286858,30.195730000286858
5236,0.02742388199976631,27.42388199976631
5237,0.02275369699964358,22.75369699964358
5238,0.022572648000277695,22.572648000277695
5239,0.029177192999668478,29.177192999668478
5240,0.028506231999926968,28.506231999926968
5241,0.023804453000138892,23.804453000138892
5242,0.022123170999748254,22.123170999748254
5243,0.03009096400000999,30.09096400000999
5244,0.027730765999876894,27.730765999876894
5245,0.022249399999964226,22.249399999964226
5246,0.022286603999873478,22.286603999873478
5247,0.030115875000319647,30.115875000319647
5248,0.027149477999955707,27.149477999955707
5249,0.02280421400018895,22.80421400018895
5250,0.022942397999941022,22.942397999941022
5251,0.040922106000380154,40.922106000380154
5252,0.02474796199976481,24.74796199976481
5253,0.02437986400036607,24.37986400036607
5254,0.02261997200002952,22.61997200002952
5255,0.0292394449998028,29.2394449998028
5256,0.02850985099985337,28.50985099985337
5257,0.02316379500007315,23.16379500007315
5258,0.02265688700026658,22.65688700026658
5259,0.035346788999959244,35.346788999959244
5260,0.026789805000134947,26.789805000134947
5261,0.022857231000216416,22.857231000216416
5262,0.023437930999989476,23.437930999989476
5263,0.0300321059999078,30.0321059999078
5264,0.028247755999927904,28.247755999927904
5265,0.02352033700026368,23.52033700026368
5266,0.022749034999833384,22.749034999833384
5267,0.03098927900009585,30.98927900009585
5268,0.02472475000013219,24.72475000013219
5269,0.022389645000203018,22.389645000203018
5270,0.02335073199992621,23.35073199992621
5271,0.03135494199977984,31.35494199977984
5272,0.022642997999810177,22.642997999810177
5273,0.02696073500010243,26.96073500010243
5274,0.023223193999911018,23.223193999911018
5275,0.027762209000229632,27.762209000229632
5276,0.02747875600016414,27.47875600016414
5277,0.023374823000267497,23.374823000267497
5278,0.022796293000283185,22.796293000283185
5279,0.025286927999786712,25.286927999786712
5280,0.036596995999843784,36.596995999843784
5281,0.025233125999875483,25.233125999875483
5282,0.024269732999982807,24.269732999982807
5283,0.054839060999711364,54.839060999711364
5284,0.024169560999780515,24.169560999780515
5285,0.02375597399986873,23.75597399986873
5286,0.0374994579997292,37.4994579997292
5287,0.03647129599994514,36.47129599994514
5288,0.023967677999735315,23.967677999735315
5289,0.023534554000434582,23.534554000434582
5290,0.024464573999921413,24.464573999921413
5291,0.036837858999660966,36.837858999660966
5292,0.029557351000221388,29.557351000221388
5293,0.02671140699976604,26.71140699976604
5294,0.024531244000172592,24.53124400017259
5295,0.031219496999710827,31.219496999710827
5296,0.02915131499958079,29.15131499958079
5297,0.02287960600006045,22.87960600006045
5298,0.022803008999744634,22.803008999744634
5299,0.023029613999824505,23.029613999824505
5300,0.029579247000128817,29.579247000128817
5301,0.023546758000065893,23.546758000065893
5302,0.0228973930002212,22.8973930002212
5303,0.029573597000307927,29.573597000307927
5304,0.028809080999963044,28.809080999963044
5305,0.022699011999975482,22.699011999975482
5306,0.02289877000021079,22.89877000021079
5307,0.03043241500017757,30.43241500017757
5308,0.028069242999663402,28.069242999663402
5309,0.022983611000199744,22.983611000199744
5310,0.022541807999914454,22.541807999914454
5311,0.02787777300000016,27.87777300000016
5312,0.027564805000110937,27.564805000110937
5313,0.023056735999944067,23.056735999944067
5314,0.02143803300032232,21.43803300032232
5315,0.028500493000137794,28.500493000137794
5316,0.03012382199995045,30.12382199995045
5317,0.022743204000107653,22.743204000107653
5318,0.02298961299993607,22.98961299993607
5319,0.03096200099980706,30.96200099980706
5320,0.02789627299989661,27.89627299989661
5321,0.023328010000113863,23.328010000113863
5322,0.026528535000124975,26.528535000124975
5323,0.029909753000083583,29.909753000083583
5324,0.02508891700017557,25.08891700017557
5325,0.026237035000121978,26.237035000121978
5326,0.026530553000156942,26.530553000156942
5327,0.031513717000052566,31.513717000052566
5328,0.030434255999807647,30.434255999807647
5329,0.022429898999689613,22.429898999689613
5330,0.02228434400012702,22.28434400012702
5331,0.029019952999988163,29.019952999988163
5332,0.027391888999773073,27.391888999773073
5333,0.02283439700022427,22.83439700022427
5334,0.02258704799987754,22.58704799987754
5335,0.03075110899999345,30.75110899999345
5336,0.028071146000002045,28.071146000002045
5337,0.02344686800006457,23.44686800006457
5338,0.022065580999878875,22.065580999878875
5339,0.029577976000382478,29.577976000382478
5340,0.028943353000158822,28.943353000158822
5341,0.02346981099981349,23.46981099981349
5342,0.02300956800036147,23.00956800036147
5343,0.030645219000234647,30.645219000234647
5344,0.027168459999757033,27.168459999757033
5345,0.02284540000027846,22.84540000027846
5346,0.022593025999867677,22.593025999867677
5347,0.02896198899998126,28.96198899998126
5348,0.02761848199997985,27.61848199997985
5349,0.02297362500030431,22.97362500030431
5350,0.022698751000007178,22.698751000007178
5351,0.02978678099998433,29.78678099998433
5352,0.02902477799989356,29.02477799989356
5353,0.02272168200033775,22.72168200033775
5354,0.022947408000163705,22.947408000163705
5355,0.02936022399990179,29.36022399990179
5356,0.027133750999837503,27.133750999837503
5357,0.02277846800006955,22.77846800006955
5358,0.02249655800005712,22.49655800005712
5359,0.029016735999903176,29.016735999903176
5360,0.02821908199985046,28.21908199985046
5361,0.023312541999985115,23.312541999985115
5362,0.02170564900006866,21.70564900006866
5363,0.029592551999940042,29.592551999940042
5364,0.029333890000089013,29.333890000089013
5365,0.025197554999977,25.197554999977
5366,0.02323493599988069,23.23493599988069
5367,0.03426163199992516,34.26163199992516
5368,0.023384573999919667,23.384573999919667
5369,0.023462158999791427,23.462158999791427
5370,0.023245999999744527,23.245999999744527
5371,0.027179471000181366,27.179471000181366
5372,0.02403149299971119,24.03149299971119
5373,0.02298409500008347,22.98409500008347
5374,0.022163931999784836,22.163931999784836
5375,0.03108498299980056,31.08498299980056
5376,0.02521785099997942,25.21785099997942
5377,0.022435328000028676,22.435328000028676
5378,0.02290065399984087,22.90065399984087
5379,0.03134702500028652,31.34702500028652
5380,0.023100380999949266,23.100380999949266
5381,0.023476845000004687,23.476845000004687
5382,0.023253683999882924,23.253683999882924
5383,0.038340990000051534,38.340990000051534
5384,0.025283335000040097,25.283335000040097
5385,0.025586283999928128,25.586283999928128
5386,0.02250309200007905,22.50309200007905
5387,0.029666575000192097,29.666575000192097
5388,0.02868099799979973,28.68099799979973
5389,0.02264996500025518,22.64996500025518
5390,0.022958051999921736,22.958051999921736
5391,0.03034210800024084,30.34210800024084
5392,0.027077654000095208,27.077654000095208
5393,0.022704450000219367,22.704450000219367
5394,0.02240336600016235,22.40336600016235
5395,0.027786066999851755,27.786066999851755
5396,0.0285097869996207,28.5097869996207
5397,0.023617132999788737,23.617132999788737
5398,0.02287984700024026,22.87984700024026
5399,0.029197605999797815,29.197605999797815
5400,0.029099487000166846,29.099487000166846
5401,0.02287354800000685,22.87354800000685
5402,0.022823365000022022,22.823365000022022
5403,0.031481703000281414,31.481703000281414
5404,0.02618570599997838,26.18570599997838
5405,0.022650342999895656,22.650342999895656
5406,0.02262578099998791,22.62578099998791
5407,0.02971950300025128,29.71950300025128
5408,0.027682663000177854,27.682663000177854
5409,0.02329887800033248,23.29887800033248
5410,0.021724726000229566,21.724726000229566
5411,0.03059880799992243,30.59880799992243
5412,0.028717701000005036,28.717701000005036
5413,0.023439699000391556,23.439699000391556
5414,0.022988630999861925,22.988630999861925
5415,0.03201267499980531,32.01267499980531
5416,0.023608868999872357,23.608868999872357
5417,0.023404691999985516,23.404691999985516
5418,0.023160289999850647,23.160289999850647
5419,0.02806273299984241,28.06273299984241
5420,0.028222895999988395,28.222895999988395
5421,0.024150121999809926,24.150121999809926
5422,0.022941444000025513,22.941444000025513
5423,0.027568727000016224,27.568727000016224
5424,0.024288062000323407,24.288062000323407
5425,0.022485252000024047,22.485252000024047
5426,0.022276593999777106,22.276593999777106
5427,0.030333605000123498,30.333605000123498
5428,0.024745467000229837,24.745467000229837
5429,0.022639779999735765,22.639779999735765
5430,0.022994236000158708,22.994236000158708
