image_index,forward_latency_seconds,forward_latency_ms
0,0.02768258599985529,27.68258599985529
1,0.030140226999947117,30.140226999947117
2,0.02237368500004777,22.37368500004777
3,0.021051596999996036,21.051596999996036
4,0.027793653999879098,27.793653999879098
5,0.02713035800002217,27.13035800002217
6,0.022053126999935557,22.053126999935557
7,0.022060285999941698,22.060285999941698
8,0.02543441700004223,25.43441700004223
9,0.03225389300018833,32.25389300018833
10,0.022554849000016475,22.554849000016475
11,0.023016267999992124,23.016267999992124
12,0.026299296999923172,26.299296999923172
13,0.03797273899999709,37.97273899999709
14,0.024628901000141923,24.628901000141923
15,0.022731842999974106,22.731842999974106
16,0.043953181000006225,43.953181000006225
17,0.02403981699990254,24.03981699990254
18,0.024191051999878255,24.191051999878255
19,0.02189102399984222,21.89102399984222
20,0.039164762999917,39.164762999917
21,0.022821740000154023,22.821740000154023
22,0.022476070000038817,22.476070000038817
23,0.020807466999940516,20.807466999940516
24,0.0309282709999934,30.9282709999934
25,0.02143694599999435,21.43694599999435
26,0.022263715999997657,22.263715999997657
27,0.02287710700011303,22.87710700011303
28,0.025275978000081523,25.275978000081523
29,0.03269332900003974,32.69332900003974
30,0.02468406700018022,24.68406700018022
31,0.02433930600000167,24.33930600000167
32,0.03887234899980285,38.87234899980285
33,0.021152781999944636,21.152781999944636
34,0.023252483000078428,23.252483000078428
35,0.023192933000018456,23.192933000018456
36,0.034025379000013345,34.025379000013345
37,0.03176974000007249,31.76974000007249
38,0.02460869600008664,24.60869600008664
39,0.021546237000166002,21.546237000166002
40,0.03156722000016998,31.567220000169982
41,0.02621639500011952,26.21639500011952
42,0.02154242799997519,21.54242799997519
43,0.02075716499984992,20.75716499984992
44,0.02614112700007354,26.14112700007354
45,0.021372957000039605,21.372957000039605
46,0.0219362769998952,21.9362769998952
47,0.02149461700014399,21.49461700014399
48,0.028597839999974894,28.597839999974894
49,0.03343586000005416,33.43586000005416
50,0.022347429000092234,22.347429000092234
51,0.020815579000100115,20.815579000100115
52,0.033728444999951535,33.728444999951535
53,0.022670982999898115,22.670982999898115
54,0.0223364670000592,22.3364670000592
55,0.019981953000069552,19.981953000069552
56,0.03244268000003103,32.44268000003103
57,0.026717477000147483,26.717477000147483
58,0.022503841000116154,22.503841000116154
59,0.019949479999922914,19.949479999922914
60,0.026269762000083574,26.269762000083574
61,0.029645093999988603,29.645093999988603
62,0.025914009999951304,25.914009999951304
63,0.02075025499993899,20.75025499993899
64,0.02730958000006467,27.30958000006467
65,0.026924866000172187,26.924866000172187
66,0.02256290400009675,22.56290400009675
67,0.02105563700001767,21.05563700001767
68,0.02772249700001339,27.72249700001339
69,0.02504312799987929,25.04312799987929
70,0.021554845000082423,21.554845000082423
71,0.020802362000040375,20.802362000040375
72,0.028446446999851105,28.446446999851105
73,0.027636851999886858,27.636851999886858
74,0.022729360000084853,22.729360000084853
75,0.020115718999932142,20.11571899993214
76,0.026671836999867082,26.671836999867082
77,0.02448746899995058,24.48746899995058
78,0.02184362599996348,21.84362599996348
79,0.021347625999851516,21.347625999851516
80,0.028581876999851374,28.581876999851374
81,0.03031348199988315,30.31348199988315
82,0.026193173000137904,26.193173000137904
83,0.020870586000000912,20.870586000000912
84,0.02892793899991375,28.92793899991375
85,0.026250095000023066,26.250095000023066
86,0.021708121000074243,21.708121000074243
87,0.02081829500002641,20.81829500002641
88,0.02610140499996305,26.10140499996305
89,0.031770605000019714,31.770605000019714
90,0.022101760999930775,22.101760999930775
91,0.020836699000028602,20.836699000028602
92,0.03137792699999409,31.377926999994088
93,0.021890514999995503,21.890514999995503
94,0.02268665500014322,22.68665500014322
95,0.020753161999891745,20.753161999891745
96,0.027694285000052332,27.694285000052332
97,0.03087855299986586,30.87855299986586
98,0.022836310000002413,22.836310000002413
99,0.022366013999999268,22.366013999999268
100,0.027815454000119644,27.815454000119644
101,0.027515170000015132,27.515170000015132
102,0.02233504300011191,22.33504300011191
103,0.0208855930000027,20.8855930000027
104,0.026423348999969676,26.423348999969676
105,0.032505167999943296,32.505167999943296
106,0.022027553000043554,22.027553000043554
107,0.020403586000156793,20.403586000156793
108,0.030640769000001455,30.640769000001455
109,0.02276852499994675,22.76852499994675
110,0.022416674000169223,22.416674000169223
111,0.02058065100004569,20.58065100004569
112,0.02797696899983748,27.97696899983748
113,0.027990864999992482,27.990864999992482
114,0.02222544400001425,22.22544400001425
115,0.02070624299994961,20.70624299994961
116,0.026351770000019314,26.351770000019314
117,0.02483998299999257,24.83998299999257
118,0.022265816000071936,22.265816000071936
119,0.022340933000123187,22.340933000123187
120,0.0282215869999618,28.2215869999618
121,0.02670162099980189,26.70162099980189
122,0.022679999000047246,22.679999000047246
123,0.02081846000010046,20.81846000010046
124,0.02448767400005636,24.48767400005636
125,0.03278419999992366,32.78419999992366
126,0.02233125700013261,22.33125700013261
127,0.020844271999976627,20.844271999976627
128,0.02680221800005711,26.80221800005711
129,0.02661087100000259,26.61087100000259
130,0.02200100699997165,22.00100699997165
131,0.020149397000068348,20.149397000068348
132,0.025449586000149793,25.449586000149793
133,0.034404352000137806,34.404352000137806
134,0.02461286600009771,24.61286600009771
135,0.02310222400001294,23.10222400001294
136,0.046181522000097175,46.181522000097175
137,0.02158260600003814,21.58260600003814
138,0.0224022369998238,22.4022369998238
139,0.020411642999988544,20.411642999988544
140,0.0386804279999069,38.6804279999069
141,0.021361207999916587,21.361207999916587
142,0.022451205000152186,22.451205000152186
143,0.020388066000123217,20.388066000123217
144,0.024750202999939575,24.750202999939575
145,0.03073529900007088,30.73529900007088
146,0.022520538999970086,22.520538999970086
147,0.021018496000124287,21.018496000124287
148,0.028354462000152125,28.354462000152125
149,0.026703580000003058,26.703580000003058
150,0.022624289999839675,22.624289999839675
151,0.02128333600012411,21.28333600012411
152,0.025985987000012756,25.985987000012756
153,0.030182165000042005,30.182165000042005
154,0.02339751499994236,23.39751499994236
155,0.02268230999993648,22.68230999993648
156,0.026575371000035375,26.575371000035375
157,0.028329906999942978,28.329906999942978
158,0.02308953399983693,23.08953399983693
159,0.02131945199994334,21.31945199994334
160,0.026430097000002206,26.430097000002206
161,0.02961877799998547,29.61877799998547
162,0.0249943759999951,24.9943759999951
163,0.02241190400013693,22.41190400013693
164,0.029559927000036623,29.559927000036623
165,0.030731925000054616,30.731925000054616
166,0.025321070000018153,25.321070000018153
167,0.021926378999978624,21.926378999978624
168,0.03160464999996293,31.60464999996293
169,0.027610167999910118,27.610167999910118
170,0.02366379299996879,23.66379299996879
171,0.02197161200001574,21.97161200001574
172,0.030552162000049066,30.552162000049066
173,0.028076789999886387,28.076789999886387
174,0.023980015999995885,23.980015999995885
175,0.022065699999984645,22.065699999984645
176,0.030590726000127688,30.590726000127688
177,0.029777756999919802,29.777756999919802
178,0.024189309000121284,24.189309000121284
179,0.02367970599993896,23.67970599993896
180,0.02844889199991485,28.44889199991485
181,0.023061900000129754,23.061900000129754
182,0.023155515999860654,23.155515999860654
183,0.022481656000081784,22.481656000081784
184,0.032681159000048865,32.681159000048865
185,0.02356894500007911,23.56894500007911
186,0.023558995000030336,23.558995000030336
187,0.021364245000086157,21.364245000086157
188,0.03155319300003612,31.553193000036117
189,0.02766359699990062,27.66359699990062
190,0.023732701999961137,23.732701999961137
191,0.02247272700014946,22.47272700014946
192,0.03656615399995644,36.56615399995644
193,0.02286121500014815,22.86121500014815
194,0.024342594000017925,24.342594000017925
195,0.022904048000100374,22.904048000100374
196,0.027138048000097115,27.138048000097115
197,0.031667577999996865,31.667577999996865
198,0.024192504999973607,24.192504999973607
199,0.023529368000026807,23.529368000026807
200,0.0324945069999103,32.4945069999103
201,0.02845336599989423,28.45336599989423
202,0.025057156999992003,25.057156999992003
203,0.022203231000048618,22.203231000048618
204,0.027091788999996425,27.091788999996425
205,0.03414950299998054,34.14950299998054
206,0.025361109999948894,25.361109999948894
207,0.024625528000115082,24.625528000115082
208,0.04126821899990318,41.26821899990318
209,0.024475971999891044,24.475971999891044
210,0.023152150999976584,23.152150999976584
211,0.022482578000108333,22.482578000108333
212,0.028996927999969557,28.996927999969557
213,0.02391451799985589,23.91451799985589
214,0.023952432999976736,23.952432999976736
215,0.022137570000040796,22.137570000040796
216,0.032437339000125576,32.437339000125576
217,0.023520345000179077,23.520345000179077
218,0.024247275000107038,24.247275000107038
219,0.022027157999900737,22.027157999900737
220,0.034890996000058294,34.890996000058294
221,0.02359721800007719,23.59721800007719
222,0.023805815000059738,23.805815000059738
223,0.022381037000059223,22.381037000059223
224,0.025825538999924902,25.825538999924902
225,0.03493503899994721,34.93503899994721
226,0.024401795000130733,24.401795000130733
227,0.022406371999977637,22.406371999977637
228,0.03128194999999323,31.28194999999323
229,0.027742737999915335,27.742737999915335
230,0.024127816999907736,24.127816999907736
231,0.022667324999929406,22.667324999929406
232,0.030336645000033968,30.33664500003397
233,0.028503971999953137,28.503971999953137
234,0.02503160400010529,25.03160400010529
235,0.02182500699996126,21.82500699996126
236,0.030631677999963358,30.631677999963358
237,0.027373932000045897,27.373932000045897
238,0.023492267000165157,23.492267000165157
239,0.0221556829999372,22.1556829999372
240,0.030233807000058732,30.233807000058732
241,0.028104799999937313,28.104799999937313
242,0.024311427999919033,24.311427999919033
243,0.0224259770000117,22.4259770000117
244,0.031246955999904458,31.246955999904458
245,0.027603456000178994,27.603456000178994
246,0.024193920000016078,24.193920000016078
247,0.02226623000001382,22.26623000001382
248,0.03274663699994562,32.74663699994562
249,0.022785986999906527,22.785986999906527
250,0.02350583399993411,23.50583399993411
251,0.02254422400005751,22.54422400005751
252,0.04573283900003844,45.73283900003844
253,0.02628995700001724,26.28995700001724
254,0.02410062800004198,24.10062800004198
255,0.02213271799996619,22.13271799996619
256,0.03503645500018138,35.03645500018138
257,0.02354245100013941,23.54245100013941
258,0.02449412000009943,24.49412000009943
259,0.02242356699980519,22.42356699980519
260,0.02781339700004537,27.81339700004537
261,0.022804737999877034,22.804737999877034
262,0.024493497000094067,24.493497000094067
263,0.02343048399984582,23.43048399984582
264,0.03565676000016538,35.65676000016538
265,0.02299579099985749,22.99579099985749
266,0.0247564759999932,24.7564759999932
267,0.022421328000064022,22.421328000064022
268,0.028237794000006033,28.237794000006033
269,0.022398326000029556,22.398326000029556
270,0.02327303600009145,23.27303600009145
271,0.02242478200014375,22.42478200014375
272,0.032427954000013415,32.427954000013415
273,0.023625110000011773,23.625110000011773
274,0.023849214999927426,23.849214999927426
275,0.022852647000036086,22.852647000036086
276,0.038481942000089475,38.481942000089475
277,0.023432847999856676,23.432847999856676
278,0.024057248999952208,24.057248999952208
279,0.022604232999810847,22.604232999810847
280,0.02711553900007857,27.11553900007857
281,0.05440161499996066,54.40161499996066
282,0.0789839500000653,78.9839500000653
283,0.047768111999857865,47.768111999857865
284,0.030051822000132233,30.051822000132233
285,0.02711086899989823,27.11086899989823
286,0.024068919999990612,24.068919999990612
287,0.02187857600006282,21.87857600006282
288,0.029564373000084743,29.564373000084743
289,0.027617531000032614,27.617531000032614
290,0.023517315999924904,23.517315999924904
291,0.02191228099991349,21.91228099991349
292,0.028591028999926493,28.591028999926493
293,0.028572478999876694,28.572478999876694
294,0.023849420000033206,23.849420000033206
295,0.022650679999969725,22.650679999969725
296,0.029058741999961057,29.058741999961057
297,0.029110912000078315,29.110912000078315
298,0.029730066999945848,29.730066999945848
299,0.023975225000185674,23.975225000185674
300,0.03561353000009149,35.61353000009149
301,0.028399977000162835,28.399977000162835
302,0.022868751000032717,22.868751000032717
303,0.021915925000030256,21.915925000030256
304,0.03191386000003149,31.91386000003149
305,0.028055295000058322,28.055295000058322
306,0.023840099999915765,23.840099999915765
307,0.022408186000120622,22.408186000120622
308,0.03298485100003745,32.98485100003745
309,0.027650397000115845,27.650397000115845
310,0.02418910500000493,24.18910500000493
311,0.021803942000133247,21.803942000133247
312,0.030814077000059115,30.814077000059115
313,0.027697189000036815,27.697189000036815
314,0.024224441000114894,24.224441000114894
315,0.02256748900003913,22.56748900003913
316,0.033229820999849835,33.229820999849835
317,0.02310456800000793,23.10456800000793
318,0.023148998999886317,23.148998999886317
319,0.022439115999986825,22.439115999986825
320,0.028050134000068283,28.050134000068283
321,0.03431512300016948,34.31512300016948
322,0.02344746599987957,23.44746599987957
323,0.022406692000004114,22.406692000004114
324,0.03442172099994423,34.42172099994423
325,0.022316216000035638,22.316216000035638
326,0.023393847000079404,23.393847000079404
327,0.02205348700022114,22.05348700022114
328,0.02731462100018689,27.31462100018689
329,0.0249473809999472,24.9473809999472
330,0.023877592999951958,23.877592999951958
331,0.021684374999949796,21.684374999949796
332,0.03028430400013349,30.28430400013349
333,0.027575131000048714,27.575131000048714
334,0.02408708200005094,24.08708200005094
335,0.021916657000019768,21.916657000019768
336,0.030550143000027674,30.550143000027674
337,0.02719077400001879,27.19077400001879
338,0.02403496300007646,24.03496300007646
339,0.022400245999961044,22.400245999961044
340,0.03140989600001376,31.40989600001376
341,0.024678207000079055,24.678207000079055
342,0.02392456100005802,23.92456100005802
343,0.022349253999891516,22.349253999891516
344,0.032204313000193,32.204313000193
345,0.022969803000023603,22.969803000023603
346,0.02399467099985486,23.99467099985486
347,0.022385760999895865,22.385760999895865
348,0.031376664000163146,31.376664000163146
349,0.022971599999891623,22.971599999891623
350,0.023612631000105466,23.612631000105466
351,0.022431036000170934,22.431036000170934
352,0.03263257899993732,32.63257899993732
353,0.022124078999922858,22.124078999922858
354,0.02393805299993801,23.93805299993801
355,0.022122692000039024,22.122692000039024
356,0.03109585899983358,31.09585899983358
357,0.025388374000158365,25.388374000158365
358,0.02370807900001637,23.70807900001637
359,0.021828028000072663,21.828028000072663
360,0.032249604000071486,32.249604000071486
361,0.02398904799997581,23.98904799997581
362,0.02368824600011976,23.68824600011976
363,0.022300219000044308,22.300219000044308
364,0.03173056400009955,31.730564000099548
365,0.02500276799992207,25.00276799992207
366,0.02623819999985244,26.23819999985244
367,0.026304265999897325,26.304265999897325
368,0.054666070999928706,54.666070999928706
369,0.03066825099995185,30.66825099995185
370,0.03085420799993699,30.85420799993699
371,0.02965408000000025,29.65408000000025
372,0.03402734499991311,34.02734499991311
373,0.021769742000060432,21.769742000060432
374,0.021543034999922384,21.543034999922384
375,0.026089774999945803,26.089774999945803
376,0.03391132800015839,33.91132800015839
377,0.031778712000004816,31.778712000004816
378,0.029024279999930513,29.024279999930513
379,0.024298735000002125,24.298735000002125
380,0.028386486000044897,28.386486000044897
381,0.027001012000027913,27.001012000027913
382,0.02233877100002246,22.33877100002246
383,0.020990998000115724,20.990998000115724
384,0.029440238000006502,29.440238000006502
385,0.021895115000006626,21.895115000006626
386,0.022274289000051795,22.274289000051795
387,0.020609076000027926,20.609076000027926
388,0.03314467999985027,33.14467999985027
389,0.02728526300006706,27.28526300006706
390,0.022768874000121286,22.768874000121286
391,0.02047073000017008,20.47073000017008
392,0.03234949200009396,32.34949200009396
393,0.027027172000089195,27.027172000089195
394,0.022208111999816538,22.208111999816538
395,0.020006507999823953,20.006507999823953
396,0.030309543999919697,30.309543999919697
397,0.02810672999999042,28.10672999999042
398,0.02226426199990783,22.26426199990783
399,0.020561567999948238,20.561567999948238
400,0.029894135999938953,29.894135999938953
401,0.02175535200012746,21.75535200012746
402,0.022827065999990737,22.827065999990737
403,0.02059379699994679,20.59379699994679
404,0.033222778999970615,33.222778999970615
405,0.026364449000084278,26.364449000084278
406,0.02182272999993984,21.82272999993984
407,0.020124673000054827,20.124673000054827
408,0.032531930999994074,32.531930999994074
409,0.02621986899998774,26.21986899998774
410,0.02171962500005975,21.71962500005975
411,0.02115283500006626,21.15283500006626
412,0.03132712299998275,31.32712299998275
413,0.027579989000059868,27.579989000059868
414,0.022088710999923933,22.088710999923933
415,0.020647598000095968,20.647598000095968
416,0.03841054899999108,38.41054899999108
417,0.03868264800007637,38.68264800007637
418,0.024955123000154344,24.955123000154344
419,0.02267989500001022,22.67989500001022
420,0.04839497500006473,48.39497500006473
421,0.029938470999923084,29.938470999923084
422,0.024024738999969486,24.024738999969486
423,0.02180517599981613,21.80517599981613
424,0.04278700400004709,42.78700400004709
425,0.022448586999871623,22.448586999871623
426,0.02342346900013581,23.42346900013581
427,0.02205599900003108,22.05599900003108
428,0.026402448999988337,26.402448999988337
429,0.030087844000036057,30.087844000036057
430,0.02405766899983064,24.05766899983064
431,0.02240550099986649,22.40550099986649
432,0.028837850999934744,28.837850999934744
433,0.027856380999992325,27.856380999992325
434,0.024716212999919662,24.716212999919662
435,0.021914396000056513,21.914396000056513
436,0.029599149999967267,29.599149999967267
437,0.027976862000059555,27.976862000059555
438,0.023714690999895538,23.714690999895538
439,0.022450595000009343,22.450595000009343
440,0.029408477999822935,29.408477999822935
441,0.027636440999913248,27.636440999913248
442,0.022753849000082482,22.753849000082482
443,0.021882909999931144,21.882909999931144
444,0.029726858999993055,29.726858999993055
445,0.027793942000016614,27.793942000016614
446,0.02258801300013147,22.58801300013147
447,0.021848418999979913,21.848418999979913
448,0.02803417400014041,28.03417400014041
449,0.027996523999945566,27.996523999945566
450,0.02312384399988332,23.12384399988332
451,0.02357946099982655,23.57946099982655
452,0.030164967000018805,30.164967000018805
453,0.02792444799979421,27.92444799979421
454,0.02545137199990677,25.45137199990677
455,0.022147508999978527,22.147508999978527
456,0.028311938999877384,28.311938999877384
457,0.027451294000002235,27.451294000002235
458,0.023444458999847484,23.444458999847484
459,0.021089326000037545,21.089326000037545
460,0.028190090999942186,28.190090999942186
461,0.02831549100005759,28.31549100005759
462,0.024281547000100545,24.281547000100545
463,0.022357800000008865,22.357800000008865
464,0.03148390699993797,31.48390699993797
465,0.032307361999983186,32.307361999983186
466,0.027438766999921427,27.438766999921427
467,0.023371244000145452,23.371244000145452
468,0.0323606550000477,32.3606550000477
469,0.02783223000005819,27.83223000005819
470,0.021408127000086097,21.408127000086097
471,0.020085561000087182,20.085561000087182
472,0.03033059399990634,30.33059399990634
473,0.02111853700012034,21.11853700012034
474,0.022277095999925223,22.277095999925223
475,0.020892386000014085,20.892386000014085
476,0.03267858399999568,32.67858399999568
477,0.02681367499985754,26.81367499985754
478,0.022431170000118072,22.431170000118072
479,0.02092077599991171,20.92077599991171
480,0.03297024500011503,32.97024500011503
481,0.02732661699997152,27.32661699997152
482,0.022786861999975372,22.786861999975372
483,0.020138019999876633,20.138019999876633
484,0.03125466799997412,31.254667999974117
485,0.026573027000040383,26.573027000040383
486,0.022351933999971152,22.351933999971152
487,0.020334420999915892,20.334420999915892
488,0.03531377399986013,35.31377399986013
489,0.022440115000108563,22.440115000108563
490,0.022366904000136856,22.366904000136856
491,0.020912546999852566,20.912546999852566
492,0.03626607100000001,36.26607100000001
493,0.022050181000167868,22.050181000167868
494,0.02234007400011251,22.34007400011251
495,0.021079628000052253,21.079628000052253
496,0.03462929699981032,34.62929699981032
497,0.021513314000003447,21.513314000003447
498,0.022852835999856325,22.852835999856325
499,0.020703409000134343,20.703409000134343
500,0.03390452399980859,33.90452399980859
501,0.026719161000073655,26.719161000073655
502,0.023159866000014517,23.159866000014517
503,0.020302238000112993,20.302238000112993
504,0.031062253000072815,31.062253000072815
505,0.026506054000037693,26.506054000037693
506,0.022581030000083047,22.581030000083047
507,0.021132692000037423,21.132692000037423
508,0.029881508000016765,29.881508000016765
509,0.027767012000140312,27.767012000140312
510,0.02337554999985514,23.37554999985514
511,0.020768787999941196,20.768787999941196
512,0.02809396900011052,28.09396900011052
513,0.02887040399991747,28.87040399991747
514,0.022767333000047074,22.767333000047074
515,0.021959848000051352,21.959848000051352
516,0.028631861000121717,28.631861000121717
517,0.02088159999993877,20.88159999993877
518,0.02238120400011212,22.38120400011212
519,0.02008347700007107,20.08347700007107
520,0.030296540000108507,30.296540000108507
521,0.02744299999994837,27.44299999994837
522,0.024936006999951132,24.936006999951132
523,0.021182737000117413,21.182737000117413
524,0.0311699100000169,31.1699100000169
525,0.027829227999973227,27.829227999973227
526,0.021966135999946346,21.966135999946346
527,0.020694886000001134,20.694886000001134
528,0.031668414000023404,31.668414000023404
529,0.026934883999956583,26.934883999956583
530,0.022118564000038532,22.118564000038532
531,0.020158460999937233,20.158460999937233
532,0.029407648999949743,29.407648999949743
533,0.022271497000019735,22.271497000019735
534,0.020574568000029103,20.574568000029103
535,0.021572305999825403,21.572305999825403
536,0.033021738000115874,33.021738000115874
537,0.02846372099998007,28.46372099998007
538,0.021071088000098825,21.071088000098825
539,0.0222237169998607,22.2237169998607
540,0.03418392599996878,34.18392599996878
541,0.035812052999972366,35.812052999972366
542,0.02761384700011149,27.61384700011149
543,0.02766023099979975,27.66023099979975
544,0.026365658000031544,26.365658000031544
545,0.03511160200014274,35.11160200014274
546,0.021173316999920644,21.173316999920644
547,0.021248065000008864,21.248065000008864
548,0.0289854780000951,28.9854780000951
549,0.027774023000119996,27.774023000119996
550,0.02144124999995256,21.44124999995256
551,0.021236357999896427,21.236357999896427
552,0.03239727799996217,32.39727799996217
553,0.02826927599994633,28.26927599994633
554,0.020621248999987074,20.621248999987074
555,0.021365943000091647,21.365943000091647
556,0.031486345999837795,31.486345999837795
557,0.02725133800004187,27.25133800004187
558,0.020732468999995035,20.732468999995035
559,0.021757722000074864,21.757722000074864
560,0.029829594999910114,29.829594999910114
561,0.02248236800005543,22.48236800005543
562,0.020955147999984547,20.955147999984547
563,0.022174581999934162,22.174581999934162
564,0.032046081999851594,32.046081999851594
565,0.02757624500009115,27.57624500009115
566,0.02136004900012267,21.36004900012267
567,0.021340296000062153,21.340296000062153
568,0.03256641899997703,32.56641899997703
569,0.027894448000097327,27.894448000097327
570,0.020795024000108242,20.795024000108242
571,0.0236716179999803,23.6716179999803
572,0.030976004999956785,30.976004999956785
573,0.02769012999988263,27.69012999988263
574,0.020682258999840997,20.682258999840997
575,0.02212165100013408,22.12165100013408
576,0.029572034000011627,29.572034000011627
577,0.02837628399993264,28.37628399993264
578,0.02135092399998939,21.35092399998939
579,0.021443905000069208,21.443905000069208
580,0.02714169699993363,27.14169699993363
581,0.02998010000010254,29.98010000010254
582,0.02112048699996194,21.12048699996194
583,0.02253327900007207,22.53327900007207
584,0.02809735499999988,28.09735499999988
585,0.02201830500007418,22.01830500007418
586,0.02161185599993587,21.61185599993587
587,0.02222548400004598,22.22548400004598
588,0.03185484899995572,31.85484899995572
589,0.041496559000052,41.496559000052
590,0.02116779699986182,21.16779699986182
591,0.021546261999901617,21.546261999901617
592,0.031998715999861815,31.998715999861815
593,0.028396187999987887,28.396187999987887
594,0.021374653000066246,21.374653000066246
595,0.02093484100009846,20.93484100009846
596,0.02908663800008071,29.08663800008071
597,0.02849917000003188,28.49917000003188
598,0.02047545599998557,20.47545599998557
599,0.021798417999889352,21.798417999889352
600,0.02690933799999584,26.90933799999584
601,0.029822041999977955,29.822041999977955
602,0.02103118600007292,21.03118600007292
603,0.02209071400011453,22.09071400011453
604,0.028881625999929383,28.881625999929383
605,0.023030761999962124,23.030761999962124
606,0.021106585999859817,21.106585999859817
607,0.022162329999900976,22.162329999900976
608,0.022952051999936884,22.952051999936884
609,0.035851348000051075,35.851348000051075
610,0.020976485999881334,20.976485999881334
611,0.021976187999825925,21.976187999825925
612,0.033738752999852295,33.738752999852295
613,0.028058319000138,28.058319000138
614,0.020546379000052184,20.546379000052184
615,0.020679733999941163,20.679733999941163
616,0.029988151999987167,29.988151999987167
617,0.02812081100000796,28.12081100000796
618,0.02103239100006249,21.03239100006249
619,0.02188541800001076,21.88541800001076
620,0.031217394999885073,31.217394999885073
621,0.022935764000067138,22.935764000067138
622,0.021359682999900542,21.359682999900542
623,0.021604000000024826,21.604000000024826
624,0.030160952999949586,30.160952999949586
625,0.031228602999817667,31.228602999817667
626,0.020973034999997253,20.973034999997253
627,0.021854151000070487,21.854151000070487
628,0.031639734999998836,31.639734999998836
629,0.029409789999817804,29.409789999817804
630,0.021065648999865516,21.065648999865516
631,0.02121759600004225,21.21759600004225
632,0.03258504899986292,32.58504899986292
633,0.029093533999912324,29.093533999912324
634,0.021023739000156638,21.023739000156638
635,0.021146264000208248,21.146264000208248
636,0.030597710000165534,30.597710000165534
637,0.028242410000075324,28.242410000075324
638,0.020496302000083233,20.496302000083233
639,0.034971737999967445,34.971737999967445
640,0.04124051500002679,41.24051500002679
641,0.022940415999983088,22.940415999983088
642,0.020497321999982887,20.497321999982887
643,0.022460888000068735,22.460888000068735
644,0.02756421300000511,27.56421300000511
645,0.027887005999900794,27.887005999900794
646,0.020871177000117314,20.871177000117314
647,0.021697996000057174,21.697996000057174
648,0.029508747999898333,29.508747999898333
649,0.02521836500000063,25.21836500000063
650,0.022910668999884365,22.910668999884365
651,0.02308571999992637,23.08571999992637
652,0.0371489679998831,37.1489679998831
653,0.023782422999829578,23.782422999829578
654,0.02205015300000923,22.05015300000923
655,0.022941324999919743,22.941324999919743
656,0.02708155799996348,27.08155799996348
657,0.02646216099992671,26.46216099992671
658,0.022711066000056235,22.711066000056235
659,0.023516588000120464,23.516588000120464
660,0.028420399999959045,28.420399999959045
661,0.024213067000118826,24.213067000118826
662,0.022778307999942626,22.778307999942626
663,0.022897948000036195,22.897948000036195
664,0.031766362000098525,31.766362000098525
665,0.02449875900015286,24.49875900015286
666,0.022604911000144057,22.604911000144057
667,0.023311416000069585,23.311416000069585
668,0.034848336999857565,34.848336999857565
669,0.025470493000057104,25.470493000057104
670,0.022716920999982904,22.716920999982904
671,0.02352064799993059,23.52064799993059
672,0.026967269999886412,26.967269999886412
673,0.02293360799990296,22.93360799990296
674,0.02212811800018244,22.12811800018244
675,0.023085309999942183,23.085309999942183
676,0.02944755599992277,29.44755599992277
677,0.02866144599988729,28.66144599988729
678,0.02273395299994263,22.73395299994263
679,0.023736688999861144,23.736688999861144
680,0.030409104000000298,30.409104000000298
681,0.026865429000054064,26.865429000054064
682,0.02274148900005457,22.74148900005457
683,0.023668185999895286,23.668185999895286
684,0.03459923299988077,34.59923299988077
685,0.023994058999960544,23.994058999960544
686,0.022398812999881557,22.398812999881557
687,0.023369536000018343,23.369536000018343
688,0.036745640999924944,36.745640999924944
689,0.024226597000051697,24.226597000051697
690,0.02426786399996672,24.26786399996672
691,0.023892345999911413,23.892345999911413
692,0.025699021000036737,25.699021000036737
693,0.029655932999958168,29.655932999958168
694,0.022801943000104075,22.801943000104075
695,0.024215120999997453,24.215120999997453
696,0.028828341999997065,28.828341999997065
697,0.028225740000152655,28.225740000152655
698,0.022976863999929265,22.976863999929265
699,0.022733943000048384,22.733943000048384
700,0.027765988999817637,27.765988999817637
701,0.029390666000153942,29.390666000153942
702,0.022368858000163527,22.368858000163527
703,0.023942232000081276,23.942232000081276
704,0.0338711780000267,33.8711780000267
705,0.028803447999962373,28.803447999962373
706,0.047643498000070394,47.643498000070394
707,0.025762002999954348,25.762002999954348
708,0.03866907299993727,38.66907299993727
709,0.027444068000022526,27.444068000022526
710,0.022683663999941928,22.683663999941928
711,0.023392392999994627,23.392392999994627
712,0.03505714900006751,35.05714900006751
713,0.027357904999917082,27.357904999917082
714,0.026262043999849993,26.262043999849993
715,0.0254898640000647,25.4898640000647
716,0.03368563899994115,33.68563899994115
717,0.02525333799985674,25.25333799985674
718,0.022767251999994187,22.767251999994187
719,0.024088481000035245,24.088481000035245
720,0.02768903300011516,27.68903300011516
721,0.02553630400007023,25.53630400007023
722,0.023018873999944844,23.018873999944844
723,0.022960150000017165,22.960150000017165
724,0.029210399000021425,29.210399000021425
725,0.02911391700013155,29.11391700013155
726,0.022149883000111004,22.149883000111004
727,0.023992857999928674,23.992857999928674
728,0.03073077499993815,30.73077499993815
729,0.025768738000124358,25.768738000124358
730,0.023534137000069677,23.534137000069677
731,0.023328045999960523,23.328045999960523
732,0.03378193999992618,33.78193999992618
733,0.024795816000050763,24.795816000050763
734,0.022671154999898135,22.671154999898135
735,0.023650713000051837,23.650713000051837
736,0.02692485900001884,26.92485900001884
737,0.02411742799995409,24.11742799995409
738,0.022749892999854637,22.749892999854637
739,0.022674871999925017,22.674871999925017
740,0.03165341199996874,31.65341199996874
741,0.025112363000062032,25.112363000062032
742,0.022223944999950618,22.223944999950618
743,0.023016804999997476,23.016804999997476
744,0.030147481000085463,30.147481000085463
745,0.028224759000067934,28.224759000067934
746,0.022876907999943796,22.876907999943796
747,0.024045326000077694,24.045326000077694
748,0.027425379000078465,27.425379000078465
749,0.028895411999883436,28.895411999883436
750,0.02262339100002464,22.62339100002464
751,0.02263553099987803,22.63553099987803
752,0.030931020000025455,30.931020000025455
753,0.02477209199992103,24.77209199992103
754,0.022601475999863396,22.601475999863396
755,0.023307210999973904,23.307210999973904
756,0.037445496000145795,37.445496000145795
757,0.0261182290000761,26.1182290000761
758,0.023246470000003683,23.246470000003683
759,0.02396107499998834,23.96107499998834
760,0.03245776099993236,32.45776099993236
761,0.02980057400009173,29.80057400009173
762,0.023145093000039196,23.145093000039196
763,0.02343675399993117,23.43675399993117
764,0.035092292999934216,35.092292999934216
765,0.024675164999962362,24.675164999962362
766,0.02295397100010632,22.95397100010632
767,0.02450138699987292,24.50138699987292
768,0.03702234499996848,37.02234499996848
769,0.02469992800001819,24.69992800001819
770,0.022242569000127332,22.242569000127332
771,0.023297468999999182,23.297468999999182
772,0.03255671200008692,32.55671200008692
773,0.023071308999988105,23.071308999988105
774,0.02278963100002329,22.78963100002329
775,0.023239937999960603,23.239937999960603
776,0.026103577999947447,26.103577999947447
777,0.02587090200017883,25.87090200017883
778,0.02225826399990183,22.25826399990183
779,0.02233379600011176,22.33379600011176
780,0.030047985000010158,30.047985000010158
781,0.02870572599999832,28.70572599999832
782,0.022915024999974776,22.915024999974776
783,0.023739583999940805,23.739583999940805
784,0.030249121999986528,30.249121999986528
785,0.02568776499992964,25.68776499992964
786,0.022843542000146044,22.843542000146044
787,0.023590964000050008,23.590964000050008
788,0.03801016299985349,38.01016299985349
789,0.02408954700013055,24.08954700013055
790,0.022816843000100562,22.81684300010056
791,0.02430813799992393,24.30813799992393
792,0.02518403500016575,25.18403500016575
793,0.03309964699997181,33.09964699997181
794,0.02372740599980716,23.72740599980716
795,0.02322904200013909,23.22904200013909
796,0.03012891999992462,30.12891999992462
797,0.02822145899995121,28.22145899995121
798,0.02266553799995563,22.66553799995563
799,0.023135143999979846,23.135143999979846
800,0.029655687000058606,29.655687000058606
801,0.02897372899997208,28.97372899997208
802,0.022910356000011234,22.910356000011234
803,0.023391671000126735,23.391671000126735
804,0.030796573999850807,30.796573999850807
805,0.03000109100003101,30.00109100003101
806,0.027131449999842516,27.131449999842516
807,0.029071968999915043,29.071968999915043
808,0.04272400700006074,42.72400700006074
809,0.025105007000092883,25.105007000092883
810,0.022219063999955324,22.219063999955324
811,0.02336638400015545,23.36638400015545
812,0.027805731999933414,27.805731999933414
813,0.023298128999840628,23.29812899984063
814,0.02307453200000964,23.07453200000964
815,0.02263645300013195,22.63645300013195
816,0.042571147999979075,42.571147999979075
817,0.023981915000149456,23.981915000149456
818,0.022241726999936873,22.241726999936873
819,0.02223832200002107,22.23832200002107
820,0.025225275000138936,25.225275000138936
821,0.03281035999998494,32.81035999998494
822,0.022958132999974623,22.958132999974623
823,0.023477786000057677,23.477786000057677
824,0.03982765700015989,39.82765700015989
825,0.02495704000011756,24.95704000011756
826,0.021790238999983558,21.790238999983558
827,0.023033370999883118,23.033370999883118
828,0.036935384000116755,36.935384000116755
829,0.024009433999935936,24.009433999935936
830,0.022178528000040387,22.178528000040387
831,0.023942953999949168,23.942953999949168
832,0.027094725999859293,27.094725999859293
833,0.024702431000150682,24.702431000150682
834,0.022980653000104212,22.980653000104212
835,0.02368984800000362,23.68984800000362
836,0.0361312249999628,36.1312249999628
837,0.024644540000053894,24.644540000053894
838,0.02286122800001067,22.86122800001067
839,0.02316398199991454,23.16398199991454
840,0.026155068999969444,26.155068999969444
841,0.031983865000029255,31.983865000029255
842,0.022765597999978127,22.765597999978127
843,0.02387141900021561,23.87141900021561
844,0.028622107000046526,28.622107000046526
845,0.02949158499995974,29.49158499995974
846,0.022773957000026712,22.773957000026712
847,0.02347396999994089,23.47396999994089
848,0.028322744999968563,28.322744999968563
849,0.029095133000055284,29.095133000055284
850,0.02237424899999496,22.37424899999496
851,0.022883998999986943,22.883998999986943
852,0.03219596700000693,32.19596700000693
853,0.029998574999808625,29.998574999808625
854,0.02201005000006262,22.01005000006262
855,0.023941072000070562,23.941072000070562
856,0.02945222499988631,29.45222499988631
857,0.028707774000167774,28.707774000167774
858,0.022728820000111227,22.728820000111227
859,0.023725729000034335,23.725729000034335
860,0.03144804400017165,31.44804400017165
861,0.02370356799997353,23.70356799997353
862,0.022731254000063927,22.731254000063927
863,0.02281047899987243,22.81047899987243
864,0.03055994099986492,30.55994099986492
865,0.027102482999907807,27.102482999907807
866,0.022329765999984375,22.329765999984375
867,0.02306955399990329,23.06955399990329
868,0.030393473999993148,30.393473999993148
869,0.02928189499994005,29.28189499994005
870,0.02307405600004131,23.07405600004131
871,0.024359409999988202,24.359409999988202
872,0.027297531000158415,27.297531000158415
873,0.024105427999984386,24.105427999984386
874,0.022714852000035535,22.714852000035535
875,0.024424180000096385,24.424180000096385
876,0.03194236100011949,31.94236100011949
877,0.023697675999983403,23.697675999983403
878,0.022778393999942637,22.778393999942637
879,0.024318751000009797,24.318751000009797
880,0.04625399999986257,46.25399999986257
881,0.07932651800001622,79.32651800001622
882,0.021787645999893357,21.787645999893357
883,0.027279050999823085,27.279050999823085
884,0.042871699999977864,42.871699999977864
885,0.023763069999859,23.763069999859
886,0.020384869000054096,20.384869000054096
887,0.023558340000136013,23.558340000136013
888,0.03175668900007622,31.75668900007622
889,0.028229715999941618,28.229715999941618
890,0.022355387000061455,22.355387000061455
891,0.022463676000143096,22.463676000143096
892,0.029578142999980628,29.578142999980628
893,0.030085173000088616,30.085173000088616
894,0.022830643000133932,22.830643000133932
895,0.02429944099981185,24.29944099981185
896,0.02794603899997128,27.94603899997128
897,0.027192873999865697,27.192873999865697
898,0.022031223999874783,22.031223999874783
899,0.023284803000024112,23.284803000024112
900,0.03067998999995325,30.67998999995325
901,0.025616931000058685,25.616931000058685
902,0.023119045999919763,23.119045999919763
903,0.023402559000032852,23.402559000032852
904,0.031596906999993735,31.596906999993735
905,0.02453715599995121,24.53715599995121
906,0.022376729999905365,22.376729999905365
907,0.022602055000106702,22.602055000106702
908,0.029835632999947848,29.835632999947848
909,0.02636770999993132,26.36770999993132
910,0.022261434000029112,22.261434000029112
911,0.023167947000047207,23.167947000047207
912,0.03015212199989037,30.15212199989037
913,0.027608512999904633,27.608512999904633
914,0.0222211679999873,22.2211679999873
915,0.02407183500008614,24.07183500008614
916,0.02849374699985674,28.49374699985674
917,0.029276373999891803,29.276373999891803
918,0.02295880299993769,22.95880299993769
919,0.023764609999943787,23.764609999943787
920,0.0272531620000791,27.2531620000791
921,0.028606214000092223,28.606214000092223
922,0.022184551000009378,22.184551000009378
923,0.024313205999987986,24.313205999987986
924,0.026360880000083853,26.360880000083853
925,0.0386546229999567,38.6546229999567
926,0.02297731399994518,22.97731399994518
927,0.023879851999936363,23.879851999936363
928,0.02867846900016957,28.67846900016957
929,0.029297238000026482,29.297238000026482
930,0.023381653999877017,23.381653999877017
931,0.02336260700008097,23.36260700008097
932,0.029428762999941682,29.428762999941682
933,0.02957494899987978,29.57494899987978
934,0.022264866000114125,22.264866000114125
935,0.022792613000092388,22.792613000092388
936,0.029506058999913876,29.506058999913876
937,0.029256310999926427,29.256310999926427
938,0.02234334900003887,22.34334900003887
939,0.02401313600012145,24.01313600012145
940,0.029016874000035386,29.016874000035386
941,0.029269787999965047,29.269787999965047
942,0.022959746999958952,22.959746999958952
943,0.024382629000001543,24.382629000001543
944,0.03109144399991237,31.09144399991237
945,0.03398184599996057,33.98184599996057
946,0.02306614700000864,23.06614700000864
947,0.024562096999943606,24.562096999943606
948,0.030932116000030874,30.932116000030874
949,0.02842575699992267,28.42575699992267
950,0.02244168700008231,22.44168700008231
951,0.022798641999997926,22.798641999997926
952,0.02874481100002413,28.74481100002413
953,0.029358923000017967,29.358923000017967
954,0.022235474999888538,22.235474999888538
955,0.02360559099997772,23.60559099997772
956,0.03082767099999728,30.82767099999728
957,0.030050642000105654,30.050642000105654
958,0.02284801700011485,22.84801700011485
959,0.02491463400019711,24.91463400019711
960,0.027075178000131928,27.075178000131928
961,0.02751266800009944,27.51266800009944
962,0.022914768999953594,22.914768999953594
963,0.023228083000049082,23.228083000049082
964,0.03097615800015774,30.97615800015774
965,0.024575938999987557,24.575938999987557
966,0.022852483999940887,22.852483999940887
967,0.023815798999976323,23.815798999976323
968,0.02847508900003959,28.47508900003959
969,0.0250744659999782,25.0744659999782
970,0.022678854000105275,22.678854000105275
971,0.022312929000008808,22.312929000008808
972,0.03156949100002748,31.569491000027483
973,0.02768046400001367,27.68046400001367
974,0.022469776999969326,22.469776999969326
975,0.023375223000130063,23.375223000130063
976,0.03386640200005786,33.86640200005786
977,0.02505490499993357,25.05490499993357
978,0.022935266999866144,22.935266999866144
979,0.023724035000213917,23.724035000213917
980,0.02657714599990868,26.57714599990868
981,0.035042463999843676,35.042463999843676
982,0.023591310000028898,23.591310000028898
983,0.023226211999826774,23.226211999826774
984,0.030091975999994247,30.091975999994247
985,0.029575796000017363,29.575796000017363
986,0.022932182999966244,22.932182999966244
987,0.022524282999938805,22.524282999938805
988,0.030097105999857376,30.097105999857376
989,0.02990407800007233,29.90407800007233
990,0.023289811000040572,23.289811000040572
991,0.022978224999860686,22.978224999860686
992,0.030907635000176015,30.907635000176015
993,0.023682746000076804,23.682746000076804
994,0.022768119999909686,22.768119999909686
995,0.02431686400018407,24.31686400018407
996,0.03259544999991704,32.59544999991704
997,0.025678187000039543,25.678187000039543
998,0.022879932000023473,22.879932000023473
999,0.023652829999946334,23.652829999946334
1000,0.026416965999942477,26.416965999942477
1001,0.02552242199999455,25.52242199999455
1002,0.02251021999995828,22.51021999995828
1003,0.022910790999958408,22.910790999958408
1004,0.023598038000045563,23.598038000045563
1005,0.024683698999979242,24.683698999979242
1006,0.06954882399986673,69.54882399986673
1007,0.10859549899987542,108.59549899987542
1008,0.041086202000087724,41.086202000087724
1009,0.02890201800005343,28.90201800005343
1010,0.022155448999910732,22.155448999910732
1011,0.0282366760000059,28.2366760000059
1012,0.022207668000191916,22.207668000191916
1013,0.02365589999999429,23.65589999999429
1014,0.021956130000035046,21.956130000035046
1015,0.0352023250000002,35.2023250000002
1016,0.023287801999913427,23.287801999913427
1017,0.024317852999956813,24.317852999956813
1018,0.02181982499996593,21.81982499996593
1019,0.027440118999948027,27.440118999948027
1020,0.026551533999963794,26.551533999963794
1021,0.023793054999941887,23.793054999941887
1022,0.021915390000003754,21.915390000003754
1023,0.03013282500000969,30.13282500000969
1024,0.027295273999925485,27.295273999925485
1025,0.02434425900014503,24.34425900014503
1026,0.021942969000065204,21.942969000065204
1027,0.030350456999940434,30.350456999940434
1028,0.028061456999921575,28.061456999921575
1029,0.024431156999980885,24.431156999980885
1030,0.022514168000043355,22.514168000043355
1031,0.03278736500010382,32.78736500010382
1032,0.023201221000135774,23.201221000135774
1033,0.023854803999938667,23.854803999938667
1034,0.02248584199992365,22.48584199992365
1035,0.029790790000106426,29.790790000106426
1036,0.02488266999989719,24.88266999989719
1037,0.025423522999972192,25.423522999972192
1038,0.02417090000017197,24.17090000017197
1039,0.043398949999982506,43.398949999982506
1040,0.022321026000099664,22.321026000099664
1041,0.023037983999984135,23.037983999984135
1042,0.026791100000082224,26.791100000082224
1043,0.041549007000185156,41.549007000185156
1044,0.02285200200003601,22.85200200003601
1045,0.022656662999906985,22.656662999906985
1046,0.02220683500013365,22.20683500013365
1047,0.030078022999987297,30.078022999987297
1048,0.027083414000117045,27.083414000117045
1049,0.023568893999936336,23.568893999936336
1050,0.02187031600010414,21.87031600010414
1051,0.026178141000173127,26.178141000173127
1052,0.02979616800007534,29.79616800007534
1053,0.024282534999883865,24.282534999883865
1054,0.022442285000124684,22.442285000124684
1055,0.03244085400001495,32.44085400001495
1056,0.028177133000099275,28.177133000099275
1057,0.024536124999940512,24.53612499994051
1058,0.022713477999786846,22.713477999786846
1059,0.032169477000024926,32.169477000024926
1060,0.029319239999949787,29.319239999949787
1061,0.024422932000106812,24.42293200010681
1062,0.022325723999983893,22.325723999983893
1063,0.03799748200003705,37.99748200003705
1064,0.02304016700009015,23.04016700009015
1065,0.02406803899998522,24.06803899998522
1066,0.021958754000024783,21.958754000024783
1067,0.02707743699988896,27.07743699988896
1068,0.024646252999900753,24.646252999900753
1069,0.02440666899997268,24.40666899997268
1070,0.02484768699991946,24.84768699991946
1071,0.0458936499999254,45.8936499999254
1072,0.023094244000049002,23.094244000049002
1073,0.024062689999936993,24.062689999936993
1074,0.024688404000016817,24.688404000016817
1075,0.028236410000090473,28.236410000090473
1076,0.029731781000009505,29.731781000009505
1077,0.028814523999926678,28.814523999926678
1078,0.02396253999995679,23.96253999995679
1079,0.0375838790000671,37.5838790000671
1080,0.023559227999840004,23.559227999840004
1081,0.02354103000016039,23.54103000016039
1082,0.021847999999863532,21.847999999863532
1083,0.03217247900010989,32.17247900010989
1084,0.025003977999858762,25.003977999858762
1085,0.030585969999947338,30.585969999947338
1086,0.02435727100009899,24.35727100009899
1087,0.03462215800004742,34.62215800004742
1088,0.02782395600002019,27.82395600002019
1089,0.024507867000011174,24.507867000011174
1090,0.022808984999983295,22.808984999983295
1091,0.03073178599993298,30.73178599993298
1092,0.026133288999972137,26.133288999972137
1093,0.024473716000102286,24.473716000102286
1094,0.02193684599978951,21.93684599978951
1095,0.03475667400016391,34.75667400016391
1096,0.023126062000073944,23.126062000073944
1097,0.024427798999795414,24.427798999795414
1098,0.022407915000030698,22.407915000030698
1099,0.036941054999942935,36.941054999942935
1100,0.0223366889999852,22.3366889999852
1101,0.02362503800009108,23.62503800009108
1102,0.021875730999909138,21.875730999909138
1103,0.0383373820000088,38.3373820000088
1104,0.023589825999806635,23.589825999806635
1105,0.024034847999928388,24.034847999928388
1106,0.027580353999837826,27.580353999837826
1107,0.03421061099993494,34.21061099993494
1108,0.022622788000035143,22.622788000035143
1109,0.0239387239998905,23.9387239998905
1110,0.02219852900020669,22.19852900020669
1111,0.032951048999848354,32.951048999848354
1112,0.023219413000106215,23.219413000106215
1113,0.02428043100007926,24.28043100007926
1114,0.022618043999955262,22.618043999955262
1115,0.0359988320001321,35.9988320001321
1116,0.02319960199997695,23.19960199997695
1117,0.02443940900002417,24.43940900002417
1118,0.022445400000151494,22.445400000151494
1119,0.03297581300012098,32.97581300012098
1120,0.024406835000036153,24.406835000036153
1121,0.023431358999914664,23.431358999914664
1122,0.022100696999814318,22.100696999814318
1123,0.02719419899995046,27.19419899995046
1124,0.022849217000157296,22.849217000157296
1125,0.02427555899998879,24.27555899998879
1126,0.02259861900006399,22.59861900006399
1127,0.035577094000018405,35.577094000018405
1128,0.02340977800008659,23.40977800008659
1129,0.023316076999890356,23.316076999890356
1130,0.022443138999960865,22.443138999960865
1131,0.0357037680000758,35.7037680000758
1132,0.022963168999922345,22.963168999922345
1133,0.02406844799997998,24.06844799997998
1134,0.023849969000139026,23.849969000139026
1135,0.04406199499999275,44.06199499999275
1136,0.024186957999972947,24.186957999972947
1137,0.027564293000068574,27.564293000068574
1138,0.022396094999976413,22.396094999976413
1139,0.03460457599999245,34.60457599999245
1140,0.027010037000081866,27.010037000081866
1141,0.023608765000062704,23.608765000062704
1142,0.02199374299993906,21.99374299993906
1143,0.031544467999992776,31.544467999992776
1144,0.027666538000175933,27.666538000175933
1145,0.023119905999919865,23.119905999919865
1146,0.020595873000047504,20.595873000047504
1147,0.03281876000005468,32.81876000005468
1148,0.02717419800001153,27.17419800001153
1149,0.022354091000124754,22.354091000124754
1150,0.02024172199980967,20.24172199980967
1151,0.03346011200005705,33.46011200005705
1152,0.026682484000048134,26.682484000048134
1153,0.02236833300003127,22.36833300003127
1154,0.02021536899997045,20.21536899997045
1155,0.0308310939999501,30.8310939999501
1156,0.027465836000146737,27.465836000146737
1157,0.022680942000079085,22.680942000079085
1158,0.021128091000036875,21.128091000036875
1159,0.030762611000000106,30.762611000000106
1160,0.027651495999862163,27.651495999862163
1161,0.02301606100013487,23.01606100013487
1162,0.02025423600002796,20.25423600002796
1163,0.029250317999867548,29.250317999867548
1164,0.021887192000122013,21.887192000122013
1165,0.0223055359999762,22.3055359999762
1166,0.020480597000187117,20.480597000187117
1167,0.032484586000009585,32.484586000009585
1168,0.026922247000129573,26.922247000129573
1169,0.023276495999880353,23.276495999880353
1170,0.020581100000072183,20.581100000072183
1171,0.03190604600013103,31.906046000131028
1172,0.030523681999966357,30.523681999966357
1173,0.022313989999929618,22.313989999929618
1174,0.020142422999924747,20.142422999924747
1175,0.033341337999900134,33.341337999900134
1176,0.026289223000048878,26.289223000048878
1177,0.021771399000044767,21.771399000044767
1178,0.02019496100001561,20.19496100001561
1179,0.028117983000129243,28.117983000129243
1180,0.027750802999889856,27.750802999889856
1181,0.022930763999966075,22.930763999966075
1182,0.021155930999839256,21.155930999839256
1183,0.03282617400009258,32.82617400009258
1184,0.02191474900018875,21.91474900018875
1185,0.021931855000048017,21.931855000048017
1186,0.021133445000032225,21.133445000032225
1187,0.02688810699987698,26.88810699987698
1188,0.032438477000141575,32.438477000141575
1189,0.022570614999949612,22.570614999949612
1190,0.02050745199994708,20.50745199994708
1191,0.03246688500007622,32.46688500007622
1192,0.026436276000140424,26.436276000140424
1193,0.023137162000011813,23.137162000011813
1194,0.020239625999920463,20.239625999920463
1195,0.03176386299992373,31.76386299992373
1196,0.027112821000173426,27.112821000173426
1197,0.022468221000053745,22.468221000053745
1198,0.02084363300014047,20.84363300014047
1199,0.02960120099987762,29.60120099987762
1200,0.028089941999951407,28.089941999951407
1201,0.022702242000150363,22.702242000150363
1202,0.020725999999967826,20.725999999967826
1203,0.027885507000064536,27.885507000064536
1204,0.030509577999964677,30.509577999964677
1205,0.022250035000070056,22.250035000070056
1206,0.023190161999991687,23.190161999991687
1207,0.032657630000130666,32.657630000130666
1208,0.0272541369999999,27.2541369999999
1209,0.022128458999986833,22.128458999986833
1210,0.020344555999827207,20.344555999827207
1211,0.029433771999947567,29.433771999947567
1212,0.03481751300000724,34.81751300000724
1213,0.029783813999983977,29.783813999983977
1214,0.028136630000062723,28.136630000062723
1215,0.04575848100012081,45.75848100012081
1216,0.02374944799998957,23.74944799998957
1217,0.02384560500013322,23.84560500013322
1218,0.022498626000015065,22.498626000015065
1219,0.03537767299985717,35.37767299985717
1220,0.02710899699991387,27.10899699991387
1221,0.024168883000129426,24.168883000129426
1222,0.021910330000082467,21.910330000082467
1223,0.032410282000000734,32.410282000000734
1224,0.026436634999981834,26.436634999981834
1225,0.022880219999933615,22.880219999933615
1226,0.0226867520000269,22.6867520000269
1227,0.025229762999970262,25.229762999970262
1228,0.03252980000002026,32.52980000002026
1229,0.02425968199986528,24.25968199986528
1230,0.022805199000003995,22.805199000003995
1231,0.03280463900000541,32.80463900000541
1232,0.023191558000007717,23.191558000007717
1233,0.02351842200005194,23.51842200005194
1234,0.022571428999981435,22.571428999981435
1235,0.03424971499998719,34.24971499998719
1236,0.0240245509999113,24.0245509999113
1237,0.024701310999944326,24.701310999944326
1238,0.023937289000059536,23.937289000059536
1239,0.026467432999879748,26.467432999879748
1240,0.030009425000116607,30.009425000116607
1241,0.024004848999993555,24.004848999993555
1242,0.021928026999830763,21.928026999830763
1243,0.027367593999997553,27.367593999997553
1244,0.0280045079998672,28.0045079998672
1245,0.023621069000000716,23.621069000000716
1246,0.022277257000041573,22.277257000041573
1247,0.027805685999965135,27.805685999965135
1248,0.02865833400005613,28.65833400005613
1249,0.024435506999907375,24.435506999907375
1250,0.022580617000130587,22.580617000130587
1251,0.02995286199984548,29.95286199984548
1252,0.03139110899996922,31.39110899996922
1253,0.022940025000025344,22.940025000025344
1254,0.02291273299988461,22.91273299988461
1255,0.038018690999933824,38.018690999933824
1256,0.025228075000086392,25.228075000086392
1257,0.02353123000011692,23.53123000011692
1258,0.02257596399999784,22.57596399999784
1259,0.02848802199991951,28.48802199991951
1260,0.029915133999793397,29.915133999793397
1261,0.02443319100007102,24.43319100007102
1262,0.021834681999962413,21.834681999962413
1263,0.02876949999995304,28.76949999995304
1264,0.02813648500000454,28.13648500000454
1265,0.02264506500000607,22.64506500000607
1266,0.02225989099997605,22.25989099997605
1267,0.026739126999927976,26.739126999927976
1268,0.02793417399993814,27.93417399993814
1269,0.02417015200012429,24.17015200012429
1270,0.02252102400007061,22.52102400007061
1271,0.031323883000140995,31.323883000140995
1272,0.028171649000114485,28.171649000114485
1273,0.023368538000113404,23.368538000113404
1274,0.022463304000211792,22.463304000211792
1275,0.029828818999931173,29.828818999931173
1276,0.028051031000131843,28.051031000131843
1277,0.024318337000067913,24.318337000067913
1278,0.022200980999969033,22.200980999969033
1279,0.031279185999892434,31.279185999892434
1280,0.027915930000062872,27.915930000062872
1281,0.023261535000074218,23.26153500007422
1282,0.021974816000010833,21.974816000010833
1283,0.03143261500008521,31.432615000085207
1284,0.028176229000109743,28.176229000109743
1285,0.02352130600002056,23.52130600002056
1286,0.02275030999999217,22.75030999999217
1287,0.03263207199984208,32.63207199984208
1288,0.02429163800002243,24.29163800002243
1289,0.023466927000072246,23.466927000072246
1290,0.02281389399990985,22.81389399990985
1291,0.03200852500003748,32.00852500003748
1292,0.023319371999832583,23.319371999832583
1293,0.024325815999873157,24.325815999873157
1294,0.022609289999991233,22.609289999991233
1295,0.03614574000016546,36.14574000016546
1296,0.02354823100017711,23.54823100017711
1297,0.023736141999961546,23.736141999961546
1298,0.021984255999996094,21.984255999996094
1299,0.027327397000135534,27.327397000135534
1300,0.02466161600000305,24.66161600000305
1301,0.02347209999993538,23.47209999993538
1302,0.02182685399998263,21.82685399998263
1303,0.030465563999996448,30.465563999996448
1304,0.050038032999964344,50.038032999964344
1305,0.025711276000038197,25.711276000038197
1306,0.022300358999927994,22.300358999927994
1307,0.026625888999888048,26.625888999888048
1308,0.030546470999979647,30.546470999979647
1309,0.023667208000006212,23.667208000006212
1310,0.02191272899995056,21.91272899995056
1311,0.031165498000063963,31.165498000063963
1312,0.028458697000132815,28.458697000132815
1313,0.025184508000165806,25.184508000165806
1314,0.022661080999796468,22.661080999796468
1315,0.031841450000001714,31.841450000001714
1316,0.027701572999831114,27.701572999831114
1317,0.02428190400019048,24.28190400019048
1318,0.022526882999954978,22.526882999954978
1319,0.03235414999994646,32.35414999994646
1320,0.023674831000107588,23.674831000107588
1321,0.023901743000124043,23.901743000124043
1322,0.021577397000100973,21.577397000100973
1323,0.031935819999944215,31.935819999944215
1324,0.024533838000024843,24.533838000024843
1325,0.024724135000042224,24.724135000042224
1326,0.022613000000092143,22.613000000092143
1327,0.03484697699991557,34.84697699991557
1328,0.023716960999990988,23.716960999990988
1329,0.023762215999795444,23.762215999795444
1330,0.02192973899991557,21.92973899991557
1331,0.0280861169999298,28.0861169999298
1332,0.024680460000126914,24.680460000126914
1333,0.02349463299992749,23.49463299992749
1334,0.02199821499993959,21.99821499993959
1335,0.032603409000103056,32.603409000103056
1336,0.029794251999874177,29.794251999874177
1337,0.02528914699996676,25.28914699996676
1338,0.02245930600020074,22.45930600020074
1339,0.02710570599992934,27.10570599992934
1340,0.03073592800001279,30.73592800001279
1341,0.023655670000152895,23.655670000152895
1342,0.02195483199989212,21.95483199989212
1343,0.026648495000017647,26.648495000017647
1344,0.028003495999882944,28.003495999882944
1345,0.023800821000122596,23.800821000122596
1346,0.021832129999893368,21.832129999893368
1347,0.025867537000067387,25.867537000067387
1348,0.03004085399993528,30.04085399993528
1349,0.02312326299988854,23.12326299988854
1350,0.02195334499992896,21.95334499992896
1351,0.030642295000006925,30.642295000006925
1352,0.0237052490001588,23.7052490001588
1353,0.024066088999916246,24.066088999916246
1354,0.022546537999915017,22.546537999915017
1355,0.0283503540001675,28.3503540001675
1356,0.0232593010000528,23.2593010000528
1357,0.023335783999982596,23.335783999982596
1358,0.02189621000002262,21.89621000002262
1359,0.03236324399995283,32.36324399995283
1360,0.023004556999921988,23.004556999921988
1361,0.023608981000052154,23.608981000052154
1362,0.021980386999985058,21.980386999985058
1363,0.030509556999959386,30.509556999959386
1364,0.027849674999970375,27.849674999970375
1365,0.02407373000005464,24.07373000005464
1366,0.02260225200006971,22.60225200006971
1367,0.03285758700008046,32.85758700008046
1368,0.023241412000061246,23.241412000061246
1369,0.02447201999984827,24.47201999984827
1370,0.022491967999940243,22.491967999940243
1371,0.035722515000088606,35.722515000088606
1372,0.02322974499998054,23.22974499998054
1373,0.024037811999960468,24.037811999960468
1374,0.02266022300000259,22.66022300000259
1375,0.027518860000100176,27.518860000100176
1376,0.029773507999834692,29.773507999834692
1377,0.024720416000036494,24.720416000036494
1378,0.021870782999940275,21.870782999940275
1379,0.02727340199999162,27.27340199999162
1380,0.028035072000193395,28.035072000193395
1381,0.02328921100001935,23.28921100001935
1382,0.022213844999896537,22.213844999896537
1383,0.029077398000026733,29.077398000026733
1384,0.028868001999853732,28.868001999853732
1385,0.02366493999988961,23.66493999988961
1386,0.02218963499990423,22.18963499990423
1387,0.029641237999840087,29.641237999840087
1388,0.028617274999987785,28.617274999987785
1389,0.0239793399998689,23.9793399998689
1390,0.0217806319999454,21.7806319999454
1391,0.029513831000031132,29.513831000031132
1392,0.027355337000017244,27.355337000017244
1393,0.02358150200007003,23.58150200007003
1394,0.021818532999986928,21.818532999986928
1395,0.027952984000194192,27.952984000194192
1396,0.028064922000112347,28.064922000112347
1397,0.024671982000199932,24.671982000199932
1398,0.022597253999947498,22.597253999947498
1399,0.03111010099996747,31.11010099996747
1400,0.02781564600013553,27.81564600013553
1401,0.02330290299983062,23.30290299983062
1402,0.022163736000038625,22.163736000038625
1403,0.02899498100009623,28.99498100009623
1404,0.027681938999876365,27.681938999876365
1405,0.02432129699991492,24.32129699991492
1406,0.023403081000196835,23.403081000196835
1407,0.048517668999920716,48.517668999920716
1408,0.029877931999862994,29.877931999862994
1409,0.02466055300010339,24.66055300010339
1410,0.022766316000115694,22.766316000115694
1411,0.027445231000001513,27.445231000001513
1412,0.029064822999998796,29.064822999998796
1413,0.027612797999836403,27.612797999836403
1414,0.02458742799990432,24.58742799990432
1415,0.03861484300000484,38.61484300000484
1416,0.027101603000119212,27.101603000119212
1417,0.023618735999889395,23.618735999889395
1418,0.02196880900010001,21.96880900010001
1419,0.030648035000012896,30.648035000012896
1420,0.026748793000024307,26.748793000024307
1421,0.023029644999951415,23.029644999951415
1422,0.023838452999825677,23.838452999825677
1423,0.028025865000017802,28.025865000017802
1424,0.030779653999843504,30.779653999843504
1425,0.023882694000121774,23.882694000121774
1426,0.02247852999994393,22.47852999994393
1427,0.0294111470000189,29.4111470000189
1428,0.024073017000091568,24.073017000091568
1429,0.02405448800004706,24.05448800004706
1430,0.02208240099980685,22.08240099980685
1431,0.030906396000091263,30.906396000091263
1432,0.02343372000018462,23.43372000018462
1433,0.024241323000069315,24.241323000069315
1434,0.027624570000170934,27.624570000170934
1435,0.03095866900002875,30.95866900002875
1436,0.02266554300013013,22.66554300013013
1437,0.022518987000012203,22.518987000012203
1438,0.021855091000134053,21.855091000134053
1439,0.03775280499985456,37.75280499985456
1440,0.023389784999835683,23.389784999835683
1441,0.024988107999888598,24.988107999888598
1442,0.022501942999952007,22.501942999952007
1443,0.027287022999871624,27.287022999871624
1444,0.029818584000167903,29.818584000167903
1445,0.023930601000074603,23.930601000074603
1446,0.022476782000012463,22.476782000012463
1447,0.03064426000014464,30.64426000014464
1448,0.02798128400013411,27.98128400013411
1449,0.02414273299996239,24.14273299996239
1450,0.022471168000038233,22.471168000038233
1451,0.03625117199999295,36.25117199999295
1452,0.022399447999987387,22.399447999987387
1453,0.024527736000209188,24.527736000209188
1454,0.021821724000119502,21.821724000119502
1455,0.02931400800002848,29.31400800002848
1456,0.026853125999878102,26.853125999878102
1457,0.02364057399995545,23.64057399995545
1458,0.021837334000110786,21.837334000110786
1459,0.032066187000054924,32.066187000054924
1460,0.028724646000000575,28.724646000000575
1461,0.024346559999912643,24.346559999912643
1462,0.02270473800012951,22.70473800012951
1463,0.0324199240001235,32.4199240001235
1464,0.024369768000042313,24.369768000042313
1465,0.024166897999975845,24.166897999975845
1466,0.022187378999888097,22.187378999888097
1467,0.033025643999962995,33.025643999962995
1468,0.022825962999831972,22.825962999831972
1469,0.02354700699993373,23.54700699993373
1470,0.02182115999994494,21.82115999994494
1471,0.03264217799983271,32.64217799983271
1472,0.02658058500014704,26.58058500014704
1473,0.024646544999995967,24.646544999995967
1474,0.024739183000065168,24.739183000065168
1475,0.027793378000069424,27.793378000069424
1476,0.031612498999948,31.612498999948002
1477,0.024936633999914193,24.936633999914193
1478,0.022189881000031164,22.189881000031164
1479,0.033940308999945046,33.940308999945046
1480,0.027882278999868504,27.882278999868504
1481,0.02477543700001661,24.77543700001661
1482,0.023135336999985157,23.135336999985157
1483,0.039469875000122556,39.469875000122556
1484,0.023166458000105195,23.166458000105195
1485,0.02284150600007706,22.84150600007706
1486,0.021927748999814867,21.927748999814867
1487,0.03707185899997967,37.07185899997967
1488,0.022842074999971373,22.842074999971373
1489,0.02409970999997313,24.09970999997313
1490,0.02186118700001316,21.86118700001316
1491,0.027540007999959926,27.540007999959926
1492,0.028483344000051147,28.483344000051147
1493,0.024344759000086924,24.344759000086924
1494,0.02247411500002272,22.47411500002272
1495,0.02987536299997373,29.87536299997373
1496,0.02833381499999632,28.33381499999632
1497,0.025461660000019037,25.461660000019037
1498,0.0219030120001662,21.9030120001662
1499,0.02950175199998739,29.50175199998739
1500,0.029792262000000846,29.792262000000846
1501,0.02282605400000648,22.82605400000648
1502,0.022070471000006364,22.070471000006364
1503,0.031087063999848397,31.087063999848397
1504,0.028129818000024898,28.129818000024898
1505,0.023887932999969053,23.887932999969053
1506,0.02253743599999325,22.53743599999325
1507,0.03296867799986103,32.96867799986103
1508,0.02389978699989115,23.89978699989115
1509,0.023891547999937757,23.891547999937757
1510,0.02225828099994942,22.25828099994942
1511,0.03808014500009449,38.08014500009449
1512,0.02335358699997414,23.35358699997414
1513,0.02373367700010931,23.73367700010931
1514,0.021965915000009772,21.965915000009772
1515,0.039154988999825946,39.154988999825946
1516,0.02339980800002195,23.39980800002195
1517,0.023297728999978062,23.297728999978062
1518,0.022592388000020946,22.592388000020946
1519,0.03142108399993049,31.421083999930488
1520,0.027990346000024147,27.990346000024147
1521,0.02371508500004893,23.71508500004893
1522,0.021879620999925464,21.879620999925464
1523,0.030483796999988044,30.483796999988044
1524,0.028381072999991375,28.381072999991375
1525,0.02358546400000705,23.58546400000705
1526,0.022003639000104158,22.003639000104158
1527,0.0320284360000187,32.0284360000187
1528,0.02859250599999541,28.59250599999541
1529,0.025558913999930155,25.558913999930155
1530,0.022962294000080874,22.962294000080874
1531,0.02919958100005715,29.19958100005715
1532,0.02367866600002344,23.67866600002344
1533,0.02481857299994772,24.81857299994772
1534,0.02194547599992802,21.94547599992802
1535,0.032507475999864255,32.507475999864255
1536,0.022874037000065073,22.874037000065073
1537,0.02359197900000254,23.59197900000254
1538,0.021846390000064275,21.846390000064275
1539,0.03229917400017257,32.29917400017257
1540,0.023427545000004102,23.427545000004102
1541,0.02376561699998092,23.76561699998092
1542,0.022533501999987493,22.533501999987493
1543,0.029513900999972975,29.513900999972975
1544,0.02568244400004005,25.68244400004005
1545,0.025619784000127765,25.619784000127765
1546,0.022886089999929027,22.886089999929027
1547,0.028553464999959033,28.553464999959033
1548,0.026433804999896893,26.433804999896893
1549,0.025015711999913037,25.015711999913037
1550,0.023863048999828607,23.863048999828607
1551,0.04032136000000719,40.32136000000719
1552,0.023338519999924756,23.338519999924756
1553,0.02409851300012633,24.09851300012633
1554,0.022459242999957496,22.459242999957496
1555,0.030886755999972593,30.886755999972593
1556,0.02853279700002531,28.53279700002531
1557,0.024052231999803553,24.052231999803553
1558,0.021811922999859235,21.811922999859235
1559,0.030153137000070274,30.153137000070274
1560,0.027362068999991607,27.362068999991607
1561,0.02366159600001083,23.66159600001083
1562,0.02190920299995014,21.90920299995014
1563,0.03046387699987463,30.46387699987463
1564,0.028191709999873638,28.191709999873638
1565,0.02435409399981836,24.35409399981836
1566,0.02263292700013153,22.63292700013153
1567,0.031057056999998167,31.057056999998167
1568,0.027448909999975513,27.448909999975513
1569,0.02376215999993292,23.76215999993292
1570,0.022640636999994967,22.640636999994967
1571,0.032084150999935446,32.084150999935446
1572,0.023426531000040995,23.426531000040995
1573,0.023828538999850934,23.828538999850934
1574,0.022527557999865166,22.527557999865166
1575,0.03511139500005811,35.11139500005811
1576,0.023679283000092255,23.679283000092255
1577,0.024625019000040993,24.625019000040993
1578,0.022526233000007778,22.526233000007778
1579,0.028730774999985442,28.730774999985442
1580,0.022752196999817897,22.752196999817897
1581,0.023722446999954627,23.722446999954627
1582,0.0219598500000302,21.9598500000302
1583,0.03147172700005285,31.47172700005285
1584,0.023467497999945408,23.467497999945408
1585,0.02367153000000144,23.67153000000144
1586,0.022540610999840283,22.540610999840283
1587,0.033101647000194134,33.101647000194134
1588,0.023655858999973134,23.655858999973134
1589,0.024584537999999156,24.584537999999156
1590,0.02226883399998769,22.26883399998769
1591,0.027054936000013186,27.054936000013186
1592,0.03195009099999879,31.950090999998793
1593,0.02574947100015379,25.74947100015379
1594,0.021961508999993384,21.961508999993384
1595,0.02916571700006898,29.16571700006898
1596,0.028247470999986035,28.247470999986035
1597,0.024085487000093053,24.085487000093053
1598,0.024413241000047492,24.413241000047492
1599,0.032291345000203364,32.291345000203364
1600,0.027747392000037507,27.747392000037507
1601,0.024111448999974527,24.111448999974527
1602,0.02183384600016325,21.83384600016325
1603,0.032036505000178295,32.036505000178295
1604,0.022731122000095638,22.731122000095638
1605,0.02367952500003412,23.67952500003412
1606,0.021959080999977232,21.959080999977232
1607,0.03152213499993195,31.52213499993195
1608,0.0259767519999059,25.9767519999059
1609,0.02421855400007189,24.21855400007189
1610,0.022814823999851797,22.814823999851797
1611,0.03400054000007913,34.00054000007913
1612,0.023390210000115985,23.390210000115985
1613,0.024379162999821347,24.379162999821347
1614,0.02270134200011853,22.70134200011853
1615,0.028038929000103963,28.038929000103963
1616,0.02364503700005116,23.64503700005116
1617,0.02375429299991083,23.75429299991083
1618,0.0218824640001003,21.8824640001003
1619,0.030336386000044513,30.336386000044513
1620,0.03210605799995392,32.10605799995392
1621,0.023114232999887463,23.114232999887463
1622,0.021898291000070458,21.898291000070458
1623,0.0350839929999438,35.0839929999438
1624,0.02365519300019514,23.65519300019514
1625,0.02414804499994716,24.14804499994716
1626,0.022502858000052584,22.502858000052584
1627,0.032633147000069584,32.633147000069584
1628,0.02365839699996286,23.65839699996286
1629,0.024038593000113906,24.038593000113906
1630,0.021992232000002332,21.992232000002332
1631,0.027048087999901327,27.048087999901327
1632,0.032668960000137304,32.668960000137304
1633,0.023737097000093854,23.737097000093854
1634,0.0216594900000473,21.6594900000473
1635,0.025935417000027883,25.935417000027883
1636,0.030452847999868027,30.452847999868027
1637,0.02436477800006287,24.36477800006287
1638,0.022698297000033563,22.698297000033563
1639,0.030364191999979084,30.364191999979084
1640,0.030189712000037616,30.189712000037616
1641,0.02770892799981084,27.70892799981084
1642,0.02291538200006471,22.91538200006471
1643,0.03237143299998024,32.37143299998024
1644,0.022888054000077318,22.888054000077318
1645,0.02337226500003453,23.37226500003453
1646,0.021893136000016966,21.893136000016966
1647,0.032870411999965654,32.870411999965654
1648,0.023421414000040386,23.421414000040386
1649,0.02403642400008721,24.03642400008721
1650,0.022657075999859444,22.657075999859444
1651,0.026497086000063064,26.497086000063064
1652,0.0324196059998485,32.4196059998485
1653,0.02378802800012636,23.78802800012636
1654,0.02205706400013696,22.05706400013696
1655,0.02942135699981918,29.42135699981918
1656,0.02261941099982323,22.61941099982323
1657,0.02305690399998639,23.05690399998639
1658,0.022341869999991104,22.341869999991104
1659,0.031984567999870706,31.984567999870706
1660,0.02590811200002463,25.90811200002463
1661,0.024315025000078094,24.315025000078094
1662,0.02254911899990475,22.54911899990475
1663,0.02815042500014897,28.15042500014897
1664,0.027594748999945296,27.594748999945296
1665,0.023481288999846583,23.481288999846583
1666,0.022439618000134942,22.439618000134942
1667,0.030221860999972705,30.221860999972705
1668,0.0284107050001694,28.4107050001694
1669,0.023805992999996306,23.805992999996306
1670,0.02200918000016827,22.00918000016827
1671,0.032654995999791936,32.654995999791936
1672,0.024032600000055027,24.032600000055027
1673,0.024301021999917793,24.301021999917793
1674,0.02248912200002451,22.48912200002451
1675,0.037729169000158436,37.729169000158436
1676,0.022182902999929865,22.182902999929865
1677,0.022408477999988463,22.408477999988463
1678,0.020879999000044336,20.879999000044336
1679,0.0375108180001007,37.5108180001007
1680,0.021981154000059178,21.981154000059178
1681,0.02198496999994859,21.98496999994859
1682,0.02019338699983564,20.19338699983564
1683,0.03382939399989482,33.82939399989482
1684,0.025705055000116772,25.705055000116772
1685,0.021440292000079353,21.440292000079353
1686,0.020510309999963283,20.510309999963283
1687,0.03301366400000916,33.01366400000916
1688,0.02639959800012548,26.39959800012548
1689,0.021484962999920754,21.484962999920754
1690,0.02079312299997582,20.79312299997582
1691,0.02983704000007492,29.83704000007492
1692,0.028220555999951102,28.220555999951102
1693,0.022183936999908838,22.183936999908838
1694,0.020742629000096713,20.742629000096713
1695,0.02724841200006267,27.24841200006267
1696,0.028723098999989816,28.723098999989816
1697,0.02685542699987309,26.85542699987309
1698,0.02009703100020488,20.09703100020488
1699,0.028637403999937305,28.637403999937305
1700,0.02755814600004669,27.55814600004669
1701,0.02229234800006452,22.29234800006452
1702,0.020403716999908283,20.403716999908283
1703,0.02930595100019673,29.30595100019673
1704,0.021812819000160744,21.812819000160744
1705,0.02314172900014455,23.14172900014455
1706,0.0209351290000086,20.9351290000086
1707,0.0343142170002011,34.3142170002011
1708,0.026332852999985334,26.332852999985334
1709,0.022052514999813866,22.052514999813866
1710,0.020717820000072606,20.717820000072606
1711,0.033133977999796116,33.133977999796116
1712,0.027629434999880687,27.629434999880687
1713,0.021498960999906558,21.498960999906558
1714,0.020779359000016484,20.779359000016484
1715,0.03141514699996151,31.415146999961507
1716,0.026316360999999233,26.316360999999233
1717,0.022006539999892993,22.006539999892993
1718,0.020688899999868227,20.688899999868227
1719,0.027102209000076982,27.102209000076982
1720,0.028944110000111323,28.944110000111323
1721,0.023155044000077396,23.155044000077396
1722,0.02115079700001843,21.15079700001843
1723,0.02974966300007509,29.74966300007509
1724,0.0216590059999362,21.6590059999362
1725,0.02301834099989719,23.01834099989719
1726,0.020779765999805022,20.779765999805022
1727,0.13162135599986868,131.62135599986868
1728,0.039859453999952166,39.859453999952166
1729,0.02213757300000907,22.13757300000907
1730,0.020929186000103073,20.929186000103073
1731,0.02678259699996488,26.78259699996488
1732,0.031088018999980704,31.088018999980704
1733,0.022487322999950266,22.487322999950266
1734,0.020940083999903436,20.940083999903436
1735,0.03003359299987096,30.03359299987096
1736,0.02191860700008874,21.91860700008874
1737,0.02182397299998229,21.82397299998229
1738,0.021029977999887706,21.029977999887706
1739,0.03328684600000997,33.28684600000997
1740,0.030780202999949324,30.780202999949324
1741,0.031172965999985536,31.172965999985536
1742,0.029720462999875963,29.720462999875963
1743,0.05025047599997379,50.25047599997379
1744,0.028034215000161566,28.034215000161566
1745,0.030108735000112574,30.108735000112574
1746,0.031313296999996965,31.313296999996965
1747,0.04832592399998248,48.32592399998248
1748,0.02213378900000862,22.13378900000862
1749,0.02368756900000335,23.68756900000335
1750,0.05301126800009115,53.01126800009115
1751,0.024308501999939836,24.308501999939836
1752,0.02482383699998536,24.82383699998536
1753,0.036698746000183746,36.698746000183746
1754,0.02663400799997362,26.63400799997362
1755,0.02870189800000844,28.70189800000844
1756,0.04032970200000818,40.32970200000818
1757,0.029167380999979287,29.167380999979287
1758,0.022898334000046816,22.898334000046816
1759,0.033959819000074276,33.959819000074276
1760,0.0237806959999034,23.7806959999034
1761,0.023720888999832823,23.720888999832823
1762,0.023355570000148873,23.355570000148873
1763,0.028098142999851916,28.098142999851916
1764,0.02293939500009401,22.93939500009401
1765,0.023533279000048424,23.533279000048424
1766,0.021865110999897297,21.865110999897297
1767,0.03276598699994793,32.76598699994793
1768,0.0238267160000305,23.8267160000305
1769,0.024150390999921,24.150390999921
1770,0.02253071599989198,22.53071599989198
1771,0.037133127000060995,37.133127000060995
1772,0.02358561699998063,23.58561699998063
1773,0.023428701000057117,23.428701000057117
1774,0.02180050900005881,21.80050900005881
1775,0.0281492240001171,28.1492240001171
1776,0.022438717000113684,22.438717000113684
1777,0.0240228150000803,24.0228150000803
1778,0.021913683000093442,21.913683000093442
1779,0.03308743999991748,33.08743999991748
1780,0.023486321999826032,23.486321999826032
1781,0.02339406099986263,23.39406099986263
1782,0.022989620999851468,22.989620999851468
1783,0.03800972800013369,38.00972800013369
1784,0.023491414000091027,23.491414000091027
1785,0.02385039199998573,23.85039199998573
1786,0.022547350999957416,22.547350999957416
1787,0.025769996999997602,25.769996999997602
1788,0.03063457999996899,30.63457999996899
1789,0.023679733000108172,23.679733000108172
1790,0.023160083999982817,23.160083999982817
1791,0.03037704799999119,30.37704799999119
1792,0.028704538000056345,28.704538000056345
1793,0.024361747999819272,24.361747999819272
1794,0.022535391000019445,22.535391000019445
1795,0.03433423399997082,34.33423399997082
1796,0.027621579999959067,27.621579999959067
1797,0.022816449999936594,22.816449999936594
1798,0.021783080999966842,21.78308099996684
1799,0.03377529200020035,33.77529200020035
1800,0.023675987999922654,23.675987999922654
1801,0.024063302999820735,24.063302999820735
1802,0.02233665300013854,22.33665300013854
1803,0.03121493499997996,31.21493499997996
1804,0.027147678000119413,27.147678000119413
1805,0.02523374700012937,25.23374700012937
1806,0.025271750999991127,25.271750999991127
1807,0.030774513999858755,30.774513999858755
1808,0.03000675099997352,30.00675099997352
1809,0.023860714999955235,23.860714999955235
1810,0.02249555399998826,22.49555399998826
1811,0.031479473999979746,31.479473999979746
1812,0.024916750000102184,24.916750000102184
1813,0.024565914000049816,24.565914000049816
1814,0.02273975900016012,22.73975900016012
1815,0.028448779999962426,28.448779999962426
1816,0.026668684000014764,26.668684000014764
1817,0.02321718799998962,23.21718799998962
1818,0.021861823999870467,21.861823999870467
1819,0.030202664999933404,30.202664999933404
1820,0.028506913000001077,28.506913000001077
1821,0.024777321000101438,24.777321000101438
1822,0.022699159000012514,22.699159000012514
1823,0.03820136800004548,38.20136800004548
1824,0.023049188999948456,23.049188999948456
1825,0.0235639390000415,23.5639390000415
1826,0.02187645000003613,21.87645000003613
1827,0.025591576000124405,25.591576000124405
1828,0.03437059499992756,34.37059499992756
1829,0.023630969999885565,23.630969999885565
1830,0.021899688999837963,21.899688999837963
1831,0.027136039999959394,27.136039999959394
1832,0.03115738900010001,31.15738900010001
1833,0.024407097999983307,24.407097999983307
1834,0.02252069299993309,22.52069299993309
1835,0.03221755000004123,32.21755000004123
1836,0.028227367999988928,28.227367999988928
1837,0.024114533999863852,24.114533999863852
1838,0.021997025000018766,21.997025000018766
1839,0.03381137300016235,33.81137300016235
1840,0.025287084999945364,25.287084999945364
1841,0.03132718400001977,31.32718400001977
1842,0.035506921999967744,35.506921999967744
1843,0.028566705000002912,28.566705000002912
1844,0.028903492999916125,28.903492999916125
1845,0.022864401999868278,22.864401999868278
1846,0.02173219899987089,21.73219899987089
1847,0.03250105400002212,32.50105400002212
1848,0.02260425999998006,22.60425999998006
1849,0.023484345000042595,23.484345000042595
1850,0.02214926600004219,22.14926600004219
1851,0.027480304999926375,27.480304999926375
1852,0.02279465500009792,22.79465500009792
1853,0.024237156000026516,24.237156000026516
1854,0.022514758999932383,22.514758999932383
1855,0.04144700799997736,41.44700799997736
1856,0.023229433000096833,23.229433000096833
1857,0.023302207999904567,23.302207999904567
1858,0.02179675499996847,21.79675499996847
1859,0.026132707999977356,26.132707999977356
1860,0.030345037999950364,30.345037999950364
1861,0.023590920000060578,23.590920000060578
1862,0.023294775999829653,23.294775999829653
1863,0.027575471999853107,27.575471999853107
1864,0.028314219000094454,28.314219000094454
1865,0.023161546999972416,23.161546999972416
1866,0.021952941000108694,21.952941000108694
1867,0.02839802000016789,28.39802000016789
1868,0.029960067000047275,29.960067000047275
1869,0.023690681000061886,23.690681000061886
1870,0.02180635100012296,21.80635100012296
1871,0.03073011299989048,30.73011299989048
1872,0.028195501999789485,28.195501999789485
1873,0.02341153099996518,23.41153099996518
1874,0.022502898000084315,22.502898000084315
1875,0.029143991999944774,29.143991999944774
1876,0.028545239000095535,28.545239000095535
1877,0.02367422800011809,23.67422800011809
1878,0.02182076999997662,21.82076999997662
1879,0.031268616000033944,31.268616000033944
1880,0.028445377000025474,28.445377000025474
1881,0.02761530199995832,27.61530199995832
1882,0.023947615999986738,23.947615999986738
1883,0.03658007700005328,36.58007700005328
1884,0.022882806999859895,22.882806999859895
1885,0.025003811000033238,25.003811000033238
1886,0.022500369999988834,22.500369999988834
1887,0.039100419000078546,39.100419000078546
1888,0.027559000999872296,27.559000999872296
1889,0.023106512999902407,23.106512999902407
1890,0.021876357999872198,21.876357999872198
1891,0.03584299399994961,35.84299399994961
1892,0.023204131999818856,23.204131999818856
1893,0.02372186499997042,23.72186499997042
1894,0.022316087000035623,22.316087000035623
1895,0.04195732599987423,41.95732599987423
1896,0.02322117700009585,23.22117700009585
1897,0.02363006299992776,23.63006299992776
1898,0.02243255199982741,22.43255199982741
1899,0.033490802000187614,33.490802000187614
1900,0.02691632899995966,26.91632899995966
1901,0.02416592200006562,24.16592200006562
1902,0.022108958999979222,22.108958999979222
1903,0.034018167999875004,34.018167999875004
1904,0.025062989999923957,25.062989999923957
1905,0.02472902699992119,24.72902699992119
1906,0.022565452999970148,22.565452999970148
1907,0.03681090000009135,36.81090000009135
1908,0.02352156599999944,23.52156599999944
1909,0.023824343999876874,23.824343999876874
1910,0.021879159000036452,21.879159000036452
1911,0.038254414999983055,38.254414999983055
1912,0.023120851000157927,23.120851000157927
1913,0.0235683160001372,23.5683160001372
1914,0.021906642999965698,21.906642999965698
1915,0.03435603799994169,34.35603799994169
1916,0.022648532999937743,22.648532999937743
1917,0.023473574000036024,23.473574000036024
1918,0.021626998999863645,21.626998999863645
1919,0.026919572999986485,26.919572999986485
1920,0.03203237600018838,32.03237600018838
1921,0.025975115999926857,25.975115999926857
1922,0.023714193999921918,23.714193999921918
1923,0.035258557000133806,35.258557000133806
1924,0.023764404000075956,23.764404000075956
1925,0.023571145000005345,23.571145000005345
1926,0.023584370999969906,23.584370999969906
1927,0.040354015000048093,40.35401500004809
1928,0.023341694999999163,23.341694999999163
1929,0.023357505000149104,23.357505000149104
1930,0.022448440000061964,22.448440000061964
1931,0.03438684000002468,34.38684000002468
1932,0.02833510000004935,28.33510000004935
1933,0.024176316000193765,24.176316000193765
1934,0.023161123999898336,23.161123999898336
1935,0.04382456499979526,43.82456499979526
1936,0.022819513000058578,22.819513000058578
1937,0.023560539000072822,23.560539000072822
1938,0.021962875000099302,21.962875000099302
1939,0.0319461770000089,31.946177000008902
1940,0.026924565999934202,26.924565999934202
1941,0.02398487200002819,23.98487200002819
1942,0.022132224999950267,22.132224999950267
1943,0.033749374000080934,33.749374000080934
1944,0.03193085499992776,31.93085499992776
1945,0.023527426000100604,23.527426000100604
1946,0.02101108699980614,21.01108699980614
1947,0.02682812400007606,26.82812400007606
1948,0.03348917400012397,33.48917400012397
1949,0.022778420999884474,22.778420999884474
1950,0.02117440600000009,21.17440600000009
1951,0.032682674999932715,32.682674999932715
1952,0.024730693000037718,24.730693000037718
1953,0.02213933200005158,22.13933200005158
1954,0.020116634000032718,20.116634000032718
1955,0.03214546000003793,32.14546000003793
1956,0.027051749999827734,27.051749999827734
1957,0.02301059699993857,23.01059699993857
1958,0.020857327999920017,20.857327999920017
1959,0.03345360000002984,33.45360000002984
1960,0.027156384000136313,27.156384000136313
1961,0.02242109700000583,22.42109700000583
1962,0.021526131999962672,21.526131999962672
1963,0.033275947999982236,33.275947999982236
1964,0.026514047999853574,26.514047999853574
1965,0.02206890899992686,22.06890899992686
1966,0.020811960999935764,20.811960999935764
1967,0.02811425799995959,28.11425799995959
1968,0.028580520000105025,28.580520000105025
1969,0.022563953000144465,22.563953000144465
1970,0.021357884000053673,21.357884000053673
1971,0.045570894000093176,45.570894000093176
1972,0.020644080000010945,20.644080000010945
1973,0.021285493000050337,21.285493000050337
1974,0.02080769400004101,20.80769400004101
1975,0.0355465479999566,35.5465479999566
1976,0.02810392099991077,28.10392099991077
1977,0.02267268199989303,22.67268199989303
1978,0.02071035399990251,20.71035399990251
1979,0.0335371319999922,33.5371319999922
1980,0.026128162000077282,26.128162000077282
1981,0.021877658999983396,21.877658999983396
1982,0.020738228000027448,20.738228000027448
1983,0.02974552099999528,29.74552099999528
1984,0.028027691999795934,28.027691999795934
1985,0.02828533900014918,28.28533900014918
1986,0.022050885999988168,22.050885999988168
1987,0.03861841299999469,38.61841299999469
1988,0.02155067500007135,21.55067500007135
1989,0.022759410999924512,22.759410999924512
1990,0.020832793999943533,20.832793999943533
1991,0.03435323100006826,34.35323100006826
1992,0.021991993000028742,21.991993000028742
1993,0.022106087000111074,22.106087000111074
1994,0.020722853999814106,20.722853999814106
1995,0.03295842300008189,32.95842300008189
1996,0.027220073000080447,27.220073000080447
1997,0.021348631999899226,21.348631999899226
1998,0.020148739999967802,20.148739999967802
1999,0.03207363399997121,32.07363399997121
2000,0.026809669999920516,26.809669999920516
2001,0.02273357500007478,22.73357500007478
2002,0.020367828000189547,20.367828000189547
2003,0.027885137999874132,27.885137999874132
2004,0.028871978000097442,28.871978000097442
2005,0.022806326000136323,22.806326000136323
2006,0.020728705999999875,20.728705999999875
2007,0.030196983999985605,30.196983999985605
2008,0.021546288000081404,21.546288000081404
2009,0.023070634000077916,23.070634000077916
2010,0.020615980999991734,20.615980999991734
2011,0.03243662299996686,32.43662299996686
2012,0.026579519000051732,26.579519000051732
2013,0.02278845200021351,22.78845200021351
2014,0.020635954999988826,20.635954999988826
2015,0.03219100100000105,32.19100100000105
2016,0.027160556000126235,27.160556000126235
2017,0.022068597000043155,22.068597000043155
2018,0.021110694000071817,21.110694000071817
2019,0.0325261389998559,32.5261389998559
2020,0.026811395999857268,26.811395999857268
2021,0.022958787999868946,22.958787999868946
2022,0.01988715799984675,19.88715799984675
2023,0.027413197999976546,27.413197999976546
2024,0.02812151900002391,28.12151900002391
2025,0.02249943699985124,22.49943699985124
2026,0.020221598000034646,20.221598000034646
2027,0.03852972200002114,38.52972200002114
2028,0.02174076400001468,21.74076400001468
2029,0.02313076700011152,23.13076700011152
2030,0.02240054499998223,22.40054499998223
2031,0.02991671600011614,29.91671600011614
2032,0.021664407000116626,21.664407000116626
2033,0.0210397240000475,21.0397240000475
2034,0.020097682999903554,20.097682999903554
2035,0.03360209700008454,33.60209700008454
2036,0.026682830000027025,26.682830000027025
2037,0.021885352000026614,21.885352000026614
2038,0.020210650000080932,20.210650000080932
2039,0.032526583000162645,32.526583000162645
2040,0.027156401999945956,27.156401999945956
2041,0.021712905999947907,21.712905999947907
2042,0.020874889999959123,20.874889999959123
2043,0.03200786999991578,32.00786999991578
2044,0.021901135000007343,21.901135000007343
2045,0.02293463299997711,22.93463299997711
2046,0.02148594699997375,21.48594699997375
2047,0.03322653400005038,33.22653400005038
2048,0.02206698400004825,22.06698400004825
2049,0.022153762000016286,22.153762000016286
2050,0.021270629000127883,21.270629000127883
2051,0.03248521000000437,32.48521000000437
2052,0.025922150000042166,25.922150000042166
2053,0.025335159999940515,25.335159999940515
2054,0.019446256000037465,19.446256000037465
2055,0.030883674000051542,30.883674000051542
2056,0.026126655000098253,26.126655000098253
2057,0.022064811000063855,22.064811000063855
2058,0.020471170000064376,20.471170000064376
2059,0.02822766999997839,28.22766999997839
2060,0.03006162199994833,30.06162199994833
2061,0.02165474200000972,21.65474200000972
2062,0.020926958000018203,20.926958000018203
2063,0.03061523499991381,30.61523499991381
2064,0.021638840000150594,21.638840000150594
2065,0.02131691500017041,21.31691500017041
2066,0.02034384300009151,20.34384300009151
2067,0.03272616000003836,32.72616000003836
2068,0.026545360999989498,26.545360999989498
2069,0.02189351800006989,21.89351800006989
2070,0.019440287999941575,19.440287999941575
2071,0.027183431999901586,27.183431999901586
2072,0.029700775000037538,29.700775000037538
2073,0.022821262999968894,22.821262999968894
2074,0.020116618999963976,20.116618999963976
2075,0.028412769999931697,28.412769999931697
2076,0.03684857899997951,36.84857899997951
2077,0.030026943999928335,30.026943999928335
2078,0.03021193199992922,30.21193199992922
2079,0.039323518999935914,39.323518999935914
2080,0.03012455599991881,30.12455599991881
2081,0.024576425999839557,24.576425999839557
2082,0.020553248999931384,20.553248999931384
2083,0.03420424000000821,34.20424000000821
2084,0.03337808700007372,33.37808700007372
2085,0.04457593799997994,44.57593799997994
2086,0.024240413000143235,24.240413000143235
2087,0.029220889000043826,29.220889000043826
2088,0.027181706999954258,27.181706999954258
2089,0.023376662000146098,23.376662000146098
2090,0.02209390899997743,22.09390899997743
2091,0.029831982000132484,29.831982000132484
2092,0.03064809499983312,30.64809499983312
2093,0.027222305999885066,27.222305999885066
2094,0.022713001000056465,22.713001000056465
2095,0.037010556000041106,37.010556000041106
2096,0.02247072099999059,22.47072099999059
2097,0.023476416999983485,23.476416999983485
2098,0.02086404900001071,20.86404900001071
2099,0.036153387000013026,36.153387000013026
2100,0.022565448000023025,22.565448000023025
2101,0.023979156999985207,23.979156999985207
2102,0.022301583999933428,22.301583999933428
2103,0.03033939600004487,30.33939600004487
2104,0.022120809000170993,22.120809000170993
2105,0.02265583799999149,22.65583799999149
2106,0.02077542999995785,20.77542999995785
2107,0.030745882000019265,30.745882000019265
2108,0.02717729699998017,27.17729699998017
2109,0.023806907000107458,23.806907000107458
2110,0.021841636000090148,21.841636000090148
2111,0.03173949999995784,31.739499999957843
2112,0.027521201999888945,27.521201999888945
2113,0.02351247899991904,23.51247899991904
2114,0.02229973999988033,22.29973999988033
2115,0.03160087299988845,31.600872999888452
2116,0.0249120620001122,24.9120620001122
2117,0.02349481500004913,23.49481500004913
2118,0.023112351999998282,23.112351999998282
2119,0.032213794999961465,32.213794999961465
2120,0.022934824000003573,22.934824000003573
2121,0.023141747999943618,23.141747999943618
2122,0.02177050899990718,21.77050899990718
2123,0.031293549999872994,31.293549999872994
2124,0.02622037600008298,26.22037600008298
2125,0.022931936000077258,22.931936000077258
2126,0.02163105199997517,21.63105199997517
2127,0.02987639000002673,29.87639000002673
2128,0.028468088999943575,28.468088999943575
2129,0.02404294200005097,24.04294200005097
2130,0.02239844200016705,22.39844200016705
2131,0.0306861009999011,30.6861009999011
2132,0.027349379999805024,27.349379999805024
2133,0.02443209700004445,24.43209700004445
2134,0.021781211999950756,21.781211999950756
2135,0.029361591999986558,29.361591999986558
2136,0.02712174199996298,27.12174199996298
2137,0.023419753000098353,23.419753000098353
2138,0.02155763900009333,21.55763900009333
2139,0.02975340599982701,29.75340599982701
2140,0.02715089599996645,27.15089599996645
2141,0.023607105000110096,23.607105000110096
2142,0.02612785199994505,26.12785199994505
2143,0.046202409999978045,46.202409999978045
2144,0.02577487899998232,25.77487899998232
2145,0.02419426000005842,24.19426000005842
2146,0.02253914600009921,22.53914600009921
2147,0.031325621000178216,31.325621000178216
2148,0.025360603000081028,25.360603000081028
2149,0.021868879000066954,21.868879000066954
2150,0.019969815999957063,19.969815999957063
2151,0.03591180000012173,35.91180000012173
2152,0.02587008099999366,25.87008099999366
2153,0.022621730000082607,22.621730000082607
2154,0.02086200500002633,20.86200500002633
2155,0.030350813000040944,30.350813000040944
2156,0.027053057000102854,27.053057000102854
2157,0.02203225600010228,22.03225600010228
2158,0.02041238400011025,20.41238400011025
2159,0.030075066999870614,30.075066999870614
2160,0.027097257999912472,27.097257999912472
2161,0.021998483000061242,21.998483000061242
2162,0.020903800000041883,20.903800000041883
2163,0.02830664800012528,28.30664800012528
2164,0.02319043700003931,23.19043700003931
2165,0.022974771999997756,22.974771999997756
2166,0.0201135949998843,20.1135949998843
2167,0.03268023200007519,32.68023200007519
2168,0.027737201000036293,27.737201000036293
2169,0.022212607000028584,22.212607000028584
2170,0.020235026000136713,20.235026000136713
2171,0.03179016700005377,31.79016700005377
2172,0.027422150999882433,27.422150999882433
2173,0.023033386999941285,23.033386999941285
2174,0.020762611999998626,20.762611999998626
2175,0.027584868000076312,27.584868000076312
2176,0.024857506999978796,24.857506999978796
2177,0.02179333999993105,21.79333999993105
2178,0.020381641000085438,20.381641000085438
2179,0.03360268799997357,33.60268799997357
2180,0.021951413000124376,21.951413000124376
2181,0.02308406800011653,23.08406800011653
2182,0.02049211500002457,20.49211500002457
2183,0.03318156699992869,33.18156699992869
2184,0.026253777999954764,26.253777999954764
2185,0.025093212000001586,25.093212000001586
2186,0.021116718000030232,21.116718000030232
2187,0.034092538000095374,34.092538000095374
2188,0.023759651999853304,23.759651999853304
2189,0.022660480000013195,22.660480000013195
2190,0.02205880600013188,22.05880600013188
2191,0.03267757399999027,32.67757399999027
2192,0.026926383000045462,26.926383000045462
2193,0.022529481999981726,22.529481999981726
2194,0.020397370999944542,20.397370999944542
2195,0.030601872000033836,30.601872000033836
2196,0.026782042999911937,26.782042999911937
2197,0.023163087000057203,23.163087000057203
2198,0.020737902000064423,20.737902000064423
2199,0.030832436000082453,30.832436000082453
2200,0.028337650999901598,28.337650999901598
2201,0.024077128000044468,24.077128000044468
2202,0.021748471000137215,21.748471000137215
2203,0.03428264700005457,34.28264700005457
2204,0.025596884000151476,25.596884000151476
2205,0.021775961999992433,21.775961999992433
2206,0.019548082999790495,19.548082999790495
2207,0.03157228000009127,31.57228000009127
2208,0.021142270999916946,21.142270999916946
2209,0.02244331599990801,22.44331599990801
2210,0.02075959800004057,20.75959800004057
2211,0.03339901099980125,33.39901099980125
2212,0.027068207999946026,27.068207999946026
2213,0.022563192000006893,22.563192000006893
2214,0.020825033999926745,20.825033999926745
2215,0.031969608000053995,31.969608000053995
2216,0.026195934000043053,26.195934000043053
2217,0.021841656000106013,21.841656000106013
2218,0.019902501999922606,19.902501999922606
2219,0.02811414200004947,28.11414200004947
2220,0.03544469899998148,35.44469899998148
2221,0.022263736000013523,22.263736000013523
2222,0.02571360700017067,25.71360700017067
2223,0.050160835000042425,50.160835000042425
2224,0.02759677200015176,27.59677200015176
2225,0.022275576000083674,22.275576000083674
2226,0.01998764699987987,19.98764699987987
2227,0.02942948800000522,29.42948800000522
2228,0.02476936200014279,24.76936200014279
2229,0.021332053999913114,21.332053999913114
2230,0.020114673000080074,20.114673000080074
2231,0.03227860399988458,32.27860399988458
2232,0.026897771999983888,26.89777199998389
2233,0.02329353599998285,23.29353599998285
2234,0.02014789700001529,20.14789700001529
2235,0.031163812999920992,31.163812999920992
2236,0.027734574999840333,27.734574999840333
2237,0.02241115600008925,22.41115600008925
2238,0.020693754999911107,20.693754999911107
2239,0.0270579909999924,27.0579909999924
2240,0.029205907000005027,29.205907000005027
2241,0.02238586800012854,22.38586800012854
2242,0.019965922999972463,19.965922999972463
2243,0.030144555999868317,30.144555999868317
2244,0.021107208000103128,21.107208000103128
2245,0.022719679000147153,22.719679000147153
2246,0.020844372000055955,20.844372000055955
2247,0.03411465399994995,34.11465399994995
2248,0.026477162999981374,26.477162999981374
2249,0.02190118699991217,21.90118699991217
2250,0.01995786899988161,19.95786899988161
2251,0.03225857799998266,32.25857799998266
2252,0.026598924999916562,26.598924999916562
2253,0.023671750999938013,23.671750999938013
2254,0.020186115000115024,20.186115000115024
2255,0.03201256600004854,32.01256600004854
2256,0.02117085500003668,21.17085500003668
2257,0.022056825999925422,22.056825999925422
2258,0.02059618600014801,20.59618600014801
2259,0.03414148299998487,34.14148299998487
2260,0.022990214999936143,22.990214999936143
2261,0.02233775600006993,22.33775600006993
2262,0.020465944000079617,20.465944000079617
2263,0.033347054999921966,33.347054999921966
2264,0.033520836999969106,33.520836999969106
2265,0.030893905000084487,30.893905000084487
2266,0.02286754200008545,22.86754200008545
2267,0.032707981999919866,32.707981999919866
2268,0.026802487999930236,26.802487999930236
2269,0.021437074999994365,21.437074999994365
2270,0.02000651999992442,20.00651999992442
2271,0.03230277200009368,32.30277200009368
2272,0.02750080100008745,27.50080100008745
2273,0.022170188000018243,22.170188000018243
2274,0.019946821999837994,19.946821999837994
2275,0.03205456299997422,32.05456299997422
2276,0.027934665999964636,27.934665999964636
2277,0.021904718000087087,21.904718000087087
2278,0.020975685999928828,20.975685999928828
2279,0.027466366999988168,27.466366999988168
2280,0.029142258000092625,29.142258000092625
2281,0.021689695999839387,21.689695999839387
2282,0.020225780000146187,20.225780000146187
2283,0.029136218000076042,29.136218000076042
2284,0.025863716999992903,25.863716999992903
2285,0.021805077999943023,21.805077999943023
2286,0.0197636349998902,19.7636349998902
2287,0.033909893000100055,33.909893000100055
2288,0.02679505700007212,26.79505700007212
2289,0.024385811999991347,24.385811999991347
2290,0.023051227999985713,23.051227999985713
2291,0.032789676999982476,32.789676999982476
2292,0.026271888000110266,26.271888000110266
2293,0.02213723500017295,22.13723500017295
2294,0.021150087000023632,21.150087000023632
2295,0.03086127000005945,30.86127000005945
2296,0.02638474800005497,26.38474800005497
2297,0.021673045999932583,21.673045999932583
2298,0.021778553999865835,21.778553999865835
2299,0.032091018000073745,32.091018000073745
2300,0.02168388500012952,21.68388500012952
2301,0.02597400599984212,25.97400599984212
2302,0.02200203799998235,22.00203799998235
2303,0.029208674000074097,29.208674000074097
2304,0.021271807999937664,21.271807999937664
2305,0.022540121000020008,22.540121000020008
2306,0.020088012000087474,20.088012000087474
2307,0.03065465800000311,30.65465800000311
2308,0.026737514999922496,26.737514999922496
2309,0.021528807999857236,21.528807999857236
2310,0.020092557999987548,20.092557999987548
2311,0.032365861000016594,32.365861000016594
2312,0.02155207199984943,21.55207199984943
2313,0.02522627200005445,25.22627200005445
2314,0.020885296000187736,20.885296000187736
2315,0.03893043800007945,38.93043800007945
2316,0.03153231500004949,31.532315000049493
2317,0.022186402999977872,22.186402999977872
2318,0.02163891700001841,21.63891700001841
2319,0.03449606300000596,34.49606300000596
2320,0.02918842000008226,29.18842000008226
2321,0.022293081000043458,22.293081000043458
2322,0.02076972999998361,20.76972999998361
2323,0.03222385899994151,32.22385899994151
2324,0.025036596999825633,25.036596999825633
2325,0.021315071999879365,21.315071999879365
2326,0.019488886000090133,19.488886000090133
2327,0.029835074999937206,29.835074999937206
2328,0.027443803000096523,27.443803000096523
2329,0.022104470999920522,22.104470999920522
2330,0.020628412999940338,20.628412999940338
2331,0.032151938999959384,32.151938999959384
2332,0.02181957900006637,21.81957900006637
2333,0.02348933399980524,23.48933399980524
2334,0.021012425000208168,21.012425000208168
2335,0.03262939800015374,32.62939800015374
2336,0.022737559000006513,22.737559000006513
2337,0.021416748999854462,21.416748999854462
2338,0.020296044999895457,20.296044999895457
2339,0.0310389750000013,31.0389750000013
2340,0.026661830999955782,26.661830999955782
2341,0.02249686000004658,22.49686000004658
2342,0.020856576999904064,20.856576999904064
2343,0.03216829799998777,32.16829799998777
2344,0.02730894100000114,27.30894100000114
2345,0.02295784500006448,22.95784500006448
2346,0.020699080999975195,20.699080999975195
2347,0.026938412000163225,26.938412000163225
2348,0.0289527590000489,28.9527590000489
2349,0.021945116000097187,21.945116000097187
2350,0.0208887839999079,20.8887839999079
2351,0.029811755999844536,29.811755999844536
2352,0.02264689100002215,22.64689100002215
2353,0.022589381999978286,22.589381999978286
2354,0.019994258999986414,19.994258999986414
2355,0.03755378400001064,37.55378400001064
2356,0.024014868999984174,24.014868999984174
2357,0.02245990200003689,22.45990200003689
2358,0.02050455200014767,20.50455200014767
2359,0.03307139899993672,33.07139899993672
2360,0.02787881499989453,27.87881499989453
2361,0.023317177999842897,23.317177999842897
2362,0.020360960000061823,20.360960000061823
2363,0.029847819999986314,29.847819999986314
2364,0.026699501999928543,26.699501999928543
2365,0.021819624000045224,21.819624000045224
2366,0.01909614999999576,19.09614999999576
2367,0.028697047999912684,28.697047999912684
2368,0.02230647500005034,22.30647500005034
2369,0.022345662000134325,22.345662000134325
2370,0.020491576000040368,20.491576000040368
2371,0.033126210000091305,33.126210000091305
2372,0.027087661999985357,27.087661999985357
2373,0.02155139199999212,21.55139199999212
2374,0.02033838699981061,20.33838699981061
2375,0.03173620000006849,31.736200000068493
2376,0.026811656999825573,26.811656999825573
2377,0.02176209399999607,21.76209399999607
2378,0.02135405800004264,21.35405800004264
2379,0.027586999000050128,27.586999000050128
2380,0.028699902999960614,28.699902999960614
2381,0.022506038000074113,22.506038000074113
2382,0.021257180000020526,21.257180000020526
2383,0.036300814000014725,36.300814000014725
2384,0.0213919549998991,21.3919549998991
2385,0.022182856999961587,22.182856999961587
2386,0.021117016000061994,21.117016000061994
2387,0.035887771999796314,35.887771999796314
2388,0.021660078999957477,21.660078999957477
2389,0.025491166999927373,25.491166999927373
2390,0.02071120499999779,20.71120499999779
2391,0.033703736000006757,33.70373600000676
2392,0.021170840999957363,21.170840999957363
2393,0.022492785999929765,22.492785999929765
2394,0.020036074000017834,20.036074000017834
2395,0.0315445290000298,31.544529000029797
2396,0.026293497000096977,26.293497000096977
2397,0.021625836999874082,21.625836999874082
2398,0.02016947699985394,20.16947699985394
2399,0.028252548000182287,28.252548000182287
2400,0.02785996400007207,27.85996400007207
2401,0.022180010000056427,22.180010000056427
2402,0.020772435000026235,20.772435000026235
2403,0.032513548000224546,32.513548000224546
2404,0.021773857999960455,21.773857999960455
2405,0.022546018999946682,22.546018999946682
2406,0.0205882059999567,20.5882059999567
2407,0.03351602499992623,33.51602499992623
2408,0.024587330000031216,24.587330000031216
2409,0.02136007400008566,21.36007400008566
2410,0.01998914299997523,19.98914299997523
2411,0.033258959000022514,33.258959000022514
2412,0.027074910999999702,27.0749109999997
2413,0.02347504099998332,23.47504099998332
2414,0.021023956999897564,21.023956999897564
2415,0.0323505409999143,32.3505409999143
2416,0.027491318999864234,27.491318999864234
2417,0.022323723999988943,22.323723999988943
2418,0.020138454999823807,20.138454999823807
2419,0.02781897099998787,27.81897099998787
2420,0.02649725099990974,26.49725099990974
2421,0.027381629000046814,27.381629000046814
2422,0.02961572799995338,29.61572799995338
2423,0.055120468000041,55.120468000041
2424,0.04504601700000421,45.04601700000421
2425,0.030341023000119094,30.341023000119094
2426,0.031031811000048037,31.031811000048037
2427,0.04538841200019306,45.38841200019306
2428,0.020410897000147088,20.410897000147088
2429,0.021783198000093762,21.783198000093762
2430,0.025202500999967015,25.202500999967015
2431,0.03224779699985447,32.24779699985447
2432,0.03786173100002088,37.86173100002088
2433,0.029938584000092305,29.938584000092305
2434,0.02341566200016132,23.41566200016132
2435,0.037948028000073464,37.948028000073464
2436,0.031939236999960485,31.939236999960485
2437,0.027094888999954492,27.09488899995449
2438,0.033303736999869216,33.303736999869216
2439,0.02749461399980646,27.49461399980646
2440,0.021360275000006368,21.360275000006368
2441,0.02152237099994636,21.52237099994636
2442,0.030543563000037466,30.543563000037466
2443,0.029854931000045326,29.854931000045326
2444,0.02123243400001229,21.23243400001229
2445,0.021930307000047833,21.930307000047833
2446,0.02612784500001908,26.12784500001908
2447,0.2294859019998512,229.4859019998512
2448,0.019519326999898112,19.519326999898112
2449,0.02049617100010437,20.49617100010437
2450,0.02710069900012968,27.10069900012968
2451,0.026727014000016425,26.727014000016425
2452,0.02017798099996071,20.17798099996071
2453,0.021411757000123544,21.411757000123544
2454,0.026021043999890026,26.021043999890026
2455,0.030432047999966017,30.432047999966017
2456,0.020670577999908346,20.670577999908346
2457,0.021309503000111363,21.309503000111363
2458,0.028241704000038226,28.241704000038226
2459,0.02265701800001807,22.65701800001807
2460,0.02001874300003692,20.01874300003692
2461,0.021250873999861142,21.250873999861142
2462,0.033881353999959174,33.881353999959174
2463,0.02798067899993839,27.98067899993839
2464,0.020212581000123464,20.212581000123464
2465,0.021227511000006416,21.227511000006416
2466,0.03478397000003497,34.78397000003497
2467,0.027766678000034517,27.766678000034517
2468,0.020952716000010696,20.952716000010696
2469,0.02098106900007224,20.98106900007224
2470,0.028822189000038634,28.822189000038634
2471,0.02878017800003363,28.78017800003363
2472,0.02134401499984051,21.34401499984051
2473,0.022099331000163147,22.099331000163147
2474,0.026597066000022096,26.597066000022096
2475,0.03184530299995458,31.845302999954583
2476,0.021860087000050044,21.860087000050044
2477,0.02262675599990871,22.62675599990871
2478,0.029287239000041154,29.287239000041154
2479,0.02976819799982877,29.76819799982877
2480,0.027844575000017358,27.844575000017358
2481,0.027888467000138917,27.888467000138917
2482,0.04995272899986958,49.95272899986958
2483,0.022621017999881587,22.621017999881587
2484,0.020656156000086412,20.656156000086412
2485,0.021291603999998188,21.291603999998188
2486,0.03246534100003373,32.46534100003373
2487,0.02239052899994931,22.39052899994931
2488,0.020984617000067374,20.984617000067374
2489,0.02140032300007988,21.40032300007988
2490,0.030710685000030935,30.710685000030935
2491,0.028663184000151887,28.663184000151887
2492,0.02028316999985691,20.28316999985691
2493,0.022110837999889554,22.110837999889554
2494,0.029873436999878322,29.873436999878322
2495,0.028226666999898953,28.226666999898953
2496,0.021675721999827147,21.675721999827147
2497,0.02158260800001699,21.58260800001699
2498,0.024257325999997192,24.257325999997192
2499,0.03564007099998889,35.64007099998889
2500,0.021419423999986975,21.419423999986975
2501,0.021159097999998266,21.159097999998266
2502,0.026781695999943622,26.781695999943622
2503,0.02693277200000921,26.93277200000921
2504,0.021185955999953876,21.185955999953876
2505,0.022107001999984277,22.107001999984277
2506,0.03232482999987951,32.32482999987951
2507,0.02878129100008664,28.78129100008664
2508,0.021259827999983827,21.259827999983827
2509,0.021880956999893897,21.880956999893897
2510,0.03196539600003234,31.965396000032342
2511,0.027401177999990978,27.401177999990978
2512,0.020535184999971534,20.535184999971534
2513,0.02256662700006018,22.56662700006018
2514,0.030130304999829605,30.130304999829605
2515,0.028044087000125728,28.044087000125728
2516,0.022974497999939558,22.974497999939558
2517,0.02311720099987724,23.11720099987724
2518,0.03136910400007764,31.36910400007764
2519,0.028245632000107435,28.245632000107435
2520,0.02104831499991633,21.04831499991633
2521,0.02300177100005385,23.00177100005385
2522,0.030631978999963394,30.631978999963394
2523,0.027781474999983402,27.781474999983402
2524,0.02048837799998182,20.48837799998182
2525,0.02109945000006519,21.09945000006519
2526,0.027977325999927416,27.977325999927416
2527,0.022008762000041315,22.008762000041315
2528,0.021250140999882206,21.250140999882206
2529,0.022131034000040017,22.131034000040017
2530,0.032119490000013684,32.119490000013684
2531,0.028204897000023266,28.204897000023266
2532,0.020949441999846385,20.949441999846385
2533,0.022307740000087506,22.307740000087506
2534,0.030766543000027013,30.766543000027013
2535,0.028781971000171325,28.781971000171325
2536,0.02104231799989975,21.04231799989975
2537,0.021560894000003827,21.560894000003827
2538,0.029908460999877207,29.908460999877207
2539,0.027659090000042852,27.659090000042852
2540,0.02061585199999172,20.61585199999172
2541,0.020857259999957023,20.857259999957023
2542,0.03688174200010508,36.88174200010508
2543,0.022784963999811225,22.784963999811225
2544,0.020572302000118725,20.572302000118725
2545,0.021251824000046327,21.251824000046327
2546,0.03328112200006217,33.28112200006217
2547,0.025155917000120098,25.1559170001201
2548,0.02091318299994782,20.91318299994782
2549,0.02131195500010108,21.31195500010108
2550,0.032925509000051534,32.925509000051534
2551,0.02636361300005774,26.36361300005774
2552,0.020474565999847982,20.474565999847982
2553,0.02218959900005757,22.18959900005757
2554,0.03088386000013088,30.88386000013088
2555,0.027922400000079506,27.922400000079506
2556,0.020750065999891376,20.750065999891376
2557,0.02145312099992225,21.45312099992225
2558,0.03161486900012278,31.61486900012278
2559,0.02831742800003667,28.31742800003667
2560,0.02079827300008219,20.79827300008219
2561,0.021891417000006186,21.891417000006186
2562,0.050072511000053055,50.072511000053055
2563,0.027733232000173302,27.733232000173302
2564,0.025022339000088323,25.022339000088323
2565,0.02409990299997844,24.09990299997844
2566,0.03438408399983928,34.38408399983928
2567,0.025147240000023885,25.147240000023885
2568,0.02213067599996066,22.13067599996066
2569,0.02262258600012501,22.62258600012501
2570,0.030290904999901613,30.290904999901613
2571,0.028762083999936294,28.762083999936294
2572,0.021589464000044245,21.589464000044245
2573,0.02347800300003655,23.47800300003655
2574,0.02975469700004396,29.75469700004396
2575,0.027750228000058996,27.750228000058996
2576,0.02271605000009913,22.71605000009913
2577,0.023593189999928654,23.593189999928654
2578,0.031003030000192666,31.003030000192666
2579,0.023737919999803125,23.737919999803125
2580,0.024866246000101455,24.866246000101455
2581,0.024122284999975818,24.122284999975818
2582,0.02669877399989673,26.69877399989673
2583,0.026289635000011913,26.289635000011913
2584,0.02189805000011802,21.89805000011802
2585,0.025773243000003276,25.773243000003276
2586,0.031027320000021064,31.027320000021064
2587,0.02455428700000084,24.55428700000084
2588,0.02237919399999555,22.37919399999555
2589,0.023627971999985675,23.627971999985675
2590,0.027410407999923336,27.410407999923336
2591,0.02799790600010965,27.99790600010965
2592,0.02323904200011384,23.23904200011384
2593,0.0225874540001314,22.5874540001314
2594,0.030891621999899144,30.891621999899144
2595,0.024872334000065166,24.872334000065166
2596,0.022506849999899714,22.506849999899714
2597,0.02351865099990391,23.51865099990391
2598,0.031931421999843224,31.931421999843224
2599,0.024250240000128542,24.250240000128542
2600,0.023117859999956636,23.117859999956636
2601,0.02762596599995959,27.62596599995959
2602,0.045486106999987896,45.486106999987896
2603,0.026161567000144714,26.161567000144714
2604,0.022370446999957494,22.370446999957494
2605,0.022389432999943892,22.389432999943892
2606,0.030165290000013556,30.165290000013556
2607,0.02474434000009751,24.74434000009751
2608,0.022020193000116706,22.020193000116706
2609,0.024540961999946376,24.540961999946376
2610,0.03137505199993029,31.375051999930292
2611,0.02400539099994603,24.00539099994603
2612,0.022790824000139764,22.790824000139764
2613,0.02510929599998235,25.10929599998235
2614,0.026540264000004754,26.540264000004754
2615,0.0277908349999052,27.7908349999052
2616,0.022774125999831085,22.774125999831085
2617,0.023058634999870264,23.058634999870264
2618,0.030005522999999812,30.005522999999812
2619,0.02592030400001022,25.92030400001022
2620,0.022390599999880578,22.39059999988058
2621,0.02286654400018051,22.86654400018051
2622,0.029757744000107778,29.757744000107778
2623,0.02910480499986079,29.10480499986079
2624,0.02277654599993184,22.77654599993184
2625,0.022742123999933028,22.74212399993303
2626,0.03510311900004126,35.10311900004126
2627,0.02427641000008407,24.27641000008407
2628,0.024561964999975316,24.561964999975316
2629,0.02293706899990866,22.93706899990866
2630,0.03161306600009084,31.61306600009084
2631,0.024646248999943055,24.646248999943055
2632,0.0222826649999206,22.2826649999206
2633,0.022993736999978864,22.993736999978864
2634,0.026194344000032288,26.194344000032288
2635,0.028770446999942578,28.77044699994258
2636,0.022519402999932936,22.519402999932936
2637,0.023890004999884695,23.890004999884695
2638,0.030938447000153246,30.938447000153246
2639,0.024506839999958174,24.506839999958174
2640,0.023392860999820186,23.392860999820186
2641,0.023947475999875678,23.947475999875678
2642,0.02712051999992582,27.12051999992582
2643,0.02789240700008122,27.89240700008122
2644,0.0215716049999628,21.5716049999628
2645,0.023199302999955762,23.199302999955762
2646,0.031138657000155945,31.138657000155945
2647,0.02636368800017408,26.36368800017408
2648,0.022108796000111397,22.108796000111397
2649,0.02235975899998266,22.35975899998266
2650,0.03149438599984933,31.494385999849328
2651,0.02854238500003703,28.54238500003703
2652,0.022003890999940268,22.003890999940268
2653,0.02353000399989469,23.53000399989469
2654,0.02676596900005279,26.76596900005279
2655,0.0299993869998616,29.9993869998616
2656,0.022934612999961246,22.934612999961246
2657,0.023976751999953194,23.976751999953194
2658,0.026419874999874082,26.419874999874082
2659,0.029807044000108363,29.807044000108363
2660,0.023231835000160572,23.231835000160572
2661,0.022840573999928893,22.840573999928893
2662,0.02595986400001493,25.95986400001493
2663,0.034876804000077755,34.876804000077755
2664,0.022778992999974434,22.778992999974434
2665,0.02381520099993395,23.81520099993395
2666,0.027319133999981204,27.319133999981204
2667,0.024008073000004515,24.008073000004515
2668,0.022915821999959007,22.915821999959007
2669,0.02389712000012878,23.89712000012878
2670,0.03052165199983392,30.52165199983392
2671,0.024129090000087672,24.129090000087672
2672,0.022699371000044266,22.699371000044266
2673,0.023077974999978323,23.077974999978323
2674,0.03021486400007234,30.21486400007234
2675,0.02549621200000729,25.49621200000729
2676,0.02263210700016316,22.63210700016316
2677,0.023723191000044608,23.723191000044608
2678,0.030795581000120364,30.795581000120364
2679,0.024592910999899686,24.592910999899686
2680,0.024034475999997085,24.034475999997085
2681,0.02392557600001055,23.92557600001055
2682,0.027441319999979896,27.441319999979896
2683,0.024431139999933293,24.431139999933293
2684,0.022199099000090428,22.199099000090428
2685,0.024159027999985483,24.159027999985483
2686,0.03099548299996968,30.99548299996968
2687,0.02686072599999534,26.86072599999534
2688,0.02276794899989909,22.76794899989909
2689,0.02332887500006109,23.32887500006109
2690,0.03255960399997093,32.55960399997093
2691,0.02427751100003661,24.27751100003661
2692,0.022817795000037222,22.817795000037222
2693,0.02282954200018139,22.82954200018139
2694,0.03276458000004823,32.76458000004823
2695,0.02438801300013438,24.38801300013438
2696,0.021728596999992078,21.728596999992078
2697,0.02443928299999243,24.43928299999243
2698,0.03462759600006393,34.62759600006393
2699,0.023952451000013752,23.952451000013752
2700,0.0226746880000519,22.6746880000519
2701,0.02444931699983499,24.44931699983499
2702,0.024221842999850196,24.221842999850196
2703,0.03509611900017262,35.09611900017262
2704,0.021714641000016854,21.714641000016854
2705,0.023182382000186408,23.182382000186408
2706,0.026945059000127003,26.945059000127003
2707,0.023686295000061364,23.686295000061364
2708,0.021906274999992092,21.906274999992092
2709,0.02347887099995205,23.47887099995205
2710,0.031018012999993516,31.018012999993516
2711,0.024562046000028204,24.562046000028204
2712,0.0225089369998841,22.5089369998841
2713,0.025599923000072522,25.599923000072522
2714,0.028004290999888326,28.004290999888326
2715,0.023918649000052028,23.918649000052028
2716,0.02281675099993663,22.81675099993663
2717,0.022977115999992748,22.977115999992748
2718,0.028739322000092216,28.739322000092216
2719,0.028764826000042376,28.764826000042376
2720,0.021823035000124946,21.823035000124946
2721,0.022708950000151162,22.708950000151162
2722,0.030623998999999458,30.623998999999458
2723,0.0292160750000221,29.2160750000221
2724,0.02168483900004503,21.68483900004503
2725,0.023252059000014924,23.252059000014924
2726,0.029841067999996085,29.841067999996085
2727,0.02926228799992714,29.26228799992714
2728,0.022398464000161766,22.398464000161766
2729,0.023323396000023422,23.323396000023422
2730,0.030005552999909924,30.005552999909924
2731,0.027406619999965187,27.406619999965187
2732,0.022055344000136756,22.055344000136756
2733,0.022219114999870726,22.219114999870726
2734,0.02933633199995711,29.33633199995711
2735,0.028910763000112638,28.910763000112638
2736,0.02204853600005663,22.04853600005663
2737,0.023078857999962565,23.078857999962565
2738,0.029942468999934135,29.942468999934135
2739,0.02920624300008967,29.20624300008967
2740,0.02261935999990783,22.61935999990783
2741,0.02328794300001391,23.28794300001391
2742,0.02916142799995214,29.16142799995214
2743,0.02952357000003758,29.52357000003758
2744,0.022371807000126864,22.371807000126864
2745,0.023922759999777554,23.922759999777554
2746,0.040141899999980524,40.141899999980524
2747,0.024066547000074934,24.066547000074934
2748,0.022359068000014304,22.359068000014304
2749,0.02373802500005695,23.73802500005695
2750,0.02931817100011358,29.31817100011358
2751,0.028325386000005892,28.325386000005892
2752,0.022248927999953594,22.248927999953594
2753,0.02257549699993433,22.57549699993433
2754,0.04017154799998934,40.17154799998934
2755,0.02625313700013976,26.25313700013976
2756,0.023806606999869473,23.806606999869473
2757,0.027020902000003844,27.020902000003844
2758,0.035929628000076264,35.929628000076264
2759,0.024431930999980978,24.431930999980978
2760,0.024153926000053616,24.153926000053616
2761,0.025037972000063746,25.037972000063746
2762,0.04610054500017213,46.10054500017213
2763,0.027794458000016675,27.794458000016675
2764,0.02271501899986106,22.71501899986106
2765,0.023131232000196178,23.131232000196178
2766,0.032106407000128456,32.106407000128456
2767,0.028923816000087754,28.923816000087754
2768,0.022213024999928166,22.213024999928166
2769,0.022703804000002492,22.703804000002492
2770,0.028031121999902098,28.031121999902098
2771,0.03084325500003615,30.84325500003615
2772,0.02457565099985004,24.57565099985004
2773,0.024333775999821228,24.333775999821228
2774,0.033027679000042554,33.02767900004255
2775,0.024149954999984402,24.149954999984402
2776,0.022680369999989125,22.680369999989125
2777,0.02292918299986013,22.92918299986013
2778,0.02885934300002191,28.85934300002191
2779,0.024567230000002382,24.567230000002382
2780,0.022230723000120634,22.230723000120634
2781,0.02307616300004156,23.07616300004156
2782,0.02814563099991574,28.14563099991574
2783,0.028651757000034195,28.651757000034195
2784,0.021717569999964326,21.717569999964326
2785,0.022890467000024728,22.890467000024728
2786,0.0304254810000657,30.4254810000657
2787,0.02952834900020207,29.52834900020207
2788,0.02276260100006766,22.76260100006766
2789,0.022658073000002332,22.658073000002332
2790,0.03645021099987389,36.45021099987389
2791,0.02426179500002945,24.26179500002945
2792,0.022637867999947048,22.637867999947048
2793,0.022912801000074978,22.912801000074978
2794,0.026844959000072777,26.844959000072777
2795,0.02825935400005619,28.25935400005619
2796,0.022004552999987936,22.004552999987936
2797,0.022148489000073823,22.148489000073823
2798,0.028759519999994154,28.759519999994154
2799,0.028688748000149644,28.688748000149644
2800,0.021568138000020554,21.568138000020554
2801,0.02308623199996873,23.08623199996873
2802,0.027796891999969375,27.796891999969375
2803,0.029139344999975947,29.139344999975947
2804,0.02215692599997965,22.15692599997965
2805,0.022731851999878927,22.731851999878927
2806,0.0290103539998654,29.0103539998654
2807,0.03002922999985458,30.02922999985458
2808,0.022476402000165763,22.476402000165763
2809,0.022597208999968643,22.597208999968643
2810,0.029276206000076854,29.276206000076854
2811,0.028150919000154317,28.150919000154317
2812,0.022456768999973065,22.456768999973065
2813,0.024671782000041276,24.671782000041276
2814,0.03003381400003491,30.03381400003491
2815,0.029282868000109374,29.282868000109374
2816,0.022664759000008416,22.664759000008416
2817,0.023434172000179387,23.434172000179387
2818,0.030832954000061363,30.832954000061363
2819,0.025782088999903863,25.782088999903863
2820,0.022304572999928496,22.304572999928496
2821,0.02441962600005354,24.41962600005354
2822,0.0276529269999628,27.6529269999628
2823,0.028227002999983597,28.227002999983597
2824,0.02653117799991378,26.53117799991378
2825,0.024754603000019415,24.754603000019415
2826,0.026771022000048106,26.771022000048106
2827,0.033330443000068044,33.330443000068044
2828,0.023181811000085872,23.181811000085872
2829,0.02268229300011626,22.68229300011626
2830,0.028491706999830058,28.491706999830058
2831,0.028448223000168582,28.448223000168582
2832,0.02275841699997727,22.75841699997727
2833,0.023355474000027243,23.355474000027243
2834,0.027959433000205536,27.959433000205536
2835,0.0288667180000175,28.8667180000175
2836,0.021222301999841875,21.222301999841875
2837,0.022469255000032717,22.469255000032717
2838,0.0264232990000437,26.4232990000437
2839,0.029694194000057905,29.694194000057905
2840,0.0232775849999598,23.2775849999598
2841,0.023889570999926946,23.889570999926946
2842,0.02851018199999089,28.51018199999089
2843,0.028619689000151993,28.619689000151993
2844,0.022577483000077336,22.577483000077336
2845,0.023053157000049396,23.053157000049396
2846,0.028115732999822285,28.115732999822285
2847,0.030165677000013602,30.165677000013602
2848,0.021815908000007767,21.815908000007767
2849,0.023461645999987013,23.461645999987013
2850,0.028942121000000043,28.942121000000043
2851,0.0292999040000268,29.2999040000268
2852,0.021924399999988964,21.924399999988964
2853,0.023302232000105505,23.302232000105505
2854,0.027928214999974443,27.928214999974443
2855,0.029077840000127253,29.077840000127253
2856,0.021838855000169133,21.838855000169133
2857,0.022869004000085624,22.869004000085624
2858,0.029663688000027832,29.663688000027832
2859,0.028535086000147203,28.535086000147203
2860,0.022838285999796426,22.838285999796426
2861,0.023569667999936428,23.569667999936428
2862,0.029288335000046573,29.288335000046573
2863,0.029849756999965393,29.849756999965393
2864,0.023560883000072863,23.560883000072863
2865,0.023193465000076685,23.193465000076685
2866,0.03203271200004565,32.03271200004565
2867,0.028900026999963302,28.900026999963302
2868,0.02304944100001194,23.04944100001194
2869,0.024039035999976477,24.039035999976477
2870,0.03690121499994348,36.90121499994348
2871,0.023804489999974976,23.804489999974976
2872,0.022043619999976727,22.043619999976727
2873,0.022086807999812663,22.086807999812663
2874,0.02761087400017459,27.61087400017459
2875,0.024904960000185383,24.904960000185383
2876,0.023156199999903038,23.156199999903038
2877,0.02314621300001818,23.14621300001818
2878,0.04041520500004481,40.41520500004481
2879,0.02443622900000264,24.43622900000264
2880,0.0224240780000855,22.4240780000855
2881,0.02322131799996896,23.22131799996896
2882,0.03340568900011931,33.40568900011931
2883,0.027830791000042154,27.830791000042154
2884,0.022810960000015257,22.810960000015257
2885,0.022686958000122104,22.686958000122104
2886,0.02859941099995922,28.59941099995922
2887,0.027899286000092616,27.899286000092616
2888,0.021749039000042103,21.749039000042103
2889,0.023112665000098787,23.112665000098787
2890,0.03148714999997537,31.487149999975372
2891,0.028671806000147626,28.671806000147626
2892,0.02276950800001032,22.76950800001032
2893,0.023432029000105103,23.432029000105103
2894,0.03362289400001828,33.62289400001828
2895,0.027216080000016518,27.216080000016518
2896,0.02267095199999858,22.67095199999858
2897,0.023042489000090427,23.042489000090427
2898,0.03255746900003942,32.55746900003942
2899,0.023676887000192437,23.676887000192437
2900,0.022002337000003536,22.002337000003536
2901,0.023475630000120873,23.475630000120873
2902,0.04032304300017131,40.32304300017131
2903,0.02984694299993862,29.84694299993862
2904,0.026488383000014437,26.488383000014437
2905,0.0240780280000763,24.0780280000763
2906,0.03680876599992189,36.80876599992189
2907,0.02456288799999129,24.56288799999129
2908,0.021660130000100253,21.660130000100253
2909,0.023124897999878158,23.124897999878158
2910,0.03713958600019396,37.13958600019396
2911,0.023847443000022395,23.847443000022395
2912,0.022113004999937402,22.113004999937402
2913,0.022806039999977656,22.806039999977656
2914,0.03035998399991513,30.35998399991513
2915,0.023917600000004313,23.917600000004313
2916,0.022389837999980955,22.389837999980955
2917,0.022573491000002832,22.573491000002832
2918,0.02732835699998759,27.32835699998759
2919,0.027060504000019137,27.060504000019137
2920,0.022996745000000374,22.996745000000374
2921,0.02348929599997973,23.48929599997973
2922,0.03521944399994936,35.21944399994936
2923,0.02532207599983849,25.32207599983849
2924,0.022750287999997454,22.750287999997454
2925,0.023310961999868596,23.310961999868596
2926,0.024764819999973042,24.764819999973042
2927,0.032861463000017466,32.861463000017466
2928,0.02215036899997358,22.15036899997358
2929,0.023453425000070638,23.453425000070638
2930,0.027051763000145,27.051763000145
2931,0.023531346000027042,23.531346000027042
2932,0.022051241000099253,22.051241000099253
2933,0.023051232000170785,23.051232000170785
2934,0.02927422699985982,29.27422699985982
2935,0.028732674000139014,28.732674000139014
2936,0.02269135599999572,22.69135599999572
2937,0.023238223999896945,23.238223999896945
2938,0.029309996000165484,29.309996000165484
2939,0.028645976000007067,28.645976000007067
2940,0.024401554999940345,24.401554999940345
2941,0.024193923999973777,24.193923999973777
2942,0.026855612999952427,26.855612999952427
2943,0.031858679000151824,31.858679000151824
2944,0.022615240000050107,22.615240000050107
2945,0.024023365999937596,24.023365999937596
2946,0.026815682000005836,26.815682000005836
2947,0.02686462500014386,26.86462500014386
2948,0.02208617500014043,22.08617500014043
2949,0.022983900999861362,22.983900999861362
2950,0.028935501999967528,28.935501999967528
2951,0.028376730999980282,28.376730999980282
2952,0.022378008000032423,22.378008000032423
2953,0.02323155600015525,23.23155600015525
2954,0.028104443999836803,28.104443999836803
2955,0.028997919000175898,28.997919000175898
2956,0.022212837000097352,22.212837000097352
2957,0.02360067299991897,23.60067299991897
2958,0.029307288999916636,29.307288999916636
2959,0.02884984699994675,28.84984699994675
2960,0.022683901999926093,22.683901999926093
2961,0.022344814999996743,22.344814999996743
2962,0.028667846000189456,28.667846000189456
2963,0.028528499999993073,28.528499999993073
2964,0.021765206999816655,21.765206999816655
2965,0.02298705099997278,22.98705099997278
2966,0.02209264699990854,22.09264699990854
2967,0.03079685500006235,30.79685500006235
2968,0.0228892329998871,22.8892329998871
2969,0.02364900099996703,23.64900099996703
2970,0.02796640900010061,27.96640900010061
2971,0.02985584199996083,29.85584199996083
2972,0.022694268999885026,22.694268999885026
2973,0.022922380999943925,22.922380999943925
2974,0.032389819999934844,32.38981999993484
2975,0.028744292000055793,28.744292000055793
2976,0.022485924999955387,22.485924999955387
2977,0.02516958599994723,25.16958599994723
2978,0.04218341799992231,42.18341799992231
2979,0.025256221999825357,25.256221999825357
2980,0.022049263000099018,22.049263000099018
2981,0.0233166269999856,23.3166269999856
2982,0.0277743400001782,27.7743400001782
2983,0.02857686799984549,28.57686799984549
2984,0.022314018000088254,22.314018000088254
2985,0.02311284000006708,23.11284000006708
2986,0.02779877700004363,27.79877700004363
2987,0.03000709699995241,30.00709699995241
2988,0.023244965999992928,23.244965999992928
2989,0.02361849799990523,23.61849799990523
2990,0.02669553700002325,26.69553700002325
2991,0.038013267999986056,38.013267999986056
2992,0.026761647000057565,26.761647000057565
2993,0.02331406700000116,23.31406700000116
2994,0.02531204299998535,25.31204299998535
2995,0.029079584999863073,29.079584999863073
2996,0.02223317900006805,22.23317900006805
2997,0.02256653099993855,22.56653099993855
2998,0.02609105099986664,26.09105099986664
2999,0.025071391999972548,25.071391999972548
3000,0.023357753000027515,23.357753000027515
3001,0.023564738999994006,23.564738999994006
3002,0.03149786399990262,31.49786399990262
3003,0.02497341499997674,24.97341499997674
3004,0.02291700699993271,22.91700699993271
3005,0.022625725000125385,22.625725000125385
3006,0.03265599399992425,32.65599399992425
3007,0.024111096999831716,24.111096999831716
3008,0.02229577799994331,22.29577799994331
3009,0.02555998200000431,25.55998200000431
3010,0.026566250000087166,26.566250000087166
3011,0.0255373459999646,25.5373459999646
3012,0.024259322000034444,24.259322000034444
3013,0.02381940999998733,23.81940999998733
3014,0.03439347100015766,34.39347100015766
3015,0.025683889000220006,25.683889000220006
3016,0.02287207600011243,22.87207600011243
3017,0.02413757199997235,24.13757199997235
3018,0.02481521699996847,24.81521699996847
3019,0.03084576600008404,30.84576600008404
3020,0.02298983200012117,22.98983200012117
3021,0.023580119999905946,23.580119999905946
3022,0.025472025999988546,25.472025999988546
3023,0.029969612000058987,29.969612000058987
3024,0.02252175599983275,22.52175599983275
3025,0.022966369000187115,22.966369000187115
3026,0.025182223000001613,25.182223000001613
3027,0.03221578500006217,32.21578500006217
3028,0.023215518999904816,23.215518999904816
3029,0.023584433999985777,23.584433999985777
3030,0.02953965500000777,29.53965500000777
3031,0.03018523099990489,30.18523099990489
3032,0.021612626000205637,21.612626000205637
3033,0.023518355999840423,23.518355999840423
3034,0.028498581999883754,28.498581999883754
3035,0.02846893200012346,28.46893200012346
3036,0.022292401000186146,22.292401000186146
3037,0.023252266000099553,23.252266000099553
3038,0.028055981999841606,28.055981999841606
3039,0.029612670999995316,29.612670999995316
3040,0.021679249000044365,21.679249000044365
3041,0.023093311000138783,23.093311000138783
3042,0.030734095000070738,30.734095000070738
3043,0.028477312000177335,28.477312000177335
3044,0.023498446999838052,23.498446999838052
3045,0.022695757000064987,22.695757000064987
3046,0.0293977910000649,29.3977910000649
3047,0.02928625699996701,29.28625699996701
3048,0.023280040999907214,23.280040999907214
3049,0.022857604000137144,22.857604000137144
3050,0.04262963800010766,42.62963800010766
3051,0.02404589399998258,24.04589399998258
3052,0.022171499000023687,22.171499000023687
3053,0.023068654999860883,23.068654999860883
3054,0.039936734000093566,39.936734000093566
3055,0.023569573000031596,23.569573000031596
3056,0.021304078999946796,21.304078999946796
3057,0.022988942999973005,22.988942999973005
3058,0.03185907200008842,31.859072000088418
3059,0.02878166000004967,28.78166000004967
3060,0.02226583599986043,22.26583599986043
3061,0.02290812699993694,22.90812699993694
3062,0.03040009699998336,30.40009699998336
3063,0.029033281000010902,29.033281000010902
3064,0.02316337599995677,23.16337599995677
3065,0.024963735000028464,24.963735000028464
3066,0.03556879799998569,35.56879799998569
3067,0.024570938999886494,24.570938999886494
3068,0.022786351000149807,22.786351000149807
3069,0.02297951499986084,22.97951499986084
3070,0.030189275999873644,30.189275999873644
3071,0.023050649999959205,23.050649999959205
3072,0.02299315499999466,22.99315499999466
3073,0.023009415999922567,23.009415999922567
3074,0.026964547000034145,26.964547000034145
3075,0.029293523999967874,29.293523999967874
3076,0.021285372999955143,21.285372999955143
3077,0.023011165999832883,23.011165999832883
3078,0.030534888999909526,30.534888999909526
3079,0.02876419100016392,28.76419100016392
3080,0.022577608000119653,22.577608000119653
3081,0.023101388999975825,23.101388999975825
3082,0.03135193100001743,31.35193100001743
3083,0.02448578600001383,24.48578600001383
3084,0.02255559299987908,22.55559299987908
3085,0.023823029000141105,23.823029000141105
3086,0.027846521999890683,27.846521999890683
3087,0.02678676400000768,26.78676400000768
3088,0.022347567999986495,22.347567999986495
3089,0.023840477000021565,23.840477000021565
3090,0.033705815999837796,33.705815999837796
3091,0.024670979000120496,24.670979000120496
3092,0.025489737000043533,25.489737000043533
3093,0.026906336999900304,26.906336999900304
3094,0.03204030900019461,32.04030900019461
3095,0.03805847500007076,38.05847500007076
3096,0.028811678000010943,28.811678000010943
3097,0.027021086999866384,27.021086999866384
3098,0.030367819000048257,30.367819000048257
3099,0.034048440000105984,34.048440000105984
3100,0.023255707999851438,23.255707999851438
3101,0.02314846700005546,23.14846700005546
3102,0.039495987000009336,39.495987000009336
3103,0.024770001999968372,24.770001999968372
3104,0.02292339699988588,22.92339699988588
3105,0.02674683600002936,26.74683600002936
3106,0.036084547999962524,36.084547999962524
3107,0.035666793000018515,35.666793000018515
3108,0.028022788000043874,28.022788000043874
3109,0.023555273999818382,23.555273999818382
3110,0.028794591000178116,28.794591000178116
3111,0.02963210699999763,29.63210699999763
3112,0.0217669979999755,21.7669979999755
3113,0.022868201999926896,22.868201999926896
3114,0.028772460999789473,28.772460999789473
3115,0.028322679999973843,28.322679999973843
3116,0.022384276000138925,22.384276000138925
3117,0.022603949000085777,22.603949000085777
3118,0.030501326999910816,30.501326999910816
3119,0.028523744000040097,28.523744000040097
3120,0.022907014999873354,22.907014999873354
3121,0.023646387999860963,23.646387999860963
3122,0.04267157200001748,42.67157200001748
3123,0.025438362999921083,25.438362999921083
3124,0.02249867299997277,22.49867299997277
3125,0.02454805499996837,24.54805499996837
3126,0.025895236999986082,25.895236999986082
3127,0.02671314600002006,26.71314600002006
3128,0.024931160000051023,24.931160000051023
3129,0.0914131179999913,91.4131179999913
3130,0.07452961399985725,74.52961399985725
3131,0.04453284300006999,44.53284300006999
3132,0.020980651999934707,20.980651999934707
3133,0.030436047999955917,30.436047999955917
3134,0.028080895999892164,28.080895999892164
3135,0.023450658999990992,23.450658999990992
3136,0.02180629500003306,21.80629500003306
3137,0.030389525999908074,30.389525999908074
3138,0.028881256999966354,28.881256999966354
3139,0.024181883999972342,24.181883999972342
3140,0.022410101999867038,22.410101999867038
3141,0.02998183199997584,29.98183199997584
3142,0.02798075400005473,27.98075400005473
3143,0.023659334000058152,23.659334000058152
3144,0.021234731000049578,21.234731000049578
3145,0.03143759199997476,31.437591999974757
3146,0.02737283400006163,27.37283400006163
3147,0.023581091999858472,23.581091999858472
3148,0.02175300899989452,21.75300899989452
3149,0.029938644000139902,29.938644000139902
3150,0.027217092000000775,27.217092000000775
3151,0.02345141900013914,23.45141900013914
3152,0.023000284000090687,23.000284000090687
3153,0.029817845000025045,29.817845000025045
3154,0.027389356999947267,27.389356999947267
3155,0.025983261999954266,25.983261999954266
3156,0.02577694500018879,25.77694500018879
3157,0.028771488000074896,28.771488000074896
3158,0.02346482500001912,23.46482500001912
3159,0.02332851300002403,23.32851300002403
3160,0.0224281890000384,22.4281890000384
3161,0.032960953999918274,32.960953999918274
3162,0.0235504199999923,23.5504199999923
3163,0.023485249000032127,23.485249000032127
3164,0.02210097800002586,22.10097800002586
3165,0.032093736999968314,32.093736999968314
3166,0.023259625000036976,23.259625000036976
3167,0.025565033000020776,25.565033000020776
3168,0.021841713999947387,21.841713999947387
3169,0.027848366999933205,27.848366999933205
3170,0.026712838000094052,26.712838000094052
3171,0.023560953999776757,23.560953999776757
3172,0.022691060999932233,22.691060999932233
3173,0.03196137000009003,31.961370000090028
3174,0.024572605999992447,24.572605999992447
3175,0.0250472660000014,25.0472660000014
3176,0.022366015999978117,22.366015999978117
3177,0.03461988399999427,34.61988399999427
3178,0.02299823699991066,22.99823699991066
3179,0.02371569299998555,23.71569299998555
3180,0.02264416799994251,22.64416799994251
3181,0.02993255000001227,29.93255000001227
3182,0.02185354599987477,21.85354599987477
3183,0.024964802000113195,24.964802000113195
3184,0.021360917999800222,21.360917999800222
3185,0.032851073999836444,32.851073999836444
3186,0.02281212000002597,22.81212000002597
3187,0.02406134199986809,24.06134199986809
3188,0.022497887999861632,22.497887999861632
3189,0.030393225999887363,30.393225999887363
3190,0.026541706999978487,26.541706999978487
3191,0.023619972999995298,23.619972999995298
3192,0.022355271000151333,22.355271000151333
3193,0.03151878300013777,31.518783000137773
3194,0.023354472999926656,23.354472999926656
3195,0.024066320999963864,24.066320999963864
3196,0.021828929000093922,21.828929000093922
3197,0.032852423999884195,32.852423999884195
3198,0.02258293600016259,22.58293600016259
3199,0.02277891600010662,22.77891600010662
3200,0.021743259999993825,21.743259999993825
3201,0.035371902999941085,35.371902999941085
3202,0.02364277500009848,23.64277500009848
3203,0.024529179999944972,24.529179999944972
3204,0.02217129400014528,22.17129400014528
3205,0.03707647600003838,37.07647600003838
3206,0.023307365000164282,23.307365000164282
3207,0.024051052000004347,24.051052000004347
3208,0.022543874999882973,22.543874999882973
3209,0.029040186000202084,29.040186000202084
3210,0.02907029099992542,29.07029099992542
3211,0.024031864000107817,24.031864000107817
3212,0.021494849000191607,21.494849000191607
3213,0.03025320400001874,30.25320400001874
3214,0.02787929900000563,27.87929900000563
3215,0.024338019999959215,24.338019999959215
3216,0.02173567899990303,21.73567899990303
3217,0.03484367100008967,34.84367100008967
3218,0.028090491000057227,28.090491000057227
3219,0.024151701999926445,24.151701999926445
3220,0.022507470000164176,22.507470000164176
3221,0.035693139000159135,35.693139000159135
3222,0.02360990000011043,23.60990000011043
3223,0.024466000000074928,24.466000000074928
3224,0.02185576800002309,21.85576800002309
3225,0.02746967100006259,27.46967100006259
3226,0.026139484999930573,26.139484999930573
3227,0.023569940000015777,23.569940000015777
3228,0.021766533999880266,21.766533999880266
3229,0.031574774000091566,31.574774000091566
3230,0.027871696000147494,27.871696000147494
3231,0.024205801000107385,24.205801000107385
3232,0.0224277049999273,22.4277049999273
3233,0.035070956000026854,35.070956000026854
3234,0.02962045300000682,29.62045300000682
3235,0.026349116000119466,26.349116000119466
3236,0.02417762400000356,24.17762400000356
3237,0.039057687999957125,39.057687999957125
3238,0.0235980129998552,23.5980129998552
3239,0.02361654800006363,23.61654800006363
3240,0.021824071000082768,21.824071000082768
3241,0.028086739999935162,28.086739999935162
3242,0.02282358499996917,22.82358499996917
3243,0.02374633499994161,23.74633499994161
3244,0.02139201599993612,21.39201599993612
3245,0.0325127359999442,32.5127359999442
3246,0.02383192100000997,23.83192100000997
3247,0.02485372399996777,24.85372399996777
3248,0.022720212999956857,22.720212999956857
3249,0.04250361699996574,42.50361699996574
3250,0.021475855000062438,21.475855000062438
3251,0.02117351500010045,21.17351500010045
3252,0.020522155999969982,20.522155999969982
3253,0.04069896800001516,40.69896800001516
3254,0.021309646999952747,21.309646999952747
3255,0.021658319000152915,21.658319000152915
3256,0.019627482000032614,19.627482000032614
3257,0.038605916000051366,38.605916000051366
3258,0.02300085499996385,23.00085499996385
3259,0.022553767999852425,22.553767999852425
3260,0.02065065799979493,20.65065799979493
3261,0.03242467400013993,32.42467400013993
3262,0.021963854999967225,21.963854999967225
3263,0.02313424900012251,23.13424900012251
3264,0.02130335600008948,21.30335600008948
3265,0.027524901999868234,27.524901999868234
3266,0.035972435000076075,35.972435000076075
3267,0.023044335000122373,23.044335000122373
3268,0.019965520999903674,19.965520999903674
3269,0.032665357000041695,32.665357000041695
3270,0.02379548900012196,23.79548900012196
3271,0.02123225800005457,21.23225800005457
3272,0.026493506000178968,26.493506000178968
3273,0.03322361899995485,33.22361899995485
3274,0.037060752000115826,37.060752000115826
3275,0.023823977000120067,23.823977000120067
3276,0.023152461000108815,23.152461000108815
3277,0.04085808299987548,40.85808299987548
3278,0.022150331999910122,22.150331999910122
3279,0.023523908999777632,23.523908999777632
3280,0.02217591800012997,22.17591800012997
3281,0.02976172399985444,29.76172399985444
3282,0.027827701999967758,27.827701999967758
3283,0.0236635579999529,23.6635579999529
3284,0.02304696999999578,23.04696999999578
3285,0.027056571000002805,27.056571000002805
3286,0.03178831199988963,31.78831199988963
3287,0.023892962999980227,23.892962999980227
3288,0.022444628999892302,22.444628999892302
3289,0.03102828599980967,31.02828599980967
3290,0.027929180000000997,27.929180000000997
3291,0.023655983000026026,23.655983000026026
3292,0.021981927000069845,21.981927000069845
3293,0.03094737800006442,30.94737800006442
3294,0.028019072999995842,28.019072999995842
3295,0.024480826999933925,24.480826999933925
3296,0.02322776599999088,23.22776599999088
3297,0.03138371399995776,31.383713999957763
3298,0.025722457000028953,25.722457000028953
3299,0.02334812799995234,23.34812799995234
3300,0.021598925000034797,21.598925000034797
3301,0.03341392700008328,33.41392700008328
3302,0.024145010999973238,24.145010999973238
3303,0.023493218000112392,23.493218000112392
3304,0.022016379999968194,22.016379999968194
3305,0.025825862999909077,25.825862999909077
3306,0.03277629299986984,32.77629299986984
3307,0.02384257200014872,23.84257200014872
3308,0.022846634000188715,22.846634000188715
3309,0.0402722389999326,40.2722389999326
3310,0.021400965000111682,21.400965000111682
3311,0.021061340999949607,21.061340999949607
3312,0.019345326000120622,19.34532600012062
3313,0.030050278000089747,30.050278000089747
3314,0.021919926999999007,21.919926999999007
3315,0.023721597000076144,23.721597000076144
3316,0.02058169699989776,20.58169699989776
3317,0.034843206999994436,34.843206999994436
3318,0.023251751000088916,23.251751000088916
3319,0.022876115000144637,22.876115000144637
3320,0.020483003999970606,20.483003999970606
3321,0.034003229000063584,34.003229000063584
3322,0.03509371499990266,35.09371499990266
3323,0.022414494000031482,22.414494000031482
3324,0.02097745500009296,20.97745500009296
3325,0.030751171000019895,30.751171000019895
3326,0.02212884000005033,22.12884000005033
3327,0.021829601999797887,21.829601999797887
3328,0.020778969000048164,20.778969000048164
3329,0.035974739000039335,35.974739000039335
3330,0.02208928000004562,22.08928000004562
3331,0.02226423000001887,22.26423000001887
3332,0.02143728100008957,21.43728100008957
3333,0.0361653350000779,36.1653350000779
3334,0.02194637299999158,21.94637299999158
3335,0.023157655999966664,23.157655999966664
3336,0.020177769999918382,20.177769999918382
3337,0.03271182299999964,32.71182299999964
3338,0.02708613000004334,27.08613000004334
3339,0.022664564000024257,22.664564000024257
3340,0.020015922000084174,20.015922000084174
3341,0.035109784000042055,35.109784000042055
3342,0.02592254299997876,25.92254299997876
3343,0.022140745999877254,22.140745999877254
3344,0.020978060000061305,20.978060000061305
3345,0.035770901999967464,35.770901999967464
3346,0.026701050999918152,26.701050999918152
3347,0.022201142999847434,22.201142999847434
3348,0.01985278000006474,19.85278000006474
3349,0.03654875600000196,36.54875600000196
3350,0.02237619800007451,22.37619800007451
3351,0.02215929099997993,22.15929099997993
3352,0.022509767000201464,22.509767000201464
3353,0.03299071600008574,32.99071600008574
3354,0.020488900000145804,20.488900000145804
3355,0.021906882999928712,21.906882999928712
3356,0.02028070400001525,20.28070400001525
3357,0.03335952099996575,33.35952099996575
3358,0.026113606000080836,26.113606000080836
3359,0.021699197999851094,21.699197999851094
3360,0.020183370000040668,20.183370000040668
3361,0.03399382600014178,33.99382600014178
3362,0.026458604000026753,26.458604000026753
3363,0.0224969799999144,22.4969799999144
3364,0.02098341700002493,20.98341700002493
3365,0.03567103699992913,35.67103699992913
3366,0.026219413000035274,26.219413000035274
3367,0.022121903999959613,22.121903999959613
3368,0.020274525999866455,20.274525999866455
3369,0.033622186999991754,33.622186999991754
3370,0.02706071200009319,27.06071200009319
3371,0.023184381999953985,23.184381999953985
3372,0.020427243999847633,20.427243999847633
3373,0.034641797000176666,34.641797000176666
3374,0.027432573999931265,27.432573999931265
3375,0.022284643000148208,22.284643000148208
3376,0.020833498000001782,20.833498000001782
3377,0.03578749400003289,35.78749400003289
3378,0.027770268000040232,27.770268000040232
3379,0.022743056999843247,22.743056999843247
3380,0.02046649199996864,20.46649199996864
3381,0.033471053000084794,33.471053000084794
3382,0.02784689400004936,27.84689400004936
3383,0.021971412000084456,21.971412000084456
3384,0.020876699999917037,20.876699999917037
3385,0.03302530100017975,33.02530100017975
3386,0.026526367999849754,26.526367999849754
3387,0.02294252100000449,22.94252100000449
3388,0.021298031000014817,21.298031000014817
3389,0.031467998999914926,31.467998999914926
3390,0.026960913000039,26.960913000039
3391,0.02217438200000288,22.17438200000288
3392,0.020111011999915718,20.111011999915718
3393,0.03168866600003639,31.688666000036392
3394,0.026733560999900874,26.733560999900874
3395,0.022144480999941152,22.144480999941152
3396,0.01945167600001696,19.45167600001696
3397,0.02889798699993662,28.89798699993662
3398,0.02049596599999859,20.49596599999859
3399,0.02631954000003134,26.31954000003134
3400,0.0200546989999566,20.0546989999566
3401,0.03364117599994643,33.64117599994643
3402,0.027335432999961995,27.335432999961995
3403,0.0233407470000202,23.3407470000202
3404,0.020821934999958103,20.821934999958103
3405,0.03299298899992209,32.99298899992209
3406,0.02656710899987047,26.56710899987047
3407,0.022418052999910287,22.418052999910287
3408,0.019782169000109207,19.782169000109207
3409,0.03286314499996479,32.86314499996479
3410,0.02655430000004344,26.55430000004344
3411,0.0212928749999719,21.2928749999719
3412,0.020787399000028017,20.787399000028017
3413,0.030988754999953017,30.988754999953017
3414,0.02820115200006512,28.20115200006512
3415,0.021215775999962716,21.215775999962716
3416,0.022083650000013222,22.083650000013222
3417,0.0271987580001678,27.1987580001678
3418,0.03013708499997847,30.13708499997847
3419,0.021291778999966482,21.291778999966482
3420,0.02165463100004672,21.65463100004672
3421,0.028699483999844233,28.699483999844233
3422,0.02236816900017402,22.36816900017402
3423,0.02054431199985629,20.54431199985629
3424,0.02161538899986226,21.61538899986226
3425,0.0333899190000011,33.3899190000011
3426,0.040597256999944875,40.597256999944875
3427,0.02443742199989174,24.43742199989174
3428,0.027674859999933688,27.674859999933688
3429,0.04559043699987342,45.59043699987342
3430,0.02465439599995989,24.65439599995989
3431,0.02284778299986101,22.84778299986101
3432,0.027918852999846422,27.918852999846422
3433,0.040928866000058406,40.928866000058406
3434,0.02550100600001315,25.50100600001315
3435,0.024238541000158875,24.238541000158875
3436,0.024551609000127428,24.551609000127428
3437,0.04014441200001784,40.14441200001784
3438,0.023708195999915915,23.708195999915915
3439,0.022007114999951227,22.007114999951227
3440,0.0232502150001892,23.2502150001892
3441,0.027551204000019425,27.551204000019425
3442,0.029838143999995737,29.838143999995737
3443,0.024667193999903247,24.667193999903247
3444,0.02423391199999969,24.23391199999969
3445,0.036978964000127235,36.978964000127235
3446,0.024723420000100305,24.723420000100305
3447,0.022906682999973782,22.906682999973782
3448,0.022500254000078712,22.500254000078712
3449,0.028703363999966314,28.703363999966314
3450,0.028338029999986247,28.338029999986247
3451,0.0222974250000334,22.2974250000334
3452,0.023116058999903544,23.116058999903544
3453,0.02759612099998776,27.59612099998776
3454,0.02892806499994549,28.92806499994549
3455,0.023599189999913506,23.599189999913506
3456,0.023064244000124745,23.064244000124745
3457,0.02971083800002816,29.71083800002816
3458,0.028889577999962057,28.889577999962057
3459,0.023895460000176172,23.895460000176172
3460,0.02363798099986525,23.63798099986525
3461,0.0309771100000944,30.9771100000944
3462,0.027864660999966873,27.864660999966873
3463,0.022937935999834735,22.937935999834735
3464,0.025436501999820393,25.436501999820393
3465,0.027098528999886184,27.098528999886184
3466,0.027447602000165716,27.447602000165716
3467,0.02388935399994807,23.88935399994807
3468,0.02239026899997043,22.39026899997043
3469,0.03211427900009767,32.11427900009767
3470,0.02578760199980934,25.78760199980934
3471,0.02418000099987694,24.18000099987694
3472,0.0237212089998593,23.7212089998593
3473,0.027870246000020416,27.870246000020416
3474,0.024979162000136057,24.979162000136057
3475,0.024502347000179725,24.502347000179725
3476,0.02273013700005322,22.73013700005322
3477,0.02875056300013057,28.75056300013057
3478,0.026078686000118978,26.078686000118978
3479,0.023371601000008013,23.371601000008013
3480,0.02266047000011895,22.66047000011895
3481,0.032257666999839785,32.257666999839785
3482,0.02439766099996632,24.39766099996632
3483,0.023826211999903535,23.826211999903535
3484,0.02317316199992092,23.17316199992092
3485,0.027912067999977808,27.912067999977808
3486,0.02542613299988261,25.42613299988261
3487,0.024358390000088548,24.358390000088548
3488,0.023661108999931457,23.661108999931457
3489,0.027910505000136254,27.910505000136254
3490,0.02617654899995614,26.17654899995614
3491,0.023757381000223177,23.757381000223177
3492,0.024344709999922998,24.344709999922998
3493,0.02761186600014298,27.61186600014298
3494,0.028220643999929962,28.220643999929962
3495,0.026313270999935412,26.313270999935412
3496,0.02487637299987,24.87637299987
3497,0.03151762799984681,31.51762799984681
3498,0.03157362599995395,31.573625999953947
3499,0.024509731000080137,24.509731000080137
3500,0.02353573300001699,23.53573300001699
3501,0.02829101699990133,28.29101699990133
3502,0.028517189000012877,28.517189000012877
3503,0.022111967000000732,22.111967000000732
3504,0.022606489999816404,22.606489999816404
3505,0.02810442800000601,28.10442800000601
3506,0.0283558159999302,28.3558159999302
3507,0.02248927799996636,22.48927799996636
3508,0.02322930900004394,23.22930900004394
3509,0.029331951999893136,29.331951999893136
3510,0.029037761999916256,29.037761999916256
3511,0.0235023390000606,23.5023390000606
3512,0.022675728999956846,22.675728999956846
3513,0.03049889199996869,30.49889199996869
3514,0.027035582000053182,27.035582000053182
3515,0.023665663999963726,23.665663999963726
3516,0.021756435000042984,21.756435000042984
3517,0.030653887999960716,30.653887999960716
3518,0.027138106999927913,27.138106999927913
3519,0.023179837000043335,23.179837000043335
3520,0.02328358899990235,23.28358899990235
3521,0.028939435999973284,28.939435999973284
3522,0.02791294700000435,27.91294700000435
3523,0.02474962799988134,24.74962799988134
3524,0.02238988999988578,22.38988999988578
3525,0.03000937500019063,30.00937500019063
3526,0.027837667000085276,27.837667000085276
3527,0.023236406000023635,23.236406000023635
3528,0.022192618999952174,22.192618999952174
3529,0.02938296899992565,29.38296899992565
3530,0.028370452999979534,28.370452999979534
3531,0.023076052000078562,23.076052000078562
3532,0.021783798000114984,21.783798000114984
3533,0.031343215000106284,31.343215000106284
3534,0.027459219999855122,27.459219999855122
3535,0.023768053000139844,23.768053000139844
3536,0.022366879000173867,22.366879000173867
3537,0.03239082899995083,32.39082899995083
3538,0.02551129700009369,25.51129700009369
3539,0.024600561999932324,24.600561999932324
3540,0.021974638999836316,21.974638999836316
3541,0.03255046100002801,32.55046100002801
3542,0.02333138900007725,23.33138900007725
3543,0.023594921000039903,23.594921000039903
3544,0.02183185700005197,21.83185700005197
3545,0.02897059899987653,28.97059899987653
3546,0.0268434460001572,26.8434460001572
3547,0.023410175999970306,23.410175999970306
3548,0.0218431960001908,21.8431960001908
3549,0.03158405099998163,31.584050999981628
3550,0.027805006000107824,27.805006000107824
3551,0.02367247999995925,23.67247999995925
3552,0.02215458699993178,22.15458699993178
3553,0.03219125000009626,32.19125000009626
3554,0.025225723000176004,25.225723000176004
3555,0.02419312999995782,24.19312999995782
3556,0.022400988000072175,22.400988000072175
3557,0.034429770000087956,34.429770000087956
3558,0.022977436000019225,22.977436000019225
3559,0.023606687999972564,23.606687999972564
3560,0.022475279999980557,22.475279999980557
3561,0.02835366899989822,28.35366899989822
3562,0.024918153000044185,24.918153000044185
3563,0.022690012999873943,22.690012999873943
3564,0.023936978000165254,23.936978000165254
3565,0.03125477699995827,31.254776999958267
3566,0.027562965000015538,27.562965000015538
3567,0.024182534000146916,24.182534000146916
3568,0.022536374000083015,22.536374000083015
3569,0.028863021000006484,28.863021000006484
3570,0.02406200199993691,24.06200199993691
3571,0.02403943099989192,24.03943099989192
3572,0.02186541500009298,21.86541500009298
3573,0.039160344999800145,39.160344999800145
3574,0.022694538999985525,22.694538999985525
3575,0.023568411999804084,23.568411999804084
3576,0.0250382310000532,25.0382310000532
3577,0.041246375000127955,41.246375000127955
3578,0.02650116200015873,26.50116200015873
3579,0.02397904000008566,23.97904000008566
3580,0.02193632599983175,21.93632599983175
3581,0.027193416000045545,27.193416000045545
3582,0.026372714999979507,26.372714999979507
3583,0.02349030400000629,23.49030400000629
3584,0.021809513000107472,21.809513000107472
3585,0.038310885000100825,38.310885000100825
3586,0.022764302000041425,22.764302000041425
3587,0.024650318000112748,24.650318000112748
3588,0.02195966900012536,21.95966900012536
3589,0.037542004000215456,37.54200400021546
3590,0.022138779999977487,22.138779999977487
3591,0.023679532999949515,23.679532999949515
3592,0.021163653000030536,21.163653000030536
3593,0.03833183200003987,38.33183200003987
3594,0.024885267000172462,24.885267000172462
3595,0.022459351000179595,22.459351000179595
3596,0.029142658000182564,29.142658000182564
3597,0.03388581399985924,33.88581399985924
3598,0.02481983300003776,24.81983300003776
3599,0.021816781000097762,21.816781000097762
3600,0.022231224999814003,22.231224999814003
3601,0.03363679499989303,33.63679499989303
3602,0.02414594499987288,24.14594499987288
3603,0.022837996000134808,22.837996000134808
3604,0.023744065000073533,23.744065000073533
3605,0.029577797000001738,29.577797000001738
3606,0.02314359699994384,23.14359699994384
3607,0.022143473999904018,22.143473999904018
3608,0.022584249999908934,22.584249999908934
3609,0.029180383000039,29.180383000039
3610,0.029625864999843543,29.625864999843543
3611,0.02318172099990079,23.18172099990079
3612,0.025017013000024235,25.017013000024235
3613,0.030377414999975372,30.37741499997537
3614,0.02512797999997929,25.12797999997929
3615,0.022493874000019787,22.493874000019787
3616,0.02320564399997238,23.20564399997238
3617,0.025459389000161536,25.459389000161536
3618,0.028430675999970845,28.430675999970845
3619,0.02216967200001818,22.16967200001818
3620,0.022620258999950238,22.620258999950238
3621,0.02959136899994519,29.59136899994519
3622,0.02888718400004109,28.88718400004109
3623,0.02216869299991231,22.16869299991231
3624,0.023616717000095377,23.616717000095377
3625,0.02907203299992034,29.07203299992034
3626,0.029508970999813755,29.508970999813755
3627,0.022752256000103444,22.752256000103444
3628,0.023276833999943847,23.276833999943847
3629,0.031139714999881107,31.139714999881107
3630,0.028623917999993864,28.623917999993864
3631,0.02258803400013676,22.58803400013676
3632,0.02287405500010209,22.87405500010209
3633,0.02848220600003515,28.48220600003515
3634,0.028523437999865564,28.523437999865564
3635,0.02187142299999323,21.87142299999323
3636,0.02257816599990292,22.57816599990292
3637,0.027865220999956364,27.865220999956364
3638,0.028983358000004955,28.983358000004955
3639,0.02279884899985518,22.79884899985518
3640,0.023250864999909027,23.250864999909027
3641,0.02913129800003844,29.13129800003844
3642,0.029694591999941622,29.694591999941622
3643,0.022751495000193245,22.751495000193245
3644,0.023740486999940913,23.740486999940913
3645,0.029794158999948195,29.794158999948195
3646,0.028449532999957228,28.449532999957228
3647,0.022718437999856178,22.718437999856178
3648,0.024237423999920793,24.237423999920793
3649,0.03276215799996862,32.76215799996862
3650,0.024532205000014073,24.532205000014073
3651,0.022998874999984764,22.998874999984764
3652,0.024342890000070838,24.342890000070838
3653,0.02614500399999997,26.14500399999997
3654,0.025509363000082885,25.509363000082885
3655,0.02199404299994967,21.99404299994967
3656,0.023878919000026144,23.878919000026144
3657,0.028451747999952204,28.451747999952204
3658,0.029355922000149803,29.355922000149803
3659,0.02246547599997939,22.46547599997939
3660,0.02448888800017812,24.48888800017812
3661,0.030660111000088364,30.660111000088364
3662,0.028708471000072677,28.708471000072677
3663,0.022012003000099867,22.012003000099867
3664,0.023999288999903,23.999288999903
3665,0.027046707999943465,27.046707999943465
3666,0.024501115000020945,24.501115000020945
3667,0.022373935000132406,22.373935000132406
3668,0.022593963999952393,22.593963999952393
3669,0.030233763000069303,30.233763000069303
3670,0.025966176999872914,25.966176999872914
3671,0.021934886000053666,21.934886000053666
3672,0.0231611519998296,23.1611519998296
3673,0.025415022999823123,25.415022999823123
3674,0.032688221999933376,32.688221999933376
3675,0.022106001999873115,22.106001999873115
3676,0.024310182999897734,24.310182999897734
3677,0.037127787999907014,37.127787999907014
3678,0.02366883400009101,23.66883400009101
3679,0.02236084000014671,22.36084000014671
3680,0.023187547999896196,23.187547999896196
3681,0.026153968000016903,26.153968000016903
3682,0.026914331000170932,26.914331000170932
3683,0.02224143099988396,22.24143099988396
3684,0.022609665999880235,22.609665999880235
3685,0.028597578000017165,28.597578000017165
3686,0.028944015999968542,28.944015999968542
3687,0.02285159799998837,22.85159799998837
3688,0.023917185999835056,23.917185999835056
3689,0.029296719000058147,29.296719000058147
3690,0.02958400700003949,29.58400700003949
3691,0.02263525800003663,22.63525800003663
3692,0.02305771300007109,23.05771300007109
3693,0.0311217220000799,31.1217220000799
3694,0.025756650999937847,25.756650999937847
3695,0.0222473460000856,22.2473460000856
3696,0.024879718999955003,24.879718999955003
3697,0.03134693199990579,31.34693199990579
3698,0.02460730699999658,24.60730699999658
3699,0.02279308599986507,22.79308599986507
3700,0.02277442600006907,22.77442600006907
3701,0.03076562800015381,30.76562800015381
3702,0.024253937000139558,24.253937000139558
3703,0.02283629899989137,22.83629899989137
3704,0.02425228399988555,24.25228399988555
3705,0.0278402090000327,27.8402090000327
3706,0.02683491400011917,26.83491400011917
3707,0.023025475999929768,23.025475999929768
3708,0.022583668999914153,22.583668999914153
3709,0.02897311699985039,28.97311699985039
3710,0.028982928000004904,28.982928000004904
3711,0.02187175699987165,21.87175699987165
3712,0.022976598000013837,22.976598000013837
3713,0.02995842699988316,29.95842699988316
3714,0.02942041899996184,29.42041899996184
3715,0.02220069100008004,22.20069100008004
3716,0.023269244999937655,23.269244999937655
3717,0.030418490999863934,30.418490999863934
3718,0.02598292500010757,25.98292500010757
3719,0.022776838000027055,22.776838000027055
3720,0.02376598999990165,23.76598999990165
3721,0.030701218000103836,30.701218000103836
3722,0.025768169000002672,25.768169000002672
3723,0.02283348500009197,22.83348500009197
3724,0.023613350000005084,23.613350000005084
3725,0.030858013000170104,30.858013000170104
3726,0.023402574999863646,23.402574999863646
3727,0.022466263999831426,22.466263999831426
3728,0.0231602839999141,23.1602839999141
3729,0.03874934600003144,38.74934600003144
3730,0.025165997999920364,25.165997999920364
3731,0.022883550999949875,22.883550999949875
3732,0.024254893000033917,24.254893000033917
3733,0.030156676999922638,30.156676999922638
3734,0.030414289999953326,30.414289999953326
3735,0.022170856999991884,22.170856999991884
3736,0.022918682999943485,22.918682999943485
3737,0.027060954000035053,27.060954000035053
3738,0.03068418600014411,30.68418600014411
3739,0.021647486000119898,21.647486000119898
3740,0.023016303000076732,23.016303000076732
3741,0.028782823000028657,28.782823000028657
3742,0.02930296099998486,29.30296099998486
3743,0.022272832999988168,22.272832999988168
3744,0.023122841000031258,23.122841000031258
3745,0.030151351000085924,30.151351000085924
3746,0.028894064000041908,28.894064000041908
3747,0.02364900999987185,23.64900999987185
3748,0.023493717000064862,23.493717000064862
3749,0.031352611000102115,31.352611000102115
3750,0.03006538099998579,30.06538099998579
3751,0.021858158999975785,21.858158999975785
3752,0.023171483000169246,23.171483000169246
3753,0.029927600000064558,29.927600000064558
3754,0.029095491999896694,29.095491999896694
3755,0.02239724799983378,22.39724799983378
3756,0.022554450000143333,22.554450000143333
3757,0.027794286000016655,27.794286000016655
3758,0.029913459999988845,29.913459999988845
3759,0.022919446000059907,22.919446000059907
3760,0.023659600999963004,23.659600999963004
3761,0.03130436700007522,31.304367000075217
3762,0.027267237000160094,27.267237000160094
3763,0.022182768999982727,22.182768999982727
3764,0.023682786000108536,23.682786000108536
3765,0.02549780100002863,25.49780100002863
3766,0.032599325999854045,32.599325999854045
3767,0.025273481999875003,25.273481999875003
3768,0.0258539330000076,25.8539330000076
3769,0.06465421600000809,64.65421600000809
3770,0.02558329499993306,25.58329499993306
3771,0.024341036999885546,24.341036999885546
3772,0.024990936999984115,24.990936999984115
3773,0.03551932899995336,35.51932899995336
3774,0.028054279999878418,28.054279999878418
3775,0.022879003000070952,22.879003000070952
3776,0.024484333000145853,24.484333000145853
3777,0.042215992999899754,42.215992999899754
3778,0.024628816999893388,24.628816999893388
3779,0.023684140999876035,23.684140999876035
3780,0.026704119999976683,26.704119999976683
3781,0.04700847699996302,47.00847699996302
3782,0.023703268999952343,23.703268999952343
3783,0.022213527000076283,22.213527000076283
3784,0.023204261000046245,23.204261000046245
3785,0.027320846000066012,27.320846000066012
3786,0.02798948700001347,27.98948700001347
3787,0.02188851200003228,21.88851200003228
3788,0.022879445000171472,22.879445000171472
3789,0.028122597000219685,28.122597000219685
3790,0.030002362999994148,30.002362999994148
3791,0.02172523900003398,21.72523900003398
3792,0.02405820900003164,24.05820900003164
3793,0.030904072999874188,30.904072999874188
3794,0.028762419000031514,28.762419000031514
3795,0.022780952999937654,22.780952999937654
3796,0.024163887999975486,24.163887999975486
3797,0.023457550999864907,23.457550999864907
3798,0.025161946000025637,25.161946000025637
3799,0.09639298199999757,96.39298199999757
3800,0.06956009299983634,69.56009299983634
3801,0.05845335399999385,58.45335399999385
3802,0.024046829000099024,24.046829000099024
3803,0.021775476000129856,21.775476000129856
3804,0.03264488700006041,32.64488700006041
3805,0.02242936900006498,22.42936900006498
3806,0.022819613999899957,22.819613999899957
3807,0.020970890999933545,20.970890999933545
3808,0.030396917999951256,30.396917999951256
3809,0.026672516999951768,26.672516999951768
3810,0.02262958199980858,22.62958199980858
3811,0.022661015000039697,22.661015000039697
3812,0.03114303999996082,31.14303999996082
3813,0.027280928999971366,27.280928999971366
3814,0.02301008900008128,23.01008900008128
3815,0.02196723099996234,21.96723099996234
3816,0.030439726999929917,30.439726999929917
3817,0.027460678999887023,27.460678999887023
3818,0.023430174999930387,23.430174999930387
3819,0.022330923000026814,22.330923000026814
3820,0.030496659000164072,30.496659000164072
3821,0.02991897600008997,29.91897600008997
3822,0.02381254299984903,23.81254299984903
3823,0.02257321599995521,22.57321599995521
3824,0.030296412000097916,30.296412000097916
3825,0.02935135799998534,29.35135799998534
3826,0.025544438999986596,25.544438999986596
3827,0.024228868999898623,24.228868999898623
3828,0.039481811000086964,39.481811000086964
3829,0.028603458999896247,28.603458999896247
3830,0.023605719999977737,23.605719999977737
3831,0.02170351299992035,21.70351299992035
3832,0.03197192600009657,31.971926000096573
3833,0.0245327970001199,24.5327970001199
3834,0.023785906000057366,23.785906000057366
3835,0.022304874999917956,22.304874999917956
3836,0.03041192000000592,30.41192000000592
3837,0.02697766699998283,26.97766699998283
3838,0.02457067799991819,24.57067799991819
3839,0.022409204000041427,22.409204000041427
3840,0.03414410899995346,34.14410899995346
3841,0.022572896000156106,22.572896000156106
3842,0.024125692999859893,24.125692999859893
3843,0.021971967999888875,21.971967999888875
3844,0.02772598999990805,27.72598999990805
3845,0.026558298000054492,26.558298000054492
3846,0.02339152399986233,23.39152399986233
3847,0.021864515000061147,21.864515000061147
3848,0.030722546000106377,30.722546000106377
3849,0.027477086999851963,27.477086999851963
3850,0.02353967199996987,23.53967199996987
3851,0.020925002000012682,20.925002000012682
3852,0.02935440800001743,29.35440800001743
3853,0.02792937900017023,27.92937900017023
3854,0.02593794499989599,25.93794499989599
3855,0.02272802800007412,22.72802800007412
3856,0.030797652000046583,30.797652000046583
3857,0.02612684900009299,26.12684900009299
3858,0.023455968999996912,23.455968999996912
3859,0.021209486999850924,21.209486999850924
3860,0.03086610400009704,30.86610400009704
3861,0.027986390000023675,27.986390000023675
3862,0.02403551400016113,24.03551400016113
3863,0.03333845299994209,33.33845299994209
3864,0.03805173699993247,38.05173699993247
3865,0.023840526999947542,23.840526999947542
3866,0.024210054999912245,24.210054999912245
3867,0.022983476000035807,22.983476000035807
3868,0.027686913000025015,27.686913000025015
3869,0.03422712400015371,34.22712400015371
3870,0.023178370000096038,23.178370000096038
3871,0.021782581000024948,21.782581000024948
3872,0.031913244000179475,31.913244000179475
3873,0.022113705000037953,22.113705000037953
3874,0.02384420999987924,23.84420999987924
3875,0.022165570999959527,22.165570999959527
3876,0.032103342000027624,32.103342000027624
3877,0.021985799000049155,21.985799000049155
3878,0.024090228999966712,24.090228999966712
3879,0.022423907000074905,22.423907000074905
3880,0.03171227000007093,31.71227000007093
3881,0.023570932999973593,23.570932999973593
3882,0.024092721999977584,24.092721999977584
3883,0.022411855999962427,22.411855999962427
3884,0.02918320899993887,29.18320899993887
3885,0.026956125999959113,26.956125999959113
3886,0.024264194000124917,24.264194000124917
3887,0.022975591999966127,22.975591999966127
3888,0.03300079199993888,33.00079199993888
3889,0.023191763000113497,23.191763000113497
3890,0.023417883999854894,23.417883999854894
3891,0.022336193999990428,22.336193999990428
3892,0.031772412000009354,31.772412000009354
3893,0.024071474000038506,24.071474000038506
3894,0.02475953299995126,24.75953299995126
3895,0.022601588000043193,22.601588000043193
3896,0.032186922000164486,32.186922000164486
3897,0.022934994000024744,22.934994000024744
3898,0.02403348300003927,24.03348300003927
3899,0.02243695300012405,22.43695300012405
3900,0.027584873000023435,27.584873000023435
3901,0.02690980900001705,26.90980900001705
3902,0.023518469000009645,23.518469000009645
3903,0.021335680999982287,21.335680999982287
3904,0.02870527699997183,28.70527699997183
3905,0.02690925599995353,26.90925599995353
3906,0.02288788700002442,22.88788700002442
3907,0.021777303999897413,21.777303999897413
3908,0.02810678200012262,28.10678200012262
3909,0.028978333999930328,28.978333999930328
3910,0.02678556900013973,26.78556900013973
3911,0.023170955000068716,23.170955000068716
3912,0.042829901999994036,42.829901999994036
3913,0.02242470700002741,22.42470700002741
3914,0.02443706399981238,24.43706399981238
3915,0.021839648999957717,21.839648999957717
3916,0.033930152000039016,33.930152000039016
3917,0.023098215999880267,23.098215999880267
3918,0.02340521200017065,23.40521200017065
3919,0.0209199329999592,20.9199329999592
3920,0.04090939499997148,40.90939499997148
3921,0.02151916999991954,21.51916999991954
3922,0.023601981999945565,23.601981999945565
3923,0.022473476999948616,22.473476999948616
3924,0.03312614199990094,33.12614199990094
3925,0.02779140899997401,27.79140899997401
3926,0.02428378300010081,24.28378300010081
3927,0.02262807600004635,22.62807600004635
3928,0.032491574999994555,32.491574999994555
3929,0.024900068000079045,24.900068000079045
3930,0.023385451999956786,23.385451999956786
3931,0.02201369599993086,22.01369599993086
3932,0.034990093000033085,34.990093000033085
3933,0.021793401999957496,21.793401999957496
3934,0.02402864700002283,24.02864700002283
3935,0.022052283999983047,22.052283999983047
3936,0.03442548199996054,34.42548199996054
3937,0.023562454000057187,23.562454000057187
3938,0.02409508599998844,24.09508599998844
3939,0.021433139999999185,21.433139999999185
3940,0.039522065000028306,39.522065000028306
3941,0.02334824500007926,23.34824500007926
3942,0.023760986999832312,23.760986999832312
3943,0.021522424000067986,21.522424000067986
3944,0.03769755100006478,37.69755100006478
3945,0.028006440999888582,28.006440999888582
3946,0.02643089699995471,26.43089699995471
3947,0.02254470000002584,22.54470000002584
3948,0.028504679999969085,28.504679999969085
3949,0.02676995799993165,26.76995799993165
3950,0.025015866000103415,25.015866000103415
3951,0.021853749999991123,21.853749999991123
3952,0.03804551200005335,38.04551200005335
3953,0.02314095799988536,23.14095799988536
3954,0.024125795999907496,24.125795999907496
3955,0.022227792999956364,22.227792999956364
3956,0.02654316400003154,26.54316400003154
3957,0.027290848000120604,27.290848000120604
3958,0.023965996000015366,23.965996000015366
3959,0.022462879000158864,22.462879000158864
3960,0.0271671250000054,27.1671250000054
3961,0.028501749000042764,28.501749000042764
3962,0.02350892999993448,23.50892999993448
3963,0.021732537000161756,21.732537000161756
3964,0.026230307000105313,26.230307000105313
3965,0.028278462999878684,28.278462999878684
3966,0.024075744999890958,24.075744999890958
3967,0.027943855999865264,27.943855999865264
3968,0.02616962499996589,26.16962499996589
3969,0.023519732999830012,23.519732999830012
3970,0.04093114199986303,40.93114199986303
3971,0.03433121000011852,34.33121000011852
3972,0.043521821000013006,43.521821000013006
3973,0.03441332500005956,34.41332500005956
3974,0.06460548400013977,64.60548400013977
3975,0.06754791499997737,67.54791499997737
3976,0.05176958300012302,51.76958300012302
3977,0.04508327600001394,45.08327600001394
3978,0.047027801000012914,47.027801000012914
3979,0.04990737100001752,49.90737100001752
3980,0.039987375000009706,39.987375000009706
3981,0.0406413830000929,40.6413830000929
3982,0.04083755999999994,40.83755999999994
3983,0.0709965529999863,70.9965529999863
3984,0.04823946800001977,48.23946800001977
3985,0.038942491000170776,38.942491000170776
3986,0.03122833899988109,31.22833899988109
3987,0.024883308999960718,24.883308999960718
3988,0.030772880999847985,30.772880999847985
3989,0.03473482699996566,34.73482699996566
3990,0.029172289999905843,29.172289999905843
3991,0.03397379600005479,33.97379600005479
3992,0.030137663000004977,30.137663000004977
3993,0.025119513999925402,25.119513999925402
3994,0.03460726200000863,34.60726200000863
3995,0.02610534399991593,26.10534399991593
3996,0.0274161610000192,27.4161610000192
3997,0.02732729199988171,27.32729199988171
3998,0.03273528800013992,32.73528800013992
3999,0.02975768400006018,29.75768400006018
4000,0.026371049999852403,26.371049999852403
4001,0.023720125999943775,23.720125999943775
4002,0.03073273999984849,30.73273999984849
4003,0.03644388199995774,36.44388199995774
4004,0.02501898099990285,25.01898099990285
4005,0.027526415000011184,27.526415000011184
4006,0.035072501999820815,35.072501999820815
4007,0.026789437999923393,26.789437999923393
4008,0.03230940299999929,32.30940299999929
4009,0.031271609999976135,31.271609999976135
4010,0.0276700179999807,27.6700179999807
4011,0.10062252300008367,100.62252300008367
4012,0.0597130119999747,59.7130119999747
4013,0.04813110400004916,48.13110400004916
4014,0.04576049199999943,45.76049199999943
4015,0.03487570600009349,34.87570600009349
4016,0.04990986799998609,49.90986799998609
4017,0.03792238699998052,37.92238699998052
4018,0.043058370999915496,43.058370999915496
4019,0.03047778300015125,30.47778300015125
4020,0.032443397999941226,32.443397999941226
4021,0.027249310000115656,27.249310000115656
4022,0.0262286590000258,26.2286590000258
4023,0.021750792999910118,21.750792999910118
4024,0.02550962600003004,25.50962600003004
4025,0.03331327000000783,33.31327000000783
4026,0.04191425999988496,41.91425999988496
4027,0.03659394000010252,36.59394000010252
4028,0.04105614500008414,41.05614500008414
4029,0.023381105999987994,23.381105999987994
4030,0.03405655699998533,34.05655699998533
4031,0.02291772800003855,22.91772800003855
4032,0.024143951000041852,24.143951000041852
4033,0.0225561459999426,22.5561459999426
4034,0.029000107999991087,29.000107999991087
4035,0.022943989000168585,22.943989000168585
4036,0.02376204699999107,23.76204699999107
4037,0.022040588000209027,22.040588000209027
4038,0.046486443000048894,46.486443000048894
4039,0.023163280000062514,23.163280000062514
4040,0.025045202000001154,25.045202000001154
4041,0.02440632699995149,24.40632699995149
4042,0.03620552299980773,36.20552299980773
4043,0.030948216000069806,30.948216000069806
4044,0.029503826999871308,29.503826999871308
4045,0.024389304999886008,24.389304999886008
4046,0.04548146499996619,45.48146499996619
4047,0.02649304800002028,26.49304800002028
4048,0.034200112999997145,34.200112999997145
4049,0.02328269999998156,23.28269999998156
4050,0.04439075799996317,44.39075799996317
4051,0.026502431000153592,26.502431000153592
4052,0.023865761000024577,23.865761000024577
4053,0.027311958999916897,27.311958999916897
4054,0.02449609700011024,24.49609700011024
4055,0.022462593999989622,22.462593999989622
4056,0.022841033000077005,22.841033000077005
4057,0.031245981999973083,31.245981999973083
4058,0.024381323999932647,24.381323999932647
4059,0.022928412000055687,22.928412000055687
4060,0.023663328000111505,23.663328000111505
4061,0.03128513199999361,31.28513199999361
4062,0.024614247000044998,24.614247000044998
4063,0.022955772999921464,22.955772999921464
4064,0.02312422499994682,23.12422499994682
4065,0.03302816299992628,33.02816299992628
4066,0.025371494999944844,25.371494999944844
4067,0.022850322000067536,22.850322000067536
4068,0.024487579999913578,24.487579999913578
4069,0.04010851399993953,40.10851399993953
4070,0.028943561000005502,28.943561000005502
4071,0.02675435599985576,26.75435599985576
4072,0.023299406999967687,23.299406999967687
4073,0.039415547000089646,39.415547000089646
4074,0.024020343000074718,24.020343000074718
4075,0.024013270000068587,24.013270000068587
4076,0.026218486000061603,26.218486000061603
4077,0.04630072800000562,46.30072800000562
4078,0.024366138000004867,24.366138000004867
4079,0.021830791999946086,21.830791999946086
4080,0.02460349300008602,24.60349300008602
4081,0.030616942000051495,30.616942000051495
4082,0.030312411999830147,30.312411999830147
4083,0.022095614999898316,22.095614999898316
4084,0.029590458000029685,29.590458000029685
4085,0.03882121900005586,38.82121900005586
4086,0.028356245999930252,28.356245999930252
4087,0.02506863999997222,25.06863999997222
4088,0.023422707000008813,23.422707000008813
4089,0.031111793000036414,31.111793000036414
4090,0.025566674999936367,25.566674999936367
4091,0.02314387399997031,23.14387399997031
4092,0.023712690999900587,23.712690999900587
4093,0.02643115899991244,26.43115899991244
4094,0.027286064999998416,27.286064999998416
4095,0.022868415999937497,22.868415999937497
4096,0.02359559799992894,23.59559799992894
4097,0.03040862299985747,30.40862299985747
4098,0.02496990999998161,24.96990999998161
4099,0.023704575000010664,23.704575000010664
4100,0.02404272199987645,24.04272199987645
4101,0.026456996999968396,26.456996999968396
4102,0.029190488000040204,29.190488000040204
4103,0.022195195999984207,22.195195999984207
4104,0.022277291000136756,22.277291000136756
4105,0.02859264800008532,28.59264800008532
4106,0.029108515999951123,29.108515999951123
4107,0.022251301000096646,22.251301000096646
4108,0.022218923999844264,22.218923999844264
4109,0.029743621999841707,29.743621999841707
4110,0.029342730000053052,29.342730000053052
4111,0.023341290000189474,23.341290000189474
4112,0.023864226000114286,23.864226000114286
4113,0.030653656000140472,30.653656000140472
4114,0.0235213759999624,23.5213759999624
4115,0.021845313000085298,21.845313000085298
4116,0.02358301900017068,23.58301900017068
4117,0.028463386000112223,28.463386000112223
4118,0.031225388999928327,31.225388999928327
4119,0.02199775100007173,21.99775100007173
4120,0.024954577000016798,24.954577000016798
4121,0.028308352000067316,28.308352000067316
4122,0.024731426000016654,24.731426000016654
4123,0.022690963000059128,22.690963000059128
4124,0.023022122999918793,23.022122999918793
4125,0.032282778000080725,32.282778000080725
4126,0.0237241790000553,23.7241790000553
4127,0.02355066299992359,23.55066299992359
4128,0.022983758999998827,22.983758999998827
4129,0.03163175300005605,31.63175300005605
4130,0.02463287900013711,24.63287900013711
4131,0.02275123899994469,22.75123899994469
4132,0.023720847000049616,23.720847000049616
4133,0.026644782999937888,26.64478299993789
4134,0.030572263000067323,30.572263000067323
4135,0.024051861000089048,24.051861000089048
4136,0.026859853999894767,26.859853999894767
4137,0.03329466600007436,33.29466600007436
4138,0.030748869000035484,30.748869000035484
4139,0.02298164699982408,22.98164699982408
4140,0.023319859999901382,23.319859999901382
4141,0.026096162999920125,26.096162999920125
4142,0.028053932999910103,28.053932999910103
4143,0.02228918099990551,22.28918099990551
4144,0.024838870999928986,24.838870999928986
4145,0.03315577700004724,33.15577700004724
4146,0.02726864100009152,27.26864100009152
4147,0.02351637300012044,23.51637300012044
4148,0.027778553999951328,27.778553999951328
4149,0.04646909699999924,46.46909699999924
4150,0.028327552000064316,28.327552000064316
4151,0.023392865999994683,23.392865999994683
4152,0.02853960199990979,28.53960199990979
4153,0.03560554399996363,35.60554399996363
4154,0.024037727999939307,24.037727999939307
4155,0.022285110000211716,22.285110000211716
4156,0.024245671000016955,24.245671000016955
4157,0.026647929000091608,26.647929000091608
4158,0.02527708499997061,25.27708499997061
4159,0.02168920199983404,21.68920199983404
4160,0.023747903999947084,23.747903999947084
4161,0.03139879800005474,31.39879800005474
4162,0.02344392500003778,23.44392500003778
4163,0.02272111899992524,22.72111899992524
4164,0.023088087999894924,23.088087999894924
4165,0.029069899999967674,29.069899999967674
4166,0.029230565000034403,29.230565000034403
4167,0.02217095499986499,22.17095499986499
4168,0.02341863599986027,23.41863599986027
4169,0.030249783000044772,30.249783000044772
4170,0.025934203999895544,25.934203999895544
4171,0.022770869999931165,22.770869999931165
4172,0.02302092999980232,23.02092999980232
4173,0.02981200599992917,29.81200599992917
4174,0.025915731000168307,25.915731000168307
4175,0.022759250000035536,22.759250000035536
4176,0.023726506999992125,23.726506999992125
4177,0.03081430499992166,30.81430499992166
4178,0.02521677999993699,25.21677999993699
4179,0.022725279000042065,22.725279000042065
4180,0.023636576999933823,23.636576999933823
4181,0.028089604999877338,28.089604999877338
4182,0.027170553999894764,27.170553999894764
4183,0.02243731199996546,22.43731199996546
4184,0.023234051000144973,23.234051000144973
4185,0.029418545999988055,29.418545999988055
4186,0.029035170000042854,29.035170000042854
4187,0.022795650000034584,22.795650000034584
4188,0.022931384000003163,22.931384000003163
4189,0.02631506299985631,26.31506299985631
4190,0.028796026999998503,28.796026999998503
4191,0.022176431999923807,22.176431999923807
4192,0.02324032100000295,23.24032100000295
4193,0.02910660999987158,29.10660999987158
4194,0.029524227000138126,29.524227000138126
4195,0.022507699000016146,22.507699000016146
4196,0.02362210900014361,23.62210900014361
4197,0.028699137000103292,28.699137000103292
4198,0.028923948000056043,28.923948000056043
4199,0.021795680999957767,21.795680999957767
4200,0.023145685999907073,23.145685999907073
4201,0.028898858000047767,28.898858000047767
4202,0.02921785499984253,29.21785499984253
4203,0.02228358299998945,22.28358299998945
4204,0.023748526000190395,23.748526000190395
4205,0.028492096000036327,28.492096000036327
4206,0.029287428000088767,29.287428000088767
4207,0.022297625000192056,22.297625000192056
4208,0.022175311999944824,22.175311999944824
4209,0.031761708999965776,31.761708999965776
4210,0.030329999000059615,30.329999000059615
4211,0.02278219300001183,22.78219300001183
4212,0.024103748000015912,24.103748000015912
4213,0.02669533399989632,26.69533399989632
4214,0.027939027999991595,27.939027999991595
4215,0.022709328000019013,22.709328000019013
4216,0.022465151999995214,22.465151999995214
4217,0.02962870200008183,29.62870200008183
4218,0.027985687999944275,27.985687999944275
4219,0.026525664000018878,26.525664000018878
4220,0.02256343499993818,22.56343499993818
4221,0.05330385499996737,53.30385499996737
4222,0.02249997700005224,22.49997700005224
4223,0.02369860199996765,23.69860199996765
4224,0.021865024000135236,21.865024000135236
4225,0.027506902000141054,27.506902000141054
4226,0.02297717100009322,22.97717100009322
4227,0.0241360640000039,24.1360640000039
4228,0.022478566000017963,22.478566000017963
4229,0.03256350099991323,32.56350099991323
4230,0.023536176000106934,23.536176000106934
4231,0.024186029000020426,24.186029000020426
4232,0.022420240000201375,22.420240000201375
4233,0.03220780900005593,32.20780900005593
4234,0.023521573999914835,23.521573999914835
4235,0.02402774400002272,24.02774400002272
4236,0.02175223300014295,21.75223300014295
4237,0.027688944999908927,27.688944999908927
4238,0.027683533000072202,27.683533000072202
4239,0.023177635000138253,23.177635000138253
4240,0.021957872000029965,21.957872000029965
4241,0.029740643999957683,29.740643999957683
4242,0.02746685800002524,27.46685800002524
4243,0.024546760000021095,24.546760000021095
4244,0.02139644999988377,21.39644999988377
4245,0.028494054000020697,28.494054000020697
4246,0.02696498899990729,26.96498899990729
4247,0.024696644999949058,24.696644999949058
4248,0.022411809000004723,22.411809000004723
4249,0.03014265699994212,30.14265699994212
4250,0.027152849000003698,27.152849000003698
4251,0.02406877299995358,24.06877299995358
4252,0.02152820400010569,21.52820400010569
4253,0.029237985999998273,29.237985999998273
4254,0.028918091000150525,28.918091000150525
4255,0.02504060000001118,25.04060000001118
4256,0.0226309399999991,22.6309399999991
4257,0.03091259899997567,30.91259899997567
4258,0.02757740099991679,27.57740099991679
4259,0.02498061999995116,24.98061999995116
4260,0.022393588999875647,22.393588999875647
4261,0.02962906999982806,29.62906999982806
4262,0.02582041100004062,25.82041100004062
4263,0.02337736100002985,23.37736100002985
4264,0.02171559800012801,21.71559800012801
4265,0.024635147000026336,24.635147000026336
4266,0.03016786300008789,30.16786300008789
4267,0.02285745299991504,22.85745299991504
4268,0.021255417000020316,21.255417000020316
4269,0.03339723799990679,33.39723799990679
4270,0.028251957000065886,28.251957000065886
4271,0.024089524999908463,24.089524999908463
4272,0.02230880199999774,22.30880199999774
4273,0.031075875999931668,31.075875999931668
4274,0.02752241299981506,27.52241299981506
4275,0.02359854099995573,23.59854099995573
4276,0.02117053200004193,21.17053200004193
4277,0.030406755000058183,30.406755000058183
4278,0.028783829000076366,28.783829000076366
4279,0.02415592900001684,24.15592900001684
4280,0.022777849000021888,22.777849000021888
4281,0.03762177599992356,37.62177599992356
4282,0.022916638999959105,22.916638999959105
4283,0.023686148000024332,23.686148000024332
4284,0.021500810000134152,21.500810000134152
4285,0.028018142000064472,28.018142000064472
4286,0.025552776000040467,25.552776000040467
4287,0.024379594000038196,24.379594000038196
4288,0.020834055000023,20.834055000023
4289,0.0306209329999092,30.6209329999092
4290,0.03048452199982421,30.48452199982421
4291,0.023645530000067083,23.645530000067083
4292,0.022325827000031495,22.325827000031495
4293,0.03776460499989298,37.76460499989298
4294,0.023010246000012557,23.010246000012557
4295,0.024279589000116175,24.279589000116175
4296,0.022723344000041834,22.723344000041834
4297,0.03263898200020776,32.63898200020776
4298,0.02243514800011326,22.43514800011326
4299,0.023071384999866495,23.071384999866495
4300,0.02085721499997817,20.85721499997817
4301,0.03382079500011059,33.82079500011059
4302,0.022086401000024125,22.086401000024125
4303,0.027644196999972337,27.644196999972337
4304,0.0259446840000237,25.9446840000237
4305,0.030717118999973536,30.717118999973536
4306,0.02911642000003667,29.11642000003667
4307,0.02453152900011446,24.53152900011446
4308,0.021894246000101703,21.894246000101703
4309,0.031224098999928174,31.224098999928174
4310,0.026952692999884675,26.952692999884675
4311,0.023091211000064504,23.091211000064504
4312,0.021075238000094032,21.075238000094032
4313,0.03092696899989278,30.92696899989278
4314,0.027727814999934708,27.727814999934708
4315,0.02352032299995699,23.52032299995699
4316,0.021625674000006256,21.625674000006256
4317,0.02857475800010434,28.57475800010434
4318,0.027568860999963363,27.568860999963363
4319,0.02409676899992519,24.09676899992519
4320,0.022834320999891133,22.834320999891133
4321,0.03230639699995663,32.30639699995663
4322,0.02782686199998352,27.82686199998352
4323,0.023044300000037765,23.044300000037765
4324,0.02163516900009199,21.63516900009199
4325,0.02819414600003256,28.19414600003256
4326,0.027161929000158125,27.161929000158125
4327,0.02317906200005382,23.17906200005382
4328,0.021657061000041722,21.657061000041722
4329,0.028351182000051267,28.351182000051267
4330,0.02828700400004891,28.28700400004891
4331,0.02419868500010125,24.19868500010125
4332,0.02178889199990408,21.78889199990408
4333,0.02947597100001076,29.47597100001076
4334,0.028705810000019483,28.705810000019483
4335,0.02394300000014482,23.94300000014482
4336,0.02240927799994097,22.40927799994097
4337,0.0286613739999666,28.6613739999666
4338,0.027765038999859826,27.765038999859826
4339,0.023207281000168223,23.207281000168223
4340,0.021728437999854577,21.728437999854577
4341,0.02803593299995555,28.03593299995555
4342,0.08958183599997938,89.58183599997938
4343,0.07639205600003152,76.39205600003152
4344,0.029199041000083525,29.199041000083525
4345,0.026944120000052862,26.944120000052862
4346,0.026094715999988694,26.094715999988694
4347,0.025650619999851187,25.650619999851187
4348,0.021335296999950515,21.335296999950515
4349,0.030735880000065663,30.735880000065663
4350,0.02651381999999103,26.51381999999103
4351,0.025109184999791978,25.109184999791978
4352,0.021729267000182517,21.729267000182517
4353,0.03070859199988263,30.70859199988263
4354,0.023234366999986378,23.234366999986378
4355,0.02346249600009287,23.46249600009287
4356,0.021519151000120473,21.519151000120473
4357,0.03161486099998001,31.61486099998001
4358,0.024491980999982843,24.491980999982843
4359,0.023493196000117678,23.493196000117678
4360,0.0217536420000215,21.7536420000215
4361,0.032104818000107116,32.104818000107116
4362,0.024856576000047426,24.856576000047426
4363,0.023894146999964505,23.894146999964505
4364,0.022508832999847073,22.508832999847073
4365,0.03158622499995545,31.586224999955448
4366,0.023292689999834693,23.292689999834693
4367,0.02401241100005791,24.01241100005791
4368,0.022333409000111715,22.333409000111715
4369,0.03287971400004608,32.87971400004608
4370,0.023461852000082217,23.461852000082217
4371,0.024119598999959635,24.119598999959635
4372,0.022530853000034767,22.530853000034767
4373,0.028842488000009325,28.842488000009325
4374,0.02461690500012992,24.61690500012992
4375,0.023971540000047753,23.971540000047753
4376,0.02183900300019559,21.83900300019559
4377,0.030227332999857026,30.227332999857026
4378,0.026934950999930152,26.93495099993015
4379,0.02358925600015027,23.58925600015027
4380,0.021751841999957833,21.751841999957833
4381,0.03026276500008862,30.26276500008862
4382,0.027462819999982457,27.462819999982457
4383,0.02437521799993192,24.37521799993192
4384,0.02255166999998437,22.55166999998437
4385,0.030519039999944653,30.519039999944653
4386,0.027260030000206825,27.260030000206825
4387,0.024240471999974034,24.240471999974034
4388,0.02128840599993964,21.28840599993964
4389,0.032400936999920305,32.400936999920305
4390,0.024685697999984768,24.685697999984768
4391,0.023995823999939603,23.995823999939603
4392,0.022508847999915815,22.508847999915815
4393,0.031522500999926706,31.522500999926706
4394,0.022838650999801757,22.838650999801757
4395,0.024190146999899298,24.190146999899298
4396,0.02272903299990503,22.72903299990503
4397,0.03163119999999253,31.631199999992532
4398,0.02332573300009244,23.32573300009244
4399,0.023328970999955345,23.328970999955345
4400,0.02241896500004259,22.41896500004259
4401,0.0280765429999974,28.0765429999974
4402,0.029636568999876545,29.636568999876545
4403,0.027767979000145715,27.767979000145715
4404,0.0244977499999095,24.4977499999095
4405,0.04317016799996054,43.17016799996054
4406,0.030503724000027432,30.503724000027432
4407,0.02666716599992469,26.66716599992469
4408,0.025099467000018194,25.099467000018194
4409,0.036440891999973246,36.440891999973246
4410,0.023097578000033536,23.097578000033536
4411,0.023155762999977014,23.155762999977014
4412,0.024297582000144757,24.297582000144757
4413,0.04540950299997348,45.40950299997348
4414,0.024741695999864532,24.741695999864532
4415,0.02333389000000352,23.33389000000352
4416,0.022466221999820846,22.466221999820846
4417,0.039409696999882726,39.409696999882726
4418,0.027135021000049164,27.135021000049164
4419,0.02710872800003017,27.10872800003017
4420,0.02237204500011103,22.37204500011103
4421,0.030841568999903757,30.841568999903757
4422,0.02763951400015685,27.63951400015685
4423,0.023199183000087942,23.19918300008794
4424,0.021419299999934083,21.419299999934083
4425,0.029648647000158235,29.648647000158235
4426,0.02742792499998359,27.42792499998359
4427,0.023500612999896475,23.500612999896475
4428,0.022630974999856335,22.630974999856335
4429,0.031999136999957045,31.999136999957045
4430,0.027282882000008613,27.282882000008613
4431,0.02436635699996259,24.36635699996259
4432,0.022494272999892928,22.494272999892928
4433,0.03185473400003502,31.854734000035023
4434,0.024305851999997685,24.305851999997685
4435,0.023663715999873602,23.663715999873602
4436,0.021943727999996554,21.943727999996554
4437,0.032301405999987765,32.301405999987765
4438,0.022680229000116015,22.680229000116015
4439,0.024007644999983313,24.007644999983313
4440,0.021852272000160156,21.852272000160156
4441,0.030584927000063544,30.584927000063544
4442,0.027534964000096807,27.534964000096807
4443,0.02440395600001466,24.40395600001466
4444,0.02292550099991786,22.92550099991786
4445,0.02846809800007577,28.46809800007577
4446,0.02718349700012368,27.18349700012368
4447,0.023450705999948696,23.450705999948696
4448,0.02124167000010857,21.24167000010857
4449,0.030873364000171932,30.873364000171932
4450,0.02677295800003776,26.77295800003776
4451,0.023893189999853348,23.893189999853348
4452,0.02228898099997423,22.28898099997423
4453,0.029729676999977528,29.729676999977528
4454,0.029961668999931135,29.961668999931135
4455,0.024818034999952943,24.818034999952943
4456,0.021034021999867036,21.034021999867036
4457,0.03164826199986237,31.64826199986237
4458,0.024573651999844515,24.573651999844515
4459,0.02405640699998912,24.05640699998912
4460,0.022366172999909395,22.366172999909395
4461,0.03172487100005128,31.72487100005128
4462,0.024541204999877664,24.541204999877664
4463,0.024678119000100196,24.678119000100196
4464,0.022459431000015684,22.459431000015684
4465,0.03176954900004603,31.769549000046027
4466,0.023079555999856893,23.079555999856893
4467,0.0250169299999925,25.0169299999925
4468,0.02620617200000197,26.20617200000197
4469,0.04208702100004302,42.08702100004302
4470,0.028473470000108136,28.473470000108136
4471,0.02331920699998591,23.31920699998591
4472,0.021533713000053467,21.533713000053467
4473,0.027463957999998456,27.463957999998456
4474,0.026845126000125674,26.845126000125674
4475,0.023146399999859568,23.146399999859568
4476,0.021695155000088562,21.695155000088562
4477,0.029646231000015177,29.646231000015177
4478,0.02843616299992391,28.43616299992391
4479,0.02492589799999223,24.92589799999223
4480,0.022509077999984584,22.509077999984584
4481,0.03631488700011687,36.31488700011687
4482,0.023653706000004604,23.653706000004604
4483,0.023313642999937656,23.313642999937656
4484,0.022895026000014695,22.895026000014695
4485,0.027626084000075934,27.626084000075934
4486,0.02318403499998567,23.18403499998567
4487,0.02309861699995963,23.09861699995963
4488,0.02085727400003634,20.85727400003634
4489,0.029455478000045332,29.455478000045332
4490,0.027169452999942223,27.169452999942223
4491,0.023706461999836392,23.706461999836392
4492,0.021679688999938662,21.679688999938662
4493,0.02921737800011215,29.21737800011215
4494,0.027551935000019512,27.551935000019512
4495,0.023743717000115794,23.743717000115794
4496,0.02284551000002466,22.84551000002466
4497,0.02996068299989929,29.96068299989929
4498,0.02810652400012259,28.10652400012259
4499,0.02350183199996536,23.50183199996536
4500,0.021353015000158848,21.353015000158848
4501,0.029271814999901835,29.271814999901835
4502,0.027181478000102288,27.181478000102288
4503,0.024407896999946388,24.407896999946388
4504,0.02190146900011314,21.90146900011314
4505,0.027965522999920722,27.965522999920722
4506,0.027909505000025092,27.909505000025092
4507,0.023769772000150624,23.769772000150624
4508,0.022438415999886274,22.438415999886274
4509,0.032564493000108996,32.564493000108996
4510,0.029630720999875848,29.630720999875848
4511,0.028384574000028806,28.384574000028806
4512,0.023328454999955284,23.328454999955284
4513,0.040960463999908825,40.960463999908825
4514,0.024514151999937894,24.514151999937894
4515,0.02134379600011016,21.34379600011016
4516,0.023118624000062482,23.118624000062482
4517,0.02805387199987308,28.05387199987308
4518,0.030101748000106454,30.101748000106454
4519,0.022918382999932874,22.918382999932874
4520,0.023538723999990907,23.538723999990907
4521,0.02866538800003582,28.66538800003582
4522,0.02858572600007392,28.58572600007392
4523,0.02249244999984512,22.49244999984512
4524,0.023832608000020628,23.832608000020628
4525,0.03048602000012579,30.48602000012579
4526,0.02872900900001696,28.72900900001696
4527,0.022810602999925322,22.810602999925322
4528,0.023046750000048633,23.046750000048633
4529,0.02993789199990715,29.93789199990715
4530,0.029503626999940025,29.503626999940025
4531,0.023617801000000327,23.617801000000327
4532,0.02343941599997379,23.43941599997379
4533,0.031568038999921555,31.568038999921555
4534,0.024096436000036192,24.096436000036192
4535,0.0228380680000555,22.8380680000555
4536,0.023585871000022962,23.585871000022962
4537,0.03011873600007675,30.11873600007675
4538,0.0250638689999505,25.0638689999505
4539,0.022088357000029646,22.088357000029646
4540,0.02334378699993067,23.34378699993067
4541,0.030552287999853434,30.552287999853434
4542,0.025931000000127824,25.931000000127824
4543,0.022858721000147852,22.858721000147852
4544,0.023806116000059774,23.806116000059774
4545,0.02466078500015101,24.66078500015101
4546,0.03287180899997111,32.87180899997111
4547,0.02389003899997988,23.89003899997988
4548,0.024147787999936554,24.147787999936554
4549,0.03574919600009707,35.74919600009707
4550,0.023632931000065582,23.632931000065582
4551,0.02147561499987205,21.47561499987205
4552,0.02302563199987162,23.02563199987162
4553,0.03289179700004752,32.89179700004752
4554,0.029263529000218114,29.263529000218114
4555,0.024298804999943968,24.298804999943968
4556,0.024965686000086862,24.965686000086862
4557,0.03151216099990961,31.51216099990961
4558,0.027724072999944838,27.724072999944838
4559,0.023755457000106617,23.755457000106617
4560,0.022569671999917773,22.569671999917773
4561,0.03031402600004185,30.31402600004185
4562,0.027673757000002297,27.673757000002297
4563,0.02376313200011282,23.76313200011282
4564,0.022475392000160355,22.475392000160355
4565,0.03171041200016589,31.71041200016589
4566,0.02442800500011799,24.42800500011799
4567,0.02406282199990528,24.06282199990528
4568,0.022493754999914017,22.493754999914017
4569,0.03140512300001319,31.40512300001319
4570,0.02466928200010443,24.66928200010443
4571,0.024128933999918445,24.128933999918445
4572,0.021867848000056256,21.867848000056256
4573,0.03750726099997337,37.50726099997337
4574,0.02419013000007908,24.19013000007908
4575,0.02284012400014035,22.84012400014035
4576,0.022031600000218532,22.031600000218532
4577,0.027707285000133197,27.707285000133197
4578,0.022240159999910247,22.240159999910247
4579,0.023912353000014264,23.912353000014264
4580,0.02161376799995196,21.61376799995196
4581,0.03030583600002501,30.30583600002501
4582,0.027827812999930757,27.827812999930757
4583,0.0244506490000731,24.4506490000731
4584,0.02235456400012481,22.35456400012481
4585,0.03188376899993273,31.883768999932727
4586,0.023334607999913715,23.334607999913715
4587,0.026386494999997012,26.386494999997012
4588,0.023035015000004933,23.035015000004933
4589,0.027443218999906094,27.443218999906094
4590,0.034221811999941565,34.221811999941565
4591,0.025142300000197793,25.142300000197793
4592,0.02166508999994221,21.66508999994221
4593,0.030861223000101745,30.861223000101745
4594,0.031627427999865176,31.627427999865176
4595,0.023642733999849952,23.642733999849952
4596,0.022065824000037537,22.065824000037537
4597,0.03113641799996003,31.13641799996003
4598,0.027115188999914608,27.115188999914608
4599,0.02435474100002466,24.35474100002466
4600,0.021904462000065905,21.904462000065905
4601,0.03234327800009851,32.34327800009851
4602,0.025957120999919425,25.957120999919425
4603,0.023592704000066078,23.592704000066078
4604,0.02274580099992818,22.74580099992818
4605,0.029370561999940037,29.370561999940037
4606,0.026550781999958417,26.550781999958417
4607,0.023656491999872742,23.656491999872742
4608,0.02190184500000214,21.90184500000214
4609,0.02948115100002724,29.48115100002724
4610,0.02765569999996842,27.65569999996842
4611,0.0237099030000536,23.7099030000536
4612,0.0211628130000463,21.1628130000463
4613,0.031975592999970104,31.975592999970104
4614,0.025126987000021472,25.126987000021472
4615,0.024310637000098723,24.310637000098723
4616,0.022088128999939727,22.088128999939727
4617,0.03555965200007449,35.55965200007449
4618,0.022815468000089822,22.815468000089822
4619,0.024722268000004988,24.722268000004988
4620,0.022565205000091737,22.565205000091737
4621,0.029340188000105627,29.340188000105627
4622,0.023054521999938515,23.054521999938515
4623,0.024709135999955834,24.709135999955834
4624,0.022305705000007947,22.305705000007947
4625,0.02907174599999962,29.07174599999962
4626,0.02299748800010093,22.99748800010093
4627,0.02365128800011007,23.65128800011007
4628,0.021953073000076984,21.953073000076984
4629,0.03327225200018802,33.27225200018802
4630,0.02376378700000714,23.76378700000714
4631,0.02350435599987577,23.50435599987577
4632,0.022336561999964033,22.336561999964033
4633,0.03607814899987716,36.07814899987716
4634,0.022643458000175087,22.643458000175087
4635,0.023881584999799088,23.881584999799088
4636,0.024706880999929126,24.706880999929126
4637,0.04702608999991753,47.02608999991753
4638,0.02190795799992884,21.90795799992884
4639,0.023356822999858196,23.356822999858196
4640,0.021269990000064354,21.269990000064354
4641,0.03129461399998945,31.29461399998945
4642,0.02830242899995028,28.30242899995028
4643,0.023361066000006758,23.36106600000676
4644,0.02207644200007053,22.07644200007053
4645,0.03528234500004146,35.28234500004146
4646,0.023637084000029063,23.637084000029063
4647,0.023711166999873967,23.711166999873967
4648,0.022909690000005867,22.909690000005867
4649,0.028248605000044336,28.248605000044336
4650,0.023323241000070993,23.323241000070993
4651,0.024353365000024496,24.353365000024496
4652,0.022464124000180163,22.464124000180163
4653,0.030558274000213714,30.558274000213714
4654,0.02332825700000285,23.32825700000285
4655,0.02320374000009906,23.20374000009906
4656,0.02186490799999774,21.86490799999774
4657,0.031735387000026094,31.735387000026094
4658,0.024669836999919426,24.669836999919426
4659,0.024181821999945896,24.181821999945896
4660,0.02197033399988868,21.97033399988868
4661,0.03205151899987868,32.05151899987868
4662,0.024650563000022885,24.650563000022885
4663,0.02421451200007141,24.21451200007141
4664,0.021582563000038135,21.582563000038135
4665,0.03269932300008804,32.69932300008804
4666,0.022490917000141053,22.490917000141053
4667,0.025141177000023163,25.141177000023163
4668,0.021907466999891767,21.907466999891767
4669,0.035352010999986305,35.352010999986305
4670,0.023642149000124846,23.642149000124846
4671,0.02393041200002699,23.93041200002699
4672,0.02224001500007944,22.24001500007944
4673,0.028124875999992582,28.124875999992582
4674,0.022844800000029863,22.844800000029863
4675,0.024552707000111695,24.552707000111695
4676,0.02104609699995308,21.04609699995308
4677,0.03249384600007943,32.49384600007943
4678,0.023259862000031717,23.259862000031717
4679,0.023802039000202058,23.802039000202058
4680,0.021681081999986418,21.681081999986418
4681,0.032638859999906344,32.638859999906344
4682,0.023458553999944343,23.458553999944343
4683,0.02346301400007178,23.46301400007178
4684,0.022044582000035007,22.044582000035007
4685,0.03744289899987052,37.44289899987052
4686,0.022925304999944274,22.925304999944274
4687,0.02387681799996244,23.87681799996244
4688,0.021383184000114852,21.383184000114852
4689,0.02777272899993477,27.77272899993477
4690,0.026260149000108868,26.260149000108868
4691,0.023161626000046454,23.161626000046454
4692,0.02134200000000419,21.34200000000419
4693,0.032699502000014036,32.699502000014036
4694,0.026521085000013045,26.521085000013045
4695,0.02371699900004387,23.71699900004387
4696,0.022257171000092058,22.257171000092058
4697,0.032400492000078884,32.400492000078884
4698,0.022709112999791614,22.709112999791614
4699,0.0243733689999317,24.3733689999317
4700,0.022747488000049998,22.747488000049998
4701,0.028236033999974097,28.236033999974097
4702,0.02731791499991232,27.31791499991232
4703,0.023663887000111572,23.663887000111572
4704,0.02193273600005341,21.93273600005341
4705,0.03050204099986331,30.50204099986331
4706,0.027017269999987548,27.017269999987548
4707,0.023223993000101473,23.223993000101473
4708,0.02192571599994153,21.92571599994153
4709,0.03356430200005889,33.56430200005889
4710,0.022994944999936706,22.994944999936706
4711,0.02412800300021445,24.12800300021445
4712,0.02243864999991274,22.43864999991274
4713,0.031204586000058043,31.204586000058043
4714,0.023633363000044483,23.633363000044483
4715,0.02342126499979713,23.42126499979713
4716,0.021865358000013657,21.865358000013657
4717,0.03067610500011142,30.67610500011142
4718,0.027355815999953847,27.355815999953847
4719,0.023777265000035186,23.777265000035186
4720,0.021970166999835783,21.970166999835783
4721,0.030905325000048833,30.905325000048833
4722,0.026763244999983726,26.763244999983726
4723,0.02316789799988328,23.16789799988328
4724,0.02216488799990657,22.16488799990657
4725,0.03037663099985366,30.37663099985366
4726,0.027930869999863717,27.930869999863717
4727,0.023731801000167252,23.731801000167252
4728,0.021756612999979552,21.756612999979552
4729,0.031121520999931818,31.121520999931818
4730,0.02727868999977545,27.27868999977545
4731,0.02397910099989531,23.97910099989531
4732,0.021850223999990703,21.850223999990703
4733,0.031117168000037054,31.117168000037054
4734,0.026397959999940213,26.397959999940213
4735,0.022757661000014195,22.757661000014195
4736,0.021893599999884827,21.893599999884827
4737,0.030832583999881535,30.832583999881535
4738,0.02784597799995936,27.84597799995936
4739,0.02501207099999192,25.01207099999192
4740,0.02309351499980039,23.09351499980039
4741,0.04590763199985304,45.90763199985304
4742,0.026587803999973403,26.587803999973403
4743,0.024496017000046777,24.496017000046777
4744,0.022837668000192934,22.837668000192934
4745,0.02828407500010144,28.28407500010144
4746,0.024142507999840745,24.142507999840745
4747,0.02601645999993707,26.01645999993707
4748,0.024221484000008786,24.221484000008786
4749,0.04168283900003189,41.68283900003189
4750,0.02382348799983447,23.82348799983447
4751,0.02332701599993925,23.32701599993925
4752,0.02149758100017607,21.49758100017607
4753,0.03201246200001151,32.01246200001151
4754,0.026232459000084418,26.232459000084418
4755,0.02379571399978886,23.79571399978886
4756,0.02175536499998998,21.75536499998998
4757,0.029519303999904878,29.519303999904878
4758,0.02983316399991054,29.83316399991054
4759,0.022719057999893266,22.719057999893266
4760,0.021410271999911856,21.410271999911856
4761,0.031453798000029565,31.453798000029565
4762,0.026605245999917315,26.605245999917315
4763,0.024186529999951745,24.186529999951745
4764,0.022456886000099985,22.456886000099985
4765,0.03226424500007852,32.26424500007852
4766,0.023311766000006173,23.311766000006173
4767,0.025387277999925573,25.387277999925573
4768,0.021005126000090968,21.005126000090968
4769,0.029849333000129263,29.849333000129263
4770,0.024480074000166496,24.480074000166496
4771,0.02347617899999932,23.47617899999932
4772,0.02180262899992158,21.80262899992158
4773,0.029451969000092504,29.451969000092504
4774,0.026246046999858663,26.246046999858663
4775,0.02405772299994169,24.05772299994169
4776,0.021733346000019083,21.733346000019083
4777,0.030770968999831894,30.770968999831894
4778,0.025069315999871833,25.069315999871833
4779,0.023830044000078487,23.830044000078487
4780,0.02186420700013514,21.86420700013514
4781,0.030565578999812715,30.565578999812715
4782,0.026581197999803408,26.581197999803408
4783,0.024501691999830655,24.501691999830655
4784,0.023386040999866964,23.386040999866964
4785,0.032124280000061844,32.124280000061844
4786,0.02313158500010104,23.13158500010104
4787,0.024081951999960438,24.081951999960438
4788,0.02257133500006603,22.57133500006603
4789,0.025581859000112672,25.581859000112672
4790,0.0313607640000555,31.360764000055497
4791,0.023931431999926644,23.931431999926644
4792,0.0219743440000002,21.9743440000002
4793,0.03210255099997994,32.10255099997994
4794,0.023740779000036127,23.740779000036127
4795,0.023627113999964422,23.627113999964422
4796,0.022357415999977093,22.357415999977093
4797,0.03444790399998965,34.44790399998965
4798,0.023098269999991317,23.098269999991317
4799,0.023881512999878396,23.881512999878396
4800,0.021787968000126057,21.787968000126057
4801,0.028266303999998854,28.266303999998854
4802,0.025479875999963042,25.479875999963042
4803,0.023466174000077444,23.466174000077444
4804,0.021831144000088898,21.831144000088898
4805,0.029915069999788102,29.915069999788102
4806,0.02915361300006225,29.15361300006225
4807,0.025342659999978423,25.342659999978423
4808,0.030384973000082027,30.384973000082027
4809,0.028383510000139722,28.383510000139722
4810,0.033655250000037995,33.655250000037995
4811,0.024087783999902967,24.087783999902967
4812,0.022827080000070055,22.827080000070055
4813,0.031917443000111234,31.917443000111234
4814,0.023990981999986616,23.990981999986616
4815,0.02409435399999893,24.09435399999893
4816,0.02141848399992341,21.41848399992341
4817,0.030764964999889344,30.764964999889344
4818,0.02695268499996928,26.95268499996928
4819,0.02354368200008139,23.54368200008139
4820,0.021022564000077182,21.022564000077182
4821,0.030353995000041323,30.353995000041323
4822,0.027153066000209947,27.153066000209947
4823,0.022887366000077236,22.887366000077236
4824,0.021877786000004562,21.877786000004562
4825,0.03149611300000288,31.49611300000288
4826,0.027547855999955573,27.547855999955573
4827,0.023698393999893597,23.698393999893597
4828,0.02190883200000826,21.90883200000826
4829,0.029262471000038204,29.262471000038204
4830,0.028172167000093395,28.172167000093395
4831,0.024203860999932658,24.203860999932658
4832,0.021137084999963918,21.137084999963918
4833,0.030407814000000144,30.407814000000144
4834,0.028577972999983103,28.577972999983103
4835,0.024685666000095807,24.685666000095807
4836,0.02259875900017505,22.59875900017505
4837,0.032843176999904244,32.843176999904244
4838,0.022535217000040575,22.535217000040575
4839,0.023721733999991557,23.721733999991557
4840,0.022003288999940196,22.003288999940196
4841,0.028203605000044263,28.203605000044263
4842,0.026614331999780916,26.614331999780916
4843,0.02298701300014727,22.98701300014727
4844,0.021414445999880627,21.414445999880627
4845,0.03751464099991608,37.51464099991608
4846,0.024190547999978662,24.190547999978662
4847,0.024129794999907972,24.129794999907972
4848,0.022671835999972245,22.671835999972245
4849,0.043292354000186606,43.292354000186606
4850,0.022313794999945458,22.313794999945458
4851,0.02241106800011039,22.41106800011039
4852,0.0223795759998211,22.3795759998211
4853,0.036448716999984754,36.448716999984754
4854,0.023086305000106222,23.086305000106222
4855,0.023680124999827967,23.680124999827967
4856,0.021589732000165895,21.589732000165895
4857,0.030482409999876836,30.482409999876836
4858,0.029875820000142994,29.875820000142994
4859,0.024214530999870476,24.214530999870476
4860,0.02248526500011394,22.48526500011394
4861,0.03665780899996207,36.65780899996207
4862,0.02366140699996322,23.66140699996322
4863,0.0244090049998249,24.4090049998249
4864,0.022201014000074792,22.201014000074792
4865,0.027800161000186563,27.800161000186563
4866,0.022926556999891545,22.926556999891545
4867,0.023291013000061866,23.291013000061866
4868,0.021093605000032767,21.093605000032767
4869,0.03064029400002255,30.64029400002255
4870,0.027177838000170595,27.177838000170595
4871,0.023720373000060135,23.720373000060135
4872,0.021477728000036223,21.477728000036223
4873,0.0290326389999791,29.0326389999791
4874,0.02882798200016623,28.82798200016623
4875,0.024776555000016742,24.776555000016742
4876,0.022043237999923804,22.043237999923804
4877,0.03158362600015607,31.583626000156073
4878,0.025253009999914866,25.253009999914866
4879,0.023853293999991365,23.853293999991365
4880,0.02210193500013702,22.10193500013702
4881,0.030240090000006603,30.240090000006603
4882,0.02758372300013434,27.58372300013434
4883,0.02316325899982985,23.16325899982985
4884,0.022102742000015496,22.102742000015496
4885,0.03002050899999631,30.02050899999631
4886,0.02785328799996023,27.85328799996023
4887,0.023751970000148503,23.751970000148503
4888,0.02191971500019463,21.91971500019463
4889,0.030815886000027604,30.815886000027604
4890,0.027718393999975888,27.718393999975888
4891,0.023985354999922492,23.985354999922492
4892,0.021915596000098958,21.915596000098958
4893,0.030914633000065805,30.914633000065805
4894,0.025994483999966178,25.994483999966178
4895,0.02439373099991826,24.39373099991826
4896,0.024406214999999065,24.406214999999065
4897,0.04050298299989663,40.50298299989663
4898,0.022632522000094468,22.63252200009447
4899,0.0234309590000521,23.4309590000521
4900,0.02191445200014641,21.91445200014641
4901,0.029048966999880577,29.048966999880577
4902,0.027589636000129758,27.589636000129758
4903,0.024128510000082315,24.128510000082315
4904,0.022092270000030112,22.092270000030112
4905,0.03186416700009431,31.864167000094312
4906,0.02805643500005317,28.05643500005317
4907,0.02428661999988435,24.28661999988435
4908,0.022526024999933725,22.526024999933725
4909,0.031448150999949576,31.448150999949576
4910,0.02785051400019256,27.85051400019256
4911,0.024330475999931878,24.330475999931878
4912,0.02198093000015433,21.98093000015433
4913,0.032303114000114874,32.303114000114874
4914,0.02345330200000717,23.45330200000717
4915,0.024798730999918916,24.798730999918916
4916,0.02302033199998732,23.02033199998732
4917,0.028662580999935017,28.662580999935017
4918,0.022786669999959486,22.786669999959486
4919,0.02262364900002467,22.62364900002467
4920,0.022143854999967516,22.143854999967516
4921,0.03302503000008983,33.02503000008983
4922,0.02471164899998257,24.71164899998257
4923,0.024212532000092324,24.212532000092324
4924,0.022542564999866954,22.542564999866954
4925,0.035238980000031006,35.238980000031006
4926,0.025850781999906758,25.850781999906758
4927,0.025316139000096882,25.316139000096882
4928,0.022693100999958915,22.693100999958915
4929,0.03264771099998143,32.64771099998143
4930,0.028637852999963798,28.637852999963798
4931,0.024042159000146057,24.042159000146057
4932,0.022004059999972014,22.004059999972014
4933,0.0297721920001095,29.7721920001095
4934,0.028077736000113873,28.077736000113873
4935,0.024325762999978906,24.325762999978906
4936,0.022638315999984115,22.638315999984115
4937,0.03026386999999886,30.26386999999886
4938,0.028057549999857656,28.057549999857656
4939,0.026340470999912213,26.340470999912213
4940,0.021923620999814375,21.923620999814375
4941,0.028121216000045024,28.121216000045024
4942,0.02663500199992086,26.63500199992086
4943,0.024375067000164563,24.375067000164563
4944,0.021008449999953882,21.008449999953882
4945,0.0315366869999707,31.536686999970698
4946,0.02782001599985051,27.82001599985051
4947,0.024401157000056628,24.401157000056628
4948,0.022607403000165505,22.607403000165505
4949,0.035634465999919485,35.634465999919485
4950,0.02207486399993286,22.07486399993286
4951,0.022992065999915212,22.992065999915212
4952,0.02006208800003151,20.06208800003151
4953,0.026366197000015745,26.366197000015745
4954,0.03252931100018941,32.52931100018941
4955,0.023397778999878938,23.397778999878938
4956,0.021607371000072817,21.607371000072817
4957,0.030122572999971453,30.122572999971453
4958,0.027353517000165084,27.353517000165084
4959,0.024196647000053417,24.196647000053417
4960,0.022464605000095617,22.464605000095617
4961,0.03197369299982711,31.973692999827108
4962,0.025930644000027314,25.930644000027314
4963,0.023746867999989263,23.746867999989263
4964,0.022401644999945347,22.401644999945347
4965,0.03175189499984299,31.75189499984299
4966,0.022621964999871125,22.621964999871125
4967,0.023672860000033324,23.672860000033324
4968,0.021465588999944885,21.465588999944885
4969,0.03187162999984139,31.87162999984139
4970,0.0233439900000576,23.3439900000576
4971,0.0246849249999741,24.6849249999741
4972,0.02147796299982474,21.47796299982474
4973,0.03432460999988507,34.32460999988507
4974,0.022755645999950502,22.755645999950502
4975,0.023108976000003167,23.108976000003167
4976,0.028486688999919352,28.48668899991935
4977,0.03520222299994202,35.20222299994202
4978,0.028451287000052616,28.451287000052616
4979,0.02266691200020432,22.66691200020432
4980,0.02115447000005588,21.15447000005588
4981,0.031346683000037956,31.346683000037956
4982,0.02637019600001622,26.37019600001622
4983,0.02161075300000448,21.61075300000448
4984,0.020316888000024846,20.316888000024846
4985,0.029095739000013054,29.095739000013054
4986,0.02090489399984108,20.90489399984108
4987,0.021609492999914437,21.609492999914437
4988,0.021237079000002268,21.237079000002268
4989,0.03375998100000288,33.75998100000288
4990,0.026374932999942757,26.374932999942757
4991,0.022905219999984183,22.905219999984183
4992,0.020235279999951672,20.235279999951672
4993,0.03214277500001117,32.14277500001117
4994,0.026875817000018287,26.875817000018287
4995,0.021896389999938037,21.896389999938037
4996,0.020229062999987946,20.229062999987946
4997,0.0324808769998981,32.4808769998981
4998,0.021250167000061992,21.250167000061992
4999,0.021533043999852453,21.533043999852453
5000,0.020464323999931366,20.464323999931366
5001,0.0324242609999601,32.4242609999601
5002,0.026475161999997,26.475161999997
5003,0.022604741999884936,22.604741999884936
5004,0.02083683899991229,20.83683899991229
5005,0.03223762299990085,32.23762299990085
5006,0.029853377999870645,29.853377999870645
5007,0.022948643000063385,22.948643000063385
5008,0.0201058530001319,20.1058530001319
5009,0.03478195299999243,34.78195299999243
5010,0.026708458000030078,26.708458000030078
5011,0.022801187000141,22.801187000141
5012,0.02156589699984579,21.56589699984579
5013,0.06103000699999939,61.03000699999939
5014,0.02346478100002969,23.46478100002969
5015,0.02126026200016895,21.26026200016895
5016,0.02021931800004495,20.21931800004495
5017,0.03907856300020285,39.07856300020285
5018,0.02191574300013599,21.91574300013599
5019,0.022161822000043685,22.161822000043685
5020,0.020828180000080465,20.828180000080465
5021,0.0351022299998931,35.1022299998931
5022,0.021849853000048824,21.849853000048824
5023,0.023834489999899233,23.834489999899233
5024,0.02034684700015532,20.34684700015532
5025,0.03387688799989519,33.87688799989519
5026,0.02272594500004743,22.72594500004743
5027,0.02208679000000302,22.08679000000302
5028,0.019686340999896856,19.686340999896856
5029,0.03157987300005516,31.57987300005516
5030,0.027187607000087155,27.187607000087155
5031,0.022642120999989857,22.642120999989857
5032,0.020691728999963743,20.691728999963743
5033,0.03038777200004006,30.38777200004006
5034,0.028736292999838042,28.736292999838042
5035,0.02280235500006711,22.80235500006711
5036,0.020063592000042263,20.063592000042263
5037,0.027725185999997848,27.725185999997848
5038,0.02797971400013921,27.97971400013921
5039,0.024729603999958272,24.72960399995827
5040,0.02131718800001181,21.31718800001181
5041,0.027818922000051316,27.818922000051316
5042,0.029436195000016596,29.436195000016596
5043,0.022557113999937428,22.557113999937428
5044,0.020427732999905857,20.427732999905857
5045,0.029434504000164452,29.434504000164452
5046,0.021986126000001605,21.986126000001605
5047,0.022219824999865523,22.219824999865523
5048,0.02101453699992817,21.01453699992817
5049,0.03407038000000284,34.07038000000284
5050,0.026507970000011483,26.507970000011483
5051,0.02246757499983687,22.46757499983687
5052,0.02020218899997417,20.20218899997417
5053,0.1155698370000664,115.5698370000664
5054,0.031889606999811804,31.889606999811804
5055,0.02338376399984554,23.38376399984554
5056,0.021889081999916016,21.889081999916016
5057,0.035865986999851884,35.865986999851884
5058,0.023209913999835408,23.209913999835408
5059,0.024144163000073604,24.144163000073604
5060,0.022640942999942126,22.640942999942126
5061,0.033146701999839934,33.146701999839934
5062,0.023193370999933904,23.193370999933904
5063,0.02474903200004519,24.74903200004519
5064,0.02186083499987035,21.86083499987035
5065,0.030524389999982304,30.524389999982304
5066,0.027242517999866322,27.242517999866322
5067,0.022780231999831813,22.780231999831813
5068,0.021882561999973404,21.882561999973404
5069,0.027459499000087817,27.459499000087817
5070,0.033699499000022115,33.699499000022115
5071,0.02479525399985505,24.79525399985505
5072,0.02161750100003701,21.61750100003701
5073,0.03267088899997361,32.67088899997361
5074,0.02816488999997091,28.16488999997091
5075,0.02444886599982965,24.44886599982965
5076,0.02489110100009384,24.89110100009384
5077,0.029429086999925858,29.429086999925858
5078,0.031965587000058804,31.965587000058804
5079,0.027709517000175765,27.709517000175765
5080,0.02389312000013888,23.89312000013888
5081,0.027281573999971442,27.281573999971442
5082,0.04091568800004097,40.91568800004097
5083,0.028757895000126155,28.757895000126155
5084,0.022050298000067414,22.050298000067414
5085,0.03316556599997966,33.16556599997966
5086,0.026789329000166617,26.789329000166617
5087,0.02910060599992903,29.10060599992903
5088,0.02367926199985959,23.67926199985959
5089,0.03703714499988564,37.03714499988564
5090,0.02282180499992137,22.82180499992137
5091,0.023775196000087817,23.775196000087817
5092,0.021818853000013405,21.818853000013405
5093,0.028513403000033577,28.513403000033577
5094,0.03155463200005215,31.554632000052152
5095,0.02624029999992672,26.24029999992672
5096,0.022088144999997894,22.088144999997894
5097,0.03353519100005542,33.53519100005542
5098,0.02255740300006437,22.55740300006437
5099,0.024261843000203953,24.261843000203953
5100,0.022459011999899303,22.459011999899303
5101,0.02817829100013114,28.17829100013114
5102,0.026870840999890788,26.87084099989079
5103,0.02377105099981236,23.77105099981236
5104,0.022065487000190842,22.065487000190842
5105,0.031008913000050597,31.008913000050597
5106,0.026991147999979148,26.991147999979148
5107,0.023137347999863778,23.137347999863778
5108,0.02102144600007705,21.02144600007705
5109,0.03168513399987205,31.68513399987205
5110,0.02829069100016568,28.29069100016568
5111,0.025217795999878945,25.217795999878945
5112,0.022584089000019958,22.584089000019958
5113,0.02957570700004908,29.57570700004908
5114,0.022313716000098793,22.313716000098793
5115,0.02432768399989982,24.32768399989982
5116,0.02248343500014016,22.48343500014016
5117,0.03609199099992111,36.09199099992111
5118,0.023211748999983683,23.211748999983683
5119,0.02499780799985274,24.99780799985274
5120,0.022241410000106043,22.241410000106043
5121,0.029015152000056332,29.015152000056332
5122,0.02343398200014235,23.43398200014235
5123,0.024273304999951506,24.273304999951506
5124,0.021861378000039622,21.861378000039622
5125,0.028671413999973083,28.671413999973083
5126,0.025424115000078018,25.424115000078018
5127,0.02316684599986729,23.16684599986729
5128,0.021837048999941544,21.837048999941544
5129,0.029985705999933998,29.985705999933998
5130,0.029172252000080334,29.172252000080334
5131,0.024775072000011278,24.775072000011278
5132,0.02211169399993196,22.11169399993196
5133,0.03277871499994944,32.77871499994944
5134,0.023216059999867866,23.216059999867866
5135,0.02420822799990674,24.20822799990674
5136,0.022540973000104714,22.540973000104714
5137,0.02767512000013994,27.67512000013994
5138,0.02690052299999479,26.90052299999479
5139,0.02370472399979917,23.70472399979917
5140,0.021914229000003616,21.914229000003616
5141,0.030240470000080677,30.240470000080677
5142,0.028585825999925873,28.585825999925873
5143,0.024997972999926787,24.997972999926787
5144,0.024028075000160243,24.028075000160243
5145,0.041642245000048206,41.642245000048206
5146,0.028501682000069195,28.501682000069195
5147,0.024382338000123127,24.382338000123127
5148,0.02207317600004899,22.07317600004899
5149,0.0325523209999119,32.5523209999119
5150,0.023276888000054896,23.276888000054896
5151,0.024156852000032814,24.156852000032814
5152,0.022427633000006608,22.427633000006608
5153,0.03745191400003023,37.45191400003023
5154,0.022956445000090753,22.956445000090753
5155,0.023453580000023067,23.453580000023067
5156,0.022757145999776185,22.757145999776185
5157,0.030847400000084235,30.847400000084235
5158,0.02253234899990275,22.53234899990275
5159,0.024420508000048358,24.420508000048358
5160,0.02143554799999947,21.43554799999947
5161,0.033129390999874886,33.129390999874886
5162,0.022556021999889708,22.55602199988971
5163,0.024177205999876605,24.177205999876605
5164,0.021967049999830124,21.967049999830124
5165,0.03182461400001557,31.824614000015572
5166,0.023574195999799485,23.574195999799485
5167,0.023851371999853654,23.851371999853654
5168,0.021829099999877144,21.829099999877144
5169,0.0325051600000279,32.5051600000279
5170,0.023284061000140355,23.284061000140355
5171,0.02453898199996729,24.53898199996729
5172,0.022724776000131897,22.724776000131897
5173,0.027564572999835946,27.564572999835946
5174,0.02634940499979166,26.34940499979166
5175,0.023425296999903367,23.425296999903367
5176,0.021917631999940568,21.917631999940568
5177,0.031101513000066916,31.101513000066916
5178,0.028146366000100898,28.146366000100898
5179,0.023850390999996307,23.850390999996307
5180,0.02264746099990589,22.64746099990589
5181,0.03283063100002437,32.83063100002437
5182,0.022746743999960017,22.746743999960017
5183,0.024153479999995398,24.153479999995398
5184,0.022511027000064132,22.511027000064132
5185,0.03465271999994002,34.65271999994002
5186,0.02326890899985301,23.26890899985301
5187,0.02367854899989652,23.67854899989652
5188,0.021640186000013273,21.640186000013273
5189,0.03791505100002723,37.91505100002723
5190,0.021841254000037225,21.841254000037225
5191,0.024832172000060382,24.832172000060382
5192,0.02210046400000465,22.10046400000465
5193,0.02679209300004004,26.79209300004004
5194,0.03065050700001848,30.65050700001848
5195,0.023847543000101723,23.847543000101723
5196,0.021918505000030564,21.918505000030564
5197,0.029816692999929728,29.816692999929728
5198,0.028028660000018135,28.028660000018135
5199,0.024202901999842652,24.202901999842652
5200,0.022517702000186546,22.517702000186546
5201,0.03238646499994502,32.38646499994502
5202,0.02768907799986664,27.68907799986664
5203,0.023727934000135065,23.727934000135065
5204,0.02158537500008606,21.58537500008606
5205,0.03261476600005153,32.61476600005153
5206,0.028183300999899075,28.183300999899075
5207,0.023221878999947876,23.221878999947876
5208,0.021438695999904667,21.438695999904667
5209,0.03180190699981722,31.80190699981722
5210,0.028056803000026775,28.056803000026775
5211,0.024742850000166072,24.742850000166072
5212,0.022781527999995888,22.781527999995888
5213,0.025435975999926086,25.435975999926086
5214,0.032515956999986884,32.515956999986884
5215,0.02406595100001141,24.06595100001141
5216,0.02169842300008895,21.69842300008895
5217,0.036531697000100394,36.531697000100394
5218,0.0233416189998934,23.3416189998934
5219,0.024165117999928043,24.165117999928043
5220,0.02254891300003692,22.54891300003692
5221,0.02714061100004983,27.14061100004983
5222,0.030868985000097382,30.868985000097382
5223,0.0241977109999425,24.1977109999425
5224,0.022065199999815377,22.065199999815377
5225,0.030536669999946753,30.536669999946753
5226,0.02783426399992095,27.83426399992095
5227,0.024898430999883203,24.898430999883203
5228,0.021053934999827106,21.053934999827106
5229,0.02977982599986717,29.77982599986717
5230,0.028737131000070804,28.737131000070804
5231,0.04323994600008518,43.23994600008518
5232,0.030190510000011272,30.190510000011272
5233,0.026547708999942188,26.547708999942188
5234,0.0302825500000381,30.2825500000381
5235,0.024103155000148035,24.103155000148035
5236,0.021537387000080344,21.537387000080344
5237,0.027149107000013828,27.149107000013828
5238,0.03048500399995646,30.48500399995646
5239,0.024202178999985335,24.202178999985335
5240,0.022573833000024024,22.573833000024024
5241,0.03085570700000062,30.85570700000062
5242,0.027601758000173504,27.601758000173504
5243,0.023257203999946796,23.257203999946796
5244,0.021849695000128122,21.849695000128122
5245,0.02939040000001114,29.39040000001114
5246,0.026717080000025817,26.717080000025817
5247,0.02273572600006446,22.73572600006446
5248,0.02184526599990022,21.84526599990022
5249,0.03168455200011522,31.684552000115218
5250,0.026864039999964007,26.864039999964007
5251,0.024310751000029995,24.310751000029995
5252,0.022516303999964293,22.516303999964293
5253,0.030735037000113152,30.735037000113152
5254,0.026862557000185916,26.862557000185916
5255,0.023887560000048325,23.887560000048325
5256,0.020858136000015293,20.858136000015293
5257,0.02978921699991588,29.78921699991588
5258,0.02659259300003214,26.59259300003214
5259,0.024699881000060486,24.699881000060486
5260,0.022376044000111506,22.376044000111506
5261,0.034763764999979685,34.763764999979685
5262,0.02924895799992555,29.24895799992555
5263,0.025740171000052214,25.740171000052214
5264,0.02190679000000273,21.90679000000273
5265,0.038373835999891526,38.373835999891526
5266,0.0230329809999148,23.0329809999148
5267,0.02336871600004997,23.36871600004997
5268,0.022148215000015625,22.148215000015625
5269,0.02687830800005031,26.87830800005031
5270,0.02973414899997806,29.73414899997806
5271,0.0239177920000202,23.9177920000202
5272,0.022755050000114352,22.755050000114352
5273,0.026217525999982172,26.217525999982172
5274,0.031040609000001496,31.040609000001496
5275,0.02433034000000589,24.33034000000589
5276,0.02243182400002297,22.43182400002297
5277,0.029361929000060627,29.361929000060627
5278,0.027874799000073835,27.874799000073835
5279,0.024129095999796846,24.129095999796846
5280,0.02242820799983747,22.42820799983747
5281,0.02919417299995075,29.19417299995075
5282,0.026832682000076602,26.832682000076602
5283,0.023272096000027886,23.272096000027886
5284,0.021789915999988807,21.789915999988807
5285,0.030089568999983385,30.089568999983385
5286,0.027393483999958335,27.393483999958335
5287,0.024196733000053428,24.196733000053428
5288,0.022414306000200668,22.414306000200668
5289,0.030671935000100348,30.671935000100348
5290,0.027636542999971425,27.636542999971425
5291,0.023710422000021936,23.710422000021936
5292,0.022510907999958363,22.510907999958363
5293,0.030843430000004446,30.843430000004446
5294,0.02764081400005125,27.64081400005125
5295,0.02339173900008973,23.39173900008973
5296,0.022451028999967093,22.451028999967093
5297,0.02846936400010236,28.46936400010236
5298,0.029809281999860104,29.809281999860104
5299,0.022890820999919015,22.890820999919015
5300,0.021523268999999345,21.523268999999345
5301,0.03129241700003149,31.29241700003149
5302,0.0273449400001482,27.3449400001482
5303,0.02409337900007813,24.09337900007813
5304,0.021588215000065247,21.588215000065247
5305,0.03181577999998808,31.81577999998808
5306,0.02779734399996414,27.79734399996414
5307,0.023863144000188186,23.863144000188186
5308,0.02188542699991558,21.88542699991558
5309,0.02996512600020651,29.96512600020651
5310,0.030076883999981874,30.076883999981874
5311,0.027466909999930067,27.466909999930067
5312,0.025466887999982646,25.466887999982646
5313,0.03228265100005956,32.28265100005956
5314,0.02963631800002986,29.63631800002986
5315,0.023804233999953794,23.804233999953794
5316,0.02182653099998788,21.82653099998788
5317,0.031749705999800426,31.749705999800426
5318,0.027936319999980697,27.936319999980697
5319,0.02381438099996558,23.81438099996558
5320,0.021850148000112313,21.850148000112313
5321,0.03063228600012735,30.63228600012735
5322,0.028042649000099118,28.042649000099118
5323,0.023349584000015966,23.349584000015966
5324,0.022599326999852565,22.599326999852565
5325,0.03180113899998105,31.80113899998105
5326,0.02462601199999881,24.62601199999881
5327,0.02468117400007941,24.68117400007941
5328,0.02281936700001097,22.81936700001097
5329,0.03555520800000522,35.55520800000522
5330,0.022445944000082818,22.445944000082818
5331,0.02445736799995757,24.45736799995757
5332,0.022018720000005487,22.018720000005487
5333,0.02818237700012105,28.18237700012105
5334,0.02291067699979976,22.91067699979976
5335,0.02358937100007097,23.58937100007097
5336,0.0213097440000638,21.3097440000638
5337,0.031184878999965804,31.184878999965804
5338,0.027752135000127964,27.752135000127964
5339,0.025143004000028668,25.143004000028668
5340,0.022622039999987464,22.622039999987464
5341,0.03509570599999279,35.09570599999279
5342,0.023401006999847596,23.401006999847596
5343,0.024271234000025288,24.271234000025288
5344,0.02254931399988891,22.54931399988891
5345,0.027990949000013643,27.990949000013643
5346,0.02262499099992965,22.62499099992965
5347,0.023166688999936014,23.166688999936014
5348,0.02197770600014337,21.97770600014337
5349,0.0300564949998261,30.0564949998261
5350,0.027709022999943045,27.709022999943045
5351,0.022769178000089596,22.769178000089596
5352,0.022532079000029626,22.532079000029626
5353,0.03040603099998407,30.40603099998407
5354,0.02796825300015371,27.96825300015371
5355,0.024822238000069774,24.822238000069774
5356,0.022439254000119035,22.439254000119035
5357,0.03288065899982939,32.88065899982939
5358,0.022924361000150384,22.924361000150384
5359,0.023688105000019277,23.688105000019277
5360,0.021215790000042034,21.215790000042034
5361,0.03199983800004702,31.99983800004702
5362,0.02430433700010326,24.30433700010326
5363,0.022549912999920707,22.549912999920707
5364,0.021762602999842784,21.762602999842784
5365,0.03083923200006211,30.83923200006211
5366,0.027983020000192482,27.983020000192482
5367,0.023787178000020504,23.787178000020504
5368,0.022510994999947798,22.510994999947798
5369,0.031153281000115385,31.153281000115385
5370,0.025628898999912053,25.628898999912053
5371,0.023842903000058868,23.842903000058868
5372,0.02118028600011712,21.18028600011712
5373,0.03116008699998929,31.16008699998929
5374,0.026498826999841185,26.498826999841185
5375,0.023675016999959553,23.675016999959553
5376,0.02193262900004811,21.93262900004811
5377,0.031347536000112086,31.347536000112086
5378,0.026980959999946208,26.980959999946208
5379,0.024403405999919414,24.403405999919414
5380,0.022444876000008662,22.444876000008662
5381,0.02754016399990178,27.54016399990178
5382,0.02724222999995618,27.24222999995618
5383,0.02281983299985768,22.81983299985768
5384,0.021854500999779702,21.854500999779702
5385,0.030140138999968258,30.140138999968258
5386,0.027732631000162655,27.732631000162655
5387,0.024218114999939644,24.218114999939644
5388,0.02182582199998251,21.82582199998251
5389,0.030412065000064104,30.412065000064104
5390,0.027239759999929447,27.239759999929447
5391,0.02403645599997617,24.03645599997617
5392,0.022446066999918912,22.446066999918912
5393,0.030546323999942615,30.546323999942615
5394,0.028137014999856547,28.137014999856547
5395,0.02443368400008694,24.43368400008694
5396,0.021650872000009258,21.650872000009258
5397,0.028206328999885955,28.206328999885955
5398,0.027214505000074496,27.214505000074496
5399,0.0237099070000113,23.7099070000113
5400,0.02157223300014266,21.57223300014266
5401,0.030521889000056035,30.521889000056035
5402,0.027281656000013754,27.281656000013754
5403,0.02363068399995427,23.63068399995427
5404,0.022682011999904717,22.682011999904717
5405,0.030895818999852054,30.895818999852054
5406,0.02744642099992234,27.44642099992234
5407,0.023650140999961877,23.650140999961877
5408,0.022384065000096598,22.384065000096598
5409,0.030506931999980225,30.506931999980225
5410,0.027141240999981164,27.141240999981164
5411,0.02371306200006984,23.71306200006984
5412,0.022638939999978902,22.638939999978902
5413,0.02776137499995457,27.76137499995457
5414,0.028578677000041353,28.578677000041353
5415,0.02770787300005395,27.70787300005395
5416,0.024653703000012683,24.653703000012683
5417,0.04638761000001068,46.38761000001068
5418,0.023156475999940085,23.156475999940085
5419,0.02474805099996047,24.74805099996047
5420,0.022454789999983404,22.454789999983404
5421,0.027204535000009855,27.204535000009855
5422,0.02694495400010055,26.94495400010055
5423,0.02566230100001121,25.66230100001121
5424,0.024266647000104058,24.266647000104058
5425,0.0430800009999075,43.0800009999075
5426,0.0233312840000508,23.3312840000508
5427,0.02449498200007838,24.49498200007838
5428,0.02188460499996836,21.88460499996836
5429,0.030589385999974184,30.589385999974184
5430,0.03353337300018211,33.53337300018211
