image_index,forward_latency_seconds,forward_latency_ms
0,0.02719567600024675,27.19567600024675
1,0.03241886200021327,32.41886200021327
2,0.022557408000011492,22.557408000011492
3,0.022494632999951136,22.494632999951136
4,0.03106634000005215,31.06634000005215
5,0.027450510000107897,27.450510000107897
6,0.02276798200000485,22.76798200000485
7,0.022442840000167052,22.442840000167052
8,0.03403088999993997,34.03088999993997
9,0.023656947999825206,23.656947999825206
10,0.022595915999772842,22.595915999772842
11,0.021910039999966102,21.910039999966102
12,0.032960723000087455,32.960723000087455
13,0.02699817900020207,26.99817900020207
14,0.02252789500016661,22.52789500016661
15,0.022176412000135315,22.176412000135315
16,0.029501800000161893,29.501800000161893
17,0.028382115999647795,28.382115999647795
18,0.022591324000131863,22.591324000131863
19,0.022302321000097436,22.302321000097436
20,0.027970373000243853,27.970373000243853
21,0.02804075499989267,28.04075499989267
22,0.022296514999652572,22.296514999652572
23,0.02213084200002413,22.13084200002413
24,0.025097953000113193,25.097953000113193
25,0.029794670999763184,29.794670999763184
26,0.022649235000244516,22.649235000244516
27,0.022378161000233376,22.378161000233376
28,0.02667100799999389,26.67100799999389
29,0.02499177299978328,24.99177299978328
30,0.022492769000109547,22.492769000109547
31,0.02216100700024981,22.16100700024981
32,0.028226244000052247,28.226244000052247
33,0.027208058999804052,27.208058999804052
34,0.022647208999842405,22.647208999842405
35,0.022823820000212436,22.823820000212436
36,0.027604073000020435,27.604073000020435
37,0.02831193100018936,28.31193100018936
38,0.02262371400001939,22.62371400001939
39,0.02220878200023435,22.20878200023435
40,0.02509808900003918,25.09808900003918
41,0.03301874599992516,33.01874599992516
42,0.022669498999675852,22.669498999675852
43,0.02217913899994528,22.17913899994528
44,0.027455331000055594,27.455331000055594
45,0.022168554000018048,22.168554000018048
46,0.022710821000146098,22.710821000146098
47,0.02229370299983202,22.29370299983202
48,0.03006247000030271,30.06247000030271
49,0.027026435999687237,27.026435999687237
50,0.022673089999898366,22.673089999898366
51,0.022371004999968136,22.371004999968136
52,0.028830952999669535,28.830952999669535
53,0.028001223000046593,28.001223000046593
54,0.022850244999972347,22.850244999972347
55,0.022114324000085617,22.114324000085617
56,0.02533977999974013,25.33977999974013
57,0.030986645999746543,30.986645999746543
58,0.023931202000312624,23.931202000312624
59,0.025814714999796706,25.814714999796706
60,0.0356660729999021,35.6660729999021
61,0.026867389000017283,26.867389000017283
62,0.022771493999698578,22.771493999698578
63,0.02203646799989656,22.03646799989656
64,0.028467621999880066,28.467621999880066
65,0.027441753999937646,27.441753999937646
66,0.022457740000390913,22.457740000390913
67,0.0232938560002367,23.2938560002367
68,0.027129971999784175,27.129971999784175
69,0.02785792200029391,27.85792200029391
70,0.024843524000061734,24.843524000061734
71,0.022660549000192987,22.660549000192987
72,0.02838420900025085,28.38420900025085
73,0.02924389500003599,29.24389500003599
74,0.02249253099989801,22.49253099989801
75,0.022437352999986615,22.437352999986615
76,0.02531844099985392,25.31844099985392
77,0.02937680900004125,29.37680900004125
78,0.02238033200001155,22.38033200001155
79,0.02192620599998918,21.92620599998918
80,0.026588817999709136,26.588817999709136
81,0.027085596999768313,27.085596999768313
82,0.022900478999872576,22.900478999872576
83,0.02214312899968718,22.14312899968718
84,0.028622387999803323,28.622387999803323
85,0.02921746099991651,29.21746099991651
86,0.022498767000342923,22.498767000342923
87,0.022530570000071748,22.530570000071748
88,0.028365011000005325,28.365011000005325
89,0.02791207799964468,27.91207799964468
90,0.02254783500029589,22.54783500029589
91,0.021965763000025618,21.965763000025618
92,0.025001285999678657,25.001285999678657
93,0.029523835999953008,29.523835999953008
94,0.02324563299998772,23.24563299998772
95,0.02269230600040828,22.69230600040828
96,0.025389940999957616,25.389940999957616
97,0.03278868799998236,32.78868799998236
98,0.022484264000013354,22.484264000013354
99,0.02223573400033274,22.23573400033274
100,0.02623934899975211,26.23934899975211
101,0.026513814999816532,26.513814999816532
102,0.02378019800016773,23.78019800016773
103,0.02536405000000741,25.36405000000741
104,0.032479969000178244,32.479969000178244
105,0.02303757299978315,23.03757299978315
106,0.022186154999872088,22.186154999872088
107,0.02234680900028252,22.34680900028252
108,0.030730734999906417,30.730734999906417
109,0.027312230999996245,27.312230999996245
110,0.022358923999945546,22.358923999945546
111,0.02209563300039008,22.09563300039008
112,0.02763955399996121,27.63955399996121
113,0.027717952999864792,27.717952999864792
114,0.022480810000161,22.480810000161
115,0.022074551000059728,22.074551000059728
116,0.02498185199965519,24.98185199965519
117,0.029491523999695346,29.491523999695346
118,0.02244154999971215,22.44154999971215
119,0.02212333099987518,22.12333099987518
120,0.025519069999973,25.519069999973
121,0.033932600999833085,33.932600999833085
122,0.023070165000262932,23.070165000262932
123,0.022570199000256252,22.570199000256252
124,0.025251612999909412,25.251612999909412
125,0.03399759700005234,33.99759700005234
126,0.022531041000092955,22.531041000092955
127,0.022298918000160484,22.298918000160484
128,0.03282781100006105,32.82781100006105
129,0.02230544300027759,22.30544300027759
130,0.022234621999814408,22.234621999814408
131,0.021884342999783257,21.884342999783257
132,0.02955075999989276,29.55075999989276
133,0.027338143999713793,27.338143999713793
134,0.022667121000267798,22.667121000267798
135,0.022212861999832967,22.212861999832967
136,0.0282950260002508,28.2950260002508
137,0.0286021530000653,28.6021530000653
138,0.023970226000074035,23.970226000074035
139,0.02497447599989755,24.97447599989755
140,0.043887266000183445,43.887266000183445
141,0.026147548999688297,26.147548999688297
142,0.02209161100017809,22.09161100017809
143,0.024050489999808633,24.050489999808633
144,0.034699785000157135,34.699785000157135
145,0.02461920999985523,24.61920999985523
146,0.025455727000007755,25.455727000007755
147,0.024059421999936603,24.059421999936603
148,0.04295309300005101,42.95309300005101
149,0.024201590999837208,24.201590999837208
150,0.02374631800012139,23.74631800012139
151,0.023708129999704397,23.708129999704397
152,0.03490896699986479,34.90896699986479
153,0.028318514000147843,28.318514000147843
154,0.0235336030000326,23.5336030000326
155,0.023633883000002243,23.633883000002243
156,0.032888832000026014,32.888832000026014
157,0.024854580999999598,24.854580999999598
158,0.02381005200004438,23.81005200004438
159,0.023069303999818658,23.069303999818658
160,0.027922473000216996,27.922473000216996
161,0.02700476300014998,27.00476300014998
162,0.023446784000043408,23.446784000043408
163,0.02340067099976295,23.40067099976295
164,0.03191198800004713,31.91198800004713
165,0.024224603000220668,24.224603000220668
166,0.0244343670001399,24.4343670001399
167,0.023615417000200978,23.615417000200978
168,0.027693237999756093,27.693237999756093
169,0.02395078499966985,23.95078499966985
170,0.02414456699989387,24.14456699989387
171,0.023989055000129156,23.989055000129156
172,0.02803368100012449,28.03368100012449
173,0.02674032499999157,26.74032499999157
174,0.024058813999999984,24.058813999999984
175,0.02379852000012761,23.79852000012761
176,0.02713825299997552,27.13825299997552
177,0.027530005000244273,27.530005000244273
178,0.02366784700006974,23.66784700006974
179,0.02311190499995064,23.11190499995064
180,0.03138721899995289,31.387218999952893
181,0.024907012000312534,24.907012000312534
182,0.024047522000273602,24.047522000273602
183,0.02396926999972493,23.96926999972493
184,0.029111501999977918,29.111501999977918
185,0.025121741000020847,25.121741000020847
186,0.024190116000227135,24.190116000227135
187,0.023719318000075873,23.719318000075873
188,0.028035041999828536,28.035041999828536
189,0.02392274100020586,23.92274100020586
190,0.02508069199984675,25.08069199984675
191,0.024306917000103567,24.306917000103567
192,0.02802549399984855,28.02549399984855
193,0.023607067999819265,23.607067999819265
194,0.02380802199968457,23.80802199968457
195,0.023188149999896268,23.188149999896268
196,0.0311616359999789,31.1616359999789
197,0.025787715999740612,25.787715999740612
198,0.024269017000278836,24.269017000278836
199,0.02368406400000822,23.68406400000822
200,0.028305256999828998,28.305256999829
201,0.024811575000057928,24.81157500005793
202,0.024356134999834467,24.356134999834467
203,0.023730875000183005,23.730875000183005
204,0.025240677000056166,25.240677000056166
205,0.032921040000019275,32.921040000019275
206,0.023747003999687877,23.747003999687877
207,0.023688079999828915,23.688079999828915
208,0.025853590000224358,25.853590000224358
209,0.032279382000069745,32.279382000069745
210,0.024388720000388275,24.388720000388275
211,0.024086655000246537,24.086655000246537
212,0.029336483999941265,29.336483999941265
213,0.02916809699991063,29.16809699991063
214,0.024468921999869053,24.468921999869053
215,0.023503843000071356,23.503843000071356
216,0.030941246000111278,30.941246000111278
217,0.02907459400012158,29.07459400012158
218,0.025159287999940716,25.159287999940716
219,0.02408548899984453,24.08548899984453
220,0.027619990999937727,27.619990999937727
221,0.024990398999761965,24.990398999761965
222,0.023545386000023427,23.545386000023427
223,0.023362120000001596,23.362120000001596
224,0.03410012000040297,34.10012000040297
225,0.024293192999721214,24.293192999721214
226,0.024384477000239713,24.384477000239713
227,0.02403716999970129,24.03716999970129
228,0.14739563800003452,147.39563800003452
229,0.04653961900021386,46.53961900021386
230,0.02332270199985942,23.32270199985942
231,0.023818884999855072,23.818884999855072
232,0.03013248300021587,30.13248300021587
233,0.028554816999985633,28.554816999985633
234,0.02388000499968257,23.88000499968257
235,0.024227160999998887,24.227160999998887
236,0.032320970999990095,32.320970999990095
237,0.028845488999650115,28.845488999650115
238,0.024476594999669032,24.476594999669032
239,0.02409981400023753,24.09981400023753
240,0.02839175899998736,28.39175899998736
241,0.02439920400001938,24.39920400001938
242,0.024614534999727766,24.614534999727766
243,0.023736925999855885,23.736925999855885
244,0.028480652999860467,28.480652999860467
245,0.023542475999875023,23.542475999875023
246,0.02345228700005464,23.45228700005464
247,0.028349098000035156,28.349098000035156
248,0.026766577999751462,26.766577999751462
249,0.03150441799971304,31.50441799971304
250,0.024289309999858233,24.289309999858233
251,0.023759914000038407,23.759914000038407
252,0.029241112999898178,29.241112999898178
253,0.029037596999842208,29.037596999842208
254,0.02414874099986264,24.14874099986264
255,0.02364930200019444,23.64930200019444
256,0.02977085700013049,29.77085700013049
257,0.028127644000051077,28.127644000051077
258,0.023642413000288798,23.642413000288798
259,0.023427176000041072,23.427176000041072
260,0.030940876999920874,30.940876999920874
261,0.028965354000320076,28.965354000320076
262,0.02458193200027381,24.58193200027381
263,0.02381753200006642,23.81753200006642
264,0.026689304999763408,26.689304999763408
265,0.03197317100011787,31.973171000117873
266,0.024435877000087203,24.435877000087203
267,0.02743162599972493,27.43162599972493
268,0.04585360200007926,45.85360200007926
269,0.02479046799999196,24.79046799999196
270,0.023987541999758832,23.987541999758832
271,0.0239300150001327,23.9300150001327
272,0.032905304999985674,32.905304999985674
273,0.02529356699960772,25.29356699960772
274,0.024063841000042885,24.063841000042885
275,0.025602747999982967,25.602747999982967
276,0.04005917299991779,40.05917299991779
277,0.03230073600025207,32.30073600025207
278,0.025863387000299554,25.863387000299554
279,0.024619839000024513,24.619839000024513
280,0.027137195999785035,27.137195999785035
281,0.029357223000261,29.357223000261
282,0.024672115000157646,24.672115000157646
283,0.023920275999898877,23.920275999898877
284,0.029103906000273128,29.103906000273128
285,0.02918263899982776,29.18263899982776
286,0.023452064000139217,23.452064000139217
287,0.023454470000160654,23.454470000160654
288,0.029729735999808327,29.729735999808327
289,0.028208226999595354,28.208226999595354
290,0.023776780999924085,23.776780999924085
291,0.023736015000395128,23.736015000395128
292,0.030702836999807914,30.702836999807914
293,0.028159811000023183,28.159811000023183
294,0.024539475999972638,24.539475999972638
295,0.023943820000113192,23.943820000113192
296,0.02808993099961299,28.08993099961299
297,0.024191619999783143,24.191619999783143
298,0.024379926000165142,24.379926000165142
299,0.02340015299978404,23.40015299978404
300,0.035318069999902946,35.318069999902946
301,0.02483004100031394,24.83004100031394
302,0.02437056799999482,24.37056799999482
303,0.023902469999939058,23.902469999939058
304,0.026111023999874305,26.111023999874305
305,0.034336068000357045,34.336068000357045
306,0.025706878999699256,25.706878999699256
307,0.02672708500040244,26.72708500040244
308,0.03713352699969619,37.13352699969619
309,0.024293194999700063,24.293194999700063
310,0.024045561999628262,24.045561999628262
311,0.02396186400028455,23.96186400028455
312,0.029549166999913723,29.549166999913723
313,0.029234636000182945,29.234636000182945
314,0.024326087999725132,24.326087999725132
315,0.02373693799972898,23.73693799972898
316,0.02906885099991996,29.06885099991996
317,0.02846661800003858,28.46661800003858
318,0.024057286999777716,24.057286999777716
319,0.02366378299984717,23.66378299984717
320,0.030751880000025267,30.751880000025267
321,0.02904412699990644,29.04412699990644
322,0.024054362999777368,24.054362999777368
323,0.023685227999976632,23.685227999976632
324,0.034111819000372634,34.111819000372634
325,0.024217485999997734,24.217485999997734
326,0.024675402999946527,24.675402999946527
327,0.023819907999950374,23.819907999950374
328,0.026902183999936824,26.902183999936824
329,0.032842429999618616,32.842429999618616
330,0.024242115000106423,24.242115000106423
331,0.023842418000185717,23.842418000185717
332,0.03097402699995655,30.97402699995655
333,0.02833357600002273,28.33357600002273
334,0.024231277000126283,24.231277000126283
335,0.023105293000298843,23.105293000298843
336,0.029785570999592892,29.785570999592892
337,0.028185663999920507,28.185663999920507
338,0.02408016299978044,24.08016299978044
339,0.02417502800017246,24.17502800017246
340,0.03163946599988776,31.63946599988776
341,0.024105639000026713,24.105639000026713
342,0.024352698000257078,24.352698000257078
343,0.023806551999769,23.806551999769
344,0.027922003000185214,27.922003000185214
345,0.023999264999929437,23.999264999929437
346,0.024036557999806973,24.036557999806973
347,0.024019279000185634,24.019279000185634
348,0.029177002000324137,29.177002000324137
349,0.02441675399995802,24.41675399995802
350,0.02415134200009561,24.15134200009561
351,0.024017606000143132,24.017606000143132
352,0.028122815000187984,28.122815000187984
353,0.024423827000191523,24.423827000191523
354,0.02355535000015152,23.55535000015152
355,0.02328599300017231,23.28599300017231
356,0.03454325199982122,34.54325199982122
357,0.023950693999722716,23.950693999722716
358,0.024241358999915974,24.241358999915974
359,0.023347775999809528,23.347775999809528
360,0.026872254999943834,26.872254999943834
361,0.03155973399998402,31.55973399998402
362,0.02452021599992804,24.52021599992804
363,0.023703135999767255,23.703135999767255
364,0.029402077000213467,29.402077000213467
365,0.029129250000096363,29.129250000096363
366,0.023969917000158603,23.969917000158603
367,0.02429876999985936,24.29876999985936
368,0.03248076799991395,32.48076799991395
369,0.025919766999777494,25.919766999777494
370,0.023652966000099696,23.652966000099696
371,0.023167252999883203,23.167252999883203
372,0.028415523000148823,28.415523000148823
373,0.025339174999771785,25.339174999771785
374,0.024400033999881998,24.400033999881998
375,0.024307834999945044,24.307834999945044
376,0.029452589999891643,29.452589999891643
377,0.023921063999750913,23.921063999750913
378,0.024420784000085405,24.420784000085405
379,0.023545351999928243,23.545351999928243
380,0.02861264100010885,28.61264100010885
381,0.023725622999791085,23.725622999791085
382,0.023643349000394664,23.643349000394664
383,0.023966878999999608,23.966878999999608
384,0.03328639400024258,33.28639400024258
385,0.02465832500001852,24.65832500001852
386,0.02449371800003064,24.49371800003064
387,0.023712716000318323,23.712716000318323
388,0.026927874000193697,26.927874000193697
389,0.035293733999878896,35.293733999878896
390,0.025944890000118903,25.944890000118903
391,0.02511372199978723,25.11372199978723
392,0.04024617999994007,40.24617999994007
393,0.02438339799982714,24.38339799982714
394,0.024686901999757538,24.686901999757538
395,0.02373155199984467,23.73155199984467
396,0.02967595900008746,29.67595900008746
397,0.0290849830003026,29.0849830003026
398,0.024708381999971607,24.708381999971607
399,0.024105463000068994,24.105463000068994
400,0.04335741999966558,43.35741999966558
401,0.02475933300001998,24.75933300001998
402,0.02345595500037234,23.45595500037234
403,0.023063506999733363,23.063506999733363
404,0.03402608499982307,34.02608499982307
405,0.02961611700038702,29.61611700038702
406,0.02447726500031422,24.47726500031422
407,0.024005955000120593,24.005955000120593
408,0.03885043799982668,38.85043799982668
409,0.02478343200027666,24.78343200027666
410,0.023626269000033062,23.626269000033062
411,0.02318812799967418,23.18812799967418
412,0.02928564300009384,29.28564300009384
413,0.028685886999937793,28.685886999937793
414,0.02411936099997547,24.11936099997547
415,0.023503228000208765,23.503228000208765
416,0.029103893999945285,29.103893999945285
417,0.029215514000043186,29.215514000043186
418,0.02430156199989142,24.30156199989142
419,0.024021101000016643,24.021101000016643
420,0.03234732000009899,32.34732000009899
421,0.024142289999872446,24.142289999872446
422,0.024187229000290245,24.187229000290245
423,0.02467733200001021,24.67733200001021
424,0.0280072100003963,28.0072100003963
425,0.030835953999940102,30.835953999940102
426,0.024505040000349254,24.505040000349254
427,0.023565021000194974,23.565021000194974
428,0.02882709599998634,28.82709599998634
429,0.028814141000111704,28.814141000111704
430,0.02363428799981193,23.63428799981193
431,0.024917582999933074,24.917582999933074
432,0.0462240270003349,46.2240270003349
433,0.025463250000029802,25.463250000029802
434,0.02411844000016572,24.11844000016572
435,0.024272922999898583,24.272922999898583
436,0.030495419999624573,30.495419999624573
437,0.028946886999619892,28.946886999619892
438,0.0237943750003069,23.7943750003069
439,0.02555159800022011,25.55159800022011
440,0.02724696599989329,27.24696599989329
441,0.027893929000128992,27.893929000128992
442,0.02383912599998439,23.83912599998439
443,0.023192813000150636,23.192813000150636
444,0.03158759999996619,31.587599999966187
445,0.024145551999936288,24.145551999936288
446,0.02462603100002525,24.62603100002525
447,0.024087114999929327,24.087114999929327
448,0.027897392999875592,27.897392999875592
449,0.02411730699986947,24.11730699986947
450,0.024800680999760516,24.800680999760516
451,0.023771980000219628,23.771980000219628
452,0.027319351000187453,27.319351000187453
453,0.026663284999813186,26.663284999813186
454,0.023927617000026657,23.927617000026657
455,0.023571023999920726,23.571023999920726
456,0.033582522999950015,33.582522999950015
457,0.024248692000128358,24.248692000128358
458,0.02437308500020663,24.37308500020663
459,0.023894033000033232,23.894033000033232
460,0.02856836699993437,28.56836699993437
461,0.024342025999885664,24.342025999885664
462,0.024257764000140014,24.257764000140014
463,0.023196529999950144,23.196529999950144
464,0.0273983170000065,27.3983170000065
465,0.024878560999695765,24.878560999695765
466,0.02577442899973903,25.77442899973903
467,0.02666607599985582,26.66607599985582
468,0.048086589999911666,48.086589999911666
469,0.03368778100002601,33.68778100002601
470,0.025536305999594333,25.536305999594333
471,0.03074670900014098,30.74670900014098
472,0.04554667299998982,45.54667299998982
473,0.024155531999895175,24.155531999895175
474,0.028011110000079498,28.011110000079498
475,0.02628128700007437,26.28128700007437
476,0.04345820700018521,43.45820700018521
477,0.026544816000296123,26.544816000296123
478,0.023977947999810567,23.977947999810567
479,0.023012429000118573,23.012429000118573
480,0.029353363999689464,29.353363999689464
481,0.02833825200013962,28.33825200013962
482,0.023460558999886416,23.460558999886416
483,0.023039256000174646,23.039256000174646
484,0.0301270739996653,30.1270739996653
485,0.028668852999999217,28.668852999999217
486,0.024127005000082136,24.127005000082136
487,0.024127329999828362,24.127329999828362
488,0.024745238999912544,24.745238999912544
489,0.03615349399979095,36.15349399979095
490,0.024528878999717563,24.528878999717563
491,0.02358187999971051,23.58187999971051
492,0.026139288000194938,26.139288000194938
493,0.030943818000196188,30.943818000196188
494,0.024027604999901087,24.027604999901087
495,0.024165914000150224,24.165914000150224
496,0.02927337599976454,29.27337599976454
497,0.029276430999743752,29.276430999743752
498,0.024932427999829088,24.932427999829088
499,0.023394126999846776,23.394126999846776
500,0.0299246980002863,29.9246980002863
501,0.027938595000250643,27.938595000250643
502,0.02376610500004972,23.76610500004972
503,0.023684957000114082,23.684957000114082
504,0.030535094999777357,30.535094999777357
505,0.027995647999887296,27.995647999887296
506,0.02399732900039453,23.99732900039453
507,0.023711743999683677,23.711743999683677
508,0.033819232000041666,33.819232000041666
509,0.024109474000397313,24.109474000397313
510,0.024278480000248237,24.278480000248237
511,0.023701107000306365,23.701107000306365
512,0.027059239000209345,27.059239000209345
513,0.030974637999861443,30.974637999861443
514,0.02353625199975795,23.53625199975795
515,0.025024888000189094,25.024888000189094
516,0.029019362999861187,29.019362999861187
517,0.02861020999989705,28.61020999989705
518,0.023902188999727514,23.902188999727514
519,0.02326175600001079,23.26175600001079
520,0.02889458600020589,28.89458600020589
521,0.028938350999851536,28.938350999851536
522,0.024109524999857967,24.109524999857967
523,0.024011869999867486,24.011869999867486
524,0.030011266999736108,30.011266999736108
525,0.02866374800032645,28.66374800032645
526,0.024090142999739328,24.090142999739328
527,0.023374137000246265,23.374137000246265
528,0.031692943000052765,31.692943000052765
529,0.023603803999776574,23.603803999776574
530,0.0235146749996602,23.5146749996602
531,0.023096373000043968,23.096373000043968
532,0.03158921600015674,31.58921600015674
533,0.024104425000132323,24.104425000132323
534,0.024019814999974187,24.019814999974187
535,0.02401652099979401,24.01652099979401
536,0.027773964000061824,27.773964000061824
537,0.026923938999971142,26.923938999971142
538,0.024047842000072706,24.047842000072706
539,0.023680882999997266,23.680882999997266
540,0.02716900199993688,27.16900199993688
541,0.027600842000083503,27.600842000083503
542,0.02340554299962605,23.40554299962605
543,0.0230765600003906,23.0765600003906
544,0.031246804000147677,31.246804000147677
545,0.025602810000236786,25.602810000236786
546,0.02407327599985365,24.07327599985365
547,0.023946041999806766,23.946041999806766
548,0.03551120900010574,35.51120900010574
549,0.02453587099989818,24.53587099989818
550,0.023969241000031616,23.969241000031616
551,0.023591268000018317,23.591268000018317
552,0.02935244199989029,29.35244199989029
553,0.030385646000013367,30.385646000013367
554,0.02559483699997145,25.59483699997145
555,0.02629460099979042,26.29460099979042
556,0.03189062899991768,31.89062899991768
557,0.024173119999886694,24.173119999886694
558,0.02425486299989643,24.25486299989643
559,0.023327497000082076,23.327497000082076
560,0.02721591899990017,27.21591899990017
561,0.02754650600036257,27.54650600036257
562,0.02373155199984467,23.73155199984467
563,0.023180078999757825,23.180078999757825
564,0.031292279999888706,31.292279999888706
565,0.025681616999918333,25.681616999918333
566,0.02439320299981773,24.39320299981773
567,0.023715679999895656,23.715679999895656
568,0.029043888000160223,29.043888000160223
569,0.02395455599980778,23.95455599980778
570,0.024315850000220962,24.315850000220962
571,0.02360518699970271,23.60518699970271
572,0.028062634999969305,28.062634999969305
573,0.02359045100001822,23.59045100001822
574,0.023870533000263094,23.870533000263094
575,0.02323495800010278,23.23495800010278
576,0.032033086999945226,32.033086999945226
577,0.023955329999807873,23.955329999807873
578,0.024037222000060865,24.037222000060865
579,0.023746191000100225,23.746191000100225
580,0.0279094319998876,27.9094319998876
581,0.02451658200016027,24.51658200016027
582,0.024209765000250627,24.209765000250627
583,0.02391439899975012,23.91439899975012
584,0.02792267199993148,27.92267199993148
585,0.02488350800012995,24.88350800012995
586,0.023765196000113065,23.765196000113065
587,0.02302765600006751,23.02765600006751
588,0.030175089000294975,30.175089000294975
589,0.0276382229999399,27.6382229999399
590,0.025583025999821984,25.583025999821984
591,0.02379331199972512,23.79331199972512
592,0.027668368000377086,27.668368000377086
593,0.024153296999884333,24.153296999884333
594,0.024284112000259483,24.284112000259483
595,0.02339916600021752,23.39916600021752
596,0.03420995499982382,34.20995499982382
597,0.029348541999752342,29.348541999752342
598,0.02506561700010934,25.06561700010934
599,0.02444074200002433,24.44074200002433
600,0.030473881000034453,30.473881000034453
601,0.02878831500038359,28.78831500038359
602,0.023471221999898262,23.471221999898262
603,0.023274184000001696,23.274184000001696
604,0.031088180000097054,31.088180000097054
605,0.025618820000090636,25.618820000090636
606,0.02428703800023868,24.28703800023868
607,0.025681671000256756,25.681671000256756
608,0.04056961700007378,40.56961700007378
609,0.03359510700011015,33.59510700011015
610,0.02425470000025598,24.25470000025598
611,0.02373479400012002,23.73479400012002
612,0.033161679999921034,33.161679999921034
613,0.029683326000395027,29.683326000395027
614,0.024223638999956165,24.223638999956165
615,0.023989241999970545,23.989241999970545
616,0.03246875500008173,32.46875500008173
617,0.0244331220001186,24.4331220001186
618,0.024308820999976888,24.308820999976888
619,0.023929925999709667,23.929925999709667
620,0.02794365799991283,27.94365799991283
621,0.023862817000008363,23.862817000008363
622,0.023724628999843844,23.724628999843844
623,0.023117811999782134,23.117811999782134
624,0.03203975599990372,32.03975599990372
625,0.024354069999844796,24.354069999844796
626,0.024482707000061055,24.482707000061055
627,0.02370646300005319,23.70646300005319
628,0.024881288999949902,24.881288999949902
629,0.1436116640002183,143.6116640002183
630,0.04333074099986334,43.33074099986334
631,0.023792827000306715,23.792827000306715
632,0.030460517999927106,30.460517999927106
633,0.028575539000030403,28.575539000030403
634,0.02373769399991943,23.73769399991943
635,0.023596620000262192,23.59662000026219
636,0.030144095000196103,30.144095000196103
637,0.027970730000106414,27.970730000106414
638,0.02352593799969327,23.52593799969327
639,0.023520078999808902,23.520078999808902
640,0.03007537699977547,30.07537699977547
641,0.028680430000349588,28.68043000034959
642,0.024484028999722796,24.484028999722796
643,0.023726517999875796,23.726517999875796
644,0.027733708000141633,27.733708000141633
645,0.027955673999713326,27.955673999713326
646,0.023686527999871032,23.686527999871032
647,0.023215269000047556,23.215269000047556
648,0.03152305100002195,31.52305100002195
649,0.02428268299991032,24.28268299991032
650,0.024291958000048908,24.291958000048908
651,0.023722047999854112,23.722047999854112
652,0.02921385800027565,29.21385800027565
653,0.02438167499985866,24.38167499985866
654,0.024596514999757346,24.596514999757346
655,0.024042379000093206,24.042379000093206
656,0.02655788099991696,26.55788099991696
657,0.03397591000020839,33.97591000020839
658,0.02402246399969954,24.02246399969954
659,0.02331605200015474,23.31605200015474
660,0.02838631299982808,28.38631299982808
661,0.029303269000138243,29.303269000138243
662,0.025203830000009475,25.203830000009475
663,0.023432555999988836,23.432555999988836
664,0.03006659899983788,30.06659899983788
665,0.028684724000413553,28.684724000413553
666,0.02413388400009353,24.13388400009353
667,0.023921333000089362,23.921333000089362
668,0.030656070000077307,30.656070000077307
669,0.027558541999951558,27.558541999951558
670,0.023696353000104864,23.696353000104864
671,0.023192928000298707,23.192928000298707
672,0.03127043899985438,31.270438999854377
673,0.023610439999629307,23.610439999629307
674,0.02334283600021081,23.34283600021081
675,0.024148307000359637,24.148307000359637
676,0.028873859999748674,28.873859999748674
677,0.024120036000113032,24.120036000113032
678,0.02489996299982522,24.89996299982522
679,0.023767849000250862,23.767849000250862
680,0.02830370999981824,28.30370999981824
681,0.023838917999910336,23.838917999910336
682,0.023713719999705063,23.713719999705063
683,0.02318858899980114,23.18858899980114
684,0.03058149800017418,30.58149800017418
685,0.02521173299965085,25.21173299965085
686,0.023524990000169055,23.524990000169055
687,0.023258960000021034,23.258960000021034
688,0.03166109499989034,31.661094999890338
689,0.024220082000283583,24.220082000283583
690,0.024180355000225973,24.180355000225973
691,0.023665382000217505,23.665382000217505
692,0.025604229000236955,25.604229000236955
693,0.035128397999869776,35.128397999869776
694,0.024214601000039693,24.214601000039693
695,0.025402428000234067,25.402428000234067
696,0.030018126999948436,30.018126999948436
697,0.02807844400012982,28.07844400012982
698,0.02387381300013658,23.87381300013658
699,0.023178506000022026,23.178506000022026
700,0.029800629000419576,29.800629000419576
701,0.028957104999790317,28.957104999790317
702,0.024510166999789362,24.510166999789362
703,0.0242848910002067,24.2848910002067
704,0.03172366599983434,31.72366599983434
705,0.024097180999888224,24.097180999888224
706,0.023982837999938056,23.982837999938056
707,0.023450532000424573,23.450532000424573
708,0.03426894699987315,34.26894699987315
709,0.02425078400028724,24.25078400028724
710,0.024373991999709688,24.373991999709688
711,0.02364509500011991,23.64509500011991
712,0.02545071899976392,25.45071899976392
713,0.030908332000308292,30.90833200030829
714,0.02375829899983728,23.75829899983728
715,0.02313594799989005,23.13594799989005
716,0.025875809999888588,25.875809999888588
717,0.03571983399979217,35.71983399979217
718,0.026047535999623506,26.047535999623506
719,0.02473009799996362,24.73009799996362
720,0.03225105000001349,32.25105000001349
721,0.024142423000284907,24.142423000284907
722,0.024759058999734407,24.759058999734407
723,0.023672249000355805,23.672249000355805
724,0.02634561000013491,26.34561000013491
725,0.03048337000018364,30.48337000018364
726,0.0243886759999441,24.3886759999441
727,0.02889000599998326,28.89000599998326
728,0.03151355699992564,31.51355699992564
729,0.027820794000035676,27.820794000035676
730,0.02439806599977601,24.39806599977601
731,0.02390708300026745,23.90708300026745
732,0.027406552000229567,27.406552000229567
733,0.026455383999746118,26.455383999746118
734,0.02408514799981276,24.08514799981276
735,0.02358862000028239,23.58862000028239
736,0.032618188000014925,32.618188000014925
737,0.024254289000054996,24.254289000054996
738,0.02402507400029208,24.02507400029208
739,0.024078274000203237,24.078274000203237
740,0.027894080999885773,27.894080999885773
741,0.024020235000079992,24.020235000079992
742,0.024431010999705904,24.431010999705904
743,0.023356878000413417,23.356878000413417
744,0.028306447999966622,28.306447999966622
745,0.025220929000170145,25.220929000170145
746,0.023792402000253787,23.792402000253787
747,0.023382716000014625,23.382716000014625
748,0.0330042170003253,33.0042170003253
749,0.024390402999870275,24.390402999870275
750,0.02436537900030089,24.36537900030089
751,0.02371195900013845,23.71195900013845
752,0.02580563899982735,25.80563899982735
753,0.03853967199984254,38.53967199984254
754,0.02375023800004783,23.75023800004783
755,0.023519332999967446,23.519332999967446
756,0.03360461300007955,33.60461300007955
757,0.025516314000014972,25.516314000014972
758,0.024200575000122626,24.200575000122626
759,0.02653208900028403,26.53208900028403
760,0.03865867300009995,38.65867300009995
761,0.027346113000021433,27.346113000021433
762,0.02456534999964788,24.56534999964788
763,0.024079041000277357,24.079041000277357
764,0.0423408740002742,42.3408740002742
765,0.0248297619996265,24.8297619996265
766,0.023687186999723053,23.687186999723053
767,0.023304114999973535,23.304114999973535
768,0.031441954000001715,31.441954000001715
769,0.025063571000373486,25.063571000373486
770,0.023779232999913802,23.779232999913802
771,0.023531507999905443,23.531507999905443
772,0.027889242000128434,27.889242000128434
773,0.028344332999949984,28.344332999949984
774,0.02420551199975307,24.20551199975307
775,0.024006190999898536,24.006190999898536
776,0.0278908870000123,27.8908870000123
777,0.02683242800003427,26.83242800003427
778,0.025060449999728007,25.060449999728007
779,0.02327589100013938,23.27589100013938
780,0.028783793000002333,28.783793000002333
781,0.024203257999943162,24.203257999943162
782,0.0239996179998343,23.9996179998343
783,0.024090837000130705,24.090837000130705
784,0.028094723999856797,28.094723999856797
785,0.023401540000122623,23.401540000122623
786,0.023579630999847723,23.579630999847723
787,0.02352139200002057,23.52139200002057
788,0.03334564299984777,33.34564299984777
789,0.02446847000010166,24.46847000010166
790,0.02426530200000343,24.26530200000343
791,0.024208308999732253,24.208308999732253
792,0.03536585300025763,35.36585300025763
793,0.038432601999829785,38.432601999829785
794,0.027879979999852367,27.879979999852367
795,0.025555205999808095,25.555205999808095
796,0.04506505399967864,45.06505399967864
797,0.024698476000139635,24.698476000139635
798,0.023960171999988233,23.960171999988233
799,0.02428344299960372,24.28344299960372
800,0.045277565000105824,45.277565000105824
801,0.02625244199998633,26.25244199998633
802,0.026788941000177147,26.788941000177147
803,0.024494786999639473,24.494786999639473
804,0.03959459599991533,39.59459599991533
805,0.024088187999950605,24.088187999950605
806,0.023373211000034644,23.373211000034644
807,0.02313982700025008,23.13982700025008
808,0.033848469000076875,33.848469000076875
809,0.02537134500016691,25.37134500016691
810,0.02455364900015411,24.55364900015411
811,0.023384689000067738,23.384689000067738
812,0.03393327899993892,33.93327899993892
813,0.02930325899978925,29.30325899978925
814,0.02448751399970206,24.48751399970206
815,0.024260893000246142,24.260893000246142
816,0.03897454800016931,38.97454800016931
817,0.024797829999897658,24.797829999897658
818,0.02360239300014655,23.60239300014655
819,0.023377779999918857,23.377779999918857
820,0.029871715999888693,29.871715999888693
821,0.028818621000027633,28.818621000027633
822,0.028549593000207096,28.549593000207096
823,0.023220973000206868,23.220973000206868
824,0.0333913859999484,33.3913859999484
825,0.024191961000269657,24.191961000269657
826,0.024744039999859524,24.744039999859524
827,0.023945014999753766,23.945014999753766
828,0.029676111999833665,29.676111999833665
829,0.023432408000189753,23.432408000189753
830,0.023507722999966063,23.507722999966063
831,0.023161813000115217,23.161813000115217
832,0.027580925000165735,27.580925000165735
833,0.027625262000128714,27.625262000128714
834,0.024156910000328935,24.156910000328935
835,0.02331345099992177,23.31345099992177
836,0.028058406000127434,28.058406000127434
837,0.027383650000047055,27.383650000047055
838,0.023805402999641956,23.805402999641956
839,0.02357822700014367,23.57822700014367
840,0.034889579999799025,34.889579999799025
841,0.024470007999752852,24.470007999752852
842,0.02440314200021021,24.40314200021021
843,0.024712073999580753,24.712073999580753
844,0.03143060799993691,31.43060799993691
845,0.02926012600028116,29.26012600028116
846,0.02475308099974427,24.75308099974427
847,0.02372421400013991,23.72421400013991
848,0.03440245900037553,34.40245900037553
849,0.026082084999870858,26.082084999870858
850,0.02384919499991156,23.84919499991156
851,0.023317400999985693,23.317400999985693
852,0.03762649800000872,37.62649800000872
853,0.024974121000013838,24.974121000013838
854,0.024007459999666025,24.007459999666025
855,0.028394417999606958,28.394417999606958
856,0.03494481600000654,34.94481600000654
857,0.0241824119998455,24.1824119998455
858,0.02404508800009353,24.04508800009353
859,0.024246287000096345,24.246287000096345
860,0.02847589200018774,28.47589200018774
861,0.023347001999809436,23.347001999809436
862,0.02386976699972365,23.86976699972365
863,0.023294029999760824,23.294029999760824
864,0.03193879399987054,31.93879399987054
865,0.024185647000194876,24.185647000194876
866,0.024389790999975958,24.389790999975958
867,0.023713704999863694,23.713704999863694
868,0.027636982999865722,27.636982999865722
869,0.026378255000054196,26.378255000054196
870,0.02484181299996635,24.84181299996635
871,0.023310492999826238,23.310492999826238
872,0.03367595800000345,33.67595800000345
873,0.024239872000180185,24.239872000180185
874,0.02366153100001611,23.66153100001611
875,0.02306854000016756,23.06854000016756
876,0.02751454500003092,27.51454500003092
877,0.023293888999887713,23.293888999887713
878,0.02354959800004508,23.54959800004508
879,0.02381326699969577,23.81326699969577
880,0.02705087899994396,27.05087899994396
881,0.037789396999869496,37.789396999869496
882,0.026760825000110344,26.760825000110344
883,0.024121181999817054,24.121181999817054
884,0.03148491299998568,31.48491299998568
885,0.0284015699999145,28.4015699999145
886,0.02460758100005478,24.60758100005478
887,0.02557684099974722,25.57684099974722
888,0.02762483600008636,27.62483600008636
889,0.024280429000100412,24.280429000100412
890,0.024391682999976183,24.391682999976183
891,0.02380127500009621,23.80127500009621
892,0.027331583999966824,27.331583999966824
893,0.026507324000249355,26.507324000249355
894,0.023499895999975706,23.499895999975706
895,0.02326673600009599,23.26673600009599
896,0.03164626900024814,31.64626900024814
897,0.024038747000304284,24.038747000304284
898,0.02436037999996188,24.36037999996188
899,0.02422955699967133,24.22955699967133
900,0.027704439999979513,27.704439999979513
901,0.024417927999820677,24.417927999820677
902,0.02450477399997908,24.50477399997908
903,0.024025562000133505,24.025562000133505
904,0.027869028000168328,27.869028000168328
905,0.023247941000136052,23.247941000136052
906,0.023898970000118425,23.898970000118425
907,0.02324063100013518,23.24063100013518
908,0.031348565999905986,31.348565999905986
909,0.024044125000273198,24.044125000273198
910,0.025435803999698692,25.43580399969869
911,0.023974989000180358,23.974989000180358
912,0.029086200000165263,29.086200000165263
913,0.024008389000300667,24.008389000300667
914,0.024606978000065283,24.606978000065283
915,0.02381676699997115,23.81676699997115
916,0.02820770200014522,28.20770200014522
917,0.02576883599977009,25.76883599977009
918,0.024200531000133196,24.200531000133196
919,0.023432219000369514,23.432219000369514
920,0.02802673899986985,28.02673899986985
921,0.02381389299989678,23.81389299989678
922,0.02346325500002422,23.46325500002422
923,0.023390569999719446,23.390569999719446
924,0.043937100999755785,43.937100999755785
925,0.024231677999978274,24.231677999978274
926,0.024076850999790622,24.076850999790622
927,0.024110718999963865,24.110718999963865
928,0.02868460799982131,28.68460799982131
929,0.024255636999896524,24.255636999896524
930,0.024613553000108368,24.613553000108368
931,0.023847326000122848,23.847326000122848
932,0.027200831999834918,27.200831999834918
933,0.02336785299985422,23.36785299985422
934,0.024802518999877066,24.802518999877066
935,0.024970963999749074,24.970963999749074
936,0.045260615999723086,45.260615999723086
937,0.02528851500028395,25.28851500028395
938,0.024317950999829918,24.317950999829918
939,0.024007865999919886,24.007865999919886
940,0.0401189730000624,40.1189730000624
941,0.025177057999826502,25.177057999826502
942,0.023939500999858865,23.939500999858865
943,0.023786366999956954,23.786366999956954
944,0.03219489100001738,32.19489100001738
945,0.028510888000255363,28.510888000255363
946,0.02377621599998747,23.77621599998747
947,0.02359665899984975,23.59665899984975
948,0.03929107699968881,39.29107699968881
949,0.024592452999968373,24.592452999968373
950,0.023669120000249677,23.669120000249677
951,0.023101905999737937,23.101905999737937
952,0.03441989200018725,34.41989200018725
953,0.02992892700012817,29.92892700012817
954,0.02411447699978453,24.11447699978453
955,0.023208732000057353,23.208732000057353
956,0.03868676199999754,38.68676199999754
957,0.025427339999623655,25.427339999623655
958,0.02511967000009463,25.11967000009463
959,0.023784012999840343,23.784012999840343
960,0.03323537000005672,33.23537000005672
961,0.02938679899989438,29.38679899989438
962,0.0235245090002536,23.5245090002536
963,0.02306057600026179,23.06057600026179
964,0.03481695100026627,34.81695100026627
965,0.024263975999929244,24.263975999929244
966,0.024205279999932827,24.205279999932827
967,0.023185748999821953,23.185748999821953
968,0.04174800500004494,41.74800500004494
969,0.025401556999895547,25.401556999895547
970,0.02397025800019037,23.97025800019037
971,0.023952242999712325,23.952242999712325
972,0.03347464199987371,33.47464199987371
973,0.025101581999933842,25.101581999933842
974,0.023457705000055284,23.457705000055284
975,0.023654540999814344,23.654540999814344
976,0.03894781500002864,38.94781500002864
977,0.02439312999968024,24.39312999968024
978,0.023661841999910393,23.661841999910393
979,0.02379757900007462,23.79757900007462
980,0.0344616379998115,34.4616379998115
981,0.029286390999914147,29.286390999914147
982,0.024667081000188773,24.667081000188773
983,0.024086284000077285,24.086284000077285
984,0.035284743000374874,35.284743000374874
985,0.024871097999948688,24.871097999948688
986,0.023769770999933826,23.769770999933826
987,0.023487452999688685,23.487452999688685
988,0.028114542000366782,28.114542000366782
989,0.03102958600038619,31.02958600038619
990,0.02451527499988515,24.51527499988515
991,0.023253040999861696,23.253040999861696
992,0.02923501600025702,29.23501600025702
993,0.02787392899972474,27.87392899972474
994,0.023552512000151182,23.552512000151182
995,0.023231527999996615,23.231527999996615
996,0.02885177999996813,28.85177999996813
997,0.02795995100041182,27.95995100041182
998,0.02431767600000967,24.31767600000967
999,0.023822574999940116,23.822574999940116
1000,0.03048274399998263,30.48274399998263
1001,0.028512943999885465,28.512943999885465
1002,0.024103412999920693,24.103412999920693
1003,0.024001968999982637,24.001968999982637
1004,0.03428117100020245,34.28117100020245
1005,0.024127338000198506,24.127338000198506
1006,0.02419822000001659,24.19822000001659
1007,0.023982950000117853,23.982950000117853
1008,0.02498732599997311,24.98732599997311
1009,0.03278748499997164,32.78748499997164
1010,0.023975405999863142,23.975405999863142
1011,0.023302735000015673,23.302735000015673
1012,0.02849901699983093,28.49901699983093
1013,0.029192329999659705,29.192329999659705
1014,0.02426154599970687,24.26154599970687
1015,0.023744843999793375,23.744843999793375
1016,0.031305712000175845,31.305712000175845
1017,0.029062599000099,29.062599000099
1018,0.024024090000239084,24.024090000239084
1019,0.023731376999876375,23.731376999876375
1020,0.03160537299982025,31.605372999820247
1021,0.024144457000147668,24.144457000147668
1022,0.024530392000087886,24.530392000087886
1023,0.023993650999727834,23.993650999727834
1024,0.027166922000105842,27.166922000105842
1025,0.02368060000026162,23.68060000026162
1026,0.02355774099987684,23.55774099987684
1027,0.023523646999819903,23.523646999819903
1028,0.02714962199979709,27.14962199979709
1029,0.032580654999947,32.580654999947
1030,0.02690016899987313,26.90016899987313
1031,0.024382677000176045,24.382677000176045
1032,0.0296668400001181,29.6668400001181
1033,0.029172216999995726,29.172216999995726
1034,0.023678689999997005,23.678689999997005
1035,0.0231485999997858,23.1485999997858
1036,0.030289135999737482,30.289135999737482
1037,0.02795304000028409,27.95304000028409
1038,0.023992584999632527,23.992584999632527
1039,0.023414213999785716,23.414213999785716
1040,0.032187318000069354,32.187318000069354
1041,0.023446074000275985,23.446074000275985
1042,0.024916153000049235,24.916153000049235
1043,0.024056957000084367,24.056957000084367
1044,0.030648695999843767,30.648695999843767
1045,0.03179780699974799,31.79780699974799
1046,0.027009601999907318,27.009601999907318
1047,0.024372640999899886,24.372640999899886
1048,0.033471474000180024,33.471474000180024
1049,0.023766619000070932,23.766619000070932
1050,0.023902291000013065,23.902291000013065
1051,0.02316410999992513,23.16410999992513
1052,0.029327190999993036,29.327190999993036
1053,0.024525478000214207,24.525478000214207
1054,0.024115246999826923,24.115246999826923
1055,0.02497476700000334,24.97476700000334
1056,0.026177663999988,26.177663999988
1057,0.03206115000011778,32.06115000011778
1058,0.025040228000307252,25.040228000307252
1059,0.024142507999840745,24.142507999840745
1060,0.0313795189999837,31.379518999983702
1061,0.028630599999814876,28.630599999814876
1062,0.02471232499965481,24.71232499965481
1063,0.023677668000345875,23.677668000345875
1064,0.03244436600016343,32.44436600016343
1065,0.024283907000153704,24.283907000153704
1066,0.024862270000085118,24.86227000008512
1067,0.02373600600003556,23.73600600003556
1068,0.027534496000043873,27.534496000043873
1069,0.023255598000105238,23.255598000105238
1070,0.023539874000107375,23.539874000107375
1071,0.02319819500007725,23.19819500007725
1072,0.03146582200042758,31.46582200042758
1073,0.0237731789998179,23.7731789998179
1074,0.024003772000014578,24.00377200001458
1075,0.02482335000013336,24.82335000013336
1076,0.029163582999899518,29.163582999899518
1077,0.024036017000071297,24.036017000071297
1078,0.02398859100003392,23.98859100003392
1079,0.024000147000151628,24.000147000151628
1080,0.02946921900002053,29.46921900002053
1081,0.028670332999809034,28.670332999809034
1082,0.024144061999777477,24.144061999777477
1083,0.02343666199976724,23.43666199976724
1084,0.026260672000262275,26.260672000262275
1085,0.03163114100016173,31.631141000161733
1086,0.024133778999839706,24.133778999839706
1087,0.02421255099989139,24.21255099989139
1088,0.02885286399987308,28.85286399987308
1089,0.03140370100027212,31.40370100027212
1090,0.02617088999977568,26.17088999977568
1091,0.023859393000293494,23.859393000293494
1092,0.030129101000056835,30.129101000056835
1093,0.07340335600019898,73.40335600019898
1094,0.07565130000011777,75.65130000011777
1095,0.04401912000002994,44.01912000002994
1096,0.030776527999933023,30.776527999933023
1097,0.028135533000295254,28.135533000295254
1098,0.023695278000104736,23.695278000104736
1099,0.023322350999933406,23.322350999933406
1100,0.03129966100004822,31.299661000048218
1101,0.02492673200003992,24.92673200003992
1102,0.024205785999583895,24.205785999583895
1103,0.023834671000258822,23.834671000258822
1104,0.029007991000071343,29.007991000071343
1105,0.02399049500036199,23.99049500036199
1106,0.024227565999808576,24.227565999808576
1107,0.023878828000306385,23.878828000306385
1108,0.02861239999992904,28.61239999992904
1109,0.02356532600015271,23.56532600015271
1110,0.02366060500025924,23.66060500025924
1111,0.02310258600027737,23.10258600027737
1112,0.03178926700002194,31.789267000021937
1113,0.024179175000426767,24.179175000426767
1114,0.023962185000073077,23.962185000073077
1115,0.02378781599963986,23.78781599963986
1116,0.027559354000004532,27.559354000004532
1117,0.02773417199978212,27.73417199978212
1118,0.02572572200006107,25.72572200006107
1119,0.025682244000108767,25.682244000108767
1120,0.04297095800029638,42.97095800029638
1121,0.028603051000118285,28.603051000118285
1122,0.025713912999890454,25.713912999890454
1123,0.027281138000034844,27.281138000034844
1124,0.04209661100003359,42.09661100003359
1125,0.028327283000180614,28.327283000180614
1126,0.02336399999967398,23.36399999967398
1127,0.02313002900018546,23.13002900018546
1128,0.0325085209997269,32.5085209997269
1129,0.03013683100016351,30.13683100016351
1130,0.025351823999699263,25.351823999699263
1131,0.0251560269998663,25.1560269998663
1132,0.043871391999800835,43.871391999800835
1133,0.025371691000145802,25.371691000145802
1134,0.024289031999614963,24.289031999614963
1135,0.02365983400022742,23.65983400022742
1136,0.03730180999991717,37.30180999991717
1137,0.02379445199994734,23.79445199994734
1138,0.023664978999931918,23.66497899993192
1139,0.023316279000027862,23.316279000027862
1140,0.02590385099983905,25.90385099983905
1141,0.03252652699984537,32.52652699984537
1142,0.02364878000025783,23.64878000025783
1143,0.023789136999766924,23.789136999766924
1144,0.029771722999612393,29.771722999612393
1145,0.030365886999788927,30.365886999788927
1146,0.02450504299986278,24.50504299986278
1147,0.02329108499998256,23.29108499998256
1148,0.030334535999827494,30.334535999827494
1149,0.028369775000101072,28.369775000101072
1150,0.023483548000058363,23.483548000058363
1151,0.023221660000217526,23.221660000217526
1152,0.02960798000003706,29.60798000003706
1153,0.028356677000374475,28.356677000374475
1154,0.023812059000192676,23.812059000192676
1155,0.023798741000064183,23.798741000064183
1156,0.03130432399984784,31.30432399984784
1157,0.024696998999843345,24.696998999843345
1158,0.024261114000182715,24.261114000182715
1159,0.023790507999819965,23.790507999819965
1160,0.028306658000019524,28.306658000019524
1161,0.024192336999931285,24.192336999931285
1162,0.02459725000016988,24.59725000016988
1163,0.023128104000079475,23.128104000079475
1164,0.02860266000016054,28.60266000016054
1165,0.024230764999629173,24.230764999629173
1166,0.023420636000082595,23.420636000082595
1167,0.023465403999580303,23.465403999580303
1168,0.03259669399994891,32.59669399994891
1169,0.02435998999999356,24.35998999999356
1170,0.02452694200019323,24.52694200019323
1171,0.023931360999995377,23.931360999995377
1172,0.026989210000010644,26.989210000010644
1173,0.030899582000074588,30.899582000074588
1174,0.02464024499977313,24.64024499977313
1175,0.02341498399982811,23.41498399982811
1176,0.02834248999988631,28.34248999988631
1177,0.028573464000146487,28.573464000146487
1178,0.023724727999706374,23.724727999706374
1179,0.023007400000096823,23.007400000096823
1180,0.028895065000142495,28.895065000142495
1181,0.0286817080000219,28.6817080000219
1182,0.024506416999884095,24.506416999884095
1183,0.023735636999845156,23.735636999845156
1184,0.030699063000156457,30.699063000156457
1185,0.028684923000128038,28.684923000128038
1186,0.024931892000040534,24.931892000040534
1187,0.02363798099986525,23.63798099986525
1188,0.02709801899982267,27.09801899982267
1189,0.027468494000004284,27.468494000004284
1190,0.023909639000066818,23.909639000066818
1191,0.023068260999934864,23.068260999934864
1192,0.029830207000031805,29.830207000031805
1193,0.028441743000257702,28.441743000257702
1194,0.02378456099995674,23.78456099995674
1195,0.023420441999860486,23.420441999860486
1196,0.03154071600010866,31.54071600010866
1197,0.0241949520000162,24.1949520000162
1198,0.0244156099997781,24.4156099997781
1199,0.024134150000008958,24.134150000008958
1200,0.027283179000278324,27.283179000278324
1201,0.02404965899995659,24.04965899995659
1202,0.02464238100037619,24.64238100037619
1203,0.024030648000007204,24.030648000007204
1204,0.026045931999760796,26.045931999760796
1205,0.035150528000031045,35.150528000031045
1206,0.02462905899983525,24.62905899983525
1207,0.0253248630001508,25.3248630001508
1208,0.04530883100005667,45.30883100005667
1209,0.024457405999783077,24.457405999783077
1210,0.02319854999996096,23.19854999996096
1211,0.02334385599988309,23.34385599988309
1212,0.0378277889999481,37.8277889999481
1213,0.029880766000133008,29.880766000133008
1214,0.03490194000005431,34.90194000005431
1215,0.03176166200000807,31.761662000008073
1216,0.026322086000163836,26.322086000163836
1217,0.032176318999972864,32.176318999972864
1218,0.024239692000264768,24.239692000264768
1219,0.023717128000043886,23.717128000043886
1220,0.030538414999682573,30.538414999682573
1221,0.02893463899999915,28.93463899999915
1222,0.024498471999777394,24.498471999777394
1223,0.0237989249999373,23.7989249999373
1224,0.03174490899982629,31.744908999826293
1225,0.024017744999582646,24.017744999582646
1226,0.025014107000060903,25.014107000060903
1227,0.023705849000180024,23.705849000180024
1228,0.027169682000021567,27.169682000021567
1229,0.02569810699969821,25.69810699969821
1230,0.02348028599999452,23.48028599999452
1231,0.023458668000330363,23.458668000330363
1232,0.03185471700044218,31.85471700044218
1233,0.024058854000031715,24.058854000031715
1234,0.02414217900013682,24.14217900013682
1235,0.024176495000119758,24.176495000119758
1236,0.02827949799984708,28.27949799984708
1237,0.023875474999840662,23.875474999840662
1238,0.025094090000038705,25.094090000038705
1239,0.02363756300019304,23.63756300019304
1240,0.028874269999960234,28.874269999960234
1241,0.024251106000065192,24.251106000065192
1242,0.025342379999983677,25.342379999983677
1243,0.023538085999916802,23.538085999916802
1244,0.027356349999990925,27.356349999990925
1245,0.02383553399977245,23.83553399977245
1246,0.024292317999879742,24.292317999879742
1247,0.023765798000113136,23.765798000113136
1248,0.027276361000076577,27.276361000076577
1249,0.031091691999790783,31.091691999790783
1250,0.02604561799989824,26.04561799989824
1251,0.02410083399990981,24.10083399990981
1252,0.026913535999938176,26.913535999938176
1253,0.02876267600004212,28.76267600004212
1254,0.024298823999743036,24.298823999743036
1255,0.02395882300015728,23.95882300015728
1256,0.030019269000149507,30.019269000149507
1257,0.028724189000058686,28.724189000058686
1258,0.0239826339998217,23.9826339998217
1259,0.023015238999960275,23.015238999960275
1260,0.03093916399984664,30.93916399984664
1261,0.02996144999997341,29.96144999997341
1262,0.026635928000359854,26.635928000359854
1263,0.026269841000157612,26.269841000157612
1264,0.03455766799970661,34.55766799970661
1265,0.028615304000140895,28.615304000140895
1266,0.024182837000353175,24.182837000353175
1267,0.02381380299993907,23.81380299993907
1268,0.03192076699997415,31.92076699997415
1269,0.02535459399996398,25.35459399996398
1270,0.024513888000001316,24.513888000001316
1271,0.024286784999731026,24.286784999731026
1272,0.027460117999908107,27.460117999908107
1273,0.024021961000016745,24.021961000016745
1274,0.023696999000094365,23.696999000094365
1275,0.023206670000035956,23.206670000035956
1276,0.03085115300018515,30.85115300018515
1277,0.02543318600010025,25.43318600010025
1278,0.024140166000051977,24.140166000051977
1279,0.023694718000115245,23.694718000115245
1280,0.02754688000004535,27.54688000004535
1281,0.027881966000222747,27.881966000222747
1282,0.024429355000393116,24.429355000393116
1283,0.023320183999658184,23.320183999658184
1284,0.02727933200003463,27.27933200003463
1285,0.02769527800001015,27.69527800001015
1286,0.0237619879999329,23.7619879999329
1287,0.02307671800008393,23.07671800008393
1288,0.03139754200037714,31.397542000377143
1289,0.024934932999713055,24.934932999713055
1290,0.02398888800007626,23.98888800007626
1291,0.023661110999910306,23.661110999910306
1292,0.027864333000252373,27.864333000252373
1293,0.02711978800016368,27.11978800016368
1294,0.02429141599986906,24.29141599986906
1295,0.02385211800037723,23.85211800037723
1296,0.02703794699982609,27.03794699982609
1297,0.027713150000181486,27.713150000181486
1298,0.0235252769998624,23.5252769998624
1299,0.023014710000097693,23.014710000097693
1300,0.0315779519996795,31.5779519996795
1301,0.024351155000204017,24.351155000204017
1302,0.02482661299973188,24.82661299973188
1303,0.024154360000011366,24.154360000011366
1304,0.028855449999809935,28.855449999809935
1305,0.031421175000104995,31.421175000104995
1306,0.023958665000009205,23.958665000009205
1307,0.02384969499962608,23.84969499962608
1308,0.029234217000066565,29.234217000066565
1309,0.02898328799983574,28.98328799983574
1310,0.023899603999780084,23.899603999780084
1311,0.0232557369999995,23.2557369999995
1312,0.03012337700010903,30.12337700010903
1313,0.028245011999842973,28.245011999842973
1314,0.023964700999840716,23.964700999840716
1315,0.023204998999972304,23.204998999972304
1316,0.03079648899984022,30.79648899984022
1317,0.028206919999774982,28.206919999774982
1318,0.024339096999938192,24.339096999938192
1319,0.023655041999973037,23.655041999973037
1320,0.028164658999685344,28.164658999685344
1321,0.026906502000201726,26.906502000201726
1322,0.024578068999744573,24.578068999744573
1323,0.023297400000046764,23.297400000046764
1324,0.027038297000217426,27.038297000217426
1325,0.027516164999724424,27.516164999724424
1326,0.023498539000229357,23.498539000229357
1327,0.02307219999966037,23.07219999966037
1328,0.030326239000260102,30.326239000260102
1329,0.02809937100028037,28.09937100028037
1330,0.023953522999818233,23.953522999818233
1331,0.024088961999950698,24.088961999950698
1332,0.027706184000180656,27.706184000180656
1333,0.0271680410000954,27.1680410000954
1334,0.02409544200008895,24.09544200008895
1335,0.02385192800011282,23.85192800011282
1336,0.028041686000051413,28.041686000051413
1337,0.028863484999874345,28.863484999874345
1338,0.023478866000004928,23.478866000004928
1339,0.02314170399995419,23.14170399995419
1340,0.027094226999906823,27.094226999906823
1341,0.02773290699997233,27.73290699997233
1342,0.02364579999994021,23.64579999994021
1343,0.02365212699987751,23.65212699987751
1344,0.025208941000073537,25.208941000073537
1345,0.03269756100007726,32.69756100007726
1346,0.024240385000211973,24.240385000211973
1347,0.024517701000149827,24.517701000149827
1348,0.028071498999906908,28.071498999906908
1349,0.02403744799994456,24.03744799994456
1350,0.023992124999949738,23.992124999949738
1351,0.023538337999980286,23.538337999980286
1352,0.03418476800015924,34.18476800015924
1353,0.024406785999872227,24.406785999872227
1354,0.02459960800024419,24.59960800024419
1355,0.02382458600004611,23.82458600004611
1356,0.02654357799974605,26.54357799974605
1357,0.03059738299998571,30.59738299998571
1358,0.024409678999745665,24.409678999745665
1359,0.023677805999795964,23.677805999795964
1360,0.028439514000183408,28.439514000183408
1361,0.02921078600002147,29.21078600002147
1362,0.023952692999955616,23.952692999955616
1363,0.02403891999983898,24.03891999983898
1364,0.02987311700007922,29.87311700007922
1365,0.028440899000088393,28.440899000088393
1366,0.024001347000194073,24.001347000194073
1367,0.023617226000169467,23.617226000169467
1368,0.031426028000169026,31.426028000169026
1369,0.02758190399981686,27.58190399981686
1370,0.024091938999845297,24.091938999845297
1371,0.024586877999809076,24.586877999809076
1372,0.02769545699993614,27.69545699993614
1373,0.02540793800017127,25.40793800017127
1374,0.026275671999883343,26.275671999883343
1375,0.025560660999872198,25.560660999872198
1376,0.04334403399980147,43.34403399980147
1377,0.024072335000255407,24.072335000255407
1378,0.023671066000133578,23.671066000133578
1379,0.023099661000287597,23.099661000287597
1380,0.03518301300027815,35.18301300027815
1381,0.02388268499998958,23.88268499998958
1382,0.02363581700001305,23.63581700001305
1383,0.02404278099993462,24.04278099993462
1384,0.025914671999998973,25.914671999998973
1385,0.030883737000294786,30.883737000294786
1386,0.025701518999994732,25.701518999994732
1387,0.024656340000092314,24.656340000092314
1388,0.029977640999732103,29.977640999732103
1389,0.028970416999982262,28.970416999982262
1390,0.024045607000061864,24.045607000061864
1391,0.023421818999850075,23.421818999850075
1392,0.031566374999783875,31.566374999783875
1393,0.028001980000226467,28.001980000226467
1394,0.024353107000024465,24.353107000024465
1395,0.02361384400001043,23.61384400001043
1396,0.028187215000343713,28.187215000343713
1397,0.024289119000059145,24.289119000059145
1398,0.023284041000351863,23.284041000351863
1399,0.023237435999817535,23.237435999817535
1400,0.03133661399988341,31.33661399988341
1401,0.024140336000073148,24.140336000073148
1402,0.02481019400011064,24.81019400011064
1403,0.024308841999754804,24.308841999754804
1404,0.025337195999782125,25.337195999782125
1405,0.03480884100008552,34.80884100008552
1406,0.023912195999855612,23.912195999855612
1407,0.02340792800032432,23.40792800032432
1408,0.027075947999946948,27.075947999946948
1409,0.029963834000227507,29.963834000227507
1410,0.023902047000319726,23.902047000319726
1411,0.023262316000000283,23.262316000000283
1412,0.030188781999640923,30.188781999640923
1413,0.028893159000290325,28.893159000290325
1414,0.024138767999829724,24.138767999829724
1415,0.024072568000065075,24.072568000065075
1416,0.03172305200041592,31.72305200041592
1417,0.030567957000130264,30.567957000130264
1418,0.027793516000201635,27.793516000201635
1419,0.02393894699980592,23.93894699980592
1420,0.029424275000110356,29.424275000110356
1421,0.029910275000020192,29.910275000020192
1422,0.024158831000022474,24.158831000022474
1423,0.0233426459999464,23.3426459999464
1424,0.030618738000157464,30.618738000157464
1425,0.02865293600007135,28.65293600007135
1426,0.02419005499996274,24.19005499996274
1427,0.023616913999831013,23.616913999831013
1428,0.031976576000033674,31.976576000033674
1429,0.024188732999846252,24.188732999846252
1430,0.02445893200001592,24.45893200001592
1431,0.024080969999886292,24.080969999886292
1432,0.027943408000282943,27.943408000282943
1433,0.02399313899968547,23.99313899968547
1434,0.02576859099963258,25.76859099963258
1435,0.023304606000237982,23.304606000237982
1436,0.028932635999808554,28.932635999808554
1437,0.023715991000244685,23.715991000244685
1438,0.023590422999859584,23.590422999859584
1439,0.023119006999877456,23.119006999877456
1440,0.03248747099996763,32.48747099996763
1441,0.02419552699984706,24.19552699984706
1442,0.024868612999853212,24.868612999853212
1443,0.024017902999730723,24.017902999730723
1444,0.025728765999701864,25.728765999701864
1445,0.03362758799994481,33.62758799994481
1446,0.024448350000056962,24.448350000056962
1447,0.023136554999837244,23.136554999837244
1448,0.028970470999865938,28.970470999865938
1449,0.028791415000341658,28.791415000341658
1450,0.029299491999609018,29.299491999609018
1451,0.031233687999701942,31.233687999701942
1452,0.05190814999969007,51.90814999969007
1453,0.0319543479999993,31.9543479999993
1454,0.02268845600019631,22.68845600019631
1455,0.022084464999807096,22.084464999807096
1456,0.030722248000074615,30.722248000074615
1457,0.032062877000043954,32.062877000043954
1458,0.03128325200032123,31.283252000321227
1459,0.029026328999862017,29.026328999862017
1460,0.049608119999902556,49.608119999902556
1461,0.023933735999889905,23.933735999889905
1462,0.022053635999782273,22.053635999782273
1463,0.0215791799996623,21.5791799996623
1464,0.033083064000038576,33.083064000038576
1465,0.027607258999978512,27.607258999978512
1466,0.021882597000058013,21.882597000058013
1467,0.021725947000049928,21.725947000049928
1468,0.03292829799966057,32.92829799966057
1469,0.02778560600017954,27.78560600017954
1470,0.022599157000058767,22.599157000058767
1471,0.02227455699994607,22.27455699994607
1472,0.03293434999977762,32.93434999977762
1473,0.028394090999881882,28.394090999881882
1474,0.022866285999953107,22.866285999953107
1475,0.0292598830001225,29.2598830001225
1476,0.03053106300012587,30.53106300012587
1477,0.028265594000004057,28.265594000004057
1478,0.022024681999937457,22.024681999937457
1479,0.021664366999630147,21.664366999630147
1480,0.02728762300012022,27.28762300012022
1481,0.031035334000080184,31.035334000080184
1482,0.02193253400037065,21.93253400037065
1483,0.022971785999743588,22.971785999743588
1484,0.02814368800000011,28.14368800000011
1485,0.029582839999875432,29.582839999875432
1486,0.02265641699978005,22.65641699978005
1487,0.022226644000056694,22.226644000056694
1488,0.030860783999742125,30.860783999742125
1489,0.02872612199962532,28.72612199962532
1490,0.02212255799986451,22.12255799986451
1491,0.021372207999775128,21.372207999775128
1492,0.027742319000026328,27.742319000026328
1493,0.028862862999631034,28.862862999631034
1494,0.02242018700007975,22.42018700007975
1495,0.02170528499982538,21.70528499982538
1496,0.029282634000082908,29.282634000082908
1497,0.022945316000004823,22.945316000004823
1498,0.024650385999848368,24.650385999848368
1499,0.022258332999626873,22.258332999626873
1500,0.03887141999985033,38.87141999985033
1501,0.023385698000311095,23.385698000311095
1502,0.023248499000146694,23.248499000146694
1503,0.02157211300027484,21.57211300027484
1504,0.02947797399974661,29.47797399974661
1505,0.02219086499962941,22.19086499962941
1506,0.022316743999908795,22.316743999908795
1507,0.021695504000035726,21.695504000035726
1508,0.03230488399958631,32.30488399958631
1509,0.027793531000043004,27.793531000043004
1510,0.02230206600006568,22.30206600006568
1511,0.022280306000084238,22.280306000084238
1512,0.0327805840001929,32.7805840001929
1513,0.028294336999806546,28.294336999806546
1514,0.02241806900019583,22.41806900019583
1515,0.022319890999824565,22.319890999824565
1516,0.03227579699978378,32.27579699978378
1517,0.027977656000075513,27.977656000075513
1518,0.021988457000134076,21.988457000134076
1519,0.02187312300020494,21.87312300020494
1520,0.03315561199997319,33.15561199997319
1521,0.027873592000105418,27.87359200010542
1522,0.02327946199966391,23.27946199966391
1523,0.021953812999981892,21.953812999981892
1524,0.03235477599992009,32.35477599992009
1525,0.028684086999874125,28.684086999874125
1526,0.022384671000054368,22.384671000054368
1527,0.022132614999918587,22.132614999918587
1528,0.03357590199993865,33.57590199993865
1529,0.024201103999985207,24.201103999985207
1530,0.02266967500008832,22.66967500008832
1531,0.02449874700005239,24.49874700005239
1532,0.035840270000335295,35.840270000335295
1533,0.022544287000073382,22.544287000073382
1534,0.02188596200039683,21.88596200039683
1535,0.022335635000217735,22.335635000217735
1536,0.0344607150000229,34.4607150000229
1537,0.02321853400007967,23.21853400007967
1538,0.02250338699968779,22.50338699968779
1539,0.023579057000006287,23.579057000006287
1540,0.15235666500029765,152.35666500029765
1541,0.040420441000151186,40.420441000151186
1542,0.02149846099973729,21.49846099973729
1543,0.021953903000394348,21.953903000394348
1544,0.038126709000152914,38.126709000152914
1545,0.023288511999908224,23.288511999908224
1546,0.02230267200002345,22.30267200002345
1547,0.023415935000230093,23.415935000230093
1548,0.029795839000144042,29.795839000144042
1549,0.023190723999960028,23.190723999960028
1550,0.02219178199993621,22.19178199993621
1551,0.021624980000069627,21.624980000069627
1552,0.03242790900003456,32.42790900003456
1553,0.027886318999662763,27.886318999662763
1554,0.022186424000210536,22.186424000210536
1555,0.02193446599994786,21.93446599994786
1556,0.032554210999933275,32.554210999933275
1557,0.02815406899981099,28.15406899981099
1558,0.02405933600039134,24.05933600039134
1559,0.02275611699997171,22.75611699997171
1560,0.03571063600020352,35.71063600020352
1561,0.023388079999676847,23.388079999676847
1562,0.022690101999614853,22.690101999614853
1563,0.021734035999998014,21.734035999998014
1564,0.032946562000233826,32.946562000233826
1565,0.022784529000091425,22.784529000091425
1566,0.02250971599960394,22.50971599960394
1567,0.021458815999721992,21.458815999721992
1568,0.03258439100000032,32.58439100000032
1569,0.027856104999955278,27.856104999955278
1570,0.0224569099996188,22.4569099996188
1571,0.022152562999963266,22.152562999963266
1572,0.033068121999804134,33.068121999804134
1573,0.028699874999801978,28.699874999801978
1574,0.02890979599987986,28.90979599987986
1575,0.021609510999951453,21.609510999951453
1576,0.028689945000223815,28.689945000223815
1577,0.021981797000080405,21.981797000080405
1578,0.02178117999983442,21.78117999983442
1579,0.022800465000273107,22.800465000273107
1580,0.04217965199995888,42.17965199995888
1581,0.029501247000098374,29.501247000098374
1582,0.022024894999958633,22.024894999958633
1583,0.022040138999727787,22.040138999727787
1584,0.033490954999706446,33.490954999706446
1585,0.028395048000220413,28.395048000220413
1586,0.02286934299991117,22.86934299991117
1587,0.022422731000006024,22.422731000006024
1588,0.0338790840000911,33.8790840000911
1589,0.028101457000047958,28.101457000047958
1590,0.02192141499972422,21.92141499972422
1591,0.021426344999781577,21.426344999781577
1592,0.03256524900007207,32.56524900007207
1593,0.04105936499991003,41.05936499991003
1594,0.028793738999866036,28.793738999866036
1595,0.02730712200036578,27.30712200036578
1596,0.030654229999981908,30.654229999981908
1597,0.02884988499999963,28.84988499999963
1598,0.023697989000083908,23.697989000083908
1599,0.02344220699978905,23.44220699978905
1600,0.03339834000007613,33.39834000007613
1601,0.02804710799955501,28.04710799955501
1602,0.021924781000052462,21.924781000052462
1603,0.021661457999925915,21.661457999925915
1604,0.032744329999786714,32.744329999786714
1605,0.027974864000043453,27.974864000043453
1606,0.02230963800002428,22.30963800002428
1607,0.021610894999867014,21.610894999867014
1608,0.03175609399977475,31.75609399977475
1609,0.028220921999945858,28.22092199994586
1610,0.023383483000088745,23.383483000088745
1611,0.02183113000000958,21.83113000000958
1612,0.03378364500031239,33.78364500031239
1613,0.02859053399970435,28.59053399970435
1614,0.022073349000038434,22.073349000038434
1615,0.021368496999912168,21.368496999912168
1616,0.03315224500011027,33.15224500011027
1617,0.02781881400005659,27.81881400005659
1618,0.022840882999844325,22.840882999844325
1619,0.02224005500011117,22.24005500011117
1620,0.03242996800008768,32.42996800008768
1621,0.0279720560001806,27.9720560001806
1622,0.022273170000062237,22.273170000062237
1623,0.022542093000083696,22.542093000083696
1624,0.03301482400001987,33.01482400001987
1625,0.031501224000294314,31.501224000294314
1626,0.022401091000119777,22.401091000119777
1627,0.021681068000361847,21.681068000361847
1628,0.034231945000101405,34.231945000101405
1629,0.02294572299979336,22.94572299979336
1630,0.021815274999880785,21.815274999880785
1631,0.02195966599992971,21.95966599992971
1632,0.033457054999871616,33.457054999871616
1633,0.02542090199995073,25.42090199995073
1634,0.022906456999862712,22.906456999862712
1635,0.021967636999761453,21.967636999761453
1636,0.034224151999751484,34.224151999751484
1637,0.023473236999961955,23.473236999961955
1638,0.02355693199979214,23.55693199979214
1639,0.022570780999558337,22.570780999558337
1640,0.026075756999944133,26.075756999944133
1641,0.03403017699974953,34.03017699974953
1642,0.022578962999887153,22.578962999887153
1643,0.021511422000003222,21.511422000003222
1644,0.0377180559999033,37.7180559999033
1645,0.023406711999996332,23.406711999996332
1646,0.023381727000014507,23.381727000014507
1647,0.021975587000270025,21.975587000270025
1648,0.02988951299994369,29.88951299994369
1649,0.02347678399974029,23.47678399974029
1650,0.022790864999933547,22.790864999933547
1651,0.021968854000078863,21.968854000078863
1652,0.0323799110001346,32.3799110001346
1653,0.027379245999782142,27.379245999782142
1654,0.022252188000038586,22.252188000038586
1655,0.021728173999690625,21.728173999690625
1656,0.03225404600016191,32.25404600016191
1657,0.027803084999959538,27.803084999959538
1658,0.021826449999934994,21.826449999934994
1659,0.02527413500001785,25.27413500001785
1660,0.03349750300003507,33.49750300003507
1661,0.02344253299997945,23.44253299997945
1662,0.022618767000039952,22.618767000039952
1663,0.021994907000134845,21.994907000134845
1664,0.03442779100032567,34.42779100032567
1665,0.02351269200016759,23.51269200016759
1666,0.022644198999842047,22.644198999842047
1667,0.022425665999890043,22.425665999890043
1668,0.0348643219999758,34.8643219999758
1669,0.023717988000043988,23.717988000043988
1670,0.022802369000146427,22.802369000146427
1671,0.02213348399982351,22.13348399982351
1672,0.033878595999794925,33.878595999794925
1673,0.022696280000218394,22.696280000218394
1674,0.022065503999783687,22.065503999783687
1675,0.021678562000033708,21.678562000033708
1676,0.03268888799993874,32.68888799993874
1677,0.02857290300016757,28.57290300016757
1678,0.02265027400017061,22.65027400017061
1679,0.022262053999838827,22.262053999838827
1680,0.032817625000006956,32.817625000006956
1681,0.027638732000013988,27.638732000013988
1682,0.02203136900016034,22.03136900016034
1683,0.021565876000295248,21.565876000295248
1684,0.032197482000356104,32.1974820003561
1685,0.027942451999933837,27.942451999933837
1686,0.02188821400022789,21.88821400022789
1687,0.02151078300039444,21.51078300039444
1688,0.03274620100000902,32.74620100000902
1689,0.027835060999677808,27.835060999677808
1690,0.022539489999871876,22.539489999871876
1691,0.022254839000197535,22.254839000197535
1692,0.03540211400013504,35.40211400013504
1693,0.02719815800037395,27.19815800037395
1694,0.022412323000025935,22.412323000025935
1695,0.022230807000141795,22.230807000141795
1696,0.03241681300005439,32.41681300005439
1697,0.026785375000144995,26.785375000144995
1698,0.021909558000061224,21.909558000061224
1699,0.021377918999860412,21.377918999860412
1700,0.03268768899988572,32.68768899988572
1701,0.028315636000115774,28.315636000115774
1702,0.02333580399999846,23.33580399999846
1703,0.02228108000008433,22.28108000008433
1704,0.0340305099998659,34.0305099998659
1705,0.03616380399989794,36.16380399989794
1706,0.032276416000058816,32.276416000058816
1707,0.021430244999919523,21.430244999919523
1708,0.031038876999900822,31.038876999900822
1709,0.02234039600034521,22.34039600034521
1710,0.022108527000000322,22.108527000000322
1711,0.021406823000234,21.406823000234
1712,0.03257869400022173,32.57869400022173
1713,0.026874979000240273,26.874979000240273
1714,0.026357017000009364,26.357017000009364
1715,0.026695407000261184,26.695407000261184
1716,0.03896571299992502,38.96571299992502
1717,0.024240740000095684,24.240740000095684
1718,0.02244160700001885,22.44160700001885
1719,0.021968726000068273,21.968726000068273
1720,0.03268599000011818,32.68599000011818
1721,0.026905040000201552,26.905040000201552
1722,0.022017350000169245,22.017350000169245
1723,0.021992197000145097,21.992197000145097
1724,0.032343417999982194,32.343417999982194
1725,0.03273330799993346,32.73330799993346
1726,0.022307202000320103,22.307202000320103
1727,0.021988869999859162,21.988869999859162
1728,0.029444907000197418,29.444907000197418
1729,0.022905736999746296,22.905736999746296
1730,0.022249581000323815,22.249581000323815
1731,0.021807479000017338,21.807479000017338
1732,0.032079165000141074,32.079165000141074
1733,0.027686087999882147,27.686087999882147
1734,0.02189351800006989,21.89351800006989
1735,0.02154059199983749,21.54059199983749
1736,0.03232092200005354,32.32092200005354
1737,0.027389029000005394,27.389029000005394
1738,0.022097375000157626,22.097375000157626
1739,0.021791831999962596,21.791831999962596
1740,0.0320061520001218,32.0061520001218
1741,0.03375300800007608,33.75300800007608
1742,0.023071682000136207,23.071682000136207
1743,0.022229988000162848,22.229988000162848
1744,0.02864030599994294,28.64030599994294
1745,0.025769931000013457,25.769931000013457
1746,0.021950579000076686,21.950579000076686
1747,0.023388665000311448,23.38866500031145
1748,0.03233102400008647,32.33102400008647
1749,0.03675653300024351,36.75653300024351
1750,0.02269461300011244,22.69461300011244
1751,0.02184982199969454,21.84982199969454
1752,0.0359974160001002,35.9974160001002
1753,0.028348068000013882,28.348068000013882
1754,0.02272056900028474,22.72056900028474
1755,0.022028206999948452,22.028206999948452
1756,0.03393692200006626,33.93692200006626
1757,0.023952415000167093,23.952415000167093
1758,0.02376714299998639,23.76714299998639
1759,0.0232087969998247,23.2087969998247
1760,0.03220252899973275,32.20252899973275
1761,0.024240778999683243,24.240778999683243
1762,0.024267775999760488,24.267775999760488
1763,0.024055002000295644,24.055002000295644
1764,0.027767446999860113,27.767446999860113
1765,0.024199989999942773,24.199989999942773
1766,0.024650786999700358,24.650786999700358
1767,0.023393876000227465,23.393876000227465
1768,0.02842629599990687,28.42629599990687
1769,0.024203329000101803,24.203329000101803
1770,0.0245015370001056,24.5015370001056
1771,0.02313888299977407,23.13888299977407
1772,0.03416789799985054,34.16789799985054
1773,0.024346234999939043,24.346234999939043
1774,0.02432147099989379,24.32147099989379
1775,0.024275354000110383,24.275354000110383
1776,0.029014760999871214,29.014760999871214
1777,0.029173394000281405,29.173394000281405
1778,0.024311355000008916,24.311355000008916
1779,0.02390863900018303,23.90863900018303
1780,0.030303702999844973,30.303702999844973
1781,0.02981739100005143,29.81739100005143
1782,0.026706640999691444,26.706640999691444
1783,0.02738547800026936,27.38547800026936
1784,0.04392938299997695,43.92938299997695
1785,0.026573539999844797,26.573539999844797
1786,0.025604218000353285,25.604218000353285
1787,0.025647766000020056,25.647766000020056
1788,0.04403776800018022,44.03776800018022
1789,0.030119049999939307,30.119049999939307
1790,0.024024338999879546,24.024338999879546
1791,0.024203744000260485,24.203744000260485
1792,0.042407371000081184,42.407371000081184
1793,0.026044399999591406,26.044399999591406
1794,0.024972810000235768,24.972810000235768
1795,0.025067324000247027,25.067324000247027
1796,0.034814298000128474,34.814298000128474
1797,0.024383933000081015,24.383933000081015
1798,0.024265105999802472,24.265105999802472
1799,0.02407076200006486,24.07076200006486
1800,0.027987554999981512,27.987554999981512
1801,0.032760112000232766,32.760112000232766
1802,0.02435159600008774,24.35159600008774
1803,0.024005677999866748,24.005677999866748
1804,0.031715030999748706,31.715030999748706
1805,0.02860094899961041,28.60094899961041
1806,0.0238423519999742,23.8423519999742
1807,0.02353313599996909,23.53313599996909
1808,0.03181869200034271,31.818692000342708
1809,0.024092910000035772,24.092910000035772
1810,0.07330031199990117,73.30031199990117
1811,0.02610698299986325,26.10698299986325
1812,0.026697380999848974,26.697380999848974
1813,0.031249837999894226,31.249837999894226
1814,0.024055398000200512,24.055398000200512
1815,0.024148635000074137,24.148635000074137
1816,0.030378177000329742,30.378177000329742
1817,0.030931036999845674,30.931036999845674
1818,0.0260412110001198,26.0412110001198
1819,0.0315523059998668,31.552305999866803
1820,0.02954357800035723,29.54357800035723
1821,0.03192788099977406,31.92788099977406
1822,0.02436384500015265,24.36384500015265
1823,0.02394678499967995,23.94678499967995
1824,0.03132746400024189,31.32746400024189
1825,0.025743098000020836,25.743098000020836
1826,0.024771782999778225,24.771782999778225
1827,0.024301282000124047,24.301282000124047
1828,0.026377213000159827,26.377213000159827
1829,0.033181739000156085,33.181739000156085
1830,0.023959418999766058,23.959418999766058
1831,0.024589671000285307,24.589671000285307
1832,0.028677434000201174,28.677434000201174
1833,0.029335025000364112,29.335025000364112
1834,0.024386086000049545,24.386086000049545
1835,0.024244578999969235,24.244578999969235
1836,0.030038155000056577,30.038155000056577
1837,0.028962899999896763,28.962899999896763
1838,0.023850959000355942,23.850959000355942
1839,0.023608157000126084,23.608157000126084
1840,0.038552302999960375,38.552302999960375
1841,0.024102046999814775,24.102046999814775
1842,0.027135275000091497,27.135275000091497
1843,0.03454834700005449,34.54834700005449
1844,0.02385833600010301,23.85833600010301
1845,0.022917011000117782,22.917011000117782
1846,0.024469411999689328,24.469411999689328
1847,0.02407698300021366,24.07698300021366
1848,0.024311994000072445,24.311994000072445
1849,0.023634363999917696,23.634363999917696
1850,0.024342536999938602,24.342536999938602
1851,0.02766916600012337,27.66916600012337
1852,0.02359109000008175,23.59109000008175
1853,0.023047915999995894,23.047915999995894
1854,0.024067844999990484,24.067844999990484
1855,0.02312628699974084,23.12628699974084
1856,0.023659701000269706,23.659701000269706
1857,0.023031433999676665,23.031433999676665
1858,0.023597644999881595,23.597644999881595
1859,0.023532051999609394,23.532051999609394
1860,0.02354033099982189,23.54033099982189
1861,0.022803421999924467,22.803421999924467
1862,0.023373922999780916,23.373922999780916
1863,0.023379470000236324,23.379470000236324
1864,0.02355537599987656,23.55537599987656
1865,0.02262751099988236,22.62751099988236
1866,0.023948545000166632,23.948545000166632
1867,0.023296788000152446,23.296788000152446
1868,0.02533634500014159,25.33634500014159
1869,0.03925069600018105,39.25069600018105
1870,0.02754614000014044,27.54614000014044
1871,0.0263234580002063,26.3234580002063
1872,0.026034340000023803,26.034340000023803
1873,0.03556766199972117,35.56766199972117
1874,0.024225200000273617,24.225200000273617
1875,0.02391314600026817,23.91314600026817
1876,0.02850257899990538,28.50257899990538
1877,0.029735327000253164,29.735327000253164
1878,0.024387624000155483,24.387624000155483
1879,0.023139745999742445,23.139745999742445
1880,0.023657952999656118,23.657952999656118
1881,0.03561751200004437,35.61751200004437
1882,0.02429347500037693,24.29347500037693
1883,0.023850156999742467,23.850156999742467
1884,0.024100084000110655,24.100084000110655
1885,0.03316300799997407,33.16300799997407
1886,0.02491083000040817,24.91083000040817
1887,0.02430158000015581,24.30158000015581
1888,0.028843961999882595,28.843961999882595
1889,0.024529960999643663,24.529960999643663
1890,0.024160943999959272,24.160943999959272
1891,0.02384663900011219,23.84663900011219
1892,0.02921616100002211,29.21616100002211
1893,0.02408115899970653,24.08115899970653
1894,0.02430516999993415,24.30516999993415
1895,0.023393576000216854,23.393576000216854
1896,0.02750051400016673,27.50051400016673
1897,0.027148947000114276,27.148947000114276
1898,0.024625259999993432,24.625259999993432
1899,0.02436907799983601,24.36907799983601
1900,0.02776348700035669,27.76348700035669
1901,0.028731689999858645,28.731689999858645
1902,0.03524551900000006,35.24551900000006
1903,0.024587659999724565,24.587659999724565
1904,0.029479869000169856,29.479869000169856
1905,0.03003811600001427,30.03811600001427
1906,0.025131399000201782,25.13139900020178
1907,0.023796728999968764,23.796728999968764
1908,0.023924233999878197,23.924233999878197
1909,0.023442493999937142,23.442493999937142
1910,0.0241808449995915,24.1808449995915
1911,0.026186316000348597,26.186316000348597
1912,0.028538054999899032,28.538054999899032
1913,0.0237570079998477,23.7570079998477
1914,0.023783191999882547,23.783191999882547
1915,0.02317008900035944,23.17008900035944
1916,0.024273348999940936,24.273348999940936
1917,0.023038076999910118,23.038076999910118
1918,0.03721639500008678,37.21639500008678
1919,0.09770968099974198,97.70968099974198
1920,0.10476261999974668,104.76261999974668
1921,0.02465698300011354,24.65698300011354
1922,0.025205188999734673,25.205188999734673
1923,0.025546019000103115,25.546019000103115
1924,0.028595953999683843,28.595953999683843
1925,0.061993909000193526,61.993909000193526
1926,0.042774894000103814,42.774894000103814
1927,0.03703444699976899,37.03444699976899
1928,0.02934377499968832,29.34377499968832
1929,0.02399168500005544,23.99168500005544
1930,0.026078457000039634,26.078457000039634
1931,0.023327912999775435,23.327912999775435
1932,0.023284367000087514,23.284367000087514
1933,0.027238314999976865,27.238314999976865
1934,0.02418384699967646,24.18384699967646
1935,0.02424228400013817,24.24228400013817
1936,0.02582531799998833,25.82531799998833
1937,0.0309462780001013,30.9462780001013
1938,0.053108567999970546,53.108567999970546
1939,0.03662071000007927,36.62071000007927
1940,0.025702203000037116,25.702203000037116
1941,0.02525050000031115,25.25050000031115
1942,0.036817720999806625,36.817720999806625
1943,0.024080895999759377,24.080895999759377
1944,0.022838634999970964,22.838634999970964
1945,0.02319143900012932,23.19143900012932
1946,0.02413871399994605,24.13871399994605
1947,0.023304757999994763,23.304757999994763
1948,0.02294166599995151,22.94166599995151
1949,0.022815782000179752,22.81578200017975
1950,0.02449238700000933,24.49238700000933
1951,0.03334380200021769,33.34380200021769
1952,0.04316805000007662,43.16805000007662
1953,0.029603075000068202,29.603075000068202
1954,0.025396678000106476,25.396678000106476
1955,0.025741128999925422,25.741128999925422
1956,0.023852797000017745,23.852797000017745
1957,0.024463405999995302,24.463405999995302
1958,0.02532209499986493,25.32209499986493
1959,0.02503536999984135,25.03536999984135
1960,0.02417690099991887,24.17690099991887
1961,0.023091315000328905,23.091315000328905
1962,0.024905906999720173,24.905906999720173
1963,0.03270051899971804,32.70051899971804
1964,0.03408849600009489,34.08849600009489
1965,0.044692768000004435,44.692768000004435
1966,0.02724236899985044,27.24236899985044
1967,0.02532099100017149,25.32099100017149
1968,0.024364952000269113,24.364952000269113
1969,0.02428565600030197,24.28565600030197
1970,0.026091039000220917,26.091039000220917
1971,0.024907472999984748,24.907472999984748
1972,0.023471239999707905,23.471239999707905
1973,0.02348074399969846,23.48074399969846
1974,0.031815198000003875,31.815198000003875
1975,0.05519499899992297,55.19499899992297
1976,0.030795495999882405,30.795495999882405
1977,0.02707191099989359,27.07191099989359
1978,0.025334118000046146,25.334118000046146
1979,0.03535929600002419,35.35929600002419
1980,0.024170698000034463,24.170698000034463
1981,0.023492871000144078,23.492871000144078
1982,0.028405453000232228,28.405453000232228
1983,0.03672444899984839,36.72444899984839
1984,0.023287770000024466,23.287770000024466
1985,0.022886160999860294,22.886160999860294
1986,0.02414872200006357,24.14872200006357
1987,0.03547010100010084,35.47010100010084
1988,0.02388751799981037,23.88751799981037
1989,0.024141229999713687,24.141229999713687
1990,0.02527111600011267,25.27111600011267
1991,0.03372150399991369,33.72150399991369
1992,0.028718734999984008,28.718734999984008
1993,0.0246243560000039,24.6243560000039
1994,0.024582047999956558,24.582047999956558
1995,0.03447116500001357,34.47116500001357
1996,0.023595433000082267,23.595433000082267
1997,0.023655091000364337,23.655091000364337
1998,0.023830334000194853,23.830334000194853
1999,0.035072628000307304,35.072628000307304
2000,0.023822000000109256,23.822000000109256
2001,0.02338810699984606,23.38810699984606
2002,0.02438373800032423,24.38373800032423
2003,0.03148627899963685,31.486278999636852
2004,0.02427676099978271,24.27676099978271
2005,0.024664244999712537,24.664244999712537
2006,0.025397584000074858,25.397584000074858
2007,0.03704299999981231,37.04299999981231
2008,0.023500034999869968,23.500034999869968
2009,0.02307554400022127,23.07554400022127
2010,0.02625454400003946,26.25454400003946
2011,0.03469009399987044,34.69009399987044
2012,0.023456386000361817,23.456386000361817
2013,0.02295540000022811,22.95540000022811
2014,0.026748346999738715,26.748346999738715
2015,0.031197330999930273,31.197330999930273
2016,0.02334828800030664,23.34828800030664
2017,0.02341962800028341,23.41962800028341
2018,0.029474362000200927,29.474362000200927
2019,0.02949202299987519,29.49202299987519
2020,0.024647337999795127,24.647337999795127
2021,0.04473635599970294,44.73635599970294
2022,0.03346435299999939,33.46435299999939
2023,0.0490532680000797,49.0532680000797
2024,0.034051216000079876,34.051216000079876
2025,0.027852691000134655,27.852691000134655
2026,0.02426458799982356,24.26458799982356
2027,0.02342923800006247,23.42923800006247
2028,0.02332418800006053,23.32418800006053
2029,0.022950450999815075,22.950450999815075
2030,0.023992893000013282,23.992893000013282
2031,0.02333868400000938,23.33868400000938
2032,0.02469100799999069,24.69100799999069
2033,0.02768767999987176,27.68767999987176
2034,0.02681286999995791,26.81286999995791
2035,0.028109567999763385,28.109567999763385
2036,0.03616964899993036,36.16964899993036
2037,0.039004719000331534,39.004719000331534
2038,0.02630038000006607,26.30038000006607
2039,0.024070517999916774,24.070517999916774
2040,0.02287456400017618,22.87456400017618
2041,0.023211794999951962,23.211794999951962
2042,0.0238314220000575,23.8314220000575
2043,0.02417254200008756,24.17254200008756
2044,0.03554794800038508,35.54794800038508
2045,0.028723247000016272,28.723247000016272
2046,0.044940610000139714,44.94061000013971
2047,0.030565715999728127,30.565715999728127
2048,0.02400454400003582,24.00454400003582
2049,0.02364449699962279,23.64449699962279
2050,0.024157376999937696,24.157376999937696
2051,0.023557508000067173,23.557508000067173
2052,0.02301911899985498,23.01911899985498
2053,0.023822176000066975,23.822176000066975
2054,0.024502962000042317,24.502962000042317
2055,0.023375483000108943,23.375483000108943
2056,0.023550154000076873,23.550154000076873
2057,0.025881213000047865,25.881213000047865
2058,0.03724301700003707,37.24301700003707
2059,0.05262797600016711,52.62797600016711
2060,0.03303417699999045,33.03417699999045
2061,0.02916294900023786,29.16294900023786
2062,0.02563453799984927,25.63453799984927
2063,0.024163605000012467,24.163605000012467
2064,0.025565962999735348,25.565962999735348
2065,0.026221683000130724,26.221683000130724
2066,0.029875502999857417,29.875502999857417
2067,0.023712851999789564,23.712851999789564
2068,0.02290619399991556,22.90619399991556
2069,0.02324596099970222,23.24596099970222
2070,0.024668283999744745,24.668283999744745
2071,0.026528524000241305,26.528524000241305
2072,0.03637161799997557,36.37161799997557
2073,0.035322934000305395,35.322934000305395
2074,0.02552757000012207,25.52757000012207
2075,0.02431676099968172,24.31676099968172
2076,0.023582526000154758,23.582526000154758
2077,0.023420885000177805,23.420885000177805
2078,0.024248754000382178,24.248754000382178
2079,0.023248894000062137,23.248894000062137
2080,0.023259704999873065,23.259704999873065
2081,0.02314996399991287,23.14996399991287
2082,0.024242922999746952,24.242922999746952
2083,0.023157269999956043,23.157269999956043
2084,0.02357058400002643,23.57058400002643
2085,0.023105319000023883,23.105319000023883
2086,0.025215043000116566,25.215043000116566
2087,0.02403054999967935,24.03054999967935
2088,0.022838266000235308,22.838266000235308
2089,0.022908426000412874,22.908426000412874
2090,0.0246774090001054,24.6774090001054
2091,0.023623203999704856,23.623203999704856
2092,0.02288216500028284,22.88216500028284
2093,0.02312868500030163,23.12868500030163
2094,0.024664608999955817,24.664608999955817
2095,0.023299700999814377,23.299700999814377
2096,0.02306215600037831,23.06215600037831
2097,0.02289773000029527,22.89773000029527
2098,0.024637897000047815,24.637897000047815
2099,0.024508016999789106,24.508016999789106
2100,0.024625962999834883,24.625962999834883
2101,0.03042567100010274,30.42567100010274
2102,0.029396358000212786,29.396358000212786
2103,0.02775057899998501,27.75057899998501
2104,0.024267608000172913,24.267608000172913
2105,0.02381010699991748,23.81010699991748
2106,0.024875543000234757,24.875543000234757
2107,0.023494360000313463,23.494360000313463
2108,0.025255168000057893,25.255168000057893
2109,0.024706274999971356,24.706274999971356
2110,0.027605867000147555,27.605867000147555
2111,0.025278069999785657,25.278069999785657
2112,0.023333258000093338,23.333258000093338
2113,0.023606044999723963,23.606044999723963
2114,0.024757757999850583,24.757757999850583
2115,0.023673752000377135,23.673752000377135
2116,0.022852784999940923,22.852784999940923
2117,0.022701619000145,22.701619000145
2118,0.023799565999979677,23.799565999979677
2119,0.023322264999933395,23.322264999933395
2120,0.022937440000077913,22.937440000077913
2121,0.02265374399985376,22.65374399985376
2122,0.02416837500004476,24.16837500004476
2123,0.023173023000254034,23.173023000254034
2124,0.0236139630001162,23.6139630001162
2125,0.02267938300019523,22.67938300019523
2126,0.023761247000038566,23.761247000038566
2127,0.023179571000127908,23.179571000127908
2128,0.02486585599990576,24.86585599990576
2129,0.03415120999989085,34.15120999989085
2130,0.034010455000043294,34.010455000043294
2131,0.038775957000325434,38.775957000325434
2132,0.03673371699960626,36.73371699960626
2133,0.024124673000187613,24.124673000187613
2134,0.02961611599994285,29.61611599994285
2135,0.02398690700010775,23.98690700010775
2136,0.0242732600004274,24.2732600004274
2137,0.023485594000248966,23.485594000248966
2138,0.02524591400015197,25.24591400015197
2139,0.02385009399995397,23.85009399995397
2140,0.022909055999662087,22.909055999662087
2141,0.022981888999765943,22.981888999765943
2142,0.02723226500029341,27.23226500029341
2143,0.02833184099972641,28.33184099972641
2144,0.0361186129998714,36.1186129998714
2145,0.037555053000232874,37.555053000232874
2146,0.03193226199982746,31.93226199982746
2147,0.024859563999598322,24.859563999598322
2148,0.02348946599977353,23.48946599977353
2149,0.023877484999957233,23.877484999957233
2150,0.02445721600042816,24.45721600042816
2151,0.02361221699993621,23.61221699993621
2152,0.023668633999932354,23.668633999932354
2153,0.02853544800018426,28.53544800018426
2154,0.03895970900020984,38.95970900020984
2155,0.033073322999825905,33.073322999825905
2156,0.03924158800009536,39.24158800009536
2157,0.024272847000247566,24.272847000247566
2158,0.025267683000038232,25.267683000038232
2159,0.02425858300011896,24.25858300011896
2160,0.023568396999962715,23.568396999962715
2161,0.023615141000391304,23.615141000391304
2162,0.02461071900006573,24.61071900006573
2163,0.024652139999943756,24.652139999943756
2164,0.02961526299986872,29.61526299986872
2165,0.03290779199960525,32.90779199960525
2166,0.04401400900042063,44.01400900042063
2167,0.0256701149996843,25.6701149996843
2168,0.024242573999799788,24.242573999799788
2169,0.023509298999670136,23.509298999670136
2170,0.02469422800004395,24.69422800004395
2171,0.02342540600011489,23.42540600011489
2172,0.023077333999935945,23.077333999935945
2173,0.023015510000277573,23.015510000277573
2174,0.024503144999926008,24.503144999926008
2175,0.024191986999994697,24.191986999994697
2176,0.02313862600021821,23.13862600021821
2177,0.02308629800018025,23.08629800018025
2178,0.02441145700004199,24.41145700004199
2179,0.023355423000339215,23.355423000339215
2180,0.02288802900011433,22.88802900011433
2181,0.022908010000264767,22.908010000264767
2182,0.02474314900018726,24.74314900018726
2183,0.023786079999808862,23.786079999808862
2184,0.022989890999724594,22.989890999724594
2185,0.022801863000040612,22.801863000040612
2186,0.024340124999980617,24.340124999980617
2187,0.023777855999924213,23.777855999924213
2188,0.02301105300011841,23.01105300011841
2189,0.023440524999841728,23.440524999841728
2190,0.037152077999962785,37.152077999962785
2191,0.03997664000007717,39.97664000007717
2192,0.029184823999912624,29.184823999912624
2193,0.02492935000009311,24.92935000009311
2194,0.02515145000006669,25.15145000006669
2195,0.024643206000291684,24.643206000291684
2196,0.024327295000148297,24.327295000148297
2197,0.024106989999836514,24.106989999836514
2198,0.025131871000212413,25.131871000212413
2199,0.027048075000038807,27.048075000038807
2200,0.023659325999688008,23.659325999688008
2201,0.023846535999837215,23.846535999837215
2202,0.024894890000268788,24.894890000268788
2203,0.023862509999617032,23.862509999617032
2204,0.02366584400033389,23.66584400033389
2205,0.024017695000111416,24.017695000111416
2206,0.024662190999606537,24.662190999606537
2207,0.024207843000112916,24.207843000112916
2208,0.024271348000183934,24.271348000183934
2209,0.02344310399985261,23.44310399985261
2210,0.024939986999925168,24.939986999925168
2211,0.023951828999997815,23.951828999997815
2212,0.0276934399998936,27.6934399998936
2213,0.03234867799983476,32.34867799983476
2214,0.024775710000085382,24.775710000085382
2215,0.023514040999998542,23.514040999998542
2216,0.02336547899994912,23.36547899994912
2217,0.023109495999960927,23.109495999960927
2218,0.02451376099998015,24.51376099998015
2219,0.023873324999840406,23.873324999840406
2220,0.024142748000031133,24.142748000031133
2221,0.0234921809997104,23.4921809997104
2222,0.024903887000164104,24.903887000164104
2223,0.024273428000014974,24.273428000014974
2224,0.023302817000057985,23.302817000057985
2225,0.02301809199980198,23.01809199980198
2226,0.024582046999967133,24.582046999967133
2227,0.023357359999863547,23.357359999863547
2228,0.023661465999794018,23.661465999794018
2229,0.02469022800005405,24.69022800005405
2230,0.024819318000027124,24.819318000027124
2231,0.023588011999891023,23.588011999891023
2232,0.023184870000022784,23.184870000022784
2233,0.02297202499994455,22.97202499994455
2234,0.0262326080001003,26.2326080001003
2235,0.023274924000361352,23.274924000361352
2236,0.024074674000075902,24.074674000075902
2237,0.02824612500035073,28.24612500035073
2238,0.025753948999863496,25.753948999863496
2239,0.02402122600005896,24.02122600005896
2240,0.023796494000180246,23.796494000180246
2241,0.02385555499995462,23.85555499995462
2242,0.023571247999825573,23.571247999825573
2243,0.026667481000004045,26.667481000004045
2244,0.038209149000067555,38.209149000067555
2245,0.02270602799990229,22.70602799990229
2246,0.02407794600003399,24.07794600003399
2247,0.022215735999907338,22.215735999907338
2248,0.022099687999798334,22.099687999798334
2249,0.02246721300025456,22.46721300025456
2250,0.0240203289999954,24.0203289999954
2251,0.027012335000108578,27.01233500010858
2252,0.032503062000159844,32.503062000159844
2253,0.03282533299989154,32.82533299989154
2254,0.03161679999993794,31.61679999993794
2255,0.027483869999741728,27.483869999741728
2256,0.02196798500017394,21.96798500017394
2257,0.02150526000013997,21.50526000013997
2258,0.024809391999951913,24.809391999951913
2259,0.021753966999767727,21.753966999767727
2260,0.021976701999847137,21.976701999847137
2261,0.021468690000347124,21.468690000347124
2262,0.023286177000045427,23.286177000045427
2263,0.02181717400026173,21.81717400026173
2264,0.02286462800020672,22.86462800020672
2265,0.022217363999970985,22.217363999970985
2266,0.024112137999964034,24.112137999964034
2267,0.022734597000180656,22.734597000180656
2268,0.022726291999788373,22.726291999788373
2269,0.024487885999860737,24.487885999860737
2270,0.023287468000035005,23.287468000035005
2271,0.023343766999914806,23.343766999914806
2272,0.02269358600005944,22.69358600005944
2273,0.021437819999846397,21.437819999846397
2274,0.023001095999916288,23.001095999916288
2275,0.022258070000134467,22.258070000134467
2276,0.021980441999858158,21.980441999858158
2277,0.021417282999664167,21.417282999664167
2278,0.022694412000419106,22.694412000419106
2279,0.024011507000068377,24.011507000068377
2280,0.022071034999953554,22.071034999953554
2281,0.02257952399986607,22.57952399986607
2282,0.022134798000024603,22.134798000024603
2283,0.0240361189999021,24.0361189999021
2284,0.02164788199979739,21.64788199979739
2285,0.02199057799998627,21.99057799998627
2286,0.0219406539999909,21.9406539999909
2287,0.023039468999741075,23.039468999741075
2288,0.02146996500005116,21.46996500005116
2289,0.021770134999769652,21.770134999769652
2290,0.021634618999996746,21.634618999996746
2291,0.02153495099992142,21.53495099992142
2292,0.022347241999796097,22.347241999796097
2293,0.021091663000333938,21.091663000333938
2294,0.03415964599980725,34.15964599980725
2295,0.033872859999974025,33.872859999974025
2296,0.14711051299991595,147.11051299991595
2297,0.04436369099994408,44.36369099994408
2298,0.02250683800002662,22.50683800002662
2299,0.02190941600019869,21.90941600019869
2300,0.023357532000318315,23.357532000318315
2301,0.02158323499998005,21.58323499998005
2302,0.03293127899996762,32.93127899996762
2303,0.03660751799998252,36.60751799998252
2304,0.052360956000029546,52.360956000029546
2305,0.02784614399979546,27.84614399979546
2306,0.022864074000153778,22.864074000153778
2307,0.022973679000187985,22.973679000187985
2308,0.023649978000321425,23.649978000321425
2309,0.022542397000052006,22.542397000052006
2310,0.022481453999716905,22.481453999716905
2311,0.02201142300009451,22.01142300009451
2312,0.022599145000185672,22.599145000185672
2313,0.021679621000203042,21.679621000203042
2314,0.022365575000094395,22.365575000094395
2315,0.021924032000242732,21.924032000242732
2316,0.021399542999915866,21.399542999915866
2317,0.022813665999819932,22.813665999819932
2318,0.02274581199981185,22.74581199981185
2319,0.022963877999700344,22.963877999700344
2320,0.021848495000085677,21.848495000085677
2321,0.023683437000272534,23.683437000272534
2322,0.023359901999810972,23.359901999810972
2323,0.022910272999979497,22.910272999979497
2324,0.02141447900021376,21.41447900021376
2325,0.022793449999880977,22.793449999880977
2326,0.02210675500009529,22.10675500009529
2327,0.02409417199987729,24.09417199987729
2328,0.02142848599987701,21.42848599987701
2329,0.023153019999881508,23.153019999881508
2330,0.021962590000384807,21.962590000384807
2331,0.02234783099993365,22.34783099993365
2332,0.022222109999802342,22.222109999802342
2333,0.023803387000043585,23.803387000043585
2334,0.02222635399994033,22.22635399994033
2335,0.023157792999882076,23.157792999882076
2336,0.024769491999904858,24.769491999904858
2337,0.023241444999712257,23.241444999712257
2338,0.021989888999996765,21.989888999996765
2339,0.022279625000010128,22.279625000010128
2340,0.021458165000240115,21.458165000240115
2341,0.022867380999741727,22.867380999741727
2342,0.02155409699980737,21.55409699980737
2343,0.023691783000231226,23.691783000231226
2344,0.02133420499967542,21.33420499967542
2345,0.02234549499962668,22.34549499962668
2346,0.021346541999719193,21.346541999719193
2347,0.021925499999724707,21.925499999724707
2348,0.02148280599976715,21.48280599976715
2349,0.02150601599987567,21.50601599987567
2350,0.023168907000126637,23.168907000126637
2351,0.021867608000320615,21.867608000320615
2352,0.02207442400003856,22.07442400003856
2353,0.02196942199998375,21.96942199998375
2354,0.023390426999867486,23.390426999867486
2355,0.021790271000099892,21.790271000099892
2356,0.022450771999956487,22.450771999956487
2357,0.021396831999936694,21.396831999936694
2358,0.022964344999763853,22.964344999763853
2359,0.021640238000145473,21.640238000145473
2360,0.02167983599974832,21.67983599974832
2361,0.021234050000202842,21.234050000202842
2362,0.02153169599978355,21.53169599978355
2363,0.022900494000168692,22.900494000168692
2364,0.02130662299987307,21.30662299987307
2365,0.02216131100021812,22.16131100021812
2366,0.02581052899995484,25.81052899995484
2367,0.03535848599995006,35.35848599995006
2368,0.0343594200003281,34.3594200003281
2369,0.031949896999776684,31.949896999776684
2370,0.029281215999617416,29.281215999617416
2371,0.026490271000056964,26.490271000056964
2372,0.023675927000113006,23.675927000113006
2373,0.02820999099958499,28.20999099958499
2374,0.02456065700016552,24.56065700016552
2375,0.02478258100018138,24.78258100018138
2376,0.023356729000170162,23.356729000170162
2377,0.030664165999951365,30.664165999951365
2378,0.025450109999837878,25.450109999837878
2379,0.029027686000063113,29.027686000063113
2380,0.044872306999877765,44.872306999877765
2381,0.03363532299999861,33.63532299999861
2382,0.024848080000083428,24.848080000083428
2383,0.02533860800031107,25.33860800031107
2384,0.022840896000161592,22.840896000161592
2385,0.022778676000143605,22.778676000143605
2386,0.02323827300006087,23.23827300006087
2387,0.023878300999967905,23.878300999967905
2388,0.022805169000093883,22.805169000093883
2389,0.02304667199996402,23.04667199996402
2390,0.023133542999858037,23.133542999858037
2391,0.023691618999691855,23.691618999691855
2392,0.022713781999755156,22.713781999755156
2393,0.023282716999801778,23.282716999801778
2394,0.02350851800019882,23.50851800019882
2395,0.02393259099972056,23.93259099972056
2396,0.022749863999706577,22.749863999706577
2397,0.023068381000030058,23.068381000030058
2398,0.023802316000001156,23.802316000001156
2399,0.02612998700033131,26.12998700033131
2400,0.03208967199998369,32.08967199998369
2401,0.0408691750003527,40.8691750003527
2402,0.03571785700023611,35.71785700023611
2403,0.025351204999878973,25.351204999878973
2404,0.027258810999683192,27.25881099968319
2405,0.028264091999972152,28.264091999972152
2406,0.02322505399979491,23.22505399979491
2407,0.024519367999801034,24.519367999801034
2408,0.02299058500011597,22.99058500011597
2409,0.02321513499964567,23.21513499964567
2410,0.023183273000086047,23.183273000086047
2411,0.025265454999953363,25.265454999953363
2412,0.02629652800033,26.29652800033
2413,0.023408833000303275,23.408833000303275
2414,0.02608482899995579,26.08482899995579
2415,0.03290797800036671,32.90797800036671
2416,0.03871283099988432,38.71283099988432
2417,0.03213340100001005,32.13340100001005
2418,0.025873540000247885,25.873540000247885
2419,0.026125336999939464,26.125336999939464
2420,0.023456330000044545,23.456330000044545
2421,0.023958597000273585,23.958597000273585
2422,0.02409200400006739,24.09200400006739
2423,0.02434504399980142,24.34504399980142
2424,0.021683255999960238,21.683255999960238
2425,0.022250414000154706,22.250414000154706
2426,0.021925970999745914,21.925970999745914
2427,0.02331960999981675,23.31960999981675
2428,0.021647725999628165,21.647725999628165
2429,0.022666931000003387,22.666931000003387
2430,0.022292911000022286,22.292911000022286
2431,0.02377234599998701,23.77234599998701
2432,0.021653093000168155,21.653093000168155
2433,0.02340835099994365,23.40835099994365
2434,0.02318889600019247,23.18889600019247
2435,0.02404568800011475,24.04568800011475
2436,0.02238763699961055,22.38763699961055
2437,0.02285797200011075,22.85797200011075
2438,0.023062592999849585,23.062592999849585
2439,0.024794571999791515,24.794571999791515
2440,0.02489311199997246,24.89311199997246
2441,0.022405732999686734,22.405732999686734
2442,0.02268291300015335,22.68291300015335
2443,0.03238062899981742,32.38062899981742
2444,0.03988764999985506,39.88764999985506
2445,0.03639437999981965,36.39437999981965
2446,0.05720205099987652,57.20205099987652
2447,0.03429805399991892,34.29805399991892
2448,0.0318201259997295,31.8201259997295
2449,0.03109277600015048,31.09277600015048
2450,0.02970282500018584,29.70282500018584
2451,0.0324340989996017,32.4340989996017
2452,0.029899425999701634,29.899425999701634
2453,0.029028348999872833,29.028348999872833
2454,0.022238733999984106,22.238733999984106
2455,0.022995740000169462,22.995740000169462
2456,0.022254529999827355,22.254529999827355
2457,0.022505368000111048,22.505368000111048
2458,0.030018416000075376,30.018416000075376
2459,0.03139518600028168,31.395186000281683
2460,0.030099658999915846,30.099658999915846
2461,0.026986352000221814,26.986352000221814
2462,0.02243295800008127,22.43295800008127
2463,0.023786628999914683,23.786628999914683
2464,0.021576653000010992,21.576653000010992
2465,0.0220886749998499,22.0886749998499
2466,0.02247195699965232,22.47195699965232
2467,0.024167447999843716,24.167447999843716
2468,0.02120715000000928,21.20715000000928
2469,0.022132287999738764,22.132287999738764
2470,0.02222071300002426,22.22071300002426
2471,0.02434149900000193,24.34149900000193
2472,0.02138462199991409,21.38462199991409
2473,0.032419433999621106,32.419433999621106
2474,0.023403492999932496,23.403492999932496
2475,0.025577556999905937,25.577556999905937
2476,0.022897463999925094,22.897463999925094
2477,0.022971323000092525,22.971323000092525
2478,0.0236338119998436,23.6338119998436
2479,0.02477488300019104,24.77488300019104
2480,0.0227078459997756,22.7078459997756
2481,0.02304737899976317,23.04737899976317
2482,0.024078513999938878,24.078513999938878
2483,0.025018920000093203,25.018920000093203
2484,0.02356168999995134,23.56168999995134
2485,0.023174816999926406,23.174816999926406
2486,0.023222500000429136,23.222500000429136
2487,0.02432232599994677,24.32232599994677
2488,0.022654788999716402,22.654788999716402
2489,0.022780990999763162,22.780990999763162
2490,0.02358193099962591,23.58193099962591
2491,0.024091945000236592,24.091945000236592
2492,0.02272156300023198,22.72156300023198
2493,0.02307944700032749,23.07944700032749
2494,0.023040900000069087,23.040900000069087
2495,0.024090296999929706,24.090296999929706
2496,0.022691254000164918,22.691254000164918
2497,0.023260725000000093,23.260725000000093
2498,0.023345861000052537,23.345861000052537
2499,0.024564708000070823,24.564708000070823
2500,0.023621284000000742,23.621284000000742
2501,0.02286164999986795,22.86164999986795
2502,0.02330258199981472,23.30258199981472
2503,0.02476637599966125,24.76637599966125
2504,0.0256380440000612,25.6380440000612
2505,0.034431027000209724,34.431027000209724
2506,0.04133393600022828,41.33393600022828
2507,0.047683045999747264,47.683045999747264
2508,0.03645431199993254,36.45431199993254
2509,0.024119351000081224,24.119351000081224
2510,0.023976852000032522,23.976852000032522
2511,0.024741582999922684,24.741582999922684
2512,0.023555072999897675,23.555072999897675
2513,0.023904695000055654,23.904695000055654
2514,0.023319827999785048,23.319827999785048
2515,0.024159440999937942,24.159440999937942
2516,0.023055912000017997,23.055912000017997
2517,0.02362273600010667,23.62273600010667
2518,0.023462537999876076,23.462537999876076
2519,0.024144312999851536,24.144312999851536
2520,0.023113258000194037,23.113258000194037
2521,0.023300295999888476,23.300295999888476
2522,0.023347156999989238,23.347156999989238
2523,0.024060569000084797,24.060569000084797
2524,0.0229429250002795,22.9429250002795
2525,0.023795117000190658,23.795117000190658
2526,0.02342988800000967,23.42988800000967
2527,0.024488769000072352,24.488769000072352
2528,0.022955953999826306,22.955953999826306
2529,0.023256361999756336,23.256361999756336
2530,0.02369901000020036,23.69901000020036
2531,0.02454611700022724,24.54611700022724
2532,0.02372672700039402,23.72672700039402
2533,0.023768269999891345,23.768269999891345
2534,0.024265390999971714,24.265390999971714
2535,0.024879739999960293,24.879739999960293
2536,0.02285527499998352,22.85527499998352
2537,0.023918019000120694,23.918019000120694
2538,0.023399981999773445,23.399981999773445
2539,0.024577116000273236,24.577116000273236
2540,0.04741214300020147,47.41214300020147
2541,0.04458246700005475,44.58246700005475
2542,0.03303903699998045,33.03903699998045
2543,0.025981374000366486,25.981374000366486
2544,0.02381247799985431,23.81247799985431
2545,0.02355330699992919,23.55330699992919
2546,0.023409773999901518,23.409773999901518
2547,0.02507558900015283,25.07558900015283
2548,0.022863288999815268,22.863288999815268
2549,0.023048969999763358,23.048969999763358
2550,0.024173233000055916,24.173233000055916
2551,0.03036185500013744,30.36185500013744
2552,0.031557076000353845,31.557076000353845
2553,0.03560946200013859,35.60946200013859
2554,0.03173648999973011,31.73648999973011
2555,0.03710588800004189,37.10588800004189
2556,0.024468737999995938,24.468737999995938
2557,0.024003860999982862,24.003860999982862
2558,0.024455350000152976,24.455350000152976
2559,0.02442670900018129,24.42670900018129
2560,0.0236466780002047,23.6466780002047
2561,0.023857824000060646,23.857824000060646
2562,0.023725196999748732,23.725196999748732
2563,0.024057466000158456,24.057466000158456
2564,0.02301083500015011,23.01083500015011
2565,0.02600484000004144,26.00484000004144
2566,0.031113833999825147,31.113833999825147
2567,0.03412930200011033,34.12930200011033
2568,0.03356180599985237,33.56180599985237
2569,0.028950893000001088,28.950893000001088
2570,0.02476324300005217,24.76324300005217
2571,0.02587683100000504,25.87683100000504
2572,0.023545680999632168,23.545680999632168
2573,0.02698373699968215,26.98373699968215
2574,0.023516806000316137,23.516806000316137
2575,0.024490709000019706,24.490709000019706
2576,0.022835275000034017,22.835275000034017
2577,0.023168887999872823,23.168887999872823
2578,0.023469383000247035,23.469383000247035
2579,0.02410866900027031,24.10866900027031
2580,0.022823789000085526,22.823789000085526
2581,0.025088168999900518,25.088168999900518
2582,0.026472073999684653,26.472073999684653
2583,0.0249723060001088,24.9723060001088
2584,0.0351131410002381,35.1131410002381
2585,0.02430653400006122,24.30653400006122
2586,0.02641791500036561,26.41791500036561
2587,0.03128438100020503,31.28438100020503
2588,0.02639967900040574,26.39967900040574
2589,0.024272047000067687,24.272047000067687
2590,0.023833672999899136,23.833672999899136
2591,0.024970402999770158,24.970402999770158
2592,0.023381258999961574,23.381258999961574
2593,0.02311184200016214,23.11184200016214
2594,0.023492833000091196,23.492833000091196
2595,0.02369221099979768,23.69221099979768
2596,0.02287537300026088,22.87537300026088
2597,0.02318417300011788,23.18417300011788
2598,0.023370396999780496,23.370396999780496
2599,0.02607856900021943,26.07856900021943
2600,0.0238841529999263,23.8841529999263
2601,0.026353406999987783,26.353406999987783
2602,0.0265742369997497,26.5742369997497
2603,0.024405712999850948,24.405712999850948
2604,0.02461251800013997,24.61251800013997
2605,0.025634533999891573,25.634533999891573
2606,0.02392111200015279,23.92111200015279
2607,0.024172445999738557,24.172445999738557
2608,0.025815813000008347,25.815813000008347
2609,0.030765191999762465,30.765191999762465
2610,0.026435888000378327,26.435888000378327
2611,0.03409639800020159,34.09639800020159
2612,0.02404765499977657,24.04765499977657
2613,0.023486771000079898,23.486771000079898
2614,0.02398635200006538,23.98635200006538
2615,0.024932760999945458,24.932760999945458
2616,0.023653726000247843,23.653726000247843
2617,0.02381347199980155,23.81347199980155
2618,0.02351262100000895,23.51262100000895
2619,0.024062134000359947,24.062134000359947
2620,0.022976872999606712,22.976872999606712
2621,0.02334351100034837,23.34351100034837
2622,0.023795883000275353,23.795883000275353
2623,0.02401814499989996,24.01814499989996
2624,0.022733129000243935,22.733129000243935
2625,0.023307858999942255,23.307858999942255
2626,0.023362849000022834,23.362849000022834
2627,0.023987029000181792,23.987029000181792
2628,0.023086318999958166,23.086318999958166
2629,0.023209941999994044,23.209941999994044
2630,0.02339008799981457,23.39008799981457
2631,0.023748311000417743,23.748311000417743
2632,0.022800326999913523,22.800326999913523
2633,0.023318552999626263,23.318552999626263
2634,0.02323145900027157,23.23145900027157
2635,0.024414325999714492,24.414325999714492
2636,0.022992017999968084,22.992017999968084
2637,0.023679566999817325,23.679566999817325
2638,0.024161400999673788,24.161400999673788
2639,0.025166800000079093,25.166800000079093
2640,0.04361030399968513,43.61030399968513
2641,0.03537364500016338,35.37364500016338
2642,0.03445716200030802,34.45716200030802
2643,0.025838203999683174,25.838203999683174
2644,0.02398075799965227,23.98075799965227
2645,0.02381914700026755,23.81914700026755
2646,0.02430919000016729,24.30919000016729
2647,0.024362754999856406,24.362754999856406
2648,0.022860212000068714,22.860212000068714
2649,0.02316130000008343,23.16130000008343
2650,0.02316023100001985,23.16023100001985
2651,0.023963926000305946,23.963926000305946
2652,0.022859264000089752,22.859264000089752
2653,0.02339443399978336,23.39443399978336
2654,0.023467144999813172,23.467144999813172
2655,0.023937944999943284,23.937944999943284
2656,0.022776721000354883,22.776721000354883
2657,0.023786790000031033,23.786790000031033
2658,0.023380905999601964,23.380905999601964
2659,0.02403098900003897,24.03098900003897
2660,0.02359489600030429,23.59489600030429
2661,0.02326056600031734,23.26056600031734
2662,0.023280628000065917,23.280628000065917
2663,0.024164585000107763,24.164585000107763
2664,0.023123123000004853,23.123123000004853
2665,0.024144081000031292,24.144081000031292
2666,0.024123168000187434,24.123168000187434
2667,0.02472749800017482,24.72749800017482
2668,0.023504750000029162,23.504750000029162
2669,0.02319961000011972,23.19961000011972
2670,0.023205326000152127,23.205326000152127
2671,0.02423463000013726,24.23463000013726
2672,0.02288373600003979,22.88373600003979
2673,0.02373376300010932,23.73376300010932
2674,0.0234340320002957,23.4340320002957
2675,0.025634553000145388,25.634553000145388
2676,0.022952240999984497,22.952240999984497
2677,0.023529723000137892,23.529723000137892
2678,0.023505181000018638,23.505181000018638
2679,0.023862428000029468,23.862428000029468
2680,0.022688952999942558,22.688952999942558
2681,0.023107775999960722,23.107775999960722
2682,0.023137849000249844,23.137849000249844
2683,0.02422344400019938,24.22344400019938
2684,0.02269419599997491,22.69419599997491
2685,0.02311828299980334,23.11828299980334
2686,0.02307148199997755,23.07148199997755
2687,0.02389077699990594,23.89077699990594
2688,0.023109654000109003,23.109654000109003
2689,0.025341328000195062,25.341328000195062
2690,0.030076215999997657,30.076215999997657
2691,0.04281914500006678,42.81914500006678
2692,0.0395419229998879,39.5419229998879
2693,0.024338197000361106,24.338197000361106
2694,0.024117519999890646,24.117519999890646
2695,0.02513475199975801,25.13475199975801
2696,0.023480452000057994,23.480452000057994
2697,0.02458454499992513,24.58454499992513
2698,0.024415893999957916,24.415893999957916
2699,0.024361463999866828,24.361463999866828
2700,0.02513507599996956,25.13507599996956
2701,0.04617388099995878,46.17388099995878
2702,0.10328008500027863,103.28008500027863
2703,0.06561083099995813,65.61083099995813
2704,0.03882794699984515,38.82794699984515
2705,0.045021079999969515,45.021079999969515
2706,0.032545366999784164,32.545366999784164
2707,0.029402750999906857,29.402750999906857
2708,0.025621740000133286,25.621740000133286
2709,0.024732883000069705,24.732883000069705
2710,0.03836085099965203,38.36085099965203
2711,0.03437486600023476,34.37486600023476
2712,0.04497217100015405,44.97217100015405
2713,0.029427297999973234,29.427297999973234
2714,0.02562496300015482,25.62496300015482
2715,0.026008061000084126,26.008061000084126
2716,0.023983271000361128,23.98327100036113
2717,0.024412408999978652,24.412408999978652
2718,0.02614772900005846,26.14772900005846
2719,0.024081804000161355,24.081804000161355
2720,0.022932224000214774,22.932224000214774
2721,0.02362438399995881,23.62438399995881
2722,0.026684045999900263,26.684045999900263
2723,0.03853319800009558,38.53319800009558
2724,0.0320098910001434,32.0098910001434
2725,0.04046941699971285,40.46941699971285
2726,0.029734792999988713,29.734792999988713
2727,0.02504873799989582,25.04873799989582
2728,0.023605482000220945,23.605482000220945
2729,0.024570499999754247,24.570499999754247
2730,0.023706180999852222,23.706180999852222
2731,0.02378957100017942,23.78957100017942
2732,0.023112145000141027,23.112145000141027
2733,0.02351067699964915,23.51067699964915
2734,0.027960366000115755,27.960366000115755
2735,0.03263533700010157,32.63533700010157
2736,0.04021889299974646,40.21889299974646
2737,0.05926059000012174,59.26059000012174
2738,0.026283344000148645,26.283344000148645
2739,0.024445568999908573,24.445568999908573
2740,0.02843320900001345,28.43320900001345
2741,0.031112843000300927,31.112843000300927
2742,0.024252940000224044,24.252940000224044
2743,0.024569557999711833,24.569557999711833
2744,0.026927548999992723,26.927548999992723
2745,0.03482783300023584,34.82783300023584
2746,0.033583890999580035,33.583890999580035
2747,0.03307608600016465,33.07608600016465
2748,0.04730986199956533,47.30986199956533
2749,0.026031449000129214,26.031449000129214
2750,0.024539613999877474,24.539613999877474
2751,0.023964601999978186,23.964601999978186
2752,0.024687942000127805,24.687942000127805
2753,0.025283672000114166,25.283672000114166
2754,0.024636691000068822,24.636691000068822
2755,0.023704016000010597,23.704016000010597
2756,0.023032451999824843,23.032451999824843
2757,0.02404056400018817,24.04056400018817
2758,0.027168841999809956,27.168841999809956
2759,0.02887241099961102,28.87241099961102
2760,0.041077559999848745,41.077559999848745
2761,0.03845096899976852,38.45096899976852
2762,0.024556235999625642,24.556235999625642
2763,0.029146259999834,29.146259999834
2764,0.023528091999651224,23.528091999651224
2765,0.0239786929996626,23.9786929996626
2766,0.023561464000067645,23.561464000067645
2767,0.023577195999678224,23.577195999678224
2768,0.022846517999823845,22.846517999823845
2769,0.02349717500010229,23.49717500010229
2770,0.023227016999953776,23.227016999953776
2771,0.02518195700031356,25.18195700031356
2772,0.032300181000209705,32.300181000209705
2773,0.03872098099964205,38.72098099964205
2774,0.04650789499964958,46.50789499964958
2775,0.02876768499982063,28.76768499982063
2776,0.026681882000048063,26.681882000048063
2777,0.02776012599997557,27.76012599997557
2778,0.027440408999609645,27.440408999609645
2779,0.025034320000031585,25.034320000031585
2780,0.023868695000146545,23.868695000146545
2781,0.026232497000364674,26.232497000364674
2782,0.025062840999908076,25.062840999908076
2783,0.06550949700022102,65.50949700022102
2784,0.05228971199994703,52.28971199994703
2785,0.024588021999988996,24.588021999988996
2786,0.02388780700039206,23.88780700039206
2787,0.02372657200021422,23.72657200021422
2788,0.022974905999944895,22.974905999944895
2789,0.023691718000009132,23.691718000009132
2790,0.023453611000149976,23.453611000149976
2791,0.023735631999898033,23.735631999898033
2792,0.023741945999972813,23.741945999972813
2793,0.025334494000162522,25.334494000162522
2794,0.023307521999868186,23.307521999868186
2795,0.024687059999905614,24.687059999905614
2796,0.030674075000206358,30.674075000206358
2797,0.04498181500002829,44.98181500002829
2798,0.05005263600014587,50.05263600014587
2799,0.030677779000143346,30.677779000143346
2800,0.024154830000043148,24.154830000043148
2801,0.025258230999952502,25.258230999952502
2802,0.024067748000106803,24.067748000106803
2803,0.024075372999959654,24.075372999959654
2804,0.023034709000057774,23.034709000057774
2805,0.02437675400005901,24.37675400005901
2806,0.02347627500012095,23.47627500012095
2807,0.02342730100008339,23.42730100008339
2808,0.023612195999703545,23.612195999703545
2809,0.03367967599979238,33.67967599979238
2810,0.02826320800022586,28.26320800022586
2811,0.037328291999983776,37.328291999983776
2812,0.036664989000200876,36.664989000200876
2813,0.025376582999797392,25.376582999797392
2814,0.024379987999964214,24.379987999964214
2815,0.024029578000408947,24.029578000408947
2816,0.0239048640000874,23.9048640000874
2817,0.02396295700009432,23.96295700009432
2818,0.023688238999966416,23.688238999966416
2819,0.023760084000059578,23.760084000059578
2820,0.023045053999794618,23.045053999794618
2821,0.024135386000125436,24.135386000125436
2822,0.023772450999786088,23.772450999786088
2823,0.026716641999882995,26.716641999882995
2824,0.03179602599993814,31.796025999938138
2825,0.041777329000069585,41.777329000069585
2826,0.04275186799986841,42.75186799986841
2827,0.025249642999824573,25.249642999824573
2828,0.02377567800022007,23.77567800022007
2829,0.024218072000167012,24.218072000167012
2830,0.02398585999981151,23.98585999981151
2831,0.023942414999964967,23.942414999964967
2832,0.023000763000254665,23.000763000254665
2833,0.023711995000212482,23.711995000212482
2834,0.02349948300025062,23.49948300025062
2835,0.02826394799967602,28.26394799967602
2836,0.03467955299993264,34.67955299993264
2837,0.03984312400007184,39.84312400007184
2838,0.045606453999880614,45.606453999880614
2839,0.0280638919998637,28.0638919998637
2840,0.0238079559999278,23.8079559999278
2841,0.024766260999967926,24.766260999967926
2842,0.024764378999861947,24.764378999861947
2843,0.023799195000265172,23.799195000265172
2844,0.023192671999822778,23.192671999822778
2845,0.023615232999873115,23.615232999873115
2846,0.023466568000003463,23.466568000003463
2847,0.023945045000346,23.945045000346
2848,0.023641125000267493,23.641125000267493
2849,0.04928786800019225,49.28786800019225
2850,0.060899613999936264,60.899613999936264
2851,0.028991391000090516,28.991391000090516
2852,0.02387471199972424,23.87471199972424
2853,0.026590577000206395,26.590577000206395
2854,0.027204711000194948,27.204711000194948
2855,0.02513301399994816,25.13301399994816
2856,0.025349273000301764,25.349273000301764
2857,0.024817773999984638,24.817773999984638
2858,0.0415060740001536,41.5060740001536
2859,0.02788659399993776,27.88659399993776
2860,0.06545624499995029,65.45624499995029
2861,0.051385646000198903,51.3856460001989
2862,0.024899367000216444,24.899367000216444
2863,0.02475502100014637,24.75502100014637
2864,0.02485023600002023,24.85023600002023
2865,0.022994953999841528,22.994953999841528
2866,0.02389083100024436,23.89083100024436
2867,0.024108199000238528,24.10819900023853
2868,0.02365525400000479,23.65525400000479
2869,0.022879390000070998,22.879390000070998
2870,0.02397407699982068,23.97407699982068
2871,0.02369587800012596,23.69587800012596
2872,0.029173581000122795,29.173581000122795
2873,0.03659386099980111,36.59386099980111
2874,0.04403358299987303,44.03358299987303
2875,0.0382757339998534,38.2757339998534
2876,0.025159618000088813,25.159618000088813
2877,0.02367410499982725,23.67410499982725
2878,0.02406374300016978,24.06374300016978
2879,0.023666504999710014,23.666504999710014
2880,0.023456499000076292,23.456499000076292
2881,0.02300427900036084,23.00427900036084
2882,0.023793632999968395,23.793632999968395
2883,0.02341488100000788,23.41488100000788
2884,0.02474727199978588,24.74727199978588
2885,0.02319378600031996,23.19378600031996
2886,0.025387978999788174,25.387978999788174
2887,0.029129908999948384,29.129908999948384
2888,0.04895267500023692,48.95267500023692
2889,0.03228077199992185,32.28077199992185
2890,0.030432107000251563,30.432107000251563
2891,0.02465822600015599,24.65822600015599
2892,0.02636122300009447,26.36122300009447
2893,0.024031555000419758,24.031555000419758
2894,0.02374174700025833,23.74174700025833
2895,0.023579778999646805,23.579778999646805
2896,0.023553588999675412,23.553588999675412
2897,0.0229393570002685,22.9393570002685
2898,0.02386818199966001,23.86818199966001
2899,0.0254218850000143,25.4218850000143
2900,0.04338959100005013,43.38959100005013
2901,0.03166206500009139,31.66206500009139
2902,0.02501940199999808,25.01940199999808
2903,0.02364227399993979,23.64227399993979
2904,0.03547211300019626,35.47211300019626
2905,0.02958670499992877,29.58670499992877
2906,0.023774998000135383,23.774998000135383
2907,0.02394361000006029,23.94361000006029
2908,0.024510623999958625,24.510623999958625
2909,0.0361654470002577,36.1654470002577
2910,0.024611062000076345,24.611062000076345
2911,0.024485109000124794,24.485109000124794
2912,0.025202192000051582,25.202192000051582
2913,0.03453545100001065,34.53545100001065
2914,0.02406512900006419,24.06512900006419
2915,0.025904300999627594,25.904300999627594
2916,0.03414584699976331,34.14584699976331
2917,0.04114273499999399,41.14273499999399
2918,0.028540321000036784,28.540321000036784
2919,0.028546131999974023,28.546131999974023
2920,0.02979120200006946,29.79120200006946
2921,0.030726178999884723,30.726178999884723
2922,0.024514869000086037,24.514869000086037
2923,0.02397469400011687,23.97469400011687
2924,0.0238086609997481,23.8086609997481
2925,0.03584298999976454,35.84298999976454
2926,0.024283910999656655,24.283910999656655
2927,0.02382079100016199,23.82079100016199
2928,0.02413544599994566,24.13544599994566
2929,0.03975186500019845,39.75186500019845
2930,0.023855590999573906,23.855590999573906
2931,0.022766836000300827,22.766836000300827
2932,0.03577164399985122,35.77164399985122
2933,0.028680185999746755,28.680185999746755
2934,0.02291647100037153,22.91647100037153
2935,0.024298898999859375,24.298898999859375
2936,0.0351160139998683,35.1160139998683
2937,0.023704540000380803,23.704540000380803
2938,0.023429713000041374,23.429713000041374
2939,0.022306411000045046,22.306411000045046
2940,0.038776119999965886,38.776119999965886
2941,0.02275723200000357,22.75723200000357
2942,0.023064439999870956,23.064439999870956
2943,0.02307859400025336,23.07859400025336
2944,0.027320165000219276,27.320165000219276
2945,0.03358520700021472,33.58520700021472
2946,0.027262503000201832,27.262503000201832
2947,0.022571269999843935,22.571269999843935
2948,0.03522221699995498,35.22221699995498
2949,0.0255822320000334,25.5822320000334
2950,0.022827237000001332,22.827237000001332
2951,0.022557537000011507,22.557537000011507
2952,0.038708344000042416,38.708344000042416
2953,0.022862352000174724,22.862352000174724
2954,0.021844912999767985,21.844912999767985
2955,0.022323137000057613,22.323137000057613
2956,0.037863620999814884,37.863620999814884
2957,0.023460352999791212,23.460352999791212
2958,0.02297728300027302,22.97728300027302
2959,0.02196533400001499,21.96533400001499
2960,0.02968504899990876,29.68504899990876
2961,0.023809877000076085,23.809877000076085
2962,0.023564052999972773,23.564052999972773
2963,0.021938216999842552,21.938216999842552
2964,0.026672054000300705,26.672054000300705
2965,0.03496913300023152,34.96913300023152
2966,0.023154407999754767,23.154407999754767
2967,0.02220033899993723,22.20033899993723
2968,0.03070114199999807,30.70114199999807
2969,0.02413321000040014,24.13321000040014
2970,0.022860799999762094,22.860799999762094
2971,0.02143801700003678,21.43801700003678
2972,0.034172152999872196,34.172152999872196
2973,0.023024572000394983,23.024572000394983
2974,0.022278100000221457,22.278100000221457
2975,0.021656447000168555,21.656447000168555
2976,0.033974801000113075,33.974801000113075
2977,0.023782962000041152,23.782962000041152
2978,0.022488783999961015,22.488783999961015
2979,0.024559061000218207,24.559061000218207
2980,0.03999120399976164,39.99120399976164
2981,0.023593302999870502,23.593302999870502
2982,0.022473289000117802,22.473289000117802
2983,0.023515499000041018,23.515499000041018
2984,0.03460550099998727,34.60550099998727
2985,0.022947963000206073,22.947963000206073
2986,0.02294961300003706,22.94961300003706
2987,0.02150544300002366,21.50544300002366
2988,0.0407451679998303,40.7451679998303
2989,0.024213111999870307,24.213111999870307
2990,0.02259642699982578,22.59642699982578
2991,0.022123088000171265,22.123088000171265
2992,0.0332065849997889,33.2065849997889
2993,0.028274299999793584,28.274299999793584
2994,0.022135070999866002,22.135070999866002
2995,0.021587713999906555,21.587713999906555
2996,0.03288775300006819,32.88775300006819
2997,0.03705479699965508,37.05479699965508
2998,0.044711163000101806,44.711163000101806
2999,0.029824434999682126,29.824434999682126
3000,0.033246653999867704,33.2466539998677
3001,0.02521804299976793,25.21804299976793
3002,0.0272971850004069,27.2971850004069
3003,0.024519456999769318,24.519456999769318
3004,0.024044192000019393,24.044192000019393
3005,0.023120221000226593,23.120221000226593
3006,0.024552721999953064,24.552721999953064
3007,0.023732321999887063,23.732321999887063
3008,0.026177981999808253,26.177981999808253
3009,0.05955293299984987,59.55293299984987
3010,0.025276699000187364,25.276699000187364
3011,0.023335010000209877,23.335010000209877
3012,0.031193218999760575,31.193218999760575
3013,0.029027994999978546,29.027994999978546
3014,0.02260235699986879,22.60235699986879
3015,0.022041433000140387,22.041433000140387
3016,0.022911444999863306,22.911444999863306
3017,0.039811347000068054,39.811347000068054
3018,0.02694775700001628,26.94775700001628
3019,0.03387422900004822,33.87422900004822
3020,0.04511308299970551,45.11308299970551
3021,0.027667979999932868,27.667979999932868
3022,0.022340034000080777,22.340034000080777
3023,0.021965014999750565,21.965014999750565
3024,0.023596183999870846,23.596183999870846
3025,0.03909912000017357,39.09912000017357
3026,0.024106504999963363,24.106504999963363
3027,0.025861293000161822,25.861293000161822
3028,0.03305252600011954,33.05252600011954
3029,0.031179596000129095,31.179596000129095
3030,0.026231366000047274,26.231366000047274
3031,0.0229904150000948,22.9904150000948
3032,0.03996018499992715,39.96018499992715
3033,0.023518636000062543,23.518636000062543
3034,0.022698665999996592,22.698665999996592
3035,0.022608758000387752,22.608758000387752
3036,0.029184168000028876,29.184168000028876
3037,0.0294598750001569,29.4598750001569
3038,0.02319918900002449,23.19918900002449
3039,0.022906214000158798,22.906214000158798
3040,0.03333839700007957,33.33839700007957
3041,0.027829420000216487,27.829420000216487
3042,0.022263164999912988,22.263164999912988
3043,0.021893458999784343,21.893458999784343
3044,0.03126152400000137,31.261524000001373
3045,0.02887060599960023,28.87060599960023
3046,0.02298276600004101,22.98276600004101
3047,0.022289125000042986,22.289125000042986
3048,0.033596544999909383,33.59654499990938
3049,0.028269471999919915,28.269471999919915
3050,0.022375891000137926,22.375891000137926
3051,0.021356912000101147,21.356912000101147
3052,0.03195988900006341,31.959889000063413
3053,0.028308211999956256,28.308211999956256
3054,0.027720617999875685,27.720617999875685
3055,0.021986120999827108,21.986120999827108
3056,0.03698788200017589,36.98788200017589
3057,0.023814497000330448,23.814497000330448
3058,0.02238761299986436,22.38761299986436
3059,0.022445124000114447,22.445124000114447
3060,0.030707815999903687,30.707815999903687
3061,0.03224034999993819,32.24034999993819
3062,0.03021743899989815,30.21743899989815
3063,0.02281103900031667,22.81103900031667
3064,0.029564321000179916,29.564321000179916
3065,0.023957991999850492,23.957991999850492
3066,0.02235004400017715,22.35004400017715
3067,0.021456889000091905,21.456889000091905
3068,0.0327990310001951,32.7990310001951
3069,0.028045514000041294,28.045514000041294
3070,0.02232800599995244,22.32800599995244
3071,0.022034271999928023,22.034271999928023
3072,0.03286259200012864,32.86259200012864
3073,0.029621921999932965,29.621921999932965
3074,0.02255440999988423,22.55440999988423
3075,0.022209939999811468,22.209939999811468
3076,0.03745807999985118,37.45807999985118
3077,0.023813369999970746,23.813369999970746
3078,0.02283312899999146,22.83312899999146
3079,0.021921889999703126,21.921889999703126
3080,0.027322786999775417,27.322786999775417
3081,0.036365753000154655,36.365753000154655
3082,0.022578766000151518,22.578766000151518
3083,0.02226449899990257,22.26449899990257
3084,0.033169947000260436,33.169947000260436
3085,0.029713713000091957,29.713713000091957
3086,0.02298361200018917,22.98361200018917
3087,0.02180361599994285,21.80361599994285
3088,0.0440486359998431,44.0486359998431
3089,0.13712901700000657,137.12901700000657
3090,0.0248798889997488,24.8798889997488
3091,0.024716464000448468,24.716464000448468
3092,0.03556912900012321,35.56912900012321
3093,0.0341766260003169,34.1766260003169
3094,0.04665628900011143,46.65628900011143
3095,0.050473366000005626,50.473366000005626
3096,0.023125187999994523,23.125187999994523
3097,0.03812967999965622,38.12967999965622
3098,0.025034902000243164,25.034902000243164
3099,0.06625342999996064,66.25342999996064
3100,0.023455830000330025,23.455830000330025
3101,0.028807817000142677,28.807817000142677
3102,0.024258051999822783,24.258051999822783
3103,0.023694193000210362,23.694193000210362
3104,0.023240341000018816,23.240341000018816
3105,0.036049152000032336,36.049152000032336
3106,0.025393927000095573,25.393927000095573
3107,0.024394842999754474,24.394842999754474
3108,0.023576639000111754,23.576639000111754
3109,0.029935978000139585,29.935978000139585
3110,0.02999499699990338,29.99499699990338
3111,0.024013397000089753,24.013397000089753
3112,0.023079078000137088,23.079078000137088
3113,0.029379696999967564,29.379696999967564
3114,0.030241453000144247,30.241453000144247
3115,0.024306417000389047,24.306417000389047
3116,0.0232249639998372,23.2249639998372
3117,0.037968782000007195,37.968782000007195
3118,0.024836883000261878,24.836883000261878
3119,0.025129758999810292,25.129758999810292
3120,0.022783233000154723,22.783233000154723
3121,0.028811831999973947,28.811831999973947
3122,0.029808185000092635,29.808185000092635
3123,0.02421298699982799,24.21298699982799
3124,0.022930051000003004,22.930051000003004
3125,0.029820506000305613,29.820506000305613
3126,0.029086386000017228,29.086386000017228
3127,0.023670103999847925,23.670103999847925
3128,0.02285348800023712,22.85348800023712
3129,0.030671792999783065,30.671792999783065
3130,0.03053191400022115,30.53191400022115
3131,0.024300689000028797,24.300689000028797
3132,0.023469472999749996,23.469472999749996
3133,0.027998089999982767,27.998089999982767
3134,0.024749793999944814,24.749793999944814
3135,0.02398402199969496,23.98402199969496
3136,0.022791249999954744,22.791249999954744
3137,0.029527717999826564,29.527717999826564
3138,0.024715584000205126,24.715584000205126
3139,0.02450193999993644,24.50193999993644
3140,0.02375739400031307,23.75739400031307
3141,0.027546336000341398,27.546336000341398
3142,0.02591030800022054,25.91030800022054
3143,0.023991336000108276,23.991336000108276
3144,0.022927978999632614,22.927978999632614
3145,0.033526727999742434,33.526727999742434
3146,0.025171563999720092,25.171563999720092
3147,0.024362976000247727,24.362976000247727
3148,0.023400186999879224,23.400186999879224
3149,0.036223021000296285,36.223021000296285
3150,0.024979168999834656,24.979168999834656
3151,0.024185837999993964,24.185837999993964
3152,0.022785464999742544,22.785464999742544
3153,0.03124920199979897,31.24920199979897
3154,0.02961072800007969,29.61072800007969
3155,0.023677817000134382,23.677817000134382
3156,0.022801680999691598,22.801680999691598
3157,0.03289165500018498,32.89165500018498
3158,0.02615196599981573,26.15196599981573
3159,0.02428081200014276,24.28081200014276
3160,0.023472138000215637,23.472138000215637
3161,0.02681839700017008,26.81839700017008
3162,0.033822502000020904,33.822502000020904
3163,0.02471090400013054,24.71090400013054
3164,0.02353608199973678,23.53608199973678
3165,0.03093290300012086,30.93290300012086
3166,0.029961500999888813,29.961500999888813
3167,0.024283072000343964,24.283072000343964
3168,0.022885102000145707,22.885102000145707
3169,0.03497081599971352,34.97081599971352
3170,0.02542988699997295,25.42988699997295
3171,0.024653827999827627,24.653827999827627
3172,0.02333253999995577,23.33253999995577
3173,0.02915294200010976,29.15294200010976
3174,0.030954873000155203,30.954873000155203
3175,0.024978881000151887,24.978881000151887
3176,0.02555792700013626,25.55792700013626
3177,0.033973103999869636,33.973103999869636
3178,0.024792001000150776,24.792001000150776
3179,0.02439916000002995,24.39916000002995
3180,0.023455753999769513,23.455753999769513
3181,0.028385565999997198,28.385565999997198
3182,0.026880399999754445,26.880399999754445
3183,0.03365412500033926,33.65412500033926
3184,0.023996679999982007,23.996679999982007
3185,0.03452740900002027,34.52740900002027
3186,0.0249664110001504,24.9664110001504
3187,0.024339832999885402,24.339832999885402
3188,0.023437301999820193,23.437301999820193
3189,0.027350648999799887,27.350648999799887
3190,0.030678192999857856,30.678192999857856
3191,0.023686301999987336,23.686301999987336
3192,0.022948620000079245,22.948620000079245
3193,0.029483662000075128,29.483662000075128
3194,0.029581639999832987,29.581639999832987
3195,0.02370088899988332,23.70088899988332
3196,0.022762857000088843,22.762857000088843
3197,0.029891424999732408,29.891424999732408
3198,0.029771126000014192,29.771126000014192
3199,0.024472078000144393,24.472078000144393
3200,0.023455580999780068,23.455580999780068
3201,0.03264479500012385,32.64479500012385
3202,0.024843840999892564,24.843840999892564
3203,0.024565194999922824,24.565194999922824
3204,0.02359921699962797,23.59921699962797
3205,0.027590016999965883,27.590016999965883
3206,0.02468662499995844,24.68662499995844
3207,0.024013352999645576,24.013352999645576
3208,0.02281087299979845,22.81087299979845
3209,0.02787229000023217,27.87229000023217
3210,0.029329341999982717,29.329341999982717
3211,0.024046337000072526,24.046337000072526
3212,0.022802597999998397,22.802597999998397
3213,0.02810530300030223,28.10530300030223
3214,0.026531784999860974,26.531784999860974
3215,0.024544437999793445,24.544437999793445
3216,0.023459861999981513,23.459861999981513
3217,0.025399346000085643,25.399346000085643
3218,0.03897627600008491,38.97627600008491
3219,0.024982109000120545,24.982109000120545
3220,0.02380669800004398,23.80669800004398
3221,0.030638662000001204,30.638662000001204
3222,0.029174768999837397,29.174768999837397
3223,0.023907106000024214,23.907106000024214
3224,0.022862321000047814,22.862321000047814
3225,0.028850103999957355,28.850103999957355
3226,0.02806134899992685,28.06134899992685
3227,0.024033509999753733,24.033509999753733
3228,0.022773512000185292,22.773512000185292
3229,0.034855282999615156,34.855282999615156
3230,0.025626827999985835,25.626827999985835
3231,0.024296969999795692,24.296969999795692
3232,0.02344056299989461,23.44056299989461
3233,0.029119868999714527,29.119868999714527
3234,0.03031953599975168,30.31953599975168
3235,0.02428720499983683,24.28720499983683
3236,0.02308555499985232,23.08555499985232
3237,0.036136760000317736,36.136760000317736
3238,0.02716009000005215,27.16009000005215
3239,0.02664658099956796,26.64658099956796
3240,0.026005037000231823,26.005037000231823
3241,0.030011693999767886,30.011693999767886
3242,0.030264354999872012,30.264354999872012
3243,0.024696756999674108,24.696756999674108
3244,0.022823477999736497,22.823477999736497
3245,0.031519125000158965,31.519125000158965
3246,0.026513399000123172,26.513399000123172
3247,0.024541940999824874,24.541940999824874
3248,0.02352060100020026,23.52060100020026
3249,0.025170617000185302,25.170617000185302
3250,0.036520990999633796,36.520990999633796
3251,0.02444066499992914,24.44066499992914
3252,0.023119402999782324,23.119402999782324
3253,0.03024812400008159,30.24812400008159
3254,0.029525778000333958,29.525778000333958
3255,0.024497865999819624,24.497865999819624
3256,0.027505539000230783,27.505539000230783
3257,0.041613131999838515,41.613131999838515
3258,0.026338844999827415,26.338844999827415
3259,0.024324858999989374,24.324858999989374
3260,0.023298037000131444,23.298037000131444
3261,0.03581613899996228,35.81613899996228
3262,0.025315561999832425,25.315561999832425
3263,0.0241841890001524,24.1841890001524
3264,0.02273355299985269,22.73355299985269
3265,0.03904092799984937,39.04092799984937
3266,0.025292713999988337,25.292713999988337
3267,0.023340619999999035,23.340619999999035
3268,0.02290745499976765,22.90745499976765
3269,0.03536806199963394,35.36806199963394
3270,0.030323039999984758,30.323039999984758
3271,0.024442888000066887,24.442888000066887
3272,0.023898508999991463,23.898508999991463
3273,0.033751544000097056,33.751544000097056
3274,0.024797464000130276,24.797464000130276
3275,0.02422300600028393,24.22300600028393
3276,0.02348807599992142,23.48807599992142
3277,0.030781272999774956,30.781272999774956
3278,0.024518951999652927,24.518951999652927
3279,0.02367050199973164,23.67050199973164
3280,0.022816814000179875,22.816814000179875
3281,0.028461356999741838,28.461356999741838
3282,0.02417438799966476,24.17438799966476
3283,0.02397735600015949,23.97735600015949
3284,0.022858183000153076,22.858183000153076
3285,0.028066724999916914,28.066724999916914
3286,0.024818630000027042,24.818630000027042
3287,0.02449276099969211,24.49276099969211
3288,0.025967854000100488,25.967854000100488
3289,0.03144754000004468,31.447540000044683
3290,0.02488900799971816,24.88900799971816
3291,0.023824852999950963,23.824852999950963
3292,0.022719874999893364,22.719874999893364
3293,0.027651646999856894,27.651646999856894
3294,0.02372591299990745,23.72591299990745
3295,0.023792381000021123,23.792381000021123
3296,0.022755218999918725,22.755218999918725
3297,0.03510840799981452,35.10840799981452
3298,0.02479472799996074,24.79472799996074
3299,0.024503037000158656,24.503037000158656
3300,0.023382339000363572,23.382339000363572
3301,0.02926104900006976,29.26104900006976
3302,0.030258569999659812,30.258569999659812
3303,0.024419709000085277,24.419709000085277
3304,0.022762946000057127,22.762946000057127
3305,0.029746484000042983,29.746484000042983
3306,0.029168517000016436,29.168517000016436
3307,0.023764869999922666,23.764869999922666
3308,0.02285591800000475,22.85591800000475
3309,0.031829182999899786,31.829182999899786
3310,0.026452539999809233,26.452539999809233
3311,0.02439847899995584,24.39847899995584
3312,0.023435002000042005,23.435002000042005
3313,0.028095306000068376,28.095306000068376
3314,0.024809015999835538,24.809015999835538
3315,0.023901589999695716,23.901589999695716
3316,0.022842800000034913,22.842800000034913
3317,0.034889369000211445,34.889369000211445
3318,0.025572239000211994,25.572239000211994
3319,0.02551097600007779,25.51097600007779
3320,0.03245651099996394,32.45651099996394
3321,0.03723194400026841,37.23194400026841
3322,0.03293647899999996,32.93647899999996
3323,0.03713830600008805,37.13830600008805
3324,0.024916973000017606,24.916973000017606
3325,0.03361626799960504,33.61626799960504
3326,0.024636129000100482,24.636129000100482
3327,0.024189907000163657,24.189907000163657
3328,0.02308743899993715,23.08743899993715
3329,0.023763695000070584,23.763695000070584
3330,0.023392499999772554,23.392499999772554
3331,0.023881654999968305,23.881654999968305
3332,0.022990129999925557,22.990129999925557
3333,0.023804725999980292,23.804725999980292
3334,0.025543462999848998,25.543462999848998
3335,0.034744048999982624,34.744048999982624
3336,0.03829410199978156,38.29410199978156
3337,0.060499696000078984,60.499696000078984
3338,0.038095599000371294,38.095599000371294
3339,0.032100212999921496,32.100212999921496
3340,0.022540227999797935,22.540227999797935
3341,0.02829894799970134,28.29894799970134
3342,0.0399107000002914,39.9107000002914
3343,0.04166921700016246,41.66921700016246
3344,0.04053328700001657,40.53328700001657
3345,0.027507471999797417,27.507471999797417
3346,0.041867214999911084,41.867214999911084
3347,0.025810951000039495,25.810951000039495
3348,0.02406736099965201,24.06736099965201
3349,0.022788367999964976,22.788367999964976
3350,0.022936338999898,22.936338999898
3351,0.0241103150001436,24.1103150001436
3352,0.02222866400006751,22.22866400006751
3353,0.022941011000057188,22.941011000057188
3354,0.02265332099977968,22.65332099977968
3355,0.027469695000036154,27.469695000036154
3356,0.039653237000038644,39.653237000038644
3357,0.03940110799976537,39.40110799976537
3358,0.041688448999593675,41.688448999593675
3359,0.03274402899978668,32.74402899978668
3360,0.029886453000017354,29.886453000017354
3361,0.022554821000085212,22.554821000085212
3362,0.023583729000165476,23.583729000165476
3363,0.02484433200015701,24.84433200015701
3364,0.03804808499990031,38.04808499990031
3365,0.023005619999821647,23.005619999821647
3366,0.022367262999978266,22.367262999978266
3367,0.025123660000190284,25.123660000190284
3368,0.035576513000251,35.576513000251
3369,0.050411950000125216,50.411950000125216
3370,0.02838508600007117,28.38508600007117
3371,0.026736623000033433,26.736623000033433
3372,0.04273189300010927,42.73189300010927
3373,0.0244853169997441,24.4853169997441
3374,0.044663119000233564,44.663119000233564
3375,0.034810315999948216,34.810315999948216
3376,0.02300026800003252,23.00026800003252
3377,0.026109220999842364,26.109220999842364
3378,0.0393009979998169,39.3009979998169
3379,0.02413504300011482,24.13504300011482
3380,0.02321066000013161,23.21066000013161
3381,0.025027893999777007,25.027893999777007
3382,0.035212161999879754,35.212161999879754
3383,0.023144067999965046,23.144067999965046
3384,0.021903617999669223,21.903617999669223
3385,0.025946358000055625,25.946358000055625
3386,0.035432529999980034,35.432529999980034
3387,0.02255392799997935,22.55392799997935
3388,0.021735846999945352,21.735846999945352
3389,0.028175668999665504,28.175668999665504
3390,0.03253040500021598,32.53040500021598
3391,0.023058146000039415,23.058146000039415
3392,0.022118066000075487,22.118066000075487
3393,0.033311706999938906,33.311706999938906
3394,0.02911194299986164,29.11194299986164
3395,0.022740717000033328,22.740717000033328
3396,0.022069869999995717,22.069869999995717
3397,0.03372444600017843,33.72444600017843
3398,0.028339226999833045,28.339226999833045
3399,0.023054666000007273,23.054666000007273
3400,0.02261069599990151,22.61069599990151
3401,0.041439735000039946,41.439735000039946
3402,0.02337182600012966,23.37182600012966
3403,0.022815760999947088,22.815760999947088
3404,0.021789538000120956,21.789538000120956
3405,0.029684390000056737,29.684390000056737
3406,0.026710926000305335,26.710926000305335
3407,0.02958418000025631,29.58418000025631
3408,0.03122652100000778,31.22652100000778
3409,0.0547160050000457,54.7160050000457
3410,0.029887186000451038,29.887186000451038
3411,0.025923904000137554,25.923904000137554
3412,0.021516754000003857,21.516754000003857
3413,0.029115974999967875,29.115974999967875
3414,0.027822113999718567,27.822113999718567
3415,0.03058874599992123,30.58874599992123
3416,0.0295253090002916,29.5253090002916
3417,0.052437069000006886,52.437069000006886
3418,0.023626301000149397,23.626301000149397
3419,0.022091778000230988,22.09177800023099
3420,0.02134103900016271,21.34103900016271
3421,0.027626862000033725,27.626862000033725
3422,0.0313159249999444,31.3159249999444
3423,0.02215127499994196,22.15127499994196
3424,0.021213661000274442,21.213661000274442
3425,0.03341476800005694,33.41476800005694
3426,0.024270357000204967,24.270357000204967
3427,0.023578387999805273,23.578387999805273
3428,0.0218810559999838,21.8810559999838
3429,0.03146046500023658,31.46046500023658
3430,0.02366419300005873,23.66419300005873
3431,0.022537688999818783,22.537688999818783
3432,0.024449449999792705,24.449449999792705
3433,0.026976826999998593,26.976826999998593
3434,0.032041737000326975,32.041737000326975
3435,0.023330819999955565,23.330819999955565
3436,0.02197939400002724,21.97939400002724
3437,0.027271376000044256,27.271376000044256
3438,0.032174425999983214,32.174425999983214
3439,0.026587682999888784,26.587682999888784
3440,0.02450699299970438,24.50699299970438
3441,0.02552610500015362,25.52610500015362
3442,0.034570027999961894,34.570027999961894
3443,0.023328473000219674,23.328473000219674
3444,0.02676888499991037,26.76888499991037
3445,0.053308666000248195,53.308666000248195
3446,0.02560211000036361,25.60211000036361
3447,0.022182791999966867,22.182791999966867
3448,0.02170589800016387,21.70589800016387
3449,0.024720166999941284,24.720166999941284
3450,0.03490926999984367,34.90926999984367
3451,0.023329666999870824,23.329666999870824
3452,0.021913175999998202,21.913175999998202
3453,0.035142700000051263,35.14270000005126
3454,0.02505970900028842,25.05970900028842
3455,0.023171032999925956,23.171032999925956
3456,0.023312578000059148,23.312578000059148
3457,0.03589978199988764,35.89978199988764
3458,0.024953658999947947,24.953658999947947
3459,0.02316584200025318,23.16584200025318
3460,0.02231576899976062,22.31576899976062
3461,0.028944892999788863,28.944892999788863
3462,0.031699374000254465,31.699374000254465
3463,0.022575957999833918,22.575957999833918
3464,0.021626637999816012,21.626637999816012
3465,0.02849608900032763,28.49608900032763
3466,0.030455926999820804,30.455926999820804
3467,0.022637564999968163,22.637564999968163
3468,0.02177255799961131,21.77255799961131
3469,0.03103514400027052,31.03514400027052
3470,0.0298169739999139,29.8169739999139
3471,0.02415021800015893,24.15021800015893
3472,0.022053377000247565,22.053377000247565
3473,0.03453682800000024,34.53682800000024
3474,0.028978379999898607,28.978379999898607
3475,0.02276093000000401,22.76093000000401
3476,0.021910253999976703,21.910253999976703
3477,0.033127820000117936,33.127820000117936
3478,0.027154001999861066,27.154001999861066
3479,0.021924947000115935,21.924947000115935
3480,0.02126536900004794,21.26536900004794
3481,0.03236128800017468,32.36128800017468
3482,0.02813765000018975,28.13765000018975
3483,0.022650321999662992,22.650321999662992
3484,0.02170897500036517,21.70897500036517
3485,0.03292084299982889,32.92084299982889
3486,0.028649691000282473,28.649691000282473
3487,0.02263566500005254,22.63566500005254
3488,0.02150047600025573,21.50047600025573
3489,0.03279161000000386,32.79161000000386
3490,0.028389680000145745,28.389680000145745
3491,0.022416313999656268,22.416313999656268
3492,0.02104056500002116,21.04056500002116
3493,0.03292973500037988,32.92973500037988
3494,0.03341677099979279,33.41677099979279
3495,0.03298057099982543,32.98057099982543
3496,0.02862693399993077,28.62693399993077
3497,0.030673568000111118,30.673568000111118
3498,0.030017568999937794,30.017568999937794
3499,0.0244660590001331,24.4660590001331
3500,0.022886398999617086,22.886398999617086
3501,0.032014118999995844,32.014118999995844
3502,0.028712711000025593,28.712711000025593
3503,0.02698150300011548,26.98150300011548
3504,0.022901455999999598,22.901455999999598
3505,0.030205235999801516,30.205235999801516
3506,0.024361552000300435,24.361552000300435
3507,0.02376851999997598,23.76851999997598
3508,0.022786896000070556,22.786896000070556
3509,0.030627325999830646,30.627325999830646
3510,0.024293236999710643,24.293236999710643
3511,0.0242656350001198,24.2656350001198
3512,0.02334039000015764,23.34039000015764
3513,0.03855455300026733,38.55455300026733
3514,0.02515021599992906,25.15021599992906
3515,0.023909963999813044,23.909963999813044
3516,0.02306529199995566,23.06529199995566
3517,0.031156869999904302,31.156869999904302
3518,0.028667576999851008,28.667576999851008
3519,0.024136625999744865,24.136625999744865
3520,0.022829000000001543,22.829000000001543
3521,0.032067418999758956,32.06741899975896
3522,0.028695155999685085,28.695155999685085
3523,0.0242545500000233,24.2545500000233
3524,0.023606328000369103,23.606328000369103
3525,0.026048533999983192,26.048533999983192
3526,0.05726567300007446,57.26567300007446
3527,0.13396487199997864,133.96487199997864
3528,0.023284771999897202,23.284771999897202
3529,0.03386614900000495,33.86614900000495
3530,0.02425321200007602,24.25321200007602
3531,0.028077813999971113,28.077813999971113
3532,0.02493854900012593,24.93854900012593
3533,0.03842626799996651,38.42626799996651
3534,0.025185296000017843,25.185296000017843
3535,0.02441879499974675,24.41879499974675
3536,0.023297854000247753,23.297854000247753
3537,0.028905345000111993,28.905345000111993
3538,0.0342393659998379,34.2393659998379
3539,0.02362230200014892,23.62230200014892
3540,0.022684067999762192,22.684067999762192
3541,0.0299831020001875,29.9831020001875
3542,0.028412389000095573,28.412389000095573
3543,0.023626036000223394,23.626036000223394
3544,0.022765335999793024,22.765335999793024
3545,0.031225231000007625,31.225231000007625
3546,0.026139444999898842,26.139444999898842
3547,0.02426253400017231,24.26253400017231
3548,0.023480177000237745,23.480177000237745
3549,0.029592346000299585,29.592346000299585
3550,0.024652599000091868,24.652599000091868
3551,0.024734911999985343,24.734911999985343
3552,0.02340661399966848,23.40661399966848
3553,0.027344146999894292,27.344146999894292
3554,0.02691555600040374,26.91555600040374
3555,0.02527392799993322,25.27392799993322
3556,0.025816972000029637,25.816972000029637
3557,0.029984973999944486,29.984973999944486
3558,0.02972417499995572,29.72417499995572
3559,0.024459385999762162,24.459385999762162
3560,0.023361572999874625,23.361572999874625
3561,0.030924784000035288,30.924784000035288
3562,0.028595536000011634,28.595536000011634
3563,0.02378666599997814,23.78666599997814
3564,0.022672691000025225,22.672691000025225
3565,0.031035802000133117,31.035802000133117
3566,0.028858683000180463,28.858683000180463
3567,0.024444357999982458,24.444357999982458
3568,0.023547257999780413,23.547257999780413
3569,0.02855183700012276,28.55183700012276
3570,0.024215503000050376,24.215503000050376
3571,0.024757721000241872,24.757721000241872
3572,0.02293314200005625,22.93314200005625
3573,0.02734802099985245,27.34802099985245
3574,0.0273864229998253,27.3864229998253
3575,0.02398940000011862,23.98940000011862
3576,0.02272399299999961,22.72399299999961
3577,0.03293230700001004,32.93230700001004
3578,0.0245494509999844,24.5494509999844
3579,0.0243319920000431,24.3319920000431
3580,0.023390768999888678,23.390768999888678
3581,0.0279512409997551,27.9512409997551
3582,0.02424413700009609,24.24413700009609
3583,0.02432093099969279,24.32093099969279
3584,0.023119944999962172,23.119944999962172
3585,0.028742619000240666,28.742619000240666
3586,0.023947325999870372,23.947325999870372
3587,0.02355521100025726,23.55521100025726
3588,0.02297509900017758,22.97509900017758
3589,0.03116939799974716,31.16939799974716
3590,0.025866989999940415,25.866989999940415
3591,0.02445442499993078,24.45442499993078
3592,0.023680495000007795,23.680495000007795
3593,0.02588095200007956,25.88095200007956
3594,0.03651122800010853,36.51122800010853
3595,0.02476349000016853,24.76349000016853
3596,0.024700845000097615,24.700845000097615
3597,0.031111864000195055,31.111864000195055
3598,0.028746011999828625,28.746011999828625
3599,0.023550624999643333,23.550624999643333
3600,0.022863245999815263,22.863245999815263
3601,0.030226254999888624,30.226254999888624
3602,0.030613655999786715,30.613655999786715
3603,0.024125264000304014,24.125264000304014
3604,0.023302779999994527,23.302779999994527
3605,0.036690358000214474,36.690358000214474
3606,0.024924016000113625,24.924016000113625
3607,0.024540848000015103,24.540848000015103
3608,0.023244746000273153,23.244746000273153
3609,0.02959760100020503,29.59760100020503
3610,0.02890576800018607,28.90576800018607
3611,0.024024317999646883,24.024317999646883
3612,0.022712359000252036,22.712359000252036
3613,0.029361413000060566,29.361413000060566
3614,0.028485385000294627,28.485385000294627
3615,0.02428678900014347,24.28678900014347
3616,0.022668475000045873,22.668475000045873
3617,0.03164048400003594,31.64048400003594
3618,0.028527035000024625,28.527035000024625
3619,0.024294814000313636,24.294814000313636
3620,0.023298687000078644,23.298687000078644
3621,0.037191493999671366,37.191493999671366
3622,0.024975743000140938,24.975743000140938
3623,0.024322071999904438,24.322071999904438
3624,0.0233164169999327,23.3164169999327
3625,0.031573761999879935,31.573761999879935
3626,0.028702791000341676,28.702791000341676
3627,0.023582272000112425,23.582272000112425
3628,0.02721939699995346,27.21939699995346
3629,0.03314544700015176,33.14544700015176
3630,0.024699472000065725,24.699472000065725
3631,0.024368785999740794,24.368785999740794
3632,0.023403171000154543,23.403171000154543
3633,0.028622112999983074,28.622112999983074
3634,0.024341277000075934,24.341277000075934
3635,0.02452577799977007,24.52577799977007
3636,0.022691122999731306,22.691122999731306
3637,0.026759337999919808,26.759337999919808
3638,0.02839191800012486,28.39191800012486
3639,0.023432457000126306,23.432457000126306
3640,0.022678739000184578,22.678739000184578
3641,0.031828758000301605,31.828758000301605
3642,0.024822438999763108,24.822438999763108
3643,0.02442218500027593,24.42218500027593
3644,0.02339085099993099,23.39085099993099
3645,0.02825205899989669,28.25205899989669
3646,0.02432357799989404,24.32357799989404
3647,0.024453768000057607,24.453768000057607
3648,0.023196085000108724,23.196085000108724
3649,0.02829791899966949,28.29791899966949
3650,0.023919939999814233,23.919939999814233
3651,0.023777122999945277,23.777122999945277
3652,0.022769826999592624,22.769826999592624
3653,0.026025930999821867,26.025930999821867
3654,0.03368079600022611,33.68079600022611
3655,0.025371013999574643,25.371013999574643
3656,0.024536141000226053,24.536141000226053
3657,0.046896678999928554,46.896678999928554
3658,0.025490047999937815,25.490047999937815
3659,0.023942178999732278,23.942178999732278
3660,0.02506798600006732,25.06798600006732
3661,0.04253350499993758,42.53350499993758
3662,0.024617061999833822,24.617061999833822
3663,0.0238578650000818,23.8578650000818
3664,0.023520415000348294,23.520415000348294
3665,0.02642430300011256,26.42430300011256
3666,0.03144468100026643,31.444681000266428
3667,0.0260199679996731,26.0199679996731
3668,0.02441894800040245,24.41894800040245
3669,0.03427563600007488,34.27563600007488
3670,0.029419525999855978,29.419525999855978
3671,0.025117967999904067,25.117967999904067
3672,0.023582539000017277,23.582539000017277
3673,0.02891128100009155,28.91128100009155
3674,0.025400434999937715,25.400434999937715
3675,0.038447950999852765,38.447950999852765
3676,0.022838555999896926,22.838555999896926
3677,0.03536647900000389,35.36647900000389
3678,0.024493394999808515,24.493394999808515
3679,0.02371870700017098,23.71870700017098
3680,0.022853648999898724,22.853648999898724
3681,0.03280846999996356,32.80846999996356
3682,0.025134458000138693,25.134458000138693
3683,0.02438984399987021,24.38984399987021
3684,0.02349021800000628,23.49021800000628
3685,0.031035474999953294,31.035474999953294
3686,0.02885113399997863,28.85113399997863
3687,0.024817137999889383,24.817137999889383
3688,0.02277995499980534,22.77995499980534
3689,0.033058250000067346,33.058250000067346
3690,0.030463618999874598,30.463618999874598
3691,0.028752519999670767,28.752519999670767
3692,0.023579549999794835,23.579549999794835
3693,0.031199660999845946,31.199660999845946
3694,0.028682709999884537,28.682709999884537
3695,0.023703375999957643,23.703375999957643
3696,0.022920259999864356,22.920259999864356
3697,0.025375007999627996,25.375007999627996
3698,0.032739631999902485,32.739631999902485
3699,0.03197727099995973,31.977270999959728
3700,0.024164715000097203,24.164715000097203
3701,0.030945598000016616,30.945598000016616
3702,0.030329095000070083,30.329095000070083
3703,0.024081954000394035,24.081954000394035
3704,0.02287667699965823,22.87667699965823
3705,0.03261286499991911,32.61286499991911
3706,0.02475805499989292,24.75805499989292
3707,0.02441729700012729,24.41729700012729
3708,0.023649452999961795,23.649452999961795
3709,0.0275991140001679,27.5991140001679
3710,0.02398346900008619,23.98346900008619
3711,0.023760215000038443,23.760215000038443
3712,0.02282857000000149,22.82857000000149
3713,0.035211065000112285,35.211065000112285
3714,0.02505492199998116,25.05492199998116
3715,0.024399454000104015,24.399454000104015
3716,0.023700495999946725,23.700495999946725
3717,0.029881739000302332,29.881739000302332
3718,0.030002159999639844,30.002159999639844
3719,0.023882669999693462,23.882669999693462
3720,0.023043538000365515,23.043538000365515
3721,0.03117438699973718,31.17438699973718
3722,0.02960677700002634,29.60677700002634
3723,0.0285751659998823,28.5751659998823
3724,0.022875006000049325,22.875006000049325
3725,0.028926940000019385,28.926940000019385
3726,0.03642347499999232,36.42347499999232
3727,0.024508932000117056,24.508932000117056
3728,0.023442746000000625,23.442746000000625
3729,0.026805021000200213,26.805021000200213
3730,0.030365198999788845,30.365198999788845
3731,0.02918658399994456,29.18658399994456
3732,0.025059105999844178,25.059105999844178
3733,0.0457371970001077,45.7371970001077
3734,0.028580131999660807,28.580131999660807
3735,0.026355107999734173,26.355107999734173
3736,0.02560428300012063,25.60428300012063
3737,0.044319919000372465,44.319919000372465
3738,0.02646839999988515,26.46839999988515
3739,0.024492342000030476,24.492342000030476
3740,0.022888262999913422,22.888262999913422
3741,0.039042483999764954,39.042483999764954
3742,0.02694610200023817,26.94610200023817
3743,0.024889993999750004,24.889993999750004
3744,0.025752290000127687,25.752290000127687
3745,0.03725046499994278,37.25046499994278
3746,0.02568143799999234,25.68143799999234
3747,0.024805962000300497,24.805962000300497
3748,0.023613319000105548,23.613319000105548
3749,0.029206099000020913,29.206099000020913
3750,0.024625073000152042,24.625073000152042
3751,0.02528712599996652,25.28712599996652
3752,0.023425399999723595,23.425399999723595
3753,0.03277746200001275,32.77746200001275
3754,0.029562822000116284,29.562822000116284
3755,0.024319150000337686,24.319150000337686
3756,0.022785956999996415,22.785956999996415
3757,0.029739891999724932,29.739891999724932
3758,0.029000365000229067,29.000365000229067
3759,0.024274040999898716,24.274040999898716
3760,0.023427116999755526,23.427116999755526
3761,0.032425323000097706,32.425323000097706
3762,0.02551802400012093,25.51802400012093
3763,0.02432720499973584,24.32720499973584
3764,0.023694930999681674,23.694930999681674
3765,0.028285893999964173,28.285893999964173
3766,0.02479305499991824,24.79305499991824
3767,0.02480435999996189,24.80435999996189
3768,0.02345978199991805,23.45978199991805
3769,0.029182129000218993,29.182129000218993
3770,0.024721219000184647,24.721219000184647
3771,0.02446750199987946,24.46750199987946
3772,0.02344981199985341,23.44981199985341
3773,0.02769039500026338,27.69039500026338
3774,0.02419436299987865,24.19436299987865
3775,0.023725110000214045,23.725110000214045
3776,0.022753492999981972,22.753492999981972
3777,0.03407797099998788,34.07797099998788
3778,0.02486438799996904,24.86438799996904
3779,0.024379912000313197,24.379912000313197
3780,0.023502462999658746,23.502462999658746
3781,0.027425536999999167,27.425536999999167
3782,0.031660804000239295,31.660804000239295
3783,0.02467463199991471,24.67463199991471
3784,0.023294758000247384,23.294758000247384
3785,0.029370843000378954,29.370843000378954
3786,0.030363300999852072,30.363300999852072
3787,0.023985713999991276,23.985713999991276
3788,0.02301163500032999,23.01163500032999
3789,0.030328856000323867,30.328856000323867
3790,0.028552044999742066,28.552044999742066
3791,0.024254037999980937,24.254037999980937
3792,0.02309175000027608,23.09175000027608
3793,0.03446037800040358,34.46037800040358
3794,0.025340320999930555,25.340320999930555
3795,0.024311758000294503,24.311758000294503
3796,0.02342135800017786,23.42135800017786
3797,0.02745340799992846,27.45340799992846
3798,0.032670172000052844,32.670172000052844
3799,0.024326605999704043,24.326605999704043
3800,0.023521521000020584,23.521521000020584
3801,0.03174025900034394,31.74025900034394
3802,0.02940683299993907,29.40683299993907
3803,0.023865767999723175,23.865767999723175
3804,0.02290806800010614,22.90806800010614
3805,0.03261590200008868,32.61590200008868
3806,0.024929098000029626,24.929098000029626
3807,0.024419905999820912,24.419905999820912
3808,0.023486156999751984,23.486156999751984
3809,0.02744883800005482,27.44883800005482
3810,0.023900458999833063,23.900458999833063
3811,0.023709772000074736,23.709772000074736
3812,0.022817005999968387,22.817005999968387
3813,0.03215864200001306,32.15864200001306
3814,0.02488463200006663,24.88463200006663
3815,0.024372521999794117,24.372521999794117
3816,0.023433413000020664,23.433413000020664
3817,0.028147279999757302,28.147279999757302
3818,0.027104373999918607,27.104373999918607
3819,0.025282458000219776,25.282458000219776
3820,0.02516417500009993,25.16417500009993
3821,0.030318456999793852,30.318456999793852
3822,0.029401691000202845,29.401691000202845
3823,0.02425169200023447,24.25169200023447
3824,0.023433316000136983,23.433316000136983
3825,0.031099898999855213,31.099898999855213
3826,0.029818100999818853,29.818100999818853
3827,0.024478322000049957,24.478322000049957
3828,0.022923760999674414,22.923760999674414
3829,0.027201863000300364,27.201863000300364
3830,0.02759999699992477,27.59999699992477
3831,0.023690177999924344,23.690177999924344
3832,0.02282341299996915,22.82341299996915
3833,0.033076597999752266,33.076597999752266
3834,0.024984646000120847,24.984646000120847
3835,0.02466109699980734,24.66109699980734
3836,0.023390326000026107,23.390326000026107
3837,0.027180851000139228,27.180851000139228
3838,0.03165856599980543,31.658565999805433
3839,0.024282727999889175,24.282727999889175
3840,0.022880988999986585,22.880988999986585
3841,0.028883535000204574,28.883535000204574
3842,0.030131977000110055,30.131977000110055
3843,0.023917671000162954,23.917671000162954
3844,0.022835778999706235,22.835778999706235
3845,0.029198280999935378,29.198280999935378
3846,0.02868772399961017,28.68772399961017
3847,0.02413417399975515,24.13417399975515
3848,0.022804696000093827,22.804696000093827
3849,0.03126597100026629,31.26597100026629
3850,0.029597900999760896,29.597900999760896
3851,0.025617718000376044,25.617718000376044
3852,0.023481455000364804,23.481455000364804
3853,0.02819502200009083,28.19502200009083
3854,0.025752803000159474,25.752803000159474
3855,0.024117994999869552,24.117994999869552
3856,0.02284909299987703,22.84909299987703
3857,0.02752511200014851,27.52511200014851
3858,0.0249342929996601,24.9342929996601
3859,0.023696451999967394,23.696451999967394
3860,0.022797598999659385,22.797598999659385
3861,0.039182950999929744,39.182950999929744
3862,0.03275513600010527,32.75513600010527
3863,0.024528670000108832,24.528670000108832
3864,0.023783988000104728,23.783988000104728
3865,0.028822361000038654,28.822361000038654
3866,0.02794327699984933,27.94327699984933
3867,0.024634224000237737,24.634224000237737
3868,0.023212610999962635,23.212610999962635
3869,0.02773809199970856,27.73809199970856
3870,0.027459528000235878,27.459528000235878
3871,0.024232711999957246,24.232711999957246
3872,0.022865581999667484,22.865581999667484
3873,0.03515163500014751,35.15163500014751
3874,0.025059176000013395,25.059176000013395
3875,0.024326019000000088,24.326019000000088
3876,0.023446501000307762,23.446501000307762
3877,0.02916057999982513,29.16057999982513
3878,0.030148250999900483,30.148250999900483
3879,0.024159642000086023,24.159642000086023
3880,0.022910125000180415,22.910125000180415
3881,0.030102129000169953,30.102129000169953
3882,0.02867105800032732,28.67105800032732
3883,0.025320164999811823,25.320164999811823
3884,0.024833397999827866,24.833397999827866
3885,0.041146945000036794,41.146945000036794
3886,0.02995603299996219,29.95603299996219
3887,0.02516562100026931,25.16562100026931
3888,0.023470554999676096,23.470554999676096
3889,0.028725148999910743,28.725148999910743
3890,0.028405552000094758,28.405552000094758
3891,0.02422708199992485,24.22708199992485
3892,0.0231560070001251,23.1560070001251
3893,0.02736873200001355,27.36873200001355
3894,0.02742692599986185,27.42692599986185
3895,0.024155255000096076,24.155255000096076
3896,0.022924196000076336,22.924196000076336
3897,0.03205320000006395,32.05320000006395
3898,0.025063073999717744,25.063073999717744
3899,0.024313643999903434,24.313643999903434
3900,0.02356070699988777,23.56070699988777
3901,0.027039236999826244,27.039236999826244
3902,0.03115540399994643,31.15540399994643
3903,0.024330984000243916,24.330984000243916
3904,0.022733998999683536,22.733998999683536
3905,0.028981033000036405,28.981033000036405
3906,0.029387088000021322,29.387088000021322
3907,0.024065054999937274,24.065054999937274
3908,0.02273233000005348,22.73233000005348
3909,0.02968929400003617,29.68929400003617
3910,0.029708715000197117,29.708715000197117
3911,0.024004727999908937,24.004727999908937
3912,0.022745995000150288,22.745995000150288
3913,0.03012828200007789,30.12828200007789
3914,0.02936418000035701,29.36418000035701
3915,0.02594540300015069,25.94540300015069
3916,0.023325762000240502,23.325762000240502
3917,0.028766185999757,28.766185999757
3918,0.024448551000205043,24.448551000205043
3919,0.024148038000021188,24.148038000021188
3920,0.022653962999811483,22.653962999811483
3921,0.03419470399967395,34.19470399967395
3922,0.02520269600017855,25.20269600017855
3923,0.024492637000093964,24.492637000093964
3924,0.023233651999817084,23.233651999817084
3925,0.0258454959998744,25.8454959998744
3926,0.03008591100024205,30.08591100024205
3927,0.02396519800004171,23.96519800004171
3928,0.022795906999817817,22.795906999817817
3929,0.02564737900002001,25.64737900002001
3930,0.03231480400017972,32.31480400017972
3931,0.024263057000098343,24.263057000098343
3932,0.023331545000019105,23.331545000019105
3933,0.029336672000226827,29.336672000226827
3934,0.02975376700032939,29.75376700032939
3935,0.024491952000062156,24.491952000062156
3936,0.023305072000312066,23.305072000312066
3937,0.03175854099981734,31.758540999817342
3938,0.02666195100027835,26.66195100027835
3939,0.024154321999958484,24.154321999958484
3940,0.02330825699982597,23.30825699982597
3941,0.13706313700004102,137.06313700004102
3942,0.03896754300012617,38.96754300012617
3943,0.02332129200021882,23.32129200021882
3944,0.023086287999831256,23.086287999831256
3945,0.028219575000093755,28.219575000093755
3946,0.03197356199962087,31.97356199962087
3947,0.025085403000048245,25.085403000048245
3948,0.023281765999854542,23.281765999854542
3949,0.02960356200037495,29.60356200037495
3950,0.029031629000201065,29.031629000201065
3951,0.02357846899985816,23.57846899985816
3952,0.022696480999911728,22.696480999911728
3953,0.029757410999991407,29.757410999991407
3954,0.028301029999965976,28.301029999965976
3955,0.023948472000029142,23.948472000029142
3956,0.022704033000081836,22.704033000081836
3957,0.031063682999956654,31.063682999956654
3958,0.02882976000000781,28.82976000000781
3959,0.024594952999905217,24.594952999905217
3960,0.023591054000007716,23.591054000007716
3961,0.028835864000029687,28.835864000029687
3962,0.02428641200003767,24.28641200003767
3963,0.024755884000114747,24.755884000114747
3964,0.02355875900002502,23.55875900002502
3965,0.02955715500002043,29.55715500002043
3966,0.024748393999743712,24.748393999743712
3967,0.02398994399982257,23.98994399982257
3968,0.022701715999573935,22.701715999573935
3969,0.027679082000304334,27.679082000304334
3970,0.025533360999816068,25.533360999816068
3971,0.023577440000281058,23.577440000281058
3972,0.022729695000180072,22.729695000180072
3973,0.03256813999996666,32.56813999996666
3974,0.02477078999982041,24.77078999982041
3975,0.024228163000316272,24.228163000316272
3976,0.02324011699965922,23.24011699965922
3977,0.02810507399999551,28.10507399999551
3978,0.03266154399989318,32.66154399989318
3979,0.024210247999690182,24.210247999690182
3980,0.02332336600011331,23.32336600011331
3981,0.030978701999629266,30.978701999629266
3982,0.03480728200020167,34.80728200020167
3983,0.02725341199993636,27.25341199993636
3984,0.023844623000059073,23.844623000059073
3985,0.02967580699987593,29.67580699987593
3986,0.029533688999890728,29.533688999890728
3987,0.02399947300000349,23.99947300000349
3988,0.02280196599986084,22.80196599986084
3989,0.03128129300012006,31.28129300012006
3990,0.029715717999806657,29.715717999806657
3991,0.02652578800007177,26.52578800007177
3992,0.02451017099974706,24.51017099974706
3993,0.02777220200005104,27.77220200005104
3994,0.024453038000046945,24.453038000046945
3995,0.024446652999813523,24.446652999813523
3996,0.02323456200019791,23.23456200019791
3997,0.02723573100001886,27.23573100001886
3998,0.026759146999665973,26.759146999665973
3999,0.023939368999890576,23.939368999890576
4000,0.022687979999773233,22.687979999773233
4001,0.034337479999976495,34.337479999976495
4002,0.024761810999734735,24.761810999734735
4003,0.024459561000185204,24.459561000185204
4004,0.023506262999944738,23.506262999944738
4005,0.027114836999771796,27.114836999771796
4006,0.03347186900009547,33.47186900009547
4007,0.024185827000110294,24.185827000110294
4008,0.023416221999923437,23.416221999923437
4009,0.03137547300002552,31.375473000025522
4010,0.028969583999696624,28.969583999696624
4011,0.024170873000002757,24.170873000002757
4012,0.022741126000255463,22.741126000255463
4013,0.032251463999728,32.251463999728
4014,0.025278392000018357,25.278392000018357
4015,0.02413314699970215,24.13314699970215
4016,0.02333500999975513,23.33500999975513
4017,0.031049948000145378,31.049948000145378
4018,0.024252056000023003,24.252056000023003
4019,0.023591105999912543,23.591105999912543
4020,0.02282724099995903,22.82724099995903
4021,0.028243619999557268,28.243619999557268
4022,0.02624119200027053,26.24119200027053
4023,0.024770133000401984,24.770133000401984
4024,0.03161578100025508,31.615781000255083
4025,0.06677125200030787,66.77125200030787
4026,0.022749732999727712,22.749732999727712
4027,0.02250011500018445,22.50011500018445
4028,0.021650821000093856,21.650821000093856
4029,0.031889958000192564,31.889958000192564
4030,0.028653916000166646,28.653916000166646
4031,0.022036793000097532,22.036793000097532
4032,0.020947264000369614,20.947264000369614
4033,0.031467988999793306,31.467988999793306
4034,0.02807293399973787,28.07293399973787
4035,0.02256968700021389,22.56968700021389
4036,0.02108701499992094,21.08701499992094
4037,0.029760038000404165,29.760038000404165
4038,0.028910628000176075,28.910628000176075
4039,0.02237269999977798,22.37269999977798
4040,0.024830221999764035,24.830221999764035
4041,0.03380139599994436,33.80139599994436
4042,0.03074323300006654,30.74323300006654
4043,0.02409829299995181,24.09829299995181
4044,0.022612972000388254,22.612972000388254
4045,0.037660253000012744,37.660253000012744
4046,0.024757374999808235,24.757374999808235
4047,0.024011311999856844,24.011311999856844
4048,0.02269540399993275,22.69540399993275
4049,0.028764694999608764,28.764694999608764
4050,0.029072987999825273,29.072987999825273
4051,0.024143230999925436,24.143230999925436
4052,0.02333333299975493,23.33333299975493
4053,0.032845585999893956,32.845585999893956
4054,0.02848862199971336,28.48862199971336
4055,0.023773686999902566,23.773686999902566
4056,0.02740690500013443,27.40690500013443
4057,0.04178046200013341,41.78046200013341
4058,0.027481623999847216,27.481623999847216
4059,0.02695796399984829,26.95796399984829
4060,0.02489198100010981,24.89198100010981
4061,0.035115504000259534,35.115504000259534
4062,0.025057566000214138,25.057566000214138
4063,0.026239431999783847,26.239431999783847
4064,0.02572901900020952,25.72901900020952
4065,0.04604152499996417,46.04152499996417
4066,0.02733702799969251,27.33702799969251
4067,0.02350624800010337,23.50624800010337
4068,0.02268849899974157,22.68849899974157
4069,0.03731219199971747,37.31219199971747
4070,0.023883866999767633,23.883866999767633
4071,0.024004292999961763,24.004292999961763
4072,0.02342431899978692,23.42431899978692
4073,0.027299100999698567,27.299100999698567
4074,0.02439170599973295,24.39170599973295
4075,0.024032456999975693,24.032456999975693
4076,0.023249351999766077,23.249351999766077
4077,0.0290512410001611,29.0512410001611
4078,0.024615996000193263,24.615996000193263
4079,0.024408510999819555,24.408510999819555
4080,0.023091803999705007,23.091803999705007
4081,0.026050932000089233,26.050932000089233
4082,0.036058386999684444,36.058386999684444
4083,0.024405588999798056,24.405588999798056
4084,0.023465163000309985,23.465163000309985
4085,0.030949450000207435,30.949450000207435
4086,0.02925531399978354,29.25531399978354
4087,0.024096383999676618,24.09638399967662
4088,0.022663345000182744,22.663345000182744
4089,0.02940553500002352,29.40553500002352
4090,0.029220421999980317,29.220421999980317
4091,0.02402366400019673,24.02366400019673
4092,0.022721670000009908,22.721670000009908
4093,0.03140429600034622,31.40429600034622
4094,0.026383328000065376,26.383328000065376
4095,0.024513225999726274,24.513225999726274
4096,0.023279292000097485,23.279292000097485
4097,0.029081564000080107,29.081564000080107
4098,0.024443208000320737,24.443208000320737
4099,0.024791314999674796,24.791314999674796
4100,0.023261021000053006,23.261021000053006
4101,0.02496733599991785,24.96733599991785
4102,0.03533787599963034,35.33787599963034
4103,0.02415965000000142,24.15965000000142
4104,0.023570605000259093,23.570605000259093
4105,0.030143666999720153,30.143666999720153
4106,0.028569763000177772,28.569763000177772
4107,0.024020941999879142,24.020941999879142
4108,0.02264591399989513,22.64591399989513
4109,0.029320316999928764,29.320316999928764
4110,0.0295738770000753,29.5738770000753
4111,0.02442681200000152,24.42681200000152
4112,0.023433264000232157,23.433264000232157
4113,0.03110914800026876,31.10914800026876
4114,0.028606785999727435,28.606785999727435
4115,0.023487280000153987,23.487280000153987
4116,0.02274342999999135,22.74342999999135
4117,0.03478570600009334,34.78570600009334
4118,0.02476866599999994,24.76866599999994
4119,0.024832860000060464,24.832860000060464
4120,0.0234436129999267,23.4436129999267
4121,0.025146097999822814,25.146097999822814
4122,0.03318687599994519,33.18687599994519
4123,0.02364209600000322,23.64209600000322
4124,0.022955712999646494,22.955712999646494
4125,0.02905371799988643,29.05371799988643
4126,0.02923843799999304,29.23843799999304
4127,0.023539063000043825,23.539063000043825
4128,0.02336840399993889,23.36840399993889
4129,0.03066480400002547,30.66480400002547
4130,0.02961349799988966,29.61349799988966
4131,0.024153990999820962,24.153990999820962
4132,0.023338930000136315,23.338930000136315
4133,0.032212038000125176,32.212038000125176
4134,0.026208819999737898,26.208819999737898
4135,0.024107123999783653,24.107123999783653
4136,0.02343018299961841,23.43018299961841
4137,0.03112727100005941,31.12727100005941
4138,0.025123400000211404,25.123400000211404
4139,0.02408694599989758,24.08694599989758
4140,0.022851158999856125,22.851158999856125
4141,0.02582053799960704,25.82053799960704
4142,0.034959268999955384,34.959268999955384
4143,0.024084106999907817,24.084106999907817
4144,0.023210963000110496,23.210963000110496
4145,0.044826368000030925,44.826368000030925
4146,0.027925886000048195,27.925886000048195
4147,0.02675618700004634,26.75618700004634
4148,0.02322121099996366,23.22121099996366
4149,0.031821428000057495,31.821428000057495
4150,0.02858541499972489,28.58541499972489
4151,0.023675863999869762,23.67586399986976
4152,0.022916170000371494,22.916170000371494
4153,0.032315337999989424,32.315337999989424
4154,0.02455222100024912,24.55222100024912
4155,0.024261961999854975,24.261961999854975
4156,0.023486169999614503,23.486169999614503
4157,0.028115619999880437,28.115619999880437
4158,0.02460179000036078,24.60179000036078
4159,0.02366088300004776,23.66088300004776
4160,0.02312222299997302,23.12222299997302
4161,0.02765845600015382,27.65845600015382
4162,0.027907514000162337,27.907514000162337
4163,0.023541216000012355,23.541216000012355
4164,0.02270969299979697,22.70969299979697
4165,0.032793299999866576,32.793299999866576
4166,0.02497941899991929,24.97941899991929
4167,0.024350125000182743,24.350125000182743
4168,0.023406764000355906,23.406764000355906
4169,0.026876198999616463,26.876198999616463
4170,0.03375115899962111,33.75115899962111
4171,0.024530559000140784,24.530559000140784
4172,0.02346497900043687,23.46497900043687
4173,0.028916768999806663,28.916768999806663
4174,0.028752203999829362,28.752203999829362
4175,0.0238363489997937,23.8363489997937
4176,0.02270573899977535,22.70573899977535
4177,0.029070243000205664,29.070243000205664
4178,0.03059496100013348,30.59496100013348
4179,0.02370375899999999,23.70375899999999
4180,0.02301846900036253,23.01846900036253
4181,0.03810364299988578,38.10364299988578
4182,0.025270505999742454,25.270505999742454
4183,0.02406459099984204,24.06459099984204
4184,0.023489504999815836,23.489504999815836
4185,0.028287265000017214,28.287265000017214
4186,0.030357599000126356,30.357599000126356
4187,0.025255070999719464,25.255070999719464
4188,0.027239581999765505,27.239581999765505
4189,0.03474975000017366,34.74975000017366
4190,0.02471728599994094,24.71728599994094
4191,0.02431478900007278,24.31478900007278
4192,0.022773464000238164,22.773464000238164
4193,0.027231798999764578,27.231798999764578
4194,0.023999695999918913,23.999695999918913
4195,0.02354958300020371,23.54958300020371
4196,0.022663438000108727,22.663438000108727
4197,0.03257851600028516,32.57851600028516
4198,0.02450385899965113,24.50385899965113
4199,0.024429963999864412,24.429963999864412
4200,0.023754178000217507,23.754178000217507
4201,0.027747577999889472,27.747577999889472
4202,0.03145693999977084,31.45693999977084
4203,0.024522576999970624,24.522576999970624
4204,0.023498772000039025,23.498772000039025
4205,0.029841316000329243,29.841316000329243
4206,0.029475470000306814,29.475470000306814
4207,0.023883493000084854,23.883493000084854
4208,0.022717363000083424,22.717363000083424
4209,0.030103744999905757,30.103744999905757
4210,0.028625396999814257,28.625396999814257
4211,0.02593208999996932,25.93208999996932
4212,0.024351894999654178,24.351894999654178
4213,0.04472104300020874,44.72104300020874
4214,0.024890497000342293,24.890497000342293
4215,0.02421202000004996,24.21202000004996
4216,0.023332134000156657,23.332134000156657
4217,0.031375647999993816,31.375647999993816
4218,0.024937351000062336,24.937351000062336
4219,0.02405462400020042,24.05462400020042
4220,0.022890208000262646,22.890208000262646
4221,0.02568664499995066,25.68664499995066
4222,0.03499834100011867,34.99834100011867
4223,0.024369999000100506,24.369999000100506
4224,0.023408904999996594,23.408904999996594
4225,0.029463726000358292,29.463726000358292
4226,0.029589174000193452,29.589174000193452
4227,0.024353048000193667,24.353048000193667
4228,0.02329021700006706,23.29021700006706
4229,0.030979248999756237,30.979248999756237
4230,0.0290735210001003,29.0735210001003
4231,0.02397475299994767,23.97475299994767
4232,0.022761679000268487,22.761679000268487
4233,0.030889080000179092,30.889080000179092
4234,0.029155431000162935,29.155431000162935
4235,0.024313528000220685,24.313528000220685
4236,0.023112156000024697,23.112156000024697
4237,0.027563453999846388,27.563453999846388
4238,0.02701617000002443,27.01617000002443
4239,0.023799269999926764,23.799269999926764
4240,0.022742160999769112,22.742160999769112
4241,0.025658358000328008,25.658358000328008
4242,0.034133269999983895,34.133269999983895
4243,0.02447620199973244,24.47620199973244
4244,0.023792698999841377,23.792698999841377
4245,0.027856273999987025,27.856273999987025
4246,0.03219011600003796,32.19011600003796
4247,0.024163762999705796,24.163762999705796
4248,0.023394790000111243,23.394790000111243
4249,0.02939010199997938,29.39010199997938
4250,0.0287187509998148,28.7187509998148
4251,0.023600579000230937,23.600579000230937
4252,0.022682170000280166,22.682170000280166
4253,0.031301907999932155,31.301907999932155
4254,0.028927064000072278,28.927064000072278
4255,0.024164256999938516,24.164256999938516
4256,0.023300708000078885,23.300708000078885
4257,0.037818824000169116,37.818824000169116
4258,0.024924571000155993,24.924571000155993
4259,0.024221903000125167,24.221903000125167
4260,0.023347547999946983,23.347547999946983
4261,0.02588711600037641,25.88711600037641
4262,0.03112757999997484,31.12757999997484
4263,0.02354664499989667,23.54664499989667
4264,0.022645722000106616,22.645722000106616
4265,0.029474374000074022,29.47437400007402
4266,0.03011050199984311,30.11050199984311
4267,0.024444466000204557,24.444466000204557
4268,0.023325722999743448,23.325722999743448
4269,0.03143716800013863,31.437168000138627
4270,0.029660105999937514,29.660105999937514
4271,0.024476652999965154,24.476652999965154
4272,0.02335793799966268,23.35793799966268
4273,0.028505227000096056,28.505227000096056
4274,0.024243522999768174,24.243522999768174
4275,0.023511067000072217,23.511067000072217
4276,0.022709340999881533,22.709340999881533
4277,0.03245511900013298,32.45511900013298
4278,0.02464906500017605,24.64906500017605
4279,0.024203740000302787,24.203740000302787
4280,0.023371125000267057,23.371125000267057
4281,0.029197622000083356,29.197622000083356
4282,0.033253225999942515,33.253225999942515
4283,0.024800962999961484,24.800962999961484
4284,0.023305042999709258,23.305042999709258
4285,0.030194548000054056,30.194548000054056
4286,0.028390194000166957,28.390194000166957
4287,0.024004033999972307,24.004033999972307
4288,0.022687361999942368,22.687361999942368
4289,0.030774381999890466,30.774381999890466
4290,0.02893958799995744,28.93958799995744
4291,0.02345568100008677,23.45568100008677
4292,0.022687836000386596,22.687836000386596
4293,0.03208176700036347,32.08176700036347
4294,0.024798318999728508,24.798318999728508
4295,0.024287083999752213,24.287083999752213
4296,0.02329174399983458,23.29174399983458
4297,0.02916765000009036,29.16765000009036
4298,0.03213449000031687,32.13449000031687
4299,0.024509766999926796,24.509766999926796
4300,0.02338919000021633,23.38919000021633
4301,0.02958554400038338,29.58554400038338
4302,0.029031312999904912,29.031312999904912
4303,0.024220749000051,24.220749000051
4304,0.02337338000006639,23.37338000006639
4305,0.031737494000026345,31.737494000026345
4306,0.02789722299985442,27.89722299985442
4307,0.02414463600007366,24.14463600007366
4308,0.023202490000130638,23.202490000130638
4309,0.03317093499981638,33.17093499981638
4310,0.02542340400032117,25.42340400032117
4311,0.025683927000045514,25.683927000045514
4312,0.025970392000090214,25.970392000090214
4313,0.032388128000093275,32.388128000093275
4314,0.028957648999949015,28.957648999949015
4315,0.024603107000075397,24.603107000075397
4316,0.023342663000221364,23.342663000221364
4317,0.03128474699997241,31.284746999972413
4318,0.025966683000206103,25.966683000206103
4319,0.02475661600010426,24.75661600010426
4320,0.02415686199992706,24.15686199992706
4321,0.02732536900020932,27.32536900020932
4322,0.02938794900001085,29.38794900001085
4323,0.024169707000055496,24.169707000055496
4324,0.023163041000316298,23.163041000316298
4325,0.03113575999987006,31.13575999987006
4326,0.028510052999990876,28.510052999990876
4327,0.02389170100013871,23.89170100013871
4328,0.02275406800026758,22.75406800026758
4329,0.031136110000261397,31.136110000261397
4330,0.029153675999623374,29.153675999623374
4331,0.0245170030002555,24.5170030002555
4332,0.023278666000351222,23.278666000351222
4333,0.03564440199988894,35.64440199988894
4334,0.02475162199971237,24.75162199971237
4335,0.0242582319997382,24.2582319997382
4336,0.023251835999872128,23.251835999872128
4337,0.027512372999808576,27.512372999808576
4338,0.03001630100015973,30.01630100015973
4339,0.02471818499998335,24.71818499998335
4340,0.02268154900002628,22.68154900002628
4341,0.029252870000163966,29.252870000163966
4342,0.02882375499984846,28.82375499984846
4343,0.02434503400036192,24.34503400036192
4344,0.022724763000042003,22.724763000042003
4345,0.03101602800006731,31.01602800006731
4346,0.030197238999789988,30.197238999789988
4347,0.024630962999708572,24.630962999708572
4348,0.023565480999877764,23.565480999877764
4349,0.045697756000208756,45.697756000208756
4350,0.025750627999968856,25.750627999968856
4351,0.023374905999844486,23.374905999844486
4352,0.030523281000114366,30.523281000114366
4353,0.047420534000139014,47.420534000139014
4354,0.024347518000013224,24.347518000013224
4355,0.023718738999832567,23.718738999832567
4356,0.022711559000072157,22.711559000072157
4357,0.026243177999731415,26.243177999731415
4358,0.03286746599997059,32.86746599997059
4359,0.024133746000188694,24.133746000188694
4360,0.02451189900011741,24.51189900011741
4361,0.03331731700018281,33.31731700018281
4362,0.02908623500024987,29.08623500024987
4363,0.02361415899986241,23.61415899986241
4364,0.02339722700025959,23.39722700025959
4365,0.036478786999850854,36.478786999850854
4366,0.024453291000099853,24.453291000099853
4367,0.024296952999975474,24.296952999975474
4368,0.02373023500013005,23.73023500013005
4369,0.030857592999836925,30.857592999836925
4370,0.029282032999617513,29.282032999617513
4371,0.02441607099990506,24.41607099990506
4372,0.022647793000032834,22.647793000032834
4373,0.02939164500003244,29.39164500003244
4374,0.02859465600022304,28.59465600022304
4375,0.02416305499991722,24.16305499991722
4376,0.022999723999873822,22.999723999873822
4377,0.029858376999982283,29.858376999982283
4378,0.028042453000125533,28.042453000125533
4379,0.023744195999825024,23.744195999825024
4380,0.022809140999925148,22.809140999925148
4381,0.031355416999758745,31.355416999758745
4382,0.02842814299992824,28.42814299992824
4383,0.024339514000075724,24.339514000075724
4384,0.023333438000008755,23.333438000008755
4385,0.027298475000407052,27.298475000407052
4386,0.032664179999756016,32.664179999756016
4387,0.025948083999992377,25.948083999992377
4388,0.02522618600005444,25.22618600005444
4389,0.05534145100000387,55.34145100000387
4390,0.0256418889998713,25.6418889998713
4391,0.03125515300007464,31.255153000074642
4392,0.026761275999888312,26.761275999888312
4393,0.04265895500020633,42.65895500020633
4394,0.02503845100000035,25.03845100000035
4395,0.02409417300032146,24.09417300032146
4396,0.025291164999998728,25.291164999998728
4397,0.04229061099977116,42.29061099977116
4398,0.026663491999897815,26.663491999897815
4399,0.024543584000184637,24.543584000184637
4400,0.023813496000002488,23.813496000002488
4401,0.03533242899993638,35.33242899993638
4402,0.029948524000246834,29.948524000246834
4403,0.023664879000079964,23.664879000079964
4404,0.022665735000373388,22.665735000373388
4405,0.039920219000123325,39.920219000123325
4406,0.025135133000276255,25.135133000276255
4407,0.023831507000068086,23.831507000068086
4408,0.02319824999995035,23.19824999995035
4409,0.02965694300019095,29.65694300019095
4410,0.029488295999726688,29.488295999726688
4411,0.023680724000314513,23.680724000314513
4412,0.02284820300019419,22.84820300019419
4413,0.030366096000307152,30.366096000307152
4414,0.029617656000027637,29.617656000027637
4415,0.024703912999939348,24.703912999939348
4416,0.023616727999979048,23.616727999979048
4417,0.024507845000243833,24.507845000243833
4418,0.0703406669999822,70.3406669999822
4419,0.05087229599985221,50.87229599985221
4420,0.04731432500011579,47.31432500011579
4421,0.030491534999782743,30.491534999782743
4422,0.028159060000234604,28.159060000234604
4423,0.023735334999855695,23.735334999855695
4424,0.022610303000419663,22.610303000419663
4425,0.030304212999908486,30.304212999908486
4426,0.02811012199981633,28.11012199981633
4427,0.023680429000251024,23.680429000251024
4428,0.02259675999994215,22.59675999994215
4429,0.02994476300000315,29.94476300000315
4430,0.029637282000294363,29.637282000294363
4431,0.024209983000218926,24.209983000218926
4432,0.023249641999882442,23.249641999882442
4433,0.03447803900007784,34.47803900007784
4434,0.025121960999967996,25.121960999967996
4435,0.024342466000234708,24.342466000234708
4436,0.023266857999715285,23.266857999715285
4437,0.0266361010003493,26.6361010003493
4438,0.03385651400003553,33.85651400003553
4439,0.02414799899997888,24.14799899997888
4440,0.02332985800012466,23.32985800012466
4441,0.03177131600023131,31.77131600023131
4442,0.02835681399983514,28.35681399983514
4443,0.02374312700021619,23.74312700021619
4444,0.022686040999815305,22.686040999815305
4445,0.032212776000051235,32.212776000051235
4446,0.02588612799991097,25.88612799991097
4447,0.0241649409999809,24.1649409999809
4448,0.02313539899978423,23.13539899978423
4449,0.02837081500001659,28.37081500001659
4450,0.024535915000342357,24.535915000342357
4451,0.02400301199986643,24.00301199986643
4452,0.022626993999892875,22.626993999892875
4453,0.04129811900020286,41.29811900020286
4454,0.024498536999999487,24.498536999999487
4455,0.02351974400016843,23.51974400016843
4456,0.02289617399992494,22.89617399992494
4457,0.03475933100025941,34.75933100025941
4458,0.029340456000227277,29.340456000227277
4459,0.02351549100012562,23.51549100012562
4460,0.022601277999910963,22.601277999910963
4461,0.03787785900021845,37.87785900021845
4462,0.025581788000181405,25.581788000181405
4463,0.024093376000109856,24.093376000109856
4464,0.02319039200028783,23.19039200028783
4465,0.03334535000021788,33.34535000021788
4466,0.029098652999891783,29.098652999891783
4467,0.029554275999998936,29.554275999998936
4468,0.02391029599993999,23.91029599993999
4469,0.040036082999904465,40.036082999904465
4470,0.030096933000095305,30.096933000095305
4471,0.02436599800012118,24.36599800012118
4472,0.02325077199975567,23.25077199975567
4473,0.03902786800017566,39.02786800017566
4474,0.02514924799970686,25.14924799970686
4475,0.023754785000164702,23.754785000164702
4476,0.022692571000334283,22.692571000334283
4477,0.032705627999803255,32.705627999803255
4478,0.029486057999747572,29.486057999747572
4479,0.02378560999977708,23.78560999977708
4480,0.022664548000193463,22.664548000193463
4481,0.03183948300011252,31.839483000112523
4482,0.025787734000005003,25.787734000005003
4483,0.024556172999837145,24.556172999837145
4484,0.023360674000286963,23.360674000286963
4485,0.02756424400013202,27.56424400013202
4486,0.026301477000288287,26.301477000288287
4487,0.024555679000059172,24.555679000059172
4488,0.02287421099981657,22.87421099981657
4489,0.025066752999919117,25.066752999919117
4490,0.033517715000016324,33.517715000016324
4491,0.024561302000165597,24.561302000165597
4492,0.023432392999893636,23.432392999893636
4493,0.027268701000139117,27.268701000139117
4494,0.031417299999702664,31.417299999702664
4495,0.023882775999936712,23.88277599993671
4496,0.022704044000420254,22.704044000420254
4497,0.028749041000082798,28.749041000082798
4498,0.029188484999849607,29.188484999849607
4499,0.02367557699972167,23.67557699972167
4500,0.02306556300027296,23.06556300027296
4501,0.02991075499994622,29.91075499994622
4502,0.03220169599990186,32.20169599990186
4503,0.02467217100002017,24.67217100002017
4504,0.023413001000335498,23.4130010003355
4505,0.03721713200002341,37.21713200002341
4506,0.02461776500013002,24.61776500013002
4507,0.024476601000060327,24.476601000060327
4508,0.02361706800002139,23.61706800002139
4509,0.02976446599996052,29.76446599996052
4510,0.030683251000027667,30.683251000027667
4511,0.024087707000035152,24.087707000035152
4512,0.023125220000110858,23.125220000110858
4513,0.028981380999994144,28.981380999994144
4514,0.029780014000152732,29.780014000152732
4515,0.023720402999970247,23.720402999970247
4516,0.023189336999621446,23.189336999621446
4517,0.038756984999963606,38.756984999963606
4518,0.024140629999692464,24.140629999692464
4519,0.02357992999986891,23.57992999986891
4520,0.022775081999952818,22.775081999952818
4521,0.027525577999767847,27.525577999767847
4522,0.024393811000209098,24.393811000209098
4523,0.0241443340000842,24.1443340000842
4524,0.02343743999972503,23.43743999972503
4525,0.027805077000266465,27.805077000266465
4526,0.027951381000093534,27.951381000093534
4527,0.024235556999883556,24.235556999883556
4528,0.02270125899985942,22.70125899985942
4529,0.02582481600029496,25.82481600029496
4530,0.03301484999974491,33.01484999974491
4531,0.0239593859996603,23.9593859996603
4532,0.022875026000292564,22.875026000292564
4533,0.02799441300021499,27.99441300021499
4534,0.026297586000055162,26.297586000055162
4535,0.025690380000014557,25.690380000014557
4536,0.02512501000001066,25.12501000001066
4537,0.03244930899973042,32.44930899973042
4538,0.029325931000130367,29.325931000130367
4539,0.024548453000079462,24.548453000079462
4540,0.02336584299973765,23.36584299973765
4541,0.03156494799986831,31.56494799986831
4542,0.026406806000068173,26.406806000068173
4543,0.024276481000015337,24.276481000015337
4544,0.02335871799959932,23.35871799959932
4545,0.028175399999781803,28.175399999781803
4546,0.025748051999926247,25.748051999926247
4547,0.024232552000285068,24.232552000285068
4548,0.022758197999792174,22.758197999792174
4549,0.025293277999935526,25.293277999935526
4550,0.034826138999960676,34.826138999960676
4551,0.024679995000042254,24.679995000042254
4552,0.02337957700001425,23.37957700001425
4553,0.02807676000020365,28.07676000020365
4554,0.02998544199999742,29.98544199999742
4555,0.023830001000078482,23.830001000078482
4556,0.022814345999904617,22.814345999904617
4557,0.02899976600019727,28.99976600019727
4558,0.029548381000040536,29.548381000040536
4559,0.023571886999889102,23.571886999889102
4560,0.022736704000180907,22.736704000180907
4561,0.029715831999965303,29.715831999965303
4562,0.029026707999946666,29.026707999946666
4563,0.02414930800023285,24.14930800023285
4564,0.0233568630001173,23.3568630001173
4565,0.03545838499985621,35.45838499985621
4566,0.025927357000000484,25.927357000000484
4567,0.024206376999700296,24.206376999700296
4568,0.023513266000009025,23.513266000009025
4569,0.027537114000097063,27.537114000097063
4570,0.032306751999840344,32.306751999840344
4571,0.02427029799991942,24.27029799991942
4572,0.02281630400011636,22.81630400011636
4573,0.029231697999875905,29.231697999875905
4574,0.02900511899997582,29.00511899997582
4575,0.0242371929998626,24.2371929998626
4576,0.022708372999659332,22.708372999659332
4577,0.03112891800037687,31.12891800037687
4578,0.029317616999833263,29.317616999833263
4579,0.024240427000222553,24.240427000222553
4580,0.023340905000168277,23.340905000168277
4581,0.028712128000279336,28.712128000279336
4582,0.025578212999789685,25.578212999789685
4583,0.024135381000178313,24.135381000178313
4584,0.023013631999674544,23.013631999674544
4585,0.03993496700013566,39.93496700013566
4586,0.025831442999788123,25.831442999788123
4587,0.024049439999998867,24.049439999998867
4588,0.0235269539998626,23.5269539998626
4589,0.034042265999687515,34.042265999687515
4590,0.028929222999977355,28.929222999977355
4591,0.023540986999705638,23.540986999705638
4592,0.022671186000025045,22.671186000025045
4593,0.03951197600008527,39.51197600008527
4594,0.026325465999889275,26.325465999889275
4595,0.024504592000084813,24.504592000084813
4596,0.02329304900013085,23.29304900013085
4597,0.030657551999865973,30.657551999865973
4598,0.03029848000005586,30.29848000005586
4599,0.024546410999846557,24.546410999846557
4600,0.022904344999915338,22.904344999915338
4601,0.038843059000100766,38.843059000100766
4602,0.024930236000273,24.930236000273
4603,0.024280027999793674,24.280027999793674
4604,0.023472285000025295,23.472285000025295
4605,0.029003611000007368,29.003611000007368
4606,0.029570247999799903,29.570247999799903
4607,0.02365891500039652,23.65891500039652
4608,0.022925934999875608,22.925934999875608
4609,0.029418195000289415,29.418195000289415
4610,0.029863885999930062,29.863885999930062
4611,0.024684503999651497,24.684503999651497
4612,0.023268026000096143,23.268026000096143
4613,0.03665982800021084,36.65982800021084
4614,0.02459692999991603,24.59692999991603
4615,0.023670136999953684,23.670136999953684
4616,0.02307603700000982,23.07603700000982
4617,0.02729170900011013,27.29170900011013
4618,0.023860079999849404,23.860079999849404
4619,0.02371555499985334,23.71555499985334
4620,0.023104854999928648,23.104854999928648
4621,0.03438916599998265,34.38916599998265
4622,0.02480719000004683,24.80719000004683
4623,0.02452850600002421,24.52850600002421
4624,0.023448698000265722,23.448698000265722
4625,0.02885658000013791,28.85658000013791
4626,0.025338775999898644,25.338775999898644
4627,0.024631227000099898,24.631227000099898
4628,0.02346665300001405,23.46665300001405
4629,0.02661197599991283,26.61197599991283
4630,0.032342906999929255,32.342906999929255
4631,0.024386731000049622,24.386731000049622
4632,0.023496043999784888,23.496043999784888
4633,0.03419808200033003,34.19808200033003
4634,0.028869310000118276,28.869310000118276
4635,0.02588571900014358,25.88571900014358
4636,0.023510729999998148,23.510729999998148
4637,0.02988383599995359,29.88383599995359
4638,0.028669200999956956,28.669200999956956
4639,0.023689943000135827,23.689943000135827
4640,0.022779896999963967,22.779896999963967
4641,0.029450555000039458,29.450555000039458
4642,0.03373945899966202,33.73945899966202
4643,0.025864366999940103,25.864366999940103
4644,0.025800440000239178,25.800440000239178
4645,0.028278768999825843,28.278768999825843
4646,0.03056139600039387,30.56139600039387
4647,0.024785564000012528,24.785564000012528
4648,0.02316825299976699,23.16825299976699
4649,0.029869272999803798,29.869272999803798
4650,0.02875623900035862,28.75623900035862
4651,0.023781397999755427,23.781397999755427
4652,0.022781354000017018,22.781354000017018
4653,0.03109100000028775,31.09100000028775
4654,0.029885695000302803,29.885695000302803
4655,0.024143562000062957,24.143562000062957
4656,0.023331393000262324,23.331393000262324
4657,0.027726143999643682,27.726143999643682
4658,0.02756535399976201,27.56535399976201
4659,0.024487828000019363,24.487828000019363
4660,0.023340186000041285,23.340186000041285
4661,0.02726037999991604,27.26037999991604
4662,0.027284175000204414,27.284175000204414
4663,0.023882107999725122,23.88210799972512
4664,0.02284207399998195,22.84207399998195
4665,0.032236812000064674,32.236812000064674
4666,0.024704065999685554,24.704065999685554
4667,0.02430785000024116,24.30785000024116
4668,0.02352443099971424,23.52443099971424
4669,0.027882511999905546,27.882511999905546
4670,0.03268064699977913,32.68064699977913
4671,0.024672443000326894,24.672443000326894
4672,0.0231290279998575,23.1290279998575
4673,0.031726788000014494,31.726788000014494
4674,0.02964223699973445,29.64223699973445
4675,0.027593867000177852,27.593867000177852
4676,0.02366428999994241,23.66428999994241
4677,0.02773321000040596,27.73321000040596
4678,0.032925091999914,32.925091999914
4679,0.024193659000047774,24.193659000047774
4680,0.023379875000046013,23.379875000046013
4681,0.031029658000079507,31.029658000079507
4682,0.02992507899989505,29.92507899989505
4683,0.023889373000201886,23.889373000201886
4684,0.02268563699999504,22.68563699999504
4685,0.03210030399986863,32.10030399986863
4686,0.026255340999796317,26.255340999796317
4687,0.024671128999671055,24.671128999671055
4688,0.023442788000011205,23.442788000011205
4689,0.027479136000238213,27.479136000238213
4690,0.02467500700004166,24.67500700004166
4691,0.02376258100002815,23.76258100002815
4692,0.023277634999885777,23.277634999885777
4693,0.03271491199984666,32.71491199984666
4694,0.025124644999777956,25.124644999777956
4695,0.024170541999865236,24.170541999865236
4696,0.023337260000062088,23.337260000062088
4697,0.02781559400000333,27.81559400000333
4698,0.02481406699962463,24.81406699962463
4699,0.024529746000098385,24.529746000098385
4700,0.02300590499999089,23.00590499999089
4701,0.02764926600002582,27.64926600002582
4702,0.024730017999900156,24.730017999900156
4703,0.024140124000041396,24.140124000041396
4704,0.022822845000064262,22.822845000064262
4705,0.034282307000012224,34.282307000012224
4706,0.02500851100012369,25.00851100012369
4707,0.024456117000227096,24.456117000227096
4708,0.02409106899995095,24.09106899995095
4709,0.02674603199966441,26.74603199966441
4710,0.03171137599974827,31.71137599974827
4711,0.025665329999810638,25.665329999810638
4712,0.027112284999930125,27.112284999930125
4713,0.045941060000131984,45.94106000013198
4714,0.026333318000069994,26.333318000069994
4715,0.02382676499973968,23.82676499973968
4716,0.023337299000104395,23.337299000104395
4717,0.027959055999872362,27.959055999872362
4718,0.0248934599999302,24.8934599999302
4719,0.03579632900027718,35.79632900027718
4720,0.026372800999979518,26.372800999979518
4721,0.042507502999797,42.507502999797
4722,0.024712980999993306,24.712980999993306
4723,0.024068364999948244,24.068364999948244
4724,0.023379932999887387,23.379932999887387
4725,0.03247594399999798,32.47594399999798
4726,0.028817620999689098,28.817620999689098
4727,0.02405292699995698,24.05292699995698
4728,0.022708885000156442,22.708885000156442
4729,0.037590880999687215,37.590880999687215
4730,0.02537176299983912,25.37176299983912
4731,0.024174287999812805,24.174287999812805
4732,0.023889550999683706,23.889550999683706
4733,0.03020701800005554,30.20701800005554
4734,0.030027756999970734,30.027756999970734
4735,0.02382562900038465,23.82562900038465
4736,0.022733840999990207,22.733840999990207
4737,0.03548679699997592,35.48679699997592
4738,0.02398947700021381,23.98947700021381
4739,0.024236132000169164,24.236132000169164
4740,0.023032950000015262,23.032950000015262
4741,0.037163974000122835,37.163974000122835
4742,0.024619202999929257,24.619202999929257
4743,0.02419755500022802,24.19755500022802
4744,0.02324512200038953,23.24512200038953
4745,0.0317670670001462,31.7670670001462
4746,0.02509303299984822,25.09303299984822
4747,0.024415568000222265,24.415568000222265
4748,0.02269557999989047,22.69557999989047
4749,0.027855215999807115,27.855215999807115
4750,0.029494845000044734,29.494845000044734
4751,0.02388581500008513,23.88581500008513
4752,0.0228874449999239,22.8874449999239
4753,0.029616224999699625,29.616224999699625
4754,0.029157560000385274,29.157560000385274
4755,0.024220406000040384,24.220406000040384
4756,0.023287805000109074,23.287805000109074
4757,0.03143434499997966,31.434344999979658
4758,0.028999402999943413,28.999402999943413
4759,0.02476383499970325,24.76383499970325
4760,0.023404190999826824,23.404190999826824
4761,0.03747159800013833,37.47159800013833
4762,0.024861080999926344,24.861080999926344
4763,0.024239509999915754,24.239509999915754
4764,0.02350403099990217,23.50403099990217
4765,0.029499457999918377,29.499457999918377
4766,0.029286333000072773,29.286333000072773
4767,0.023775567000029696,23.775567000029696
4768,0.022763715000110096,22.763715000110096
4769,0.029340511000100378,29.340511000100378
4770,0.02985747299999275,29.85747299999275
4771,0.024065924000296945,24.065924000296945
4772,0.023309181000058743,23.309181000058743
4773,0.03522422199966968,35.22422199966968
4774,0.025281835999976465,25.281835999976465
4775,0.02448936800010415,24.48936800010415
4776,0.023487228999783838,23.487228999783838
4777,0.02780189600025551,27.80189600025551
4778,0.0306969680000293,30.6969680000293
4779,0.023923247999846353,23.923247999846353
4780,0.023087899000074685,23.087899000074685
4781,0.029297016999862535,29.297016999862535
4782,0.029019079000136117,29.019079000136117
4783,0.023989589999928285,23.989589999928285
4784,0.0227454820001185,22.7454820001185
4785,0.029196043999945687,29.196043999945687
4786,0.029179308000038873,29.179308000038873
4787,0.02417038399971716,24.17038399971716
4788,0.023450854000202526,23.450854000202526
4789,0.03309089200001836,33.09089200001836
4790,0.02565674300012688,25.65674300012688
4791,0.02395065100017746,23.95065100017746
4792,0.02274084100008622,22.74084100008622
4793,0.027926465999826178,27.926465999826178
4794,0.027861590000156866,27.861590000156866
4795,0.023559623999972246,23.559623999972246
4796,0.022672525999951176,22.672525999951176
4797,0.02857654499985074,28.57654499985074
4798,0.03018885500023316,30.18885500023316
4799,0.02892608599995583,28.92608599995583
4800,0.02360930399981953,23.60930399981953
4801,0.036395996999999625,36.395996999999625
4802,0.029204034000031243,29.204034000031243
4803,0.022752537000087614,22.752537000087614
4804,0.020918475999678776,20.918475999678776
4805,0.032485455999903934,32.485455999903934
4806,0.028620889999729116,28.620889999729116
4807,0.02248713500011945,22.48713500011945
4808,0.020966134999980568,20.966134999980568
4809,0.032464555999922595,32.464555999922595
4810,0.02861602299981314,28.61602299981314
4811,0.022596622000037314,22.596622000037314
4812,0.021664860999862867,21.664860999862867
4813,0.03340786799981288,33.40786799981288
4814,0.028922495000188064,28.922495000188064
4815,0.02269818700005999,22.69818700005999
4816,0.02101123300008112,21.01123300008112
4817,0.03346817900001042,33.46817900001042
4818,0.02772407300017221,27.72407300017221
4819,0.022371346999989328,22.371346999989328
4820,0.02147749300002033,21.47749300002033
4821,0.032606128000225,32.606128000225
4822,0.028601094000350713,28.601094000350713
4823,0.022623577000103978,22.623577000103978
4824,0.02145394099989062,21.45394099989062
4825,0.033439132000239624,33.439132000239624
4826,0.028137871999661,28.137871999661
4827,0.022907098999894515,22.907098999894515
4828,0.02152671099975123,21.52671099975123
4829,0.03476899399993272,34.76899399993272
4830,0.024165523999727156,24.165523999727156
4831,0.023605953000242152,23.605953000242152
4832,0.021493152999937593,21.493152999937593
4833,0.029507085999739502,29.507085999739502
4834,0.031240219999745023,31.240219999745023
4835,0.023323436999817204,23.323436999817204
4836,0.020998258999952668,20.998258999952668
4837,0.029000260999964667,29.000260999964667
4838,0.02539476999982071,25.39476999982071
4839,0.022608801000387757,22.608801000387757
4840,0.026136771999972552,26.136771999972552
4841,0.0351677710000331,35.1677710000331
4842,0.024038175999976374,24.038175999976374
4843,0.02272900599973582,22.72900599973582
4844,0.021031489000051806,21.031489000051806
4845,0.02930940099986401,29.30940099986401
4846,0.02484598000000915,24.84598000000915
4847,0.02262083799996617,22.62083799996617
4848,0.0217190280000068,21.7190280000068
4849,0.03453115799993611,34.53115799993611
4850,0.02400631999989855,24.00631999989855
4851,0.022312604000035208,22.312604000035208
4852,0.02151630300022589,21.51630300022589
4853,0.03626336400020591,36.26336400020591
4854,0.02422325199995612,24.22325199995612
4855,0.02253741499998796,22.53741499998796
4856,0.021548974999859638,21.548974999859638
4857,0.039062327000010555,39.062327000010555
4858,0.023951570999997784,23.951570999997784
4859,0.0224836239999604,22.4836239999604
4860,0.02197281799999473,21.97281799999473
4861,0.02988360700010162,29.88360700010162
4862,0.023671189999731723,23.671189999731723
4863,0.022677954999835492,22.677954999835492
4864,0.021108437000293634,21.108437000293634
4865,0.033172677000038675,33.172677000038675
4866,0.03150372700019943,31.503727000199433
4867,0.029898771999796736,29.898771999796736
4868,0.03290534600000683,32.90534600000683
4869,0.036534651999772905,36.534651999772905
4870,0.02954502800002956,29.54502800002956
4871,0.022539577999850735,22.539577999850735
4872,0.02166621100013799,21.66621100013799
4873,0.033318882000003214,33.318882000003214
4874,0.12418313799980751,124.18313799980751
4875,0.04034198900035335,40.34198900035335
4876,0.02102267700001903,21.02267700001903
4877,0.03412664600000426,34.12664600000426
4878,0.023665037999762717,23.665037999762717
4879,0.021782387000257586,21.782387000257586
4880,0.02099325900007898,20.99325900007898
4881,0.033035635000032926,33.035635000032926
4882,0.027990808000140532,27.990808000140532
4883,0.0231130160000248,23.1130160000248
4884,0.02182443699985015,21.82443699985015
4885,0.033760753000024124,33.760753000024124
4886,0.027106111000193778,27.106111000193778
4887,0.02264811799977906,22.64811799977906
4888,0.021105809999880876,21.105809999880876
4889,0.03255973300019832,32.55973300019832
4890,0.028463401999943017,28.463401999943017
4891,0.022674523999739904,22.674523999739904
4892,0.021043319999989762,21.043319999989762
4893,0.03244836999965628,32.44836999965628
4894,0.02882249899994349,28.82249899994349
4895,0.02236826399985148,22.36826399985148
4896,0.02188886799967804,21.88886799967804
4897,0.03629430899991348,36.29430899991348
4898,0.026243487000101595,26.243487000101595
4899,0.022709600999860413,22.709600999860413
4900,0.02166724200014869,21.66724200014869
4901,0.030008745000031922,30.008745000031922
4902,0.022989065000274422,22.989065000274422
4903,0.023268469999948138,23.268469999948138
4904,0.02236587800007328,22.36587800007328
4905,0.037610795999626134,37.610795999626134
4906,0.024181016000056843,24.181016000056843
4907,0.022420527000122092,22.420527000122092
4908,0.02110676099982811,21.10676099982811
4909,0.0384594429997378,38.4594429997378
4910,0.0239631129998088,23.9631129998088
4911,0.0230392009998468,23.0392009998468
4912,0.021612097999877733,21.612097999877733
4913,0.03917199100033031,39.17199100033031
4914,0.023714418000054138,23.71441800005414
4915,0.022418702999857487,22.418702999857487
4916,0.021519284000078187,21.519284000078187
4917,0.027817213000162155,27.817213000162155
4918,0.03295419000005495,32.95419000005495
4919,0.022897256000305788,22.897256000305788
4920,0.02198186000032365,21.98186000032365
4921,0.03128562100027921,31.285621000279207
4922,0.02846740899985889,28.46740899985889
4923,0.02338900399990962,23.38900399990962
4924,0.021399441000085062,21.399441000085062
4925,0.030692275000092195,30.692275000092195
4926,0.02894408400015891,28.94408400015891
4927,0.022347699999954784,22.347699999954784
4928,0.021139905999916664,21.139905999916664
4929,0.03031246000000465,30.31246000000465
4930,0.031173213999863947,31.173213999863947
4931,0.022845297000003484,22.845297000003484
4932,0.02186514699997133,21.86514699997133
4933,0.0337868219999109,33.7868219999109
4934,0.02894950500012783,28.94950500012783
4935,0.02270032699971125,22.70032699971125
4936,0.021030946999871958,21.030946999871958
4937,0.0327510130000519,32.7510130000519
4938,0.028434003999791457,28.434003999791457
4939,0.022251256999879843,22.251256999879843
4940,0.021050036999895383,21.050036999895383
4941,0.03184912200003964,31.849122000039642
4942,0.028054134999820235,28.054134999820235
4943,0.021944565000012517,21.944565000012517
4944,0.024941997000041738,24.941997000041738
4945,0.027406083999721886,27.406083999721886
4946,0.037073760999646765,37.073760999646765
4947,0.022558844999821304,22.558844999821304
4948,0.02237780899986319,22.37780899986319
4949,0.030505334000281437,30.505334000281437
4950,0.023461797999971168,23.461797999971168
4951,0.022456122000221512,22.456122000221512
4952,0.021990212999753567,21.990212999753567
4953,0.03423029300029157,34.23029300029157
4954,0.02308210399996824,23.08210399996824
4955,0.021927396000137378,21.927396000137378
4956,0.021008257000175945,21.008257000175945
4957,0.03327223799988133,33.27223799988133
4958,0.028651795999849128,28.651795999849128
4959,0.02294289800011029,22.94289800011029
4960,0.02167242299992722,21.67242299992722
4961,0.0332011830000738,33.2011830000738
4962,0.04186056699973051,41.86056699973051
4963,0.032422520000181976,32.422520000181976
4964,0.021682051000425417,21.682051000425417
4965,0.030644089999896096,30.644089999896096
4966,0.02880211500041696,28.80211500041696
4967,0.022172051999859832,22.172051999859832
4968,0.021410420999927737,21.410420999927737
4969,0.030650031000277522,30.650031000277522
4970,0.029360970999732672,29.36097099973267
4971,0.02752013100007389,27.52013100007389
4972,0.02739739099979488,27.39739099979488
4973,0.03309042899991255,33.09042899991255
4974,0.02389300300001196,23.89300300001196
4975,0.022770477999983996,22.770477999983996
4976,0.021065705999717466,21.065705999717466
4977,0.029307182999673387,29.307182999673387
4978,0.02753825699983281,27.53825699983281
4979,0.02229539099971589,22.29539099971589
4980,0.021043735999683122,21.043735999683122
4981,0.03222202200004176,32.22202200004176
4982,0.029778616999919905,29.778616999919905
4983,0.023758131000249705,23.758131000249705
4984,0.021890576999794575,21.890576999794575
4985,0.026953308999964065,26.953308999964065
4986,0.03600277600025947,36.00277600025947
4987,0.022508624000238342,22.508624000238342
4988,0.021693175999644154,21.693175999644154
4989,0.030188684999757243,30.188684999757243
4990,0.023960325999723864,23.960325999723864
4991,0.02187135499980286,21.87135499980286
4992,0.021590115999970294,21.590115999970294
4993,0.033213245999832,33.213245999832
4994,0.029006314000071143,29.006314000071143
4995,0.02432312200016895,24.32312200016895
4996,0.022174788000029366,22.174788000029366
4997,0.03795502299999498,37.95502299999498
4998,0.02784482500010199,27.84482500010199
4999,0.02257309200012969,22.57309200012969
5000,0.021156569000140735,21.156569000140735
5001,0.029683322999972006,29.683322999972006
5002,0.029521597999973892,29.521597999973892
5003,0.027428752000105305,27.428752000105305
5004,0.024554805999741802,24.554805999741802
5005,0.04794361000040226,47.94361000040226
5006,0.024974884999664937,24.974884999664937
5007,0.022616727000240644,22.616727000240644
5008,0.021893919999911304,21.893919999911304
5009,0.036440820999814605,36.440820999814605
5010,0.023992464000002656,23.992464000002656
5011,0.022910826000043016,22.910826000043016
5012,0.021943492999980663,21.943492999980663
5013,0.03012941699989824,30.12941699989824
5014,0.026580710999951407,26.580710999951407
5015,0.022703267999986565,22.703267999986565
5016,0.02097691400012991,20.97691400012991
5017,0.034182698000222445,34.182698000222445
5018,0.02793353200013371,27.93353200013371
5019,0.022167614999943908,22.167614999943908
5020,0.020988130000205274,20.988130000205274
5021,0.032773698000255536,32.773698000255536
5022,0.0292050449997987,29.2050449997987
5023,0.023512918000051286,23.512918000051286
5024,0.0219878630000494,21.9878630000494
5025,0.026862862999678327,26.862862999678327
5026,0.03574831300011283,35.74831300011283
5027,0.02497316500011948,24.97316500011948
5028,0.02168164099975911,21.68164099975911
5029,0.03623926999989635,36.23926999989635
5030,0.023516905000178667,23.516905000178667
5031,0.021923706000052334,21.923706000052334
5032,0.02182046799998716,21.82046799998716
5033,0.03822424300005878,38.22424300005878
5034,0.02384442999982639,23.84442999982639
5035,0.023107158000129857,23.107158000129857
5036,0.02152067299994087,21.52067299994087
5037,0.029689642999983334,29.689642999983334
5038,0.03155917599997338,31.559175999973377
5039,0.03251817199998186,32.51817199998186
5040,0.032668149000073754,32.668149000073754
5041,0.05128173799994329,51.28173799994329
5042,0.030724229000043124,30.724229000043124
5043,0.03082772199968531,30.82772199968531
5044,0.02983413100037069,29.83413100037069
5045,0.04812522599968361,48.12522599968361
5046,0.02263209700004154,22.63209700004154
5047,0.021711691999826144,21.711691999826144
5048,0.03440335999994204,34.40335999994204
5049,0.033635003000199504,33.635003000199504
5050,0.030798748000052,30.798748000052
5051,0.04944589700016877,49.44589700016877
5052,0.024826057000154833,24.826057000154833
5053,0.021486807999735902,21.486807999735902
5054,0.03490406199989593,34.90406199989593
5055,0.024283750999984477,24.283750999984477
5056,0.021424718000162102,21.424718000162102
5057,0.02098361600019416,20.98361600019416
5058,0.032854263999979594,32.854263999979594
5059,0.024713418000374077,24.713418000374077
5060,0.024209488999986206,24.209488999986206
5061,0.02370729999984178,23.70729999984178
5062,0.028443457999856037,28.443457999856037
5063,0.024681596999926114,24.681596999926114
5064,0.023872721000316233,23.872721000316233
5065,0.023277199999938603,23.277199999938603
5066,0.02727016300013929,27.27016300013929
5067,0.02742304299999887,27.42304299999887
5068,0.023205369000152132,23.20536900015213
5069,0.022961618000408635,22.961618000408635
5070,0.03281239100033417,32.81239100033417
5071,0.024907993999931932,24.907993999931932
5072,0.02364671699979226,23.64671699979226
5073,0.02343069500011552,23.43069500011552
5074,0.02850862299965229,28.50862299965229
5075,0.024825141999826883,24.825141999826883
5076,0.02366124599984687,23.66124599984687
5077,0.02271296099979736,22.71296099979736
5078,0.03447796599994035,34.47796599994035
5079,0.024209687000166014,24.209687000166014
5080,0.023170705999746133,23.170705999746133
5081,0.02299315599975671,22.99315599975671
5082,0.02593041299996912,25.93041299996912
5083,0.03536583699997209,35.36583699997209
5084,0.023634273999959987,23.634273999959987
5085,0.023337905999596842,23.337905999596842
5086,0.03186484100024245,31.86484100024245
5087,0.02944225200008077,29.44225200008077
5088,0.023640249999971275,23.640249999971275
5089,0.023588114000176574,23.588114000176574
5090,0.03217050900002505,32.17050900002505
5091,0.02602521600010732,26.02521600010732
5092,0.02443591600012951,24.43591600012951
5093,0.02334044899998844,23.34044899998844
5094,0.028602882000086538,28.602882000086538
5095,0.02488790200004587,24.88790200004587
5096,0.02393928599985884,23.93928599985884
5097,0.022771274999740854,22.771274999740854
5098,0.029518594999899506,29.518594999899506
5099,0.023974877999989985,23.974877999989985
5100,0.023535061000075075,23.535061000075075
5101,0.022998443000233237,22.998443000233237
5102,0.034711141000116186,34.711141000116186
5103,0.024843924999913725,24.843924999913725
5104,0.024116686999605008,24.116686999605008
5105,0.02334485700021105,23.34485700021105
5106,0.02829626199991253,28.29626199991253
5107,0.024664078999649064,24.664078999649064
5108,0.023802019999948243,23.802019999948243
5109,0.024055584000052477,24.055584000052477
5110,0.05703956899969853,57.03956899969853
5111,0.02391482500024722,23.91482500024722
5112,0.022712418000082835,22.712418000082835
5113,0.02288600600013524,22.88600600013524
5114,0.029464025999914156,29.464025999914156
5115,0.028816567999911058,28.816567999911058
5116,0.023338655999850744,23.338655999850744
5117,0.022704213999986678,22.704213999986678
5118,0.030820511000001716,30.820511000001716
5119,0.029340848000174446,29.340848000174446
5120,0.024237646000074164,24.237646000074164
5121,0.023814318999939132,23.814318999939132
5122,0.02945834100000866,29.45834100000866
5123,0.026624167000136367,26.624167000136367
5124,0.02313971700004913,23.13971700004913
5125,0.02534583399983603,25.34583399983603
5126,0.0392491389998213,39.2491389998213
5127,0.025618679000217526,25.618679000217526
5128,0.02299010000024282,22.99010000024282
5129,0.022782569999890256,22.782569999890256
5130,0.037913468000169814,37.913468000169814
5131,0.025469556000189186,25.469556000189186
5132,0.02619538699991608,26.19538699991608
5133,0.0285797100000309,28.5797100000309
5134,0.031518416999915644,31.518416999915644
5135,0.02926567700023952,29.26567700023952
5136,0.023830580000321788,23.83058000032179
5137,0.023719089000223903,23.719089000223903
5138,0.03480542399984188,34.80542399984188
5139,0.0253089610000643,25.3089610000643
5140,0.023917253000036,23.917253000036
5141,0.024412797999957547,24.412797999957547
5142,0.04252396099991529,42.52396099991529
5143,0.024469010999837337,24.469010999837337
5144,0.023206188999665756,23.206188999665756
5145,0.02308888700008538,23.08888700008538
5146,0.03602570800012472,36.02570800012472
5147,0.02473442900009104,24.73442900009104
5148,0.023697057999925164,23.697057999925164
5149,0.02331788299989057,23.31788299989057
5150,0.02737252700035242,27.37252700035242
5151,0.02961765200006994,29.61765200006994
5152,0.023342433999914647,23.342433999914647
5153,0.022766138999941177,22.766138999941177
5154,0.02936650100036786,29.36650100036786
5155,0.02904991200011864,29.04991200011864
5156,0.02338037399977111,23.38037399977111
5157,0.02331327899992175,23.31327899992175
5158,0.030278783999619918,30.278783999619918
5159,0.03037348399993789,30.37348399993789
5160,0.0243694239998149,24.3694239998149
5161,0.023460488000182522,23.460488000182522
5162,0.033053843999823584,33.053843999823584
5163,0.025078849000237824,25.078849000237824
5164,0.023882195000169304,23.882195000169304
5165,0.023775398999987374,23.775398999987374
5166,0.03539092699975299,35.39092699975299
5167,0.03285425599960945,32.85425599960945
5168,0.023221146000196313,23.221146000196313
5169,0.02284352900005615,22.84352900005615
5170,0.032520961000045645,32.520961000045645
5171,0.02726912700018147,27.26912700018147
5172,0.023846859999594017,23.846859999594017
5173,0.023467457000151626,23.467457000151626
5174,0.02842647899979056,28.42647899979056
5175,0.030678727000122308,30.678727000122308
5176,0.023331495000093128,23.331495000093128
5177,0.022813915999904566,22.813915999904566
5178,0.029687305000152264,29.687305000152264
5179,0.029010330000346585,29.010330000346585
5180,0.023687955999776023,23.687955999776023
5181,0.02316231999975571,23.16231999975571
5182,0.031072512999799073,31.072512999799073
5183,0.0293783759998405,29.3783759998405
5184,0.02537103599979673,25.37103599979673
5185,0.023177345000021887,23.177345000021887
5186,0.035628360000373505,35.628360000373505
5187,0.0253823520001788,25.3823520001788
5188,0.023788803000115877,23.788803000115877
5189,0.02339310299976205,23.39310299976205
5190,0.03519125699995129,35.19125699995129
5191,0.02931346300010773,29.31346300010773
5192,0.025077506999878096,25.077506999878096
5193,0.024327997000000323,24.327997000000323
5194,0.04992660800007798,49.92660800007798
5195,0.024760635999882652,24.760635999882652
5196,0.023311282999657124,23.311282999657124
5197,0.023019024999939575,23.019024999939575
5198,0.025918031000401243,25.918031000401243
5199,0.03667594799981089,36.67594799981089
5200,0.024201838999942993,24.201838999942993
5201,0.02346181999973851,23.46181999973851
5202,0.032563355000093,32.563355000093
5203,0.029767200000151206,29.767200000151206
5204,0.02331815999968967,23.31815999968967
5205,0.022857791000205907,22.857791000205907
5206,0.03155408400016313,31.55408400016313
5207,0.027871639000295545,27.871639000295545
5208,0.02328652600044734,23.28652600044734
5209,0.02307263000011517,23.07263000011517
5210,0.035517957999672944,35.517957999672944
5211,0.024848285999723885,24.848285999723885
5212,0.023833607999677042,23.833607999677042
5213,0.02360146299997723,23.60146299997723
5214,0.028928785000061907,28.928785000061907
5215,0.03043288599974403,30.43288599974403
5216,0.02390412800014019,23.90412800014019
5217,0.022975755000061326,22.975755000061326
5218,0.02940997799987599,29.40997799987599
5219,0.02906041100004586,29.06041100004586
5220,0.023333639000156836,23.333639000156836
5221,0.02283525600023495,22.83525600023495
5222,0.030262625999966986,30.262625999966986
5223,0.029466471999967325,29.466471999967325
5224,0.023271173000011913,23.271173000011913
5225,0.023387125999761338,23.387125999761338
5226,0.033189759000379127,33.18975900037913
5227,0.02487128200027655,24.87128200027655
5228,0.023821496999971714,23.821496999971714
5229,0.023461727000267274,23.461727000267274
5230,0.028341749999981403,28.341749999981403
5231,0.025362361000134115,25.362361000134115
5232,0.023817615000098158,23.817615000098158
5233,0.022955964999709977,22.955964999709977
5234,0.025829689000147482,25.829689000147482
5235,0.035289710000142804,35.289710000142804
5236,0.023951239000325586,23.951239000325586
5237,0.023623824999958742,23.623824999958742
5238,0.03140256699998645,31.402566999986448
5239,0.02996631999985766,29.96631999985766
5240,0.02383501399981469,23.83501399981469
5241,0.022852352999962022,22.852352999962022
5242,0.030552821999663138,30.552821999663138
5243,0.029094806000102835,29.094806000102835
5244,0.023265543000434263,23.265543000434263
5245,0.022767173999909573,22.767173999909573
5246,0.03148258800001713,31.48258800001713
5247,0.028512589999991178,28.512589999991178
5248,0.024153228000159288,24.153228000159288
5249,0.023394277000079455,23.394277000079455
5250,0.02854800900013288,28.54800900013288
5251,0.024953932999778772,24.95393299977877
5252,0.023565676000089297,23.565676000089297
5253,0.022909033999894746,22.909033999894746
5254,0.03489803500042399,34.89803500042399
5255,0.024695409000287327,24.695409000287327
5256,0.02411638800003857,24.11638800003857
5257,0.02351156800023091,23.51156800023091
5258,0.026447357000051852,26.447357000051852
5259,0.03239934599969274,32.39934599969274
5260,0.023317034000228887,23.317034000228887
5261,0.022892170999966766,22.892170999966766
5262,0.029913620999650448,29.913620999650448
5263,0.029772365000098944,29.772365000098944
5264,0.023866795000230923,23.866795000230923
5265,0.023475645999951666,23.475645999951666
5266,0.031619488000160345,31.619488000160345
5267,0.029281208999691444,29.281208999691444
5268,0.023404995999953826,23.404995999953826
5269,0.023064218999934383,23.064218999934383
5270,0.034981896999852324,34.981896999852324
5271,0.024852820999967662,24.852820999967662
5272,0.023781340999903477,23.781340999903477
5273,0.023288265999781288,23.288265999781288
5274,0.026815344000169716,26.815344000169716
5275,0.03319919499972457,33.19919499972457
5276,0.02383240700009992,23.83240700009992
5277,0.023602570000093692,23.602570000093692
5278,0.031858675999956176,31.858675999956176
5279,0.029339603999687824,29.339603999687824
5280,0.023613981999915268,23.613981999915268
5281,0.022808828999586694,22.808828999586694
5282,0.03296825899997202,32.96825899997202
5283,0.024728397000217228,24.728397000217228
5284,0.023817094000150973,23.817094000150973
5285,0.023464157000034902,23.464157000034902
5286,0.02854848700008006,28.54848700008006
5287,0.024932852999882016,24.932852999882016
5288,0.023283459000140283,23.283459000140283
5289,0.025247664999824337,25.247664999824337
5290,0.03684266999971442,36.84266999971442
5291,0.0316807079998398,31.680707999839797
5292,0.023976444999789237,23.976444999789237
5293,0.023996635999992577,23.996635999992577
5294,0.04104958200014153,41.04958200014153
5295,0.025120097000126407,25.120097000126407
5296,0.023257551999904535,23.257551999904535
5297,0.024006033999739884,24.006033999739884
5298,0.04081944699964879,40.81944699964879
5299,0.02840533000016876,28.40533000016876
5300,0.023136351999710314,23.136351999710314
5301,0.022914318000403,22.914318000403
5302,0.028464385000006587,28.464385000006587
5303,0.02974114800008465,29.74114800008465
5304,0.023893832999874576,23.893832999874576
5305,0.02384189999975206,23.84189999975206
5306,0.031063248999998905,31.063248999998905
5307,0.02883309199978612,28.83309199978612
5308,0.023532501999852684,23.532501999852684
5309,0.022831368999959523,22.831368999959523
5310,0.032109580999986065,32.109580999986065
5311,0.029070017999856645,29.070017999856645
5312,0.023966015000041807,23.966015000041807
5313,0.02317327600030694,23.17327600030694
5314,0.02661677400010376,26.61677400010376
5315,0.0323688769999535,32.3688769999535
5316,0.023988458000076207,23.988458000076207
5317,0.023612720999608428,23.612720999608428
5318,0.029434108000259585,29.434108000259585
5319,0.0301018129998738,30.1018129998738
5320,0.023335545000009006,23.335545000009006
5321,0.022838487999706558,22.838487999706558
5322,0.03365458899997975,33.65458899997975
5323,0.028151912999874185,28.151912999874185
5324,0.0259342449999167,25.9342449999167
5325,0.02360659800024223,23.60659800024223
5326,0.031317209000008006,31.317209000008006
5327,0.02518729000030362,25.18729000030362
5328,0.023355110000011337,23.355110000011337
5329,0.02306507799994506,23.06507799994506
5330,0.035583613000198966,35.583613000198966
5331,0.027907925999897998,27.907925999897998
5332,0.023698732999946515,23.698732999946515
5333,0.02278760199988028,22.78760199988028
5334,0.036587614999916696,36.587614999916696
5335,0.027115752000099747,27.115752000099747
5336,0.02364037500001359,23.64037500001359
5337,0.02297405700028321,22.97405700028321
5338,0.12712938499998927,127.12938499998927
5339,0.046977560999948764,46.977560999948764
5340,0.02324410800019905,23.24410800019905
5341,0.023037432999899465,23.037432999899465
5342,0.033625340000071446,33.625340000071446
5343,0.029317220999928395,29.317220999928395
5344,0.02332683700024063,23.32683700024063
5345,0.022828556999684224,22.828556999684224
5346,0.030131065999739803,30.131065999739803
5347,0.02836129500019524,28.36129500019524
5348,0.023413397999775043,23.413397999775043
5349,0.022793384000124206,22.793384000124206
5350,0.031818919999750506,31.818919999750506
5351,0.028403349999734928,28.403349999734928
5352,0.02421091999985947,24.21091999985947
5353,0.02347248900014165,23.47248900014165
5354,0.02808556999980283,28.08556999980283
5355,0.025506128999950306,25.506128999950306
5356,0.023810358999980963,23.810358999980963
5357,0.02348864399982631,23.48864399982631
5358,0.027697316000285355,27.697316000285355
5359,0.02664431799985323,26.64431799985323
5360,0.02402889499990124,24.02889499990124
5361,0.026141703999655874,26.141703999655874
5362,0.043727779000164446,43.727779000164446
5363,0.029180139000345662,29.18013900034566
5364,0.02388163199975679,23.88163199975679
5365,0.023910618999707367,23.910618999707367
5366,0.03760469500002728,37.60469500002728
5367,0.03104762800012395,31.04762800012395
5368,0.024318939999830036,24.318939999830036
5369,0.02497380200020416,24.97380200020416
5370,0.03695205099984378,36.95205099984378
5371,0.03187248499989437,31.87248499989437
5372,0.023645549999855575,23.645549999855575
5373,0.023268452999673173,23.268452999673173
5374,0.027656063999984326,27.656063999984326
5375,0.03089941500002169,30.89941500002169
5376,0.02323316199999681,23.23316199999681
5377,0.022900991999904363,22.900991999904363
5378,0.028928621999966708,28.92862199996671
5379,0.029823153000052116,29.823153000052116
5380,0.023089580000032583,23.089580000032583
5381,0.02263870600017981,22.63870600017981
5382,0.029494631000034133,29.494631000034133
5383,0.031290619999708724,31.290619999708724
5384,0.02436923899995236,24.36923899995236
5385,0.023541270999885455,23.541270999885455
5386,0.04024333300003491,40.24333300003491
5387,0.024875664999854052,24.875664999854052
5388,0.023001441999895178,23.001441999895178
5389,0.022685636000005616,22.685636000005616
5390,0.028190533999804757,28.190533999804757
5391,0.030633588999990025,30.633588999990025
5392,0.0230772159998196,23.0772159998196
5393,0.022946293999666523,22.946293999666523
5394,0.029839552999874286,29.839552999874286
5395,0.029487007999705384,29.487007999705384
5396,0.023720603000128904,23.720603000128904
5397,0.02323296400027175,23.23296400027175
5398,0.03225927199991929,32.25927199991929
5399,0.03045489299984183,30.45489299984183
5400,0.024143330000242713,24.143330000242713
5401,0.022896275999755744,22.896275999755744
5402,0.028443500000321364,28.443500000321364
5403,0.027439144999789278,27.439144999789278
5404,0.023010189000160608,23.010189000160608
5405,0.02269894699975339,22.69894699975339
5406,0.02995506499973999,29.95506499973999
5407,0.02515177000032054,25.15177000032054
5408,0.023628236000149627,23.628236000149627
5409,0.02325305899967134,23.25305899967134
5410,0.03144452700007605,31.44452700007605
5411,0.024486641000294185,24.486641000294185
5412,0.02304886699994313,23.04886699994313
5413,0.022827281999980187,22.827281999980187
5414,0.029760406000150397,29.760406000150397
5415,0.024245084000085626,24.245084000085626
5416,0.023043799999868497,23.043799999868497
5417,0.02335441700006413,23.35441700006413
5418,0.02986671300004673,29.86671300004673
5419,0.02479154299999209,24.79154299999209
5420,0.023587811999732367,23.587811999732367
5421,0.024037199999838776,24.037199999838776
5422,0.034832542999993166,34.832542999993166
5423,0.024857068000073923,24.857068000073923
5424,0.023700511999777518,23.700511999777518
5425,0.023384622000321542,23.384622000321542
5426,0.03047286900027757,30.47286900027757
5427,0.03030268700013039,30.30268700013039
5428,0.0235148870001467,23.5148870001467
5429,0.022599240000090504,22.599240000090504
5430,0.0324916449999364,32.4916449999364
