image_index,forward_latency_seconds,forward_latency_ms
0,0.02566159100024379,25.66159100024379
1,0.030938918000174453,30.938918000174453
2,0.024588413999936165,24.588413999936165
3,0.024901322000005166,24.901322000005166
4,0.06159654599969144,61.59654599969144
5,0.026967588999923464,26.967588999923464
6,0.024118464000366657,24.118464000366657
7,0.024774539000190998,24.774539000190998
8,0.04207193599995662,42.07193599995662
9,0.022367838000263873,22.367838000263873
10,0.02165505499988285,21.65505499988285
11,0.023807944000054704,23.807944000054704
12,0.04015240399985487,40.15240399985487
13,0.025645083999734197,25.645083999734197
14,0.023886493000190967,23.886493000190967
15,0.022796280999955343,22.796280999955343
16,0.03791071500018006,37.91071500018006
17,0.022404314000141312,22.404314000141312
18,0.021897397999964596,21.897397999964596
19,0.021418736000214267,21.418736000214267
20,0.03174499599981573,31.74499599981573
21,0.022462519999862707,22.462519999862707
22,0.021751567000137584,21.751567000137584
23,0.023451562999980524,23.451562999980524
24,0.02936540100017737,29.36540100017737
25,0.02746881700022641,27.46881700022641
26,0.021942690999821934,21.942690999821934
27,0.02155703900007211,21.55703900007211
28,0.028285030999995797,28.285030999995797
29,0.029605516999708925,29.605516999708925
30,0.02203349799992793,22.03349799992793
31,0.021413382999980968,21.413382999980968
32,0.025911049000114872,25.911049000114872
33,0.02974829499999032,29.74829499999032
34,0.03893876199981605,38.93876199981605
35,0.02272667899978842,22.72667899978842
36,0.039734457999657025,39.734457999657025
37,0.0220818610000606,22.0818610000606
38,0.023210142999687378,23.210142999687378
39,0.02168351399996027,21.68351399996027
40,0.0263894459999392,26.3894459999392
41,0.028628014999867446,28.628014999867446
42,0.02232639299973016,22.32639299973016
43,0.02161254500015275,21.61254500015275
44,0.02606038300018554,26.06038300018554
45,0.033456690999628336,33.456690999628336
46,0.020596166999894194,20.596166999894194
47,0.020444839999981923,20.444839999981923
48,0.03765950699971654,37.65950699971654
49,0.022742116999779682,22.742116999779682
50,0.0205549410002277,20.5549410002277
51,0.020542258999739715,20.542258999739715
52,0.03357764700012922,33.57764700012922
53,0.026500028999635106,26.500028999635106
54,0.021790538000004744,21.790538000004744
55,0.0202974600001653,20.2974600001653
56,0.034575509000205784,34.575509000205784
57,0.02718229899983271,27.18229899983271
58,0.020631122999930085,20.631122999930085
59,0.020221801999923628,20.221801999923628
60,0.040754690999619925,40.754690999619925
61,0.021574996000254032,21.574996000254032
62,0.020365015000152198,20.365015000152198
63,0.020442127000023902,20.442127000023902
64,0.03807176899999831,38.07176899999831
65,0.02236046999996688,22.36046999996688
66,0.020785353000064788,20.785353000064788
67,0.020046606000050815,20.046606000050815
68,0.03227406299993163,32.27406299993163
69,0.027194320000035077,27.194320000035077
70,0.022430540999721416,22.430540999721416
71,0.0216023849998237,21.6023849998237
72,0.028295082999648002,28.295082999648002
73,0.02813275300013629,28.13275300013629
74,0.02194939799983331,21.94939799983331
75,0.02176503300006516,21.76503300006516
76,0.025953782000215142,25.953782000215142
77,0.02881319500011159,28.81319500011159
78,0.021742193000136467,21.742193000136467
79,0.021549187000346137,21.549187000346137
80,0.02521316200000001,25.21316200000001
81,0.03397520400039866,33.97520400039866
82,0.021820918999765127,21.820918999765127
83,0.021689420999791764,21.689420999791764
84,0.027206976999877952,27.206976999877952
85,0.02679866599964953,26.79866599964953
86,0.022131203000299138,22.131203000299138
87,0.021557777999987593,21.557777999987593
88,0.02777462199992442,27.77462199992442
89,0.027611167000031855,27.611167000031855
90,0.021857334999822342,21.857334999822342
91,0.021479443999851355,21.479443999851355
92,0.025338425999962055,25.338425999962055
93,0.030138907000036852,30.138907000036852
94,0.021804601999974693,21.804601999974693
95,0.021592818000044645,21.592818000044645
96,0.026786088999870117,26.786088999870117
97,0.026573587999791926,26.573587999791926
98,0.022354131000156485,22.354131000156485
99,0.021557633000156784,21.557633000156784
100,0.02910200199994506,29.10200199994506
101,0.027641412000320997,27.641412000320997
102,0.02230057399992802,22.30057399992802
103,0.021462865000103193,21.462865000103193
104,0.02568079000002399,25.68079000002399
105,0.029637411999829055,29.637411999829055
106,0.02200539400018897,22.00539400018897
107,0.021629544999996142,21.629544999996142
108,0.02837337299979481,28.37337299979481
109,0.022114754000085668,22.114754000085668
110,0.022015719000137324,22.015719000137324
111,0.021613701000205765,21.613701000205765
112,0.031626877000235254,31.626877000235254
113,0.02720865799983585,27.20865799983585
114,0.021933414999693923,21.933414999693923
115,0.0212868140001774,21.2868140001774
116,0.027799633000086033,27.799633000086033
117,0.02992474399979983,29.92474399979983
118,0.021858390000033978,21.858390000033978
119,0.021753943000021536,21.753943000021536
120,0.025469554999745014,25.469554999745014
121,0.03190744099993026,31.90744099993026
122,0.02214695600014238,22.14695600014238
123,0.021736702999987756,21.736702999987756
124,0.02692480500036254,26.92480500036254
125,0.023417073000018718,23.417073000018718
126,0.021925713999735308,21.925713999735308
127,0.02141329500000211,21.41329500000211
128,0.0305299130000094,30.5299130000094
129,0.027350632999969093,27.350632999969093
130,0.021948941000118793,21.948941000118793
131,0.021465490000082355,21.465490000082355
132,0.02902826500030642,29.02826500030642
133,0.027666058999784582,27.666058999784582
134,0.02192975599973579,21.92975599973579
135,0.02153588999999556,21.53588999999556
136,0.02683793699998205,26.83793699998205
137,0.022106631000042398,22.1066310000424
138,0.021899607999785076,21.899607999785076
139,0.021245868999812956,21.245868999812956
140,0.030110958000022947,30.110958000022947
141,0.027395471000090765,27.395471000090765
142,0.023506444999839005,23.506444999839005
143,0.022465120000106253,22.465120000106253
144,0.028838083999744413,28.838083999744413
145,0.028177098000014666,28.177098000014666
146,0.022568868000234943,22.568868000234943
147,0.022141682999972545,22.141682999972545
148,0.029072048000216455,29.072048000216455
149,0.02852389600002425,28.52389600002425
150,0.023154845000135538,23.154845000135538
151,0.022387578999769175,22.387578999769175
152,0.029847781999706058,29.847781999706058
153,0.029299578000063775,29.299578000063775
154,0.022863509000217164,22.863509000217164
155,0.02305891600008181,23.05891600008181
156,0.03203669300000911,32.03669300000911
157,0.02955590800002028,29.55590800002028
158,0.023668170999826543,23.668170999826543
159,0.023366972000076203,23.366972000076203
160,0.025879258000259142,25.879258000259142
161,0.03407726600016758,34.07726600016758
162,0.024506477000159066,24.506477000159066
163,0.02444457000001421,24.44457000001421
164,0.046165539999947214,46.165539999947214
165,0.02417657300020437,24.17657300020437
166,0.023412637000092218,23.412637000092218
167,0.023204635999718448,23.204635999718448
168,0.02759900299997753,27.59900299997753
169,0.029195936999713012,29.195936999713012
170,0.023754897999879176,23.754897999879176
171,0.023135028000069724,23.135028000069724
172,0.03203102999987095,32.03102999987095
173,0.027859162999902765,27.859162999902765
174,0.023070357999586122,23.070357999586122
175,0.023988715000086813,23.988715000086813
176,0.0324467469999945,32.4467469999945
177,0.030487811000057263,30.487811000057263
178,0.026075565999690298,26.075565999690298
179,0.026555533999726322,26.555533999726322
180,0.03005568200023845,30.05568200023845
181,0.028639763000228413,28.639763000228413
182,0.023712755999895307,23.712755999895307
183,0.02314451799975359,23.14451799975359
184,0.02951283299989882,29.51283299989882
185,0.028650450999975874,28.650450999975874
186,0.023593093999807024,23.593093999807024
187,0.022629265999967174,22.629265999967174
188,0.03215256900011809,32.15256900011809
189,0.027121562999582238,27.12156299958224
190,0.022989219000010053,22.989219000010053
191,0.023275267999906646,23.275267999906646
192,0.031407587999638054,31.407587999638054
193,0.0252136750000318,25.2136750000318
194,0.023655287000110548,23.655287000110548
195,0.023327197000071465,23.327197000071465
196,0.03213917399989441,32.13917399989441
197,0.02415194499963036,24.15194499963036
198,0.025633656000081828,25.633656000081828
199,0.023407393000070442,23.407393000070442
200,0.026557997000054456,26.557997000054456
201,0.03063458399992669,30.63458399992669
202,0.02348659699964628,23.48659699964628
203,0.023240056999839,23.240056999839
204,0.029382717999851593,29.382717999851593
205,0.028637841000090702,28.637841000090702
206,0.024847991000115144,24.847991000115144
207,0.02612603500028854,26.12603500028854
208,0.03331569200008744,33.31569200008744
209,0.02412641699993401,24.12641699993401
210,0.023522133999904327,23.522133999904327
211,0.023029729999962,23.029729999962
212,0.03382919499972559,33.82919499972559
213,0.02402211900016482,24.02211900016482
214,0.02341397700001835,23.41397700001835
215,0.023654205000184447,23.654205000184447
216,0.026595799999995506,26.595799999995506
217,0.03106191500000932,31.06191500000932
218,0.023575443000027008,23.575443000027008
219,0.023396178999973927,23.396178999973927
220,0.028569396999955643,28.569396999955643
221,0.029305494999789516,29.305494999789516
222,0.02304311699981554,23.04311699981554
223,0.022762882000279205,22.762882000279205
224,0.02858358599996791,28.58358599996791
225,0.029571931999726075,29.571931999726075
226,0.02348030999974071,23.48030999974071
227,0.023207513999750518,23.207513999750518
228,0.030227122000269446,30.227122000269446
229,0.028459640000164654,28.459640000164654
230,0.023633073999917542,23.633073999917542
231,0.02318955200007622,23.18955200007622
232,0.031064093000168214,31.064093000168214
233,0.02727086799995959,27.27086799995959
234,0.02299858000014865,22.99858000014865
235,0.022494735999771365,22.494735999771365
236,0.029758802000287687,29.758802000287687
237,0.02815938899993853,28.15938899993853
238,0.022976951000146073,22.976951000146073
239,0.022641523999936908,22.641523999936908
240,0.026907103000212373,26.907103000212373
241,0.028271178000068176,28.271178000068176
242,0.023711734000244178,23.711734000244178
243,0.02322756700004902,23.22756700004902
244,0.029947990999971807,29.947990999971807
245,0.028171317000214913,28.171317000214913
246,0.023545935999663925,23.545935999663925
247,0.022348939000039536,22.348939000039536
248,0.03110548299991933,31.10548299991933
249,0.026276206000147795,26.276206000147795
250,0.022776770000291435,22.776770000291435
251,0.022571934000097826,22.571934000097826
252,0.03133687400031704,31.33687400031704
253,0.025231313000404043,25.231313000404043
254,0.023604420000083337,23.604420000083337
255,0.023385700000289944,23.385700000289944
256,0.02770767500032889,27.70767500032889
257,0.027148785000008502,27.148785000008502
258,0.023584776999996393,23.584776999996393
259,0.022927176000393956,22.927176000393956
260,0.025931650000075024,25.931650000075024
261,0.03220504999990226,32.20504999990226
262,0.023556519000067055,23.556519000067055
263,0.02291629199999079,22.91629199999079
264,0.027222651000101905,27.222651000101905
265,0.02724832600006266,27.24832600006266
266,0.023016888000256586,23.016888000256586
267,0.022556499000074837,22.556499000074837
268,0.12940095300018584,129.40095300018584
269,0.046522733999609045,46.522733999609045
270,0.023376989000098547,23.376989000098547
271,0.022998267999810196,22.998267999810196
272,0.033979052000177035,33.979052000177035
273,0.02398546099993837,23.98546099993837
274,0.023393410999688058,23.393410999688058
275,0.023240992999944865,23.240992999944865
276,0.0277302630001941,27.7302630001941
277,0.02374799900007929,23.74799900007929
278,0.02348881199986863,23.48881199986863
279,0.023004056999980094,23.004056999980094
280,0.031379155999729846,31.379155999729846
281,0.02340881800000716,23.40881800000716
282,0.02294960400013224,22.94960400013224
283,0.0223462109997854,22.3462109997854
284,0.031747656000334246,31.747656000334246
285,0.02479797999967559,24.79797999967559
286,0.023476219000258425,23.476219000258425
287,0.023212047000015446,23.212047000015446
288,0.027576243999646977,27.576243999646977
289,0.027322169999933976,27.322169999933976
290,0.02363926199996058,23.63926199996058
291,0.022828193999885116,22.828193999885116
292,0.03122607200020866,31.22607200020866
293,0.024405091000062384,24.405091000062384
294,0.02358198000001721,23.58198000001721
295,0.022951243000079558,22.951243000079558
296,0.029147368999929313,29.147368999929313
297,0.024071849999927508,24.071849999927508
298,0.023469878000014432,23.469878000014432
299,0.022943716000099812,22.943716000099812
300,0.03188449299977947,31.884492999779468
301,0.023779879999892728,23.779879999892728
302,0.023528663999968558,23.528663999968558
303,0.023654434000036417,23.654434000036417
304,0.027419479000400315,27.419479000400315
305,0.02713622999999643,27.13622999999643
306,0.0234046179998586,23.4046179998586
307,0.022478390000287618,22.478390000287618
308,0.03193611200003943,31.93611200003943
309,0.023887769000339176,23.887769000339176
310,0.023186721999991278,23.186721999991278
311,0.023220748999847274,23.220748999847274
312,0.032825758999933896,32.825758999933896
313,0.024049015999935364,24.049015999935364
314,0.023719980000350915,23.719980000350915
315,0.023130261999995128,23.130261999995128
316,0.027367427999706706,27.367427999706706
317,0.025399226999979874,25.399226999979874
318,0.023447331999705057,23.447331999705057
319,0.022369150000031368,22.369150000031368
320,0.03160949499988419,31.60949499988419
321,0.02512180499979877,25.12180499979877
322,0.023410810000314086,23.410810000314086
323,0.023217733999899792,23.217733999899792
324,0.037236976999793114,37.236976999793114
325,0.023756469000090874,23.756469000090874
326,0.023554820999834192,23.55482099983419
327,0.02413976800016826,24.13976800016826
328,0.03205508699966231,32.05508699966231
329,0.03213385300023219,32.13385300023219
330,0.023710939000011422,23.71093900001142
331,0.022516977000123006,22.516977000123006
332,0.029741218999788543,29.741218999788543
333,0.027702314000180195,27.702314000180195
334,0.022948986000301375,22.948986000301375
335,0.02264962600020226,22.64962600020226
336,0.033940390999759984,33.940390999759984
337,0.023753090999889537,23.753090999889537
338,0.027834070000153588,27.834070000153588
339,0.024046623000231193,24.046623000231193
340,0.042006409999885364,42.00640999988536
341,0.026569150999876,26.569150999876
342,0.025145909999992,25.145909999992
343,0.026463962999969226,26.463962999969226
344,0.04048222099982013,40.48222099982013
345,0.026255238000430836,26.255238000430836
346,0.023620446000222728,23.620446000222728
347,0.023101164999843604,23.101164999843604
348,0.03689581899971017,36.89581899971017
349,0.03001891100029752,30.01891100029752
350,0.024812941000163846,24.812941000163846
351,0.024752210000315245,24.752210000315245
352,0.03855012000030911,38.55012000030911
353,0.02392263299998376,23.92263299998376
354,0.023538478999853396,23.538478999853396
355,0.02289457000006223,22.89457000006223
356,0.03281431200002771,32.81431200002771
357,0.02389170300011756,23.89170300011756
358,0.02339048100020591,23.39048100020591
359,0.023107537999749184,23.107537999749184
360,0.03132984600006239,31.32984600006239
361,0.02326706199983164,23.26706199983164
362,0.024281254000015906,24.281254000015906
363,0.022625949000030232,22.625949000030232
364,0.026458499000000302,26.4584990000003
365,0.02438851600027192,24.38851600027192
366,0.023830865000036283,23.830865000036283
367,0.027212728999984392,27.212728999984392
368,0.026764217000163626,26.764217000163626
369,0.0317970780001815,31.7970780001815
370,0.023316441000133636,23.316441000133636
371,0.025329663999855256,25.329663999855256
372,0.03017668499978754,30.17668499978754
373,0.029119710000031773,29.119710000031773
374,0.02307035600006202,23.07035600006202
375,0.02264023600037035,22.64023600037035
376,0.029923047000011138,29.923047000011138
377,0.028443852000236802,28.443852000236802
378,0.023794337999788695,23.794337999788695
379,0.022860755000237987,22.860755000237987
380,0.031221671999901446,31.221671999901446
381,0.025372170000082406,25.372170000082406
382,0.02267464699980337,22.67464699980337
383,0.022582034000151907,22.582034000151907
384,0.031712489999790705,31.712489999790705
385,0.02369163799994567,23.69163799994567
386,0.024565853000240168,24.565853000240168
387,0.02328437300002406,23.28437300002406
388,0.029420501999993576,29.420501999993576
389,0.023841975000323146,23.841975000323146
390,0.023179409000022133,23.179409000022133
391,0.02229143800013844,22.29143800013844
392,0.03255942400028289,32.55942400028289
393,0.02398896100021375,23.98896100021375
394,0.02340684399996462,23.40684399996462
395,0.02312565700003688,23.12565700003688
396,0.03679445099987788,36.79445099987788
397,0.024392323000029137,24.392323000029137
398,0.02290129400034857,22.90129400034857
399,0.022629321000295022,22.629321000295022
400,0.033337719999963156,33.337719999963156
401,0.02375042699986807,23.75042699986807
402,0.022946390000015526,22.946390000015526
403,0.02284124299967516,22.84124299967516
404,0.02700514000025578,27.00514000025578
405,0.02315056999987064,23.15056999987064
406,0.022981176000030246,22.981176000030246
407,0.02267551100021592,22.67551100021592
408,0.03091106600004423,30.91106600004423
409,0.027701457000148366,27.701457000148366
410,0.02361544999985199,23.61544999985199
411,0.023188580000351067,23.188580000351067
412,0.027651526000227022,27.651526000227022
413,0.029206316999989212,29.206316999989212
414,0.02374762700037536,23.74762700037536
415,0.022872521999943274,22.872521999943274
416,0.028041800999744737,28.041800999744737
417,0.02418220299978202,24.18220299978202
418,0.023279158000150346,23.279158000150346
419,0.02274572700025601,22.74572700025601
420,0.03127459000006638,31.274590000066382
421,0.025257996999698662,25.257996999698662
422,0.02351401599980818,23.51401599980818
423,0.023162310999850888,23.162310999850888
424,0.032688180999684846,32.688180999684846
425,0.02408901800026797,24.08901800026797
426,0.0235233270000208,23.5233270000208
427,0.023008876999938366,23.008876999938366
428,0.027652069999930973,27.652069999930973
429,0.02489175900018381,24.89175900018381
430,0.023052299000028142,23.052299000028142
431,0.02265415000010762,22.65415000010762
432,0.03606599200020355,36.06599200020355
433,0.02331580700001723,23.31580700001723
434,0.02317257200002132,23.17257200002132
435,0.022589214999698015,22.589214999698015
436,0.026805306999904133,26.805306999904133
437,0.026974966000125278,26.974966000125278
438,0.02399219400012953,23.99219400012953
439,0.023215547000290826,23.215547000290826
440,0.032039582000379596,32.039582000379596
441,0.02400000399984492,24.00000399984492
442,0.02323239499992269,23.23239499992269
443,0.02320742199981396,23.20742199981396
444,0.0323389740001403,32.3389740001403
445,0.024190805000216642,24.190805000216642
446,0.02360080399967046,23.60080399967046
447,0.022676529999898776,22.676529999898776
448,0.03378350100001626,33.78350100001626
449,0.02352550000023257,23.52550000023257
450,0.022896109000157594,22.896109000157594
451,0.02237372299987328,22.37372299987328
452,0.028106865999689035,28.106865999689035
453,0.02445233000025837,24.45233000025837
454,0.023727045999748952,23.727045999748952
455,0.023262546000296425,23.262546000296425
456,0.03179622100014967,31.79622100014967
457,0.023704889999862644,23.704889999862644
458,0.023694475999946008,23.694475999946008
459,0.02326565400016989,23.26565400016989
460,0.025907458999881783,25.907458999881783
461,0.03327047700031471,33.27047700031471
462,0.0231427129997428,23.1427129997428
463,0.022448385000188864,22.448385000188864
464,0.02692490099980205,26.92490099980205
465,0.024669389999871782,24.669389999871782
466,0.0229274040002565,22.9274040002565
467,0.022700249000081385,22.700249000081385
468,0.029727196999829175,29.727196999829175
469,0.028410980999979074,28.410980999979074
470,0.023569375000079162,23.569375000079162
471,0.02318204799985324,23.18204799985324
472,0.0324340439997286,32.4340439997286
473,0.02398749299982228,23.98749299982228
474,0.023575354000058724,23.575354000058724
475,0.02307542000016838,23.07542000016838
476,0.02744663900011801,27.44663900011801
477,0.02692556900001364,26.92556900001364
478,0.023345724000137125,23.345724000137125
479,0.02285554999980377,22.85554999980377
480,0.03172052700028871,31.720527000288712
481,0.023890815999948245,23.890815999948245
482,0.02358712600016588,23.58712600016588
483,0.02364018699972803,23.64018699972803
484,0.035397917999944184,35.397917999944184
485,0.02419918499981577,24.19918499981577
486,0.02348762900010115,23.48762900010115
487,0.0228587849996984,22.8587849996984
488,0.026172656000198913,26.172656000198913
489,0.030872367000029044,30.872367000029044
490,0.023429473000305734,23.429473000305734
491,0.023224710999784293,23.224710999784293
492,0.027999474999887752,27.999474999887752
493,0.028901545999815426,28.901545999815426
494,0.022935897000024852,22.935897000024852
495,0.022534695000103966,22.534695000103966
496,0.02643913900010375,26.43913900010375
497,0.03158651700005066,31.586517000050662
498,0.02645261899988327,26.45261899988327
499,0.02431848700007322,24.31848700007322
500,0.033819925999978295,33.819925999978295
501,0.023864957000114373,23.864957000114373
502,0.02335855299998002,23.35855299998002
503,0.02331943599983788,23.31943599983788
504,0.02918055700001787,29.18055700001787
505,0.024177212999802578,24.177212999802578
506,0.022912441000244144,22.912441000244144
507,0.02259208800023771,22.59208800023771
508,0.030730866999874706,30.730866999874706
509,0.025945740999759437,25.945740999759437
510,0.023534914999800094,23.534914999800094
511,0.02388120900013746,23.88120900013746
512,0.033240725999803544,33.240725999803544
513,0.03236045700032264,32.36045700032264
514,0.024018184000397014,24.018184000397014
515,0.02316514099993583,23.16514099993583
516,0.03204494600004182,32.04494600004182
517,0.023670231000323838,23.670231000323838
518,0.023697227999946335,23.697227999946335
519,0.022650011999758135,22.650011999758135
520,0.030920597000203998,30.920597000203998
521,0.024636932999783312,24.636932999783312
522,0.023966911000115942,23.966911000115942
523,0.0230142679997698,23.0142679997698
524,0.03356479100011711,33.56479100011711
525,0.0240226519999851,24.0226519999851
526,0.023402080000323622,23.402080000323622
527,0.02318709100018168,23.18709100018168
528,0.0272265570001764,27.2265570001764
529,0.024039433999860194,24.039433999860194
530,0.023111350999897695,23.111350999897695
531,0.022575388999939605,22.575388999939605
532,0.0303620529998625,30.3620529998625
533,0.029883866000091075,29.883866000091075
534,0.023073107000072923,23.073107000072923
535,0.022328328000185138,22.328328000185138
536,0.03218541500018546,32.18541500018546
537,0.023888220000117144,23.888220000117144
538,0.02343899399966176,23.43899399966176
539,0.023730950000299345,23.730950000299345
540,0.026264750999871467,26.264750999871467
541,0.03276508799990552,32.76508799990552
542,0.02402444600011222,24.02444600011222
543,0.023564953000004607,23.564953000004607
544,0.028472306999901775,28.472306999901775
545,0.027872746999946685,27.872746999946685
546,0.022976612000093155,22.976612000093155
547,0.0222262000002047,22.2262000002047
548,0.028057126999556203,28.057126999556203
549,0.02879567899981339,28.79567899981339
550,0.023280442000213952,23.280442000213952
551,0.023058827000113524,23.058827000113524
552,0.029488040000160254,29.488040000160254
553,0.028799220000109926,28.799220000109926
554,0.02358025400008046,23.58025400008046
555,0.023108434999812744,23.108434999812744
556,0.030836998000268068,30.836998000268068
557,0.0289158780001344,28.9158780001344
558,0.023031692000131443,23.031692000131443
559,0.02235022000013487,22.35022000013487
560,0.030701482000040414,30.701482000040414
561,0.02824260299985326,28.24260299985326
562,0.023342171999956918,23.342171999956918
563,0.02322936899963679,23.22936899963679
564,0.03255456199985929,32.55456199985929
565,0.02453486000013072,24.53486000013072
566,0.023846015999879455,23.846015999879455
567,0.02312862300004781,23.12862300004781
568,0.03722955099965475,37.22955099965475
569,0.02321897000001627,23.21897000001627
570,0.023115869000321254,23.115869000321254
571,0.022585354000057123,22.585354000057123
572,0.02781670300009864,27.81670300009864
573,0.023828125999898475,23.828125999898475
574,0.023278105999906984,23.278105999906984
575,0.023243438999998034,23.243438999998034
576,0.02881513600004837,28.81513600004837
577,0.02577689300005659,25.77689300005659
578,0.02361350000001039,23.61350000001039
579,0.02289956999993592,22.89956999993592
580,0.027741417000015645,27.741417000015645
581,0.027410133000103087,27.410133000103087
582,0.023114545000225917,23.114545000225917
583,0.02228592099982052,22.28592099982052
584,0.029764005000288307,29.764005000288307
585,0.02815081500011729,28.15081500011729
586,0.023332213000230695,23.332213000230695
587,0.02340308599968921,23.40308599968921
588,0.03039369899988742,30.39369899988742
589,0.028477317000124458,28.477317000124458
590,0.024437777000002825,24.437777000002825
591,0.022600329999932,22.600329999932
592,0.03456080199975986,34.56080199975986
593,0.02419979099977354,24.19979099977354
594,0.022916291000001365,22.916291000001365
595,0.022276461999808816,22.276461999808816
596,0.03867122000019663,38.67122000019663
597,0.02516947899994193,25.16947899994193
598,0.023854378000123688,23.85437800012369
599,0.027836061000016343,27.836061000016343
600,0.030321450999963417,30.321450999963417
601,0.027928342999985034,27.928342999985034
602,0.02319912299981297,23.19912299981297
603,0.022574129000076937,22.574129000076937
604,0.029751674000181083,29.751674000181083
605,0.027896513000086998,27.896513000086998
606,0.0230904649997683,23.0904649997683
607,0.02256870600012917,22.56870600012917
608,0.029729554999903485,29.729554999903485
609,0.028357345000131318,28.357345000131318
610,0.022913420000350015,22.913420000350015
611,0.023181843999736884,23.181843999736884
612,0.031625381000139896,31.625381000139896
613,0.02374192099978245,23.74192099978245
614,0.023622579000402766,23.622579000402766
615,0.02335342700007459,23.35342700007459
616,0.03256790700015699,32.56790700015699
617,0.02433878299962089,24.33878299962089
618,0.023655236999729823,23.655236999729823
619,0.022902546000295843,22.902546000295843
620,0.02699220200020136,26.99220200020136
621,0.025896228999954474,25.896228999954474
622,0.022882600000230013,22.882600000230013
623,0.022547831000338192,22.547831000338192
624,0.03208761899986712,32.08761899986712
625,0.02461216100027741,24.61216100027741
626,0.02294505500003652,22.94505500003652
627,0.022564035999948828,22.56403599994883
628,0.029873642999973526,29.873642999973526
629,0.03220606200011389,32.20606200011389
630,0.023661269000058383,23.661269000058383
631,0.022891023000283894,22.891023000283894
632,0.02679493100004038,26.79493100004038
633,0.031060672999956296,31.060672999956296
634,0.0232796350001081,23.2796350001081
635,0.023193097000330454,23.193097000330454
636,0.028797046999898157,28.797046999898157
637,0.029599935000078403,29.599935000078403
638,0.023288556999887078,23.288556999887078
639,0.022493898999982775,22.493898999982775
640,0.03474882299997262,34.74882299997262
641,0.02787659099976736,27.87659099976736
642,0.023091755000223202,23.091755000223202
643,0.022296625999842945,22.296625999842945
644,0.029436263000206964,29.436263000206964
645,0.028621333000046434,28.621333000046434
646,0.023308792000079848,23.308792000079848
647,0.02314883600001849,23.14883600001849
648,0.03056163600012951,30.56163600012951
649,0.02791131999993013,27.91131999993013
650,0.023049807000006695,23.049807000006695
651,0.023032753999814304,23.032753999814304
652,0.030305381000289344,30.305381000289344
653,0.025460724999902595,25.460724999902595
654,0.022917714999948657,22.917714999948657
655,0.02240151199976026,22.40151199976026
656,0.03044133299999885,30.44133299999885
657,0.02834831199970722,28.34831199970722
658,0.023332936000315385,23.332936000315385
659,0.023312953999720776,23.312953999720776
660,0.03165918100012277,31.65918100012277
661,0.023632976000044437,23.632976000044437
662,0.02387057400028425,23.87057400028425
663,0.023338994000368984,23.338994000368984
664,0.028063010000096256,28.063010000096256
665,0.03459838199978549,34.59838199978549
666,0.025717134000387887,25.717134000387887
667,0.023022694000246702,23.0226940002467
668,0.02843638500007728,28.43638500007728
669,0.028471839999838267,28.471839999838267
670,0.02268123200019545,22.68123200019545
671,0.022662439000214363,22.662439000214363
672,0.028479594999680558,28.479594999680558
673,0.028969810000035068,28.969810000035068
674,0.02342895399988265,23.42895399988265
675,0.022631460999946285,22.631460999946285
676,0.0304750730001615,30.4750730001615
677,0.03272770500007027,32.72770500007027
678,0.02534731900004772,25.34731900004772
679,0.05248728700007632,52.48728700007632
680,0.04673779399990963,46.73779399990963
681,0.026292487000318943,26.292487000318943
682,0.024617351999950188,24.617351999950188
683,0.026730327000223042,26.730327000223042
684,0.04379527999981292,43.79527999981292
685,0.024313392999829375,24.313392999829375
686,0.02302860400004647,23.02860400004647
687,0.025099483999838412,25.099483999838412
688,0.04360681299976932,43.60681299976932
689,0.027750767999805248,27.750767999805248
690,0.024298799999996845,24.298799999996845
691,0.02344778499991662,23.44778499991662
692,0.042397492000418424,42.397492000418424
693,0.024320774999978312,24.320774999978312
694,0.022604655000122875,22.604655000122875
695,0.02481896900007996,24.81896900007996
696,0.028687695999906282,28.687695999906282
697,0.029367935999744077,29.367935999744077
698,0.022573509000267222,22.573509000267222
699,0.021311885999693914,21.311885999693914
700,0.03213794000021153,32.13794000021153
701,0.02804222899976594,28.04222899976594
702,0.021924651000063022,21.924651000063022
703,0.021477602999766532,21.477602999766532
704,0.0312641169998642,31.2641169998642
705,0.029310960000202613,29.310960000202613
706,0.029381166999883135,29.381166999883135
707,0.026374075999683555,26.374075999683555
708,0.08194684099998994,81.94684099998994
709,0.09139534999985699,91.39534999985699
710,0.02079469099999187,20.79469099999187
711,0.02088196800013975,20.88196800013975
712,0.033141636999971524,33.141636999971524
713,0.025770102000024053,25.770102000024053
714,0.021858370000245486,21.858370000245486
715,0.020791620000181865,20.791620000181865
716,0.03255170000011276,32.55170000011276
717,0.027564241000163747,27.564241000163747
718,0.021799084000122093,21.799084000122093
719,0.02192607200004204,21.92607200004204
720,0.0344260030001351,34.4260030001351
721,0.028145816999767703,28.145816999767703
722,0.021993511999880866,21.993511999880866
723,0.02114639100000204,21.14639100000204
724,0.035366264000003866,35.366264000003866
725,0.0254990540001927,25.4990540001927
726,0.02175293900018005,21.75293900018005
727,0.020618459000161238,20.618459000161238
728,0.03313720500000272,33.13720500000272
729,0.028109309999763354,28.109309999763354
730,0.021830756999861478,21.830756999861478
731,0.021343160000014905,21.343160000014905
732,0.03313712699991811,33.13712699991811
733,0.028706555000098888,28.706555000098888
734,0.02173183800005063,21.73183800005063
735,0.02233732600006988,22.33732600006988
736,0.031907196000247495,31.907196000247495
737,0.027821313999993436,27.821313999993436
738,0.02144773800000621,21.44773800000621
739,0.020730447999994794,20.730447999994794
740,0.030947200000355224,30.947200000355224
741,0.02821379099987098,28.21379099987098
742,0.02194209899971611,21.94209899971611
743,0.021428287999697204,21.428287999697204
744,0.029934238000350888,29.934238000350888
745,0.029047080000054848,29.047080000054848
746,0.02198644100008096,21.98644100008096
747,0.021353064999857452,21.35306499985745
748,0.027432680999936565,27.432680999936565
749,0.028775104000033025,28.775104000033025
750,0.02136416299981647,21.36416299981647
751,0.020883472999685182,20.883472999685182
752,0.02994674399997166,29.94674399997166
753,0.021988861999943765,21.988861999943765
754,0.022073607000038464,22.073607000038464
755,0.021582703000149195,21.582703000149195
756,0.03324001800001497,33.24001800001497
757,0.027906516999792075,27.906516999792075
758,0.023971083000105864,23.971083000105864
759,0.020995861999836052,20.995861999836052
760,0.03245456300010119,32.45456300010119
761,0.027608854999925825,27.608854999925825
762,0.021345814000142127,21.345814000142127
763,0.020898212999782118,20.898212999782118
764,0.031250304999957734,31.250304999957734
765,0.027904418000161968,27.904418000161968
766,0.021615131000089605,21.615131000089605
767,0.021529971999825648,21.529971999825648
768,0.03326134999997521,33.26134999997521
769,0.027894798000033916,27.894798000033916
770,0.02196702399987771,21.96702399987771
771,0.021103080000102636,21.103080000102636
772,0.030996082999990904,30.996082999990904
773,0.027981044999705773,27.981044999705773
774,0.021376519000114058,21.376519000114058
775,0.02119786799994472,21.19786799994472
776,0.027622407999842835,27.622407999842835
777,0.029477725000106147,29.477725000106147
778,0.021392877999915072,21.392877999915072
779,0.021999513000082516,21.999513000082516
780,0.030015034000371088,30.015034000371088
781,0.022931577999770525,22.931577999770525
782,0.022133341999960976,22.133341999960976
783,0.02146575799997663,21.46575799997663
784,0.03311456699975679,33.11456699975679
785,0.023608517999946343,23.608517999946343
786,0.021351757000047655,21.351757000047655
787,0.020710380999844347,20.710380999844347
788,0.030717515000105777,30.717515000105777
789,0.027916748000279767,27.916748000279767
790,0.02120275600009336,21.20275600009336
791,0.020996410999941872,20.996410999941872
792,0.035297034999985044,35.297034999985044
793,0.02802135800038741,28.02135800038741
794,0.022178774000167323,22.178774000167323
795,0.02165156900036891,21.65156900036891
796,0.03244962300004772,32.44962300004772
797,0.027864013999987947,27.864013999987947
798,0.022305119000066043,22.305119000066043
799,0.02119728599973314,21.19728599973314
800,0.030360689999724855,30.360689999724855
801,0.028055318000042462,28.055318000042462
802,0.021154526000373153,21.154526000373153
803,0.02130022800020015,21.30022800020015
804,0.027852187999997113,27.852187999997113
805,0.028505073000360426,28.505073000360426
806,0.021966979000353604,21.966979000353604
807,0.021506844000214187,21.506844000214187
808,0.03324632099975133,33.24632099975133
809,0.023439316999883886,23.439316999883886
810,0.02211922099968433,22.11922099968433
811,0.020662108000124135,20.662108000124135
812,0.03479898100022183,34.79898100022183
813,0.022627698999713175,22.627698999713175
814,0.021131833999788796,21.131833999788796
815,0.021016347999648133,21.016347999648133
816,0.032301016000019445,32.301016000019445
817,0.028573600000072474,28.573600000072474
818,0.021885937000206468,21.885937000206468
819,0.02235182699996585,22.35182699996585
820,0.03305917900024724,33.05917900024724
821,0.028133272000104625,28.133272000104625
822,0.022918816000128572,22.918816000128572
823,0.020776847999968595,20.776847999968595
824,0.032313313000031485,32.313313000031485
825,0.027561497000078816,27.561497000078816
826,0.02406848999999056,24.06848999999056
827,0.021041591000084736,21.041591000084736
828,0.03337756499968236,33.37756499968236
829,0.04001568600006067,40.01568600006067
830,0.03293654300023263,32.93654300023263
831,0.021526500999698328,21.526500999698328
832,0.03281303299991123,32.81303299991123
833,0.02261896699974386,22.61896699974386
834,0.021422534000066662,21.422534000066662
835,0.02085452300025281,20.85452300025281
836,0.03239573000018936,32.39573000018936
837,0.02665034400024524,26.65034400024524
838,0.021524589999899035,21.524589999899035
839,0.021965364000152476,21.965364000152476
840,0.032330093000382476,32.330093000382476
841,0.028144651999809867,28.144651999809867
842,0.022079336999922816,22.079336999922816
843,0.021629874000154814,21.629874000154814
844,0.03331505699998161,33.31505699998161
845,0.03594893600029536,35.94893600029536
846,0.028079577999960748,28.079577999960748
847,0.02676441799985696,26.76441799985696
848,0.030280704000233527,30.280704000233527
849,0.02247767200015005,22.47767200015005
850,0.02135271899987856,21.35271899987856
851,0.021416822999981378,21.416822999981378
852,0.03305511899998237,33.05511899998237
853,0.02766495700006999,27.66495700006999
854,0.02204512899970723,22.04512899970723
855,0.021424672000193823,21.424672000193823
856,0.03355629499992574,33.55629499992574
857,0.02850361199989493,28.50361199989493
858,0.025179579999985435,25.179579999985435
859,0.021343948999856366,21.343948999856366
860,0.032829605999722844,32.829605999722844
861,0.022867641000175354,22.867641000175354
862,0.02116737699998339,21.16737699998339
863,0.020927263999965362,20.927263999965362
864,0.03219745300020804,32.19745300020804
865,0.03305362999981298,33.05362999981298
866,0.021791291999761597,21.791291999761597
867,0.02137045500012391,21.37045500012391
868,0.03310418999990361,33.10418999990361
869,0.02306087499982823,23.06087499982823
870,0.021892873000069812,21.892873000069812
871,0.021624938999593724,21.624938999593724
872,0.033494418999907793,33.49441899990779
873,0.02774146000001565,27.74146000001565
874,0.027604400999734935,27.604400999734935
875,0.021396529999947234,21.396529999947234
876,0.030605817999912688,30.605817999912688
877,0.028849530999650597,28.849530999650597
878,0.02156363699987196,21.56363699987196
879,0.021568237999872508,21.56823799987251
880,0.025891438000144262,25.891438000144262
881,0.03255547199978537,32.55547199978537
882,0.0220048430001043,22.0048430001043
883,0.02107431300009921,21.07431300009921
884,0.03356717899987416,33.56717899987416
885,0.02306226400014566,23.06226400014566
886,0.021850023999832047,21.850023999832047
887,0.021293843999956152,21.293843999956152
888,0.034477454999887414,34.477454999887414
889,0.02320650299998306,23.20650299998306
890,0.022008249000009528,22.008249000009528
891,0.022174618000008195,22.174618000008195
892,0.030077272999733395,30.077272999733395
893,0.025688614000046073,25.688614000046073
894,0.022143785000025673,22.143785000025673
895,0.020688681000137876,20.688681000137876
896,0.03300492400012445,33.00492400012445
897,0.027620489999662823,27.620489999662823
898,0.02129889199977697,21.29889199977697
899,0.02114980300029856,21.14980300029856
900,0.031610199000169814,31.610199000169814
901,0.02873336900029244,28.73336900029244
902,0.02232070800027941,22.32070800027941
903,0.021394713000063348,21.394713000063348
904,0.033610988999953406,33.610988999953406
905,0.02763807800010909,27.63807800010909
906,0.02164043499988111,21.64043499988111
907,0.0223085689999607,22.3085689999607
908,0.030405720999624464,30.405720999624464
909,0.02823933699983172,28.23933699983172
910,0.022242399999868212,22.242399999868212
911,0.021063587000298867,21.063587000298867
912,0.029412847999992664,29.412847999992664
913,0.028375188000154594,28.375188000154594
914,0.02146272499976476,21.46272499976476
915,0.02154287600023963,21.54287600023963
916,0.030901125999662327,30.901125999662327
917,0.028672507999999652,28.672507999999652
918,0.022013236000020697,22.013236000020697
919,0.02135638400022799,21.35638400022799
920,0.027976654000212875,27.976654000212875
921,0.03141445899973405,31.41445899973405
922,0.02193298100019092,21.93298100019092
923,0.02166355500003192,21.66355500003192
924,0.032991237999794976,32.991237999794976
925,0.0317283409999618,31.7283409999618
926,0.02239880400020411,22.39880400020411
927,0.0208928330002891,20.8928330002891
928,0.03069823699979679,30.69823699979679
929,0.027480871000079787,27.480871000079787
930,0.021850741999969614,21.850741999969614
931,0.020748423999975785,20.748423999975785
932,0.03022087899989856,30.22087899989856
933,0.029183518000081676,29.183518000081676
934,0.021560886000315804,21.560886000315804
935,0.021555333999913273,21.555333999913273
936,0.03308852999998635,33.08852999998635
937,0.023276916000213532,23.276916000213532
938,0.02176200100029746,21.76200100029746
939,0.02148085999988325,21.48085999988325
940,0.03781991799996831,37.81991799996831
941,0.023321441000007326,23.321441000007326
942,0.022045705999971688,22.045705999971688
943,0.02112705299987283,21.12705299987283
944,0.035921588000292104,35.921588000292104
945,0.0251292029997785,25.1292029997785
946,0.02283614599991779,22.83614599991779
947,0.023187566999695264,23.187566999695264
948,0.039036923999901774,39.036923999901774
949,0.025366929000028904,25.366929000028904
950,0.02380900699972699,23.80900699972699
951,0.023356623999916337,23.356623999916337
952,0.035702964999927644,35.702964999927644
953,0.024366050000026007,24.366050000026007
954,0.023016553000161366,23.016553000161366
955,0.022299450999980763,22.299450999980763
956,0.03993667699978687,39.93667699978687
957,0.0247295999997732,24.7295999997732
958,0.028349488000003475,28.349488000003475
959,0.02265396700022393,22.65396700022393
960,0.03482997199989768,34.82997199989768
961,0.02426237100007711,24.26237100007711
962,0.023528461999831052,23.528461999831052
963,0.022827390000202286,22.827390000202286
964,0.04005645400002322,40.05645400002322
965,0.02318894200016075,23.18894200016075
966,0.02174031599997761,21.74031599997761
967,0.021807106000323984,21.807106000323984
968,0.02967987300007735,29.67987300007735
969,0.02274448299976939,22.74448299976939
970,0.02177567499984434,21.77567499984434
971,0.021424281999770756,21.424281999770756
972,0.03219784200018694,32.19784200018694
973,0.027434513999651244,27.434513999651244
974,0.0215659290001895,21.5659290001895
975,0.021358512000006158,21.358512000006158
976,0.03154520899988711,31.54520899988711
977,0.027547954000056052,27.547954000056052
978,0.021640940999986924,21.640940999986924
979,0.021597696000299038,21.597696000299038
980,0.030324328000006062,30.324328000006062
981,0.028911152000091533,28.911152000091533
982,0.025831605999883323,25.831605999883323
983,0.02212068700009695,22.12068700009695
984,0.03306085299982442,33.06085299982442
985,0.0286646140002631,28.6646140002631
986,0.021449586000017007,21.449586000017007
987,0.02103390299998864,21.03390299998864
988,0.033163472000069305,33.163472000069305
989,0.026859924999826035,26.859924999826035
990,0.021760659999927157,21.760659999927157
991,0.021394218999830628,21.394218999830628
992,0.03471497200007434,34.71497200007434
993,0.028278215000227647,28.278215000227647
994,0.021792397999888635,21.792397999888635
995,0.021674064999842813,21.674064999842813
996,0.032667164000031335,32.667164000031335
997,0.02733476299999893,27.33476299999893
998,0.0217589419999058,21.7589419999058
999,0.030602462999922864,30.602462999922864
1000,0.04628337100029967,46.28337100029967
1001,0.024089153000204533,24.089153000204533
1002,0.021999535000304604,21.999535000304604
1003,0.04191869200030851,41.91869200030851
1004,0.028860438999799953,28.860438999799953
1005,0.025691396999718563,25.691396999718563
1006,0.021111712999754673,21.111712999754673
1007,0.021746177999830252,21.746177999830252
1008,0.033516434999910416,33.516434999910416
1009,0.057459558000118705,57.459558000118705
1010,0.029865074000099412,29.865074000099412
1011,0.028793559999940044,28.793559999940044
1012,0.03867302400021799,38.67302400021799
1013,0.030056468000111636,30.056468000111636
1014,0.02706094299992401,27.06094299992401
1015,0.021765145000244956,21.765145000244956
1016,0.033944627999972,33.944627999972
1017,0.03458599899977344,34.58599899977344
1018,0.029803769999944052,29.803769999944052
1019,0.028698041000097874,28.698041000097874
1020,0.05346903600002406,53.46903600002406
1021,0.022050259000025108,22.050259000025108
1022,0.021408089999567892,21.408089999567892
1023,0.032033065000177885,32.033065000177885
1024,0.02767070000027161,27.67070000027161
1025,0.02155468600039967,21.55468600039967
1026,0.021041087999947194,21.041087999947194
1027,0.030661569999665517,30.661569999665517
1028,0.028680525999789097,28.680525999789097
1029,0.02199427100003959,21.99427100003959
1030,0.02131508999991638,21.31508999991638
1031,0.03261040699999285,32.61040699999285
1032,0.03312998100000186,33.12998100000186
1033,0.02127422600005957,21.27422600005957
1034,0.020879938000234688,20.879938000234688
1035,0.03261485299981359,32.61485299981359
1036,0.02763257899960081,27.63257899960081
1037,0.02143320599998333,21.43320599998333
1038,0.021553894999669865,21.553894999669865
1039,0.030557077000139543,30.557077000139543
1040,0.032441887999993924,32.441887999993924
1041,0.03386044499984564,33.86044499984564
1042,0.021587674999864248,21.587674999864248
1043,0.031049581999923248,31.049581999923248
1044,0.029380368000147428,29.380368000147428
1045,0.02161270400029025,21.61270400029025
1046,0.021492163999937475,21.492163999937475
1047,0.030036324999855424,30.036324999855424
1048,0.02796877500031769,27.96877500031769
1049,0.02183263100005206,21.83263100005206
1050,0.02119723799978601,21.19723799978601
1051,0.029202986000200326,29.202986000200326
1052,0.028479490999870904,28.479490999870904
1053,0.02494909799997913,24.94909799997913
1054,0.02117364700006874,21.17364700006874
1055,0.032885463000184245,32.885463000184245
1056,0.02846148099979473,28.46148099979473
1057,0.022331697000026907,22.331697000026907
1058,0.0220822380001664,22.0822380001664
1059,0.032120872999712446,32.12087299971245
1060,0.02760562299999947,27.60562299999947
1061,0.022061743999984174,22.061743999984174
1062,0.02084028399985982,20.84028399985982
1063,0.031768374999955995,31.768374999955995
1064,0.028155434999916906,28.155434999916906
1065,0.021828732999892964,21.828732999892964
1066,0.020847393999702035,20.847393999702035
1067,0.027872505000232195,27.872505000232195
1068,0.030753348999951413,30.753348999951413
1069,0.02194480800017118,21.94480800017118
1070,0.021482107999872824,21.482107999872824
1071,0.03284452700017937,32.84452700017937
1072,0.022870419999890146,22.870419999890146
1073,0.021638778000124148,21.638778000124148
1074,0.021027953999691817,21.027953999691817
1075,0.03294090600002164,32.94090600002164
1076,0.022607960000186722,22.607960000186722
1077,0.02138022600001932,21.38022600001932
1078,0.020808839999972406,20.808839999972406
1079,0.034251526999923954,34.251526999923954
1080,0.02870494300032078,28.70494300032078
1081,0.021807830999932776,21.807830999932776
1082,0.021642268000050535,21.642268000050535
1083,0.03390279699988241,33.90279699988241
1084,0.026303035000182717,26.303035000182717
1085,0.021441901000343933,21.441901000343933
1086,0.02152111400027934,21.52111400027934
1087,0.03504576600016662,35.04576600016662
1088,0.02668934800021816,26.68934800021816
1089,0.02153338000016447,21.53338000016447
1090,0.022402118000172777,22.402118000172777
1091,0.0323100959999465,32.3100959999465
1092,0.02805525800022224,28.05525800022224
1093,0.021780352999940078,21.780352999940078
1094,0.021571392999703676,21.571392999703676
1095,0.03321851299961054,33.21851299961054
1096,0.028066877000128443,28.066877000128443
1097,0.021862341999622004,21.862341999622004
1098,0.021120221999808564,21.120221999808564
1099,0.032462048000070354,32.462048000070354
1100,0.027957488000083686,27.957488000083686
1101,0.021723408999605454,21.723408999605454
1102,0.021024854000188498,21.024854000188498
1103,0.03155820199981463,31.558201999814628
1104,0.030382375000044703,30.382375000044703
1105,0.02356469799997285,23.56469799997285
1106,0.023821218999728444,23.821218999728444
1107,0.043370626000069024,43.370626000069024
1108,0.024335944000085874,24.335944000085874
1109,0.023305469000206358,23.305469000206358
1110,0.02418935200012129,24.18935200012129
1111,0.034525978000147006,34.525978000147006
1112,0.02656177700009721,26.56177700009721
1113,0.02366228799974124,23.66228799974124
1114,0.02305646600007094,23.05646600007094
1115,0.03703888000018196,37.03888000018196
1116,0.02369165200025236,23.69165200025236
1117,0.022737332999895443,22.737332999895443
1118,0.022655690000192408,22.655690000192408
1119,0.0349343630000476,34.9343630000476
1120,0.025433507999878202,25.433507999878202
1121,0.023771273999955156,23.771273999955156
1122,0.023169022000274708,23.16902200027471
1123,0.03343934599979548,33.43934599979548
1124,0.02759089999972275,27.59089999972275
1125,0.02300746800028719,23.00746800028719
1126,0.023239735000061046,23.239735000061046
1127,0.033682711999972526,33.682711999972526
1128,0.024131398999998055,24.131398999998055
1129,0.022957630999826506,22.957630999826506
1130,0.02259416400011105,22.59416400011105
1131,0.03975098499995511,39.75098499995511
1132,0.025132367000423983,25.132367000423983
1133,0.023056743999859464,23.056743999859464
1134,0.022532162000061362,22.532162000061362
1135,0.03432769900018684,34.32769900018684
1136,0.028768775999651552,28.768775999651552
1137,0.02302961499981393,23.02961499981393
1138,0.022401179000098637,22.401179000098637
1139,0.03353201599975364,33.53201599975364
1140,0.023955576000389556,23.955576000389556
1141,0.022860864999984187,22.860864999984187
1142,0.022642097999778343,22.642097999778343
1143,0.03697684200005824,36.97684200005824
1144,0.024093385000014678,24.093385000014678
1145,0.023622396000064327,23.622396000064327
1146,0.02396896599975662,23.96896599975662
1147,0.032100095999794576,32.100095999794576
1148,0.02909228599992275,29.09228599992275
1149,0.024297368000134156,24.297368000134156
1150,0.022313898999982484,22.313898999982484
1151,0.03529273000003741,35.29273000003741
1152,0.02702512400037449,27.02512400037449
1153,0.022771305999867764,22.771305999867764
1154,0.02281655500019042,22.81655500019042
1155,0.10892886200008434,108.92886200008434
1156,0.08219079500031512,82.19079500031512
1157,0.03665235400012534,36.65235400012534
1158,0.033717887999955565,33.717887999955565
1159,0.040433228999972926,40.433228999972926
1160,0.022559551000085776,22.559551000085776
1161,0.02133000499998161,21.33000499998161
1162,0.020737582000037946,20.737582000037946
1163,0.032264781999856496,32.264781999856496
1164,0.027214324000397028,27.214324000397028
1165,0.02106159100003424,21.06159100003424
1166,0.021267038000132743,21.267038000132743
1167,0.033931183999811765,33.931183999811765
1168,0.0350324080000064,35.0324080000064
1169,0.021401372000127594,21.401372000127594
1170,0.02137434199994459,21.37434199994459
1171,0.028970588999982283,28.970588999982283
1172,0.026036536999981763,26.036536999981763
1173,0.021902890000092157,21.902890000092157
1174,0.026013396000053035,26.013396000053035
1175,0.04186480499993195,41.86480499993195
1176,0.029740730999947118,29.740730999947118
1177,0.027390201999878627,27.390201999878627
1178,0.02812392399982855,28.12392399982855
1179,0.04161389499995494,41.61389499995494
1180,0.02451317699978972,24.51317699978972
1181,0.02310011100007614,23.10011100007614
1182,0.02265846000000238,22.65846000000238
1183,0.033965437000006204,33.965437000006204
1184,0.027562108999973134,27.562108999973134
1185,0.023047756999858393,23.047756999858393
1186,0.022751380000045174,22.751380000045174
1187,0.038031054999919434,38.031054999919434
1188,0.024287064999953145,24.287064999953145
1189,0.02337522399966474,23.37522399966474
1190,0.023268946999905893,23.268946999905893
1191,0.02706393299968113,27.06393299968113
1192,0.032913069000187534,32.913069000187534
1193,0.0233451280000736,23.3451280000736
1194,0.022556775999873935,22.556775999873935
1195,0.028532533000088733,28.532533000088733
1196,0.028399222000189184,28.399222000189184
1197,0.02342839799985086,23.42839799985086
1198,0.02230136299976948,22.30136299976948
1199,0.03097814400007337,30.97814400007337
1200,0.03167532099996606,31.67532099996606
1201,0.027516763999756222,27.516763999756222
1202,0.023943374000282347,23.943374000282347
1203,0.030143434000365232,30.143434000365232
1204,0.0238868530000218,23.8868530000218
1205,0.023465054000098462,23.465054000098462
1206,0.022737198999948305,22.737198999948305
1207,0.027627067000139505,27.627067000139505
1208,0.02529424200020003,25.29424200020003
1209,0.02297408300000825,22.97408300000825
1210,0.02415359199994782,24.15359199994782
1211,0.03483395300008851,34.83395300008851
1212,0.024543887000163522,24.543887000163522
1213,0.023457925000002433,23.457925000002433
1214,0.02342187600015677,23.42187600015677
1215,0.028321237999989535,28.321237999989535
1216,0.024130389999754698,24.130389999754698
1217,0.02310502499994982,23.10502499994982
1218,0.023057300000346004,23.057300000346004
1219,0.027484750999974494,27.484750999974494
1220,0.02700280799990651,27.00280799990651
1221,0.0230868969997573,23.0868969997573
1222,0.0223903880000762,22.3903880000762
1223,0.030189439999958267,30.189439999958267
1224,0.027228751999700762,27.228751999700762
1225,0.022777182000027096,22.777182000027096
1226,0.022706173999722523,22.706173999722523
1227,0.030664753999644745,30.664753999644745
1228,0.02683095600013985,26.83095600013985
1229,0.02364697100028934,23.64697100028934
1230,0.023239907000061066,23.239907000061066
1231,0.034729337000044325,34.729337000044325
1232,0.024315373999797885,24.315373999797885
1233,0.024736560999826906,24.736560999826906
1234,0.023642312999982096,23.642312999982096
1235,0.03486193899971113,34.86193899971113
1236,0.029573513000286766,29.573513000286766
1237,0.023073335000390216,23.073335000390216
1238,0.02267581899968718,22.67581899968718
1239,0.0379802889997336,37.9802889997336
1240,0.024827327999901172,24.827327999901172
1241,0.023660865999772795,23.660865999772795
1242,0.023268408000149066,23.268408000149066
1243,0.04072530699977506,40.72530699977506
1244,0.025464422999903036,25.464422999903036
1245,0.023278625999864744,23.278625999864744
1246,0.022413823000078992,22.41382300007899
1247,0.033408027999939804,33.408027999939804
1248,0.024476506999690173,24.476506999690173
1249,0.022641277999809972,22.641277999809972
1250,0.02279728699977568,22.79728699977568
1251,0.03882905600039521,38.82905600039521
1252,0.025745919999735634,25.745919999735634
1253,0.023540842000329576,23.540842000329576
1254,0.02321546200028024,23.21546200028024
1255,0.03435812900033852,34.35812900033852
1256,0.029333393999877444,29.333393999877444
1257,0.023080859999936365,23.080859999936365
1258,0.022368212999936077,22.368212999936077
1259,0.03364279999959763,33.64279999959763
1260,0.024276634999750968,24.276634999750968
1261,0.022989079999661044,22.989079999661044
1262,0.022651516000223637,22.651516000223637
1263,0.0395340820000456,39.5340820000456
1264,0.024942468000062945,24.942468000062945
1265,0.02361853799993696,23.61853799993696
1266,0.02371816899994883,23.71816899994883
1267,0.03373937200012733,33.73937200012733
1268,0.029243374000088806,29.243374000088806
1269,0.02309397999988505,23.09397999988505
1270,0.022475629999917146,22.475629999917146
1271,0.03454534100001183,34.54534100001183
1272,0.024307441000019026,24.307441000019026
1273,0.02320421499962322,23.20421499962322
1274,0.022889388999828952,22.889388999828952
1275,0.04054032500016547,40.54032500016547
1276,0.023822895999728644,23.822895999728644
1277,0.023580031999699713,23.580031999699713
1278,0.023293325999929948,23.293325999929948
1279,0.03123648700011472,31.23648700011472
1280,0.02906289700013076,29.06289700013076
1281,0.023069962000136,23.069962000136
1282,0.022592316000100254,22.592316000100254
1283,0.03076435799994215,30.76435799994215
1284,0.0282608539996545,28.2608539996545
1285,0.02295118000029106,22.95118000029106
1286,0.022714263000125356,22.714263000125356
1287,0.029759399000340636,29.759399000340636
1288,0.028801726999972743,28.801726999972743
1289,0.023734020999654604,23.734020999654604
1290,0.023385330999644793,23.385330999644793
1291,0.031951923000178795,31.951923000178795
1292,0.02427383699978236,24.27383699978236
1293,0.023762024999996356,23.762024999996356
1294,0.02315229600026214,23.15229600026214
1295,0.02785602199992354,27.85602199992354
1296,0.025988879000124143,25.988879000124143
1297,0.02287708100038799,22.87708100038799
1298,0.022708106000209227,22.708106000209227
1299,0.03384025700006532,33.84025700006532
1300,0.023141614999985904,23.141614999985904
1301,0.02307786900018982,23.07786900018982
1302,0.022788338000282238,22.788338000282238
1303,0.029874879000090004,29.874879000090004
1304,0.0265805620001629,26.5805620001629
1305,0.02303786399988894,23.03786399988894
1306,0.022707737000018824,22.707737000018824
1307,0.03146171299977141,31.461712999771407
1308,0.026235175999772764,26.235175999772764
1309,0.02342317600005117,23.42317600005117
1310,0.023496761000387778,23.496761000387778
1311,0.028192322999984754,28.192322999984754
1312,0.024720344999877852,24.720344999877852
1313,0.024207742999806214,24.207742999806214
1314,0.02284811700019418,22.84811700019418
1315,0.03248451200033742,32.48451200033742
1316,0.023941283999647567,23.941283999647567
1317,0.023221205000027112,23.221205000027112
1318,0.02249859199991988,22.49859199991988
1319,0.03392094199989515,33.92094199989515
1320,0.0242913829997633,24.2913829997633
1321,0.023321524000039062,23.321524000039062
1322,0.02332386399984898,23.32386399984898
1323,0.025092621000112558,25.09262100011256
1324,0.03423662000022887,34.23662000022887
1325,0.025154130999908375,25.154130999908375
1326,0.024622626999644126,24.622626999644126
1327,0.03167881900026259,31.678819000262592
1328,0.028757354999925155,28.757354999925155
1329,0.023599650000051042,23.599650000051042
1330,0.02244005400007154,22.44005400007154
1331,0.030188699000063934,30.188699000063934
1332,0.028326820000074804,28.326820000074804
1333,0.023958410999966873,23.958410999966873
1334,0.024366425999687635,24.366425999687635
1335,0.028818721999869013,28.818721999869013
1336,0.02486258299995825,24.86258299995825
1337,0.02470447499990769,24.70447499990769
1338,0.026327282000238483,26.327282000238483
1339,0.04357106199995542,43.57106199995542
1340,0.025910367000051338,25.910367000051338
1341,0.023228471000038553,23.228471000038553
1342,0.023074903000178892,23.074903000178892
1343,0.027559429000120872,27.559429000120872
1344,0.026599053999689204,26.599053999689204
1345,0.022867313000006106,22.867313000006106
1346,0.022778768000080163,22.778768000080163
1347,0.03033333599978505,30.33333599978505
1348,0.026562689000002138,26.562689000002138
1349,0.023038397000163968,23.038397000163968
1350,0.023118958999930328,23.118958999930328
1351,0.03153772999985449,31.53772999985449
1352,0.024001079999834474,24.001079999834474
1353,0.02424489299983179,24.24489299983179
1354,0.023130186999878788,23.130186999878788
1355,0.03561514499961049,35.61514499961049
1356,0.024134635000336857,24.134635000336857
1357,0.02357927799994286,23.57927799994286
1358,0.023421930000040447,23.421930000040447
1359,0.034426994000114064,34.426994000114064
1360,0.024316012999861414,24.316012999861414
1361,0.023039426999730495,23.039426999730495
1362,0.022654917999716417,22.654917999716417
1363,0.03015219700000671,30.15219700000671
1364,0.028410989999883896,28.410989999883896
1365,0.023082106999936514,23.082106999936514
1366,0.022965074999774515,22.965074999774515
1367,0.0376400090003699,37.6400090003699
1368,0.028144810999947367,28.144810999947367
1369,0.03510010699983468,35.10010699983468
1370,0.025454643000102806,25.454643000102806
1371,0.043717033000120864,43.717033000120864
1372,0.025363560999721813,25.363560999721813
1373,0.023012967000340723,23.012967000340723
1374,0.02264592699975765,22.64592699975765
1375,0.04052602599995225,40.52602599995225
1376,0.027594660999966436,27.594660999966436
1377,0.024408663000031083,24.408663000031083
1378,0.02782701099977203,27.82701099977203
1379,0.03387815399992178,33.87815399992178
1380,0.028806527000142523,28.806527000142523
1381,0.023672690000239527,23.672690000239527
1382,0.023236020999775064,23.236020999775064
1383,0.03301889600015784,33.01889600015784
1384,0.024967120999917825,24.967120999917825
1385,0.02376802700018743,23.76802700018743
1386,0.0232306409998273,23.2306409998273
1387,0.029610760000196024,29.610760000196024
1388,0.023141808999753266,23.141808999753266
1389,0.022995713999989675,22.995713999989675
1390,0.022420326999963436,22.420326999963436
1391,0.03201946999979555,32.01946999979555
1392,0.02416907299993909,24.16907299993909
1393,0.023339676999967196,23.339676999967196
1394,0.023193828999865218,23.193828999865218
1395,0.02947557000015877,29.47557000015877
1396,0.024156724000022223,24.156724000022223
1397,0.02365109999982451,23.65109999982451
1398,0.02369185599991397,23.69185599991397
1399,0.034170776000337355,34.170776000337355
1400,0.023740996000015002,23.740996000015002
1401,0.02297838699996646,22.97838699996646
1402,0.022374675999799365,22.374675999799365
1403,0.027995733999887307,27.995733999887307
1404,0.027893230999779917,27.893230999779917
1405,0.022910970999873825,22.910970999873825
1406,0.02329744500002562,23.29744500002562
1407,0.03263265899977341,32.63265899977341
1408,0.02597512900001675,25.97512900001675
1409,0.024032209999859333,24.032209999859333
1410,0.02318032899984246,23.18032899984246
1411,0.026536108000073,26.536108000073
1412,0.03112231100021745,31.12231100021745
1413,0.02312794399995255,23.12794399995255
1414,0.022410459000184346,22.410459000184346
1415,0.02923772799977087,29.23772799977087
1416,0.029192293000050995,29.192293000050995
1417,0.022930656999960775,22.930656999960775
1418,0.02260318200023903,22.60318200023903
1419,0.028890083000078448,28.890083000078448
1420,0.028626180000173918,28.626180000173918
1421,0.02317940400007501,23.17940400007501
1422,0.02260431000013341,22.60431000013341
1423,0.029066026999771566,29.066026999771566
1424,0.028912296000271454,28.912296000271454
1425,0.02363555300007647,23.63555300007647
1426,0.02295284299998457,22.95284299998457
1427,0.02936270999998669,29.36270999998669
1428,0.02925495299996328,29.25495299996328
1429,0.022848851999697217,22.848851999697217
1430,0.022651178000160144,22.651178000160144
1431,0.029341265999846655,29.341265999846655
1432,0.029192969000177982,29.192969000177982
1433,0.02326240999991569,23.26240999991569
1434,0.022595822000312182,22.595822000312182
1435,0.03047625799990783,30.47625799990783
1436,0.028044241000316106,28.044241000316106
1437,0.024650076999932935,24.650076999932935
1438,0.02236447399991448,22.36447399991448
1439,0.032062142999620846,32.062142999620846
1440,0.02387992400008443,23.87992400008443
1441,0.0233130040001015,23.3130040001015
1442,0.023400534000302287,23.400534000302287
1443,0.027925798000069335,27.925798000069335
1444,0.027791758000148548,27.791758000148548
1445,0.023635990999991918,23.635990999991918
1446,0.02271982599995681,22.71982599995681
1447,0.032013857000038115,32.013857000038115
1448,0.023991682000087167,23.991682000087167
1449,0.024324752999746124,24.324752999746124
1450,0.02302679700005683,23.02679700005683
1451,0.027824959999634302,27.824959999634302
1452,0.023715184000138834,23.715184000138834
1453,0.02344142699985241,23.44142699985241
1454,0.022710745000040333,22.710745000040333
1455,0.03327478399978645,33.27478399978645
1456,0.023355047999757517,23.355047999757517
1457,0.023041987000397057,23.041987000397057
1458,0.022654784999758704,22.654784999758704
1459,0.034367712999937794,34.367712999937794
1460,0.024529907000214735,24.529907000214735
1461,0.023647834999792394,23.647834999792394
1462,0.022946091999983764,22.946091999983764
1463,0.02733585900023172,27.33585900023172
1464,0.031360786000277585,31.360786000277585
1465,0.023390573000142467,23.390573000142467
1466,0.023489709999921615,23.489709999921615
1467,0.029756274999726884,29.756274999726884
1468,0.02850619499986351,28.50619499986351
1469,0.023454825000044366,23.454825000044366
1470,0.02261222600009205,22.61222600009205
1471,0.029016659000262734,29.016659000262734
1472,0.02839076500004012,28.39076500004012
1473,0.02349368700015475,23.49368700015475
1474,0.022336076999636134,22.336076999636134
1475,0.029077139000037278,29.077139000037278
1476,0.028627991000121256,28.627991000121256
1477,0.023424594000061916,23.424594000061916
1478,0.023504216999754135,23.504216999754135
1479,0.030360391000158415,30.360391000158415
1480,0.028732215000218275,28.732215000218275
1481,0.023274497000329575,23.274497000329575
1482,0.02260509899997487,22.60509899997487
1483,0.029542417999891768,29.542417999891768
1484,0.02791881600023771,27.91881600023771
1485,0.023026984000352968,23.026984000352968
1486,0.022357133000241447,22.357133000241447
1487,0.02990223100005096,29.90223100005096
1488,0.027969171999757236,27.969171999757236
1489,0.02349224099998537,23.49224099998537
1490,0.024192816999857314,24.192816999857314
1491,0.031466855999951804,31.466855999951804
1492,0.02427901600003679,24.27901600003679
1493,0.023881583999809664,23.881583999809664
1494,0.023460344000341138,23.460344000341138
1495,0.03089229700026408,30.89229700026408
1496,0.023330428000008396,23.330428000008396
1497,0.023020965000341675,23.020965000341675
1498,0.022565748000033636,22.565748000033636
1499,0.0342240079999101,34.2240079999101
1500,0.0248892969998451,24.8892969998451
1501,0.023419149999881483,23.419149999881483
1502,0.023425588000009157,23.425588000009157
1503,0.027750869000101375,27.750869000101375
1504,0.027364590000161115,27.364590000161115
1505,0.023689563000061753,23.689563000061753
1506,0.023093552999853273,23.093552999853273
1507,0.02651044100002764,26.51044100002764
1508,0.03209945900016464,32.09945900016464
1509,0.025216698999884102,25.216698999884102
1510,0.024338016000001517,24.338016000001517
1511,0.042510652000146365,42.510652000146365
1512,0.029436808999889763,29.436808999889763
1513,0.027887964000001375,27.887964000001375
1514,0.02363247599987517,23.63247599987517
1515,0.04633874099999957,46.33874099999957
1516,0.02422182899999825,24.22182899999825
1517,0.022764676999941003,22.764676999941003
1518,0.02267275599979257,22.67275599979257
1519,0.041356226000061724,41.356226000061724
1520,0.02392101100031141,23.92101100031141
1521,0.023470612999972218,23.470612999972218
1522,0.022440355999606254,22.440355999606254
1523,0.02627997699983098,26.27997699983098
1524,0.03195458199979839,31.954581999798393
1525,0.0231011670002772,23.1011670002772
1526,0.022838508999939222,22.838508999939222
1527,0.030151140999805648,30.151140999805648
1528,0.02908639600036622,29.08639600036622
1529,0.023821926999971765,23.821926999971765
1530,0.02326271599986285,23.26271599986285
1531,0.030977256999904057,30.977256999904057
1532,0.04127756500020041,41.27756500020041
1533,0.027716070999758813,27.716070999758813
1534,0.024601761999747396,24.601761999747396
1535,0.03298941299999569,32.98941299999569
1536,0.02348229100016397,23.48229100016397
1537,0.022844799000267813,22.844799000267813
1538,0.022785749999911786,22.785749999911786
1539,0.03454613500025516,34.54613500025516
1540,0.02393557499999588,23.93557499999588
1541,0.023697593999713717,23.697593999713717
1542,0.023290459000236297,23.290459000236297
1543,0.027875555000264285,27.875555000264285
1544,0.0239329290002388,23.9329290002388
1545,0.023776406000251882,23.776406000251882
1546,0.022477600000001985,22.477600000001985
1547,0.03170467700010704,31.70467700010704
1548,0.02428460900000573,24.28460900000573
1549,0.023704657000052975,23.704657000052975
1550,0.02310918800003492,23.10918800003492
1551,0.02739464299975225,27.39464299975225
1552,0.026259256999765057,26.259256999765057
1553,0.023023498999918957,23.023498999918957
1554,0.022686707000048045,22.686707000048045
1555,0.030568657999992865,30.568657999992865
1556,0.025531120000323426,25.531120000323426
1557,0.023192052000013064,23.192052000013064
1558,0.02242961699994339,22.42961699994339
1559,0.030285654999715916,30.285654999715916
1560,0.026734447000308137,26.734447000308137
1561,0.02279126699977496,22.79126699977496
1562,0.02330103299982511,23.30103299982511
1563,0.03197404299999107,31.97404299999107
1564,0.023774571000103606,23.774571000103606
1565,0.02369114700013597,23.69114700013597
1566,0.023705058000359713,23.705058000359713
1567,0.02906206999978167,29.06206999978167
1568,0.024084707999918464,24.084707999918464
1569,0.023013799999716866,23.013799999716866
1570,0.022551827999905072,22.551827999905072
1571,0.031492779000018345,31.492779000018345
1572,0.024322140000094805,24.322140000094805
1573,0.02354498600016086,23.54498600016086
1574,0.02308155699984127,23.08155699984127
1575,0.03454557100030797,34.54557100030797
1576,0.02420954699982758,24.20954699982758
1577,0.023644010999760212,23.644010999760212
1578,0.02326743699995859,23.26743699995859
1579,0.027200094999898283,27.200094999898283
1580,0.02328711999962252,23.28711999962252
1581,0.02310110199960036,23.10110199960036
1582,0.02242609299992182,22.42609299992182
1583,0.031095070999981544,31.095070999981544
1584,0.02566203200012751,25.66203200012751
1585,0.02274068300039289,22.74068300039289
1586,0.022675293999782298,22.675293999782298
1587,0.0318448289999651,31.844828999965102
1588,0.024030985000081273,24.030985000081273
1589,0.023761971999647358,23.761971999647358
1590,0.023245994999797404,23.245994999797404
1591,0.029473997999957646,29.473997999957646
1592,0.02387981000038053,23.87981000038053
1593,0.023890909999863652,23.890909999863652
1594,0.023201170999982423,23.201170999982423
1595,0.03695248199983325,36.95248199983325
1596,0.02411837999989075,24.11837999989075
1597,0.023308878000079858,23.308878000079858
1598,0.023276205000001937,23.276205000001937
1599,0.10254468099992664,102.54468099992664
1600,0.059850087000086205,59.850087000086205
1601,0.0393599950002681,39.3599950002681
1602,0.02263271199990413,22.63271199990413
1603,0.03311018900012641,33.11018900012641
1604,0.02344873699985328,23.44873699985328
1605,0.023039831000005506,23.039831000005506
1606,0.022325699999782955,22.325699999782955
1607,0.03223150399981023,32.23150399981023
1608,0.024158369999895513,24.158369999895513
1609,0.023700630999883288,23.700630999883288
1610,0.023583808000239515,23.583808000239515
1611,0.03782736999983172,37.82736999983172
1612,0.023854744000345818,23.854744000345818
1613,0.02439073699997607,24.39073699997607
1614,0.022985571999925014,22.985571999925014
1615,0.029093818000092142,29.093818000092142
1616,0.027953771999818855,27.953771999818855
1617,0.02313057600031243,23.13057600031243
1618,0.02237885400018058,22.37885400018058
1619,0.029690154000036273,29.690154000036273
1620,0.029292876999988948,29.29287699998895
1621,0.023403649000101723,23.403649000101723
1622,0.023283293999611487,23.283293999611487
1623,0.03483562100018389,34.83562100018389
1624,0.02733155199985049,27.33155199985049
1625,0.023081218999777775,23.081218999777775
1626,0.02285026600020501,22.85026600020501
1627,0.03478109800016682,34.78109800016682
1628,0.02395115099989198,23.95115099989198
1629,0.027959213000031014,27.959213000031014
1630,0.022753018000003067,22.753018000003067
1631,0.03507020000006378,35.07020000006378
1632,0.02405825799996819,24.05825799996819
1633,0.02272512799981996,22.72512799981996
1634,0.022589542999867263,22.589542999867263
1635,0.03382174999978815,33.82174999978815
1636,0.028722158999698877,28.722158999698877
1637,0.02373147099979178,23.73147099979178
1638,0.02354948600032003,23.54948600032003
1639,0.03230593999978737,32.30593999978737
1640,0.023911910000151693,23.911910000151693
1641,0.02383026899997276,23.83026899997276
1642,0.022355032000177744,22.355032000177744
1643,0.032607368000299175,32.607368000299175
1644,0.0239505689996804,23.9505689996804
1645,0.023301148999962606,23.301148999962606
1646,0.023893989000043803,23.893989000043803
1647,0.027539971999885893,27.539971999885893
1648,0.02400175999991916,24.00175999991916
1649,0.02367937399958464,23.67937399958464
1650,0.022832730000118318,22.832730000118318
1651,0.032121603000177856,32.121603000177856
1652,0.028763709000031668,28.763709000031668
1653,0.024752999999691383,24.752999999691383
1654,0.036408099999789556,36.408099999789556
1655,0.026606484999774693,26.606484999774693
1656,0.030735916000139696,30.735916000139696
1657,0.023325873999965552,23.32587399996555
1658,0.023208340000110184,23.208340000110184
1659,0.02815614299970548,28.15614299970548
1660,0.028627531999973144,28.627531999973144
1661,0.024603813999874546,24.603813999874546
1662,0.022930444999929023,22.930444999929023
1663,0.026846397999634064,26.846397999634064
1664,0.034886156000084156,34.886156000084156
1665,0.023444435000328667,23.444435000328667
1666,0.02264648699974714,22.64648699974714
1667,0.028691371999684634,28.691371999684634
1668,0.02395922599998812,23.95922599998812
1669,0.023416329999690788,23.416329999690788
1670,0.023247315999924467,23.247315999924467
1671,0.03847716100017351,38.47716100017351
1672,0.026089280000178405,26.089280000178405
1673,0.02347521299998334,23.47521299998334
1674,0.022481631000118796,22.481631000118796
1675,0.02810813499991127,28.10813499991127
1676,0.02933064699982424,29.33064699982424
1677,0.022952106000047934,22.952106000047934
1678,0.022423471999900357,22.423471999900357
1679,0.02878255799987528,28.78255799987528
1680,0.028842215000167926,28.842215000167926
1681,0.022856392999983655,22.856392999983655
1682,0.02296472599982735,22.96472599982735
1683,0.029238949000045977,29.238949000045977
1684,0.028774836000138748,28.774836000138748
1685,0.02369185599991397,23.69185599991397
1686,0.023154925000199,23.154925000199
1687,0.02974143199980972,29.74143199980972
1688,0.02939079599991601,29.39079599991601
1689,0.023166377000052307,23.166377000052307
1690,0.022432589999880292,22.432589999880292
1691,0.03092821800009915,30.92821800009915
1692,0.028529250000246975,28.529250000246975
1693,0.023402209999858314,23.402209999858314
1694,0.024780429000202275,24.780429000202275
1695,0.03648821099977795,36.48821099977795
1696,0.048017090000030294,48.017090000030294
1697,0.027360353999938525,27.360353999938525
1698,0.02649118899989844,26.49118899989844
1699,0.045258210000156396,45.258210000156396
1700,0.024907549000090512,24.907549000090512
1701,0.022637880999809568,22.637880999809568
1702,0.022648388000106934,22.648388000106934
1703,0.03195140499974514,31.951404999745137
1704,0.028684531999715546,28.684531999715546
1705,0.024010385000110546,24.010385000110546
1706,0.025654746000327577,25.654746000327577
1707,0.037040143000012904,37.040143000012904
1708,0.025655942999947,25.655942999947
1709,0.02355723400023635,23.55723400023635
1710,0.0231448710001132,23.1448710001132
1711,0.02859239899999011,28.59239899999011
1712,0.02556428700017932,25.56428700017932
1713,0.023369410000213975,23.369410000213975
1714,0.02247643999999127,22.47643999999127
1715,0.031063794999681704,31.063794999681704
1716,0.023607696999988548,23.607696999988548
1717,0.02272198499986189,22.72198499986189
1718,0.022598617999847193,22.598617999847193
1719,0.03214482899966242,32.14482899966242
1720,0.023740097999962018,23.740097999962018
1721,0.02348035399973014,23.48035399973014
1722,0.02335972099990613,23.35972099990613
1723,0.0317441840002175,31.7441840002175
1724,0.023754623000058928,23.754623000058928
1725,0.023883893000402168,23.883893000402168
1726,0.022869509999964066,22.869509999964066
1727,0.0320448289999149,32.0448289999149
1728,0.024332551000043168,24.332551000043168
1729,0.023364874999970198,23.364874999970198
1730,0.023077566000210936,23.077566000210936
1731,0.02742723199980901,27.42723199980901
1732,0.023652706000120816,23.652706000120816
1733,0.023039730999698804,23.039730999698804
1734,0.02272917199979929,22.72917199979929
1735,0.029900762000124814,29.900762000124814
1736,0.02800512300018454,28.00512300018454
1737,0.023027288999855955,23.027288999855955
1738,0.02369432399973448,23.69432399973448
1739,0.031597288999819284,31.597288999819284
1740,0.02409375099978206,24.09375099978206
1741,0.023418063999997685,23.418063999997685
1742,0.023293101000035676,23.293101000035676
1743,0.0318930769999497,31.8930769999497
1744,0.02368798199995581,23.68798199995581
1745,0.024402956999892922,24.402956999892922
1746,0.02313490999995338,23.13490999995338
1747,0.03369479899993166,33.69479899993166
1748,0.024135172000114835,24.135172000114835
1749,0.02358949599965854,23.58949599965854
1750,0.022631336999893392,22.631336999893392
1751,0.027534335999916948,27.534335999916948
1752,0.022966363000250567,22.966363000250567
1753,0.0227897730001132,22.7897730001132
1754,0.02256896600010805,22.56896600010805
1755,0.029764100999727816,29.764100999727816
1756,0.02590084899975409,25.90084899975409
1757,0.022991787000137265,22.991787000137265
1758,0.022516310999890266,22.516310999890266
1759,0.04025514400018437,40.25514400018437
1760,0.023637062000034348,23.637062000034348
1761,0.022907065999788756,22.907065999788756
1762,0.022708929000145872,22.708929000145872
1763,0.03472859699968467,34.72859699968467
1764,0.02425145600000178,24.25145600000178
1765,0.02338059700014128,23.38059700014128
1766,0.023219896999762568,23.219896999762568
1767,0.03015487100037717,30.15487100037717
1768,0.02996146099985708,29.96146099985708
1769,0.0240090259999306,24.0090259999306
1770,0.02329863100021612,23.29863100021612
1771,0.03460522300019875,34.60522300019875
1772,0.026477173999865045,26.477173999865045
1773,0.022934683000130462,22.934683000130462
1774,0.022295007000138867,22.295007000138867
1775,0.03757985800029928,37.57985800029928
1776,0.02385672299988073,23.85672299988073
1777,0.022738945999662974,22.738945999662974
1778,0.022592502999941644,22.592502999941644
1779,0.03671830299981593,36.71830299981593
1780,0.02309856200008653,23.09856200008653
1781,0.022939725000014732,22.939725000014732
1782,0.02255194000008487,22.55194000008487
1783,0.030390554999939923,30.390554999939923
1784,0.023605663000125787,23.605663000125787
1785,0.023005090999959066,23.005090999959066
1786,0.02228430599961939,22.28430599961939
1787,0.029014308999649074,29.014308999649074
1788,0.024074890000065352,24.074890000065352
1789,0.023443044000032387,23.443044000032387
1790,0.02386037300038879,23.86037300038879
1791,0.028175276000183658,28.175276000183658
1792,0.026595831000122416,26.595831000122416
1793,0.023505485999976372,23.505485999976372
1794,0.022881686999880912,22.881686999880912
1795,0.031038497999816173,31.038497999816173
1796,0.02429905399958443,24.29905399958443
1797,0.023619536000296648,23.619536000296648
1798,0.022938990000056947,22.938990000056947
1799,0.028443779000099312,28.443779000099312
1800,0.02626129200007199,26.26129200007199
1801,0.022788655000113067,22.788655000113067
1802,0.02264389599986316,22.64389599986316
1803,0.029507010000088485,29.507010000088485
1804,0.027653129999634984,27.653129999634984
1805,0.02325244100029522,23.25244100029522
1806,0.023279116000139766,23.279116000139766
1807,0.030038284000056592,30.038284000056592
1808,0.02853218600012042,28.53218600012042
1809,0.02394339000011314,23.94339000011314
1810,0.022479293999822403,22.479293999822403
1811,0.03103690500029188,31.03690500029188
1812,0.0239229809999415,23.9229809999415
1813,0.02392387699956089,23.92387699956089
1814,0.02325109799994607,23.25109799994607
1815,0.028127685000072233,28.127685000072233
1816,0.026279183000042394,26.279183000042394
1817,0.02308449100019061,23.08449100019061
1818,0.022651828000107344,22.651828000107344
1819,0.028912114999911864,28.912114999911864
1820,0.03277436899998065,32.77436899998065
1821,0.025513300000056915,25.513300000056915
1822,0.022964954000144644,22.964954000144644
1823,0.02657224699987637,26.57224699987637
1824,0.030737353999938932,30.737353999938932
1825,0.02469922399995994,24.69922399995994
1826,0.023119735999898694,23.119735999898694
1827,0.03062125099995683,30.62125099995683
1828,0.027768476999881386,27.768476999881386
1829,0.023664208000354847,23.664208000354847
1830,0.022890755000389618,22.890755000389618
1831,0.02824877100010781,28.24877100010781
1832,0.02786231800018868,27.86231800018868
1833,0.022940806000406155,22.940806000406155
1834,0.022439103000124305,22.439103000124305
1835,0.029389365000042744,29.389365000042744
1836,0.02802793399996517,28.02793399996517
1837,0.023515571000189084,23.515571000189084
1838,0.023327116000018577,23.327116000018577
1839,0.03050311300012254,30.50311300012254
1840,0.03365533399983178,33.65533399983178
1841,0.024749666999923647,24.749666999923647
1842,0.02495222700008526,24.95222700008526
1843,0.028278845999921032,28.27884599992103
1844,0.0286084839999603,28.6084839999603
1845,0.0231522799999766,23.1522799999766
1846,0.02234518199975355,22.34518199975355
1847,0.02802884399989125,28.02884399989125
1848,0.028265780999845447,28.265780999845447
1849,0.022845783999855485,22.845783999855485
1850,0.022614678999616444,22.614678999616444
1851,0.025518106000163243,25.518106000163243
1852,0.03136093700004494,31.36093700004494
1853,0.02291168400006427,22.91168400006427
1854,0.022567567999885796,22.567567999885796
1855,0.030116316999738046,30.116316999738046
1856,0.0298479570001291,29.8479570001291
1857,0.023541021999790246,23.541021999790246
1858,0.023755058999995526,23.755058999995526
1859,0.03015693499992267,30.15693499992267
1860,0.028482404999977007,28.482404999977007
1861,0.022760987999845383,22.760987999845383
1862,0.022600312999657035,22.600312999657035
1863,0.02934867000021768,29.34867000021768
1864,0.02560748199994123,25.60748199994123
1865,0.02307703099995706,23.07703099995706
1866,0.022725289000391058,22.725289000391058
1867,0.0292497660002482,29.2497660002482
1868,0.029163267000058113,29.163267000058113
1869,0.02343384599998899,23.43384599998899
1870,0.02235902599977635,22.35902599977635
1871,0.028852063000158523,28.852063000158523
1872,0.02825771400011945,28.25771400011945
1873,0.02339048899966656,23.39048899966656
1874,0.023311906999879284,23.311906999879284
1875,0.029773944000226038,29.773944000226038
1876,0.028219682999861107,28.219682999861107
1877,0.023166763999597606,23.166763999597606
1878,0.0226766939999834,22.6766939999834
1879,0.03030103599985523,30.30103599985523
1880,0.029449472000123933,29.449472000123933
1881,0.023861522000061086,23.861522000061086
1882,0.022643100999630406,22.643100999630406
1883,0.03092806400036352,30.92806400036352
1884,0.023904499000309443,23.904499000309443
1885,0.023352033000264782,23.352033000264782
1886,0.022930649000045378,22.930649000045378
1887,0.03160665199993673,31.60665199993673
1888,0.024737143000038486,24.737143000038486
1889,0.023637106000023778,23.637106000023778
1890,0.025338681999983237,25.338681999983237
1891,0.02464879600029235,24.64879600029235
1892,0.03280203700023776,32.80203700023776
1893,0.02390145399976973,23.90145399976973
1894,0.023152506000315043,23.152506000315043
1895,0.02692699099998208,26.92699099998208
1896,0.029850127999907272,29.850127999907272
1897,0.023409670999626542,23.40967099962654
1898,0.022859189999962837,22.859189999962837
1899,0.027944821000346565,27.944821000346565
1900,0.02750796399959654,27.50796399959654
1901,0.02300559199966301,23.00559199966301
1902,0.022599483999783843,22.599483999783843
1903,0.02546461099973385,25.46461099973385
1904,0.02933330099995146,29.33330099995146
1905,0.023583034000239422,23.583034000239422
1906,0.02292889699992884,22.92889699992884
1907,0.03507331999981034,35.07331999981034
1908,0.024109888000111823,24.109888000111823
1909,0.02272686500009513,22.72686500009513
1910,0.022731323999778397,22.731323999778397
1911,0.02726320100009616,27.26320100009616
1912,0.02793660399993314,27.93660399993314
1913,0.02365678800015303,23.65678800015303
1914,0.023377297000024555,23.377297000024555
1915,0.028800255000078323,28.800255000078323
1916,0.028807081999730144,28.807081999730144
1917,0.02345002999982171,23.45002999982171
1918,0.022307879000436515,22.307879000436515
1919,0.0285540210002182,28.5540210002182
1920,0.02761503100009577,27.61503100009577
1921,0.022755372000119678,22.755372000119678
1922,0.022485175999918283,22.485175999918283
1923,0.02897692399983498,28.97692399983498
1924,0.028068485999938275,28.068485999938275
1925,0.023913717000141332,23.913717000141332
1926,0.023203693000141357,23.203693000141357
1927,0.02991922599994723,29.91922599994723
1928,0.028219449000062014,28.219449000062014
1929,0.023600767999596428,23.600767999596428
1930,0.022803995000231225,22.803995000231225
1931,0.030124374000024545,30.124374000024545
1932,0.02786264599990318,27.86264599990318
1933,0.02281223099998897,22.81223099998897
1934,0.022838958000193088,22.838958000193088
1935,0.03015126899981624,30.15126899981624
1936,0.027685532000305102,27.685532000305102
1937,0.023076214999946387,23.076214999946387
1938,0.02261807199965915,22.61807199965915
1939,0.029820884999935515,29.820884999935515
1940,0.028542285000185075,28.542285000185075
1941,0.023508505999870977,23.508505999870977
1942,0.02287622400035616,22.87622400035616
1943,0.03130775299996458,31.307752999964578
1944,0.023802015999990545,23.802015999990545
1945,0.023296964000110165,23.296964000110165
1946,0.023345487999904435,23.345487999904435
1947,0.031669646999944234,31.669646999944234
1948,0.024484667000251648,24.484667000251648
1949,0.023561909000363812,23.561909000363812
1950,0.022818708999693627,22.818708999693627
1951,0.024562442999922496,24.562442999922496
1952,0.03214929599971583,32.14929599971583
1953,0.023200955999982398,23.200955999982398
1954,0.02255594400003247,22.55594400003247
1955,0.0316703180001241,31.670318000124098
1956,0.023789104000115913,23.789104000115913
1957,0.02325436399996761,23.25436399996761
1958,0.023221594000006007,23.221594000006007
1959,0.026308072000119864,26.308072000119864
1960,0.03022375299997293,30.22375299997293
1961,0.023805520000223623,23.805520000223623
1962,0.023169156000221847,23.169156000221847
1963,0.026178737999998702,26.178737999998702
1964,0.029169595999974263,29.169595999974263
1965,0.023223715999847627,23.223715999847627
1966,0.02231421099986619,22.31421099986619
1967,0.025814061999881233,25.814061999881233
1968,0.03157315999987986,31.573159999879863
1969,0.02334741300001042,23.34741300001042
1970,0.02320579800016276,23.20579800016276
1971,0.029142281000076764,29.142281000076764
1972,0.029507024999929854,29.507024999929854
1973,0.023717599000065093,23.717599000065093
1974,0.023467172999971808,23.467172999971808
1975,0.02867340399961904,28.67340399961904
1976,0.02825539699961155,28.25539699961155
1977,0.02317300200002137,23.17300200002137
1978,0.02242376599997442,22.42376599997442
1979,0.03462437999996837,34.62437999996837
1980,0.0261665200000607,26.1665200000607
1981,0.02328388099977019,23.28388099977019
1982,0.023602798999945662,23.602798999945662
1983,0.039243962000000465,39.243962000000465
1984,0.02365377999967677,23.65377999967677
1985,0.02287247499998557,22.87247499998557
1986,0.022642470999926445,22.642470999926445
1987,0.03474101299980248,34.74101299980248
1988,0.030251575999955094,30.251575999955094
1989,0.02906354500009911,29.06354500009911
1990,0.02377655300006154,23.77655300006154
1991,0.029302002000349603,29.302002000349603
1992,0.030981900000369933,30.981900000369933
1993,0.021540533999996114,21.540533999996114
1994,0.02133105099983368,21.33105099983368
1995,0.03095258900020781,30.95258900020781
1996,0.029308225000022503,29.308225000022503
1997,0.021872988999803056,21.872988999803056
1998,0.026719926999703603,26.719926999703603
1999,0.04027077399996415,40.27077399996415
2000,0.02945934200033662,29.45934200033662
2001,0.021213779999925464,21.213779999925464
2002,0.020650304999890068,20.650304999890068
2003,0.031369700000141165,31.369700000141165
2004,0.0226582000000235,22.6582000000235
2005,0.021019085999796516,21.019085999796516
2006,0.021120830999734608,21.120830999734608
2007,0.03320227199992587,33.20227199992587
2008,0.026635350000105973,26.635350000105973
2009,0.02220140600002196,22.20140600002196
2010,0.02136014100005923,21.36014100005923
2011,0.03269040499981202,32.69040499981202
2012,0.027559832999941136,27.559832999941136
2013,0.022206202000234043,22.206202000234043
2014,0.020719405000363622,20.719405000363622
2015,0.033299843999884615,33.299843999884615
2016,0.02740294100021856,27.40294100021856
2017,0.020981039000162127,20.981039000162127
2018,0.02109415499990064,21.09415499990064
2019,0.033731484999862005,33.731484999862005
2020,0.028930363000199577,28.930363000199577
2021,0.021990699999605567,21.990699999605567
2022,0.02442122599995855,24.42122599995855
2023,0.03455420799991771,34.55420799991771
2024,0.025953582000056485,25.953582000056485
2025,0.02140049999979965,21.40049999979965
2026,0.02069495299974733,20.69495299974733
2027,0.032936335999693256,32.936335999693256
2028,0.026037040000119305,26.037040000119305
2029,0.02119522800012419,21.19522800012419
2030,0.0208082510002896,20.8082510002896
2031,0.03169607600011659,31.69607600011659
2032,0.03687370700026804,36.87370700026804
2033,0.031287187000089034,31.287187000089034
2034,0.029546997999659652,29.546997999659652
2035,0.04720996299965918,47.20996299965918
2036,0.043188952999571484,43.188952999571484
2037,0.03149057099972197,31.490570999721967
2038,0.029484270000011747,29.484270000011747
2039,0.043908034000196494,43.908034000196494
2040,0.028364323999994667,28.364323999994667
2041,0.02139145900036965,21.39145900036965
2042,0.03640857299978961,36.40857299978961
2043,0.028211917999669822,28.211917999669822
2044,0.029491611000139528,29.491611000139528
2045,0.04747974299971247,47.47974299971247
2046,0.028691113000149926,28.691113000149926
2047,0.022786556000028213,22.786556000028213
2048,0.037366777999977785,37.366777999977785
2049,0.022927919999801816,22.927919999801816
2050,0.0212385190002351,21.2385190002351
2051,0.02500519000022905,25.00519000022905
2052,0.0298142699998607,29.8142699998607
2053,0.02201446799972473,22.01446799972473
2054,0.02140245100008542,21.40245100008542
2055,0.020819048000248586,20.819048000248586
2056,0.033846122000340984,33.84612200034098
2057,0.03192007799998464,31.920077999984642
2058,0.023432788999798504,23.432788999798504
2059,0.023065320000114298,23.065320000114298
2060,0.09233895500028666,92.33895500028666
2061,0.04750595599989538,47.50595599989538
2062,0.02240840800004662,22.40840800004662
2063,0.022561612999652425,22.561612999652425
2064,0.025262225000005856,25.262225000005856
2065,0.03164004899963402,31.64004899963402
2066,0.023335019999649376,23.335019999649376
2067,0.023182090999853244,23.182090999853244
2068,0.035102285999982996,35.102285999982996
2069,0.023889116999725957,23.889116999725957
2070,0.02347295599975041,23.47295599975041
2071,0.022923507999621506,22.923507999621506
2072,0.029129357999863714,29.129357999863714
2073,0.024541518000205542,24.541518000205542
2074,0.02320962599969789,23.20962599969789
2075,0.024040710999997827,24.040710999997827
2076,0.027778516999660496,27.778516999660496
2077,0.022766494000279636,22.766494000279636
2078,0.022906973999852198,22.906973999852198
2079,0.02250111100011054,22.50111100011054
2080,0.035131644000102824,35.131644000102824
2081,0.023953107000124874,23.953107000124874
2082,0.023494021000260545,23.494021000260545
2083,0.02282127699982084,22.82127699982084
2084,0.02847385499990196,28.47385499990196
2085,0.023862523999923724,23.862523999923724
2086,0.02349852399993324,23.49852399993324
2087,0.02329958100017393,23.29958100017393
2088,0.028721498000322754,28.721498000322754
2089,0.025702200000068842,25.702200000068842
2090,0.023229200999594468,23.229200999594468
2091,0.02257531699979154,22.57531699979154
2092,0.02999168299993471,29.99168299993471
2093,0.02731490299993311,27.31490299993311
2094,0.023276086999885592,23.276086999885592
2095,0.022258164000049874,22.258164000049874
2096,0.0298525560001508,29.8525560001508
2097,0.028887900999961857,28.887900999961857
2098,0.0226698819997182,22.6698819997182
2099,0.02258633999963422,22.58633999963422
2100,0.034425545999965834,34.425545999965834
2101,0.024904431000322802,24.904431000322802
2102,0.023747290999835968,23.74729099983597
2103,0.023128427999836276,23.128427999836276
2104,0.032964649999939866,32.964649999939866
2105,0.029165543999624788,29.165543999624788
2106,0.023294480000004114,23.294480000004114
2107,0.022520901999996568,22.520901999996568
2108,0.032337594000182435,32.337594000182435
2109,0.029344634000153746,29.344634000153746
2110,0.022946521999983815,22.946521999983815
2111,0.022580912000194076,22.580912000194076
2112,0.035014789999877394,35.014789999877394
2113,0.0261945359998208,26.1945359998208
2114,0.023684105000029376,23.684105000029376
2115,0.022600325999974302,22.600325999974302
2116,0.0393266359997142,39.3266359997142
2117,0.025257845999931305,25.257845999931305
2118,0.023428308000347897,23.428308000347897
2119,0.022811032999925374,22.811032999925374
2120,0.035014073999718676,35.014073999718676
2121,0.029808931999923516,29.808931999923516
2122,0.022822768999958498,22.822768999958498
2123,0.022557458999926894,22.557458999926894
2124,0.03712761999986469,37.12761999986469
2125,0.024879174000034254,24.879174000034254
2126,0.022911275000296882,22.911275000296882
2127,0.022957348999625538,22.957348999625538
2128,0.030224263000036444,30.224263000036444
2129,0.023759720000271045,23.759720000271045
2130,0.023072961999787367,23.072961999787367
2131,0.02246141500017984,22.46141500017984
2132,0.03557360700006029,35.57360700006029
2133,0.024133149000135745,24.133149000135745
2134,0.023728037999717344,23.728037999717344
2135,0.023295208000035927,23.295208000035927
2136,0.02686644699997487,26.86644699997487
2137,0.03200491600000532,32.00491600000532
2138,0.023761114000080852,23.761114000080852
2139,0.02320477100010976,23.20477100010976
2140,0.029447586000060255,29.447586000060255
2141,0.029099085999860108,29.099085999860108
2142,0.02374905199985733,23.74905199985733
2143,0.022373324999989563,22.373324999989563
2144,0.029660238999895228,29.660238999895228
2145,0.033082678000027954,33.082678000027954
2146,0.02277001799984646,22.77001799984646
2147,0.023112902999855578,23.112902999855578
2148,0.02688145499996608,26.88145499996608
2149,0.02921616699995866,29.21616699995866
2150,0.025311648000297282,25.311648000297282
2151,0.023337763999734307,23.337763999734307
2152,0.027644771999803197,27.644771999803197
2153,0.02385469999990164,23.85469999990164
2154,0.023607258000083675,23.607258000083675
2155,0.02267012500033161,22.67012500033161
2156,0.032195475999742484,32.195475999742484
2157,0.024138944999776868,24.138944999776868
2158,0.023419529999955557,23.419529999955557
2159,0.02391760599994086,23.91760599994086
2160,0.02790584000013041,27.90584000013041
2161,0.022983420999935333,22.983420999935333
2162,0.023090418999800022,23.090418999800022
2163,0.022730240999862872,22.730240999862872
2164,0.03206552299980103,32.06552299980103
2165,0.024486325999987457,24.486325999987457
2166,0.023715400000128284,23.715400000128284
2167,0.022965788999954384,22.965788999954384
2168,0.028659754000273097,28.659754000273097
2169,0.026444861000072706,26.444861000072706
2170,0.02582095700017817,25.82095700017817
2171,0.024112097999932303,24.112097999932303
2172,0.026284506000138208,26.284506000138208
2173,0.03443641800004116,34.43641800004116
2174,0.023820112999601406,23.820112999601406
2175,0.023255631000210997,23.255631000210997
2176,0.030901702999926783,30.901702999926783
2177,0.02826138499995068,28.26138499995068
2178,0.027921014999719773,27.921014999719773
2179,0.02243689099987023,22.43689099987023
2180,0.03481063700019149,34.81063700019149
2181,0.024326462999852083,24.326462999852083
2182,0.023389212999973097,23.389212999973097
2183,0.023329331000240927,23.329331000240927
2184,0.028512982999927772,28.51298299992777
2185,0.03254178499992122,32.54178499992122
2186,0.0231957070000135,23.1957070000135
2187,0.02264908600000126,22.64908600000126
2188,0.02880372699974032,28.80372699974032
2189,0.028915827000218997,28.915827000218997
2190,0.023158945999966818,23.158945999966818
2191,0.0224900059997708,22.4900059997708
2192,0.02824679700006527,28.24679700006527
2193,0.046377865000067686,46.377865000067686
2194,0.023078763999819785,23.078763999819785
2195,0.022838495000087278,22.838495000087278
2196,0.029613425999741594,29.613425999741594
2197,0.028911722999964695,28.911722999964695
2198,0.023755438000080176,23.755438000080176
2199,0.023304975999963062,23.304975999963062
2200,0.030544875000032334,30.544875000032334
2201,0.028413214000011067,28.413214000011067
2202,0.023050796000006812,23.050796000006812
2203,0.02236577900021075,22.36577900021075
2204,0.029934484000023076,29.934484000023076
2205,0.028312924000147177,28.312924000147177
2206,0.022842002999823308,22.842002999823308
2207,0.0227305520002119,22.7305520002119
2208,0.031200871999772062,31.200871999772062
2209,0.02659471200013286,26.59471200013286
2210,0.02370165199999974,23.70165199999974
2211,0.024697142000150052,24.697142000150052
2212,0.027709121000043524,27.709121000043524
2213,0.023971174999587674,23.971174999587674
2214,0.023630841999874974,23.630841999874974
2215,0.022464863999630325,22.464863999630325
2216,0.03239214899986109,32.39214899986109
2217,0.025135758000033093,25.135758000033093
2218,0.02272948700010602,22.72948700010602
2219,0.022806251000019984,22.806251000019984
2220,0.042152174999955605,42.152174999955605
2221,0.02399733800029935,23.99733800029935
2222,0.02350192199992307,23.50192199992307
2223,0.023287164000066696,23.287164000066696
2224,0.03074252200030969,30.74252200030969
2225,0.028560085999743023,28.560085999743023
2226,0.023157362999882025,23.157362999882025
2227,0.02300259100002222,23.00259100002222
2228,0.04066865000004327,40.66865000004327
2229,0.024778567999874213,24.778567999874213
2230,0.0226878299999953,22.6878299999953
2231,0.022506711999994877,22.506711999994877
2232,0.03566629399983867,35.66629399983867
2233,0.024491875999956392,24.49187599995639
2234,0.02377879599998778,23.77879599998778
2235,0.022485354999844276,22.485354999844276
2236,0.03531906899979731,35.31906899979731
2237,0.02351674700003059,23.51674700003059
2238,0.022788296999806334,22.788296999806334
2239,0.022311326999897574,22.311326999897574
2240,0.02953267099974255,29.53267099974255
2241,0.028905599000154325,28.905599000154325
2242,0.023670261999996,23.670261999996
2243,0.025094497999816667,25.094497999816667
2244,0.030698405999828537,30.698405999828537
2245,0.028326680000191118,28.326680000191118
2246,0.023599627999828954,23.599627999828954
2247,0.023240264000378374,23.240264000378374
2248,0.03130648000023939,31.30648000023939
2249,0.024717671999951563,24.717671999951563
2250,0.02355472399995051,23.55472399995051
2251,0.022841695999886724,22.841695999886724
2252,0.031239758000083384,31.239758000083384
2253,0.024113752000175737,24.113752000175737
2254,0.023359680000339722,23.359680000339722
2255,0.022804565000114962,22.804565000114962
2256,0.033318656999654195,33.318656999654195
2257,0.022956896999858145,22.956896999858145
2258,0.023603495999850566,23.603495999850566
2259,0.02355481199992937,23.55481199992937
2260,0.027257888999884017,27.257888999884017
2261,0.02706589299987172,27.06589299987172
2262,0.022972435999690788,22.972435999690788
2263,0.022550241000317328,22.550241000317328
2264,0.030378453000139416,30.378453000139416
2265,0.026723026000126993,26.723026000126993
2266,0.023553458000151295,23.553458000151295
2267,0.023043551999762713,23.043551999762713
2268,0.031055438999828766,31.055438999828766
2269,0.023613909000232525,23.613909000232525
2270,0.02358467700014444,23.58467700014444
2271,0.023155118999966362,23.155118999966362
2272,0.03125782799997978,31.25782799997978
2273,0.023714849000043614,23.714849000043614
2274,0.02352805400005309,23.52805400005309
2275,0.023213582999687787,23.213582999687787
2276,0.028419867999673443,28.419867999673443
2277,0.026019937000000937,26.019937000000937
2278,0.02274904699970648,22.74904699970648
2279,0.02260907199979556,22.60907199979556
2280,0.03055777899999157,30.55777899999157
2281,0.028145239999957994,28.145239999957994
2282,0.023735018000024866,23.735018000024866
2283,0.023154953000357636,23.154953000357636
2284,0.030929456000194477,30.929456000194477
2285,0.0238627409999026,23.8627409999026
2286,0.02366738399996393,23.66738399996393
2287,0.023002778999853035,23.002778999853035
2288,0.03148902499970063,31.489024999700632
2289,0.023396320999836462,23.396320999836462
2290,0.022857312000269303,22.857312000269303
2291,0.02261940800008233,22.61940800008233
2292,0.03101889099980326,31.01889099980326
2293,0.02505732200006605,25.05732200006605
2294,0.023625791000085883,23.625791000085883
2295,0.023549936000108573,23.549936000108573
2296,0.03364452299956611,33.64452299956611
2297,0.026673530000152823,26.673530000152823
2298,0.02346436400011953,23.46436400011953
2299,0.02325642899995728,23.25642899995728
2300,0.02743206100012685,27.43206100012685
2301,0.022935471999971924,22.935471999971924
2302,0.02310570200006623,23.10570200006623
2303,0.022611131999838108,22.611131999838108
2304,0.03127052499985439,31.270524999854388
2305,0.024183703999824502,24.183703999824502
2306,0.024224213999787025,24.224213999787025
2307,0.023371322000002692,23.371322000002692
2308,0.03167119599993384,31.671195999933843
2309,0.023758964000080596,23.758964000080596
2310,0.025180438999996113,25.180438999996113
2311,0.023137433000101737,23.137433000101737
2312,0.02754614200011929,27.54614200011929
2313,0.023662051999963296,23.662051999963296
2314,0.0232393440001033,23.2393440001033
2315,0.022663920000013604,22.663920000013604
2316,0.02658752400020603,26.58752400020603
2317,0.042651830000068,42.651830000068
2318,0.03142393999996784,31.423939999967843
2319,0.021527061999677244,21.527061999677244
2320,0.03396698100004869,33.96698100004869
2321,0.022973975999775575,22.973975999775575
2322,0.022144716000184417,22.144716000184417
2323,0.02137452699980713,21.37452699980713
2324,0.03355561199987278,33.55561199987278
2325,0.02255635000028633,22.55635000028633
2326,0.022425678999752563,22.425678999752563
2327,0.025998500999776297,25.998500999776297
2328,0.0434462349999194,43.4462349999194
2329,0.02310238500012929,23.10238500012929
2330,0.02176404400006504,21.76404400006504
2331,0.02147850000028484,21.47850000028484
2332,0.03385834299979251,33.85834299979251
2333,0.023002530000212573,23.002530000212573
2334,0.021792780000396306,21.792780000396306
2335,0.020996854999793868,20.996854999793868
2336,0.03212108600018837,32.12108600018837
2337,0.027178377999916847,27.178377999916847
2338,0.02132690000007642,21.32690000007642
2339,0.02078876499990656,20.78876499990656
2340,0.030232631000217225,30.232631000217225
2341,0.02785464399994453,27.85464399994453
2342,0.021582390000276064,21.582390000276064
2343,0.0223999099998764,22.3999099998764
2344,0.032225974000084534,32.225974000084534
2345,0.028088090999972337,28.088090999972337
2346,0.022860197999762022,22.860197999762022
2347,0.021410266000202682,21.410266000202682
2348,0.030290831999991497,30.290831999991497
2349,0.028806778000216582,28.806778000216582
2350,0.021621535000122094,21.621535000122094
2351,0.020820973999889247,20.820973999889247
2352,0.029628697999669384,29.628697999669384
2353,0.03249425500007419,32.49425500007419
2354,0.021567371999935858,21.567371999935858
2355,0.0207927890000974,20.7927890000974
2356,0.03058423499987839,30.58423499987839
2357,0.028311322999797994,28.311322999797994
2358,0.02213711600006718,22.13711600006718
2359,0.021065334000013536,21.065334000013536
2360,0.03046731600034036,30.46731600034036
2361,0.03759377200003655,37.59377200003655
2362,0.029626352000377665,29.626352000377665
2363,0.03171198900008676,31.71198900008676
2364,0.04711011699964729,47.11011699964729
2365,0.03178988299987395,31.789882999873953
2366,0.027919176999603224,27.919176999603224
2367,0.02122478000001138,21.22478000001138
2368,0.034626718000254186,34.626718000254186
2369,0.0255652480000208,25.5652480000208
2370,0.029755326000213245,29.755326000213245
2371,0.029316250000192667,29.316250000192667
2372,0.04747465599984935,47.47465599984935
2373,0.027215178000005835,27.215178000005835
2374,0.02117891400030203,21.17891400030203
2375,0.020861513999989256,20.861513999989256
2376,0.02921768099986366,29.21768099986366
2377,0.022177114999976766,22.177114999976766
2378,0.022997328999736055,22.997328999736055
2379,0.021090100000037637,21.090100000037637
2380,0.032563701999606565,32.563701999606565
2381,0.027737712000089232,27.737712000089232
2382,0.02129131599986067,21.29131599986067
2383,0.02081191899969781,20.81191899969781
2384,0.03059677700002794,30.59677700002794
2385,0.028390659999786294,28.390659999786294
2386,0.021508757999981754,21.508757999981754
2387,0.02145746899986989,21.45746899986989
2388,0.032897481999953015,32.897481999953015
2389,0.028478460000314954,28.478460000314954
2390,0.021382927000104246,21.382927000104246
2391,0.020900909999909345,20.900909999909345
2392,0.02970988800007035,29.70988800007035
2393,0.02797679800005426,27.97679800005426
2394,0.021844421999958286,21.844421999958286
2395,0.02125092100004622,21.25092100004622
2396,0.03037824000011824,30.37824000011824
2397,0.022318655000162835,22.318655000162835
2398,0.02110790699998688,21.10790699998688
2399,0.021392053999989002,21.392053999989002
2400,0.03284756099992592,32.84756099992592
2401,0.02813927099987268,28.13927099987268
2402,0.0224857369998972,22.4857369998972
2403,0.02134547699961331,21.34547699961331
2404,0.03453114200010532,34.53114200010532
2405,0.023237444999722356,23.237444999722356
2406,0.02279532400007156,22.79532400007156
2407,0.02249315100016247,22.49315100016247
2408,0.02903267900001083,29.03267900001083
2409,0.028032123999764735,28.032123999764735
2410,0.022781491999921855,22.781491999921855
2411,0.022616024000399193,22.616024000399193
2412,0.02868354600013845,28.68354600013845
2413,0.02834097799996016,28.34097799996016
2414,0.023028755000268575,23.028755000268575
2415,0.02264081100020121,22.64081100020121
2416,0.030130919000384893,30.130919000384893
2417,0.028664464999565098,28.664464999565098
2418,0.023650203999750374,23.650203999750374
2419,0.02307451700016827,23.07451700016827
2420,0.03013379200001509,30.13379200001509
2421,0.027927158000238705,27.927158000238705
2422,0.022859100999994553,22.859100999994553
2423,0.022525773999859666,22.525773999859666
2424,0.029698310000185302,29.6983100001853
2425,0.027913283000088995,27.913283000088995
2426,0.02302463699970758,23.02463699970758
2427,0.022588869000173872,22.588869000173872
2428,0.029256553999857715,29.256553999857715
2429,0.028418521999810764,28.418521999810764
2430,0.023567141000057745,23.567141000057745
2431,0.022968053999647964,22.968053999647964
2432,0.030004771999756485,30.004771999756485
2433,0.028316382999946654,28.316382999946654
2434,0.02317786599996907,23.17786599996907
2435,0.022642705000180285,22.642705000180285
2436,0.0294768059998205,29.4768059998205
2437,0.027747478000037518,27.747478000037518
2438,0.023009897000065394,23.009897000065394
2439,0.022560877000159962,22.560877000159962
2440,0.02849619000016901,28.49619000016901
2441,0.028738794999753736,28.738794999753736
2442,0.023617875000127242,23.617875000127242
2443,0.023142692999954306,23.142692999954306
2444,0.03000559800011615,30.00559800011615
2445,0.02855424600011247,28.55424600011247
2446,0.02332615600016652,23.32615600016652
2447,0.02287362699962614,22.87362699962614
2448,0.031167187999926682,31.167187999926682
2449,0.024218237999775738,24.218237999775738
2450,0.023704709999947227,23.704709999947227
2451,0.023284530000182713,23.284530000182713
2452,0.026837578999675316,26.837578999675316
2453,0.027393433000270306,27.393433000270306
2454,0.022955450000154087,22.955450000154087
2455,0.022397088000161602,22.397088000161602
2456,0.03048531100012042,30.48531100012042
2457,0.029034924999905343,29.034924999905343
2458,0.02334318000021085,23.34318000021085
2459,0.023407519000102184,23.407519000102184
2460,0.031566460999783885,31.566460999783885
2461,0.023608731999956944,23.608731999956944
2462,0.023696010000094248,23.696010000094248
2463,0.023285000000214495,23.285000000214495
2464,0.03429265100021439,34.29265100021439
2465,0.023337390000051528,23.337390000051528
2466,0.02317914400009613,23.17914400009613
2467,0.0223452879999968,22.3452879999968
2468,0.024887889999718027,24.887889999718027
2469,0.03268809400015016,32.68809400015016
2470,0.023577179000312753,23.577179000312753
2471,0.023390478000237636,23.390478000237636
2472,0.029407169000023714,29.407169000023714
2473,0.02382349300023634,23.82349300023634
2474,0.023791135999999824,23.791135999999824
2475,0.023175245999937033,23.175245999937033
2476,0.028340953000224545,28.340953000224545
2477,0.024791275000097812,24.791275000097812
2478,0.022963287999573367,22.963287999573367
2479,0.022453027999745245,22.453027999745245
2480,0.03125142299995787,31.251422999957867
2481,0.028060313000423776,28.060313000423776
2482,0.02331795600002806,23.31795600002806
2483,0.023616253000000142,23.616253000000142
2484,0.027225639000334922,27.225639000334922
2485,0.03514339499997732,35.14339499997732
2486,0.023773170999902504,23.773170999902504
2487,0.023144322000007378,23.144322000007378
2488,0.031948150000062014,31.948150000062014
2489,0.02763876600010917,27.63876600010917
2490,0.02321738999989975,23.21738999989975
2491,0.022387636000075872,22.387636000075872
2492,0.03132451800001945,31.324518000019452
2493,0.027977297000234103,27.977297000234103
2494,0.02286675599998489,22.86675599998489
2495,0.02280866999990394,22.80866999990394
2496,0.030462551999789866,30.462551999789866
2497,0.02722737700014477,27.22737700014477
2498,0.023562224000215792,23.562224000215792
2499,0.023289004000162095,23.289004000162095
2500,0.03132666999999856,31.326669999998558
2501,0.1340068490003432,134.0068490003432
2502,0.050621689000308834,50.621689000308834
2503,0.02423412999996799,24.23412999996799
2504,0.03902016199981517,39.02016199981517
2505,0.024107339999773103,24.107339999773103
2506,0.022885810999923706,22.885810999923706
2507,0.02273311500039199,22.73311500039199
2508,0.03138217400010035,31.38217400010035
2509,0.02498054099987712,24.98054099987712
2510,0.023614543999883608,23.614543999883608
2511,0.023180407999916497,23.180407999916497
2512,0.027472797999962495,27.472797999962495
2513,0.028181459000279574,28.181459000279574
2514,0.023540232000414107,23.540232000414107
2515,0.024519684999631863,24.519684999631863
2516,0.03363219199991363,33.63219199991363
2517,0.024122111999986373,24.122111999986373
2518,0.02321848500014312,23.21848500014312
2519,0.023136871000133397,23.136871000133397
2520,0.027372102000299492,27.372102000299492
2521,0.023670721000144113,23.670721000144113
2522,0.02306682099970203,23.06682099970203
2523,0.02349037399972076,23.49037399972076
2524,0.029776843000036024,29.776843000036024
2525,0.03165893400000641,31.65893400000641
2526,0.024021086000175274,24.021086000175274
2527,0.022983687999840186,22.983687999840186
2528,0.03170795100004398,31.707951000043977
2529,0.03003161300011925,30.03161300011925
2530,0.023401924000154395,23.401924000154395
2531,0.02311909999980344,23.11909999980344
2532,0.031613111999831744,31.613111999831744
2533,0.02872527900035493,28.72527900035493
2534,0.025113107999914064,25.113107999914064
2535,0.02277813899991088,22.77813899991088
2536,0.026823519000117813,26.823519000117813
2537,0.02745385099979103,27.45385099979103
2538,0.02289531199994599,22.89531199994599
2539,0.022300534999885713,22.300534999885713
2540,0.029900247000114177,29.900247000114177
2541,0.028015864999815676,28.015864999815676
2542,0.02300524799966297,23.00524799966297
2543,0.024348817999907624,24.348817999907624
2544,0.026125197000055778,26.125197000055778
2545,0.03300619700030438,33.00619700030438
2546,0.02371721399958915,23.71721399958915
2547,0.023106619999907707,23.106619999907707
2548,0.026912196000012045,26.912196000012045
2549,0.027397118999942904,27.397118999942904
2550,0.02295391899997412,22.95391899997412
2551,0.022290463999979693,22.290463999979693
2552,0.030330470000080823,30.330470000080823
2553,0.028920910000124422,28.920910000124422
2554,0.023566826999740442,23.566826999740442
2555,0.023132557999815617,23.132557999815617
2556,0.031880562999958784,31.880562999958784
2557,0.025027195000348,25.027195000348
2558,0.023632848999568523,23.632848999568523
2559,0.02312706500015338,23.12706500015338
2560,0.027675747000103,27.675747000103
2561,0.027458939000098326,27.458939000098326
2562,0.02311983500021597,23.11983500021597
2563,0.022584857999845553,22.584857999845553
2564,0.03129003399999419,31.290033999994193
2565,0.027858635000029608,27.858635000029608
2566,0.023411667999880592,23.411667999880592
2567,0.023393821999889042,23.39382199988904
2568,0.031040118999953847,31.040118999953847
2569,0.023467600000003586,23.467600000003586
2570,0.023416988000008132,23.416988000008132
2571,0.02253381700029422,22.53381700029422
2572,0.03187846400032868,31.878464000328677
2573,0.023880877000010514,23.880877000010514
2574,0.023680624999997235,23.680624999997235
2575,0.02285328900006789,22.85328900006789
2576,0.02917743199986944,29.17743199986944
2577,0.02516461999994135,25.16461999994135
2578,0.023407098000006954,23.407098000006954
2579,0.022555829000339145,22.555829000339145
2580,0.030540749000010692,30.540749000010692
2581,0.025042770000254677,25.042770000254677
2582,0.022989297000094666,22.989297000094666
2583,0.022687084999688523,22.687084999688523
2584,0.0331509380002899,33.1509380002899
2585,0.024257682000097702,24.257682000097702
2586,0.02363082600004418,23.63082600004418
2587,0.023053063999668666,23.053063999668666
2588,0.027592114000071888,27.592114000071888
2589,0.027076100000158476,27.076100000158476
2590,0.023111715000140975,23.111715000140975
2591,0.022674580000057176,22.674580000057176
2592,0.031120030999773007,31.120030999773007
2593,0.02532911200023591,25.32911200023591
2594,0.023549752000235458,23.549752000235458
2595,0.02340479599979517,23.40479599979517
2596,0.02790682700015168,27.90682700015168
2597,0.026713975999882678,26.713975999882678
2598,0.023099612000351044,23.099612000351044
2599,0.022394526000425685,22.394526000425685
2600,0.030830780000087543,30.830780000087543
2601,0.029951218999940465,29.951218999940465
2602,0.022738473000117665,22.738473000117665
2603,0.02255625499992675,22.55625499992675
2604,0.03188147899982141,31.88147899982141
2605,0.02362801200024478,23.62801200024478
2606,0.023472941999898467,23.472941999898467
2607,0.023210946000290278,23.210946000290278
2608,0.027794693000032566,27.794693000032566
2609,0.02640962900022714,26.40962900022714
2610,0.022986595000020316,22.986595000020316
2611,0.022289458000159357,22.289458000159357
2612,0.03033670400009214,30.33670400009214
2613,0.0294219659999726,29.4219659999726
2614,0.02295926100032375,22.95926100032375
2615,0.023076389000380004,23.076389000380004
2616,0.028685689000212733,28.685689000212733
2617,0.026542867999978625,26.542867999978625
2618,0.02312363999999434,23.12363999999434
2619,0.02258249699980297,22.58249699980297
2620,0.029794167000090965,29.794167000090965
2621,0.02834411000003456,28.34411000003456
2622,0.023936871999922005,23.936871999922005
2623,0.022899768999650405,22.899768999650405
2624,0.03151961899993694,31.519618999936938
2625,0.02418289500019455,24.18289500019455
2626,0.023482928999783326,23.482928999783326
2627,0.02297359600015625,22.97359600015625
2628,0.03160939600002166,31.60939600002166
2629,0.02388430500013783,23.88430500013783
2630,0.023594793000029313,23.594793000029313
2631,0.022546937999777583,22.546937999777583
2632,0.031182588999854488,31.182588999854488
2633,0.023776780999924085,23.776780999924085
2634,0.02553308400001697,25.53308400001697
2635,0.02244653700017807,22.44653700017807
2636,0.026568565999696148,26.568565999696148
2637,0.026044492999972135,26.044492999972135
2638,0.022765273000004527,22.765273000004527
2639,0.02272815200012701,22.72815200012701
2640,0.029524296000090544,29.524296000090544
2641,0.027453817000150593,27.453817000150593
2642,0.02306896499976574,23.06896499976574
2643,0.02272687100003168,22.72687100003168
2644,0.030969544000072347,30.969544000072347
2645,0.02828192900005888,28.28192900005888
2646,0.02439878299992415,24.39878299992415
2647,0.022995967000042583,22.995967000042583
2648,0.03151946099978886,31.519460999788862
2649,0.028478104000441817,28.478104000441817
2650,0.025921243999619037,25.921243999619037
2651,0.02362723600026584,23.62723600026584
2652,0.034966384999734146,34.966384999734146
2653,0.02847016799978519,28.47016799978519
2654,0.023472718999983044,23.472718999983044
2655,0.022639045000232727,22.639045000232727
2656,0.03773593500000061,37.73593500000061
2657,0.023814955000034388,23.814955000034388
2658,0.022945566000089457,22.945566000089457
2659,0.023376163000193628,23.37616300019363
2660,0.043731678999847645,43.731678999847645
2661,0.024514167999768688,24.514167999768688
2662,0.02348813800017524,23.48813800017524
2663,0.022612049999679584,22.612049999679584
2664,0.03981151800007865,39.81151800007865
2665,0.024569535999944492,24.569535999944492
2666,0.022943993999888335,22.943993999888335
2667,0.02716948700026478,27.16948700026478
2668,0.03643450900017342,36.43450900017342
2669,0.024236567000116338,24.236567000116338
2670,0.023639798000203882,23.639798000203882
2671,0.023022259999834205,23.022259999834205
2672,0.03827202299999044,38.27202299999044
2673,0.02405133599995679,24.05133599995679
2674,0.02320886600000449,23.20886600000449
2675,0.022714823000114848,22.714823000114848
2676,0.026843072000247048,26.843072000247048
2677,0.029280749000008655,29.280749000008655
2678,0.024292502000207605,24.292502000207605
2679,0.023296163999930286,23.296163999930286
2680,0.029883829000027617,29.883829000027617
2681,0.029654399999799352,29.654399999799352
2682,0.02349249700000655,23.49249700000655
2683,0.023165030000200204,23.165030000200204
2684,0.03483159400002478,34.83159400002478
2685,0.024712611999802903,24.712611999802903
2686,0.02350354600002902,23.50354600002902
2687,0.023262915999566758,23.262915999566758
2688,0.03500658700022541,35.00658700022541
2689,0.02379209999980958,23.79209999980958
2690,0.023978358000022126,23.978358000022126
2691,0.02260264799997458,22.60264799997458
2692,0.0407150940000065,40.7150940000065
2693,0.028714585999750852,28.714585999750852
2694,0.026058948999889253,26.058948999889253
2695,0.026895358999809105,26.895358999809105
2696,0.04721015199993417,47.21015199993417
2697,0.02725482899995768,27.25482899995768
2698,0.02592266000010568,25.92266000010568
2699,0.02503694600000017,25.03694600000017
2700,0.04299886999979208,42.99886999979208
2701,0.024432403999981034,24.432403999981034
2702,0.023554144000172528,23.554144000172528
2703,0.02497744899983445,24.97744899983445
2704,0.027672002999679535,27.672002999679535
2705,0.032848165000359586,32.848165000359586
2706,0.02542743200001496,25.42743200001496
2707,0.025784152000142058,25.784152000142058
2708,0.030511035000017728,30.511035000017728
2709,0.02895608800008631,28.95608800008631
2710,0.023049741000249924,23.049741000249924
2711,0.022721503999946435,22.721503999946435
2712,0.029833584999778395,29.833584999778395
2713,0.02991817300016919,29.91817300016919
2714,0.023839225999836344,23.839225999836344
2715,0.023285451999981888,23.285451999981888
2716,0.03255600800002867,32.55600800002867
2717,0.023479267999846343,23.479267999846343
2718,0.023027640999771393,23.027640999771393
2719,0.02245784199976697,22.45784199976697
2720,0.03192092099970978,31.92092099970978
2721,0.02427938599976187,24.27938599976187
2722,0.023427980999713327,23.427980999713327
2723,0.02348843499976283,23.48843499976283
2724,0.029691900999750942,29.691900999750942
2725,0.023667304999889893,23.667304999889893
2726,0.023594369999955234,23.594369999955234
2727,0.023249776000284328,23.249776000284328
2728,0.027996597999845108,27.996597999845108
2729,0.027721202000066114,27.721202000066114
2730,0.02388044600002104,23.88044600002104
2731,0.022553362000053312,22.553362000053312
2732,0.03032382499986852,30.32382499986852
2733,0.02646971800004394,26.46971800004394
2734,0.022822654999799852,22.822654999799852
2735,0.023153626999828703,23.153626999828703
2736,0.030961291000039637,30.961291000039637
2737,0.024096046000067872,24.096046000067872
2738,0.023635863999970752,23.635863999970752
2739,0.023468998000225838,23.468998000225838
2740,0.02775116699967839,27.75116699967839
2741,0.027520960999936506,27.520960999936506
2742,0.02313103200003752,23.13103200003752
2743,0.02285020900035306,22.85020900035306
2744,0.03132574699975521,31.32574699975521
2745,0.025034726999820123,25.034726999820123
2746,0.022849565999877086,22.849565999877086
2747,0.022669807000056608,22.669807000056608
2748,0.03156900100020721,31.56900100020721
2749,0.024513266000212752,24.513266000212752
2750,0.0236519860000044,23.6519860000044
2751,0.02337892200011993,23.37892200011993
2752,0.03548821100002897,35.48821100002897
2753,0.02448046399968007,24.48046399968007
2754,0.023816969000108656,23.816969000108656
2755,0.02302671300003567,23.02671300003567
2756,0.02639887799978169,26.39887799978169
2757,0.030346920999818394,30.346920999818394
2758,0.022870394000165106,22.870394000165106
2759,0.022705113000029087,22.705113000029087
2760,0.02635817499958648,26.35817499958648
2761,0.030782844999976078,30.782844999976078
2762,0.023157864000040718,23.157864000040718
2763,0.024371307999899727,24.371307999899727
2764,0.02970289099994261,29.70289099994261
2765,0.02885840700037079,28.85840700037079
2766,0.02374654000004739,23.74654000004739
2767,0.02309408299970528,23.09408299970528
2768,0.03137471000036385,31.374710000363848
2769,0.02855041600014374,28.55041600014374
2770,0.023487810999995418,23.487810999995418
2771,0.022709258000304544,22.709258000304544
2772,0.031688690000009956,31.688690000009956
2773,0.025116841999988537,25.116841999988537
2774,0.02369100299983984,23.69100299983984
2775,0.023559969999951136,23.559969999951136
2776,0.03434481099975528,34.34481099975528
2777,0.024728935999974055,24.728935999974055
2778,0.023659097000290785,23.659097000290785
2779,0.023031772000194906,23.031772000194906
2780,0.0268581590003123,26.8581590003123
2781,0.031034309999995457,31.034309999995457
2782,0.02361327699964022,23.61327699964022
2783,0.023371559000224806,23.371559000224806
2784,0.028879659999802243,28.879659999802243
2785,0.028920397999627312,28.920397999627312
2786,0.023121738999634545,23.121738999634545
2787,0.02262103400016713,22.62103400016713
2788,0.028592912000021897,28.592912000021897
2789,0.0292220879996421,29.2220879996421
2790,0.02313013000002684,23.13013000002684
2791,0.022519985000144516,22.519985000144516
2792,0.03063155400013784,30.63155400013784
2793,0.028875489000256493,28.875489000256493
2794,0.024127927999870735,24.127927999870735
2795,0.023376892000214866,23.376892000214866
2796,0.03141843399998834,31.418433999988338
2797,0.027743410000311997,27.743410000311997
2798,0.02322700900003838,23.22700900003838
2799,0.02264134600000034,22.64134600000034
2800,0.03127165599971704,31.27165599971704
2801,0.024634581000100297,24.634581000100297
2802,0.023639152999749058,23.639152999749058
2803,0.02304934299991146,23.04934299991146
2804,0.03384479400028795,33.84479400028795
2805,0.024223937999977352,24.223937999977352
2806,0.023402351000186172,23.402351000186172
2807,0.02325797399998919,23.25797399998919
2808,0.027756908999890584,27.756908999890584
2809,0.023683978999997635,23.683978999997635
2810,0.023124843999994482,23.124843999994482
2811,0.022625274999882095,22.625274999882095
2812,0.03178362900007414,31.783629000074143
2813,0.023520863000157988,23.520863000157988
2814,0.024795810999876267,24.795810999876267
2815,0.02640049799992994,26.40049799992994
2816,0.03297026900008859,32.97026900008859
2817,0.023882927999693493,23.882927999693493
2818,0.023380960999929812,23.380960999929812
2819,0.02321065300020564,23.21065300020564
2820,0.02685895500007973,26.85895500007973
2821,0.031249917999957688,31.249917999957688
2822,0.02392505900024844,23.92505900024844
2823,0.023053943999912008,23.053943999912008
2824,0.0304961650003861,30.4961650003861
2825,0.02830623900035789,28.30623900035789
2826,0.023181921999821498,23.181921999821498
2827,0.022466773000360263,22.466773000360263
2828,0.035960918000000675,35.960918000000675
2829,0.02374569399989923,23.74569399989923
2830,0.023470156000257703,23.470156000257703
2831,0.023199295999802416,23.199295999802416
2832,0.03559692599992559,35.59692599992559
2833,0.025143884000044636,25.143884000044636
2834,0.02352215500013699,23.52215500013699
2835,0.02365508499997304,23.65508499997304
2836,0.034251038000093104,34.251038000093104
2837,0.03499160000001211,34.99160000001211
2838,0.024290407999615127,24.290407999615127
2839,0.0248649530003604,24.8649530003604
2840,0.0409200660001261,40.9200660001261
2841,0.023748600000089937,23.748600000089937
2842,0.02258400300024732,22.58400300024732
2843,0.022651701000086177,22.651701000086177
2844,0.03222306799989383,32.22306799989383
2845,0.02790477100006683,27.90477100006683
2846,0.023056631999679666,23.056631999679666
2847,0.022563026000170794,22.563026000170794
2848,0.03066540100007842,30.66540100007842
2849,0.030188588999862986,30.188588999862986
2850,0.023641359000066586,23.641359000066586
2851,0.0228977759998088,22.8977759998088
2852,0.0278112770001826,27.8112770001826
2853,0.02382083300017257,23.82083300017257
2854,0.023063992000061262,23.063992000061262
2855,0.022792691000177,22.792691000177
2856,0.03131761799977539,31.317617999775393
2857,0.026112128000022494,26.112128000022494
2858,0.026784050000060233,26.784050000060233
2859,0.023734916000194062,23.734916000194062
2860,0.02731761799986998,27.31761799986998
2861,0.030180617999576498,30.180617999576498
2862,0.022981401999913942,22.981401999913942
2863,0.02242253999975219,22.42253999975219
2864,0.02850579000005382,28.50579000005382
2865,0.028636738999921363,28.636738999921363
2866,0.023327893999976368,23.327893999976368
2867,0.02319994699973904,23.19994699973904
2868,0.03079705699974511,30.79705699974511
2869,0.027704298000116978,27.704298000116978
2870,0.023026596999898175,23.026596999898175
2871,0.023264305000338936,23.264305000338936
2872,0.03017097299971283,30.17097299971283
2873,0.02773016999981337,27.73016999981337
2874,0.024013971999920614,24.013971999920614
2875,0.02323609499990198,23.23609499990198
2876,0.03212484799996673,32.12484799996673
2877,0.024070834000212926,24.070834000212926
2878,0.024007385000004433,24.007385000004433
2879,0.023202248999950825,23.202248999950825
2880,0.027412138000272535,27.412138000272535
2881,0.026328230000217445,26.328230000217445
2882,0.022987984000337747,22.987984000337747
2883,0.022680928999761818,22.680928999761818
2884,0.029754645000139135,29.754645000139135
2885,0.02786897699979818,27.86897699979818
2886,0.023020272999929148,23.020272999929148
2887,0.022252373000355874,22.252373000355874
2888,0.029947076000098605,29.947076000098605
2889,0.02839478699979736,28.39478699979736
2890,0.023418406000018877,23.418406000018877
2891,0.023188536000361637,23.188536000361637
2892,0.030639123000128166,30.639123000128166
2893,0.02492891800011421,24.92891800011421
2894,0.023928972999783582,23.928972999783582
2895,0.02278331800016531,22.78331800016531
2896,0.03379759199970067,33.79759199970067
2897,0.02347320300032152,23.47320300032152
2898,0.022950662999846827,22.950662999846827
2899,0.022350012000060815,22.350012000060815
2900,0.032349891000194475,32.349891000194475
2901,0.024211788000229717,24.211788000229717
2902,0.023438650999651145,23.438650999651145
2903,0.023190885000076378,23.190885000076378
2904,0.02652000699981727,26.52000699981727
2905,0.03324748399973032,33.24748399973032
2906,0.023173610999947414,23.173610999947414
2907,0.02264457699993727,22.64457699993727
2908,0.025842515000022104,25.842515000022104
2909,0.030530582000210416,30.530582000210416
2910,0.022944573999666318,22.944573999666318
2911,0.022402526999940164,22.402526999940164
2912,0.026443669999935082,26.443669999935082
2913,0.030274196999926062,30.274196999926062
2914,0.023287610999886965,23.287610999886965
2915,0.023187574000075983,23.187574000075983
2916,0.029426321999835636,29.426321999835636
2917,0.028624341000067943,28.624341000067943
2918,0.023678472000028705,23.678472000028705
2919,0.02249667199976102,22.49667199976102
2920,0.029588927000077092,29.588927000077092
2921,0.028961328999685065,28.961328999685065
2922,0.0231029579999813,23.1029579999813
2923,0.022516396999890276,22.516396999890276
2924,0.02818819000003714,28.18819000003714
2925,0.028402836000168463,28.402836000168463
2926,0.02280571500023143,22.80571500023143
2927,0.023022936999950616,23.022936999950616
2928,0.02939943100000164,29.39943100000164
2929,0.028735598999901413,28.735598999901413
2930,0.023809646999779943,23.809646999779943
2931,0.023128476000238152,23.12847600023815
2932,0.03012884400004623,30.12884400004623
2933,0.02767838199997641,27.67838199997641
2934,0.02303475000007893,23.03475000007893
2935,0.022507434000090143,22.507434000090143
2936,0.028434929000013653,28.434929000013653
2937,0.02813544799982992,28.13544799982992
2938,0.0228031399997235,22.8031399997235
2939,0.022625761999734095,22.625761999734095
2940,0.02897119899989775,28.97119899989775
2941,0.028847324999787816,28.847324999787816
2942,0.02359304500032522,23.59304500032522
2943,0.023386396000205423,23.386396000205423
2944,0.024137039999914123,24.137039999914123
2945,0.024564748000102554,24.564748000102554
2946,0.07711301300014384,77.11301300014384
2947,0.09746191299973361,97.46191299973361
2948,0.03609456499998487,36.09456499998487
2949,0.02131609500020204,21.31609500020204
2950,0.020953577999989648,20.953577999989648
2951,0.03316521399983685,33.16521399983685
2952,0.022515533000387222,22.515533000387222
2953,0.021533487999931822,21.533487999931822
2954,0.020892296000056376,20.892296000056376
2955,0.033065620999877865,33.065620999877865
2956,0.027335468000273977,27.335468000273977
2957,0.021784821999972337,21.784821999972337
2958,0.021421127999929013,21.421127999929013
2959,0.03264047999982722,32.64047999982722
2960,0.03060126999980639,30.60126999980639
2961,0.02271435099964947,22.71435099964947
2962,0.021528344000216748,21.528344000216748
2963,0.03449476700006926,34.49476700006926
2964,0.02549416400006521,25.49416400006521
2965,0.021838730000126816,21.838730000126816
2966,0.021630234999975073,21.630234999975073
2967,0.03222208899978796,32.22208899978796
2968,0.027390251000269927,27.390251000269927
2969,0.021362095000313275,21.362095000313275
2970,0.020968696000181808,20.968696000181808
2971,0.03096231799963789,30.96231799963789
2972,0.027508720000241738,27.508720000241738
2973,0.021469774000252073,21.469774000252073
2974,0.021234529000139446,21.234529000139446
2975,0.030978215000232012,30.978215000232012
2976,0.028525412999897526,28.525412999897526
2977,0.02168770099979156,21.68770099979156
2978,0.03238598500001899,32.38598500001899
2979,0.04273660099988774,42.73660099988774
2980,0.023633379000330024,23.633379000330024
2981,0.021227495999937673,21.227495999937673
2982,0.020769823999671644,20.769823999671644
2983,0.03051094700003887,30.51094700003887
2984,0.027382298999782506,27.382298999782506
2985,0.02170404500020595,21.70404500020595
2986,0.020730420000290906,20.730420000290906
2987,0.03350592600008895,33.50592600008895
2988,0.03483569800027908,34.83569800027908
2989,0.026651991000107955,26.651991000107955
2990,0.024607429999832675,24.607429999832675
2991,0.0321853310001643,32.1853310001643
2992,0.028484814000421466,28.484814000421466
2993,0.021974263000174687,21.974263000174687
2994,0.020786760000191862,20.78676000019186
2995,0.030456331000095815,30.456331000095815
2996,0.028241654000339622,28.241654000339622
2997,0.02166129399984129,21.66129399984129
2998,0.020696755000244593,20.696755000244593
2999,0.027524599000116723,27.524599000116723
3000,0.032389746000262676,32.389746000262676
3001,0.021769521000351233,21.769521000351233
3002,0.02164206199995533,21.64206199995533
3003,0.03387474500004828,33.87474500004828
3004,0.02269466100005957,22.69466100005957
3005,0.021777570999802265,21.777570999802265
3006,0.02172083499999644,21.72083499999644
3007,0.03923038799985079,39.23038799985079
3008,0.0230053410000437,23.0053410000437
3009,0.022421287999804917,22.421287999804917
3010,0.02102626300029442,21.02626300029442
3011,0.029578478000075847,29.578478000075847
3012,0.022815064000042184,22.815064000042184
3013,0.0217853889998878,21.7853889998878
3014,0.024170084000161296,24.170084000161296
3015,0.03139920000012353,31.39920000012353
3016,0.02199890099973345,21.99890099973345
3017,0.02140994999990653,21.40994999990653
3018,0.021699396000258275,21.699396000258275
3019,0.03304100799959997,33.04100799959997
3020,0.02849698099998932,28.49698099998932
3021,0.022905079999873124,22.905079999873124
3022,0.06651638599987564,66.51638599987564
3023,0.07676098899992212,76.76098899992212
3024,0.023394442000153504,23.394442000153504
3025,0.022423779999826365,22.423779999826365
3026,0.022844488999908208,22.844488999908208
3027,0.04085368500000186,40.85368500000186
3028,0.026182437999977992,26.182437999977992
3029,0.024128437000399572,24.128437000399572
3030,0.04570992399976603,45.70992399976603
3031,0.024028094000186684,24.028094000186684
3032,0.02293738999969719,22.93738999969719
3033,0.040003684999646794,40.003684999646794
3034,0.023658890000206156,23.658890000206156
3035,0.02282235800021226,22.82235800021226
3036,0.02301157300007617,23.01157300007617
3037,0.03108660099996996,31.08660099996996
3038,0.028899667999667145,28.899667999667145
3039,0.024373489000026893,24.373489000026893
3040,0.022968472000229667,22.968472000229667
3041,0.03992993200017736,39.92993200017736
3042,0.023513346000072488,23.513346000072488
3043,0.02301162399999157,23.01162399999157
3044,0.02255654800001139,22.55654800001139
3045,0.04237416499972824,42.37416499972824
3046,0.023840743000164366,23.840743000164366
3047,0.022677568000290194,22.677568000290194
3048,0.022704084999986662,22.704084999986662
3049,0.029741067000031762,29.741067000031762
3050,0.03072916700011774,30.72916700011774
3051,0.023046928999974625,23.046928999974625
3052,0.02235704299982899,22.35704299982899
3053,0.030582425000375224,30.582425000375224
3054,0.02620319500010737,26.20319500010737
3055,0.02291507699965223,22.91507699965223
3056,0.023329754000315006,23.329754000315006
3057,0.039385754999784695,39.385754999784695
3058,0.024124846000177058,24.124846000177058
3059,0.02368329899991295,23.68329899991295
3060,0.02324060599994482,23.24060599994482
3061,0.03464243200005512,34.64243200005512
3062,0.029946519000077387,29.946519000077387
3063,0.023820968000109133,23.820968000109133
3064,0.022420925999995234,22.420925999995234
3065,0.029896664999796485,29.896664999796485
3066,0.0281897879999633,28.1897879999633
3067,0.022901693000221712,22.901693000221712
3068,0.022567255000012665,22.567255000012665
3069,0.03099708699983239,30.99708699983239
3070,0.026556174000234023,26.556174000234023
3071,0.023657827000079124,23.657827000079124
3072,0.02399488199989719,23.99488199989719
3073,0.034772007999890775,34.772007999890775
3074,0.024264452999887,24.264452999887
3075,0.02357550299984723,23.57550299984723
3076,0.022915397999895504,22.915397999895504
3077,0.027547057999981917,27.547057999981917
3078,0.02390450199982297,23.90450199982297
3079,0.023005592999652436,23.005592999652436
3080,0.0230565030001344,23.0565030001344
3081,0.0410986930000945,41.0986930000945
3082,0.022575812000013684,22.575812000013684
3083,0.02584353700012798,25.84353700012798
3084,0.020789960999991308,20.789960999991308
3085,0.031015577999824018,31.015577999824018
3086,0.028150056999947992,28.150056999947992
3087,0.02322427500030244,23.22427500030244
3088,0.020628278000003775,20.628278000003775
3089,0.03062344900035896,30.62344900035896
3090,0.029431390999889118,29.431390999889118
3091,0.02201943799991568,22.01943799991568
3092,0.021524761999899056,21.524761999899056
3093,0.03075066900009915,30.75066900009915
3094,0.028822273000059795,28.822273000059795
3095,0.02131999099992754,21.31999099992754
3096,0.021023899000283564,21.023899000283564
3097,0.02714404399966952,27.14404399966952
3098,0.03233120599998074,32.33120599998074
3099,0.021962993000215647,21.962993000215647
3100,0.021136080999895057,21.136080999895057
3101,0.02842235200023424,28.42235200023424
3102,0.02842694900027709,28.42694900027709
3103,0.021845610000127635,21.845610000127635
3104,0.021590708999610797,21.590708999610797
3105,0.03321099200002209,33.21099200002209
3106,0.023686580000230606,23.686580000230606
3107,0.021421587000077125,21.421587000077125
3108,0.021032406000358606,21.032406000358606
3109,0.03256740100005118,32.56740100005118
3110,0.024137657999744988,24.137657999744988
3111,0.021549938999669394,21.549938999669394
3112,0.021157659999971656,21.157659999971656
3113,0.033002806000240525,33.002806000240525
3114,0.02832906000003277,28.32906000003277
3115,0.02168283499986501,21.68283499986501
3116,0.02140063700016981,21.40063700016981
3117,0.0370009910002409,37.0009910002409
3118,0.023813855999833322,23.813855999833322
3119,0.02242558000034478,22.42558000034478
3120,0.021435363999898982,21.435363999898982
3121,0.03218380199996318,32.18380199996318
3122,0.027758070999880147,27.758070999880147
3123,0.02147265800022069,21.47265800022069
3124,0.02095768200024395,20.95768200024395
3125,0.03151679899974624,31.516798999746243
3126,0.028763320000052772,28.763320000052772
3127,0.021537454999815964,21.537454999815964
3128,0.021578252999916003,21.578252999916003
3129,0.033512562999931106,33.512562999931106
3130,0.027674731999923097,27.674731999923097
3131,0.021866647000024386,21.866647000024386
3132,0.02095098500012682,20.95098500012682
3133,0.030737069000224437,30.737069000224437
3134,0.02811364399985905,28.11364399985905
3135,0.021249071000056574,21.249071000056574
3136,0.020822733999921184,20.822733999921184
3137,0.02966182000000117,29.66182000000117
3138,0.022431314999721508,22.431314999721508
3139,0.02157591400009551,21.57591400009551
3140,0.0224953000001733,22.4953000001733
3141,0.02591132599991397,25.91132599991397
3142,0.03404072100011035,34.04072100011035
3143,0.026951289999942674,26.951289999942674
3144,0.03113132999988011,31.13132999988011
3145,0.03960868800004391,39.60868800004391
3146,0.02280502300027365,22.80502300027365
3147,0.021433641999919928,21.433641999919928
3148,0.020642726000005496,20.642726000005496
3149,0.03186145999961809,31.86145999961809
3150,0.029494566999801464,29.494566999801464
3151,0.021262123999804317,21.262123999804317
3152,0.02589458900001773,25.89458900001773
3153,0.03405291099988972,34.05291099988972
3154,0.034452735999821016,34.452735999821016
3155,0.022489215999939915,22.489215999939915
3156,0.021792332000131864,21.792332000131864
3157,0.03320084199958728,33.20084199958728
3158,0.028908752999996068,28.908752999996068
3159,0.022533342999849992,22.533342999849992
3160,0.020958100999905582,20.958100999905582
3161,0.023495189999721333,23.495189999721333
3162,0.03371777899974404,33.71777899974404
3163,0.021840813999915554,21.840813999915554
3164,0.021290923999913502,21.290923999913502
3165,0.0313367499998094,31.3367499998094
3166,0.027718741000171576,27.718741000171576
3167,0.026382776999980706,26.382776999980706
3168,0.029316451999875426,29.316451999875426
3169,0.04623209300007147,46.23209300007147
3170,0.023036288999719545,23.036288999719545
3171,0.021595018999960303,21.595018999960303
3172,0.020700513000065257,20.700513000065257
3173,0.03245562300025995,32.45562300025995
3174,0.026755550999951083,26.755550999951083
3175,0.02109831600000689,21.09831600000689
3176,0.02087103100029708,20.87103100029708
3177,0.03232062600000063,32.32062600000063
3178,0.028582071000073483,28.582071000073483
3179,0.0294506770001135,29.4506770001135
3180,0.02188399299984667,21.88399299984667
3181,0.02945581599988145,29.45581599988145
3182,0.026286842999979854,26.286842999979854
3183,0.02175046199999997,21.75046199999997
3184,0.020817796000301314,20.817796000301314
3185,0.03413604099978329,34.13604099978329
3186,0.02248139999983323,22.48139999983323
3187,0.034948258999975224,34.948258999975224
3188,0.020752507999986847,20.752507999986847
3189,0.03474674600010985,34.74674600010985
3190,0.027617718999863428,27.617718999863428
3191,0.02175615799978914,21.75615799978914
3192,0.021221077000063815,21.221077000063815
3193,0.0326059690000875,32.6059690000875
3194,0.028099169000142865,28.099169000142865
3195,0.02217953400031547,22.17953400031547
3196,0.021142783999948733,21.142783999948733
3197,0.031290650999835634,31.290650999835634
3198,0.028374155000165047,28.374155000165047
3199,0.021238074999928358,21.238074999928358
3200,0.0216060039997501,21.6060039997501
3201,0.026082636999944953,26.082636999944953
3202,0.03198395099980189,31.98395099980189
3203,0.02157451699986268,21.57451699986268
3204,0.021073006999813515,21.073006999813515
3205,0.02729302599982475,27.29302599982475
3206,0.03179683700000169,31.796837000001688
3207,0.02258374900020499,22.58374900020499
3208,0.03086136899992198,30.86136899992198
3209,0.04671863500016116,46.71863500016116
3210,0.02682669000023452,26.82669000023452
3211,0.02153320499974143,21.53320499974143
3212,0.021774500999981683,21.774500999981683
3213,0.034854260999964026,34.854260999964026
3214,0.022386941000149818,22.386941000149818
3215,0.025467200000093726,25.467200000093726
3216,0.02082835300006991,20.82835300006991
3217,0.033487672000319435,33.487672000319435
3218,0.023070759000347607,23.070759000347607
3219,0.022149108000121487,22.149108000121487
3220,0.020959982000022137,20.959982000022137
3221,0.03289776899964636,32.89776899964636
3222,0.02804262200015728,28.04262200015728
3223,0.021703578000142443,21.703578000142443
3224,0.021713104999889765,21.713104999889765
3225,0.033893236000039906,33.893236000039906
3226,0.02953494800021872,29.53494800021872
3227,0.0213535029997729,21.3535029997729
3228,0.020778160999725515,20.778160999725515
3229,0.034667957999772625,34.667957999772625
3230,0.02257591900024636,22.57591900024636
3231,0.021402552999916225,21.402552999916225
3232,0.020780677999937325,20.780677999937325
3233,0.033426547999624745,33.426547999624745
3234,0.028288053999858676,28.288053999858676
3235,0.021659989999989193,21.659989999989193
3236,0.021319756000139023,21.319756000139023
3237,0.03449725699965711,34.49725699965711
3238,0.027831840999624546,27.831840999624546
3239,0.022317544000088674,22.317544000088674
3240,0.022126155000023573,22.126155000023573
3241,0.03355862599983084,33.55862599983084
3242,0.028311813000073016,28.311813000073016
3243,0.021337133000088215,21.337133000088215
3244,0.020491175999723055,20.491175999723055
3245,0.03219579899996461,32.19579899996461
3246,0.02853464800000438,28.53464800000438
3247,0.02119873000037842,21.19873000037842
3248,0.02091201799976261,20.91201799976261
3249,0.034255860000030225,34.255860000030225
3250,0.028094593999867357,28.094593999867357
3251,0.021884881999994832,21.884881999994832
3252,0.02146294299973306,21.46294299973306
3253,0.031643784000152664,31.643784000152664
3254,0.02817860900040614,28.17860900040614
3255,0.021919795000030717,21.919795000030717
3256,0.020664150999891717,20.664150999891717
3257,0.031036716000016895,31.036716000016895
3258,0.02772057299989683,27.72057299989683
3259,0.021566692999840598,21.566692999840598
3260,0.02126352000004772,21.26352000004772
3261,0.02793308899981639,27.93308899981639
3262,0.028743127999860008,28.743127999860008
3263,0.021569010999883176,21.569010999883176
3264,0.021561578000273585,21.561578000273585
3265,0.03419128399991678,34.19128399991678
3266,0.02337256000009802,23.37256000009802
3267,0.021831234999808657,21.831234999808657
3268,0.021371142999669246,21.371142999669246
3269,0.037056771000152366,37.05677100015237
3270,0.023099434999949153,23.099434999949153
3271,0.021218161999968288,21.218161999968288
3272,0.020886159999918164,20.886159999918164
3273,0.03323690199977136,33.23690199977136
3274,0.023080239000137226,23.080239000137226
3275,0.02217247699991276,22.17247699991276
3276,0.02116207700009909,21.16207700009909
3277,0.0337559899999178,33.7559899999178
3278,0.027706157000011444,27.706157000011444
3279,0.02184413900022264,21.84413900022264
3280,0.021252236999771412,21.252236999771412
3281,0.03311251600007381,33.11251600007381
3282,0.032040955999946164,32.04095599994616
3283,0.021247757999844907,21.247757999844907
3284,0.02093506699975478,20.93506699975478
3285,0.032599920999928145,32.599920999928145
3286,0.02621721900004559,26.21721900004559
3287,0.021306835999894247,21.306835999894247
3288,0.02095080200024313,20.95080200024313
3289,0.031858738000209996,31.858738000209996
3290,0.027878893999968568,27.878893999968568
3291,0.02301473099987561,23.01473099987561
3292,0.02116025199984506,21.16025199984506
3293,0.033212958999683906,33.212958999683906
3294,0.02865532699979667,28.65532699979667
3295,0.021682494999822666,21.682494999822666
3296,0.021529051000015897,21.529051000015897
3297,0.034731550000287825,34.731550000287825
3298,0.02786774800006242,27.86774800006242
3299,0.021575781000137795,21.575781000137795
3300,0.020860525999978563,20.860525999978563
3301,0.03261319400007778,32.61319400007778
3302,0.027745267000227614,27.745267000227614
3303,0.02172115599978497,21.72115599978497
3304,0.021458202000303572,21.458202000303572
3305,0.03262085300002582,32.62085300002582
3306,0.02797934099999111,27.97934099999111
3307,0.021677932999864424,21.677932999864424
3308,0.02176623400009703,21.76623400009703
3309,0.03164535799987789,31.645357999877888
3310,0.027386331999878166,27.386331999878166
3311,0.02229911299991727,22.29911299991727
3312,0.020741271999668243,20.741271999668243
3313,0.03410575099997004,34.10575099997004
3314,0.03947339900014413,39.47339900014413
3315,0.03332012000009854,33.32012000009854
3316,0.02076047099990319,20.76047099990319
3317,0.036935934000212,36.935934000212
3318,0.023080030000073748,23.080030000073748
3319,0.02158282100026554,21.58282100026554
3320,0.021383881000019755,21.383881000019755
3321,0.035149788000126136,35.14978800012614
3322,0.02359451900019849,23.59451900019849
3323,0.027062448999913613,27.062448999913613
3324,0.02664810199985368,26.64810199985368
3325,0.03731938999999329,37.31938999999329
3326,0.02317371599974649,23.17371599974649
3327,0.021205953000389854,21.205953000389854
3328,0.02115066399983334,21.15066399983334
3329,0.03450150799972107,34.50150799972107
3330,0.024256033999790816,24.256033999790816
3331,0.021140702999673522,21.140702999673522
3332,0.0209616899996945,20.9616899996945
3333,0.03263689599998543,32.63689599998543
3334,0.02873570000019754,28.73570000019754
3335,0.021982313000080467,21.982313000080467
3336,0.021310218000053283,21.310218000053283
3337,0.03324752700018507,33.24752700018507
3338,0.027882656000201678,27.882656000201678
3339,0.02132217700000183,21.32217700000183
3340,0.02056597499995405,20.56597499995405
3341,0.030107813000086026,30.107813000086026
3342,0.028655580000304326,28.655580000304326
3343,0.021404907000032836,21.404907000032836
3344,0.022080133000144997,22.080133000144997
3345,0.030694502999722317,30.694502999722317
3346,0.028210109999690758,28.210109999690758
3347,0.02190444200005004,21.90444200005004
3348,0.0215284519999841,21.5284519999841
3349,0.0331183759999476,33.1183759999476
3350,0.03255069299984825,32.55069299984825
3351,0.02161682500036477,21.61682500036477
3352,0.020757863999733672,20.757863999733672
3353,0.027118655999856855,27.118655999856855
3354,0.031283617000099184,31.283617000099184
3355,0.07183127899997999,71.83127899997999
3356,0.028594110000085493,28.594110000085493
3357,0.03148652600020796,31.48652600020796
3358,0.028885275999982696,28.885275999982696
3359,0.17062377499996728,170.62377499996728
3360,0.022674638999887975,22.674638999887975
3361,0.03197947099988596,31.97947099988596
3362,0.02976412399993933,29.76412399993933
3363,0.02470994300028906,24.70994300028906
3364,0.02565075899974545,25.65075899974545
3365,0.04353373300000385,43.53373300000385
3366,0.025436202000037156,25.436202000037156
3367,0.023268366000138485,23.268366000138485
3368,0.04067046800037133,40.67046800037133
3369,0.024436723999770038,24.436723999770038
3370,0.02311702899987722,23.11702899987722
3371,0.022646760000043287,22.646760000043287
3372,0.03529768199996397,35.29768199996397
3373,0.027234490999944683,27.234490999944683
3374,0.02387315000032686,23.87315000032686
3375,0.025230199999896286,25.230199999896286
3376,0.04003297000008388,40.03297000008388
3377,0.023333800000273186,23.333800000273186
3378,0.02105859599987525,21.05859599987525
3379,0.020576161000008142,20.576161000008142
3380,0.034400642000036896,34.400642000036896
3381,0.022824188000413415,22.824188000413415
3382,0.020878699999684613,20.878699999684613
3383,0.020892507000098703,20.892507000098703
3384,0.03747296899973662,37.47296899973662
3385,0.02294533800022691,22.94533800022691
3386,0.021947335999811912,21.947335999811912
3387,0.021768832999896404,21.768832999896404
3388,0.03884272699997382,38.84272699997382
3389,0.022928231000150845,22.928231000150845
3390,0.0217181680000067,21.7181680000067
3391,0.02113018199997896,21.13018199997896
3392,0.03706696800009013,37.06696800009013
3393,0.02316931800032762,23.16931800032762
3394,0.0216766359999383,21.6766359999383
3395,0.033099685000252066,33.099685000252066
3396,0.027402277999954094,27.402277999954094
3397,0.034878027999639016,34.878027999639016
3398,0.023253079999904003,23.253079999904003
3399,0.02271629799997754,22.71629799997754
3400,0.02880081200009954,28.80081200009954
3401,0.023965059999682126,23.965059999682126
3402,0.023627825999938068,23.627825999938068
3403,0.022868076000122528,22.868076000122528
3404,0.029568995999852632,29.568995999852632
3405,0.023957621000135987,23.957621000135987
3406,0.023524304000147822,23.524304000147822
3407,0.02324402399972314,23.24402399972314
3408,0.034317464000196196,34.317464000196196
3409,0.023699624000073527,23.699624000073527
3410,0.023546552999960113,23.546552999960113
3411,0.022651267999663105,22.651267999663105
3412,0.027242144999945594,27.242144999945594
3413,0.025323074999960227,25.323074999960227
3414,0.022951472999920952,22.951472999920952
3415,0.022468695000043226,22.468695000043226
3416,0.030017508000128146,30.017508000128146
3417,0.028087252999739576,28.087252999739576
3418,0.022863426000185427,22.863426000185427
3419,0.02262579000034748,22.62579000034748
3420,0.029724600999998074,29.724600999998074
3421,0.028708165000352892,28.708165000352892
3422,0.023837096000079327,23.837096000079327
3423,0.023390285999994376,23.390285999994376
3424,0.03261556500001461,32.61556500001461
3425,0.02391365199991924,23.91365199991924
3426,0.023764028000186954,23.764028000186954
3427,0.02283005499975843,22.83005499975843
3428,0.02761798700021245,27.61798700021245
3429,0.0256893650002894,25.6893650002894
3430,0.022771419000036985,22.771419000036985
3431,0.0225925989998359,22.5925989998359
3432,0.03024255800028186,30.24255800028186
3433,0.02830837600004088,28.30837600004088
3434,0.023535314000127983,23.535314000127983
3435,0.02338919400017403,23.38919400017403
3436,0.030401369000173872,30.401369000173872
3437,0.023925771999984136,23.925771999984136
3438,0.024321995999798673,24.321995999798673
3439,0.02221561600026689,22.21561600026689
3440,0.02724932999990415,27.24932999990415
3441,0.02760394200004157,27.60394200004157
3442,0.02280085499978668,22.80085499978668
3443,0.022694738000154757,22.694738000154757
3444,0.029771774999971967,29.771774999971967
3445,0.027730315000098926,27.730315000098926
3446,0.022976804999871092,22.976804999871092
3447,0.02255029000025388,22.55029000025388
3448,0.03067639800019606,30.67639800019606
3449,0.02872068099986791,28.72068099986791
3450,0.023704934999841498,23.704934999841498
3451,0.02294938600016394,22.94938600016394
3452,0.032229468999958044,32.229468999958044
3453,0.023989849999907165,23.989849999907165
3454,0.023208301000067877,23.208301000067877
3455,0.023696626999935688,23.696626999935688
3456,0.040118647000326746,40.118647000326746
3457,0.02511486599996715,25.11486599996715
3458,0.023060456000166596,23.060456000166596
3459,0.02262717599978714,22.62717599978714
3460,0.03554236600029981,35.54236600029981
3461,0.026831859000139957,26.831859000139957
3462,0.023113478000141185,23.113478000141185
3463,0.02316383900006258,23.16383900006258
3464,0.04094939099968542,40.94939099968542
3465,0.025104840000039985,25.104840000039985
3466,0.022894914000062272,22.894914000062272
3467,0.02259756900002685,22.59756900002685
3468,0.03541917599977751,35.41917599977751
3469,0.02467147700008354,24.67147700008354
3470,0.023066824000125052,23.066824000125052
3471,0.0226101249995736,22.6101249995736
3472,0.03669872199998281,36.69872199998281
3473,0.028756756999882782,28.756756999882782
3474,0.025175942999794643,25.175942999794643
3475,0.024717351999697712,24.717351999697712
3476,0.03551200500032792,35.51200500032792
3477,0.030010141000275325,30.010141000275325
3478,0.023350484000275173,23.350484000275173
3479,0.02324636899993493,23.24636899993493
3480,0.03862935200004358,38.62935200004358
3481,0.02483318899976439,24.83318899976439
3482,0.02304152599981535,23.04152599981535
3483,0.022607630000038625,22.607630000038625
3484,0.033196721999956935,33.196721999956935
3485,0.026362478000010015,26.362478000010015
3486,0.022811160999935964,22.811160999935964
3487,0.02238652500000171,22.38652500000171
3488,0.035011215999929846,35.011215999929846
3489,0.029405272000076366,29.405272000076366
3490,0.022892101999786973,22.892101999786973
3491,0.022668066000278486,22.668066000278486
3492,0.03612950299975637,36.12950299975637
3493,0.024275910000142176,24.275910000142176
3494,0.02348429900030169,23.48429900030169
3495,0.025111383000421483,25.111383000421483
3496,0.03445226300027571,34.45226300027571
3497,0.026550395999947796,26.550395999947796
3498,0.0244021979997342,24.4021979997342
3499,0.024946261999957642,24.946261999957642
3500,0.0326975829998446,32.6975829998446
3501,0.02406202200018015,24.06202200018015
3502,0.023631539000234625,23.631539000234625
3503,0.023348504999830766,23.348504999830766
3504,0.027988098999685462,27.988098999685462
3505,0.0335025719996338,33.5025719996338
3506,0.023704317000010633,23.704317000010633
3507,0.023385422000046674,23.385422000046674
3508,0.04564269100001184,45.64269100001184
3509,0.023778037000283803,23.778037000283803
3510,0.023039975999836315,23.039975999836315
3511,0.022496509999655245,22.496509999655245
3512,0.026872340999943845,26.872340999943845
3513,0.031194666999908804,31.194666999908804
3514,0.022805202000199642,22.805202000199642
3515,0.023178715000085504,23.178715000085504
3516,0.02747887499981516,27.47887499981516
3517,0.03564244300014252,35.64244300014252
3518,0.02422494700022071,24.22494700022071
3519,0.023606410999946092,23.606410999946092
3520,0.029629225000007864,29.629225000007864
3521,0.02550250900003448,25.50250900003448
3522,0.023637376999886328,23.637376999886328
3523,0.02249733799999376,22.49733799999376
3524,0.032154159999663534,32.154159999663534
3525,0.025661746999958268,25.661746999958268
3526,0.023502821000420226,23.502821000420226
3527,0.02310199500016097,23.10199500016097
3528,0.028449134999846137,28.449134999846137
3529,0.024780123000255116,24.780123000255116
3530,0.02338767499986716,23.38767499986716
3531,0.023059942000145384,23.059942000145384
3532,0.0302143049998449,30.2143049998449
3533,0.022811305000232096,22.811305000232096
3534,0.021286834999955317,21.286834999955317
3535,0.021789530999740236,21.789530999740236
3536,0.03505795999990369,35.05795999990369
3537,0.02426258500008771,24.26258500008771
3538,0.02194054600022355,21.94054600022355
3539,0.021689120000246476,21.689120000246476
3540,0.03318751400001929,33.18751400001929
3541,0.026036754999950062,26.036754999950062
3542,0.021813059000123758,21.813059000123758
3543,0.020855849000326998,20.855849000326998
3544,0.03259514399996988,32.59514399996988
3545,0.027585935999923095,27.585935999923095
3546,0.02149059000021225,21.49059000021225
3547,0.020874068000011903,20.874068000011903
3548,0.03018011399990428,30.18011399990428
3549,0.030294542999854457,30.294542999854457
3550,0.02333576000000903,23.33576000000903
3551,0.02333342099973379,23.33342099973379
3552,0.03343806399971072,33.43806399971072
3553,0.024383647999911773,24.383647999911773
3554,0.02342847799991432,23.42847799991432
3555,0.022636182000042027,22.636182000042027
3556,0.029459545999998227,29.459545999998227
3557,0.02396557500014751,23.96557500014751
3558,0.023193656999865198,23.193656999865198
3559,0.022405719999824214,22.405719999824214
3560,0.03094175800015364,30.94175800015364
3561,0.02606211300007999,26.06211300007999
3562,0.02342661600005158,23.42661600005158
3563,0.02340327999991132,23.40327999991132
3564,0.03664659700007178,36.64659700007178
3565,0.02521870400005355,25.21870400005355
3566,0.0238622460001352,23.8622460001352
3567,0.023221072000069398,23.221072000069398
3568,0.034253210999850126,34.253210999850126
3569,0.026551331000064238,26.551331000064238
3570,0.022793920999902184,22.793920999902184
3571,0.022679573999994318,22.679573999994318
3572,0.03446153000004415,34.46153000004415
3573,0.029607557999952405,29.607557999952405
3574,0.02353192000009585,23.53192000009585
3575,0.023343072999978176,23.343072999978176
3576,0.026950446000228112,26.950446000228112
3577,0.03711581200013825,37.11581200013825
3578,0.02335514200012767,23.35514200012767
3579,0.02263773200002106,22.63773200002106
3580,0.035123936999752914,35.123936999752914
3581,0.029517202000079124,29.517202000079124
3582,0.02379531099995802,23.79531099995802
3583,0.02272706899975674,22.72706899975674
3584,0.03835239299996829,38.35239299996829
3585,0.022406972000226233,22.406972000226233
3586,0.021090212000217434,21.090212000217434
3587,0.020872930999757955,20.872930999757955
3588,0.03308411099988007,33.08411099988007
3589,0.023873321999872132,23.873321999872132
3590,0.02182440000024144,21.82440000024144
3591,0.02145293000012316,21.45293000012316
3592,0.033008594999955676,33.008594999955676
3593,0.02750434600011431,27.50434600011431
3594,0.02191030599988153,21.91030599988153
3595,0.020742707999943377,20.742707999943377
3596,0.03282676900016668,32.82676900016668
3597,0.027519728999777726,27.519728999777726
3598,0.021186705000218353,21.186705000218353
3599,0.02099276600029043,20.99276600029043
3600,0.030788257000040176,30.788257000040176
3601,0.027725910999834014,27.725910999834014
3602,0.025282112999775563,25.282112999775563
3603,0.021759588999884727,21.759588999884727
3604,0.03278655499980232,32.78655499980232
3605,0.028779269000096974,28.779269000096974
3606,0.022131469999749243,22.131469999749243
3607,0.02065449199972136,20.65449199972136
3608,0.031028869000238046,31.028869000238046
3609,0.027714388000276813,27.714388000276813
3610,0.02148656800000026,21.48656800000026
3611,0.020937326999955985,20.937326999955985
3612,0.030793750999691838,30.793750999691838
3613,0.02820577600004981,28.20577600004981
3614,0.022024180999778764,22.024180999778764
3615,0.021877053000025626,21.877053000025626
3616,0.031740406999688275,31.740406999688275
3617,0.02899540899989006,28.99540899989006
3618,0.02231909000011001,22.31909000011001
3619,0.02150768799992875,21.50768799992875
3620,0.03173827699993126,31.73827699993126
3621,0.02840769700014789,28.40769700014789
3622,0.021521997000036208,21.521997000036208
3623,0.021155022000129975,21.155022000129975
3624,0.03260610200004521,32.60610200004521
3625,0.027954425000189076,27.954425000189076
3626,0.02194181499999104,21.94181499999104
3627,0.021483174999957555,21.483174999957555
3628,0.027958229999967443,27.958229999967443
3629,0.029545708000114246,29.545708000114246
3630,0.022257580000314192,22.257580000314192
3631,0.021578607000265038,21.578607000265038
3632,0.03247129600003973,32.47129600003973
3633,0.02297200100019836,22.97200100019836
3634,0.021132382999894617,21.132382999894617
3635,0.02110481299996536,21.10481299996536
3636,0.03131144700000732,31.31144700000732
3637,0.027275597999960155,27.275597999960155
3638,0.02165655999988303,21.65655999988303
3639,0.021074516999760817,21.074516999760817
3640,0.03294265600015933,32.94265600015933
3641,0.040369814000314364,40.36981400031436
3642,0.03276369200011686,32.76369200011686
3643,0.02359052400015571,23.59052400015571
3644,0.03619700599983844,36.19700599983844
3645,0.02919519199986098,29.19519199986098
3646,0.022835094000129175,22.835094000129175
3647,0.0226327269997455,22.6327269997455
3648,0.029394919999958802,29.394919999958802
3649,0.027840084000217757,27.840084000217757
3650,0.02315561900013563,23.15561900013563
3651,0.023156174000177998,23.156174000177998
3652,0.0437944579998657,43.7944579998657
3653,0.025981464999858872,25.981464999858872
3654,0.023724601000139955,23.724601000139955
3655,0.023451390999980504,23.451390999980504
3656,0.04306393099977868,43.06393099977868
3657,0.02355797000018356,23.55797000018356
3658,0.02272661999995762,22.72661999995762
3659,0.023174751999704313,23.174751999704313
3660,0.027629547999822535,27.629547999822535
3661,0.03217482199988808,32.17482199988808
3662,0.023581830999773956,23.581830999773956
3663,0.02361553399987315,23.61553399987315
3664,0.03006725000022925,30.06725000022925
3665,0.028933906000020215,28.933906000020215
3666,0.023076724000020477,23.076724000020477
3667,0.027099261000330443,27.099261000330443
3668,0.03153004699970552,31.53004699970552
3669,0.02398131000018111,23.98131000018111
3670,0.02344267399985256,23.44267399985256
3671,0.023195066999960545,23.195066999960545
3672,0.027143772000272293,27.143772000272293
3673,0.026408949000142456,26.408949000142456
3674,0.023001933000159624,23.001933000159624
3675,0.022759581999707734,22.759581999707734
3676,0.026272922000316612,26.272922000316612
3677,0.029216492000159633,29.216492000159633
3678,0.022976112999913312,22.976112999913312
3679,0.022254614000303263,22.254614000303263
3680,0.031379119000121136,31.379119000121136
3681,0.028297423999902094,28.297423999902094
3682,0.02332865700009279,23.32865700009279
3683,0.026320342999952118,26.320342999952118
3684,0.10520627599998988,105.20627599998988
3685,0.023916937000194594,23.916937000194594
3686,0.023764867999943817,23.764867999943817
3687,0.02314942900011374,23.14942900011374
3688,0.034086421000210976,34.086421000210976
3689,0.029338775999804056,29.338775999804056
3690,0.02712610400021731,27.12610400021731
3691,0.04421749199991609,44.21749199991609
3692,0.026470245999917097,26.470245999917097
3693,0.02458443299974533,24.58443299974533
3694,0.025789219999751367,25.789219999751367
3695,0.03444315999968239,34.44315999968239
3696,0.023670226999911392,23.670226999911392
3697,0.023978420000275946,23.978420000275946
3698,0.02788771400037149,27.88771400037149
3699,0.028555234000123164,28.555234000123164
3700,0.02298880700027439,22.98880700027439
3701,0.02260016700029155,22.60016700029155
3702,0.026773386000058963,26.773386000058963
3703,0.02936116699993363,29.36116699993363
3704,0.023576023000259738,23.576023000259738
3705,0.02314360399986981,23.14360399986981
3706,0.02917378199981613,29.17378199981613
3707,0.02890777100037667,28.90777100037667
3708,0.023166822999883152,23.166822999883152
3709,0.02232515700006843,22.32515700006843
3710,0.029116401000010228,29.116401000010228
3711,0.02832213000010597,28.32213000010597
3712,0.022768987000290508,22.768987000290508
3713,0.022647338999831845,22.647338999831845
3714,0.028983330999835744,28.983330999835744
3715,0.02780386799986445,27.80386799986445
3716,0.023241510999923776,23.241510999923776
3717,0.022496940000110044,22.496940000110044
3718,0.029022615000030783,29.022615000030783
3719,0.028876958999717317,28.876958999717317
3720,0.023657535999973334,23.657535999973334
3721,0.022846798000045965,22.846798000045965
3722,0.028955076999864104,28.955076999864104
3723,0.029821340999660606,29.821340999660606
3724,0.02329145600015181,23.29145600015181
3725,0.02260123799987923,22.60123799987923
3726,0.030684536000080698,30.684536000080698
3727,0.02837436500021795,28.37436500021795
3728,0.022969614999965415,22.969614999965415
3729,0.022691990000112128,22.691990000112128
3730,0.028626216999782628,28.626216999782628
3731,0.027986033000161115,27.986033000161115
3732,0.02357006400006867,23.57006400006867
3733,0.02293252700019366,22.93252700019366
3734,0.030271016999904532,30.271016999904532
3735,0.028082313000140857,28.082313000140857
3736,0.02351422799983993,23.51422799983993
3737,0.02261226699965846,22.61226699965846
3738,0.030452257999968424,30.452257999968424
3739,0.024343735000002198,24.343735000002198
3740,0.02305750999994416,23.05750999994416
3741,0.02281461299980947,22.81461299980947
3742,0.029757714999959717,29.757714999959717
3743,0.028117375999954675,28.117375999954675
3744,0.023144600999785325,23.144600999785325
3745,0.022313895000024786,22.313895000024786
3746,0.030359565999788174,30.359565999788174
3747,0.028529124000215234,28.529124000215234
3748,0.023483537000174692,23.483537000174692
3749,0.023444999999810534,23.444999999810534
3750,0.033989641000061965,33.989641000061965
3751,0.023891897999874345,23.891897999874345
3752,0.023886592000053497,23.886592000053497
3753,0.022694261000197002,22.694261000197002
3754,0.027321703999859892,27.321703999859892
3755,0.02430222800012416,24.30222800012416
3756,0.023080309000306443,23.080309000306443
3757,0.02233677699996406,22.33677699996406
3758,0.029692196999803855,29.692196999803855
3759,0.028012032999868097,28.012032999868097
3760,0.022761487000025227,22.761487000025227
3761,0.02258166399997208,22.58166399997208
3762,0.030093858999862277,30.093858999862277
3763,0.028789133000373113,28.789133000373113
3764,0.023579679999784275,23.579679999784275
3765,0.023135057999752462,23.135057999752462
3766,0.03166947699992306,31.669476999923063
3767,0.02392037600020558,23.92037600020558
3768,0.023626183000033052,23.626183000033052
3769,0.022893105000093783,22.893105000093783
3770,0.03146592299981421,31.46592299981421
3771,0.023951768999722844,23.951768999722844
3772,0.02263085399999909,22.63085399999909
3773,0.022595689999889146,22.595689999889146
3774,0.03168591600024229,31.685916000242287
3775,0.024471546999848215,24.471546999848215
3776,0.02297143200030405,22.97143200030405
3777,0.022724019999714073,22.724019999714073
3778,0.030729981000149564,30.729981000149564
3779,0.026612592000219593,26.612592000219593
3780,0.023423856999670534,23.423856999670534
3781,0.02324635200011471,23.24635200011471
3782,0.03285335999999006,32.85335999999006
3783,0.023472966000099404,23.472966000099404
3784,0.022706959000061033,22.706959000061033
3785,0.022864543000196136,22.864543000196136
3786,0.028189029999794002,28.189029999794002
3787,0.026059904000248935,26.059904000248935
3788,0.0230773789999148,23.0773789999148
3789,0.022854884000025777,22.854884000025777
3790,0.03089913500025432,30.89913500025432
3791,0.0248279669999647,24.8279669999647
3792,0.022881729999880918,22.881729999880918
3793,0.02230880899969634,22.30880899969634
3794,0.030641102999652503,30.641102999652503
3795,0.02697209899997688,26.97209899997688
3796,0.02336200700028712,23.36200700028712
3797,0.02506777000007787,25.06777000007787
3798,0.02830221900012475,28.30221900012475
3799,0.023584215000028053,23.584215000028053
3800,0.023383997999644635,23.383997999644635
3801,0.022489966000193817,22.489966000193817
3802,0.03233340399992812,32.33340399992812
3803,0.023194777999833605,23.194777999833605
3804,0.023218796999572078,23.218796999572078
3805,0.025065360000098735,25.065360000098735
3806,0.11018450999972629,110.18450999972629
3807,0.04616884500001106,46.16884500001106
3808,0.02261448199988081,22.61448199988081
3809,0.022676791000321828,22.676791000321828
3810,0.027659965000111697,27.659965000111697
3811,0.023063924000325642,23.063924000325642
3812,0.02358406700022897,23.58406700022897
3813,0.022803361999649496,22.803361999649496
3814,0.0322048440002618,32.2048440002618
3815,0.02415069200014841,24.15069200014841
3816,0.02362331499989523,23.62331499989523
3817,0.022909387999789033,22.909387999789033
3818,0.04198746900010519,41.98746900010519
3819,0.024954283000170108,24.954283000170108
3820,0.022561312999641814,22.561312999641814
3821,0.022610910000366857,22.610910000366857
3822,0.03409090200011633,34.09090200011633
3823,0.028826325999943947,28.826325999943947
3824,0.02301780300012979,23.01780300012979
3825,0.022553414000412886,22.553414000412886
3826,0.03935813499992946,39.35813499992946
3827,0.02522716700013916,25.22716700013916
3828,0.02414701599991531,24.14701599991531
3829,0.024293818999922223,24.293818999922223
3830,0.036484526000094775,36.484526000094775
3831,0.028686721000212856,28.686721000212856
3832,0.023601713000061864,23.601713000061864
3833,0.023167804999957298,23.167804999957298
3834,0.03669804599985582,36.69804599985582
3835,0.0239813339999273,23.9813339999273
3836,0.023581331000059436,23.581331000059436
3837,0.02279420599961668,22.79420599961668
3838,0.02579653300017526,25.79653300017526
3839,0.03169278099994699,31.69278099994699
3840,0.02394210100010241,23.94210100010241
3841,0.022923577000256046,22.923577000256046
3842,0.030644432000372035,30.644432000372035
3843,0.028551736999816058,28.551736999816058
3844,0.023392244999740797,23.392244999740797
3845,0.023947693999616604,23.947693999616604
3846,0.04784202599967102,47.84202599967102
3847,0.02393538299975262,23.93538299975262
3848,0.02295981799989022,22.95981799989022
3849,0.02257036099990728,22.57036099990728
3850,0.028843207999670994,28.843207999670994
3851,0.028363324999645556,28.363324999645556
3852,0.023124472000290552,23.124472000290552
3853,0.022282487000211404,22.282487000211404
3854,0.02854667400015387,28.54667400015387
3855,0.028906230999837135,28.906230999837135
3856,0.02334066499997789,23.34066499997789
3857,0.02315232199998718,23.15232199998718
3858,0.028465512999900966,28.465512999900966
3859,0.02845210799978304,28.45210799978304
3860,0.024091512999802944,24.091512999802944
3861,0.022614398999849072,22.614398999849072
3862,0.037218394999854354,37.218394999854354
3863,0.023530906999894796,23.530906999894796
3864,0.022897795000062615,22.897795000062615
3865,0.02308834499990553,23.08834499990553
3866,0.03469557500011433,34.69557500011433
3867,0.023782107999977598,23.782107999977598
3868,0.022626559999935125,22.626559999935125
3869,0.0229964159998417,22.9964159998417
3870,0.039048506999733945,39.048506999733945
3871,0.026510180000059336,26.510180000059336
3872,0.026512684999943303,26.512684999943303
3873,0.03486759599991274,34.86759599991274
3874,0.02879076499993971,28.79076499993971
3875,0.028240131000075053,28.240131000075053
3876,0.022877503000017896,22.877503000017896
3877,0.02223644500008959,22.23644500008959
3878,0.02852853000013056,28.52853000013056
3879,0.028386846000103105,28.386846000103105
3880,0.023115254000003915,23.115254000003915
3881,0.022622331000093254,22.622331000093254
3882,0.030645562000245263,30.645562000245263
3883,0.028860547000022052,28.860547000022052
3884,0.0237815089999458,23.7815089999458
3885,0.02326250699979937,23.26250699979937
3886,0.03002726300019276,30.02726300019276
3887,0.027965179999682732,27.965179999682732
3888,0.02289802600034818,22.89802600034818
3889,0.022298921000128757,22.298921000128757
3890,0.0315985410002213,31.598541000221303
3891,0.02833581699997012,28.33581699997012
3892,0.022787992999838025,22.787992999838025
3893,0.022523626999827684,22.523626999827684
3894,0.02968801099996199,29.68801099996199
3895,0.027786639999703766,27.786639999703766
3896,0.02295426000000589,22.95426000000589
3897,0.022492391000014322,22.492391000014322
3898,0.030152633999932732,30.152633999932732
3899,0.02959422200001427,29.59422200001427
3900,0.023764551000112988,23.764551000112988
3901,0.022820333999789,22.820333999789
3902,0.03275939600007405,32.75939600007405
3903,0.0238035200000013,23.8035200000013
3904,0.023394837000068947,23.394837000068947
3905,0.023023193999961222,23.023193999961222
3906,0.02768545399976574,27.68545399976574
3907,0.025323376999949687,25.323376999949687
3908,0.02305867999984912,23.05867999984912
3909,0.02246493200027544,22.46493200027544
3910,0.03028477899988502,30.28477899988502
3911,0.028719864999857236,28.719864999857236
3912,0.023920030999761366,23.920030999761366
3913,0.02278346800039799,22.78346800039799
3914,0.03248123499997746,32.48123499997746
3915,0.02490170600003694,24.90170600003694
3916,0.022656992000065657,22.656992000065657
3917,0.022938525999961712,22.938525999961712
3918,0.04011426200031565,40.11426200031565
3919,0.024479686999711703,24.479686999711703
3920,0.023236360999817407,23.236360999817407
3921,0.022494913000173256,22.494913000173256
3922,0.03610363400002825,36.10363400002825
3923,0.025175493999995524,25.175493999995524
3924,0.02378217199975552,23.78217199975552
3925,0.023335802000019612,23.335802000019612
3926,0.04583094899999196,45.83094899999196
3927,0.023938490999626083,23.938490999626083
3928,0.022461387000021205,22.461387000021205
3929,0.02263256000014735,22.63256000014735
3930,0.03789851099963926,37.89851099963926
3931,0.02358436399981656,23.58436399981656
3932,0.02289075899989257,22.89075899989257
3933,0.023625380999874324,23.625380999874324
3934,0.025662720000127592,25.662720000127592
3935,0.03165870900011214,31.65870900011214
3936,0.02292227499992805,22.92227499992805
3937,0.02243553600010273,22.43553600010273
3938,0.03166211600000679,31.66211600000679
3939,0.028952843999832112,28.952843999832112
3940,0.023477361999994173,23.477361999994173
3941,0.023146726000049966,23.146726000049966
3942,0.029419063999739592,29.419063999739592
3943,0.02915068299989798,29.15068299989798
3944,0.023730915999749413,23.730915999749413
3945,0.022674485000152345,22.674485000152345
3946,0.029647189999650436,29.647189999650436
3947,0.02787579999994705,27.87579999994705
3948,0.023005995999938023,23.005995999938023
3949,0.022304306000023644,22.304306000023644
3950,0.030435091000072134,30.435091000072134
3951,0.02967773099999249,29.67773099999249
3952,0.023625030999937735,23.625030999937735
3953,0.0233825010000146,23.3825010000146
3954,0.03233701099998143,32.33701099998143
3955,0.025023968999903445,25.023968999903445
3956,0.0236172679997253,23.6172679997253
3957,0.023113720000310423,23.113720000310423
3958,0.02836157000001549,28.36157000001549
3959,0.023064164000061282,23.064164000061282
3960,0.022957716999826516,22.957716999826516
3961,0.02235586599999806,22.35586599999806
3962,0.030747356000119908,30.747356000119908
3963,0.027867974000400864,27.867974000400864
3964,0.02350253899976451,23.50253899976451
3965,0.023348847999841382,23.348847999841382
3966,0.031495311000071524,31.495311000071524
3967,0.024035169000399037,24.035169000399037
3968,0.025219054999979562,25.219054999979562
3969,0.02427382799987754,24.27382799987754
3970,0.03274718500006202,32.74718500006202
3971,0.02880851600002643,28.80851600002643
3972,0.023693097999966994,23.693097999966994
3973,0.02296721599986995,22.96721599986995
3974,0.028691792000245187,28.691792000245187
3975,0.028158836999864434,28.158836999864434
3976,0.0227762059998895,22.7762059998895
3977,0.023117660000025353,23.117660000025353
3978,0.02886937300036152,28.86937300036152
3979,0.030224825000004785,30.224825000004785
3980,0.02512713700025415,25.12713700025415
3981,0.02365848299996287,23.65848299996287
3982,0.04367707699975654,43.67707699975654
3983,0.024396700999659515,24.396700999659515
3984,0.022740292999969824,22.740292999969824
3985,0.02253812100025243,22.53812100025243
3986,0.028547374000027048,28.547374000027048
3987,0.028405337000094733,28.405337000094733
3988,0.022719028999745206,22.719028999745206
3989,0.022565503000350873,22.565503000350873
3990,0.028564478999669518,28.564478999669518
3991,0.028509734999715874,28.509734999715874
3992,0.023862182999891957,23.862182999891957
3993,0.023639044999981706,23.639044999981706
3994,0.030689782000081323,30.689782000081323
3995,0.028420517000085965,28.420517000085965
3996,0.023149454000304104,23.149454000304104
3997,0.022431666999636946,22.431666999636946
3998,0.030793424999956187,30.793424999956187
3999,0.0284604649996254,28.4604649996254
4000,0.02417538700001387,24.17538700001387
4001,0.02325950600015858,23.25950600015858
4002,0.03203510899993489,32.03510899993489
4003,0.02422019799996633,24.22019799996633
4004,0.023067237999839563,23.067237999839563
4005,0.022674244999961957,22.674244999961957
4006,0.03446476499993878,34.46476499993878
4007,0.02443804500035185,24.43804500035185
4008,0.023908494999886898,23.908494999886898
4009,0.022934655000426574,22.934655000426574
4010,0.026699229999849194,26.699229999849194
4011,0.03274595799985036,32.74595799985036
4012,0.025435345999994752,25.43534599999475
4013,0.026319130000047153,26.319130000047153
4014,0.03917532800005574,39.17532800005574
4015,0.025138413999684417,25.138413999684417
4016,0.04956719600022552,49.56719600022552
4017,0.025823749999744905,25.823749999744905
4018,0.036434049000035884,36.434049000035884
4019,0.030274851999820385,30.274851999820385
4020,0.027780727999925148,27.780727999925148
4021,0.02335947200026567,23.35947200026567
4022,0.0287243809998472,28.7243809998472
4023,0.02700730200012913,27.00730200012913
4024,0.02496458000041457,24.96458000041457
4025,0.024490867000167782,24.490867000167782
4026,0.04011197299996638,40.11197299996638
4027,0.024563135000335024,24.563135000335024
4028,0.022847766999802843,22.847766999802843
4029,0.02258071200003542,22.58071200003542
4030,0.031694513999809715,31.694513999809715
4031,0.02835314300000391,28.35314300000391
4032,0.024718833999941126,24.718833999941126
4033,0.023439200000211713,23.439200000211713
4034,0.034744391000003816,34.744391000003816
4035,0.024171292000119138,24.171292000119138
4036,0.023342390000379964,23.342390000379964
4037,0.023008125000160362,23.008125000160362
4038,0.027183022999906825,27.183022999906825
4039,0.025568931000179873,25.568931000179873
4040,0.023075390000030893,23.075390000030893
4041,0.022613084000113304,22.613084000113304
4042,0.02960550299985698,29.60550299985698
4043,0.028198494999742252,28.198494999742252
4044,0.023102005000055215,23.102005000055215
4045,0.022472950000064884,22.472950000064884
4046,0.030060556000080396,30.060556000080396
4047,0.028688843000054476,28.688843000054476
4048,0.023404171000038332,23.404171000038332
4049,0.02368218799983879,23.68218799983879
4050,0.034289977999833354,34.289977999833354
4051,0.026153520999741886,26.153520999741886
4052,0.023668211000313022,23.668211000313022
4053,0.022653631999673962,22.653631999673962
4054,0.02730919800023912,27.30919800023912
4055,0.02306633199987118,23.06633199987118
4056,0.023872611999649962,23.872611999649962
4057,0.022377826000138157,22.377826000138157
4058,0.03176899899972341,31.768998999723408
4059,0.0241500659999474,24.1500659999474
4060,0.023420482999881642,23.420482999881642
4061,0.02320348599960198,23.20348599960198
4062,0.03407848599999852,34.07848599999852
4063,0.02378145600005155,23.78145600005155
4064,0.023646936000204732,23.646936000204732
4065,0.023194605000298907,23.194605000298907
4066,0.028240131000075053,28.240131000075053
4067,0.023772508000092785,23.772508000092785
4068,0.022987116999956925,22.987116999956925
4069,0.022425395000027493,22.425395000027493
4070,0.03173412800015285,31.73412800015285
4071,0.024185005000163073,24.185005000163073
4072,0.023530380000011064,23.530380000011064
4073,0.023518368999702943,23.518368999702943
4074,0.03068482100024994,30.68482100024994
4075,0.023911701000088215,23.911701000088215
4076,0.02364069599980212,23.64069599980212
4077,0.023101243999917642,23.101243999917642
4078,0.03245656599983704,32.45656599983704
4079,0.0234542679995684,23.4542679995684
4080,0.024426624000170705,24.426624000170705
4081,0.02226544399991326,22.26544399991326
4082,0.03380935799987128,33.80935799987128
4083,0.02442863199985368,24.42863199985368
4084,0.023551611000129924,23.551611000129924
4085,0.02502024800014624,25.02024800014624
4086,0.027654147999783163,27.654147999783163
4087,0.0314137010000195,31.4137010000195
4088,0.02344743200001176,23.44743200001176
4089,0.022514205000334186,22.514205000334186
4090,0.028709110999898257,28.709110999898257
4091,0.028712847999941005,28.712847999941005
4092,0.0230212980000033,23.0212980000033
4093,0.02240324500007773,22.40324500007773
4094,0.028242274000149337,28.242274000149337
4095,0.02891566399966905,28.91566399966905
4096,0.02307846999974572,23.07846999974572
4097,0.0225520939998205,22.5520939998205
4098,0.029285750999861193,29.285750999861193
4099,0.02836939799999527,28.36939799999527
4100,0.024188701000184665,24.188701000184665
4101,0.023165376000179094,23.165376000179094
4102,0.030042168999898422,30.042168999898422
4103,0.02846875099976387,28.46875099976387
4104,0.02305991699995502,23.05991699995502
4105,0.022459691999756615,22.459691999756615
4106,0.030075081999711983,30.075081999711983
4107,0.028057157000148436,28.057157000148436
4108,0.022853958000268904,22.853958000268904
4109,0.022604588999911357,22.604588999911357
4110,0.030625813999904494,30.625813999904494
4111,0.02832551399978911,28.32551399978911
4112,0.023221395000291523,23.221395000291523
4113,0.022587266000300588,22.587266000300588
4114,0.030498866000016278,30.498866000016278
4115,0.028543205999994825,28.543205999994825
4116,0.023715111999990768,23.715111999990768
4117,0.023257167999872763,23.257167999872763
4118,0.029146201000003202,29.146201000003202
4119,0.02577941399977135,25.77941399977135
4120,0.022714638000252307,22.714638000252307
4121,0.022979043999839632,22.979043999839632
4122,0.029857247000109055,29.857247000109055
4123,0.02735891599968454,27.35891599968454
4124,0.02319709999983388,23.19709999983388
4125,0.022536223999850336,22.536223999850336
4126,0.02966690999983257,29.66690999983257
4127,0.02879175199996098,28.79175199996098
4128,0.023637245999907464,23.637245999907464
4129,0.022951872999783518,22.951872999783518
4130,0.03168515900006241,31.685159000062413
4131,0.024210261999996874,24.210261999996874
4132,0.023435855000116135,23.435855000116135
4133,0.0232226409998475,23.2226409998475
4134,0.027610058999925968,27.61005899992597
4135,0.0318531670000084,31.853167000008398
4136,0.02497971699995105,24.97971699995105
4137,0.023756324999794742,23.756324999794742
4138,0.029734825000105047,29.734825000105047
4139,0.028781586999684805,28.781586999684805
4140,0.023628175999874657,23.628175999874657
4141,0.02292064300036145,22.92064300036145
4142,0.029313158000149997,29.313158000149997
4143,0.028660233999744378,28.660233999744378
4144,0.022758650000014313,22.758650000014313
4145,0.02264186799993695,22.64186799993695
4146,0.028091178000067885,28.091178000067885
4147,0.028560440999626735,28.560440999626735
4148,0.023118948000046657,23.118948000046657
4149,0.022625088000040705,22.625088000040705
4150,0.028528947999802767,28.528947999802767
4151,0.03189496200002395,31.894962000023952
4152,0.023328458000378305,23.328458000378305
4153,0.02245008699992468,22.45008699992468
4154,0.029698514000301657,29.698514000301657
4155,0.02886043799981053,28.86043799981053
4156,0.02338274099975024,23.38274099975024
4157,0.023768154000208597,23.768154000208597
4158,0.03178917700006423,31.789177000064228
4159,0.023779480000030162,23.779480000030162
4160,0.02366997699982676,23.66997699982676
4161,0.023172028999852046,23.172028999852046
4162,0.030024269000023196,30.024269000023196
4163,0.04207540600009452,42.07540600009452
4164,0.024621214000035252,24.621214000035252
4165,0.022591129999909754,22.591129999909754
4166,0.03588196500004415,35.88196500004415
4167,0.023407218000102148,23.407218000102148
4168,0.021298923999893304,21.298923999893304
4169,0.021217534999777854,21.217534999777854
4170,0.04062840200003848,40.62840200003848
4171,0.025764184999843565,25.764184999843565
4172,0.022323523999602912,22.323523999602912
4173,0.0213885999996819,21.3885999996819
4174,0.027858867999839276,27.858867999839276
4175,0.02847964700004013,28.47964700004013
4176,0.02145267200012313,21.45267200012313
4177,0.02075248700020893,20.75248700020893
4178,0.028937945000052423,28.937945000052423
4179,0.030748295999728725,30.748295999728725
4180,0.02256275799982177,22.56275799982177
4181,0.022011220999957004,22.011220999957004
4182,0.0306650110001101,30.6650110001101
4183,0.03290872100023989,32.90872100023989
4184,0.022308890000203974,22.308890000203974
4185,0.020709674000045197,20.709674000045197
4186,0.03102334899995185,31.02334899995185
4187,0.027710660000138887,27.710660000138887
4188,0.021498730999610416,21.498730999610416
4189,0.020635465999930602,20.635465999930602
4190,0.03060032199982743,30.60032199982743
4191,0.028484771999956138,28.484771999956138
4192,0.021909986000082426,21.909986000082426
4193,0.021596340000087366,21.596340000087366
4194,0.030023613999674126,30.023613999674126
4195,0.028776975000255334,28.776975000255334
4196,0.022623215000294294,22.623215000294294
4197,0.021056266999949003,21.056266999949003
4198,0.0323053379997873,32.3053379997873
4199,0.028217596000104095,28.217596000104095
4200,0.021892102000037994,21.892102000037994
4201,0.021184072999858472,21.184072999858472
4202,0.03245720799986884,32.45720799986884
4203,0.028235387999757222,28.235387999757222
4204,0.021988955999859172,21.988955999859172
4205,0.02160465499991915,21.60465499991915
4206,0.032245929000055185,32.245929000055185
4207,0.028378071000133787,28.378071000133787
4208,0.022224931999971886,22.224931999971886
4209,0.02158001999987391,21.58001999987391
4210,0.03342380099957154,33.42380099957154
4211,0.028294362999986333,28.294362999986333
4212,0.023622330999842234,23.622330999842234
4213,0.022439231000134896,22.439231000134896
4214,0.0316879360002531,31.687936000253103
4215,0.028499560999989626,28.499560999989626
4216,0.023846245000186173,23.846245000186173
4217,0.023883172000296327,23.883172000296327
4218,0.03652442000020528,36.52442000020528
4219,0.02372351600024558,23.72351600024558
4220,0.02386001100012436,23.86001100012436
4221,0.02308229800019035,23.08229800019035
4222,0.03175876600016636,31.75876600016636
4223,0.023420383000029688,23.420383000029688
4224,0.022915111999736837,22.915111999736837
4225,0.022336518999964028,22.336518999964028
4226,0.028584502000285283,28.584502000285283
4227,0.023281514000245807,23.281514000245807
4228,0.02268449600023814,22.68449600023814
4229,0.023477601000195136,23.477601000195136
4230,0.13656048300026669,136.5604830002667
4231,0.02318964000005508,23.18964000005508
4232,0.022632401999999274,22.632401999999274
4233,0.02252502800001821,22.52502800001821
4234,0.02679723000028389,26.79723000028389
4235,0.02554969600032564,25.54969600032564
4236,0.02300921300002301,23.00921300002301
4237,0.02262370300013572,22.62370300013572
4238,0.029708920999837574,29.708920999837574
4239,0.02852126700008739,28.52126700008739
4240,0.02333443600036844,23.33443600036844
4241,0.023214063000068563,23.214063000068563
4242,0.03174408699987907,31.744086999879073
4243,0.023671423999985564,23.671423999985564
4244,0.023628007000297657,23.628007000297657
4245,0.023371038000277622,23.371038000277622
4246,0.03201895899974261,32.01895899974261
4247,0.023824098000204685,23.824098000204685
4248,0.022885182999743847,22.885182999743847
4249,0.022932363000109035,22.932363000109035
4250,0.025863755000045785,25.863755000045785
4251,0.033043221999832895,33.043221999832895
4252,0.023492783000165218,23.49278300016522
4253,0.023449196000001393,23.449196000001393
4254,0.02796532100001059,27.96532100001059
4255,0.02350786400029392,23.50786400029392
4256,0.023204571999940526,23.204571999940526
4257,0.022513245000027382,22.513245000027382
4258,0.030287767000118038,30.287767000118038
4259,0.023501018000388285,23.501018000388285
4260,0.023037816999931238,23.037816999931238
4261,0.022340118999636616,22.340118999636616
4262,0.029580788999737706,29.580788999737706
4263,0.027677685000071506,27.677685000071506
4264,0.02279098899998644,22.79098899998644
4265,0.02298932199983028,22.98932199983028
4266,0.03122630300003948,31.22630300003948
4267,0.028049164000094606,28.049164000094606
4268,0.02352848800001084,23.52848800001084
4269,0.023185644000022876,23.185644000022876
4270,0.031316378000155964,31.316378000155964
4271,0.023750295999889204,23.750295999889204
4272,0.023546463000002404,23.546463000002404
4273,0.02225449000025037,22.25449000025037
4274,0.03056477400014046,30.56477400014046
4275,0.02395251999996617,23.95251999996617
4276,0.022692733000440057,22.692733000440057
4277,0.022856870999930834,22.856870999930834
4278,0.030904888000350184,30.904888000350184
4279,0.02841906100002234,28.41906100002234
4280,0.02391557400005695,23.91557400005695
4281,0.023145189999922877,23.145189999922877
4282,0.027439596000021993,27.439596000021993
4283,0.02664966900010768,26.64966900010768
4284,0.02344692099995882,23.44692099995882
4285,0.022372956000253907,22.372956000253907
4286,0.03003119799996057,30.03119799996057
4287,0.026836315999844373,26.836315999844373
4288,0.02261154300003909,22.61154300003909
4289,0.02264079899987337,22.64079899987337
4290,0.02946090700015702,29.46090700015702
4291,0.027267000999927404,27.267000999927404
4292,0.022995892999915668,22.995892999915668
4293,0.022584642999845528,22.584642999845528
4294,0.029377839000062522,29.377839000062522
4295,0.027993207999770675,27.993207999770675
4296,0.02363684400006605,23.63684400006605
4297,0.022884697999870696,22.884697999870696
4298,0.034909339000023465,34.909339000023465
4299,0.023232026000187034,23.232026000187034
4300,0.027018580000003567,27.018580000003567
4301,0.03082859100004498,30.82859100004498
4302,0.03973038699996323,39.73038699996323
4303,0.02273649100015973,22.73649100015973
4304,0.021419920999960596,21.419920999960596
4305,0.020879790999970282,20.879790999970282
4306,0.03255042399996455,32.55042399996455
4307,0.02634821900028328,26.34821900028328
4308,0.02195745800008808,21.95745800008808
4309,0.021153324999886536,21.153324999886536
4310,0.03385171299987633,33.85171299987633
4311,0.03310551399999895,33.10551399999895
4312,0.03261225400001422,32.61225400001422
4313,0.022547646000020904,22.547646000020904
4314,0.03284646800011615,32.84646800011615
4315,0.023331507999955647,23.331507999955647
4316,0.02187976699997307,21.87976699997307
4317,0.021060268999917753,21.060268999917753
4318,0.03273825800033592,32.73825800033592
4319,0.02718542700040416,27.18542700040416
4320,0.021324574000118446,21.324574000118446
4321,0.020779854000011255,20.779854000011255
4322,0.0328751789998023,32.8751789998023
4323,0.028339621999748488,28.339621999748488
4324,0.021887379999952827,21.887379999952827
4325,0.021380795999903057,21.380795999903057
4326,0.03044206899994606,30.44206899994606
4327,0.028022153999700095,28.022153999700095
4328,0.021371911000187538,21.371911000187538
4329,0.02078236300030767,20.78236300030767
4330,0.02739943399956246,27.39943399956246
4331,0.029746490999968955,29.746490999968955
4332,0.021314256999630743,21.314256999630743
4333,0.020898622999993677,20.898622999993677
4334,0.02822820400024284,28.22820400024284
4335,0.03162639999982275,31.626399999822752
4336,0.02176584000017101,21.76584000017101
4337,0.02800658000023759,28.00658000023759
4338,0.03389930799994545,33.89930799994545
4339,0.028939605999767082,28.939605999767082
4340,0.02240829299989855,22.40829299989855
4341,0.02145113999995374,21.45113999995374
4342,0.03370665700003883,33.70665700003883
4343,0.0254934909999065,25.4934909999065
4344,0.023658127999624412,23.658127999624412
4345,0.05293117900009747,52.93117900009747
4346,0.0399719140000343,39.9719140000343
4347,0.024588816999767005,24.588816999767005
4348,0.024174602000130108,24.174602000130108
4349,0.02697636299990336,26.97636299990336
4350,0.03359691200012094,33.59691200012094
4351,0.028828914999849076,28.828914999849076
4352,0.024765089000084117,24.765089000084117
4353,0.026002065999819024,26.002065999819024
4354,0.04310388200019588,43.10388200019588
4355,0.027012921999812534,27.012921999812534
4356,0.023035827000057907,23.035827000057907
4357,0.02258780299962382,22.58780299962382
4358,0.03958331100011492,39.58331100011492
4359,0.023863343000357418,23.863343000357418
4360,0.02284808800004612,22.84808800004612
4361,0.023133658000006108,23.133658000006108
4362,0.0300595720000274,30.0595720000274
4363,0.028914227999848663,28.914227999848663
4364,0.0239084360000561,23.9084360000561
4365,0.0243037129998811,24.3037129998811
4366,0.03284962399993674,32.84962399993674
4367,0.028490743000020302,28.490743000020302
4368,0.023659895000037068,23.659895000037068
4369,0.02255788999991637,22.55788999991637
4370,0.03196699599993735,31.966995999937353
4371,0.023812346999875444,23.812346999875444
4372,0.023281598999801645,23.281598999801645
4373,0.023195881999981793,23.195881999981793
4374,0.02757855900017603,27.57855900017603
4375,0.026562208000086684,26.562208000086684
4376,0.024350256000161608,24.350256000161608
4377,0.022569719000330224,22.569719000330224
4378,0.03033669100022962,30.33669100022962
4379,0.026443252000262873,26.443252000262873
4380,0.022905504999926052,22.905504999926052
4381,0.02226858699987133,22.26858699987133
4382,0.030180758999904356,30.180758999904356
4383,0.027754318000006606,27.754318000006606
4384,0.023355375999926764,23.355375999926764
4385,0.023211409999930765,23.211409999930765
4386,0.03277804400022433,32.77804400022433
4387,0.023556114000257367,23.556114000257367
4388,0.023542046999864397,23.542046999864397
4389,0.02420073399980538,24.20073399980538
4390,0.029226146999917546,29.226146999917546
4391,0.02365184500013129,23.65184500013129
4392,0.023071777000041038,23.07177700004104
4393,0.02234223200002816,22.34223200002816
4394,0.031111133999729645,31.111133999729645
4395,0.025155586999972,25.155586999972
4396,0.023277984000287688,23.277984000287688
4397,0.02322432500022842,23.22432500022842
4398,0.03136308100010865,31.36308100010865
4399,0.026238640999963536,26.238640999963536
4400,0.023724026999843773,23.724026999843773
4401,0.023112323000077595,23.112323000077595
4402,0.029083132999858208,29.083132999858208
4403,0.024465825999868684,24.465825999868684
4404,0.02342303700015691,23.42303700015691
4405,0.02274692699984371,22.74692699984371
4406,0.027828529000089475,27.828529000089475
4407,0.027419714000188833,27.419714000188833
4408,0.022665321999738808,22.665321999738808
4409,0.022584828000162815,22.584828000162815
4410,0.03232341400007499,32.32341400007499
4411,0.023668159999942873,23.668159999942873
4412,0.0237774460001674,23.7774460001674
4413,0.02325372099994638,23.25372099994638
4414,0.03155447099970843,31.55447099970843
4415,0.02362335499992696,23.62335499992696
4416,0.02377161200001865,23.77161200001865
4417,0.02316908099965076,23.16908099965076
4418,0.02781399000014062,27.81399000014062
4419,0.026448965999861684,26.448965999861684
4420,0.022614632000113488,22.614632000113488
4421,0.022692398999879515,22.692398999879515
4422,0.029814315999828978,29.814315999828978
4423,0.0276043179997032,27.6043179997032
4424,0.023079454000253463,23.079454000253463
4425,0.022531393000008393,22.531393000008393
4426,0.03068402500002776,30.68402500002776
4427,0.028926250000040454,28.926250000040454
4428,0.023515414000030432,23.515414000030432
4429,0.02285351799991986,22.85351799991986
4430,0.03240891199993712,32.40891199993712
4431,0.023807091999969998,23.807091999969998
4432,0.02284334099977059,22.84334099977059
4433,0.022983316000136256,22.983316000136256
4434,0.03173367299996244,31.733672999962437
4435,0.02353490999985297,23.53490999985297
4436,0.023569585000132065,23.569585000132065
4437,0.02300411299984262,23.00411299984262
4438,0.03123967999999877,31.23967999999877
4439,0.023837007000111043,23.837007000111043
4440,0.02350063699987004,23.50063699987004
4441,0.022912946999895212,22.91294699989521
4442,0.027948171999923943,27.948171999923943
4443,0.03129116799982512,31.29116799982512
4444,0.02278754899998603,22.78754899998603
4445,0.02282758699993792,22.82758699993792
4446,0.027841849999731494,27.841849999731494
4447,0.025300067999978637,25.300067999978637
4448,0.023501148999912402,23.501148999912402
4449,0.02317531200014855,23.17531200014855
4450,0.02856832299994494,28.56832299994494
4451,0.02724256700003025,27.24256700003025
4452,0.02370692800013785,23.70692800013785
4453,0.02233466400002726,22.33466400002726
4454,0.029989325999849825,29.989325999849825
4455,0.025941438000245398,25.941438000245398
4456,0.02272009500029526,22.72009500029526
4457,0.022631634999925154,22.631634999925154
4458,0.029368685000008554,29.368685000008554
4459,0.027869673000168405,27.869673000168405
4460,0.023838333999719907,23.838333999719907
4461,0.023466586000267853,23.466586000267853
4462,0.030918429999928776,30.918429999928776
4463,0.024998120999953244,24.998120999953244
4464,0.02356294799983516,23.56294799983516
4465,0.023038182000163943,23.038182000163943
4466,0.030772528999932547,30.772528999932547
4467,0.024924984999870503,24.924984999870503
4468,0.025332005000109348,25.332005000109348
4469,0.024341584000012517,24.341584000012517
4470,0.030704394000167667,30.704394000167667
4471,0.0285158980000233,28.5158980000233
4472,0.023803076000149304,23.803076000149304
4473,0.02322814199987988,23.22814199987988
4474,0.02800988699982554,28.00988699982554
4475,0.028399958000136394,28.399958000136394
4476,0.0247033709997595,24.7033709997595
4477,0.022851738999634108,22.851738999634108
4478,0.02843957599998248,28.43957599998248
4479,0.028044587999829673,28.044587999829673
4480,0.023057020999658562,23.057020999658562
4481,0.02301462300010826,23.01462300010826
4482,0.028911285000049247,28.911285000049247
4483,0.028005758999825048,28.005758999825048
4484,0.02400985300027969,24.00985300027969
4485,0.023085549999905197,23.085549999905197
4486,0.028156599000340066,28.156599000340066
4487,0.027734582999983104,27.734582999983104
4488,0.0230072909998853,23.0072909998853
4489,0.022213138000097388,22.213138000097388
4490,0.02886387399985324,28.86387399985324
4491,0.027995163000014145,27.995163000014145
4492,0.022866128999794455,22.866128999794455
4493,0.023103088999960164,23.103088999960164
4494,0.02928414000007251,29.28414000007251
4495,0.028167641999971238,28.167641999971238
4496,0.024933804999818676,24.933804999818676
4497,0.02616349599975365,26.16349599975365
4498,0.045407606000026135,45.407606000026135
4499,0.02547319699988293,25.47319699988293
4500,0.02293446999965454,22.93446999965454
4501,0.023373928999717464,23.373928999717464
4502,0.037344816000313585,37.344816000313585
4503,0.023995318999823212,23.995318999823212
4504,0.025725695999881282,25.72569599988128
4505,0.023036832999878243,23.036832999878243
4506,0.025937337999948795,25.937337999948795
4507,0.030885676000252715,30.885676000252715
4508,0.02388971299978948,23.88971299978948
4509,0.023136052999689127,23.136052999689127
4510,0.029183810999711568,29.183810999711568
4511,0.029318832000171824,29.318832000171824
4512,0.027598310000030324,27.598310000030324
4513,0.02329535799981386,23.29535799981386
4514,0.03445934999990641,34.45934999990641
4515,0.02391756399993028,23.91756399993028
4516,0.022587102000215964,22.587102000215964
4517,0.022931598000013764,22.931598000013764
4518,0.03971332999981314,39.71332999981314
4519,0.02416365199997017,24.16365199997017
4520,0.023732786999971722,23.732786999971722
4521,0.023322279000240087,23.322279000240087
4522,0.02882502900001782,28.82502900001782
4523,0.027812624000034702,27.812624000034702
4524,0.02290451099997881,22.90451099997881
4525,0.022198406999905274,22.198406999905274
4526,0.02838126699998611,28.38126699998611
4527,0.028683440999884624,28.683440999884624
4528,0.023602187000051345,23.602187000051345
4529,0.02325263799957611,23.25263799957611
4530,0.030985167999915575,30.985167999915575
4531,0.02873877000001812,28.73877000001812
4532,0.023683321999669715,23.683321999669715
4533,0.023330922000241117,23.330922000241117
4534,0.03366637399994943,33.66637399994943
4535,0.024065876999884495,24.065876999884495
4536,0.02346452700021473,23.46452700021473
4537,0.022269339000104083,22.269339000104083
4538,0.032278717999815854,32.27871799981585
4539,0.02384825999979512,23.84825999979512
4540,0.02362443699985306,23.62443699985306
4541,0.028107553999689117,28.107553999689117
4542,0.030599789999996574,30.599789999996574
4543,0.027746062000005622,27.746062000005622
4544,0.02291160499999023,22.91160499999023
4545,0.022550323999894317,22.550323999894317
4546,0.029058255000109057,29.058255000109057
4547,0.028723761000037484,28.723761000037484
4548,0.023888178000106564,23.888178000106564
4549,0.023090333999789436,23.090333999789436
4550,0.03192038099996353,31.920380999963527
4551,0.029239621000215266,29.239621000215266
4552,0.022742607000054704,22.742607000054704
4553,0.02249771399965539,22.49771399965539
4554,0.03221790999987206,32.21790999987206
4555,0.02799454100022558,27.99454100022558
4556,0.02355747599995084,23.55747599995084
4557,0.023188624000340496,23.188624000340496
4558,0.027495486000134406,27.495486000134406
4559,0.027378492999559967,27.378492999559967
4560,0.023157200000241573,23.157200000241573
4561,0.022490728000320814,22.490728000320814
4562,0.03174314200032313,31.743142000323132
4563,0.02648339899997154,26.48339899997154
4564,0.02272432200015828,22.72432200015828
4565,0.022567269999854034,22.567269999854034
4566,0.029836834999969142,29.836834999969142
4567,0.028178787999877386,28.178787999877386
4568,0.02367482599993309,23.67482599993309
4569,0.02319035599975905,23.19035599975905
4570,0.030910239999684563,30.910239999684563
4571,0.02425003200005449,24.25003200005449
4572,0.023336951000146655,23.336951000146655
4573,0.022670628000014403,22.670628000014403
4574,0.03689867699995375,36.89867699995375
4575,0.02339839700016455,23.39839700016455
4576,0.022871556999689346,22.871556999689346
4577,0.022594666999793844,22.594666999793844
4578,0.027058672000293882,27.058672000293882
4579,0.026386155000182043,26.386155000182043
4580,0.02365765200011083,23.65765200011083
4581,0.023326424000060797,23.326424000060797
4582,0.03128744600007849,31.28744600007849
4583,0.023775786000442167,23.775786000442167
4584,0.02353813399986393,23.53813399986393
4585,0.023007344999768975,23.007344999768975
4586,0.03108683399977963,31.08683399977963
4587,0.023818760000267503,23.818760000267503
4588,0.02326408499993704,23.26408499993704
4589,0.023311982999985048,23.311982999985048
4590,0.02689340299957621,26.89340299957621
4591,0.027042753999921842,27.042753999921842
4592,0.02339841899993189,23.39841899993189
4593,0.022509767999963515,22.509767999963515
4594,0.030248924000261468,30.248924000261468
4595,0.027742387000216695,27.742387000216695
4596,0.02351227500003006,23.51227500003006
4597,0.022938612999951147,22.938612999951147
4598,0.03163253699995039,31.63253699995039
4599,0.02470042300001296,24.70042300001296
4600,0.023275770000054763,23.275770000054763
4601,0.023252128999956767,23.252128999956767
4602,0.02881479699999545,28.81479699999545
4603,0.02618967300031727,26.18967300031727
4604,0.023058969999965484,23.058969999965484
4605,0.02249870400009968,22.49870400009968
4606,0.029471186999671772,29.471186999671772
4607,0.029678184000204055,29.678184000204055
4608,0.02356867099979354,23.56867099979354
4609,0.023347831000137376,23.347831000137376
4610,0.03170512599990616,31.70512599990616
4611,0.023857372000293253,23.857372000293253
4612,0.02345874200000253,23.45874200000253
4613,0.023200453000299603,23.200453000299603
4614,0.027177962999758165,27.177962999758165
4615,0.027016959999855317,27.016959999855317
4616,0.023233008999795857,23.233008999795857
4617,0.022546732000137126,22.546732000137126
4618,0.029504046000056405,29.504046000056405
4619,0.027946216999680473,27.946216999680473
4620,0.022982769000009284,22.982769000009284
4621,0.022339373999784584,22.339373999784584
4622,0.031138282000028994,31.138282000028994
4623,0.02829710400010299,28.29710400010299
4624,0.02331894100007048,23.31894100007048
4625,0.023183279000022594,23.183279000022594
4626,0.03167331499980719,31.67331499980719
4627,0.023629955999695085,23.629955999695085
4628,0.02365503000009994,23.65503000009994
4629,0.02318527700026607,23.18527700026607
4630,0.03467458299974169,34.67458299974169
4631,0.024064669999916077,24.064669999916077
4632,0.02348139900004753,23.48139900004753
4633,0.023570059000121546,23.570059000121546
4634,0.02464654999994309,24.64654999994309
4635,0.024502712999947107,24.502712999947107
4636,0.04661575599993739,46.61575599993739
4637,0.11337732799984224,113.37732799984224
4638,0.03802045300017198,38.02045300017198
4639,0.02505097899984321,25.05097899984321
4640,0.023861312000008184,23.861312000008184
4641,0.023113183000077697,23.113183000077697
4642,0.03298154000003706,32.98154000003706
4643,0.024252324999906705,24.252324999906705
4644,0.024229017999914504,24.229017999914504
4645,0.023269974999948317,23.269974999948317
4646,0.030828395999833447,30.828395999833447
4647,0.029472591999819997,29.472591999819997
4648,0.023443194000265066,23.443194000265066
4649,0.02367639300018709,23.67639300018709
4650,0.024544814000364568,24.544814000364568
4651,0.03214659800005393,32.14659800005393
4652,0.02385558200012383,23.85558200012383
4653,0.02315665500009345,23.15665500009345
4654,0.03255673100011336,32.55673100011336
4655,0.024835555000208842,24.835555000208842
4656,0.02295187400022769,22.95187400022769
4657,0.022308905000045343,22.308905000045343
4658,0.03194763700003023,31.947637000030227
4659,0.02378407900005186,23.78407900005186
4660,0.023552179000034812,23.552179000034812
4661,0.02347611200002575,23.47611200002575
4662,0.02973383200014723,29.73383200014723
4663,0.02352178000001004,23.52178000001004
4664,0.023485711999910563,23.485711999910563
4665,0.02263664100019014,22.63664100019014
4666,0.03219568699978481,32.19568699978481
4667,0.023563470000226516,23.563470000226516
4668,0.022882058000050165,22.882058000050165
4669,0.022327860000132205,22.327860000132205
4670,0.04682062500023676,46.82062500023676
4671,0.023401019999710115,23.401019999710115
4672,0.02273820300024454,22.73820300024454
4673,0.022793652000018483,22.793652000018483
4674,0.032125665999956254,32.125665999956254
4675,0.02883203900000808,28.83203900000808
4676,0.023030306000237033,23.030306000237033
4677,0.02473660200030281,24.73660200030281
4678,0.049931106000258296,49.931106000258296
4679,0.02569040500020492,25.69040500020492
4680,0.026907381000000896,26.907381000000896
4681,0.033896135999839316,33.896135999839316
4682,0.0467415279999841,46.7415279999841
4683,0.025803318999805924,25.803318999805924
4684,0.026206019000255765,26.206019000255765
4685,0.024300736999975925,24.300736999975925
4686,0.03706407100025899,37.06407100025899
4687,0.024911434999921767,24.911434999921767
4688,0.02464049900027021,24.64049900027021
4689,0.02437173599992093,24.37173599992093
4690,0.04350629600003231,43.50629600003231
4691,0.025428196999655484,25.428196999655484
4692,0.023474629999782337,23.474629999782337
4693,0.022575218999918434,22.575218999918434
4694,0.03156141399995249,31.561413999952492
4695,0.028508736000276258,28.508736000276258
4696,0.02349602699996467,23.49602699996467
4697,0.023617692999778228,23.617692999778228
4698,0.0327305119999437,32.7305119999437
4699,0.025332650000109425,25.332650000109425
4700,0.027767686000061076,27.767686000061076
4701,0.023161120000168012,23.16112000016801
4702,0.026001482000083342,26.001482000083342
4703,0.03126169500001197,31.26169500001197
4704,0.02318816799970591,23.18816799970591
4705,0.02248388900034115,22.48388900034115
4706,0.026233391999994637,26.233391999994637
4707,0.031396979999954056,31.396979999954056
4708,0.023418199999923672,23.418199999923672
4709,0.02317015700009506,23.17015700009506
4710,0.028792133000024478,28.792133000024478
4711,0.02976493500000288,29.76493500000288
4712,0.023520181000094453,23.520181000094453
4713,0.02245043600032659,22.45043600032659
4714,0.03452363399992464,34.52363399992464
4715,0.025370953000219743,25.370953000219743
4716,0.02320342899975003,23.20342899975003
4717,0.022300653999991482,22.300653999991482
4718,0.039374813999984326,39.374813999984326
4719,0.023520877000009932,23.520877000009932
4720,0.02272370199989382,22.72370199989382
4721,0.02306631900000866,23.06631900000866
4722,0.027850978000060422,27.850978000060422
4723,0.023803753999800392,23.803753999800392
4724,0.023519200999999157,23.519200999999157
4725,0.023200080000151502,23.2000800001515
4726,0.03696247200014113,36.96247200014113
4727,0.0244742220002081,24.4742220002081
4728,0.02353201200003241,23.53201200003241
4729,0.02223859800005812,22.23859800005812
4730,0.026203106999673764,26.203106999673764
4731,0.03465592900010961,34.65592900010961
4732,0.027979341999980534,27.979341999980534
4733,0.023177083999598835,23.177083999598835
4734,0.0392836900000475,39.2836900000475
4735,0.02346540299959088,23.46540299959088
4736,0.023261436000211688,23.26143600021169
4737,0.022470409000106883,22.470409000106883
4738,0.028532265000194457,28.532265000194457
4739,0.024217262000092887,24.217262000092887
4740,0.023566220000247995,23.566220000247995
4741,0.022891686000093614,22.891686000093614
4742,0.03012413300029948,30.12413300029948
4743,0.02402077199985797,24.02077199985797
4744,0.02328056900023512,23.28056900023512
4745,0.022796775000188063,22.796775000188063
4746,0.028767655000137893,28.767655000137893
4747,0.023668134000217833,23.668134000217833
4748,0.023317132000101992,23.317132000101992
4749,0.022613606000049913,22.613606000049913
4750,0.03200623700013239,32.00623700013239
4751,0.02418229299973973,24.18229299973973
4752,0.023581417000059446,23.581417000059446
4753,0.02279963899991344,22.79963899991344
4754,0.03388413999982731,33.88413999982731
4755,0.02409094400036338,24.09094400036338
4756,0.023312882000027457,23.312882000027457
4757,0.023204074000204855,23.204074000204855
4758,0.02784824100035621,27.84824100035621
4759,0.023603734000062104,23.603734000062104
4760,0.02329304500017315,23.29304500017315
4761,0.022579894000045897,22.579894000045897
4762,0.030535441000210994,30.535441000210994
4763,0.02585342700012916,25.85342700012916
4764,0.023085308999725385,23.085308999725385
4765,0.02232705200003693,22.32705200003693
4766,0.02650175999997373,26.50175999997373
4767,0.027393255999868416,27.393255999868416
4768,0.023377163000077417,23.377163000077417
4769,0.023249101000146766,23.249101000146766
4770,0.0301082480000332,30.1082480000332
4771,0.02931838800031983,29.31838800031983
4772,0.023791857000105665,23.791857000105665
4773,0.02275909199988746,22.75909199988746
4774,0.03057870200018442,30.57870200018442
4775,0.026350226000431576,26.350226000431576
4776,0.022941111999898567,22.941111999898567
4777,0.022394873999928677,22.394873999928677
4778,0.030369270000392135,30.369270000392135
4779,0.027089353000064875,27.089353000064875
4780,0.02344960300024468,23.44960300024468
4781,0.02323544499995478,23.23544499995478
4782,0.036647084999913204,36.647084999913204
4783,0.024007588000131364,24.007588000131364
4784,0.023660844000005454,23.660844000005454
4785,0.02264293500002168,22.64293500002168
4786,0.026117556000372133,26.117556000372133
4787,0.03182560100003684,31.82560100003684
4788,0.02374878099999478,23.74878099999478
4789,0.023075851000157854,23.075851000157854
4790,0.029348105999815743,29.348105999815743
4791,0.02894024899978831,28.94024899978831
4792,0.023618198999884044,23.618198999884044
4793,0.022873867000271275,22.873867000271275
4794,0.030901531999916187,30.901531999916187
4795,0.027629336999780207,27.629336999780207
4796,0.023036433000015677,23.036433000015677
4797,0.022522830999605503,22.522830999605503
4798,0.03452778000018952,34.52778000018952
4799,0.02828445200020724,28.28445200020724
4800,0.02650298999969891,26.50298999969891
4801,0.02307881799970346,23.07881799970346
4802,0.027756120000049123,27.756120000049123
4803,0.029195521000019653,29.195521000019653
4804,0.023313084000164963,23.313084000164963
4805,0.022729758999957994,22.729758999957994
4806,0.028674894999767275,28.674894999767275
4807,0.029280553000262444,29.280553000262444
4808,0.023970003000158613,23.970003000158613
4809,0.022500648999994155,22.500648999994155
4810,0.028550576000270667,28.550576000270667
4811,0.028049369999735063,28.049369999735063
4812,0.022944804999951884,22.944804999951884
4813,0.023114516000077856,23.114516000077856
4814,0.029226668000319478,29.226668000319478
4815,0.028702798999802326,28.702798999802326
4816,0.023408408999785024,23.408408999785024
4817,0.0231746680001379,23.1746680001379
4818,0.028671034000126383,28.671034000126383
4819,0.028375975000017206,28.375975000017206
4820,0.023123496000152954,23.123496000152954
4821,0.022661918999801856,22.661918999801856
4822,0.029636600999765506,29.636600999765506
4823,0.030312030000004597,30.312030000004597
4824,0.02351878499985105,23.51878499985105
4825,0.022962409000228945,22.962409000228945
4826,0.03115829299986217,31.15829299986217
4827,0.025668214000234002,25.668214000234002
4828,0.024550761000227794,24.550761000227794
4829,0.02465781999990213,24.65781999990213
4830,0.03461056900005133,34.61056900005133
4831,0.0374755460002234,37.4755460002234
4832,0.02621593000003486,26.21593000003486
4833,0.02344431400024405,23.44431400024405
4834,0.040109312000367936,40.109312000367936
4835,0.025223599999662838,25.223599999662838
4836,0.023186079999959475,23.186079999959475
4837,0.022326083999814728,22.326083999814728
4838,0.02767578400016646,27.67578400016646
4839,0.02752960499992696,27.52960499992696
4840,0.022732653000275604,22.732653000275604
4841,0.022571965999759414,22.571965999759414
4842,0.045626265999999305,45.626265999999305
4843,0.02432294800019008,24.32294800019008
4844,0.02350203000014517,23.50203000014517
4845,0.022920862000319175,22.920862000319175
4846,0.035358012999950006,35.358012999950006
4847,0.027013553000415413,27.013553000415413
4848,0.023700330000338,23.700330000338
4849,0.02307476499981931,23.07476499981931
4850,0.02994686300007743,29.94686300007743
4851,0.02418166999996174,24.18166999996174
4852,0.02368653000030463,23.68653000030463
4853,0.022628101000009337,22.628101000009337
4854,0.03280591600014304,32.80591600014304
4855,0.023469278999982635,23.469278999982635
4856,0.023099083000033716,23.099083000033716
4857,0.02264613699981055,22.64613699981055
4858,0.03375030200004403,33.75030200004403
4859,0.026475949000086985,26.475949000086985
4860,0.023934408000059193,23.934408000059193
4861,0.023459795999769995,23.459795999769995
4862,0.028580560000136757,28.580560000136757
4863,0.03385451099984493,33.85451099984493
4864,0.0236279719997583,23.6279719997583
4865,0.023109139000098367,23.109139000098367
4866,0.03006065400040825,30.06065400040825
4867,0.028196629999911238,28.196629999911238
4868,0.02328261399998155,23.28261399998155
4869,0.022587796000152593,22.587796000152593
4870,0.03040822000002663,30.40822000002663
4871,0.025245693999750074,25.245693999750074
4872,0.023088305999863223,23.088305999863223
4873,0.022626738999861118,22.626738999861118
4874,0.03216569599999275,32.16569599999275
4875,0.023846183999921777,23.846183999921777
4876,0.023426667999956408,23.426667999956408
4877,0.023893904000033217,23.893904000033217
4878,0.02784410799995385,27.84410799995385
4879,0.024592787000074168,24.592787000074168
4880,0.023509671999818238,23.509671999818238
4881,0.023455980000107957,23.455980000107957
4882,0.036227178999979515,36.227178999979515
4883,0.02445680899973013,24.45680899973013
4884,0.023062790000039968,23.062790000039968
4885,0.022512126000037824,22.512126000037824
4886,0.02726516900020215,27.26516900020215
4887,0.02337261100001342,23.37261100001342
4888,0.02343023399998856,23.43023399998856
4889,0.022790968000208522,22.790968000208522
4890,0.03698197599987907,36.98197599987907
4891,0.024034382000081678,24.034382000081678
4892,0.023710796000159462,23.710796000159462
4893,0.023147853999944346,23.147853999944346
4894,0.026771190000090428,26.771190000090428
4895,0.03121489700015445,31.21489700015445
4896,0.02400314500027889,24.00314500027889
4897,0.022943951999877754,22.943951999877754
4898,0.03414356499979476,34.14356499979476
4899,0.028655012999934115,28.655012999934115
4900,0.02307581900004152,23.07581900004152
4901,0.022739160000128322,22.739160000128322
4902,0.03347198700021181,33.47198700021181
4903,0.024582011999882525,24.582011999882525
4904,0.023095351999927516,23.095351999927516
4905,0.02267692800023724,22.67692800023724
4906,0.03152926400025535,31.529264000255353
4907,0.02390705199968579,23.90705199968579
4908,0.023933539999688946,23.933539999688946
4909,0.023151028000029328,23.151028000029328
4910,0.02842819200031954,28.42819200031954
4911,0.02374534999989919,23.74534999989919
4912,0.023446020999926986,23.446020999926986
4913,0.022889822999786702,22.889822999786702
4914,0.03160301200023241,31.60301200023241
4915,0.023527977999947325,23.527977999947325
4916,0.023068729999977222,23.068729999977222
4917,0.023373842000182776,23.373842000182776
4918,0.03160172700017938,31.60172700017938
4919,0.023826427000130934,23.826427000130934
4920,0.023659242000121594,23.659242000121594
4921,0.023006456999610236,23.006456999610236
4922,0.03192008399992119,31.92008399992119
4923,0.023880888000348932,23.880888000348932
4924,0.023384267999972508,23.384267999972508
4925,0.022778910999932123,22.778910999932123
4926,0.03275772000006327,32.75772000006327
4927,0.023775814000146056,23.775814000146056
4928,0.023802118999810773,23.802118999810773
4929,0.02542240499997206,25.42240499997206
4930,0.02789327200025582,27.89327200025582
4931,0.023311105000175303,23.311105000175303
4932,0.023494862000006833,23.494862000006833
4933,0.022435888000018167,22.435888000018167
4934,0.026939659000163374,26.939659000163374
4935,0.026893606999692565,26.893606999692565
4936,0.022909114999947633,22.909114999947633
4937,0.022632853999766667,22.632853999766667
4938,0.029728310000336933,29.728310000336933
4939,0.028672823999841057,28.672823999841057
4940,0.0239786299998741,23.9786299998741
4941,0.023370824999801698,23.370824999801698
4942,0.03136704999997164,31.36704999997164
4943,0.025134381000043504,25.134381000043504
4944,0.02315267699987089,23.15267699987089
4945,0.02270357499992315,22.70357499992315
4946,0.03237972199985961,32.37972199985961
4947,0.02397936099987419,23.97936099987419
4948,0.02337495499978104,23.37495499978104
4949,0.028803939999761496,28.803939999761496
4950,0.03630232099976638,36.30232099976638
4951,0.03012665599999309,30.12665599999309
4952,0.023410398000123678,23.410398000123678
4953,0.0229907939997247,22.9907939997247
4954,0.03895606099968063,38.95606099968063
4955,0.02528051500030415,25.28051500030415
4956,0.02351123699963864,23.51123699963864
4957,0.022350480000113748,22.35048000011375
4958,0.03381631100000959,33.81631100000959
4959,0.02435999699991953,24.35999699991953
4960,0.023093218999747478,23.093218999747478
4961,0.02267377399994075,22.67377399994075
4962,0.03485688500040851,34.85688500040851
4963,0.028182443999867246,28.182443999867246
4964,0.02378591500018956,23.78591500018956
4965,0.02366704899986871,23.66704899986871
4966,0.04892280200010646,48.92280200010646
4967,0.024132760999691527,24.132760999691527
4968,0.021539657000175794,21.539657000175794
4969,0.020598269999936747,20.598269999936747
4970,0.0335064739997506,33.5064739997506
4971,0.028113336999922467,28.113336999922467
4972,0.02143675799970879,21.43675799970879
4973,0.021705053000005137,21.705053000005137
4974,0.035273332000087976,35.273332000087976
4975,0.029663494000033097,29.663494000033097
4976,0.027492486000028293,27.492486000028293
4977,0.024820456000270497,24.820456000270497
4978,0.036520025999834616,36.520025999834616
4979,0.02300891100003355,23.00891100003355
4980,0.021540077999816276,21.540077999816276
4981,0.020930570000018633,20.930570000018633
4982,0.034098562999588466,34.09856299958847
4983,0.028470390999700612,28.470390999700612
4984,0.021252821999951266,21.252821999951266
4985,0.02118922299996484,21.18922299996484
4986,0.03338937199987413,33.38937199987413
4987,0.02817688300001464,28.17688300001464
4988,0.023072271999808436,23.072271999808436
4989,0.021669097000085458,21.669097000085458
4990,0.03345019999960641,33.45019999960641
4991,0.027308231000006344,27.308231000006344
4992,0.021861331000309292,21.861331000309292
4993,0.021172191000005114,21.172191000005114
4994,0.03592288699974233,35.92288699974233
4995,0.023110901000109152,23.110901000109152
4996,0.02109091800002716,21.09091800002716
4997,0.020904236999740533,20.904236999740533
4998,0.034372311000424816,34.372311000424816
4999,0.02305763799995475,23.05763799995475
5000,0.025523290999899473,25.523290999899473
5001,0.022611274999690067,22.611274999690067
5002,0.03381690000014714,33.81690000014714
5003,0.024189111000396224,24.189111000396224
5004,0.021781911999823933,21.781911999823933
5005,0.021026868999797443,21.026868999797443
5006,0.03878703400005179,38.78703400005179
5007,0.02329183899973941,23.29183899973941
5008,0.022618065999722603,22.618065999722603
5009,0.042646707000130846,42.646707000130846
5010,0.04631797800038839,46.31797800038839
5011,0.027495030999943992,27.495030999943992
5012,0.026270167999882688,26.270167999882688
5013,0.026837134000288643,26.837134000288643
5014,0.03904483399992387,39.04483399992387
5015,0.025326540000151,25.326540000151
5016,0.03292275500007236,32.92275500007236
5017,0.024290783999731502,24.290783999731502
5018,0.04064318600012484,40.64318600012484
5019,0.02594182999973782,25.94182999973782
5020,0.022790063000229566,22.790063000229566
5021,0.023312699000143766,23.312699000143766
5022,0.03042821200006074,30.42821200006074
5023,0.028677331000380946,28.677331000380946
5024,0.025472702000115532,25.472702000115532
5025,0.023531795000053535,23.531795000053535
5026,0.035108757999751106,35.108757999751106
5027,0.02420641299977433,24.20641299977433
5028,0.023669181000059325,23.669181000059325
5029,0.02256892900004459,22.56892900004459
5030,0.026729590000286407,26.729590000286407
5031,0.030841952000173478,30.841952000173478
5032,0.023400825999942754,23.400825999942754
5033,0.023430873000052088,23.430873000052088
5034,0.02893790899997839,28.93790899997839
5035,0.029306808999990608,29.306808999990608
5036,0.02315870599977643,23.15870599977643
5037,0.022682066000015766,22.682066000015766
5038,0.02893778999987262,28.93778999987262
5039,0.02943507000009049,29.43507000009049
5040,0.023258201000317058,23.258201000317058
5041,0.02236232099994595,22.36232099994595
5042,0.0346904570001243,34.6904570001243
5043,0.027907891999802814,27.907891999802814
5044,0.022792673999902036,22.792673999902036
5045,0.023398639000333787,23.398639000333787
5046,0.03185810900004071,31.858109000040713
5047,0.023573605999899883,23.573605999899883
5048,0.023686857000029704,23.686857000029704
5049,0.023257279000063136,23.257279000063136
5050,0.03395255299983546,33.95255299983546
5051,0.024077490999843576,24.077490999843576
5052,0.023708457999873644,23.708457999873644
5053,0.02244950800013612,22.44950800013612
5054,0.02759663400001955,27.59663400001955
5055,0.023075992000030965,23.075992000030965
5056,0.022941676000300504,22.941676000300504
5057,0.023787569999967673,23.787569999967673
5058,0.032151834000160306,32.15183400016031
5059,0.023617069000010815,23.617069000010815
5060,0.023709204999704525,23.709204999704525
5061,0.023329614999965997,23.329614999965997
5062,0.02815543599990633,28.15543599990633
5063,0.02388717399981033,23.88717399981033
5064,0.023861485999987053,23.861485999987053
5065,0.022556181000254583,22.556181000254583
5066,0.031781455999862374,31.781455999862374
5067,0.02415659099960976,24.15659099960976
5068,0.02350421000028291,23.50421000028291
5069,0.02366313899983652,23.66313899983652
5070,0.12774678799996764,127.74678799996764
5071,0.04266287199970975,42.66287199970975
5072,0.02514270999972723,25.14270999972723
5073,0.022689213999910862,22.689213999910862
5074,0.03568405999976676,35.68405999976676
5075,0.024605049999991024,24.605049999991024
5076,0.023675954000282218,23.675954000282218
5077,0.02390679900008763,23.90679900008763
5078,0.03250046299990572,32.50046299990572
5079,0.02409239600001456,24.09239600001456
5080,0.023236444999838568,23.236444999838568
5081,0.02272104300027422,22.72104300027422
5082,0.02924273299959168,29.24273299959168
5083,0.028914228999838087,28.914228999838087
5084,0.023124411999560834,23.124411999560834
5085,0.022604037999826687,22.604037999826687
5086,0.03503307800019684,35.03307800019684
5087,0.0283143920000839,28.3143920000839
5088,0.023049385999911465,23.049385999911465
5089,0.02228913899989493,22.28913899989493
5090,0.03093318699984593,30.93318699984593
5091,0.028488852999998926,28.488852999998926
5092,0.023406211999827065,23.406211999827065
5093,0.02332049200003894,23.32049200003894
5094,0.03223458699994808,32.23458699994808
5095,0.02370561199995791,23.70561199995791
5096,0.023549687000013364,23.549687000013364
5097,0.02324321600008261,23.24321600008261
5098,0.029171757999847614,29.171757999847614
5099,0.024656809000134672,24.656809000134672
5100,0.02292993800028853,22.92993800028853
5101,0.022445880999839574,22.445880999839574
5102,0.030401250000068103,30.401250000068103
5103,0.02782020199992985,27.82020199992985
5104,0.02373672900012025,23.73672900012025
5105,0.023247634999734146,23.247634999734146
5106,0.031110121999972762,31.110121999972762
5107,0.023984804999599874,23.984804999599874
5108,0.023142455999732192,23.142455999732192
5109,0.022549069999968196,22.549069999968196
5110,0.030681731999720796,30.681731999720796
5111,0.024148194000190415,24.148194000190415
5112,0.02349855500006015,23.49855500006015
5113,0.022980454999924405,22.980454999924405
5114,0.03190291500004605,31.90291500004605
5115,0.02385729600018749,23.85729600018749
5116,0.02346256300006644,23.46256300006644
5117,0.023212760999740567,23.212760999740567
5118,0.03402709500005585,34.02709500005585
5119,0.02384809499972107,23.84809499972107
5120,0.02361214300026404,23.61214300026404
5121,0.023096785000234377,23.096785000234377
5122,0.026093835000210674,26.093835000210674
5123,0.03303419700023369,33.03419700023369
5124,0.022966286000155378,22.966286000155378
5125,0.02266075399984402,22.66075399984402
5126,0.026124703000277805,26.124703000277805
5127,0.03305961000023672,33.05961000023672
5128,0.024773054999968736,24.773054999968736
5129,0.025063112000225374,25.063112000225374
5130,0.029940742000235332,29.940742000235332
5131,0.028639325000312965,28.639325000312965
5132,0.02366584499986857,23.66584499986857
5133,0.02314561399998638,23.14561399998638
5134,0.032148956999662914,32.148956999662914
5135,0.023818794999897364,23.818794999897364
5136,0.028894230999867432,28.894230999867432
5137,0.027935498999795527,27.935498999795527
5138,0.031994956000289676,31.994956000289676
5139,0.028690631999779725,28.690631999779725
5140,0.02331902200012337,23.31902200012337
5141,0.02271930999995675,22.71930999995675
5142,0.029936848000033933,29.936848000033933
5143,0.028129964000072505,28.129964000072505
5144,0.0234320409999782,23.4320409999782
5145,0.02253859199981889,22.53859199981889
5146,0.02962408899975344,29.62408899975344
5147,0.028062535999652027,28.062535999652027
5148,0.022991809000359353,22.991809000359353
5149,0.02330689300015365,23.30689300015365
5150,0.03157633000000715,31.576330000007147
5151,0.02520920200004184,25.20920200004184
5152,0.023410443000102532,23.410443000102532
5153,0.023267441999905714,23.267441999905714
5154,0.032312491000084265,32.312491000084265
5155,0.023900626999875385,23.900626999875385
5156,0.023279200999695604,23.279200999695604
5157,0.022964438000144582,22.964438000144582
5158,0.043542113000057725,43.542113000057725
5159,0.027324202999807312,27.324202999807312
5160,0.02384796899968933,23.84796899968933
5161,0.024906513999667368,24.906513999667368
5162,0.05008421200000157,50.08421200000157
5163,0.024162604000139254,24.162604000139254
5164,0.023091075999673194,23.091075999673194
5165,0.022636445999978605,22.636445999978605
5166,0.028515800000150193,28.515800000150193
5167,0.02320360800013077,23.20360800013077
5168,0.023233358000197768,23.233358000197768
5169,0.023091944999578118,23.091944999578118
5170,0.03001277500015931,30.01277500015931
5171,0.029832007000095473,29.832007000095473
5172,0.025992849999965983,25.992849999965983
5173,0.023246438000114722,23.246438000114722
5174,0.02843362299972796,28.43362299972796
5175,0.029277753999849665,29.277753999849665
5176,0.02337309800032017,23.37309800032017
5177,0.02333246499983943,23.33246499983943
5178,0.028948454999863316,28.948454999863316
5179,0.027879256999767676,27.879256999767676
5180,0.022952715999963402,22.952715999963402
5181,0.022486200999992434,22.486200999992434
5182,0.027969607999693835,27.969607999693835
5183,0.02855287900001713,28.55287900001713
5184,0.023747467999783112,23.74746799978311
5185,0.022947846000079153,22.947846000079153
5186,0.029174084999795014,29.174084999795014
5187,0.029123831000106293,29.123831000106293
5188,0.023787023999830126,23.787023999830126
5189,0.023239514000124473,23.239514000124473
5190,0.029947986000024684,29.947986000024684
5191,0.027590585999860195,27.590585999860195
5192,0.023091288000159693,23.091288000159693
5193,0.022523064999859344,22.523064999859344
5194,0.029763406999791187,29.763406999791187
5195,0.027794568999979674,27.794568999979674
5196,0.02310706400021445,23.10706400021445
5197,0.022451836000072944,22.451836000072944
5198,0.029677830999844446,29.677830999844446
5199,0.028555583000070328,28.555583000070328
5200,0.023440861999915796,23.440861999915796
5201,0.023149310999997397,23.149310999997397
5202,0.03032732700012275,30.32732700012275
5203,0.028570386999945185,28.570386999945185
5204,0.02357160500014288,23.57160500014288
5205,0.02258355499998288,22.58355499998288
5206,0.03127408299997114,31.274082999971142
5207,0.024712631000056717,24.712631000056717
5208,0.02306017000000793,23.06017000000793
5209,0.02232898500005831,22.32898500005831
5210,0.030009861000053206,30.009861000053206
5211,0.027933879000102024,27.933879000102024
5212,0.023372390000076848,23.372390000076848
5213,0.023104161999981443,23.104161999981443
5214,0.037880287999996654,37.88028799999665
5215,0.024131755999860616,24.131755999860616
5216,0.024033266000060394,24.033266000060394
5217,0.027290839000215783,27.290839000215783
5218,0.030478063000373368,30.478063000373368
5219,0.02769929099986257,27.69929099986257
5220,0.02289658799963945,22.89658799963945
5221,0.022492460000194114,22.492460000194114
5222,0.03245074799997383,32.45074799997383
5223,0.028126654000061535,28.126654000061535
5224,0.023492300999805593,23.492300999805593
5225,0.02324889000010444,23.24889000010444
5226,0.032547150000027614,32.547150000027614
5227,0.02446043500003725,24.46043500003725
5228,0.0233190580001974,23.3190580001974
5229,0.022793631000240566,22.793631000240566
5230,0.04063006599972141,40.63006599972141
5231,0.02399061599999186,23.99061599999186
5232,0.023270201999821438,23.270201999821438
5233,0.0224160259999735,22.4160259999735
5234,0.028116288000092027,28.116288000092027
5235,0.028941817000031733,28.941817000031733
5236,0.023643757000172627,23.643757000172627
5237,0.02331074300036562,23.31074300036562
5238,0.03019021399995836,30.19021399995836
5239,0.030858114999773534,30.858114999773534
5240,0.023179128999800014,23.179128999800014
5241,0.022590232000311516,22.590232000311516
5242,0.02970049400028074,29.70049400028074
5243,0.0284906370002318,28.4906370002318
5244,0.02365550699960295,23.65550699960295
5245,0.02243723299989142,22.43723299989142
5246,0.030247214999690186,30.247214999690186
5247,0.028322355999989668,28.322355999989668
5248,0.02291779500001212,22.91779500001212
5249,0.02269471399995382,22.69471399995382
5250,0.032390195000061794,32.390195000061794
5251,0.023961028000030637,23.961028000030637
5252,0.02364197199995033,23.64197199995033
5253,0.02320276799991916,23.20276799991916
5254,0.02869876899967494,28.69876899967494
5255,0.024464326000270376,24.464326000270376
5256,0.023680274000071222,23.680274000071222
5257,0.023108729999876232,23.108729999876232
5258,0.03574000300022817,35.74000300022817
5259,0.024318346999734786,24.318346999734786
5260,0.0234080800000811,23.4080800000811
5261,0.023369504000129382,23.369504000129382
5262,0.02756052599988834,27.56052599988834
5263,0.023183057000096596,23.183057000096596
5264,0.023632078999980877,23.632078999980877
5265,0.02289360199984003,22.89360199984003
5266,0.032414649999736866,32.41464999973687
5267,0.024324316000274848,24.324316000274848
5268,0.023960283000178606,23.960283000178606
5269,0.02293685499989806,22.93685499989806
5270,0.03697533600006864,36.97533600006864
5271,0.024260470000172063,24.260470000172063
5272,0.023354561000360263,23.354561000360263
5273,0.022820667999894795,22.820667999894795
5274,0.028550972000175534,28.550972000175534
5275,0.03077137899981608,30.77137899981608
5276,0.02327128500019171,23.27128500019171
5277,0.022572809000394045,22.572809000394045
5278,0.029989744999966206,29.989744999966206
5279,0.0281402479999997,28.1402479999997
5280,0.023226082999826758,23.226082999826758
5281,0.022572765999939293,22.572765999939293
5282,0.030670563000057882,30.670563000057882
5283,0.02930562799974723,29.30562799974723
5284,0.024102474999835977,24.102474999835977
5285,0.02336740100008683,23.36740100008683
5286,0.03191531400034364,31.915314000343642
5287,0.025070349000088754,25.070349000088754
5288,0.023701925999830564,23.701925999830564
5289,0.023545707000266702,23.545707000266702
5290,0.027176170000075217,27.176170000075217
5291,0.026606056000218814,26.606056000218814
5292,0.023132852000344428,23.13285200034443
5293,0.022279582000010123,22.279582000010123
5294,0.030273038999894197,30.273038999894197
5295,0.02855942700034575,28.55942700034575
5296,0.02614317999996274,26.14317999996274
5297,0.023382624000078067,23.382624000078067
5298,0.03157547299997532,31.575472999975318
5299,0.028633908000301744,28.633908000301744
5300,0.023731047999717703,23.731047999717703
5301,0.023247598000125436,23.247598000125436
5302,0.0312841700001627,31.284170000162703
5303,0.02857033500004036,28.57033500004036
5304,0.023737263999919378,23.737263999919378
5305,0.02325799200025358,23.25799200025358
5306,0.025521525999920414,25.521525999920414
5307,0.040806722000070295,40.806722000070295
5308,0.024119535999943764,24.119535999943764
5309,0.023978181000074983,23.978181000074983
5310,0.03845232300000134,38.45232300000134
5311,0.024789653999960137,24.789653999960137
5312,0.02318444999991698,23.18444999991698
5313,0.022763199000110035,22.763199000110035
5314,0.028131064000262995,28.131064000262995
5315,0.026520539000102872,26.520539000102872
5316,0.02323831000012433,23.23831000012433
5317,0.02255154600015885,22.55154600015885
5318,0.03309574500008239,33.09574500008239
5319,0.024172357999759697,24.172357999759697
5320,0.023356719999810593,23.356719999810593
5321,0.023254878999978246,23.254878999978246
5322,0.032822568000028696,32.822568000028696
5323,0.024291902000186383,24.291902000186383
5324,0.02298339799972382,22.98339799972382
5325,0.022828140999990865,22.828140999990865
5326,0.032654427000125,32.654427000125
5327,0.02362082100034968,23.62082100034968
5328,0.02341423100006068,23.41423100006068
5329,0.02241916399998445,22.41916399998445
5330,0.03376737899998261,33.76737899998261
5331,0.02523689800000284,25.23689800000284
5332,0.022780248999879404,22.780248999879404
5333,0.02311857799986683,23.11857799986683
5334,0.026618761000008817,26.618761000008817
5335,0.03068052299977353,30.68052299977353
5336,0.02386629800002993,23.86629800002993
5337,0.023257048999766994,23.257048999766994
5338,0.03454516300007526,34.54516300007526
5339,0.02940467600001284,29.40467600001284
5340,0.024897195999983524,24.897195999983524
5341,0.024641578000228037,24.641578000228037
5342,0.04120009799999025,41.20009799999025
5343,0.04280977400003394,42.80977400003394
5344,0.027207606000047235,27.207606000047235
5345,0.025179244999890216,25.179244999890216
5346,0.040069089999633434,40.069089999633434
5347,0.027538800000002084,27.538800000002084
5348,0.023781795000104466,23.781795000104466
5349,0.02344693799977904,23.44693799977904
5350,0.029290089999904012,29.290089999904012
5351,0.0263952289997178,26.3952289997178
5352,0.02584994300013932,25.84994300013932
5353,0.024691561999588885,24.691561999588885
5354,0.037442854000346415,37.442854000346415
5355,0.02792350300023827,27.92350300023827
5356,0.022776448000058735,22.776448000058735
5357,0.022833679000086704,22.833679000086704
5358,0.03238074399996549,32.38074399996549
5359,0.023550076999981684,23.550076999981684
5360,0.023743661000025895,23.743661000025895
5361,0.02282359799983169,22.82359799983169
5362,0.03499825500011866,34.99825500011866
5363,0.024152800000138086,24.152800000138086
5364,0.023590804999912507,23.590804999912507
5365,0.023031051000089064,23.031051000089064
5366,0.027103797000108898,27.103797000108898
5367,0.030854894000185595,30.854894000185595
5368,0.023489297999731207,23.489297999731207
5369,0.02285593099986727,22.85593099986727
5370,0.029323012000077142,29.323012000077142
5371,0.02901327500012485,29.01327500012485
5372,0.023071981000157393,23.071981000157393
5373,0.022561335999853327,22.561335999853327
5374,0.029013997000220115,29.013997000220115
5375,0.029091177999816864,29.091177999816864
5376,0.02333641199993508,23.33641199993508
5377,0.02233141299984709,22.33141299984709
5378,0.03126035800005411,31.26035800005411
5379,0.028925656000410527,28.925656000410527
5380,0.023453275000065332,23.453275000065332
5381,0.02330639000001611,23.30639000001611
5382,0.030510212000081083,30.510212000081083
5383,0.02916699899969899,29.16699899969899
5384,0.022916069999610045,22.916069999610045
5385,0.023433146000115812,23.433146000115812
5386,0.0313874759999635,31.3874759999635
5387,0.02434754099976999,24.34754099976999
5388,0.023696374999872205,23.696374999872205
5389,0.023212822999994387,23.212822999994387
5390,0.03001026499987347,30.01026499987347
5391,0.02391650000026857,23.91650000026857
5392,0.023362765999991097,23.362765999991097
5393,0.023300660000131757,23.300660000131757
5394,0.034410566999667935,34.410566999667935
5395,0.023920374999761407,23.920374999761407
5396,0.023033553999994183,23.033553999994183
5397,0.02267402999996193,22.67402999996193
5398,0.027830369000184874,27.830369000184874
5399,0.024108257000079902,24.108257000079902
5400,0.023643738999908237,23.643738999908237
5401,0.023154284000156622,23.154284000156622
5402,0.028809011000248574,28.809011000248574
5403,0.024377847999858204,24.377847999858204
5404,0.023432196999692678,23.432196999692678
5405,0.02281357400033812,22.81357400033812
5406,0.028373938000186172,28.373938000186172
5407,0.027066914999977598,27.066914999977598
5408,0.0232459930002733,23.2459930002733
5409,0.022629387000051793,22.629387000051793
5410,0.030769544999657228,30.769544999657228
5411,0.027901478999865503,27.901478999865503
5412,0.0233991589998368,23.3991589998368
5413,0.022635078000348585,22.635078000348585
5414,0.03207840299955933,32.07840299955933
5415,0.023878190999766957,23.878190999766957
5416,0.023344248999819683,23.344248999819683
5417,0.0233043009998255,23.3043009998255
5418,0.03594933199974548,35.94933199974548
5419,0.023789746000147716,23.789746000147716
5420,0.02361677899989445,23.61677899989445
5421,0.02321432000007917,23.21432000007917
5422,0.031791285000053904,31.791285000053904
5423,0.02454388400019525,24.54388400019525
5424,0.023605052000220894,23.605052000220894
5425,0.022500513999602845,22.500513999602845
5426,0.02646354699982112,26.46354699982112
5427,0.03186020900011499,31.860209000114992
5428,0.023579416000302444,23.579416000302444
5429,0.02332277699997576,23.32277699997576
5430,0.02957153199986351,29.57153199986351
