image_index,forward_latency_seconds,forward_latency_ms
0,0.03408481299993582,34.08481299993582
1,0.028693909999901734,28.693909999901734
2,0.022020568000016283,22.020568000016283
3,0.021422653999934482,21.422653999934482
4,0.028703059999998004,28.703059999998004
5,0.027244701999961762,27.244701999961762
6,0.021797744999958013,21.797744999958013
7,0.02146307800012437,21.46307800012437
8,0.02621423000005052,26.21423000005052
9,0.022682017000079213,22.682017000079213
10,0.022129301999939344,22.129301999939344
11,0.021939373999884992,21.939373999884992
12,0.02920008000000962,29.20008000000962
13,0.027089176000117732,27.08917600011773
14,0.021513452000135658,21.513452000135658
15,0.021443166999915775,21.443166999915775
16,0.024241558000085206,24.241558000085206
17,0.03017155299994556,30.17155299994556
18,0.021674679999932778,21.674679999932778
19,0.021499438999853737,21.499438999853737
20,0.025781883000036032,25.781883000036032
21,0.026392861999966044,26.392861999966044
22,0.02198697199992239,21.98697199992239
23,0.021124556000131633,21.124556000131633
24,0.027797495999948296,27.797495999948296
25,0.02899425999999039,28.99425999999039
26,0.021496918999901027,21.496918999901027
27,0.021555346000013742,21.555346000013742
28,0.026298718000134613,26.298718000134613
29,0.024811377000105495,24.811377000105495
30,0.02177496300009807,21.77496300009807
31,0.02224471799991079,22.24471799991079
32,0.027556650999940757,27.556650999940757
33,0.02987875299982079,29.87875299982079
34,0.021801091000043016,21.801091000043016
35,0.021138635999932376,21.138635999932376
36,0.02486661200009621,24.86661200009621
37,0.02967420899994977,29.67420899994977
38,0.021895317999906183,21.895317999906183
39,0.021586700999932873,21.586700999932873
40,0.03349172599996564,33.49172599996564
41,0.02236038799992457,22.36038799992457
42,0.021869632000061756,21.869632000061756
43,0.0214118530000178,21.4118530000178
44,0.02975393599990639,29.75393599990639
45,0.02717865200020242,27.17865200020242
46,0.021943447000012384,21.943447000012384
47,0.021206362999919293,21.206362999919293
48,0.02906837699993048,29.06837699993048
49,0.02783103300021139,27.83103300021139
50,0.021697837000147047,21.697837000147047
51,0.02157394599998952,21.57394599998952
52,0.02639616700002989,26.39616700002989
53,0.022844113000019206,22.844113000019206
54,0.021730363999949986,21.730363999949986
55,0.021576238000079684,21.576238000079684
56,0.02782611599991469,27.82611599991469
57,0.027813977000050727,27.813977000050727
58,0.021532884000180275,21.532884000180275
59,0.02180921900003341,21.80921900003341
60,0.02518703199984884,25.18703199984884
61,0.03435064599989346,34.35064599989346
62,0.02151299399997697,21.51299399997697
63,0.02120684200008327,21.20684200008327
64,0.026168122999933985,26.168122999933985
65,0.026115171999890663,26.115171999890663
66,0.021875126000168166,21.875126000168166
67,0.02145744199992805,21.45744199992805
68,0.03372521100004633,33.72521100004633
69,0.02698260600004687,26.98260600004687
70,0.022050124000088545,22.050124000088545
71,0.021358718999863413,21.358718999863413
72,0.032705254000120476,32.705254000120476
73,0.026930199999924298,26.930199999924298
74,0.021818100000018603,21.818100000018603
75,0.021249138000030143,21.249138000030143
76,0.025001737999900797,25.001737999900797
77,0.029860010999982478,29.860010999982478
78,0.021509302999902502,21.509302999902502
79,0.021373910999955115,21.373910999955115
80,0.026323929000000135,26.323929000000135
81,0.02664541600006487,26.64541600006487
82,0.021829608999951233,21.829608999951233
83,0.021336112999961188,21.336112999961188
84,0.027823525000030713,27.823525000030713
85,0.029133692999948835,29.133692999948835
86,0.021538075000080426,21.538075000080426
87,0.02135529299994232,21.35529299994232
88,0.025866077999808113,25.866077999808113
89,0.02598420200001783,25.98420200001783
90,0.021763936000070316,21.763936000070316
91,0.021301438999898892,21.301438999898892
92,0.02724929400005749,27.24929400005749
93,0.028450256000041918,28.450256000041918
94,0.021623055999953067,21.623055999953067
95,0.021117058000072575,21.117058000072575
96,0.026019268000027296,26.019268000027296
97,0.02257732299995041,22.57732299995041
98,0.021296374000030482,21.296374000030482
99,0.02141819899998154,21.41819899998154
100,0.02835812800003623,28.35812800003623
101,0.03317816899993886,33.17816899993886
102,0.025276202999975794,25.276202999975794
103,0.023937437000085993,23.937437000085993
104,0.029623915000001944,29.623915000001944
105,0.027206842999930814,27.206842999930814
106,0.021928394000042317,21.928394000042317
107,0.021299489000057292,21.299489000057292
108,0.029610544999968624,29.610544999968624
109,0.027155525999887686,27.155525999887686
110,0.021514875999855576,21.514875999855576
111,0.02144821799993224,21.44821799993224
112,0.024715648999972473,24.715648999972473
113,0.030972925000014584,30.972925000014584
114,0.02176005800015446,21.76005800015446
115,0.02132480599993869,21.32480599993869
116,0.02596011900004669,25.96011900004669
117,0.02723450700000285,27.23450700000285
118,0.02367501000003358,23.67501000003358
119,0.024196831999915958,24.196831999915958
120,0.043409949000078996,43.409949000078996
121,0.02598737799985429,25.98737799985429
122,0.021577508000063972,21.577508000063972
123,0.022827413999948476,22.827413999948476
124,0.035079345999974976,35.079345999974976
125,0.025817684999992707,25.817684999992707
126,0.023194215999865264,23.194215999865264
127,0.023947491000171794,23.947491000171794
128,0.034883468999851175,34.883468999851175
129,0.02557538300015949,25.57538300015949
130,0.02193804400008048,21.93804400008048
131,0.02152975800004242,21.52975800004242
132,0.02797625599987441,27.97625599987441
133,0.027521750999994765,27.521750999994765
134,0.021665108999968652,21.665108999968652
135,0.02113140200003727,21.13140200003727
136,0.026013076000026558,26.013076000026558
137,0.023516796000194518,23.516796000194518
138,0.024071606000006796,24.071606000006796
139,0.02177596700016693,21.77596700016693
140,0.02836056199998893,28.36056199998893
141,0.027756044999932783,27.756044999932783
142,0.02271383699985563,22.71383699985563
143,0.02187905599998885,21.87905599998885
144,0.02788533400007509,27.88533400007509
145,0.03102795600011632,31.02795600011632
146,0.022788772000012614,22.788772000012614
147,0.022603893999985303,22.603893999985303
148,0.02956963899987386,29.56963899987386
149,0.027608863000068595,27.608863000068595
150,0.023247855000136042,23.247855000136042
151,0.022537306999993234,22.537306999993234
152,0.02595080199989752,25.95080199989752
153,0.037195687999883376,37.195687999883376
154,0.023505960000193227,23.505960000193227
155,0.022665817000188326,22.665817000188326
156,0.030992121000053885,30.992121000053885
157,0.023927874000037264,23.927874000037264
158,0.023180641000180913,23.180641000180913
159,0.02344953900001201,23.44953900001201
160,0.03355556900010015,33.55556900010015
161,0.024342589000070802,24.342589000070802
162,0.02357430500001101,23.57430500001101
163,0.023266945000159467,23.266945000159467
164,0.027705953000122463,27.705953000122463
165,0.024010728000121162,24.010728000121162
166,0.02360853599998336,23.60853599998336
167,0.02284932099996695,22.84932099996695
168,0.03140186300015557,31.401863000155572
169,0.024325661000148102,24.325661000148102
170,0.023507916000198747,23.507916000198747
171,0.025354915999969307,25.354915999969307
172,0.02843123699994976,28.43123699994976
173,0.023748671000021204,23.748671000021204
174,0.02359600899990255,23.59600899990255
175,0.023074025000141773,23.074025000141773
176,0.03457208500003617,34.57208500003617
177,0.0240468829999827,24.0468829999827
178,0.023500583999975788,23.500583999975788
179,0.02283326599990687,22.83326599990687
180,0.02679998999997224,26.79998999997224
181,0.02445590699994682,24.45590699994682
182,0.02271647399993526,22.71647399993526
183,0.024588552000068375,24.588552000068375
184,0.02985225900010846,29.85225900010846
185,0.02522382100005416,25.22382100005416
186,0.02371043799985273,23.71043799985273
187,0.02329394800017326,23.29394800017326
188,0.03220450799994978,32.20450799994978
189,0.023823819999961415,23.823819999961415
190,0.023602158000130657,23.602158000130657
191,0.02293485200016221,22.93485200016221
192,0.027548610999929224,27.548610999929224
193,0.027506674000051134,27.506674000051134
194,0.02353224500006945,23.53224500006945
195,0.023135053000032713,23.135053000032713
196,0.026351709999971717,26.351709999971717
197,0.02727965100007168,27.27965100007168
198,0.022997575000090364,22.997575000090364
199,0.022634463000031246,22.634463000031246
200,0.030687164000028133,30.687164000028133
201,0.028652134000139995,28.652134000139995
202,0.023805730000049152,23.805730000049152
203,0.023047313000006397,23.047313000006397
204,0.039236044000062975,39.236044000062975
205,0.023949391000087417,23.949391000087417
206,0.023432299000205603,23.432299000205603
207,0.023473101000035967,23.473101000035967
208,0.02668533699988984,26.68533699988984
209,0.03031984799986276,30.31984799986276
210,0.024015313000063543,24.015313000063543
211,0.023134963999837055,23.134963999837055
212,0.02930496899989521,29.30496899989521
213,0.028762268000036784,28.762268000036784
214,0.023828918000162957,23.828918000162957
215,0.022452552999993713,22.452552999993713
216,0.033477694000112024,33.477694000112024
217,0.028720055000121647,28.720055000121647
218,0.02278902099988045,22.78902099988045
219,0.022531053999955475,22.531053999955475
220,0.03319805500018447,33.19805500018447
221,0.025275807000070927,25.275807000070927
222,0.023619850000159204,23.619850000159204
223,0.02314719200012405,23.14719200012405
224,0.03194065400020918,31.94065400020918
225,0.02424916699987989,24.24916699987989
226,0.02381218000004992,23.81218000004992
227,0.023381735000157278,23.381735000157278
228,0.027528659999916272,27.52865999991627
229,0.025228870000091774,25.228870000091774
230,0.023495415999832403,23.495415999832403
231,0.023283734999949957,23.283734999949957
232,0.03232738600013363,32.32738600013363
233,0.023564258999840604,23.564258999840604
234,0.023576453000032416,23.576453000032416
235,0.023143981999965035,23.143981999965035
236,0.02904121399978976,29.04121399978976
237,0.029234414000029574,29.234414000029574
238,0.02289086599989787,22.89086599989787
239,0.022360208000009152,22.360208000009152
240,0.026624535999872023,26.624535999872023
241,0.024209182000049623,24.209182000049623
242,0.023058536000007734,23.058536000007734
243,0.022549396000158595,22.549396000158595
244,0.03115072000014152,31.15072000014152
245,0.025513320999834832,25.513320999834832
246,0.02407901300011872,24.07901300011872
247,0.023355465999884473,23.355465999884473
248,0.02777995400015243,27.77995400015243
249,0.02717299699997966,27.17299699997966
250,0.024024635000159833,24.024635000159833
251,0.022977474000072107,22.977474000072107
252,0.03233984899998177,32.33984899998177
253,0.023836902000084592,23.836902000084592
254,0.024209779999864622,24.209779999864622
255,0.025161729000046762,25.161729000046762
256,0.026770847999841862,26.770847999841862
257,0.031939061000002766,31.939061000002766
258,0.025787145000094824,25.787145000094824
259,0.02314526800000749,23.14526800000749
260,0.031233110000130182,31.233110000130182
261,0.028817272999958732,28.817272999958732
262,0.023259495999809587,23.259495999809587
263,0.022194149000142716,22.194149000142716
264,0.029370838000204458,29.370838000204458
265,0.028231354000126885,28.231354000126885
266,0.022725163999893994,22.725163999893994
267,0.022544300999925326,22.544300999925326
268,0.03015022400018097,30.15022400018097
269,0.028960186999938742,28.960186999938742
270,0.025615340999820546,25.615340999820546
271,0.02342155599990292,23.42155599990292
272,0.02759422199983419,27.59422199983419
273,0.03766735499993956,37.66735499993956
274,0.025419629999987592,25.419629999987592
275,0.023086392000095657,23.086392000095657
276,0.02982349199987766,29.82349199987766
277,0.028610480999986976,28.610480999986976
278,0.02279517799979658,22.79517799979658
279,0.022500998000168693,22.500998000168693
280,0.029647951000015382,29.647951000015382
281,0.028097884000089834,28.097884000089834
282,0.02294711199988342,22.94711199988342
283,0.022494812000104503,22.494812000104503
284,0.030049179000116055,30.049179000116055
285,0.02888946699999906,28.88946699999906
286,0.025858327999912945,25.858327999912945
287,0.02414528799999971,24.14528799999971
288,0.042925596999793925,42.925596999793925
289,0.025710695000043415,25.710695000043415
290,0.023320405000049504,23.320405000049504
291,0.02318129300010696,23.18129300010696
292,0.035362339999892356,35.362339999892356
293,0.029015515000082814,29.015515000082814
294,0.024273906000189527,24.273906000189527
295,0.022629829000152313,22.629829000152313
296,0.02894505300014316,28.94505300014316
297,0.02920522600015829,29.20522600015829
298,0.023053104999917196,23.053104999917196
299,0.022321655000041574,22.321655000041574
300,0.029466545000104816,29.466545000104816
301,0.029625011999996786,29.625011999996786
302,0.027695313000094757,27.695313000094757
303,0.023196741999981896,23.196741999981896
304,0.039892371999940224,39.892371999940224
305,0.024659786999791322,24.659786999791322
306,0.02296265800009678,22.96265800009678
307,0.026373280000143495,26.373280000143495
308,0.03347195399987868,33.47195399987868
309,0.02349057200012794,23.49057200012794
310,0.023099085000012565,23.099085000012565
311,0.022227947999908793,22.227947999908793
312,0.02924404800000957,29.24404800000957
313,0.029499086999976498,29.499086999976498
314,0.02337878000003002,23.37878000003002
315,0.02305660199999693,23.05660199999693
316,0.02973481300000458,29.73481300000458
317,0.028949861000000965,28.949861000000965
318,0.023989798999991763,23.989798999991763
319,0.023512955000114744,23.512955000114744
320,0.04718937600000572,47.18937600000572
321,0.025458617000140293,25.458617000140293
322,0.023405838000144286,23.405838000144286
323,0.022268603999918923,22.268603999918923
324,0.034540251999942484,34.540251999942484
325,0.024676362999798584,24.676362999798584
326,0.023474517000067863,23.474517000067863
327,0.024515874999906373,24.515874999906373
328,0.027560746000062863,27.560746000062863
329,0.02646550400004344,26.46550400004344
330,0.023425176000046122,23.42517600004612
331,0.022742642999901364,22.742642999901364
332,0.03005398100003731,30.05398100003731
333,0.026985093999883247,26.985093999883247
334,0.024982595999972546,24.982595999972546
335,0.022382832000175767,22.382832000175767
336,0.0316535589997784,31.653558999778397
337,0.02458870600003138,24.58870600003138
338,0.023526326000137487,23.526326000137487
339,0.023449650999964433,23.449650999964433
340,0.02754225199987559,27.54225199987559
341,0.026589276000095197,26.589276000095197
342,0.02360388800002511,23.60388800002511
343,0.02321331400003146,23.21331400003146
344,0.13638128499997038,136.38128499997038
345,0.04348358999982338,43.48358999982338
346,0.022927598000023863,22.927598000023863
347,0.022426250999842523,22.426250999842523
348,0.02636795200010056,26.36795200010056
349,0.03220467899996038,32.20467899996038
350,0.023836633999962942,23.83663399996294
351,0.023267955999926926,23.267955999926926
352,0.03537583600018479,35.37583600018479
353,0.028499940000074275,28.499940000074275
354,0.023152679999839165,23.152679999839165
355,0.022585966000178814,22.585966000178814
356,0.03895171500016659,38.95171500016659
357,0.0237431639998249,23.7431639998249
358,0.022895990000051825,22.895990000051825
359,0.02244983700006742,22.44983700006742
360,0.027404728999954386,27.404728999954386
361,0.02391076999992947,23.91076999992947
362,0.024167977000161045,24.167977000161045
363,0.02511236700001973,25.11236700001973
364,0.027484245000096053,27.484245000096053
365,0.030740974000082133,30.740974000082133
366,0.023723063000034017,23.723063000034017
367,0.023466688999860708,23.466688999860708
368,0.029510004999792727,29.510004999792727
369,0.02835913600006279,28.35913600006279
370,0.023819688000003225,23.819688000003225
371,0.023036377000153152,23.036377000153152
372,0.031808986999976696,31.808986999976696
373,0.02968294600009358,29.68294600009358
374,0.023416362000034496,23.416362000034496
375,0.02255984599992189,22.55984599992189
376,0.02977828000007321,29.77828000007321
377,0.028294195999933436,28.294195999933436
378,0.023012320000134423,23.012320000134423
379,0.022488626999802364,22.488626999802364
380,0.03200308899999982,32.00308899999982
381,0.025497005000033823,25.497005000033823
382,0.02402777799989053,24.02777799989053
383,0.02323365000006561,23.23365000006561
384,0.02859730000000127,28.59730000000127
385,0.02700376400002824,27.00376400002824
386,0.023107241999923644,23.107241999923644
387,0.022600942000053692,22.600942000053692
388,0.03108782300000712,31.08782300000712
389,0.024382868000202507,24.382868000202507
390,0.023514922000003935,23.514922000003935
391,0.022590753999793378,22.590753999793378
392,0.03195290300004672,31.952903000046717
393,0.024741857999970307,24.741857999970307
394,0.023927499000137686,23.927499000137686
395,0.02307953399986218,23.07953399986218
396,0.03294364799990035,32.94364799990035
397,0.024353242999950453,24.353242999950453
398,0.023667296999974496,23.667296999974496
399,0.02317747100005363,23.17747100005363
400,0.02862530700008392,28.62530700008392
401,0.02427651900006822,24.27651900006822
402,0.02345691200002875,23.45691200002875
403,0.022639212999820302,22.6392129998203
404,0.027151360000061686,27.151360000061686
405,0.027207432000068366,27.207432000068366
406,0.022996509999984482,22.996509999984482
407,0.022525506999954814,22.525506999954814
408,0.030868141999917498,30.868141999917498
409,0.027852538999923127,27.852538999923127
410,0.023464107999870976,23.464107999870976
411,0.02327445900004932,23.27445900004932
412,0.039058518999809166,39.058518999809166
413,0.02364091100002952,23.64091100002952
414,0.022859100999994553,22.859100999994553
415,0.022605779000059556,22.605779000059556
416,0.025891190000038478,25.891190000038478
417,0.030799051000030886,30.799051000030886
418,0.023799607999990258,23.799607999990258
419,0.023118884000041362,23.118884000041362
420,0.02995091999991928,29.95091999991928
421,0.028793392999887146,28.793392999887146
422,0.023731770000040342,23.731770000040342
423,0.02269640999998046,22.69640999998046
424,0.029256474000021626,29.256474000021626
425,0.027808792000087124,27.808792000087124
426,0.02300661599997511,23.00661599997511
427,0.02255561900005887,22.55561900005887
428,0.028685847999895486,28.685847999895486
429,0.03019888499989065,30.19888499989065
430,0.023700548000078925,23.700548000078925
431,0.022960784999895623,22.960784999895623
432,0.030649057999880824,30.649057999880824
433,0.02794281100000262,27.94281100000262
434,0.023967612000205918,23.967612000205918
435,0.024117772999943554,24.117772999943554
436,0.040943925999954445,40.943925999954445
437,0.023156333000088125,23.156333000088125
438,0.023037233999957607,23.037233999957607
439,0.02264835400001175,22.64835400001175
440,0.028566103999992265,28.566103999992265
441,0.029096636000076614,29.096636000076614
442,0.023005610999916826,23.005610999916826
443,0.02250157699995725,22.50157699995725
444,0.029720128000008117,29.720128000008117
445,0.029082930999948076,29.082930999948076
446,0.023519135000015012,23.519135000015012
447,0.02343866100000014,23.43866100000014
448,0.031579396999859455,31.579396999859455
449,0.02719850499988752,27.19850499988752
450,0.026060574000212,26.060574000212
451,0.02644073000010394,26.44073000010394
452,0.03839408400017419,38.39408400017419
453,0.04597208200016212,45.97208200016212
454,0.029286687999956484,29.286687999956484
455,0.024245385999847713,24.245385999847713
456,0.046864333000030456,46.864333000030456
457,0.025315502000012202,25.315502000012202
458,0.024023579999948197,24.023579999948197
459,0.023269471000048725,23.269471000048725
460,0.03930959200010875,39.30959200010875
461,0.025551092999876346,25.551092999876346
462,0.0243419990001712,24.3419990001712
463,0.02578369799994107,25.78369799994107
464,0.03310302800014142,33.10302800014142
465,0.02940166100006536,29.40166100006536
466,0.023575832999995328,23.575832999995328
467,0.023675460000049497,23.675460000049497
468,0.032613265999998475,32.613265999998475
469,0.026790949999849545,26.790949999849545
470,0.023694543999909,23.694543999909
471,0.02335929900004885,23.35929900004885
472,0.03409247099989443,34.09247099989443
473,0.023748845000000074,23.748845000000074
474,0.022881642000129432,22.881642000129432
475,0.022585761000073035,22.585761000073035
476,0.02853840299985677,28.53840299985677
477,0.023440888999857634,23.440888999857634
478,0.023000681999974404,23.000681999974404
479,0.022453605000009702,22.453605000009702
480,0.03245937800011234,32.45937800011234
481,0.027281245000040144,27.281245000040144
482,0.026510937000011836,26.510937000011836
483,0.023955744999966555,23.955744999966555
484,0.030901849999963815,30.901849999963815
485,0.030792978000135918,30.792978000135918
486,0.023408683000070596,23.408683000070596
487,0.022703315999933693,22.703315999933693
488,0.033121354000059,33.121354000059
489,0.024084909000066546,24.084909000066546
490,0.023060629999918092,23.060629999918092
491,0.023081591999925877,23.081591999925877
492,0.04055106500004513,40.55106500004513
493,0.0242101520000233,24.2101520000233
494,0.023160855000014635,23.160855000014635
495,0.023091204999900583,23.091204999900583
496,0.031419697000046654,31.419697000046654
497,0.0278466480001498,27.8466480001498
498,0.023585079999975278,23.585079999975278
499,0.022784340000043812,22.784340000043812
500,0.030991313999948034,30.991313999948034
501,0.02839024799982326,28.39024799982326
502,0.02339200799997343,23.39200799997343
503,0.023849754000139,23.849754000139
504,0.032997595000097135,32.997595000097135
505,0.024897516999999425,24.897516999999425
506,0.023353608000206805,23.353608000206805
507,0.02306063199989694,23.06063199989694
508,0.03911693500003821,39.11693500003821
509,0.025214987000026667,25.214987000026667
510,0.02291317300000628,22.91317300000628
511,0.022496982999882675,22.496982999882675
512,0.0339822109999659,33.9822109999659
513,0.02834857099992405,28.34857099992405
514,0.023043572999995376,23.043572999995376
515,0.022496712000020125,22.496712000020125
516,0.030018223000070066,30.018223000070066
517,0.028450162999888562,28.450162999888562
518,0.02294952299985198,22.94952299985198
519,0.022557035000090764,22.557035000090764
520,0.030186846999868067,30.186846999868067
521,0.028972308000220437,28.972308000220437
522,0.023962064999977883,23.962064999977883
523,0.023395415000095454,23.395415000095454
524,0.03298120499994184,32.98120499994184
525,0.024596228000064002,24.596228000064002
526,0.022994229999994786,22.994229999994786
527,0.022386345000086294,22.386345000086294
528,0.02894041899980948,28.94041899980948
529,0.023510213000008662,23.51021300000866
530,0.022979850000183433,22.979850000183433
531,0.022726583000121536,22.726583000121536
532,0.03127312299989171,31.27312299989171
533,0.025027680999983204,25.027680999983204
534,0.023614012999814804,23.614012999814804
535,0.023240883999960715,23.240883999960715
536,0.03231305299982523,32.31305299982523
537,0.024007062000009682,24.007062000009682
538,0.023686016000056043,23.686016000056043
539,0.022961747999943327,22.961747999943327
540,0.027847888999986026,27.847888999986026
541,0.026074158000028547,26.074158000028547
542,0.022946432000026107,22.946432000026107
543,0.02267865800013169,22.67865800013169
544,0.03169194399993103,31.691943999931027
545,0.024083672999950068,24.083672999950068
546,0.02365298899985646,23.65298899985646
547,0.02315917700002501,23.15917700002501
548,0.02799576799998249,27.99576799998249
549,0.027319567000176903,27.319567000176903
550,0.023064850000082515,23.064850000082515
551,0.022636503000057928,22.636503000057928
552,0.031101263999971707,31.101263999971707
553,0.02638322000007065,26.38322000007065
554,0.02358732700008659,23.58732700008659
555,0.02334682199989402,23.34682199989402
556,0.028270467000083954,28.270467000083954
557,0.026048163000041313,26.048163000041313
558,0.024762524999914604,24.762524999914604
559,0.022928831000172067,22.928831000172067
560,0.03473360299994965,34.73360299994965
561,0.02436443400006283,24.36443400006283
562,0.023525319000100353,23.525319000100353
563,0.022516811000059533,22.516811000059533
564,0.02752474999988408,27.52474999988408
565,0.02321573700010049,23.21573700010049
566,0.022714659000030224,22.714659000030224
567,0.022651777999953993,22.651777999953993
568,0.03253507899989927,32.53507899989927
569,0.02423529099996813,24.23529099996813
570,0.023632367000118393,23.632367000118393
571,0.023517112000035922,23.517112000035922
572,0.029183337000176834,29.183337000176834
573,0.024290367000048718,24.290367000048718
574,0.023604566999892995,23.604566999892995
575,0.02256650799995441,22.56650799995441
576,0.03134549099991091,31.345490999910908
577,0.0248331610000605,24.8331610000605
578,0.02294562799988853,22.94562799988853
579,0.022610234000012497,22.610234000012497
580,0.03042075600001226,30.42075600001226
581,0.02712563099998988,27.12563099998988
582,0.02494984200006911,24.94984200006911
583,0.024690048999900682,24.690048999900682
584,0.034834590999935244,34.834590999935244
585,0.029186456999923394,29.186456999923394
586,0.023549387999992177,23.549387999992177
587,0.022500410000020565,22.500410000020565
588,0.029402326999843353,29.402326999843353
589,0.02815566399999625,28.15566399999625
590,0.02381377399979101,23.81377399979101
591,0.024394638999865492,24.394638999865492
592,0.02961224399996354,29.61224399996354
593,0.027663681999911205,27.663681999911205
594,0.022884950999923603,22.884950999923603
595,0.02248871799997687,22.48871799997687
596,0.02966036299994812,29.66036299994812
597,0.028829136000013023,28.829136000013023
598,0.023680187000081787,23.680187000081787
599,0.023001369999974486,23.001369999974486
600,0.029819278000104532,29.819278000104532
601,0.032039754999914294,32.039754999914294
602,0.026231793999841102,26.231793999841102
603,0.02274267100006,22.74267100006
604,0.025985251000065546,25.985251000065546
605,0.029587239999955273,29.587239999955273
606,0.023698397999851295,23.698397999851295
607,0.023617887999989762,23.61788799998976
608,0.028739909000023545,28.739909000023545
609,0.028481520000013916,28.481520000013916
610,0.023888097000053676,23.888097000053676
611,0.02314852700010306,23.14852700010306
612,0.028632240999968417,28.632240999968417
613,0.02837595500000134,28.37595500000134
614,0.022550786000010703,22.550786000010703
615,0.022339648999832207,22.339648999832207
616,0.02861419299983936,28.61419299983936
617,0.028372061000027315,28.372061000027315
618,0.026706955999998172,26.706955999998172
619,0.024419448999879023,24.419448999879023
620,0.02691730300011841,26.91730300011841
621,0.036913016999960746,36.913016999960746
622,0.024196011999947586,24.196011999947586
623,0.028192013000079896,28.192013000079896
624,0.03219639500002813,32.19639500002813
625,0.023794192999957886,23.794192999957886
626,0.02335633500001677,23.35633500001677
627,0.02309168200008571,23.09168200008571
628,0.03235378099998343,32.35378099998343
629,0.023583691000112594,23.583691000112594
630,0.023522829999819805,23.522829999819805
631,0.023294182000199726,23.294182000199726
632,0.026804779000030976,26.804779000030976
633,0.027325502000167035,27.325502000167035
634,0.02290418799998406,22.90418799998406
635,0.02240837499994086,22.40837499994086
636,0.03156838900008552,31.568389000085517
637,0.028433878999976514,28.433878999976514
638,0.02349077799999577,23.49077799999577
639,0.022793007000018406,22.793007000018406
640,0.043694196000160446,43.694196000160446
641,0.025940251000065473,25.940251000065473
642,0.024383562999901187,24.383562999901187
643,0.023361547999911636,23.361547999911636
644,0.041732899999942674,41.732899999942674
645,0.023624626000128046,23.624626000128046
646,0.02330886400000054,23.30886400000054
647,0.022149240000089776,22.149240000089776
648,0.03631864399994811,36.31864399994811
649,0.028712942000083785,28.712942000083785
650,0.0242819719999261,24.2819719999261
651,0.023694181999871944,23.694181999871944
652,0.04230325300000004,42.30325300000004
653,0.02525008800012074,25.25008800012074
654,0.023048711000001276,23.048711000001276
655,0.02686257300001671,26.86257300001671
656,0.03376826499993513,33.76826499993513
657,0.025513379999893004,25.513379999893004
658,0.02305206799996995,23.05206799996995
659,0.02243795999993381,22.43795999993381
660,0.03437902900009249,34.37902900009249
661,0.024532712000109314,24.532712000109314
662,0.023411893000002237,23.411893000002237
663,0.023353907000000618,23.353907000000618
664,0.039604959999905986,39.60495999990599
665,0.02428473299983125,24.28473299983125
666,0.022758004000024812,22.758004000024812
667,0.022474107000107324,22.474107000107324
668,0.03323831600005178,33.23831600005178
669,0.0278984040000978,27.8984040000978
670,0.023592261999965558,23.592261999965558
671,0.02221191699982228,22.21191699982228
672,0.030931078000094203,30.931078000094203
673,0.03043636699999297,30.43636699999297
674,0.022641476999979204,22.641476999979204
675,0.022518405000027997,22.518405000027997
676,0.030280750000201806,30.280750000201806
677,0.0272698759999912,27.2698759999912
678,0.0235051019999446,23.5051019999446
679,0.023089970000000903,23.089970000000903
680,0.03137723199984066,31.37723199984066
681,0.023811656000134462,23.811656000134462
682,0.023409108000123524,23.409108000123524
683,0.022859133000110887,22.859133000110887
684,0.033689809000179594,33.689809000179594
685,0.023951737000061257,23.951737000061257
686,0.023268621000170242,23.268621000170242
687,0.022904148999941754,22.904148999941754
688,0.027264642999853095,27.264642999853095
689,0.02653930799988302,26.53930799988302
690,0.022981676999961564,22.981676999961564
691,0.02257450100000824,22.57450100000824
692,0.030921811999860438,30.921811999860438
693,0.027324552999971274,27.324552999971274
694,0.02350276200013468,23.50276200013468
695,0.022879707999891252,22.879707999891252
696,0.03182252300007349,31.822523000073488
697,0.024084872000003088,24.084872000003088
698,0.023254320999967604,23.254320999967604
699,0.02307052800006204,23.07052800006204
700,0.032034725999892544,32.034725999892544
701,0.024368277000121452,24.368277000121452
702,0.022886758999902668,22.886758999902668
703,0.02253470000005109,22.53470000005109
704,0.03188313400005427,31.88313400005427
705,0.025988277999886122,25.988277999886122
706,0.022878538999975717,22.878538999975717
707,0.022503702999983943,22.503702999983943
708,0.040664189999915834,40.664189999915834
709,0.024938208999856215,24.938208999856215
710,0.022696951999932935,22.696951999932935
711,0.02317075099995236,23.17075099995236
712,0.034375201000102606,34.37520100010261
713,0.02765620700006366,27.65620700006366
714,0.022992294999994556,22.992294999994556
715,0.022836138000002393,22.836138000002393
716,0.028812374000153795,28.812374000153795
717,0.028529701999786994,28.529701999786994
718,0.023590186000092217,23.590186000092217
719,0.02279985499990289,22.79985499990289
720,0.029989220000061323,29.989220000061323
721,0.029694500000005064,29.694500000005064
722,0.022770388000026287,22.770388000026287
723,0.022710816999961025,22.710816999961025
724,0.029922958000042854,29.922958000042854
725,0.027851679000150398,27.851679000150398
726,0.022963330000038695,22.963330000038695
727,0.02281128599997828,22.81128599997828
728,0.02998078399991755,29.98078399991755
729,0.02788716299983207,27.88716299983207
730,0.02285686700020051,22.85686700020051
731,0.022808505999819317,22.808505999819317
732,0.030107406000070114,30.107406000070114
733,0.028390099000034752,28.390099000034752
734,0.023382013999935225,23.382013999935225
735,0.02317240800016407,23.17240800016407
736,0.031557156999951985,31.557156999951985
737,0.02354484800002865,23.54484800002865
738,0.023656280999830415,23.656280999830415
739,0.023152067000182797,23.152067000182797
740,0.027180429000054573,27.180429000054573
741,0.027499687000045014,27.499687000045014
742,0.02329989400004706,23.29989400004706
743,0.022328297000058228,22.328297000058228
744,0.029862565000030372,29.862565000030372
745,0.027954849000025206,27.954849000025206
746,0.02272519000007378,22.72519000007378
747,0.022543550999898798,22.543550999898798
748,0.0299938100001782,29.9938100001782
749,0.028803184000025794,28.803184000025794
750,0.02349968200019248,23.49968200019248
751,0.02347663000000466,23.47663000000466
752,0.03138285399995766,31.38285399995766
753,0.02522986300004959,25.22986300004959
754,0.025282859999833818,25.282859999833818
755,0.02287952800020321,22.87952800020321
756,0.034102993000033166,34.102993000033166
757,0.024332944999969186,24.332944999969186
758,0.02320007799994528,23.20007799994528
759,0.023040925000032075,23.040925000032075
760,0.02688424699999814,26.88424699999814
761,0.023163645000067845,23.163645000067845
762,0.02336698600015552,23.36698600015552
763,0.022495871000046463,22.495871000046463
764,0.02936477899993406,29.36477899993406
765,0.027882443999942552,27.882443999942552
766,0.022880032999864852,22.880032999864852
767,0.022420370999952866,22.420370999952866
768,0.024470285999996122,24.470285999996122
769,0.0357757470001161,35.7757470001161
770,0.025581427999895823,25.581427999895823
771,0.02351567199980309,23.51567199980309
772,0.028171397999813053,28.171397999813053
773,0.02339405199995781,23.39405199995781
774,0.023622473999921567,23.622473999921567
775,0.02318617900004938,23.18617900004938
776,0.03170018299988442,31.70018299988442
777,0.023763879999933124,23.763879999933124
778,0.023717878000070414,23.717878000070414
779,0.022718219000125828,22.718219000125828
780,0.031232922000071994,31.232922000071994
781,0.023901776999991853,23.901776999991853
782,0.02320434400007798,23.20434400007798
783,0.023518669000168302,23.518669000168302
784,0.02612341600001855,26.12341600001855
785,0.033041707999927894,33.041707999927894
786,0.026416340999958265,26.416340999958265
787,0.031118360000164103,31.118360000164103
788,0.03824613500000851,38.24613500000851
789,0.030908872999816595,30.908872999816595
790,0.023204439999972237,23.204439999972237
791,0.02308299299988903,23.08299299988903
792,0.03480360599996857,34.80360599996857
793,0.028745879999860335,28.745879999860335
794,0.023980186000017056,23.980186000017056
795,0.025444513999900664,25.444513999900664
796,0.1469008419999227,146.9008419999227
797,0.04140407099998811,41.40407099998811
798,0.02097871099999793,20.97871099999793
799,0.0250381829998787,25.0381829998787
800,0.03503247799994824,35.03247799994824
801,0.027871612999888384,27.871612999888384
802,0.021117704000062076,21.117704000062076
803,0.020690864000016518,20.690864000016518
804,0.02753193100011231,27.53193100011231
805,0.029901621999897543,29.901621999897543
806,0.021578573999931905,21.578573999931905
807,0.02137234599990734,21.37234599990734
808,0.034038462999888,34.038462999888
809,0.02380963099994915,23.80963099994915
810,0.02154198599987467,21.54198599987467
811,0.02094044099999337,20.94044099999337
812,0.029701210999974137,29.701210999974137
813,0.031709068000054685,31.709068000054685
814,0.023184470000160218,23.184470000160218
815,0.02441947900001651,24.41947900001651
816,0.03514822500005721,35.14822500005721
817,0.022265325000034863,22.265325000034863
818,0.022220084000082352,22.220084000082352
819,0.020869146999984878,20.869146999984878
820,0.03831698299995878,38.31698299995878
821,0.02309268399994835,23.09268399994835
822,0.02167548700003863,21.67548700003863
823,0.021509439999817914,21.509439999817914
824,0.030103237000048466,30.103237000048466
825,0.025108689000035156,25.108689000035156
826,0.021833415999935823,21.833415999935823
827,0.0210114409999278,21.0114409999278
828,0.03306782900017424,33.06782900017424
829,0.028266690000009476,28.266690000009476
830,0.020951221999894187,20.951221999894187
831,0.02074117999995906,20.74117999995906
832,0.030185049000010622,30.185049000010622
833,0.027849801000002117,27.849801000002117
834,0.02116493700009414,21.16493700009414
835,0.02084466000019347,20.84466000019347
836,0.03160082599993075,31.60082599993075
837,0.023192441999981384,23.192441999981384
838,0.0220496770000409,22.0496770000409
839,0.02159234100008689,21.59234100008689
840,0.03680916600001183,36.80916600001183
841,0.023130648999995174,23.130648999995174
842,0.021620469000026787,21.620469000026787
843,0.02184856300004867,21.84856300004867
844,0.03246672000000217,32.46672000000217
845,0.02395928400005687,23.95928400005687
846,0.02132147400016038,21.32147400016038
847,0.020905257000094934,20.905257000094934
848,0.030233855999995285,30.233855999995285
849,0.029388036000000284,29.388036000000284
850,0.021468098000013924,21.468098000013924
851,0.020435406999922634,20.435406999922634
852,0.02979256899993743,29.79256899993743
853,0.028111548999959268,28.11154899995927
854,0.021623735000048327,21.623735000048327
855,0.021290289000035045,21.290289000035045
856,0.03289760699999533,32.89760699999533
857,0.029027998999936244,29.027998999936244
858,0.021806856000011976,21.806856000011976
859,0.021632994999890798,21.632994999890798
860,0.030627708999872993,30.627708999872993
861,0.0277437260001534,27.7437260001534
862,0.021386048000067603,21.386048000067603
863,0.020695022000154495,20.695022000154495
864,0.029923560999804977,29.923560999804977
865,0.022219401000029393,22.219401000029393
866,0.02087927899992792,20.87927899992792
867,0.02123617400002331,21.23617400002331
868,0.032989084000064395,32.989084000064395
869,0.027942255999960253,27.942255999960253
870,0.02217216400003963,22.17216400003963
871,0.021356203000095775,21.356203000095775
872,0.032785985000145956,32.785985000145956
873,0.028984694999962812,28.984694999962812
874,0.021209243999919636,21.209243999919636
875,0.02076252500000919,20.76252500000919
876,0.03040630600003169,30.40630600003169
877,0.027641891000030228,27.641891000030228
878,0.021325794999938807,21.325794999938807
879,0.020744935999800873,20.744935999800873
880,0.02686655200000132,26.86655200000132
881,0.02999314599992431,29.99314599992431
882,0.022216850000177146,22.216850000177146
883,0.02177183200001309,21.77183200001309
884,0.034613107000041055,34.613107000041055
885,0.023356609000074968,23.356609000074968
886,0.021570050999798696,21.570050999798696
887,0.021172580000211383,21.172580000211383
888,0.03318398300007175,33.18398300007175
889,0.022789977000002182,22.78997700000218
890,0.021028847000025053,21.028847000025053
891,0.021487629000148445,21.487629000148445
892,0.03268542599994362,32.68542599994362
893,0.027860778999865943,27.860778999865943
894,0.02162173100009568,21.62173100009568
895,0.02125877399998899,21.25877399998899
896,0.03326614799993877,33.26614799993877
897,0.02919562100009898,29.19562100009898
898,0.021200830999987375,21.200830999987375
899,0.020498744999940754,20.498744999940754
900,0.03381283499993515,33.81283499993515
901,0.027878830999952697,27.878830999952697
902,0.022249605000070005,22.249605000070005
903,0.021662379999952464,21.662379999952464
904,0.0324897420000525,32.4897420000525
905,0.028163490999986607,28.163490999986607
906,0.021464856999955373,21.464856999955373
907,0.02078068500009067,20.78068500009067
908,0.030830808000018806,30.830808000018806
909,0.027644098000109807,27.644098000109807
910,0.02139683500013234,21.39683500013234
911,0.02067762399997264,20.67762399997264
912,0.031115803999909986,31.115803999909986
913,0.022096719000046505,22.096719000046505
914,0.020896467000056873,20.896467000056873
915,0.021741033999887804,21.741033999887804
916,0.03249541400009548,32.49541400009548
917,0.032360123999978896,32.360123999978896
918,0.03224319400010245,32.24319400010245
919,0.021479395000142176,21.479395000142176
920,0.03258460600000035,32.58460600000035
921,0.027509113999940382,27.509113999940382
922,0.021280425999975705,21.280425999975705
923,0.025625081000043792,25.625081000043792
924,0.026908963000096264,26.908963000096264
925,0.036487645999841334,36.487645999841334
926,0.02093896299993503,20.93896299993503
927,0.02203388099997028,22.03388099997028
928,0.03856303700013086,38.56303700013086
929,0.023069315999919127,23.069315999919127
930,0.02177969099989241,21.77969099989241
931,0.02125247899994065,21.25247899994065
932,0.034898100000191334,34.898100000191334
933,0.022998070000085136,22.998070000085136
934,0.02179715700003726,21.79715700003726
935,0.03170217499996397,31.702174999963972
936,0.05255600099985713,52.55600099985713
937,0.022051025000109803,22.051025000109803
938,0.020863096999846675,20.863096999846675
939,0.02068039799996768,20.68039799996768
940,0.02711654700010513,27.11654700010513
941,0.03126780599995982,31.26780599995982
942,0.02259938600013811,22.59938600013811
943,0.02167929000006552,21.67929000006552
944,0.025703592999889224,25.703592999889224
945,0.032522206999828995,32.522206999828995
946,0.021770433000028788,21.77043300002879
947,0.020539957999972103,20.539957999972103
948,0.029130307000059474,29.130307000059474
949,0.02155279800012977,21.55279800012977
950,0.021154066999997667,21.154066999997667
951,0.02126526200004264,21.26526200004264
952,0.033799778000002334,33.799778000002334
953,0.03135933599992313,31.359335999923132
954,0.02937550500018915,29.37550500018915
955,0.025584094999885565,25.584094999885565
956,0.029613726999969003,29.613726999969003
957,0.0263952259999769,26.3952259999769
958,0.02262093200010895,22.62093200010895
959,0.021346287000142183,21.346287000142183
960,0.03242221300001802,32.42221300001802
961,0.027773412999977154,27.773412999977154
962,0.02114041099980568,21.14041099980568
963,0.021575375000111308,21.575375000111308
964,0.032595671999843034,32.595671999843034
965,0.027287490999924557,27.287490999924557
966,0.021254330000147093,21.254330000147093
967,0.020925923000049806,20.925923000049806
968,0.030806987999994817,30.806987999994817
969,0.02814248200002112,28.14248200002112
970,0.02195825200010404,21.95825200010404
971,0.02809947600007945,28.09947600007945
972,0.03365418899988981,33.65418899988981
973,0.027302018000000317,27.302018000000317
974,0.021151582000129565,21.151582000129565
975,0.020638262999909784,20.638262999909784
976,0.030725486999926943,30.725486999926943
977,0.027677693999976327,27.677693999976327
978,0.02160465200017825,21.60465200017825
979,0.0209631459999855,20.9631459999855
980,0.026800654999988183,26.800654999988183
981,0.030694633000166505,30.694633000166505
982,0.021842051000021456,21.842051000021456
983,0.021150884000007864,21.150884000007864
984,0.043559617000028084,43.559617000028084
985,0.032043241000110356,32.043241000110356
986,0.021318627000027845,21.318627000027845
987,0.02121073599982992,21.21073599982992
988,0.033528031999821906,33.528031999821906
989,0.022358648000135872,22.358648000135872
990,0.02115142200000264,21.15142200000264
991,0.020712023999976736,20.712023999976736
992,0.03255457899990688,32.55457899990688
993,0.02341338899987022,23.41338899987022
994,0.02256555600001775,22.56555600001775
995,0.02107702199987216,21.07702199987216
996,0.03281662399990637,32.81662399990637
997,0.028143663000037122,28.143663000037122
998,0.02169556100011505,21.69556100011505
999,0.021127167000031477,21.127167000031477
1000,0.0322912639999231,32.2912639999231
1001,0.02802713500000209,28.02713500000209
1002,0.021793498000079126,21.793498000079126
1003,0.02102911699989818,21.02911699989818
1004,0.03042956000012964,30.42956000012964
1005,0.028365281000105824,28.365281000105824
1006,0.021308591999968485,21.308591999968485
1007,0.021212855000158015,21.212855000158015
1008,0.03003470999988167,30.03470999988167
1009,0.029427418000068428,29.42741800006843
1010,0.02206351499989978,22.06351499989978
1011,0.021314033999942694,21.314033999942694
1012,0.02835180700003548,28.35180700003548
1013,0.02767023799992785,27.67023799992785
1014,0.021329038999965633,21.329038999965633
1015,0.02083779099984895,20.83779099984895
1016,0.03749364500004049,37.49364500004049
1017,0.025511365000056685,25.511365000056685
1018,0.021736546000056478,21.736546000056478
1019,0.021073419999993348,21.073419999993348
1020,0.02977530999987721,29.77530999987721
1021,0.022809053999935713,22.809053999935713
1022,0.021443340999894644,21.443340999894644
1023,0.020969496999896364,20.969496999896364
1024,0.03232363699999041,32.32363699999041
1025,0.027733799999850817,27.733799999850817
1026,0.02131155300003229,21.31155300003229
1027,0.021390910000036456,21.390910000036456
1028,0.03072479899992686,30.72479899992686
1029,0.02764996800010522,27.64996800010522
1030,0.021631342999853587,21.631342999853587
1031,0.021424647999992885,21.424647999992885
1032,0.031188350000093124,31.188350000093124
1033,0.02846495800008597,28.46495800008597
1034,0.02164462500013542,21.64462500013542
1035,0.021477792000041518,21.477792000041518
1036,0.03247742400003517,32.47742400003517
1037,0.02167431500015482,21.67431500015482
1038,0.021408147999864013,21.408147999864013
1039,0.020814122999809115,20.814122999809115
1040,0.032167110000045795,32.167110000045795
1041,0.02739753500009101,27.39753500009101
1042,0.021469976000162205,21.469976000162205
1043,0.02060419899999033,20.60419899999033
1044,0.03046919100006562,30.46919100006562
1045,0.029023318000099607,29.023318000099607
1046,0.023090916000001016,23.090916000001016
1047,0.021609829999988506,21.609829999988506
1048,0.0321409840000797,32.1409840000797
1049,0.027515292000089175,27.515292000089175
1050,0.02138680200005183,21.38680200005183
1051,0.02102842299996155,21.02842299996155
1052,0.0352382939997824,35.2382939997824
1053,0.028194889999895167,28.194889999895167
1054,0.021732484999802182,21.732484999802182
1055,0.021179755000048317,21.179755000048317
1056,0.036491565999995146,36.491565999995146
1057,0.027926355000090552,27.926355000090552
1058,0.021036408000099982,21.036408000099982
1059,0.020700573999874905,20.700573999874905
1060,0.03040532899990467,30.40532899990467
1061,0.02840864699987833,28.40864699987833
1062,0.021318696000207638,21.318696000207638
1063,0.02117231400006858,21.17231400006858
1064,0.02982262999989871,29.82262999989871
1065,0.02897700700009409,28.97700700009409
1066,0.021953389000145762,21.953389000145762
1067,0.02188359000001583,21.88359000001583
1068,0.031097534999844356,31.097534999844356
1069,0.0286163260000194,28.6163260000194
1070,0.02150971900005061,21.50971900005061
1071,0.021749888999920586,21.749888999920586
1072,0.027330133000077694,27.330133000077694
1073,0.028779428999996526,28.779428999996526
1074,0.02148053899986735,21.48053899986735
1075,0.02092857799993908,20.92857799993908
1076,0.037420674000031795,37.420674000031795
1077,0.022701670000060403,22.701670000060403
1078,0.0217331489998287,21.7331489998287
1079,0.0210080309998375,21.0080309998375
1080,0.03781101800018405,37.81101800018405
1081,0.022960174999980154,22.960174999980154
1082,0.02178803899982995,21.78803899982995
1083,0.02128560699998161,21.28560699998161
1084,0.034567072000072585,34.567072000072585
1085,0.02574840200009021,25.74840200009021
1086,0.022085665000076915,22.085665000076915
1087,0.021255182000004424,21.255182000004424
1088,0.03682867299994541,36.82867299994541
1089,0.023196647000077064,23.196647000077064
1090,0.021665036000058535,21.665036000058535
1091,0.021052024000027814,21.052024000027814
1092,0.03402449800000795,34.02449800000795
1093,0.02244605100008812,22.44605100008812
1094,0.020994210000026214,20.994210000026214
1095,0.020786971000006815,20.786971000006815
1096,0.03205459400010113,32.05459400010113
1097,0.028635252999947625,28.635252999947625
1098,0.02178067399995598,21.78067399995598
1099,0.021290840000119715,21.290840000119715
1100,0.03195355599996219,31.95355599996219
1101,0.028420475000075385,28.420475000075385
1102,0.021228845999985424,21.228845999985424
1103,0.020723810999925263,20.723810999925263
1104,0.03036797300001126,30.36797300001126
1105,0.0279740620001121,27.9740620001121
1106,0.020882923999806735,20.882923999806735
1107,0.026588070999878255,26.588070999878255
1108,0.04420392799988804,44.20392799988804
1109,0.031336584999962724,31.336584999962724
1110,0.02183936000005815,21.83936000005815
1111,0.02116488000001482,21.16488000001482
1112,0.0330447250000816,33.0447250000816
1113,0.028482944999950632,28.482944999950632
1114,0.02157649500009029,21.57649500009029
1115,0.020250847999932375,20.250847999932375
1116,0.02998279000007642,29.98279000007642
1117,0.027736272999845824,27.736272999845824
1118,0.021342405000041254,21.342405000041254
1119,0.022747467000044708,22.747467000044708
1120,0.027739301999872623,27.739301999872623
1121,0.04576216600003136,45.76216600003136
1122,0.025393131000100766,25.393131000100766
1123,0.025948727000013605,25.948727000013605
1124,0.043719819999978426,43.71981999997843
1125,0.04696995900008005,46.96995900008005
1126,0.025982517999864285,25.982517999864285
1127,0.025427001000025484,25.427001000025484
1128,0.04149090900000374,41.49090900000374
1129,0.025645610999845303,25.645610999845303
1130,0.023527231999878495,23.527231999878495
1131,0.023238304999949833,23.238304999949833
1132,0.039428464000138774,39.428464000138774
1133,0.029203040000084002,29.203040000084002
1134,0.025830433999999514,25.830433999999514
1135,0.023950992000209226,23.950992000209226
1136,0.03547993699999097,35.47993699999097
1137,0.02455497899995862,24.55497899995862
1138,0.02363528099999712,23.63528099999712
1139,0.02299221399994167,22.99221399994167
1140,0.027169664999973975,27.169664999973975
1141,0.03394370099999833,33.94370099999833
1142,0.022989284000004773,22.989284000004773
1143,0.022978207000051043,22.978207000051043
1144,0.04455399799985571,44.55399799985571
1145,0.025874921000195172,25.874921000195172
1146,0.023237288000018452,23.237288000018452
1147,0.02308349999998427,23.08349999998427
1148,0.04718725399993673,47.18725399993673
1149,0.023585786000012376,23.585786000012376
1150,0.02301951899994492,23.01951899994492
1151,0.022451431999797933,22.451431999797933
1152,0.0280528000000686,28.0528000000686
1153,0.027752323999948203,27.752323999948203
1154,0.023618624000164345,23.618624000164345
1155,0.0233744970000771,23.3744970000771
1156,0.02709570199999689,27.09570199999689
1157,0.034635678999848096,34.635678999848096
1158,0.023763129999906596,23.763129999906596
1159,0.022550872000010713,22.550872000010713
1160,0.028664812999977585,28.664812999977585
1161,0.028663734000019758,28.66373400001976
1162,0.023049180000043634,23.049180000043634
1163,0.022536657000046034,22.536657000046034
1164,0.02879176900000857,28.79176900000857
1165,0.028979366999919876,28.979366999919876
1166,0.022926542000050176,22.926542000050176
1167,0.02249912799993581,22.49912799993581
1168,0.02976011999999173,29.76011999999173
1169,0.029142856000134998,29.142856000134998
1170,0.02404134200014596,24.04134200014596
1171,0.023182720000022528,23.182720000022528
1172,0.030344993999960934,30.344993999960934
1173,0.028836637000040355,28.836637000040355
1174,0.022973314000182654,22.973314000182654
1175,0.02228007600001547,22.28007600001547
1176,0.031563927999968655,31.563927999968655
1177,0.025508860999934768,25.508860999934768
1178,0.023685128000124678,23.685128000124678
1179,0.023156721000077596,23.156721000077596
1180,0.03131133000010777,31.311330000107773
1181,0.025185103000012532,25.185103000012532
1182,0.023207769999999073,23.207769999999073
1183,0.022518117999879905,22.518117999879905
1184,0.028983628000105455,28.983628000105455
1185,0.024659822999865355,24.659822999865355
1186,0.023972377000063716,23.972377000063716
1187,0.02307446500003607,23.07446500003607
1188,0.027900831999886577,27.900831999886577
1189,0.02785091099985948,27.85091099985948
1190,0.02322517099992183,23.22517099992183
1191,0.02268950099983158,22.68950099983158
1192,0.031601214999909644,31.601214999909644
1193,0.02408471700005066,24.08471700005066
1194,0.023644322999871292,23.644322999871292
1195,0.023444919999974445,23.444919999974445
1196,0.033164622999947824,33.164622999947824
1197,0.023970664999978908,23.970664999978908
1198,0.023391946999936408,23.39194699993641
1199,0.02220422499999586,22.20422499999586
1200,0.027202321999993728,27.20232199999373
1201,0.026815893999810214,26.815893999810214
1202,0.02331935600000179,23.31935600000179
1203,0.023221075000037672,23.221075000037672
1204,0.03212766000001466,32.12766000001466
1205,0.024085001999992528,24.085001999992528
1206,0.023959623999871837,23.959623999871837
1207,0.023091047999969305,23.091047999969305
1208,0.027855649000002813,27.855649000002813
1209,0.0260170400001698,26.0170400001698
1210,0.023114583000051425,23.114583000051425
1211,0.02262248500005626,22.62248500005626
1212,0.031261075000202254,31.261075000202254
1213,0.024357151000003796,24.357151000003796
1214,0.024320419000105176,24.320419000105176
1215,0.02260340699990593,22.60340699990593
1216,0.023699120999935985,23.699120999935985
1217,0.0818388390000564,81.8388390000564
1218,0.08842065699991508,88.42065699991508
1219,0.04318963699984124,43.18963699984124
1220,0.03420224600017718,34.20224600017718
1221,0.023460139000007985,23.460139000007985
1222,0.023442136000085156,23.442136000085156
1223,0.02302435299998251,23.02435299998251
1224,0.026857235000079527,26.857235000079527
1225,0.03272368299985828,32.72368299985828
1226,0.023522183000068253,23.522183000068253
1227,0.023070090999908643,23.070090999908643
1228,0.028427973999896494,28.427973999896494
1229,0.02894959100012784,28.94959100012784
1230,0.023038446999862572,23.038446999862572
1231,0.022532506000061403,22.532506000061403
1232,0.027868514999909166,27.868514999909166
1233,0.030561777999992046,30.561777999992046
1234,0.023516314000062266,23.516314000062266
1235,0.022314649000009013,22.314649000009013
1236,0.03128499300009935,31.284993000099348
1237,0.028203506000181733,28.203506000181733
1238,0.02342287999999826,23.42287999999826
1239,0.02324851900016256,23.24851900016256
1240,0.030983130000095116,30.983130000095116
1241,0.028938966000168875,28.938966000168875
1242,0.023796519999905286,23.796519999905286
1243,0.02490847100011706,24.90847100011706
1244,0.027316482999822256,27.316482999822256
1245,0.026050192999946375,26.050192999946375
1246,0.02311205399996652,23.11205399996652
1247,0.02234274100010225,22.34274100010225
1248,0.031129039000006742,31.129039000006742
1249,0.02831702799994673,28.31702799994673
1250,0.024200161000180742,24.200161000180742
1251,0.024742650000007416,24.742650000007416
1252,0.03411538099999234,34.11538099999234
1253,0.02391971499991996,23.91971499991996
1254,0.02375648799988994,23.75648799988994
1255,0.022495600999945964,22.495600999945964
1256,0.025923432999888973,25.923432999888973
1257,0.03169895099995301,31.698950999953013
1258,0.02376518699998087,23.76518699998087
1259,0.022354855000003226,22.354855000003226
1260,0.03584662899993418,35.84662899993418
1261,0.029453160000002754,29.453160000002754
1262,0.023680019000039465,23.680019000039465
1263,0.023223515999916344,23.223515999916344
1264,0.03630268899996736,36.30268899996736
1265,0.02391346399986105,23.91346399986105
1266,0.023474301000078412,23.474301000078412
1267,0.025318535999986125,25.318535999986125
1268,0.039942086000110066,39.942086000110066
1269,0.02673552699980064,26.73552699980064
1270,0.022758400999919104,22.758400999919104
1271,0.02285590599990428,22.85590599990428
1272,0.040507029000082184,40.507029000082184
1273,0.024351205000129994,24.351205000129994
1274,0.023093653999922026,23.093653999922026
1275,0.023463092999918445,23.463092999918445
1276,0.027762834999975894,27.762834999975894
1277,0.028998128000012002,28.998128000012002
1278,0.02314018899983239,23.14018899983239
1279,0.022666636999929324,22.666636999929324
1280,0.028740713999923173,28.740713999923173
1281,0.029231337000055646,29.231337000055646
1282,0.02404497700013053,24.04497700013053
1283,0.02283950600008211,22.83950600008211
1284,0.02964033900002505,29.64033900002505
1285,0.028757000000041444,28.757000000041444
1286,0.02512686699992628,25.12686699992628
1287,0.0240603430002011,24.0603430002011
1288,0.04682605499988313,46.82605499988313
1289,0.024535821999961627,24.535821999961627
1290,0.034460868999985905,34.460868999985905
1291,0.022662553999907686,22.662553999907686
1292,0.04057128699992063,40.57128699992063
1293,0.024806826000030924,24.806826000030924
1294,0.02266212400013501,22.66212400013501
1295,0.02255934699996942,22.55934699996942
1296,0.0300137110000378,30.0137110000378
1297,0.02807588200016653,28.07588200016653
1298,0.022754774999839356,22.754774999839356
1299,0.022628066999914154,22.628066999914154
1300,0.029934265000065352,29.934265000065352
1301,0.029072349999978542,29.07234999997854
1302,0.02503763100003198,25.03763100003198
1303,0.0236956779999673,23.6956779999673
1304,0.028165547000071456,28.165547000071456
1305,0.023909922000029837,23.909922000029837
1306,0.023280537000118784,23.280537000118784
1307,0.023696311999856334,23.696311999856334
1308,0.02940430499984359,29.40430499984359
1309,0.024817321999989872,24.817321999989872
1310,0.022918869000022823,22.918869000022823
1311,0.022644185999979527,22.644185999979527
1312,0.0301767139999356,30.1767139999356
1313,0.028043489000083355,28.043489000083355
1314,0.023021169000003283,23.021169000003283
1315,0.02304808500002764,23.04808500002764
1316,0.0458524440000474,45.8524440000474
1317,0.025180998999985604,25.180998999985604
1318,0.023666468000101304,23.666468000101304
1319,0.02336184000000685,23.36184000000685
1320,0.03159293299995625,31.592932999956247
1321,0.02475299200000336,24.75299200000336
1322,0.023116335999930016,23.116335999930016
1323,0.02261229300006562,22.61229300006562
1324,0.0325414430001274,32.5414430001274
1325,0.023868776999961483,23.868776999961483
1326,0.023549454000203696,23.549454000203696
1327,0.023305519000132335,23.305519000132335
1328,0.03367708800010405,33.67708800010405
1329,0.02439032400002361,24.39032400002361
1330,0.023729967999997825,23.729967999997825
1331,0.022962296000059723,22.962296000059723
1332,0.027285383999924306,27.285383999924306
1333,0.0243596290001733,24.3596290001733
1334,0.02279398299992863,22.79398299992863
1335,0.02253747600002498,22.53747600002498
1336,0.030090160999861837,30.090160999861837
1337,0.027658502000122098,27.6585020001221
1338,0.023055643000134296,23.055643000134296
1339,0.022616931000129625,22.616931000129625
1340,0.031968235000022105,31.968235000022105
1341,0.026029774999869915,26.029774999869915
1342,0.023884262000137824,23.884262000137824
1343,0.023068908999903215,23.068908999903215
1344,0.0341895620001651,34.1895620001651
1345,0.024285159999863026,24.285159999863026
1346,0.023366647999864654,23.366647999864654
1347,0.023401628999863533,23.401628999863533
1348,0.036023534999912954,36.023534999912954
1349,0.024250620999964667,24.250620999964667
1350,0.023523435999777575,23.523435999777575
1351,0.02309643299986419,23.09643299986419
1352,0.028578425999967294,28.578425999967294
1353,0.028715049000084036,28.715049000084036
1354,0.023130648999995174,23.130648999995174
1355,0.022519118999980492,22.519118999980492
1356,0.029137736000166115,29.137736000166115
1357,0.028678548000016235,28.678548000016235
1358,0.023242917999823476,23.242917999823476
1359,0.022670592000167744,22.670592000167744
1360,0.029310072000043874,29.310072000043874
1361,0.028893027000094662,28.893027000094662
1362,0.024040659999855052,24.040659999855052
1363,0.02328676699994503,23.28676699994503
1364,0.030855486000064047,30.855486000064047
1365,0.02860230400006003,28.60230400006003
1366,0.02310289299998658,23.10289299998658
1367,0.02241978899996866,22.41978899996866
1368,0.029478261999884126,29.478261999884126
1369,0.02829617700012932,28.29617700012932
1370,0.022933160000093267,22.933160000093267
1371,0.022803922000093735,22.803922000093735
1372,0.029743565999979182,29.743565999979182
1373,0.029251815999941755,29.251815999941755
1374,0.023034157999973104,23.034157999973104
1375,0.022867962999953306,22.867962999953306
1376,0.030274638000037157,30.274638000037157
1377,0.02869794200000797,28.69794200000797
1378,0.02374218199997813,23.74218199997813
1379,0.02310540000007677,23.10540000007677
1380,0.033186542999828816,33.186542999828816
1381,0.024335738999980094,24.335738999980094
1382,0.02400117299998783,24.00117299998783
1383,0.022932084000103714,22.932084000103714
1384,0.026982885999814243,26.982885999814243
1385,0.02531998999984353,25.31998999984353
1386,0.02301346400008697,23.01346400008697
1387,0.02288339200003975,22.88339200003975
1388,0.02992898200000127,29.92898200000127
1389,0.02883481000003485,28.83481000003485
1390,0.023142418000134057,23.142418000134057
1391,0.022636535999936314,22.636535999936314
1392,0.030933794000020498,30.933794000020498
1393,0.0245519449999847,24.5519449999847
1394,0.022745267000118474,22.745267000118474
1395,0.022792654999875595,22.792654999875595
1396,0.030648722000023554,30.648722000023554
1397,0.026741849000018192,26.741849000018192
1398,0.02359937100004572,23.59937100004572
1399,0.023261958999910348,23.261958999910348
1400,0.03373677800004771,33.73677800004771
1401,0.024004622999882486,24.004622999882486
1402,0.023677094999811743,23.677094999811743
1403,0.0227590079998663,22.7590079998663
1404,0.025399906000075134,25.399906000075134
1405,0.03295155899991187,32.95155899991187
1406,0.024500991999957478,24.500991999957478
1407,0.022600768999836873,22.600768999836873
1408,0.026056875999984186,26.056875999984186
1409,0.03315682600009495,33.15682600009495
1410,0.02304277899997942,23.04277899997942
1411,0.02287985199996001,22.87985199996001
1412,0.026910167000096408,26.910167000096408
1413,0.02972987499992996,29.72987499992996
1414,0.02370185999984642,23.70185999984642
1415,0.022819287999936932,22.819287999936932
1416,0.02924995700004729,29.24995700004729
1417,0.02927999300004558,29.27999300004558
1418,0.023248126999988017,23.248126999988017
1419,0.0231877539999914,23.1877539999914
1420,0.029687921999993705,29.687921999993705
1421,0.02864016199987418,28.64016199987418
1422,0.023186779999832652,23.186779999832652
1423,0.02278560800004925,22.78560800004925
1424,0.02326331599988407,23.26331599988407
1425,0.03182967599991571,31.829675999915708
1426,0.0236384109998653,23.6384109998653
1427,0.022692110999969373,22.692110999969373
1428,0.028641409000101703,28.641409000101703
1429,0.0292304110000714,29.2304110000714
1430,0.02362220999998499,23.62220999998499
1431,0.023230748000059975,23.230748000059975
1432,0.030005024000047342,30.005024000047342
1433,0.028642060000038327,28.642060000038327
1434,0.023194961000172043,23.194961000172043
1435,0.023866880000014135,23.866880000014135
1436,0.047204264999891166,47.204264999891166
1437,0.02450117299986232,24.50117299986232
1438,0.02395375200012495,23.95375200012495
1439,0.02252674700002899,22.52674700002899
1440,0.03002365199995438,30.02365199995438
1441,0.02804423499992481,28.04423499992481
1442,0.02379701700010628,23.79701700010628
1443,0.023280909000050087,23.280909000050087
1444,0.025567117000036887,25.567117000036887
1445,0.03373887599991576,33.73887599991576
1446,0.02388998200012793,23.88998200012793
1447,0.022791792999896643,22.791792999896643
1448,0.028261776000135796,28.261776000135796
1449,0.023852589999933116,23.852589999933116
1450,0.02337041400005546,23.37041400005546
1451,0.023775365000119564,23.775365000119564
1452,0.04401325799994993,44.01325799994993
1453,0.028476287999865235,28.476287999865235
1454,0.02708479099987926,27.08479099987926
1455,0.024197642999979507,24.197642999979507
1456,0.041482567000002746,41.482567000002746
1457,0.02470158599999195,24.70158599999195
1458,0.027165459999878294,27.165459999878294
1459,0.02488040999992336,24.88040999992336
1460,0.04676255100002891,46.76255100002891
1461,0.026212623999981588,26.212623999981588
1462,0.023360546000049,23.360546000049
1463,0.022509771999921213,22.509771999921213
1464,0.029525403999969058,29.525403999969058
1465,0.0231800240001121,23.1800240001121
1466,0.02265639199981706,22.65639199981706
1467,0.022527889000002688,22.527889000002688
1468,0.030411761000095794,30.411761000095794
1469,0.026158970999858866,26.158970999858866
1470,0.025433451000026253,25.433451000026253
1471,0.022642686999915895,22.642686999915895
1472,0.04151859000012337,41.51859000012337
1473,0.02371895500004939,23.71895500004939
1474,0.023970684999994774,23.970684999994774
1475,0.023092991000112306,23.092991000112306
1476,0.031745778999948016,31.745778999948016
1477,0.02860825199991268,28.60825199991268
1478,0.023306371999979092,23.306371999979092
1479,0.022668983000130538,22.668983000130538
1480,0.031549033999908715,31.549033999908715
1481,0.0268966090000049,26.8966090000049
1482,0.024306577999823276,24.306577999823276
1483,0.026964637999981278,26.964637999981278
1484,0.037605090000170094,37.605090000170094
1485,0.024013925999952335,24.013925999952335
1486,0.022712558999955945,22.712558999955945
1487,0.022392803999991884,22.392803999991884
1488,0.03411023800003932,34.11023800003932
1489,0.028140313999983846,28.140313999983846
1490,0.022729685999820504,22.729685999820504
1491,0.023150935000103345,23.150935000103345
1492,0.031877238999868496,31.877238999868496
1493,0.02868508500000644,28.68508500000644
1494,0.02375900299989553,23.75900299989553
1495,0.023312114999953337,23.312114999953337
1496,0.03430012700005136,34.30012700005136
1497,0.023832995000020674,23.832995000020674
1498,0.023396518000026845,23.396518000026845
1499,0.02298013099994023,22.98013099994023
1500,0.028755008999951315,28.755008999951315
1501,0.024568502000192893,24.568502000192893
1502,0.024413278999873,24.413278999873
1503,0.02274951399999736,22.74951399999736
1504,0.028271961999962514,28.271961999962514
1505,0.026295805000017936,26.295805000017936
1506,0.023477642999978343,23.477642999978343
1507,0.023080333000052633,23.080333000052633
1508,0.02938798700006373,29.38798700006373
1509,0.024754282000003514,24.754282000003514
1510,0.023463183999865578,23.463183999865578
1511,0.022570397999970737,22.570397999970737
1512,0.03842969400011498,38.42969400011498
1513,0.022996336000005613,22.996336000005613
1514,0.023218474000032074,23.218474000032074
1515,0.023021355999844673,23.021355999844673
1516,0.026709364999987883,26.709364999987883
1517,0.02969473600001038,29.69473600001038
1518,0.02364729099986107,23.64729099986107
1519,0.02308453799992094,23.08453799992094
1520,0.030568768999955864,30.568768999955864
1521,0.028829643000108263,28.829643000108263
1522,0.023946900000055393,23.946900000055393
1523,0.022392278000097576,22.392278000097576
1524,0.029373415999998542,29.373415999998542
1525,0.029257041999926514,29.257041999926514
1526,0.022628467000004093,22.628467000004093
1527,0.022849663999977565,22.849663999977565
1528,0.029562256000190246,29.562256000190246
1529,0.028070284000023094,28.070284000023094
1530,0.022798509000040212,22.798509000040212
1531,0.022711991000051057,22.711991000051057
1532,0.02872970099997474,28.72970099997474
1533,0.028182062000041697,28.182062000041697
1534,0.023769414000071265,23.769414000071265
1535,0.0230612039999869,23.0612039999869
1536,0.030785940999976447,30.785940999976447
1537,0.02859133199990538,28.59133199990538
1538,0.022751320999987,22.751320999987
1539,0.02280198800008293,22.80198800008293
1540,0.030847115999904418,30.847115999904418
1541,0.025342197000099986,25.342197000099986
1542,0.023992000999896845,23.992000999896845
1543,0.023036215000047378,23.036215000047378
1544,0.031595096000046397,31.595096000046397
1545,0.023898594999991474,23.898594999991474
1546,0.02338183699998808,23.38183699998808
1547,0.022388327000044228,22.388327000044228
1548,0.0318477509999866,31.8477509999866
1549,0.02392121999992014,23.92121999992014
1550,0.02343180899993058,23.43180899993058
1551,0.023051128000133758,23.051128000133758
1552,0.027251386999978422,27.251386999978422
1553,0.02718839800013484,27.18839800013484
1554,0.02286449000007451,22.86449000007451
1555,0.022736580000128015,22.736580000128015
1556,0.03161259900002733,31.61259900002733
1557,0.027022956000109843,27.022956000109843
1558,0.023129060999963258,23.129060999963258
1559,0.023002132999863534,23.002132999863534
1560,0.030029176999960328,30.029176999960328
1561,0.028659010999945167,28.659010999945167
1562,0.02306835600006707,23.06835600006707
1563,0.022609198000054676,22.609198000054676
1564,0.02544250699997974,25.44250699997974
1565,0.03232894099983241,32.32894099983241
1566,0.023896731000149884,23.896731000149884
1567,0.023408389999985957,23.408389999985957
1568,0.036686550000013085,36.686550000013085
1569,0.024514715000123033,24.514715000123033
1570,0.02345177400002285,23.45177400002285
1571,0.022777091999842014,22.777091999842014
1572,0.03148399699989568,31.48399699989568
1573,0.028485488999876907,28.485488999876907
1574,0.023517265999998926,23.517265999998926
1575,0.022893950000025143,22.893950000025143
1576,0.03031255299993063,30.31255299993063
1577,0.027874474999862286,27.874474999862286
1578,0.023208401000147205,23.208401000147205
1579,0.02257093100001839,22.57093100001839
1580,0.03134218500008501,31.34218500008501
1581,0.028115565000007336,28.115565000007336
1582,0.024184553999930358,24.18455399993036
1583,0.02365814799986765,23.65814799986765
1584,0.04283743699988918,42.83743699988918
1585,0.03233135899995432,32.33135899995432
1586,0.02306896800018876,23.06896800018876
1587,0.02285068800006229,22.85068800006229
1588,0.028132393999840133,28.132393999840133
1589,0.024797018000072057,24.797018000072057
1590,0.02281905299992104,22.81905299992104
1591,0.022415291000015714,22.415291000015714
1592,0.032714861000158635,32.714861000158635
1593,0.025126860000000306,25.126860000000306
1594,0.023548630000050252,23.548630000050252
1595,0.023108384000124715,23.108384000124715
1596,0.03966177699999207,39.66177699999207
1597,0.02326005999998415,23.26005999998415
1598,0.022700623999980962,22.700623999980962
1599,0.022405040000194276,22.405040000194276
1600,0.02819373500005895,28.19373500005895
1601,0.03344527400008701,33.44527400008701
1602,0.024986461000025884,24.986461000025884
1603,0.025569281999878513,25.569281999878513
1604,0.033338243999878614,33.338243999878614
1605,0.024247419000175796,24.247419000175796
1606,0.023345709000068382,23.345709000068382
1607,0.02277293500014821,22.77293500014821
1608,0.027549816999908217,27.549816999908217
1609,0.02374061199998323,23.74061199998323
1610,0.02330081699983566,23.30081699983566
1611,0.023217643999942084,23.217643999942084
1612,0.03207331899989185,32.07331899989185
1613,0.024517853000133982,24.517853000133982
1614,0.023409340999933193,23.409340999933193
1615,0.023492303000011816,23.492303000011816
1616,0.02816912200000843,28.16912200000843
1617,0.022948240999994596,22.948240999994596
1618,0.023046277000048576,23.046277000048576
1619,0.022336863999953493,22.336863999953493
1620,0.06189053599996441,61.89053599996441
1621,0.06884793899985198,68.84793899985198
1622,0.022600490000058926,22.600490000058926
1623,0.02263189300015256,22.63189300015256
1624,0.0321628240001246,32.1628240001246
1625,0.024056160999862186,24.056160999862186
1626,0.023379280999961338,23.37928099996134
1627,0.022568003999822395,22.568003999822395
1628,0.030815003999805413,30.815003999805413
1629,0.02956317999996827,29.56317999996827
1630,0.02301254799999697,23.01254799999697
1631,0.022719560000041383,22.719560000041383
1632,0.027693940000062867,27.693940000062867
1633,0.026937204999967435,26.937204999967435
1634,0.023686477000183004,23.686477000183004
1635,0.023219321000169657,23.219321000169657
1636,0.04166396700020414,41.66396700020414
1637,0.023449494000033155,23.449494000033155
1638,0.023122664000084114,23.122664000084114
1639,0.02259763600000042,22.59763600000042
1640,0.03170752699998047,31.707526999980473
1641,0.02845319500011101,28.45319500011101
1642,0.022990072999846234,22.990072999846234
1643,0.024237265000010666,24.237265000010666
1644,0.032582508999894344,32.582508999894344
1645,0.02420619000008628,24.20619000008628
1646,0.02615764899996975,26.15764899996975
1647,0.025356934000001274,25.356934000001274
1648,0.037144147999924826,37.144147999924826
1649,0.024322428000004948,24.322428000004948
1650,0.023481990000163933,23.481990000163933
1651,0.02284417900000335,22.84417900000335
1652,0.030747280000014143,30.747280000014143
1653,0.02826179399994544,28.26179399994544
1654,0.023685951999823374,23.685951999823374
1655,0.022756512000114526,22.756512000114526
1656,0.030060446999868873,30.060446999868873
1657,0.02812167899992346,28.12167899992346
1658,0.023366062000150123,23.366062000150123
1659,0.02268372499997895,22.68372499997895
1660,0.029983717000050092,29.983717000050092
1661,0.028726366999990205,28.726366999990205
1662,0.02452061199983291,24.52061199983291
1663,0.02368161500021415,23.68161500021415
1664,0.02918569700000262,29.18569700000262
1665,0.02334466899992549,23.34466899992549
1666,0.023521552999909545,23.521552999909545
1667,0.022507837000148356,22.507837000148356
1668,0.031601202000047124,31.601202000047124
1669,0.02504337499999565,25.04337499999565
1670,0.023482506000163994,23.482506000163994
1671,0.023383942999998908,23.383942999998908
1672,0.034731697999859534,34.731697999859534
1673,0.02410655200014844,24.10655200014844
1674,0.023544633000028625,23.544633000028625
1675,0.022742787000197495,22.742787000197495
1676,0.027064243000040733,27.064243000040733
1677,0.023444800999868676,23.444800999868676
1678,0.023201179000125194,23.201179000125194
1679,0.02268211299997347,22.68211299997347
1680,0.025827599000194823,25.827599000194823
1681,0.033972996000102285,33.972996000102285
1682,0.023361629999953948,23.361629999953948
1683,0.024759628999845518,24.759628999845518
1684,0.03430497100021057,34.30497100021057
1685,0.023540069999853586,23.540069999853586
1686,0.023730185999966125,23.730185999966125
1687,0.02336792999994941,23.36792999994941
1688,0.026732590999927197,26.732590999927197
1689,0.030906236999953762,30.906236999953762
1690,0.02300330999992184,23.00330999992184
1691,0.02274927899998147,22.74927899998147
1692,0.02889729699995769,28.89729699995769
1693,0.028994646999990437,28.994646999990437
1694,0.022867931000064345,22.867931000064345
1695,0.02424371200004316,24.24371200004316
1696,0.028617442000040683,28.617442000040683
1697,0.028624850999904083,28.624850999904083
1698,0.02314729099998658,23.14729099998658
1699,0.023166007999861904,23.166007999861904
1700,0.02913085599993792,29.13085599993792
1701,0.029323140999849784,29.323140999849784
1702,0.023680327999954898,23.680327999954898
1703,0.0229594279999219,22.9594279999219
1704,0.030938402000174392,30.938402000174392
1705,0.03040790799991555,30.40790799991555
1706,0.02303472999983569,23.03472999983569
1707,0.02319533400009277,23.19533400009277
1708,0.042192225000007966,42.192225000007966
1709,0.024785140000176398,24.785140000176398
1710,0.023125112999878183,23.125112999878183
1711,0.022658569999975953,22.658569999975953
1712,0.035222337999812225,35.222337999812225
1713,0.028838891000077638,28.838891000077638
1714,0.022975031999976636,22.975031999976636
1715,0.022443339000119522,22.443339000119522
1716,0.038704823999978544,38.704823999978544
1717,0.023239242000045124,23.239242000045124
1718,0.02302977599993028,23.02977599993028
1719,0.022792789000050107,22.792789000050107
1720,0.02500296299990623,25.00296299990623
1721,0.03400560000000041,34.00560000000041
1722,0.02315469499990286,23.15469499990286
1723,0.023061737000034555,23.061737000034555
1724,0.027415970000220113,27.415970000220113
1725,0.029978476999986015,29.978476999986015
1726,0.023843023000154062,23.843023000154062
1727,0.023834232000126576,23.834232000126576
1728,0.029531864000091446,29.531864000091446
1729,0.02812852500005647,28.12852500005647
1730,0.022901499999989028,22.901499999989028
1731,0.022566978999975618,22.566978999975618
1732,0.029680280000093262,29.680280000093262
1733,0.029147433999924033,29.147433999924033
1734,0.023618645999931687,23.618645999931687
1735,0.02322206000008009,23.22206000008009
1736,0.030240352999953757,30.240352999953757
1737,0.028538340000068274,28.538340000068274
1738,0.023251995999999053,23.251995999999053
1739,0.022561688999985563,22.561688999985563
1740,0.025327050999976564,25.327050999976564
1741,0.03213272300013159,32.13272300013159
1742,0.023072439000088707,23.072439000088707
1743,0.022942079999893394,22.942079999893394
1744,0.030049867999878188,30.049867999878188
1745,0.027842758000133472,27.842758000133472
1746,0.02300001699995846,23.00001699995846
1747,0.02293434300008812,22.93434300008812
1748,0.02999117199988177,29.99117199988177
1749,0.028669035999882908,28.669035999882908
1750,0.023606594000057157,23.606594000057157
1751,0.023469512000019677,23.469512000019677
1752,0.02731314199991175,27.31314199991175
1753,0.02787706200001594,27.87706200001594
1754,0.02278911700000208,22.78911700000208
1755,0.022585855999977866,22.585855999977866
1756,0.03207669999983409,32.07669999983409
1757,0.025059884000029342,25.059884000029342
1758,0.02395462000004045,23.95462000004045
1759,0.023540261999869472,23.54026199986947
1760,0.03470285799994599,34.70285799994599
1761,0.02420146899999054,24.20146899999054
1762,0.023694556999998895,23.694556999998895
1763,0.02228801499995825,22.28801499995825
1764,0.027571295000143436,27.571295000143436
1765,0.02509206800004904,25.09206800004904
1766,0.024731491000011374,24.731491000011374
1767,0.025881821000211858,25.881821000211858
1768,0.030710773000009794,30.710773000009794
1769,0.028294174999928146,28.294174999928146
1770,0.023701963999883446,23.701963999883446
1771,0.023207281999930274,23.207281999930274
1772,0.03459201700002268,34.59201700002268
1773,0.02415754100002232,24.15754100002232
1774,0.02397346300017489,23.97346300017489
1775,0.024085932000161847,24.085932000161847
1776,0.02682520600001226,26.82520600001226
1777,0.03009273500015297,30.09273500015297
1778,0.022898153000141974,22.898153000141974
1779,0.023215518000142765,23.215518000142765
1780,0.024463914000079967,24.463914000079967
1781,0.04906164199996965,49.06164199996965
1782,0.027712314999916998,27.712314999916998
1783,0.02723293299982288,27.23293299982288
1784,0.0601499160000003,60.1499160000003
1785,0.025845730999890293,25.845730999890293
1786,0.024904888000037317,24.904888000037317
1787,0.02434638999989147,24.34638999989147
1788,0.033837683999990986,33.837683999990986
1789,0.023992015999965588,23.992015999965588
1790,0.02413143300009324,24.13143300009324
1791,0.028662427000199386,28.662427000199386
1792,0.027587724999875718,27.587724999875718
1793,0.028981296999972983,28.981296999972983
1794,0.02604600500012566,26.04600500012566
1795,0.023578664000069693,23.578664000069693
1796,0.030844105000142008,30.844105000142008
1797,0.02902899300011086,29.02899300011086
1798,0.02552806500011684,25.52806500011684
1799,0.022596344000021418,22.596344000021418
1800,0.04237230500007172,42.37230500007172
1801,0.023336079000046084,23.336079000046084
1802,0.022827929999948537,22.827929999948537
1803,0.022940548999940802,22.940548999940802
1804,0.028465363999885085,28.465363999885085
1805,0.029050343999870165,29.050343999870165
1806,0.023119398000062574,23.119398000062574
1807,0.02279749800004538,22.79749800004538
1808,0.028637981000201762,28.637981000201762
1809,0.03081286699989505,30.81286699989505
1810,0.023615440999947168,23.615440999947168
1811,0.027515493000009883,27.515493000009883
1812,0.04279236000002129,42.79236000002129
1813,0.02401033399996777,24.01033399996777
1814,0.022746870999981184,22.746870999981184
1815,0.023199692999924082,23.199692999924082
1816,0.029281575999902998,29.281575999902998
1817,0.02895944200008671,28.95944200008671
1818,0.0230706199999986,23.0706199999986
1819,0.022613560999843685,22.613560999843685
1820,0.03114883200009899,31.14883200009899
1821,0.027978369000038583,27.978369000038583
1822,0.0230829449999419,23.0829449999419
1823,0.022433496000076047,22.433496000076047
1824,0.02965784299999541,29.65784299999541
1825,0.029026096000052348,29.02609600005235
1826,0.023455796000007467,23.455796000007467
1827,0.023268875999974625,23.268875999974625
1828,0.031053398000040033,31.053398000040033
1829,0.02477206200001092,24.77206200001092
1830,0.02305420699985916,23.05420699985916
1831,0.022645805999900404,22.645805999900404
1832,0.03164358000003631,31.64358000003631
1833,0.02412667099997634,24.12667099997634
1834,0.023717518000012205,23.717518000012205
1835,0.022535168000104022,22.535168000104022
1836,0.031662173999848164,31.662173999848164
1837,0.024593177000042488,24.593177000042488
1838,0.02379130700001042,23.79130700001042
1839,0.02318576699985897,23.18576699985897
1840,0.02785049399994932,27.85049399994932
1841,0.024127272999976412,24.127272999976412
1842,0.023459774000002653,23.459774000002653
1843,0.02323527099997591,23.23527099997591
1844,0.03266862700002093,32.66862700002093
1845,0.02404886199997236,24.04886199997236
1846,0.023171719999936613,23.171719999936613
1847,0.023006063999901016,23.006063999901016
1848,0.028781053999864525,28.781053999864525
1849,0.023962236999977904,23.962236999977904
1850,0.023712699000043358,23.712699000043358
1851,0.022728518000121767,22.728518000121767
1852,0.03217896299997847,32.17896299997847
1853,0.023844047000011415,23.844047000011415
1854,0.024005805000115288,24.005805000115288
1855,0.022929229000055784,22.929229000055784
1856,0.03490993199989134,34.90993199989134
1857,0.024175047999960952,24.175047999960952
1858,0.023601618999919083,23.601618999919083
1859,0.023286557999881552,23.286557999881552
1860,0.026731626999890068,26.731626999890068
1861,0.030934252999941236,30.934252999941236
1862,0.022929451999971207,22.929451999971207
1863,0.022616191999986768,22.616191999986768
1864,0.028529170999945563,28.529170999945563
1865,0.029884400000128153,29.884400000128153
1866,0.023697399000184305,23.697399000184305
1867,0.023255421000158094,23.255421000158094
1868,0.029676266000024043,29.676266000024043
1869,0.02849509299994679,28.49509299994679
1870,0.023169309999957477,23.169309999957477
1871,0.023003723000101672,23.003723000101672
1872,0.029551533000130803,29.551533000130803
1873,0.0282927569999174,28.2927569999174
1874,0.02268474199991033,22.68474199991033
1875,0.022565433999943707,22.565433999943707
1876,0.029992015999823707,29.992015999823707
1877,0.028589904000000388,28.589904000000388
1878,0.02338395399988258,23.38395399988258
1879,0.022815671999978804,22.815671999978804
1880,0.02930760799995369,29.30760799995369
1881,0.02856418700002905,28.56418700002905
1882,0.023801576000096247,23.801576000096247
1883,0.022892391000141288,22.892391000141288
1884,0.03162575099986498,31.625750999864977
1885,0.025303861999873334,25.303861999873334
1886,0.02316340300012598,23.16340300012598
1887,0.02265481099993849,22.65481099993849
1888,0.031883240000070145,31.883240000070145
1889,0.024120303000017884,24.120303000017884
1890,0.023682893000113836,23.682893000113836
1891,0.02300714600005449,23.00714600005449
1892,0.033053080000172486,33.053080000172486
1893,0.02439671100000851,24.39671100000851
1894,0.02352199400002064,23.52199400002064
1895,0.022723477999988972,22.723477999988972
1896,0.02722713000002841,27.22713000002841
1897,0.024602224999853206,24.602224999853206
1898,0.023634899000171572,23.634899000171572
1899,0.022846819000051255,22.846819000051255
1900,0.03158325699996567,31.58325699996567
1901,0.02393748700001197,23.93748700001197
1902,0.023728351000045222,23.728351000045222
1903,0.02312101100005748,23.12101100005748
1904,0.034048245999883875,34.048245999883875
1905,0.024482626000008167,24.482626000008167
1906,0.02351924799995686,23.51924799995686
1907,0.022817730000042502,22.817730000042502
1908,0.02662787400004163,26.62787400004163
1909,0.03181123400008801,31.811234000088007
1910,0.023614253000005192,23.614253000005192
1911,0.022746590999986438,22.746590999986438
1912,0.029324138999982097,29.324138999982097
1913,0.029020839999930104,29.020839999930104
1914,0.024671453000109977,24.671453000109977
1915,0.023330859999987297,23.330859999987297
1916,0.03008053899998231,30.08053899998231
1917,0.029190341999992597,29.190341999992597
1918,0.02455829200016524,24.55829200016524
1919,0.02290031999996245,22.90031999996245
1920,0.0319561869998779,31.9561869998779
1921,0.02445871800000532,24.45871800000532
1922,0.02348261299994192,23.48261299994192
1923,0.023200322000093365,23.200322000093365
1924,0.03377270199985105,33.77270199985105
1925,0.023563604999935706,23.563604999935706
1926,0.02300118699986342,23.00118699986342
1927,0.022598043000016332,22.598043000016332
1928,0.03376961100002518,33.76961100002518
1929,0.02410079399987808,24.10079399987808
1930,0.02492648499992356,24.92648499992356
1931,0.02390503400010857,23.90503400010857
1932,0.02831364600001507,28.31364600001507
1933,0.03382837799995286,33.82837799995286
1934,0.02378952900016884,23.78952900016884
1935,0.024017829000058555,24.017829000058555
1936,0.03445393999982116,34.45393999982116
1937,0.024266856999929587,24.266856999929587
1938,0.023782111000173245,23.782111000173245
1939,0.0228257379999377,22.8257379999377
1940,0.03781305200004681,37.81305200004681
1941,0.023322726000060356,23.322726000060356
1942,0.022891960999913863,22.891960999913863
1943,0.022247655999990457,22.247655999990457
1944,0.03027804299995296,30.27804299995296
1945,0.02332397000009223,23.32397000009223
1946,0.022761854999998832,22.76185499999883
1947,0.023010564000060185,23.010564000060185
1948,0.03617260600003647,36.17260600003647
1949,0.02389267600005951,23.89267600005951
1950,0.023779673000035473,23.779673000035473
1951,0.02540718500017647,25.40718500017647
1952,0.03685058999985813,36.85058999985813
1953,0.03284196599997813,32.84196599997813
1954,0.031333207999978185,31.333207999978185
1955,0.024557432000165136,24.557432000165136
1956,0.03480306300002667,34.80306300002667
1957,0.023927989999947386,23.927989999947386
1958,0.02294139300011011,22.94139300011011
1959,0.022723865999978443,22.723865999978443
1960,0.033638085999882605,33.638085999882605
1961,0.02374085500014189,23.74085500014189
1962,0.02337186699992344,23.37186699992344
1963,0.023071459999982835,23.071459999982835
1964,0.03435036400014724,34.35036400014724
1965,0.02404840300005162,24.04840300005162
1966,0.025598150999940117,25.598150999940117
1967,0.023047197999858327,23.047197999858327
1968,0.02768529199988734,27.68529199988734
1969,0.029427324999915072,29.427324999915072
1970,0.0230276730001151,23.0276730001151
1971,0.02285999100013214,22.85999100013214
1972,0.029261993000091024,29.261993000091024
1973,0.0302463660000285,30.2463660000285
1974,0.023515468999903533,23.515468999903533
1975,0.02310718400008227,23.10718400008227
1976,0.0304240809998646,30.4240809998646
1977,0.02946009399988725,29.46009399988725
1978,0.026945126000100572,26.945126000100572
1979,0.026820208000117418,26.820208000117418
1980,0.038088235000032,38.088235000032
1981,0.023615953999978956,23.615953999978956
1982,0.022527743999944505,22.527743999944505
1983,0.022460385999920618,22.460385999920618
1984,0.03163410799993471,31.634107999934713
1985,0.028390491999971346,28.390491999971346
1986,0.022903012000142553,22.903012000142553
1987,0.023570799000026454,23.570799000026454
1988,0.029753712999990967,29.753712999990967
1989,0.02840305199993054,28.40305199993054
1990,0.023547309999912613,23.547309999912613
1991,0.022963535999906526,22.963535999906526
1992,0.03013738499998908,30.13738499998908
1993,0.028371363000132988,28.371363000132988
1994,0.022715115999972113,22.715115999972113
1995,0.02260259100012263,22.60259100012263
1996,0.031662397999980385,31.662397999980385
1997,0.02519129100005557,25.19129100005557
1998,0.023357751000048665,23.357751000048665
1999,0.0229147049999483,22.9147049999483
2000,0.032594543999948655,32.594543999948655
2001,0.023817832999839084,23.817832999839084
2002,0.023597967999876346,23.597967999876346
2003,0.022738081999932547,22.738081999932547
2004,0.02873006999993777,28.73006999993777
2005,0.02375156099992637,23.75156099992637
2006,0.02337940699999308,23.37940699999308
2007,0.022827205999874423,22.827205999874423
2008,0.0347278209999331,34.7278209999331
2009,0.024067588999969303,24.067588999969303
2010,0.023454479000065476,23.454479000065476
2011,0.023447630999953617,23.447630999953617
2012,0.03338313100016421,33.38313100016421
2013,0.023414339999817457,23.414339999817457
2014,0.022933201000114423,22.933201000114423
2015,0.02221136299999671,22.21136299999671
2016,0.028261528999792063,28.261528999792063
2017,0.023016010999981518,23.016010999981518
2018,0.02381730999991305,23.81730999991305
2019,0.023530032000053325,23.530032000053325
2020,0.029053204999854643,29.053204999854643
2021,0.026466661000085878,26.466661000085878
2022,0.023521603000062896,23.521603000062896
2023,0.0226075260000016,22.6075260000016
2024,0.030471846000182268,30.471846000182268
2025,0.024485181000045486,24.485181000045486
2026,0.022896212000205196,22.896212000205196
2027,0.02235309299999244,22.35309299999244
2028,0.03220090799982245,32.20090799982245
2029,0.025094396999975288,25.094396999975288
2030,0.023259535000079268,23.259535000079268
2031,0.023402498999985255,23.402498999985255
2032,0.03150722800000949,31.50722800000949
2033,0.02376645100002861,23.76645100002861
2034,0.02345908999996027,23.45908999996027
2035,0.022992445999989286,22.992445999989286
2036,0.03267424199998459,32.67424199998459
2037,0.023251794999850972,23.251794999850972
2038,0.023006539999869347,23.006539999869347
2039,0.022823002999984965,22.823002999984965
2040,0.024744203999944148,24.744203999944148
2041,0.03281925099986438,32.81925099986438
2042,0.023581735999869124,23.581735999869124
2043,0.023349982999889107,23.349982999889107
2044,0.028463630000032936,28.463630000032936
2045,0.023750822000010885,23.750822000010885
2046,0.02342488899989803,23.42488899989803
2047,0.023139802000059717,23.139802000059717
2048,0.03173149500003092,31.731495000030918
2049,0.023169975999962844,23.169975999962844
2050,0.02313035200018021,23.13035200018021
2051,0.022428987000012057,22.428987000012057
2052,0.02951648899988868,29.51648899988868
2053,0.2194834480001191,219.4834480001191
2054,0.021790265000163345,21.790265000163345
2055,0.021975135000047885,21.975135000047885
2056,0.02719727200019406,27.19727200019406
2057,0.0227159030000621,22.7159030000621
2058,0.022874861999980567,22.874861999980567
2059,0.022484417999976358,22.48441799997636
2060,0.029736738999872614,29.736738999872614
2061,0.0278825540001435,27.8825540001435
2062,0.022915775000001304,22.915775000001304
2063,0.022312760999966486,22.312760999966486
2064,0.029857597000045644,29.857597000045644
2065,0.02783107999994172,27.83107999994172
2066,0.022841116999870792,22.841116999870792
2067,0.022916792000160058,22.916792000160058
2068,0.029343193999920913,29.343193999920913
2069,0.028127005000214922,28.127005000214922
2070,0.02316424599985112,23.16424599985112
2071,0.022449062999839953,22.449062999839953
2072,0.028729089999842472,28.729089999842472
2073,0.02824620500018682,28.24620500018682
2074,0.023615670000026512,23.615670000026512
2075,0.022354710000172417,22.354710000172417
2076,0.02997352000011233,29.97352000011233
2077,0.0277520629999799,27.7520629999799
2078,0.022616886999912822,22.616886999912822
2079,0.022462655000026643,22.462655000026643
2080,0.029758919000187234,29.758919000187234
2081,0.029892109000002165,29.892109000002165
2082,0.023583607000091433,23.583607000091433
2083,0.023053850999986025,23.053850999986025
2084,0.030850781000026473,30.850781000026473
2085,0.02709525099999155,27.09525099999155
2086,0.02302290400007223,23.02290400007223
2087,0.0223658949998935,22.3658949998935
2088,0.030140333999952418,30.140333999952418
2089,0.02799500900005114,27.99500900005114
2090,0.022567463000086718,22.56746300008672
2091,0.022512756999958583,22.512756999958583
2092,0.029476116999830992,29.476116999830992
2093,0.03103414900010648,31.03414900010648
2094,0.028100217999963206,28.100217999963206
2095,0.024047540999845296,24.047540999845296
2096,0.029341955999825586,29.341955999825586
2097,0.030641919999879974,30.641919999879974
2098,0.02369871700011572,23.69871700011572
2099,0.022369238999999652,22.369238999999652
2100,0.037293788000170025,37.293788000170025
2101,0.02505810799993924,25.05810799993924
2102,0.02345507700010785,23.45507700010785
2103,0.022479582999949344,22.479582999949344
2104,0.027838671999916187,27.838671999916187
2105,0.027259105999974054,27.259105999974054
2106,0.023503009000023667,23.503009000023667
2107,0.023151848999987124,23.151848999987124
2108,0.0242133400001876,24.2133400001876
2109,0.03235217500014187,32.35217500014187
2110,0.026212725999812392,26.212725999812392
2111,0.025081084000021292,25.081084000021292
2112,0.030567743000119663,30.567743000119663
2113,0.041866561000006186,41.866561000006186
2114,0.02320535600006224,23.20535600006224
2115,0.022760811999887665,22.760811999887665
2116,0.030262873000083346,30.262873000083346
2117,0.03260769000007713,32.60769000007713
2118,0.024197284999900148,24.19728499990015
2119,0.024664543999961097,24.664543999961097
2120,0.04795451499990122,47.95451499990122
2121,0.025062333000050785,25.062333000050785
2122,0.02355613400004586,23.55613400004586
2123,0.022466759999815622,22.466759999815622
2124,0.03307431199982602,33.07431199982602
2125,0.02375237000001107,23.75237000001107
2126,0.023241311999981917,23.241311999981917
2127,0.02585434799993891,25.85434799993891
2128,0.03163192500005607,31.63192500005607
2129,0.023376339000151347,23.376339000151347
2130,0.022818978000032075,22.818978000032075
2131,0.022433312999964983,22.433312999964983
2132,0.032644383999922866,32.644383999922866
2133,0.02440326200007803,24.40326200007803
2134,0.023676703999854,23.676703999854
2135,0.02273951600000146,22.73951600000146
2136,0.027060631000040303,27.060631000040303
2137,0.025762923000002047,25.762923000002047
2138,0.02287240999999085,22.87240999999085
2139,0.022564633000001777,22.564633000001777
2140,0.034355099999856975,34.355099999856975
2141,0.029624713999965024,29.624713999965024
2142,0.023536123999974734,23.536123999974734
2143,0.023476072999983444,23.476072999983444
2144,0.037453707999929975,37.453707999929975
2145,0.030357137999999395,30.357137999999395
2146,0.02343762399982552,23.43762399982552
2147,0.022498844000210738,22.498844000210738
2148,0.03649801799997476,36.49801799997476
2149,0.02400219399987691,24.00219399987691
2150,0.023511601000109295,23.511601000109295
2151,0.022800517999939984,22.800517999939984
2152,0.03004862000011599,30.04862000011599
2153,0.023333148999881814,23.333148999881814
2154,0.023140057000091474,23.140057000091474
2155,0.022752122000156305,22.752122000156305
2156,0.03585884800008898,35.85884800008898
2157,0.024071830999901067,24.071830999901067
2158,0.02370911499997419,23.70911499997419
2159,0.023115742000072714,23.115742000072714
2160,0.027002283000001626,27.002283000001626
2161,0.03092425899990303,30.92425899990303
2162,0.022862952999957997,22.862952999957997
2163,0.022555257999783862,22.555257999783862
2164,0.026782538999896133,26.782538999896133
2165,0.029924304999894957,29.924304999894957
2166,0.022885277999876052,22.885277999876052
2167,0.02241613099999995,22.41613099999995
2168,0.02862094299985074,28.62094299985074
2169,0.02934516199979953,29.34516199979953
2170,0.022982308000109697,22.982308000109697
2171,0.02229929100008121,22.29929100008121
2172,0.029510722999930294,29.510722999930294
2173,0.029118380999989313,29.118380999989313
2174,0.02380179500005397,23.80179500005397
2175,0.023463659000071857,23.463659000071857
2176,0.029703271000016684,29.703271000016684
2177,0.028945582999995167,28.945582999995167
2178,0.024176104000162013,24.176104000162013
2179,0.022555112999953053,22.555112999953053
2180,0.02969629399990481,29.69629399990481
2181,0.028154209999911473,28.154209999911473
2182,0.02298500099982448,22.98500099982448
2183,0.022130999000182783,22.130999000182783
2184,0.029583007000155703,29.583007000155703
2185,0.028506333999985145,28.506333999985145
2186,0.02282394700000623,22.82394700000623
2187,0.022461284999963027,22.461284999963027
2188,0.03023714599999039,30.23714599999039
2189,0.028496711000116193,28.496711000116193
2190,0.02359484299995529,23.59484299995529
2191,0.02310561600006622,23.10561600006622
2192,0.030204654000044684,30.204654000044684
2193,0.027948027000093134,27.948027000093134
2194,0.02338035899992974,23.38035899992974
2195,0.022376002000100925,22.376002000100925
2196,0.03160464799998408,31.60464799998408
2197,0.02424646400004349,24.24646400004349
2198,0.023404528999890317,23.404528999890317
2199,0.022559001000217904,22.559001000217904
2200,0.03148836099990149,31.488360999901488
2201,0.02357429499988939,23.57429499988939
2202,0.023397977000058745,23.397977000058745
2203,0.023077705000105198,23.077705000105198
2204,0.031572159999996074,31.572159999996074
2205,0.02389769100000194,23.89769100000194
2206,0.02362258300013309,23.62258300013309
2207,0.02252594400010821,22.52594400010821
2208,0.03230698300012591,32.30698300012591
2209,0.02402787799996986,24.02787799996986
2210,0.02343983900004787,23.43983900004787
2211,0.027431007999894064,27.431007999894064
2212,0.026300193999986732,26.300193999986732
2213,0.0311202030000004,31.1202030000004
2214,0.02371138900002734,23.71138900002734
2215,0.02320933500004685,23.20933500004685
2216,0.02793711900017115,27.93711900017115
2217,0.0317160199999762,31.716019999976197
2218,0.023056335000092076,23.056335000092076
2219,0.022482085999854462,22.482085999854462
2220,0.028954870999996274,28.954870999996274
2221,0.027816695000183245,27.816695000183245
2222,0.02266746400005104,22.66746400005104
2223,0.022410892999914722,22.410892999914722
2224,0.030643208999890703,30.643208999890703
2225,0.028086356000130763,28.086356000130763
2226,0.023494117999916853,23.494117999916853
2227,0.02328506499998184,23.28506499998184
2228,0.03176131399982296,31.76131399982296
2229,0.028458855000053518,28.458855000053518
2230,0.023619323000048098,23.619323000048098
2231,0.02326630299990029,23.26630299990029
2232,0.030419846999848232,30.419846999848232
2233,0.02543635600000016,25.43635600000016
2234,0.02408528700016177,24.08528700016177
2235,0.022603355000001102,22.603355000001102
2236,0.033743902999958664,33.743902999958664
2237,0.02382120299989765,23.82120299989765
2238,0.02360573700002533,23.60573700002533
2239,0.02319352900008198,23.19352900008198
2240,0.02650786899994273,26.50786899994273
2241,0.0285696480000297,28.5696480000297
2242,0.024067386000069746,24.067386000069746
2243,0.023625197999990633,23.625197999990633
2244,0.039013201999978264,39.013201999978264
2245,0.024026539000033154,24.026539000033154
2246,0.023789160999967862,23.789160999967862
2247,0.023009912999896187,23.009912999896187
2248,0.02964561999988291,29.64561999988291
2249,0.028561190000118586,28.561190000118586
2250,0.023081846999957634,23.081846999957634
2251,0.02279571600001873,22.79571600001873
2252,0.028343111000140198,28.343111000140198
2253,0.028919733000066117,28.919733000066117
2254,0.023104923000119015,23.104923000119015
2255,0.022386888000028193,22.386888000028193
2256,0.03084063899996181,30.84063899996181
2257,0.027563088000079006,27.563088000079006
2258,0.022703508999939004,22.703508999939004
2259,0.022456640999962474,22.456640999962474
2260,0.028107464999948206,28.107464999948206
2261,0.032885495000073206,32.885495000073206
2262,0.025540973999795824,25.540973999795824
2263,0.023801697999942917,23.801697999942917
2264,0.030327171999942948,30.327171999942948
2265,0.024227169999903708,24.22716999990371
2266,0.02353543300000638,23.53543300000638
2267,0.022214823000012984,22.214823000012984
2268,0.028292285000134143,28.292285000134143
2269,0.023468469000135883,23.468469000135883
2270,0.023293450999972265,23.293450999972265
2271,0.022505850000015926,22.505850000015926
2272,0.03184514899999158,31.84514899999158
2273,0.02378162499985592,23.78162499985592
2274,0.023541677999901367,23.541677999901367
2275,0.023321662999933324,23.321662999933324
2276,0.025685727000109182,25.685727000109182
2277,0.030779238000150144,30.779238000150144
2278,0.027861568999924202,27.861568999924202
2279,0.022821459999931903,22.821459999931903
2280,0.026182328000004418,26.182328000004418
2281,0.0324848180000572,32.4848180000572
2282,0.02378454899985627,23.78454899985627
2283,0.025003829999832305,25.003829999832305
2284,0.05127318099994227,51.27318099994227
2285,0.03168304799987709,31.68304799987709
2286,0.02349134399992181,23.49134399992181
2287,0.023149083999896902,23.149083999896902
2288,0.03970407600013459,39.70407600013459
2289,0.023598148000019137,23.598148000019137
2290,0.022912859000143726,22.912859000143726
2291,0.022337415000038163,22.337415000038163
2292,0.029197043000067424,29.197043000067424
2293,0.02840839300006337,28.40839300006337
2294,0.023471671000152128,23.471671000152128
2295,0.022573770000008153,22.573770000008153
2296,0.030171994000056657,30.171994000056657
2297,0.028940907999867704,28.940907999867704
2298,0.02348178000011103,23.48178000011103
2299,0.023219185000016296,23.219185000016296
2300,0.030384042000150657,30.384042000150657
2301,0.028626838000036514,28.626838000036514
2302,0.023008300999890707,23.008300999890707
2303,0.022931189000019003,22.931189000019003
2304,0.030107584999996106,30.107584999996106
2305,0.028173041000172816,28.173041000172816
2306,0.023042061000069225,23.042061000069225
2307,0.022545399000136968,22.545399000136968
2308,0.026099485000031564,26.099485000031564
2309,0.03150644599986663,31.506445999866628
2310,0.029687690999935512,29.687690999935512
2311,0.023579232999964006,23.579232999964006
2312,0.02796594399978858,27.96594399978858
2313,0.024147831999925984,24.147831999925984
2314,0.024170357000002696,24.170357000002696
2315,0.023117259999935413,23.117259999935413
2316,0.02910958400002528,29.10958400002528
2317,0.023840621000090323,23.840621000090323
2318,0.02370889899998474,23.70889899998474
2319,0.023661309999852165,23.661309999852165
2320,0.03545530500014138,35.45530500014138
2321,0.023863387000119474,23.863387000119474
2322,0.023492062000059377,23.492062000059377
2323,0.02326067600006354,23.26067600006354
2324,0.027574672000127975,27.574672000127975
2325,0.023156595000045854,23.156595000045854
2326,0.022979310999971858,22.979310999971858
2327,0.022493547000067338,22.493547000067338
2328,0.03106114299998808,31.06114299998808
2329,0.025289311000051384,25.289311000051384
2330,0.023133208999979615,23.133208999979615
2331,0.023108709999860366,23.108709999860366
2332,0.03204048999987208,32.04048999987208
2333,0.02423179600009462,24.23179600009462
2334,0.02374773099995764,23.74773099995764
2335,0.023785092000025543,23.785092000025543
2336,0.024919767000028514,24.919767000028514
2337,0.03390786099998877,33.90786099998877
2338,0.02327845900003922,23.27845900003922
2339,0.02248635099999774,22.48635099999774
2340,0.026182637000147224,26.182637000147224
2341,0.030715568999994503,30.715568999994503
2342,0.024592810000058307,24.592810000058307
2343,0.023303867999857175,23.303867999857175
2344,0.031743369999958304,31.743369999958304
2345,0.028585567999925843,28.585567999925843
2346,0.022944808999909583,22.944808999909583
2347,0.022502204999909736,22.502204999909736
2348,0.030194075000054,30.194075000054
2349,0.02763054199999715,27.63054199999715
2350,0.023265235000053508,23.265235000053508
2351,0.022383289999879707,22.383289999879707
2352,0.031968517999985124,31.968517999985124
2353,0.028468528999837872,28.468528999837872
2354,0.022916878000160068,22.916878000160068
2355,0.022773043000142934,22.773043000142934
2356,0.02354398699981175,23.54398699981175
2357,0.033014979999961724,33.014979999961724
2358,0.02404470900000888,24.04470900000888
2359,0.02357217100006892,23.57217100006892
2360,0.030250307999949655,30.250307999949655
2361,0.028965721000076883,28.965721000076883
2362,0.02328506899993954,23.28506899993954
2363,0.022367076000136876,22.367076000136876
2364,0.03648079399999915,36.48079399999915
2365,0.024215870000034556,24.215870000034556
2366,0.023543748000065534,23.543748000065534
2367,0.022529178000013417,22.529178000013417
2368,0.026682271000026958,26.682271000026958
2369,0.02341402100000778,23.41402100000778
2370,0.02294662999997854,22.94662999997854
2371,0.022548688999904698,22.548688999904698
2372,0.03168542000003072,31.685420000030717
2373,0.025300552000089738,25.300552000089738
2374,0.02335288899985244,23.35288899985244
2375,0.02477007900006356,24.77007900006356
2376,0.03450259700002789,34.50259700002789
2377,0.02572651499986023,25.72651499986023
2378,0.023282319000145435,23.282319000145435
2379,0.02300659699994867,23.00659699994867
2380,0.02621225300003971,26.21225300003971
2381,0.029822966999972778,29.822966999972778
2382,0.022927242999912778,22.927242999912778
2383,0.0225905380000313,22.5905380000313
2384,0.02614778799988926,26.14778799988926
2385,0.031601231999957236,31.601231999957236
2386,0.02400661100000434,24.00661100000434
2387,0.022990180000078908,22.990180000078908
2388,0.02887029499993332,28.87029499993332
2389,0.028740695999886157,28.740695999886157
2390,0.02287678499988033,22.87678499988033
2391,0.022708227999828523,22.708227999828523
2392,0.029745242999979382,29.745242999979382
2393,0.02866573899996183,28.66573899996183
2394,0.023214610999957586,23.214610999957586
2395,0.022867757000085476,22.867757000085476
2396,0.03252222600008281,32.52222600008281
2397,0.02859950199990635,28.59950199990635
2398,0.022975518999828637,22.975518999828637
2399,0.022351580000076865,22.351580000076865
2400,0.029918726000005336,29.918726000005336
2401,0.029021966999835058,29.02196699983506
2402,0.023307252999984485,23.307252999984485
2403,0.02300152599991634,23.00152599991634
2404,0.03986162199998944,39.86162199998944
2405,0.023098051000033593,23.098051000033593
2406,0.02287042200009637,22.87042200009637
2407,0.02242323900009069,22.42323900009069
2408,0.02672050199998921,26.72050199998921
2409,0.03181150799991883,31.81150799991883
2410,0.02359310299993922,23.59310299993922
2411,0.022950305999984266,22.950305999984266
2412,0.02908268699979999,29.08268699979999
2413,0.02997139900003276,29.97139900003276
2414,0.023169016000110787,23.169016000110787
2415,0.022984725000014805,22.984725000014805
2416,0.029895689000113634,29.895689000113634
2417,0.02826641000001473,28.26641000001473
2418,0.022999852999873838,22.999852999873838
2419,0.022772815999815066,22.772815999815066
2420,0.030992160999858243,30.992160999858243
2421,0.027850856999975804,27.850856999975804
2422,0.023059982000177115,23.059982000177115
2423,0.022390803999996933,22.390803999996933
2424,0.029142442999955165,29.142442999955165
2425,0.02840201200001502,28.40201200001502
2426,0.023197115000129997,23.197115000129997
2427,0.023130498000000443,23.130498000000443
2428,0.026740018000054988,26.740018000054988
2429,0.03018074700003126,30.18074700003126
2430,0.02577203600003486,25.77203600003486
2431,0.023662519000026805,23.662519000026805
2432,0.03048346299988225,30.48346299988225
2433,0.024444979999998395,24.444979999998395
2434,0.022870605000207433,22.870605000207433
2435,0.022504051999931107,22.504051999931107
2436,0.03119663200004652,31.19663200004652
2437,0.025759585000059815,25.759585000059815
2438,0.023624947999906,23.624947999906
2439,0.022862057999873286,22.862057999873286
2440,0.031139301999928648,31.139301999928648
2441,0.024904831000185368,24.904831000185368
2442,0.023493530999985524,23.493530999985524
2443,0.023379043999966598,23.379043999966598
2444,0.02781205900009809,27.81205900009809
2445,0.031539040000097884,31.539040000097884
2446,0.02629645599995456,26.29645599995456
2447,0.02531309699998019,25.31309699998019
2448,0.061690413999940574,61.690413999940574
2449,0.02481736100003218,24.81736100003218
2450,0.024345920999849113,24.345920999849113
2451,0.025681700999939494,25.681700999939494
2452,0.04122226300000875,41.22226300000875
2453,0.02505170800009182,25.05170800009182
2454,0.02725383899996814,27.25383899996814
2455,0.023792123000021093,23.792123000021093
2456,0.04426530800014916,44.26530800014916
2457,0.0261772280000514,26.1772280000514
2458,0.022815517000026375,22.815517000026375
2459,0.022355470999855243,22.355470999855243
2460,0.031531891999975414,31.531891999975414
2461,0.024441221999950358,24.441221999950358
2462,0.02334649099998387,23.34649099998387
2463,0.024686000999963653,24.686000999963653
2464,0.027024046000178714,27.024046000178714
2465,0.029506093999998484,29.506093999998484
2466,0.022910585000090578,22.910585000090578
2467,0.022847915000056673,22.847915000056673
2468,0.15287075700007335,152.87075700007335
2469,0.02268936699988444,22.68936699988444
2470,0.022612143000060314,22.612143000060314
2471,0.02567417800014482,25.67417800014482
2472,0.031764155000018945,31.764155000018945
2473,0.028740200000129335,28.740200000129335
2474,0.023472353999977713,23.472353999977713
2475,0.022648864999837315,22.648864999837315
2476,0.030413308999868605,30.413308999868605
2477,0.028301704999876165,28.301704999876165
2478,0.023514309999882244,23.514309999882244
2479,0.023170301000163818,23.170301000163818
2480,0.0380475709998791,38.0475709998791
2481,0.02440347400010978,24.40347400010978
2482,0.023316558000033183,23.316558000033183
2483,0.02248231300018233,22.48231300018233
2484,0.02697429199997714,26.97429199997714
2485,0.02315549199988709,23.15549199988709
2486,0.022793514000113646,22.793514000113646
2487,0.0226825369998096,22.6825369998096
2488,0.03156630800003768,31.56630800003768
2489,0.02513524200003303,25.13524200003303
2490,0.023698973999898953,23.698973999898953
2491,0.023335808999945584,23.335808999945584
2492,0.025637777000156348,25.637777000156348
2493,0.034568648999993457,34.56864899999346
2494,0.02300975000002836,23.00975000002836
2495,0.02282443100011733,22.82443100011733
2496,0.027921169999899575,27.921169999899575
2497,0.02327623499991205,23.27623499991205
2498,0.023127777999889076,23.127777999889076
2499,0.022635005999973146,22.635005999973146
2500,0.03079052199996113,30.79052199996113
2501,0.025692048999871986,25.692048999871986
2502,0.023783848999983093,23.783848999983093
2503,0.023266607000095973,23.266607000095973
2504,0.028333399000075588,28.333399000075588
2505,0.023974765000048137,23.974765000048137
2506,0.023734837000120024,23.734837000120024
2507,0.023464948999844637,23.464948999844637
2508,0.02797181100004309,27.97181100004309
2509,0.026479784999992262,26.479784999992262
2510,0.022814495999909923,22.814495999909923
2511,0.02274005300000681,22.74005300000681
2512,0.029143922999992355,29.143922999992355
2513,0.02775545700001203,27.75545700001203
2514,0.023222623000037856,23.222623000037856
2515,0.022994312000037098,22.994312000037098
2516,0.03048734100002548,30.48734100002548
2517,0.02867098300021098,28.67098300021098
2518,0.023568857000100252,23.56885700010025
2519,0.02304540799991628,23.04540799991628
2520,0.0312604979999378,31.260497999937797
2521,0.02537638299986611,25.37638299986611
2522,0.023409173999880295,23.409173999880295
2523,0.0231796430000486,23.1796430000486
2524,0.03127206799990745,31.27206799990745
2525,0.023413907000076506,23.413907000076506
2526,0.0234734059999937,23.4734059999937
2527,0.0232586579998042,23.2586579998042
2528,0.03185451199988165,31.85451199988165
2529,0.02384740200000124,23.84740200000124
2530,0.0236907070000143,23.6907070000143
2531,0.02245453999989877,22.45453999989877
2532,0.02566461500009609,25.66461500009609
2533,0.03172565899990332,31.725658999903317
2534,0.025055950000023586,25.055950000023586
2535,0.023021061000008558,23.021061000008558
2536,0.02670052400003442,26.70052400003442
2537,0.02680617800001528,26.80617800001528
2538,0.023026404000120237,23.026404000120237
2539,0.02259719599987875,22.59719599987875
2540,0.030441556999903696,30.441556999903696
2541,0.028397566999956325,28.397566999956325
2542,0.023736776000077953,23.736776000077953
2543,0.023085397999921042,23.085397999921042
2544,0.0316764859999239,31.676485999923898
2545,0.02363585700004478,23.63585700004478
2546,0.02353867400006493,23.53867400006493
2547,0.02312299600021106,23.12299600021106
2548,0.031517538000116474,31.517538000116474
2549,0.02376460200002839,23.76460200002839
2550,0.023547261999965485,23.547261999965485
2551,0.023217306999868015,23.217306999868015
2552,0.032781197000076645,32.781197000076645
2553,0.023939871000038693,23.939871000038693
2554,0.02350326999999197,23.50326999999197
2555,0.02273982699989574,22.73982699989574
2556,0.0339913999998771,33.9913999998771
2557,0.02407715799995458,24.07715799995458
2558,0.023381051000114894,23.381051000114894
2559,0.023479296999994403,23.479296999994403
2560,0.02686568899980557,26.86568899980557
2561,0.022879278999880626,22.879278999880626
2562,0.02328792399998747,23.28792399998747
2563,0.02294029000017872,22.94029000017872
2564,0.029327807000072426,29.327807000072426
2565,0.02777659899993523,27.77659899993523
2566,0.022987213999840606,22.987213999840606
2567,0.022620964999987336,22.620964999987336
2568,0.03849381200006974,38.49381200006974
2569,0.024269914000115023,24.269914000115023
2570,0.023587807000012617,23.587807000012617
2571,0.02317197699994722,23.17197699994722
2572,0.041466408999895066,41.466408999895066
2573,0.02365520600005766,23.65520600005766
2574,0.0244632520000323,24.4632520000323
2575,0.023468470000125308,23.468470000125308
2576,0.030218550000199684,30.218550000199684
2577,0.02863180100007412,28.63180100007412
2578,0.024064234999968903,24.064234999968903
2579,0.022886720999849786,22.886720999849786
2580,0.03194749599992974,31.947495999929743
2581,0.024098687999867252,24.098687999867252
2582,0.023530298000196126,23.530298000196126
2583,0.023079774000052566,23.079774000052566
2584,0.02702404599995134,27.02404599995134
2585,0.026449275999993915,26.449275999993915
2586,0.023201561999940168,23.201561999940168
2587,0.022587218000126086,22.587218000126086
2588,0.0299190749999525,29.9190749999525
2589,0.028243193999969662,28.243193999969662
2590,0.023109189000024344,23.109189000024344
2591,0.02235684700008278,22.35684700008278
2592,0.026870579000160433,26.870579000160433
2593,0.03085701700001664,30.85701700001664
2594,0.02682898400007616,26.82898400007616
2595,0.023195437000140373,23.195437000140373
2596,0.02683028999990711,26.83028999990711
2597,0.031130217999816523,31.130217999816523
2598,0.023632166999959736,23.632166999959736
2599,0.023233322000123735,23.233322000123735
2600,0.033844695999960095,33.844695999960095
2601,0.030663986999798,30.663986999798
2602,0.023930838000069343,23.930838000069343
2603,0.02260392299990599,22.60392299990599
2604,0.0402360990001398,40.2360990001398
2605,0.023399002999894947,23.399002999894947
2606,0.022510466000085216,22.510466000085216
2607,0.022580428999845026,22.580428999845026
2608,0.027105094000035024,27.105094000035024
2609,0.023185259999991104,23.185259999991104
2610,0.022985697999956756,22.985697999956756
2611,0.02263755600006334,22.63755600006334
2612,0.03115927399994689,31.15927399994689
2613,0.025656242999957612,25.656242999957612
2614,0.023604301999966992,23.604301999966992
2615,0.025536784999985684,25.536784999985684
2616,0.04454733300008229,44.54733300008229
2617,0.02722724099999141,27.22724099999141
2618,0.023522066999930757,23.522066999930757
2619,0.022792794999986654,22.792794999986654
2620,0.027441122000027462,27.441122000027462
2621,0.023538549000022613,23.538549000022613
2622,0.023050075999890396,23.050075999890396
2623,0.022698087999970085,22.698087999970085
2624,0.029530526999906215,29.530526999906215
2625,0.028334583999821916,28.334583999821916
2626,0.02295275900019078,22.95275900019078
2627,0.022194538999883662,22.19453899988366
2628,0.03204010499985088,32.04010499985088
2629,0.026641961999985142,26.641961999985142
2630,0.023239375000002838,23.239375000002838
2631,0.023053947999869706,23.053947999869706
2632,0.034408628000164754,34.408628000164754
2633,0.025857981999934054,25.857981999934054
2634,0.023509427000135474,23.509427000135474
2635,0.022904141000026357,22.904141000026357
2636,0.026891071000136435,26.891071000136435
2637,0.029217932999927143,29.217932999927143
2638,0.023557841999945595,23.557841999945595
2639,0.022885113000029378,22.885113000029378
2640,0.02824751599996489,28.24751599996489
2641,0.03209713500018552,32.09713500018552
2642,0.023448294999980135,23.448294999980135
2643,0.02341000299998086,23.41000299998086
2644,0.03833325400000831,38.33325400000831
2645,0.023016833999918163,23.016833999918163
2646,0.022741703000065172,22.741703000065172
2647,0.02246562699997412,22.46562699997412
2648,0.02749507699991227,27.49507699991227
2649,0.026065697999911208,26.065697999911208
2650,0.023896486999774424,23.896486999774424
2651,0.0230257260000144,23.0257260000144
2652,0.028395292000141126,28.395292000141126
2653,0.02527131300007568,25.27131300007568
2654,0.023746145000131946,23.746145000131946
2655,0.02269375199989554,22.69375199989554
2656,0.026616942000146082,26.616942000146082
2657,0.02738509100004194,27.38509100004194
2658,0.023659999000074095,23.659999000074095
2659,0.02267567700005202,22.67567700005202
2660,0.02944649100004426,29.44649100004426
2661,0.028121802999976353,28.121802999976353
2662,0.02321210400009477,23.21210400009477
2663,0.022281812000073842,22.28181200007384
2664,0.03126033299986375,31.26033299986375
2665,0.028687447000038446,28.687447000038446
2666,0.02491635100000167,24.91635100000167
2667,0.02327445099990655,23.27445099990655
2668,0.03693253400001595,36.93253400001595
2669,0.023907736999944973,23.907736999944973
2670,0.023474763000194798,23.4747630001948
2671,0.02267791400004171,22.67791400004171
2672,0.027162435000036567,27.162435000036567
2673,0.023217079999994894,23.217079999994894
2674,0.02353601000004346,23.53601000004346
2675,0.022218396999960532,22.218396999960532
2676,0.03242408899996008,32.42408899996008
2677,0.02423176900015278,24.23176900015278
2678,0.023510903999977018,23.510903999977018
2679,0.02306132300009267,23.06132300009267
2680,0.028436193000061394,28.436193000061394
2681,0.026730014999884588,26.730014999884588
2682,0.023579359999985172,23.579359999985172
2683,0.023160322999956406,23.160322999956406
2684,0.035451271999818346,35.451271999818346
2685,0.024243631999979698,24.243631999979698
2686,0.023551888999918447,23.551888999918447
2687,0.023006429999895772,23.006429999895772
2688,0.02840160100004141,28.40160100004141
2689,0.023225088000117466,23.225088000117466
2690,0.022600585999953182,22.600585999953182
2691,0.022493574000009176,22.493574000009176
2692,0.031148898000083136,31.148898000083136
2693,0.02433474400004343,24.33474400004343
2694,0.023803554000096483,23.803554000096483
2695,0.02336651400014489,23.36651400014489
2696,0.028028106999954616,28.028106999954616
2697,0.02762881299986475,27.62881299986475
2698,0.02340543299987985,23.40543299987985
2699,0.022478551999938645,22.478551999938645
2700,0.02898334899987276,28.98334899987276
2701,0.02746920799995678,27.46920799995678
2702,0.0226628460000029,22.6628460000029
2703,0.022510470000042915,22.510470000042915
2704,0.029830305999894335,29.830305999894335
2705,0.028163953999865043,28.163953999865043
2706,0.02290856299987354,22.90856299987354
2707,0.022392612999965422,22.392612999965422
2708,0.03080638500000532,30.80638500000532
2709,0.029138711999848965,29.138711999848965
2710,0.023452008000049318,23.452008000049318
2711,0.022928745999934108,22.928745999934108
2712,0.03175065000004906,31.750650000049063
2713,0.024304952999955276,24.304952999955276
2714,0.02333327100018323,23.33327100018323
2715,0.022706321999976353,22.706321999976353
2716,0.025643272000024808,25.643272000024808
2717,0.03287953399990329,32.87953399990329
2718,0.02312067399998341,23.12067399998341
2719,0.02330411399998411,23.30411399998411
2720,0.0294130900001619,29.4130900001619
2721,0.023893203999932666,23.893203999932666
2722,0.023344263999888426,23.344263999888426
2723,0.022906987999931516,22.906987999931516
2724,0.033138022999992245,33.138022999992245
2725,0.024049496000088766,24.049496000088766
2726,0.02337508000005073,23.37508000005073
2727,0.02322398699993755,23.22398699993755
2728,0.02838504099986494,28.38504099986494
2729,0.02420166199999585,24.20166199999585
2730,0.02317952399994283,23.17952399994283
2731,0.022575740999855043,22.575740999855043
2732,0.030585729999984324,30.585729999984324
2733,0.027722891000166783,27.722891000166783
2734,0.022904585999867777,22.904585999867777
2735,0.022377052999900116,22.377052999900116
2736,0.032593795999900976,32.593795999900976
2737,0.02398569199999656,23.98569199999656
2738,0.02365562099998897,23.65562099998897
2739,0.0235033660001136,23.5033660001136
2740,0.02911169100002553,29.11169100002553
2741,0.022708999000087715,22.708999000087715
2742,0.022983835999866642,22.983835999866642
2743,0.02260143200010134,22.60143200010134
2744,0.030484214999887627,30.484214999887627
2745,0.028565766000156145,28.565766000156145
2746,0.023716520000107266,23.716520000107266
2747,0.02283837599998151,22.83837599998151
2748,0.031121603999963554,31.121603999963554
2749,0.024074526000049445,24.074526000049445
2750,0.022571128999970824,22.571128999970824
2751,0.02247127000009641,22.47127000009641
2752,0.030117782000161242,30.11778200016124
2753,0.027314065999917148,27.314065999917148
2754,0.02284612200014635,22.84612200014635
2755,0.02256408000016563,22.56408000016563
2756,0.029707455999869126,29.707455999869126
2757,0.028052815999899394,28.052815999899394
2758,0.02283014199997524,22.83014199997524
2759,0.02231340999992426,22.31340999992426
2760,0.03125067899986789,31.250678999867887
2761,0.02939331199991102,29.39331199991102
2762,0.024274874999946405,24.274874999946405
2763,0.025741556999946624,25.741556999946624
2764,0.026930253000045923,26.930253000045923
2765,0.030401578000009977,30.401578000009977
2766,0.02509881699984362,25.09881699984362
2767,0.023169090999999753,23.169090999999753
2768,0.02896792199999254,28.96792199999254
2769,0.028954422999959206,28.954422999959206
2770,0.023978080999995655,23.978080999995655
2771,0.02237403499998436,22.37403499998436
2772,0.028902790000074674,28.902790000074674
2773,0.02826947900007326,28.26947900007326
2774,0.02306517600004554,23.06517600004554
2775,0.022414667000020927,22.414667000020927
2776,0.0282830210001066,28.2830210001066
2777,0.028387522999992143,28.387522999992143
2778,0.02302379499997187,23.02379499997187
2779,0.02276514400000451,22.76514400000451
2780,0.028814801999942574,28.814801999942574
2781,0.029073060999962763,29.073060999962763
2782,0.023773702999960733,23.773702999960733
2783,0.022806186000025264,22.806186000025264
2784,0.03095209299999624,30.95209299999624
2785,0.029124135999836653,29.124135999836653
2786,0.022728102999963085,22.728102999963085
2787,0.024091755999961606,24.091755999961606
2788,0.02992137699993691,29.92137699993691
2789,0.028645583999832525,28.645583999832525
2790,0.023643791000040437,23.643791000040437
2791,0.022474960999943505,22.474960999943505
2792,0.03155946300012147,31.559463000121468
2793,0.02444256800004041,24.44256800004041
2794,0.02360836599996219,23.60836599996219
2795,0.023028837999845564,23.028837999845564
2796,0.0374296959998901,37.4296959998901
2797,0.024884867999844573,24.884867999844573
2798,0.023547667999991972,23.547667999991972
2799,0.024863052999990032,24.863052999990032
2800,0.03031433000001016,30.31433000001016
2801,0.03140378300008706,31.40378300008706
2802,0.023702246000084415,23.702246000084415
2803,0.022857269000041924,22.857269000041924
2804,0.03743341899985353,37.43341899985353
2805,0.02481854999996358,24.81854999996358
2806,0.023645622999993066,23.645622999993066
2807,0.0223987169999873,22.3987169999873
2808,0.03482039599998643,34.82039599998643
2809,0.023318868000160364,23.318868000160364
2810,0.04070416799982013,40.70416799982013
2811,0.02563170700000228,25.63170700000228
2812,0.045623865999914415,45.623865999914415
2813,0.02831193399993026,28.31193399993026
2814,0.02362891200004924,23.62891200004924
2815,0.025261819999968793,25.261819999968793
2816,0.02439854999988711,24.39854999988711
2817,0.031031716999905257,31.031716999905257
2818,0.026832075000129407,26.832075000129407
2819,0.025120665000031295,25.120665000031295
2820,0.04284097499999007,42.84097499999007
2821,0.024413265000021056,24.413265000021056
2822,0.022589400000015303,22.589400000015303
2823,0.02251494899996942,22.51494899996942
2824,0.03225996900005157,32.25996900005157
2825,0.028080738000198835,28.080738000198835
2826,0.023081828000158566,23.081828000158566
2827,0.02302354300013576,23.02354300013576
2828,0.029810517999976582,29.810517999976582
2829,0.028091454000104932,28.09145400010493
2830,0.024551437000127407,24.551437000127407
2831,0.0224039619999985,22.4039619999985
2832,0.030730673000107345,30.730673000107345
2833,0.02833285499991689,28.33285499991689
2834,0.023413554000171644,23.413554000171644
2835,0.02325747899999442,23.25747899999442
2836,0.02565428200000497,25.65428200000497
2837,0.034737040999971214,34.737040999971214
2838,0.023001853000096162,23.001853000096162
2839,0.022894497000152114,22.894497000152114
2840,0.04078402599998299,40.78402599998299
2841,0.024150618000021495,24.150618000021495
2842,0.022744980999959807,22.744980999959807
2843,0.02226421700015635,22.26421700015635
2844,0.035933932000034474,35.933932000034474
2845,0.026619106999987707,26.619106999987707
2846,0.02319167399991784,23.19167399991784
2847,0.023487723000016558,23.487723000016558
2848,0.04215843199995106,42.15843199995106
2849,0.02459822599985273,24.59822599985273
2850,0.02330526699984148,23.30526699984148
2851,0.022583713999893007,22.583713999893007
2852,0.030638253000006443,30.638253000006443
2853,0.028304978999813102,28.304978999813102
2854,0.023376469000140787,23.376469000140787
2855,0.022143830999993952,22.143830999993952
2856,0.029888024999991103,29.888024999991103
2857,0.0285078860001704,28.5078860001704
2858,0.022682902000042304,22.682902000042304
2859,0.022479650000150286,22.479650000150286
2860,0.029878252000116845,29.878252000116845
2861,0.028265985999951226,28.265985999951226
2862,0.028511274999800662,28.511274999800662
2863,0.02311989000008907,23.11989000008907
2864,0.027562194999973144,27.562194999973144
2865,0.023642730999881678,23.642730999881678
2866,0.021243912000045384,21.243912000045384
2867,0.020727668000063204,20.727668000063204
2868,0.032610291000082725,32.610291000082725
2869,0.02869360299996515,28.69360299996515
2870,0.02321391399982531,23.21391399982531
2871,0.023515796999845406,23.515796999845406
2872,0.03173453799990966,31.734537999909662
2873,0.023885436999989906,23.885436999989906
2874,0.022998175999873638,22.998175999873638
2875,0.022671149999951012,22.671149999951012
2876,0.026449439000089114,26.449439000089114
2877,0.0339309900000444,33.9309900000444
2878,0.023235904999864943,23.235904999864943
2879,0.022884980999833715,22.884980999833715
2880,0.02699037499996848,26.99037499996848
2881,0.02576365900017663,25.76365900017663
2882,0.02331363700000111,23.31363700000111
2883,0.023046172000022125,23.046172000022125
2884,0.03189834799991331,31.898347999913312
2885,0.02359031099990716,23.59031099990716
2886,0.0244846669997969,24.4846669997969
2887,0.023020311999971454,23.020311999971454
2888,0.027569743999947605,27.569743999947605
2889,0.024495204000004378,24.495204000004378
2890,0.023017754999955287,23.017754999955287
2891,0.022414070999957403,22.414070999957403
2892,0.029555324000057226,29.555324000057226
2893,0.027970912999990105,27.970912999990105
2894,0.022810486000025776,22.810486000025776
2895,0.02266627799986054,22.66627799986054
2896,0.02894921200004319,28.94921200004319
2897,0.027847627000028297,27.847627000028297
2898,0.02371076099984748,23.71076099984748
2899,0.02322740900012832,23.22740900012832
2900,0.029910028000131206,29.910028000131206
2901,0.02882969500001309,28.82969500001309
2902,0.022993482999936532,22.993482999936532
2903,0.022733305999963704,22.733305999963704
2904,0.042864189000056285,42.864189000056285
2905,0.024509240000043064,24.509240000043064
2906,0.023196661000156382,23.196661000156382
2907,0.022520335999843155,22.520335999843155
2908,0.03529537300005359,35.29537300005359
2909,0.028866885000070397,28.866885000070397
2910,0.02442261100009091,24.42261100009091
2911,0.024210145000097327,24.210145000097327
2912,0.03629890499996691,36.29890499996691
2913,0.023980477000122846,23.980477000122846
2914,0.023548222000044916,23.548222000044916
2915,0.025265926999963995,25.265926999963995
2916,0.02974378700014313,29.74378700014313
2917,0.029922065999926417,29.922065999926417
2918,0.02264584699992156,22.64584699992156
2919,0.022421740000027057,22.421740000027057
2920,0.029228424999928393,29.228424999928393
2921,0.0724991349998163,72.4991349998163
2922,0.10645806000002267,106.45806000002267
2923,0.04303465700013476,43.03465700013476
2924,0.03510047999998278,35.10047999998278
2925,0.023203182000088418,23.203182000088418
2926,0.022844673999998122,22.844673999998122
2927,0.022358897999993133,22.358897999993133
2928,0.028044609000062337,28.044609000062337
2929,0.023276204000012513,23.276204000012513
2930,0.02322076800010109,23.22076800010109
2931,0.022698920000038925,22.698920000038925
2932,0.03172230499990292,31.722304999902917
2933,0.02328224699999737,23.28224699999737
2934,0.0229908470000737,22.9908470000737
2935,0.022496601000057126,22.496601000057126
2936,0.029617821000101685,29.617821000101685
2937,0.028191612000000532,28.191612000000532
2938,0.022993643999825508,22.993643999825508
2939,0.022320087000025524,22.320087000025524
2940,0.030216718000019682,30.216718000019682
2941,0.028722445000084917,28.722445000084917
2942,0.023320931999933237,23.320931999933237
2943,0.023272546000043803,23.272546000043803
2944,0.03181137299998227,31.811372999982268
2945,0.023759609000080673,23.759609000080673
2946,0.025859914999955436,25.859914999955436
2947,0.024907778999931907,24.907778999931907
2948,0.043919619000007515,43.919619000007515
2949,0.026593955000180358,26.593955000180358
2950,0.023289056999828972,23.289056999828972
2951,0.02214048099995125,22.14048099995125
2952,0.03717234999999164,37.17234999999164
2953,0.023295582000173454,23.295582000173454
2954,0.022631137999951534,22.631137999951534
2955,0.022724102000211133,22.724102000211133
2956,0.02724561999980324,27.24561999980324
2957,0.02562866700009181,25.62866700009181
2958,0.023632000000134212,23.632000000134212
2959,0.0231664970001475,23.1664970001475
2960,0.028315590000147495,28.315590000147495
2961,0.024023112999884688,24.023112999884688
2962,0.0233356090000143,23.3356090000143
2963,0.02261517199985974,22.61517199985974
2964,0.03218528899992634,32.18528899992634
2965,0.023979761999953553,23.979761999953553
2966,0.024147746999915398,24.147746999915398
2967,0.023268148999932237,23.268148999932237
2968,0.0277023610001379,27.7023610001379
2969,0.023719177999964813,23.719177999964813
2970,0.024447107000014512,24.447107000014512
2971,0.026589137999962986,26.589137999962986
2972,0.03222667800014278,32.22667800014278
2973,0.030607431999897017,30.607431999897017
2974,0.023652033999951527,23.652033999951527
2975,0.022844509000151447,22.844509000151447
2976,0.029775768000035896,29.775768000035896
2977,0.028775261999953727,28.775261999953727
2978,0.02348189999997885,23.48189999997885
2979,0.02249059199994008,22.49059199994008
2980,0.02961604800020723,29.61604800020723
2981,0.028030981000028987,28.030981000028987
2982,0.023067631999992955,23.067631999992955
2983,0.02257308399998692,22.57308399998692
2984,0.029053882000198428,29.053882000198428
2985,0.028200754999943456,28.200754999943456
2986,0.0232696869998108,23.2696869998108
2987,0.02261073399995439,22.61073399995439
2988,0.031448519999912605,31.448519999912605
2989,0.02819339799998488,28.19339799998488
2990,0.023635399000113466,23.635399000113466
2991,0.023783761999993658,23.783761999993658
2992,0.03413082199995188,34.13082199995188
2993,0.02410526599987861,24.10526599987861
2994,0.02556012699983512,25.56012699983512
2995,0.023055012999975588,23.055012999975588
2996,0.026849430000083885,26.849430000083885
2997,0.029502972000045702,29.502972000045702
2998,0.023545651999938855,23.545651999938855
2999,0.022220694999987245,22.220694999987245
3000,0.029467585000020335,29.467585000020335
3001,0.028805083999941417,28.805083999941417
3002,0.022912819000111995,22.912819000111995
3003,0.022429804000012155,22.429804000012155
3004,0.029162850000147955,29.162850000147955
3005,0.029600642000104926,29.600642000104926
3006,0.023007073000144374,23.007073000144374
3007,0.022542998000062653,22.542998000062653
3008,0.0311219360000905,31.1219360000905
3009,0.0297552080000969,29.7552080000969
3010,0.024452226999983395,24.452226999983395
3011,0.02425356899993858,24.25356899993858
3012,0.04722711399995205,47.22711399995205
3013,0.02712928899995859,27.12928899995859
3014,0.023312575999852925,23.312575999852925
3015,0.023025105999977313,23.025105999977313
3016,0.03458634399999028,34.58634399999028
3017,0.024572720999913145,24.572720999913145
3018,0.022909613999900102,22.909613999900102
3019,0.02248861099997157,22.48861099997157
3020,0.033330053000099724,33.330053000099724
3021,0.02914740799997162,29.14740799997162
3022,0.023688894000088112,23.688894000088112
3023,0.022976400000061403,22.976400000061403
3024,0.03054892199997994,30.54892199997994
3025,0.02922294800009695,29.22294800009695
3026,0.023520193999956973,23.520193999956973
3027,0.0225520910000796,22.5520910000796
3028,0.03001881799991679,30.01881799991679
3029,0.02802166300011777,28.02166300011777
3030,0.023367417000144997,23.367417000144997
3031,0.022701341999891156,22.701341999891156
3032,0.030965045999892027,30.965045999892027
3033,0.02729532900002596,27.29532900002596
3034,0.023061050000023897,23.061050000023897
3035,0.02227940500006298,22.27940500006298
3036,0.03033214000015505,30.33214000015505
3037,0.0278700060000574,27.8700060000574
3038,0.02332403099990188,23.32403099990188
3039,0.023128902999815182,23.128902999815182
3040,0.029287029999977676,29.287029999977676
3041,0.026675876999888715,26.675876999888715
3042,0.022731410999995205,22.731410999995205
3043,0.022516733999964345,22.516733999964345
3044,0.0321804059999522,32.1804059999522
3045,0.024006077000194637,24.006077000194637
3046,0.023483526000063648,23.483526000063648
3047,0.023315984999953798,23.3159849999538
3048,0.028841850999924645,28.841850999924645
3049,0.023904591000018627,23.904591000018627
3050,0.023078327999883186,23.078327999883186
3051,0.022513688999879378,22.513688999879378
3052,0.03058225999984643,30.58225999984643
3053,0.025390619000063452,25.390619000063452
3054,0.023263897000106226,23.263897000106226
3055,0.022696607000170843,22.696607000170843
3056,0.031638999000051626,31.638999000051626
3057,0.024676462999877913,24.676462999877913
3058,0.02350554600002397,23.50554600002397
3059,0.02286866999997983,22.86866999997983
3060,0.029202101999999286,29.202101999999286
3061,0.025400883999964208,25.400883999964208
3062,0.02312925399996857,23.12925399996857
3063,0.02289555500010465,22.89555500010465
3064,0.031739592000121775,31.739592000121775
3065,0.023861712000098123,23.861712000098123
3066,0.023568772999851717,23.568772999851717
3067,0.023226625000006607,23.226625000006607
3068,0.03178527000000031,31.78527000000031
3069,0.02342580899994573,23.42580899994573
3070,0.02349248899986378,23.49248899986378
3071,0.022478543000033824,22.478543000033824
3072,0.03268504900006519,32.68504900006519
3073,0.024886922999939998,24.886922999939998
3074,0.02336356499995418,23.36356499995418
3075,0.02306677999990825,23.06677999990825
3076,0.027374000999998316,27.374000999998316
3077,0.024211589000060485,24.211589000060485
3078,0.022966949999954522,22.966949999954522
3079,0.022741420000102153,22.741420000102153
3080,0.03088363400001981,30.88363400001981
3081,0.025554611999950794,25.554611999950794
3082,0.0236027149999245,23.6027149999245
3083,0.023008258000118076,23.008258000118076
3084,0.03430174699997224,34.30174699997224
3085,0.02399910600001931,23.99910600001931
3086,0.023321480000049633,23.321480000049633
3087,0.023314022000022305,23.314022000022305
3088,0.02673795800001244,26.73795800001244
3089,0.02457088900018789,24.57088900018789
3090,0.023847537999927226,23.847537999927226
3091,0.025921969000137324,25.921969000137324
3092,0.02531684900009168,25.31684900009168
3093,0.035763438999993014,35.763438999993014
3094,0.023897511000086524,23.897511000086524
3095,0.023011653999901682,23.011653999901682
3096,0.029872524999973393,29.872524999973393
3097,0.02855269099995894,28.55269099995894
3098,0.023393872000042393,23.393872000042393
3099,0.02274541099995986,22.74541099995986
3100,0.028617356999802723,28.617356999802723
3101,0.02820709100001295,28.20709100001295
3102,0.022992837999936455,22.992837999936455
3103,0.02384026400000039,23.84026400000039
3104,0.03259665599989603,32.59665599989603
3105,0.03267322700003206,32.67322700003206
3106,0.026556286999948497,26.556286999948497
3107,0.026166775000092457,26.166775000092457
3108,0.04610436000007212,46.10436000007212
3109,0.02566528100010146,25.66528100010146
3110,0.02346252999996068,23.46252999996068
3111,0.023067407999860734,23.067407999860734
3112,0.03047198300009768,30.47198300009768
3113,0.028157226000075752,28.157226000075752
3114,0.023536097000032896,23.536097000032896
3115,0.02256321200002276,22.56321200002276
3116,0.03002479399992808,30.02479399992808
3117,0.02868784899987986,28.68784899987986
3118,0.023629254999832483,23.629254999832483
3119,0.02275012100017193,22.75012100017193
3120,0.030297651000182668,30.297651000182668
3121,0.028994826999905854,28.994826999905854
3122,0.022838545000013255,22.838545000013255
3123,0.02243076500008101,22.43076500008101
3124,0.029384267000068576,29.384267000068576
3125,0.028825281999843355,28.825281999843355
3126,0.022930635999955484,22.930635999955484
3127,0.022393834000013157,22.393834000013157
3128,0.029865855000025476,29.865855000025476
3129,0.028539655000031416,28.539655000031416
3130,0.023932766999905652,23.932766999905652
3131,0.02327726800012897,23.27726800012897
3132,0.03244108099988807,32.44108099988807
3133,0.024247170000080587,24.247170000080587
3134,0.023164722000046822,23.164722000046822
3135,0.022472349999816288,22.472349999816288
3136,0.03424866600016685,34.24866600016685
3137,0.028673647000005076,28.673647000005076
3138,0.025095050999880186,25.095050999880186
3139,0.02730666399997972,27.30666399997972
3140,0.0472320920000584,47.2320920000584
3141,0.028861400000096182,28.861400000096182
3142,0.02297975199985558,22.97975199985558
3143,0.022602125000048545,22.602125000048545
3144,0.04064577000008285,40.64577000008285
3145,0.025530649000074845,25.530649000074845
3146,0.024059722000174588,24.059722000174588
3147,0.025455967999960194,25.455967999960194
3148,0.04490482599999268,44.90482599999268
3149,0.024529077999886795,24.529077999886795
3150,0.024468636999927185,24.468636999927185
3151,0.022577061999982106,22.577061999982106
3152,0.030515422000007675,30.515422000007675
3153,0.029485103000070012,29.485103000070012
3154,0.023531236000053468,23.531236000053468
3155,0.023842542000011235,23.842542000011235
3156,0.03996470099991711,39.96470099991711
3157,0.02466613999990841,24.66613999990841
3158,0.022622078000040347,22.622078000040347
3159,0.022518226999864055,22.518226999864055
3160,0.03357308799991188,33.57308799991188
3161,0.023024896000151784,23.024896000151784
3162,0.022778144000085376,22.778144000085376
3163,0.023194318999912866,23.194318999912866
3164,0.0372550129998217,37.2550129998217
3165,0.023359510000091177,23.359510000091177
3166,0.02282663699998011,22.82663699998011
3167,0.02208746499991321,22.08746499991321
3168,0.026470647999985886,26.470647999985886
3169,0.0318387749998692,31.8387749998692
3170,0.023143291999986104,23.143291999986104
3171,0.02305267199994887,23.05267199994887
3172,0.029024627999888253,29.024627999888253
3173,0.0291626460000316,29.1626460000316
3174,0.023448766000001342,23.448766000001342
3175,0.023051258000123198,23.051258000123198
3176,0.028857615000106307,28.857615000106307
3177,0.028326351000032446,28.326351000032446
3178,0.022835013000076287,22.835013000076287
3179,0.022299220999911995,22.299220999911995
3180,0.029969175999895015,29.969175999895015
3181,0.028674380999973437,28.674380999973437
3182,0.0225231019999228,22.5231019999228
3183,0.022702045999949405,22.702045999949405
3184,0.03060809499993411,30.60809499993411
3185,0.028460353999889776,28.460353999889776
3186,0.02358039299997472,23.58039299997472
3187,0.02318399999990106,23.18399999990106
3188,0.030446814000015365,30.446814000015365
3189,0.02775310500010164,27.75310500010164
3190,0.022909044999778416,22.909044999778416
3191,0.022294272999943132,22.294272999943132
3192,0.030804434999936348,30.804434999936348
3193,0.02710856099997727,27.10856099997727
3194,0.023304175000021132,23.304175000021132
3195,0.023157712999818614,23.157712999818614
3196,0.03429304300016156,34.29304300016156
3197,0.025956240999903457,25.956240999903457
3198,0.023587485999996716,23.587485999996716
3199,0.022725219999983892,22.725219999983892
3200,0.03792760500004988,37.92760500004988
3201,0.023247293999929752,23.247293999929752
3202,0.022708648000161702,22.708648000161702
3203,0.022432208999816794,22.432208999816794
3204,0.029202116000078604,29.202116000078604
3205,0.029712428000038926,29.712428000038926
3206,0.022837395999886212,22.837395999886212
3207,0.022666111999797067,22.666111999797067
3208,0.03129271200009498,31.29271200009498
3209,0.02924077199986641,29.24077199986641
3210,0.02354500299998108,23.54500299998108
3211,0.023215278999941802,23.215278999941802
3212,0.03735265899990736,37.35265899990736
3213,0.025443459000143775,25.443459000143775
3214,0.023598411999955715,23.598411999955715
3215,0.022922548999986248,22.922548999986248
3216,0.03130920600005993,31.30920600005993
3217,0.0296706809999705,29.6706809999705
3218,0.02341938100016705,23.41938100016705
3219,0.02338765800004694,23.38765800004694
3220,0.030827928000007887,30.827928000007887
3221,0.027688065999882383,27.688065999882383
3222,0.023205072000109794,23.205072000109794
3223,0.022434771999996883,22.434771999996883
3224,0.030802559999983714,30.802559999983714
3225,0.02889897000000019,28.89897000000019
3226,0.02341571500005557,23.41571500005557
3227,0.023010840000097232,23.010840000097232
3228,0.03119578700011516,31.19578700011516
3229,0.025562529999888284,25.562529999888284
3230,0.02286228699995263,22.86228699995263
3231,0.022533833999887065,22.533833999887065
3232,0.03195356200012611,31.953562000126112
3233,0.02354880100006085,23.54880100006085
3234,0.023691599999892787,23.691599999892787
3235,0.02342384200005654,23.42384200005654
3236,0.03858835200003341,38.58835200003341
3237,0.026376726000080453,26.376726000080453
3238,0.02873005700007525,28.73005700007525
3239,0.023449727000070197,23.449727000070197
3240,0.04180361399994581,41.80361399994581
3241,0.024707370999976774,24.707370999976774
3242,0.02240607299995645,22.40607299995645
3243,0.022478342000113116,22.478342000113116
3244,0.026258460999997624,26.258460999997624
3245,0.02938144499989903,29.38144499989903
3246,0.022901728000078947,22.901728000078947
3247,0.023554921999902945,23.554921999902945
3248,0.0287229179998576,28.7229179998576
3249,0.02885816499997418,28.85816499997418
3250,0.02307856700008415,23.07856700008415
3251,0.02236360799997783,22.36360799997783
3252,0.029102239000167174,29.102239000167174
3253,0.029090389999964827,29.090389999964827
3254,0.02479043800008185,24.79043800008185
3255,0.024125918999970963,24.125918999970963
3256,0.035697403000085615,35.697403000085615
3257,0.023842981999905533,23.842981999905533
3258,0.02355700800012528,23.55700800012528
3259,0.023054448000038974,23.054448000038974
3260,0.031059198000093602,31.059198000093602
3261,0.023491207000006398,23.491207000006398
3262,0.022897962999877564,22.897962999877564
3263,0.022436357999822576,22.436357999822576
3264,0.0372015770001326,37.2015770001326
3265,0.023883063000084803,23.883063000084803
3266,0.023325797000097737,23.325797000097737
3267,0.02342005299988159,23.42005299988159
3268,0.03007322300004489,30.07322300004489
3269,0.023771728999918196,23.771728999918196
3270,0.023035447000211207,23.035447000211207
3271,0.022718550000035975,22.718550000035975
3272,0.03671520900002179,36.71520900002179
3273,0.02884678200007329,28.84678200007329
3274,0.02407292500015501,24.07292500015501
3275,0.022377912000138167,22.377912000138167
3276,0.0323999189999995,32.3999189999995
3277,0.028227709000020695,28.227709000020695
3278,0.02284015800000816,22.84015800000816
3279,0.0224687019999692,22.4687019999692
3280,0.045196226000143724,45.196226000143724
3281,0.024696526000070662,24.696526000070662
3282,0.0252195139999003,25.2195139999003
3283,0.025936270000102013,25.936270000102013
3284,0.031870488000095065,31.870488000095065
3285,0.027257625999936863,27.257625999936863
3286,0.023773015999950076,23.773015999950076
3287,0.023151274999918314,23.151274999918314
3288,0.03844627200010109,38.44627200010109
3289,0.023569898000005196,23.569898000005196
3290,0.02623486199991021,26.23486199991021
3291,0.022478687000102582,22.478687000102582
3292,0.030684005000011894,30.684005000011894
3293,0.029099637999934203,29.099637999934203
3294,0.0235828729998957,23.5828729998957
3295,0.022991924000052677,22.991924000052677
3296,0.0321832639999684,32.1832639999684
3297,0.027412434000098074,27.412434000098074
3298,0.022857936000036716,22.857936000036716
3299,0.02234223599998586,22.34223599998586
3300,0.030224244000010003,30.224244000010003
3301,0.027357114999858823,27.357114999858823
3302,0.024023338000006333,24.023338000006333
3303,0.02648830800012547,26.48830800012547
3304,0.02967938099982348,29.67938099982348
3305,0.024143355999967753,24.143355999967753
3306,0.023455728000044473,23.455728000044473
3307,0.0230638599998656,23.0638599998656
3308,0.027586329000087062,27.586329000087062
3309,0.02628175499989993,26.28175499989993
3310,0.022948442999904728,22.948442999904728
3311,0.022466556000154014,22.466556000154014
3312,0.02968316000010418,29.68316000010418
3313,0.026375095000048532,26.375095000048532
3314,0.023316470000054323,23.316470000054323
3315,0.02345349099982741,23.45349099982741
3316,0.027803912999843305,27.803912999843305
3317,0.026457137000079456,26.457137000079456
3318,0.02284095099980732,22.84095099980732
3319,0.022501437999835616,22.501437999835616
3320,0.03323413599991909,33.23413599991909
3321,0.024177486000098725,24.177486000098725
3322,0.02350839099995028,23.50839099995028
3323,0.0229946319998362,22.9946319998362
3324,0.036840343999983816,36.840343999983816
3325,0.023864389999971536,23.864389999971536
3326,0.02342407099990851,23.42407099990851
3327,0.022606263999932708,22.606263999932708
3328,0.02760130299998309,27.60130299998309
3329,0.02300829099999646,23.00829099999646
3330,0.023412525999901845,23.412525999901845
3331,0.0224783200001184,22.4783200001184
3332,0.03249280399995769,32.49280399995769
3333,0.02406395700018038,24.06395700018038
3334,0.02360840599999392,23.60840599999392
3335,0.02296410899998591,22.96410899998591
3336,0.035156398000026456,35.156398000026456
3337,0.024341217000028337,24.341217000028337
3338,0.023281248000103005,23.281248000103005
3339,0.02254470599996239,22.54470599996239
3340,0.027763073999949484,27.763073999949484
3341,0.023163399999930334,23.163399999930334
3342,0.02290174399990974,22.90174399990974
3343,0.022436002999938864,22.436002999938864
3344,0.031156857000041782,31.156857000041782
3345,0.025390598000058162,25.390598000058162
3346,0.02399078600001303,23.99078600001303
3347,0.022912134000080187,22.912134000080187
3348,0.02892113400002927,28.92113400002927
3349,0.027073459000121147,27.073459000121147
3350,0.0229839799999354,22.9839799999354
3351,0.022608824999906574,22.608824999906574
3352,0.030954366000059963,30.954366000059963
3353,0.024702744000023813,24.702744000023813
3354,0.022825508999858357,22.825508999858357
3355,0.023024317999897903,23.024317999897903
3356,0.03208968200010531,32.08968200010531
3357,0.023807067999996434,23.807067999996434
3358,0.02350869900010366,23.50869900010366
3359,0.022912924999900497,22.912924999900497
3360,0.034941075000006094,34.941075000006094
3361,0.024180013999966832,24.18001399996683
3362,0.02327056000012817,23.27056000012817
3363,0.023261735999994926,23.261735999994926
3364,0.027641297999934977,27.641297999934977
3365,0.02361826700007441,23.61826700007441
3366,0.022810795999930633,22.810795999930633
3367,0.022456229999988864,22.456229999988864
3368,0.03315317100009452,33.15317100009452
3369,0.023918319000131305,23.918319000131305
3370,0.024100177000036638,24.100177000036638
3371,0.023416074999886405,23.416074999886405
3372,0.02719481100007215,27.19481100007215
3373,0.02591923999989376,25.91923999989376
3374,0.022835832000055234,22.835832000055234
3375,0.02257746599980237,22.57746599980237
3376,0.030031890999907773,30.031890999907773
3377,0.027941927000028954,27.941927000028954
3378,0.023024972000030175,23.024972000030175
3379,0.022493180000083157,22.493180000083157
3380,0.031090518000155498,31.090518000155498
3381,0.025678648999928555,25.678648999928555
3382,0.02406946600012816,24.06946600012816
3383,0.023146457999928316,23.146457999928316
3384,0.032118452000077014,32.11845200007701
3385,0.12914885199984383,129.14885199984383
3386,0.04135818700001437,41.35818700001437
3387,0.022474240000065038,22.474240000065038
3388,0.029670102999943992,29.670102999943992
3389,0.028239789999815912,28.239789999815912
3390,0.022943823000105112,22.943823000105112
3391,0.02250972299998466,22.50972299998466
3392,0.02993743400020321,29.93743400020321
3393,0.027945770000087578,27.945770000087578
3394,0.022929427999997642,22.929427999997642
3395,0.022316627000009248,22.316627000009248
3396,0.029807767999955104,29.807767999955104
3397,0.028152975000011793,28.152975000011793
3398,0.02258147999987159,22.58147999987159
3399,0.022527975000002698,22.527975000002698
3400,0.02968490400007795,29.68490400007795
3401,0.0278711440000734,27.8711440000734
3402,0.02291860600007567,22.91860600007567
3403,0.02239763300008235,22.39763300008235
3404,0.029534644000023036,29.534644000023036
3405,0.028639182000006258,28.639182000006258
3406,0.023772931999928915,23.772931999928915
3407,0.02299729500009562,22.99729500009562
3408,0.024076382999965062,24.076382999965062
3409,0.032994287000065015,32.994287000065015
3410,0.022809439999946335,22.809439999946335
3411,0.022709945000087828,22.709945000087828
3412,0.029538511000055223,29.538511000055223
3413,0.027521099999830767,27.521099999830767
3414,0.022914396000032866,22.914396000032866
3415,0.022524767000049906,22.524767000049906
3416,0.02944464799998059,29.44464799998059
3417,0.02825119099998119,28.25119099998119
3418,0.02300651999985348,23.00651999985348
3419,0.023815279000018563,23.815279000018563
3420,0.04747953299988694,47.47953299988694
3421,0.024618941999960953,24.618941999960953
3422,0.02335472499999014,23.35472499999014
3423,0.022853123000004416,22.853123000004416
3424,0.029805723999970724,29.805723999970724
3425,0.027967174999957933,27.967174999957933
3426,0.023022944000103962,23.022944000103962
3427,0.022437519000050088,22.437519000050088
3428,0.02485175599986178,24.85175599986178
3429,0.03244604800011075,32.44604800011075
3430,0.023298741999951744,23.298741999951744
3431,0.02265718100011327,22.65718100011327
3432,0.029973854999980176,29.973854999980176
3433,0.028827209999917613,28.827209999917613
3434,0.02327803799994399,23.27803799994399
3435,0.023144044999980906,23.144044999980906
3436,0.0306328299998313,30.6328299998313
3437,0.024119846000075995,24.119846000075995
3438,0.022823926000000938,22.823926000000938
3439,0.022465917000090485,22.465917000090485
3440,0.03243721600006211,32.43721600006211
3441,0.024239549999947485,24.239549999947485
3442,0.023524070999883406,23.524070999883406
3443,0.02302222499997697,23.02222499997697
3444,0.034779728000103205,34.779728000103205
3445,0.02430689900006655,24.30689900006655
3446,0.02280595499996707,22.80595499996707
3447,0.022812874000010197,22.812874000010197
3448,0.027365827000039644,27.365827000039644
3449,0.024518763999822113,24.518763999822113
3450,0.02349438300007023,23.49438300007023
3451,0.02318080200006989,23.18080200006989
3452,0.03256111699988651,32.56111699988651
3453,0.02445217300009972,24.45217300009972
3454,0.023547708000023704,23.547708000023704
3455,0.02389638299996477,23.89638299996477
3456,0.02768144299989217,27.68144299989217
3457,0.02300279699989005,23.00279699989005
3458,0.02265871600002356,22.65871600002356
3459,0.022530133000145725,22.530133000145725
3460,0.03154278199986038,31.54278199986038
3461,0.023858066999991934,23.858066999991934
3462,0.02358391099983237,23.58391099983237
3463,0.023140022000006866,23.140022000006866
3464,0.0355661799999325,35.5661799999325
3465,0.02481745399995816,24.81745399995816
3466,0.023689034999961223,23.689034999961223
3467,0.022458972000094946,22.458972000094946
3468,0.05216262299995833,52.16262299995833
3469,0.026840853000067,26.840853000067
3470,0.025543067999933555,25.543067999933555
3471,0.024106188000132533,24.106188000132533
3472,0.031080363999990368,31.080363999990368
3473,0.028563779000023715,28.563779000023715
3474,0.023526409999931275,23.526409999931275
3475,0.02335359299991069,23.35359299991069
3476,0.03469437200010361,34.69437200010361
3477,0.0286011260000123,28.6011260000123
3478,0.025568713999973625,25.568713999973625
3479,0.02542373800019959,25.42373800019959
3480,0.040820266999844534,40.820266999844534
3481,0.024445386000024882,24.445386000024882
3482,0.02304759200001172,23.04759200001172
3483,0.02308980399993743,23.08980399993743
3484,0.02875132200006192,28.75132200006192
3485,0.029371868999987782,29.371868999987782
3486,0.023218621000069106,23.218621000069106
3487,0.022700066999959745,22.700066999959745
3488,0.02861236600006123,28.61236600006123
3489,0.027694837000126427,27.694837000126427
3490,0.0229792190000353,22.9792190000353
3491,0.02223517599986735,22.23517599986735
3492,0.029002668999964953,29.002668999964953
3493,0.02843946000007236,28.43946000007236
3494,0.023310868999942613,23.310868999942613
3495,0.02347330900011002,23.47330900011002
3496,0.03568583499986744,35.68583499986744
3497,0.023792173999936495,23.792173999936495
3498,0.02303799999981493,23.03799999981493
3499,0.022492945000067266,22.492945000067266
3500,0.02950667799996154,29.50667799996154
3501,0.02816520400006084,28.16520400006084
3502,0.022779958999990413,22.779958999990413
3503,0.022142685000062556,22.142685000062556
3504,0.029969452999921486,29.969452999921486
3505,0.0284926390002056,28.4926390002056
3506,0.023246258999961356,23.246258999961356
3507,0.02255050000007941,22.55050000007941
3508,0.0252923649998138,25.2923649998138
3509,0.03235943899994709,32.35943899994709
3510,0.023815991999981634,23.815991999981634
3511,0.023349728000084724,23.349728000084724
3512,0.03529204000005848,35.29204000005848
3513,0.02398649499991734,23.98649499991734
3514,0.023424363000003723,23.424363000003723
3515,0.022692998999900738,22.692998999900738
3516,0.02746193400002994,27.46193400002994
3517,0.02365461499994126,23.65461499994126
3518,0.022861035999994783,22.861035999994783
3519,0.02237603699995816,22.37603699995816
3520,0.02948149899998498,29.48149899998498
3521,0.028040978000035466,28.040978000035466
3522,0.023163687000078426,23.163687000078426
3523,0.022508396000148423,22.508396000148423
3524,0.029488835000165636,29.488835000165636
3525,0.028467994000038743,28.467994000038743
3526,0.02346369999986564,23.46369999986564
3527,0.022822332000032475,22.822332000032475
3528,0.030648293000012927,30.648293000012927
3529,0.027501583999992363,27.501583999992363
3530,0.022726743000021088,22.726743000021088
3531,0.02252814700000272,22.52814700000272
3532,0.030584336999936568,30.584336999936568
3533,0.02672819399981563,26.72819399981563
3534,0.02283340199983286,22.83340199983286
3535,0.022561777999953847,22.561777999953847
3536,0.03013996300001054,30.13996300001054
3537,0.028733262000059767,28.733262000059767
3538,0.023473995000131254,23.473995000131254
3539,0.022820533000185605,22.820533000185605
3540,0.02757911100002275,27.57911100002275
3541,0.027803706999975475,27.803706999975475
3542,0.022722887999861996,22.722887999861996
3543,0.022597968999889417,22.597968999889417
3544,0.029484951000085857,29.484951000085857
3545,0.027669463999927757,27.669463999927757
3546,0.02365150600007837,23.65150600007837
3547,0.02283017599984305,22.83017599984305
3548,0.024176761000035185,24.176761000035185
3549,0.03248843999995188,32.48843999995188
3550,0.023278221999817106,23.278221999817106
3551,0.022652288000017506,22.652288000017506
3552,0.029629628999828128,29.629628999828128
3553,0.028521602999944662,28.521602999944662
3554,0.02325938900003166,23.25938900003166
3555,0.02338217800001985,23.38217800001985
3556,0.030348949999961405,30.348949999961405
3557,0.027514386999882845,27.514386999882845
3558,0.02319204099990202,23.19204099990202
3559,0.022530060000008234,22.530060000008234
3560,0.029831622000074276,29.831622000074276
3561,0.027378431999977693,27.378431999977693
3562,0.022942895000142016,22.942895000142016
3563,0.022833231000049636,22.833231000049636
3564,0.03904783200005113,39.04783200005113
3565,0.02343908900002134,23.43908900002134
3566,0.02288437500010332,22.88437500010332
3567,0.022690491000048496,22.690491000048496
3568,0.02778468100018472,27.78468100018472
3569,0.026337204999890673,26.337204999890673
3570,0.02426866200016775,24.26866200016775
3571,0.024677779000057853,24.677779000057853
3572,0.03560206600013771,35.60206600013771
3573,0.029225926999970397,29.225926999970397
3574,0.023739058000046498,23.739058000046498
3575,0.022930075999965993,22.930075999965993
3576,0.031673005000129706,31.673005000129706
3577,0.023117984000009528,23.11798400000953
3578,0.022618308999881265,22.618308999881265
3579,0.022615694000023723,22.615694000023723
3580,0.03239363700004105,32.39363700004105
3581,0.02433916599989061,24.33916599989061
3582,0.023533119999910923,23.533119999910923
3583,0.023103527000102986,23.103527000102986
3584,0.03646572100001322,36.46572100001322
3585,0.023898004000102446,23.898004000102446
3586,0.023740779000036127,23.740779000036127
3587,0.028225096999904054,28.225096999904054
3588,0.04329155499999615,43.29155499999615
3589,0.023783665999872028,23.783665999872028
3590,0.022429852999948707,22.429852999948707
3591,0.022530693999897267,22.530693999897267
3592,0.029471647000036683,29.471647000036683
3593,0.023626021999916702,23.626021999916702
3594,0.02461869899980229,24.61869899980229
3595,0.02306232999990243,23.06232999990243
3596,0.031254099000079805,31.254099000079805
3597,0.02489844899992022,24.89844899992022
3598,0.022933426000008694,22.933426000008694
3599,0.022319101999983104,22.319101999983104
3600,0.028485590000173033,28.485590000173033
3601,0.02325773699999445,23.25773699999445
3602,0.022918846000038684,22.918846000038684
3603,0.02256222699998034,22.56222699998034
3604,0.032302355999945576,32.302355999945576
3605,0.02951392099998884,29.51392099998884
3606,0.02500095400000646,25.00095400000646
3607,0.023578342000064367,23.578342000064367
3608,0.03306968399988364,33.06968399988364
3609,0.028413957000111623,28.413957000111623
3610,0.023606419000088863,23.606419000088863
3611,0.02239030600003389,22.39030600003389
3612,0.031141014000013456,31.141014000013456
3613,0.02817807500014169,28.17807500014169
3614,0.024397628000087934,24.397628000087934
3615,0.02462612700014688,24.62612700014688
3616,0.04128179400004228,41.28179400004228
3617,0.027157911000131207,27.157911000131207
3618,0.023145679999970525,23.145679999970525
3619,0.023213541999894005,23.213541999894005
3620,0.03989312199996675,39.89312199996675
3621,0.0233988859999954,23.3988859999954
3622,0.025794007000058627,25.794007000058627
3623,0.022370014999978594,22.370014999978594
3624,0.029306765000001178,29.306765000001178
3625,0.02892538100013553,28.92538100013553
3626,0.02281302900019,22.81302900019
3627,0.02265022599999611,22.65022599999611
3628,0.029039277000038055,29.039277000038055
3629,0.03185017200007678,31.850172000076782
3630,0.023584185999879992,23.584185999879992
3631,0.023620405999963623,23.620405999963623
3632,0.030820592999816654,30.820592999816654
3633,0.02815909799983274,28.15909799983274
3634,0.022723260000020673,22.723260000020673
3635,0.02440448400011519,24.40448400011519
3636,0.029585808999854635,29.585808999854635
3637,0.031016173999887542,31.016173999887542
3638,0.02550338100013505,25.50338100013505
3639,0.023570337999899493,23.570337999899493
3640,0.02912834699986888,29.12834699986888
3641,0.029157090000126118,29.157090000126118
3642,0.023150865999923553,23.150865999923553
3643,0.022500938000121096,22.500938000121096
3644,0.028908534000038344,28.908534000038344
3645,0.02841789199987943,28.41789199987943
3646,0.02333222900006149,23.33222900006149
3647,0.022725963000084448,22.725963000084448
3648,0.02908751800009668,29.08751800009668
3649,0.028600955000001704,28.600955000001704
3650,0.02259915599984197,22.59915599984197
3651,0.02243433100011316,22.43433100011316
3652,0.028197549999958937,28.197549999958937
3653,0.028981830000020636,28.981830000020636
3654,0.02356833900012134,23.56833900012134
3655,0.02310779000004004,23.10779000004004
3656,0.02911329299990939,29.11329299990939
3657,0.029119163999894226,29.119163999894226
3658,0.02304853599980561,23.04853599980561
3659,0.022224581000045873,22.224581000045873
3660,0.030505253000001176,30.505253000001176
3661,0.028218565000088347,28.218565000088347
3662,0.02253240499999265,22.53240499999265
3663,0.022989576999862038,22.989576999862038
3664,0.035601171000053,35.601171000053
3665,0.02293994699994073,22.93994699994073
3666,0.022866926999995485,22.866926999995485
3667,0.02251075600020158,22.51075600020158
3668,0.02510611999991852,25.10611999991852
3669,0.03256918300007783,32.56918300007783
3670,0.024281119999841394,24.281119999841394
3671,0.023246762000098897,23.246762000098897
3672,0.03394045000004553,33.94045000004553
3673,0.024448145999940607,24.448145999940607
3674,0.02324895199990351,23.24895199990351
3675,0.023054711999975552,23.054711999975552
3676,0.02849581399982526,28.49581399982526
3677,0.02375402400002713,23.75402400002713
3678,0.023071038999887605,23.071038999887605
3679,0.022475745000065217,22.475745000065217
3680,0.035203818999889336,35.203818999889336
3681,0.023538811999969766,23.538811999969766
3682,0.022944940999877872,22.944940999877872
3683,0.02225618699981169,22.25618699981169
3684,0.03263416899994809,32.63416899994809
3685,0.02448465599991323,24.48465599991323
3686,0.023292115999993257,23.292115999993257
3687,0.023055596999938643,23.055596999938643
3688,0.027876933000015924,27.876933000015924
3689,0.02448133500001859,24.48133500001859
3690,0.023612702999798785,23.612702999798785
3691,0.022503369999867573,22.503369999867573
3692,0.03174657699992167,31.746576999921672
3693,0.023970886000142855,23.970886000142855
3694,0.023490025999990394,23.490025999990394
3695,0.023129647999894587,23.129647999894587
3696,0.033807788000103756,33.807788000103756
3697,0.024785819000044285,24.785819000044285
3698,0.023461406000024,23.461406000024
3699,0.023267240999985006,23.267240999985006
3700,0.026341586000171446,26.341586000171446
3701,0.03098212700001568,30.98212700001568
3702,0.02288620199988145,22.88620199988145
3703,0.022684061000063593,22.684061000063593
3704,0.028367629000058514,28.367629000058514
3705,0.023638683000172023,23.638683000172023
3706,0.022918742000001657,22.918742000001657
3707,0.022504083000058017,22.504083000058017
3708,0.02724201000000903,27.24201000000903
3709,0.02858246699997835,28.58246699997835
3710,0.023551432999965982,23.551432999965982
3711,0.023159511999892857,23.159511999892857
3712,0.031910041999935856,31.910041999935856
3713,0.023562972000036098,23.562972000036098
3714,0.024035367999886148,24.035367999886148
3715,0.023255169999856662,23.255169999856662
3716,0.03744406200007688,37.44406200007688
3717,0.023996982999960892,23.996982999960892
3718,0.023538555999948585,23.538555999948585
3719,0.02284068899984959,22.84068899984959
3720,0.026823087999900963,26.823087999900963
3721,0.028730817999985447,28.730817999985447
3722,0.022844360000135566,22.844360000135566
3723,0.022465134999947622,22.465134999947622
3724,0.029321536999987075,29.321536999987075
3725,0.029622831999859045,29.622831999859045
3726,0.023908697000024404,23.908697000024404
3727,0.023095423000086157,23.095423000086157
3728,0.03022900800010575,30.22900800010575
3729,0.02884979099985685,28.84979099985685
3730,0.02307021599995096,23.07021599995096
3731,0.022608820999948875,22.608820999948875
3732,0.030867206000039005,30.867206000039005
3733,0.02901658100017812,29.01658100017812
3734,0.02335629100002734,23.35629100002734
3735,0.023068210000019462,23.068210000019462
3736,0.0289613059999283,28.9613059999283
3737,0.026274830999909682,26.274830999909682
3738,0.023253025000030902,23.253025000030902
3739,0.022497079000004305,22.497079000004305
3740,0.031249032000005172,31.249032000005172
3741,0.02548282299994753,25.48282299994753
3742,0.02362812399996983,23.62812399996983
3743,0.02272027000003618,22.72027000003618
3744,0.033080711999900814,33.080711999900814
3745,0.024054621000004772,24.054621000004772
3746,0.022714590999839857,22.714590999839857
3747,0.02238532399996984,22.38532399996984
3748,0.03861835699990479,38.61835699990479
3749,0.023135695999826567,23.135695999826567
3750,0.022871150999890233,22.871150999890233
3751,0.023043206000011196,23.043206000011196
3752,0.03494082200018056,34.94082200018056
3753,0.024146544999894104,24.146544999894104
3754,0.023475033000067924,23.475033000067924
3755,0.024628983999946286,24.628983999946286
3756,0.04513923299987255,45.13923299987255
3757,0.024752049999960946,24.752049999960946
3758,0.023045293999985006,23.045293999985006
3759,0.02255016699996304,22.55016699996304
3760,0.028093721000004734,28.093721000004734
3761,0.02294143099993562,22.94143099993562
3762,0.023585508999985905,23.585508999985905
3763,0.02247542700001759,22.47542700001759
3764,0.03506837500003712,35.06837500003712
3765,0.0233916390000104,23.3916390000104
3766,0.02316850100010015,23.16850100010015
3767,0.022463487000095483,22.463487000095483
3768,0.03592793600000732,35.92793600000732
3769,0.0301567049998539,30.1567049998539
3770,0.02360899900008917,23.60899900008917
3771,0.023109548000093127,23.109548000093127
3772,0.03209071499986749,32.09071499986749
3773,0.028347393999865744,28.347393999865744
3774,0.023022555000125067,23.022555000125067
3775,0.023098431999869717,23.098431999869717
3776,0.03201887199998055,32.01887199998055
3777,0.02537293199998203,25.37293199998203
3778,0.02323846300009791,23.23846300009791
3779,0.022485993000145754,22.485993000145754
3780,0.03254800299987437,32.54800299987437
3781,0.024864297000021907,24.864297000021907
3782,0.023187596000070698,23.187596000070698
3783,0.0226340799999889,22.6340799999889
3784,0.03682082599993919,36.82082599993919
3785,0.024079088000007687,24.079088000007687
3786,0.023495137000054456,23.495137000054456
3787,0.023186754000107612,23.186754000107612
3788,0.032576360000120985,32.576360000120985
3789,0.024417948000063916,24.417948000063916
3790,0.023315263000085906,23.315263000085906
3791,0.02498302000003605,24.98302000003605
3792,0.02854956500004846,28.54956500004846
3793,0.028842995000104565,28.842995000104565
3794,0.022573785999838947,22.573785999838947
3795,0.022521606000054817,22.521606000054817
3796,0.030600894999906814,30.600894999906814
3797,0.028436675000193645,28.436675000193645
3798,0.023296578000099544,23.296578000099544
3799,0.022524040000007517,22.524040000007517
3800,0.028889522999861583,28.889522999861583
3801,0.0347775709999496,34.7775709999496
3802,0.023091322000027503,23.091322000027503
3803,0.024944283999957406,24.944283999957406
3804,0.024841367999897557,24.841367999897557
3805,0.03320719199996347,33.20719199996347
3806,0.03241183499994804,32.41183499994804
3807,0.028471279000086724,28.471279000086724
3808,0.04757942300011564,47.57942300011564
3809,0.026897210000015548,26.897210000015548
3810,0.025732731000061904,25.732731000061904
3811,0.028213100000129998,28.213100000129998
3812,0.04222917199990661,42.22917199990661
3813,0.02575694300003306,25.75694300003306
3814,0.024188243000025977,24.188243000025977
3815,0.024751429999923857,24.751429999923857
3816,0.04534081600013451,45.34081600013451
3817,0.0260403499999029,26.0403499999029
3818,0.023232756999959747,23.232756999959747
3819,0.023263040000074398,23.263040000074398
3820,0.036881058000062694,36.881058000062694
3821,0.02524144500011971,25.24144500011971
3822,0.023591129000124056,23.591129000124056
3823,0.022651647999964553,22.651647999964553
3824,0.04055276999997659,40.55276999997659
3825,0.10999075299992,109.99075299992
3826,0.027296797000190054,27.296797000190054
3827,0.03224562299988065,32.24562299988065
3828,0.03331257900003948,33.31257900003948
3829,0.028469258999848535,28.469258999848535
3830,0.024025564000112354,24.025564000112354
3831,0.023001923999800056,23.001923999800056
3832,0.031208965999894644,31.208965999894644
3833,0.02435319599999275,24.35319599999275
3834,0.0234443699998792,23.4443699998792
3835,0.023029142000041247,23.029142000041247
3836,0.03339041999993242,33.39041999993242
3837,0.024070586999869192,24.070586999869192
3838,0.023400597999852835,23.400597999852835
3839,0.022126482999965447,22.126482999965447
3840,0.03369255699999485,33.69255699999485
3841,0.0240811720000238,24.0811720000238
3842,0.02438641000003372,24.38641000003372
3843,0.02285420799989879,22.85420799989879
3844,0.02448373500010348,24.48373500010348
3845,0.032946967000043514,32.946967000043514
3846,0.02314384900000732,23.14384900000732
3847,0.022555867000164653,22.555867000164653
3848,0.026994390000027124,26.994390000027124
3849,0.025104756000018824,25.104756000018824
3850,0.022934901000098762,22.934901000098762
3851,0.022514454999964073,22.514454999964073
3852,0.02983264599993163,29.83264599993163
3853,0.028370442999857914,28.370442999857914
3854,0.023489229000006162,23.489229000006162
3855,0.023170948000142744,23.170948000142744
3856,0.03136660399991342,31.366603999913423
3857,0.02475287299989759,24.75287299989759
3858,0.02345138400005453,23.45138400005453
3859,0.023155092000024524,23.155092000024524
3860,0.03169715500007442,31.697155000074417
3861,0.024034946000028867,24.034946000028867
3862,0.023531529999900158,23.531529999900158
3863,0.023135110999874087,23.135110999874087
3864,0.03187899800013838,31.87899800013838
3865,0.023282325000081983,23.282325000081983
3866,0.02257305400007681,22.57305400007681
3867,0.022600411999974312,22.600411999974312
3868,0.03174371700015399,31.743717000153993
3869,0.023612006000121255,23.612006000121255
3870,0.02348975699987932,23.48975699987932
3871,0.0231950530001086,23.1950530001086
3872,0.031935830000065835,31.935830000065835
3873,0.023832824999999502,23.832824999999502
3874,0.023600073999887172,23.600073999887172
3875,0.023021974000130285,23.021974000130285
3876,0.02749747200005004,27.49747200005004
3877,0.026841034000199215,26.841034000199215
3878,0.022733995999942636,22.733995999942636
3879,0.02242415900013839,22.42415900013839
3880,0.031062169000051654,31.062169000051654
3881,0.02496625799994945,24.96625799994945
3882,0.02352485300002627,23.52485300002627
3883,0.023495597999954043,23.495597999954043
3884,0.03127197100002377,31.27197100002377
3885,0.02384007399996335,23.84007399996335
3886,0.022855630999856658,22.855630999856658
3887,0.022398435000013706,22.398435000013706
3888,0.03058487800012699,30.58487800012699
3889,0.02633619199991699,26.33619199991699
3890,0.0227116810001462,22.7116810001462
3891,0.022524299999986397,22.524299999986397
3892,0.02952059599988388,29.52059599988388
3893,0.02830095300009816,28.30095300009816
3894,0.02372681399992871,23.72681399992871
3895,0.02330361700001049,23.30361700001049
3896,0.03203046900011941,32.03046900011941
3897,0.023726837999902273,23.726837999902273
3898,0.023423792999892612,23.423792999892612
3899,0.023489537000159544,23.489537000159544
3900,0.02712792600004832,27.12792600004832
3901,0.028212858999950186,28.212858999950186
3902,0.025615315000095507,25.615315000095507
3903,0.02289130999997724,22.89130999997724
3904,0.027452625000023545,27.452625000023545
3905,0.026073749000033786,26.073749000033786
3906,0.023453663000054803,23.453663000054803
3907,0.02277251400005298,22.77251400005298
3908,0.030800334000105067,30.800334000105067
3909,0.027150649999839516,27.150649999839516
3910,0.023340509000036036,23.340509000036036
3911,0.02328198500003964,23.28198500003964
3912,0.032624254999973346,32.624254999973346
3913,0.024069081999869013,24.069081999869013
3914,0.023224790999847755,23.224790999847755
3915,0.022499309000068024,22.499309000068024
3916,0.032025135000139926,32.025135000139926
3917,0.023574546999952872,23.574546999952872
3918,0.025416554999992513,25.416554999992513
3919,0.024105427999984386,24.105427999984386
3920,0.03976516500006255,39.76516500006255
3921,0.023915961000056996,23.915961000056996
3922,0.02286247300003197,22.86247300003197
3923,0.02237225700014278,22.37225700014278
3924,0.02901852299987695,29.01852299987695
3925,0.02810631700003796,28.10631700003796
3926,0.02325083599998834,23.25083599998834
3927,0.022804645999940476,22.804645999940476
3928,0.03254303000016989,32.54303000016989
3929,0.0278020309999647,27.8020309999647
3930,0.023029263999887917,23.029263999887917
3931,0.022689916999979687,22.689916999979687
3932,0.02995278599996709,29.95278599996709
3933,0.029076413999973738,29.076413999973738
3934,0.023570760999973572,23.570760999973572
3935,0.023085616000116715,23.085616000116715
3936,0.031506807999903685,31.506807999903685
3937,0.024514235999959055,24.514235999959055
3938,0.02375284799995825,23.75284799995825
3939,0.02334731899986764,23.34731899986764
3940,0.028784195000071122,28.784195000071122
3941,0.02339898400009588,23.39898400009588
3942,0.02315521700006684,23.15521700006684
3943,0.022550183000021207,22.550183000021207
3944,0.030789962999961062,30.789962999961062
3945,0.026565627999843855,26.565627999843855
3946,0.02340730699984306,23.40730699984306
3947,0.026601721000133693,26.601721000133693
3948,0.024231196999835447,24.231196999835447
3949,0.026109005000080288,26.109005000080288
3950,0.036975891000111005,36.975891000111005
3951,0.023609480000004623,23.609480000004623
3952,0.030028579000145328,30.028579000145328
3953,0.029752687000154765,29.752687000154765
3954,0.02427091799995651,24.27091799995651
3955,0.023232075000123587,23.232075000123587
3956,0.03129837300002691,31.298373000026913
3957,0.024184242000046652,24.184242000046652
3958,0.023677188999954524,23.677188999954524
3959,0.023072339999998803,23.072339999998803
3960,0.02701376799996069,27.01376799996069
3961,0.02906848199995693,29.06848199995693
3962,0.022874597000054564,22.874597000054564
3963,0.022782703000075344,22.782703000075344
3964,0.031498954999960915,31.498954999960915
3965,0.02366179299997384,23.66179299997384
3966,0.024279960000058054,24.279960000058054
3967,0.026031657000203268,26.031657000203268
3968,0.030370534999974552,30.370534999974552
3969,0.03270377999979246,32.70377999979246
3970,0.02309459200000674,23.09459200000674
3971,0.022290442999974402,22.290442999974402
3972,0.02922178299991174,29.22178299991174
3973,0.028271724999967773,28.271724999967773
3974,0.022669342999961373,22.669342999961373
3975,0.022434824999891134,22.434824999891134
3976,0.028411368000206494,28.411368000206494
3977,0.027947186999881524,27.947186999881524
3978,0.023763821000102325,23.763821000102325
3979,0.02263407400005235,22.63407400005235
3980,0.028541309000047477,28.541309000047477
3981,0.028792859999839493,28.792859999839493
3982,0.02371385400010695,23.71385400010695
3983,0.023163743000168324,23.163743000168324
3984,0.030795702999967034,30.795702999967034
3985,0.02829685899996548,28.29685899996548
3986,0.02301253100017675,23.01253100017675
3987,0.022562966999885248,22.562966999885248
3988,0.030125413999940065,30.125413999940065
3989,0.028508279999869046,28.508279999869046
3990,0.023614066999925853,23.614066999925853
3991,0.02358115800006999,23.58115800006999
3992,0.029580963000171323,29.580963000171323
3993,0.027931548999958977,27.931548999958977
3994,0.02347705399984079,23.47705399984079
3995,0.022746821000055206,22.746821000055206
3996,0.03167978499982382,31.679784999823823
3997,0.02402267299999039,24.02267299999039
3998,0.023368136000044615,23.368136000044615
3999,0.02337206100014555,23.37206100014555
4000,0.027801839999938238,27.801839999938238
4001,0.026123287000018536,26.123287000018536
4002,0.023722425999949337,23.722425999949337
4003,0.023033544000099937,23.033544000099937
4004,0.030923165000103836,30.923165000103836
4005,0.02402279600005386,24.02279600005386
4006,0.02383606199987298,23.83606199987298
4007,0.023226230000091164,23.226230000091164
4008,0.02573272199992971,25.73272199992971
4009,0.03246592599998621,32.46592599998621
4010,0.022908989999905316,22.908989999905316
4011,0.022807431000046563,22.807431000046563
4012,0.035883134000187056,35.883134000187056
4013,0.02437880699994821,24.37880699994821
4014,0.02377633700007209,23.77633700007209
4015,0.02321628800018516,23.21628800018516
4016,0.03192045499986307,31.92045499986307
4017,0.024990670000079263,24.990670000079263
4018,0.023578792000080284,23.578792000080284
4019,0.02235531299993454,22.35531299993454
4020,0.028555568000001585,28.555568000001585
4021,0.023020673000019087,23.020673000019087
4022,0.02277735500001654,22.77735500001654
4023,0.022604927999964275,22.604927999964275
4024,0.031137582999917868,31.137582999917868
4025,0.024407366000104957,24.407366000104957
4026,0.023474423999914507,23.474423999914507
4027,0.025662691000206905,25.662691000206905
4028,0.02809726300006332,28.09726300006332
4029,0.02425387099992804,24.25387099992804
4030,0.023706738000100813,23.706738000100813
4031,0.022495296999977654,22.495296999977654
4032,0.03920954799991705,39.20954799991705
4033,0.024311499000077674,24.311499000077674
4034,0.023854230000097232,23.854230000097232
4035,0.02272404399991501,22.72404399991501
4036,0.03459869800008164,34.59869800008164
4037,0.029296471000179736,29.296471000179736
4038,0.023083865999979025,23.083865999979025
4039,0.02261878199988132,22.61878199988132
4040,0.035307407999880525,35.307407999880525
4041,0.02496281599997019,24.96281599997019
4042,0.023002225000027465,23.002225000027465
4043,0.02231116899997687,22.31116899997687
4044,0.037520699999959106,37.520699999959106
4045,0.02377802499995596,23.77802499995596
4046,0.02368153199995504,23.68153199995504
4047,0.0238618209998549,23.8618209998549
4048,0.02896376700005021,28.96376700005021
4049,0.029612645000042903,29.612645000042903
4050,0.023582786000133638,23.582786000133638
4051,0.022511308000048302,22.511308000048302
4052,0.02899933100002272,28.99933100002272
4053,0.028610917999913,28.610917999913
4054,0.02339950299983684,23.39950299983684
4055,0.022358005000114645,22.358005000114645
4056,0.030102614999805155,30.102614999805155
4057,0.02819041299994751,28.19041299994751
4058,0.022885114000018802,22.885114000018802
4059,0.022394479000013234,22.394479000013234
4060,0.028558743999838043,28.558743999838043
4061,0.029039426000053936,29.039426000053936
4062,0.023534916000016892,23.534916000016892
4063,0.023565751999967688,23.565751999967688
4064,0.03206274199988002,32.06274199988002
4065,0.02852066100012962,28.52066100012962
4066,0.023676560000012614,23.676560000012614
4067,0.022596158999931504,22.596158999931504
4068,0.03160486999991008,31.60486999991008
4069,0.02485691299989412,24.85691299989412
4070,0.023031017999983305,23.031017999983305
4071,0.022940195000046515,22.940195000046515
4072,0.03170402999990074,31.70402999990074
4073,0.02559390600004008,25.59390600004008
4074,0.02352998700007447,23.52998700007447
4075,0.023056896000070992,23.056896000070992
4076,0.027902593999897363,27.902593999897363
4077,0.027573905999815906,27.573905999815906
4078,0.023569982000026357,23.569982000026357
4079,0.02216030900012811,22.16030900012811
4080,0.03127081599996018,31.270815999960178
4081,0.024085737999939738,24.085737999939738
4082,0.023029609999866807,23.029609999866807
4083,0.02259328199988886,22.59328199988886
4084,0.03142825999998422,31.42825999998422
4085,0.025134268999863707,25.134268999863707
4086,0.023819178000167085,23.819178000167085
4087,0.02456369799983804,24.56369799983804
4088,0.04192435199979627,41.92435199979627
4089,0.029152419999945778,29.152419999945778
4090,0.022937422000040897,22.937422000040897
4091,0.022217238999928668,22.217238999928668
4092,0.0323267430001124,32.3267430001124
4093,0.02409320500009926,24.09320500009926
4094,0.023265462999916053,23.265462999916053
4095,0.023064703999807534,23.064703999807534
4096,0.02874931400015157,28.74931400015157
4097,0.026161346999970192,26.161346999970192
4098,0.023163596999893343,23.163596999893343
4099,0.02269106899984763,22.69106899984763
4100,0.030269105999877866,30.269105999877866
4101,0.028020445000038308,28.020445000038308
4102,0.023030252999888035,23.030252999888035
4103,0.022389423000049646,22.389423000049646
4104,0.030539717999999993,30.539717999999993
4105,0.02637071700019078,26.37071700019078
4106,0.02263427700017928,22.63427700017928
4107,0.02262329099994531,22.62329099994531
4108,0.025339563999978054,25.339563999978054
4109,0.03249832800020158,32.49832800020158
4110,0.023834987999862278,23.83498799986228
4111,0.023427207999930033,23.427207999930033
4112,0.03546784700006356,35.46784700006356
4113,0.023931373000095846,23.931373000095846
4114,0.0220985160001419,22.0985160001419
4115,0.021353723999936847,21.353723999936847
4116,0.038367338000171,38.367338000171
4117,0.023024389000056544,23.024389000056544
4118,0.02132823300007658,21.32823300007658
4119,0.021166495999977997,21.166495999977997
4120,0.034334270999806904,34.334270999806904
4121,0.02236646699998346,22.36646699998346
4122,0.021618252000052962,21.618252000052962
4123,0.027713567000091643,27.713567000091643
4124,0.03912996600001861,39.12996600001861
4125,0.023377716999902987,23.377716999902987
4126,0.02353763699989031,23.53763699989031
4127,0.02124590900007206,21.24590900007206
4128,0.029335353999840663,29.335353999840663
4129,0.024007737000147245,24.007737000147245
4130,0.02286374400000568,22.86374400000568
4131,0.02264283899990005,22.64283899990005
4132,0.03167336700016676,31.673367000166763
4133,0.0237238540000817,23.7238540000817
4134,0.023451441000133855,23.451441000133855
4135,0.023091519999979937,23.091519999979937
4136,0.027703879000000597,27.703879000000597
4137,0.02675741799998832,26.75741799998832
4138,0.03556971499983774,35.56971499983774
4139,0.02556601900005262,25.56601900005262
4140,0.04600995500004501,46.00995500004501
4141,0.028316206999988935,28.316206999988935
4142,0.023672756999985722,23.672756999985722
4143,0.023109415999897465,23.109415999897465
4144,0.03437972599999739,34.37972599999739
4145,0.02707279399987783,27.07279399987783
4146,0.024441510000087874,24.441510000087874
4147,0.026257545000134996,26.257545000134996
4148,0.03878621900003054,38.78621900003054
4149,0.024932443999887255,24.932443999887255
4150,0.023470673000019815,23.470673000019815
4151,0.022884007000129714,22.884007000129714
4152,0.026984075999962442,26.984075999962442
4153,0.024151947000063956,24.151947000063956
4154,0.02311960200017893,23.11960200017893
4155,0.02274677399987013,22.74677399987013
4156,0.0321713670000463,32.1713670000463
4157,0.024930353999934596,24.930353999934596
4158,0.023504153999965638,23.504153999965638
4159,0.023251604999813935,23.251604999813935
4160,0.026994409999815616,26.994409999815616
4161,0.025094641000123374,25.094641000123374
4162,0.023417734000076962,23.417734000076962
4163,0.02326645399989502,23.26645399989502
4164,0.031390912999995635,31.390912999995635
4165,0.023441425000100935,23.441425000100935
4166,0.022873487999959252,22.873487999959252
4167,0.02262175600003502,22.62175600003502
4168,0.024891002000003937,24.891002000003937
4169,0.03208131500014133,32.08131500014133
4170,0.023911586000167517,23.911586000167517
4171,0.023497876999954315,23.497876999954315
4172,0.03576774399994065,35.76774399994065
4173,0.024042129999997996,24.042129999997996
4174,0.02355680999994547,23.55680999994547
4175,0.022954427000058786,22.954427000058786
4176,0.028236461000005875,28.236461000005875
4177,0.02295652600014364,22.95652600014364
4178,0.022930954000003112,22.930954000003112
4179,0.022536379000030138,22.536379000030138
4180,0.032237131000101726,32.237131000101726
4181,0.023596157999918432,23.596157999918432
4182,0.023716488999980356,23.716488999980356
4183,0.023237483999992037,23.237483999992037
4184,0.02827149199993073,28.27149199993073
4185,0.026832087000002502,26.832087000002502
4186,0.023548940999944534,23.548940999944534
4187,0.022503701000005094,22.503701000005094
4188,0.030508115999964502,30.508115999964502
4189,0.023044549000132974,23.044549000132974
4190,0.022610577999785164,22.610577999785164
4191,0.024676871000110623,24.676871000110623
4192,0.03491805399994519,34.91805399994519
4193,0.023892097000043577,23.892097000043577
4194,0.02352005000011559,23.52005000011559
4195,0.023191825000139943,23.191825000139943
4196,0.027459128000145938,27.459128000145938
4197,0.024128096999902482,24.128096999902482
4198,0.023097076999874844,23.097076999874844
4199,0.022539751000067554,22.539751000067554
4200,0.0312776399998711,31.2776399998711
4201,0.023247175000051357,23.247175000051357
4202,0.0229131349999534,22.9131349999534
4203,0.022833605999949214,22.833605999949214
4204,0.03122493000000759,31.22493000000759
4205,0.024575968999897668,24.57596899989767
4206,0.02362264899988986,23.62264899988986
4207,0.02328967200014631,23.28967200014631
4208,0.031226763000177016,31.226763000177016
4209,0.023993975999928807,23.993975999928807
4210,0.023670433000006597,23.670433000006597
4211,0.023239399999965826,23.239399999965826
4212,0.0273092480001651,27.3092480001651
4213,0.027624767999895994,27.624767999895994
4214,0.02268506299992623,22.68506299992623
4215,0.022839387999965766,22.839387999965766
4216,0.030224528999951872,30.224528999951872
4217,0.02717275999998492,27.17275999998492
4218,0.023250206000057005,23.250206000057005
4219,0.02266002800001843,22.66002800001843
4220,0.02994000499984395,29.94000499984395
4221,0.027968588000021555,27.968588000021555
4222,0.023696762999861676,23.696762999861676
4223,0.023428645999956643,23.428645999956643
4224,0.032051554999952714,32.051554999952714
4225,0.02395146100002421,23.95146100002421
4226,0.023164658000041527,23.164658000041527
4227,0.02310281799987024,23.10281799987024
4228,0.026516148999917277,26.516148999917277
4229,0.026906510999879174,26.906510999879174
4230,0.023860285999944608,23.860285999944608
4231,0.022640734999868073,22.640734999868073
4232,0.03085868199991637,30.85868199991637
4233,0.027951210000082938,27.951210000082938
4234,0.023537474000022485,23.537474000022485
4235,0.022826973000064754,22.826973000064754
4236,0.027449332999822218,27.449332999822218
4237,0.028893151000147554,28.893151000147554
4238,0.025335759999961738,25.335759999961738
4239,0.024051990999851114,24.051990999851114
4240,0.02697557700003017,26.97557700003017
4241,0.02617287600014606,26.17287600014606
4242,0.02325702499979343,23.25702499979343
4243,0.02250967299983131,22.50967299983131
4244,0.030370629000117333,30.370629000117333
4245,0.027898914999923363,27.898914999923363
4246,0.023599090999823602,23.599090999823602
4247,0.02303979899988917,23.03979899988917
4248,0.0311904540001251,31.1904540001251
4249,0.02482351000003291,24.82351000003291
4250,0.023747914999830755,23.747914999830755
4251,0.023049585999842748,23.049585999842748
4252,0.026550595000117028,26.550595000117028
4253,0.026980346999835092,26.980346999835092
4254,0.023090781000064453,23.090781000064453
4255,0.022757599999977174,22.757599999977174
4256,0.025948828000082358,25.948828000082358
4257,0.03154678999999305,31.546789999993052
4258,0.03153962999999749,31.539629999997487
4259,0.02360441299992999,23.60441299992999
4260,0.027922135999915554,27.922135999915554
4261,0.02873045199999069,28.73045199999069
4262,0.023479577999978574,23.479577999978574
4263,0.02280866900014189,22.80866900014189
4264,0.12962321300005897,129.62321300005897
4265,0.02271075299995573,22.71075299995573
4266,0.022710800999902858,22.710800999902858
4267,0.02301389200010817,23.01389200010817
4268,0.026136355000062395,26.136355000062395
4269,0.032358364999936384,32.358364999936384
4270,0.023747801000126856,23.747801000126856
4271,0.02314815699992323,23.14815699992323
4272,0.032027063999976235,32.027063999976235
4273,0.028477423000140334,28.477423000140334
4274,0.02346856500003014,23.46856500003014
4275,0.02287813699990693,22.87813699990693
4276,0.029757165000091845,29.757165000091845
4277,0.028113296000128685,28.113296000128685
4278,0.022998718000053486,22.998718000053486
4279,0.027864238999882218,27.864238999882218
4280,0.035820534000094995,35.820534000094995
4281,0.02662262900003043,26.62262900003043
4282,0.024497643000131575,24.497643000131575
4283,0.024141794000115624,24.141794000115624
4284,0.03364622699996289,33.64622699996289
4285,0.02879781699994055,28.79781699994055
4286,0.02542238800015184,25.42238800015184
4287,0.023428656000078263,23.428656000078263
4288,0.037970587000017986,37.970587000017986
4289,0.024930341999834127,24.930341999834127
4290,0.02350877499998205,23.50877499998205
4291,0.02315039399991292,23.15039399991292
4292,0.028493615999877875,28.493615999877875
4293,0.028870199999801116,28.870199999801116
4294,0.02308442899993679,23.08442899993679
4295,0.023002610000048662,23.002610000048662
4296,0.02932801799988738,29.32801799988738
4297,0.028987680000000182,28.987680000000182
4298,0.02373486999999841,23.73486999999841
4299,0.02311762399995132,23.11762399995132
4300,0.02984021799989023,29.84021799989023
4301,0.03014009100002113,30.14009100002113
4302,0.02595796600007816,25.95796600007816
4303,0.023110621000114406,23.110621000114406
4304,0.026789234000034412,26.789234000034412
4305,0.028853799999978946,28.853799999978946
4306,0.023586326999975427,23.586326999975427
4307,0.022626331000083155,22.626331000083155
4308,0.032079783999961364,32.079783999961364
4309,0.023897955999927945,23.897955999927945
4310,0.023514289999866378,23.514289999866378
4311,0.023192965999896842,23.192965999896842
4312,0.036798771999883684,36.798771999883684
4313,0.023490973999969356,23.490973999969356
4314,0.023577887000101327,23.577887000101327
4315,0.023057619999917733,23.057619999917733
4316,0.026146017999963078,26.146017999963078
4317,0.030801053000004686,30.801053000004686
4318,0.02385670300009224,23.85670300009224
4319,0.02453139700014617,24.53139700014617
4320,0.02863458499996341,28.63458499996341
4321,0.028733391000059783,28.733391000059783
4322,0.022809777000020404,22.809777000020404
4323,0.022459573999867644,22.459573999867644
4324,0.028948729000148887,28.948729000148887
4325,0.028212598999971306,28.212598999971306
4326,0.0239987499999188,23.9987499999188
4327,0.023137904999884995,23.137904999884995
4328,0.02931989099988641,29.31989099988641
4329,0.029613315999995393,29.613315999995393
4330,0.02322116099981031,23.22116099981031
4331,0.02243225799998072,22.43225799998072
4332,0.03024592599990683,30.24592599990683
4333,0.028731769000160057,28.731769000160057
4334,0.02340895699990142,23.40895699990142
4335,0.02308116299991525,23.08116299991525
4336,0.03116842000008546,31.16842000008546
4337,0.023586378999880253,23.586378999880253
4338,0.023723429000028773,23.723429000028773
4339,0.023145277999901737,23.145277999901737
4340,0.03701189200000954,37.01189200000954
4341,0.024145868000005066,24.145868000005066
4342,0.022890123000024687,22.890123000024687
4343,0.022292733000085718,22.29273300008572
4344,0.034014974999990955,34.014974999990955
4345,0.024411129000100118,24.411129000100118
4346,0.02338278000001992,23.38278000001992
4347,0.0232328019999386,23.2328019999386
4348,0.02635250299999825,26.35250299999825
4349,0.0319999910000206,31.9999910000206
4350,0.02349565600002279,23.49565600002279
4351,0.02312683700006346,23.12683700006346
4352,0.035593474999814134,35.593474999814134
4353,0.028214493999939805,28.214493999939805
4354,0.023089255999821034,23.089255999821034
4355,0.022247376999985136,22.247376999985136
4356,0.031044727999869792,31.044727999869792
4357,0.02731499700007589,27.31499700007589
4358,0.023355447000085405,23.355447000085405
4359,0.023139925000123185,23.139925000123185
4360,0.0334329610000168,33.4329610000168
4361,0.02396715200006838,23.96715200006838
4362,0.0237545190000219,23.7545190000219
4363,0.023134070999958567,23.134070999958567
4364,0.027314614000033544,27.314614000033544
4365,0.02449465700010478,24.49465700010478
4366,0.02299261000007391,22.99261000007391
4367,0.022426000999985263,22.426000999985263
4368,0.024911773999974685,24.911773999974685
4369,0.03210062299990568,32.10062299990568
4370,0.023078690999909668,23.078690999909668
4371,0.02281720700011647,22.81720700011647
4372,0.029819256999871868,29.819256999871868
4373,0.02894127300010041,28.94127300010041
4374,0.023647257999982685,23.647257999982685
4375,0.023411521999832985,23.411521999832985
4376,0.03240947400013283,32.40947400013283
4377,0.024040393999939624,24.040393999939624
4378,0.023631027999954313,23.631027999954313
4379,0.02271273100018334,22.71273100018334
4380,0.040795169999910286,40.795169999910286
4381,0.024644014999921637,24.644014999921637
4382,0.023263667000037458,23.263667000037458
4383,0.022592708000047423,22.592708000047423
4384,0.03461250200007271,34.61250200007271
4385,0.0304452279999623,30.4452279999623
4386,0.024489834999940285,24.489834999940285
4387,0.02306000499993388,23.06000499993388
4388,0.04109702100004142,41.09702100004142
4389,0.024280933000000005,24.280933000000005
4390,0.022731723000106285,22.731723000106285
4391,0.022296767000170803,22.296767000170803
4392,0.030044791000136684,30.044791000136684
4393,0.02813162999996166,28.13162999996166
4394,0.022748137000007773,22.748137000007773
4395,0.02256537500011291,22.56537500011291
4396,0.029894779999949606,29.894779999949606
4397,0.028934595000009722,28.934595000009722
4398,0.022935614000061832,22.935614000061832
4399,0.022533071999987442,22.533071999987442
4400,0.03016331000003447,30.16331000003447
4401,0.029060951000019486,29.060951000019486
4402,0.023635344000012992,23.635344000012992
4403,0.02278113200009102,22.78113200009102
4404,0.030430303000002823,30.430303000002823
4405,0.028666115000078207,28.666115000078207
4406,0.02260421400001178,22.60421400001178
4407,0.02252525499989133,22.52525499989133
4408,0.02504063900005349,25.04063900005349
4409,0.032690047999949456,32.690047999949456
4410,0.023545171999785452,23.545171999785452
4411,0.02276762599990434,22.76762599990434
4412,0.03101371399998243,31.01371399998243
4413,0.02511793899998338,25.11793899998338
4414,0.022926746999928582,22.926746999928582
4415,0.02225720299998102,22.25720299998102
4416,0.030212045000098442,30.212045000098442
4417,0.029081157000064195,29.081157000064195
4418,0.023450221000075544,23.450221000075544
4419,0.024345342000060555,24.345342000060555
4420,0.04187899600015044,41.87899600015044
4421,0.025739079000004494,25.739079000004494
4422,0.02255414999990535,22.55414999990535
4423,0.022515843000064706,22.515843000064706
4424,0.030364072999873315,30.364072999873315
4425,0.02852440300011949,28.52440300011949
4426,0.022966872999859334,22.966872999859334
4427,0.022241982999958054,22.241982999958054
4428,0.024363695999909396,24.363695999909396
4429,0.03347091699993143,33.47091699993143
4430,0.023126236000052813,23.126236000052813
4431,0.023007777999964674,23.007777999964674
4432,0.033681049000051644,33.681049000051644
4433,0.02564506699991398,25.64506699991398
4434,0.02359239699990212,23.59239699990212
4435,0.02334416400003647,23.34416400003647
4436,0.040721054000186996,40.721054000186996
4437,0.023451200999943467,23.451200999943467
4438,0.022691641999927015,22.691641999927015
4439,0.022465512000053423,22.465512000053423
4440,0.029205434999994395,29.205434999994395
4441,0.02718628999991779,27.18628999991779
4442,0.022737537000011798,22.7375370000118
4443,0.02245448899998337,22.45448899998337
4444,0.029079443000000538,29.079443000000538
4445,0.02854085299986764,28.54085299986764
4446,0.02453623999986121,24.53623999986121
4447,0.023196332999987135,23.196332999987135
4448,0.0315826979999656,31.582697999965603
4449,0.02832322699987344,28.32322699987344
4450,0.028033429000061005,28.033429000061005
4451,0.022974491000013586,22.974491000013586
4452,0.026976164000188874,26.976164000188874
4453,0.025118470000052184,25.118470000052184
4454,0.023379832000046008,23.379832000046008
4455,0.024940961000083917,24.940961000083917
4456,0.027060442999982115,27.060442999982115
4457,0.027660784999852694,27.660784999852694
4458,0.0229094599999371,22.9094599999371
4459,0.022734433000096033,22.734433000096033
4460,0.029471376999936183,29.471376999936183
4461,0.028661483999940174,28.661483999940174
4462,0.023595930000055887,23.595930000055887
4463,0.0235946050001985,23.5946050001985
4464,0.03226846300003672,32.26846300003672
4465,0.023725431999991997,23.725431999991997
4466,0.023051699999996345,23.051699999996345
4467,0.023520973999893613,23.520973999893613
4468,0.04754206999996313,47.54206999996313
4469,0.030500391000032323,30.500391000032323
4470,0.029231946999971115,29.231946999971115
4471,0.02844648700011021,28.44648700011021
4472,0.047061598000027516,47.061598000027516
4473,0.033446132000108264,33.446132000108264
4474,0.029414497999823652,29.414497999823652
4475,0.02874557800009825,28.74557800009825
4476,0.04526740200003587,45.26740200003587
4477,0.023331492999886905,23.331492999886905
4478,0.02127942299989627,21.27942299989627
4479,0.034221950000073775,34.221950000073775
4480,0.03426286900003106,34.26286900003106
4481,0.02826634500002001,28.26634500002001
4482,0.044999630000120305,44.999630000120305
4483,0.023184926000112682,23.184926000112682
4484,0.021038128000100187,21.038128000100187
4485,0.020938434000072448,20.938434000072448
4486,0.03469814199979737,34.69814199979737
4487,0.023746973000015714,23.746973000015714
4488,0.022289494000006016,22.289494000006016
4489,0.02217639900004542,22.17639900004542
4490,0.034916691000034916,34.916691000034916
4491,0.022938653999972303,22.938653999972303
4492,0.0218376300001637,21.8376300001637
4493,0.02104338800018013,21.04338800018013
4494,0.032830148000130066,32.830148000130066
4495,0.027412258000140355,27.412258000140355
4496,0.020969526000044425,20.969526000044425
4497,0.02074623800012887,20.74623800012887
4498,0.030506783999953768,30.506783999953768
4499,0.027882153000064136,27.882153000064136
4500,0.021566685999914625,21.566685999914625
4501,0.021200858999918637,21.200858999918637
4502,0.0323627170000691,32.3627170000691
4503,0.023429071999998996,23.429071999998996
4504,0.02240306899989264,22.40306899989264
4505,0.0214948689999801,21.4948689999801
4506,0.026222432000167828,26.222432000167828
4507,0.03371341299998676,33.71341299998676
4508,0.021493096000085643,21.493096000085643
4509,0.020945225999867034,20.945225999867034
4510,0.033836147000101846,33.836147000101846
4511,0.022914221000064572,22.914221000064572
4512,0.02171065000015915,21.71065000015915
4513,0.02450541399980466,24.50541399980466
4514,0.03445573199996943,34.45573199996943
4515,0.023177155999974275,23.177155999974275
4516,0.021934450999879118,21.934450999879118
4517,0.021198791999950117,21.198791999950117
4518,0.03214632000003803,32.14632000003803
4519,0.027303084000095623,27.303084000095623
4520,0.02115702300011435,21.15702300011435
4521,0.02108711199980462,21.08711199980462
4522,0.03020868600015092,30.20868600015092
4523,0.02818429700005254,28.18429700005254
4524,0.021264898000026733,21.264898000026733
4525,0.022007803999940734,22.007803999940734
4526,0.026734856000075524,26.734856000075524
4527,0.03093380099994647,30.93380099994647
4528,0.02240860100005193,22.40860100005193
4529,0.021031882999977825,21.031882999977825
4530,0.033443436999959886,33.443436999959886
4531,0.022214402000145128,22.214402000145128
4532,0.02102391199991871,21.02391199991871
4533,0.0208712099999957,20.8712099999957
4534,0.03208253100001457,32.08253100001457
4535,0.025643696000088312,25.643696000088312
4536,0.021072708000019702,21.072708000019702
4537,0.021038753000084398,21.038753000084398
4538,0.032004643000163924,32.004643000163924
4539,0.028505306999932145,28.505306999932145
4540,0.021847517999958654,21.847517999958654
4541,0.02116189100001975,21.16189100001975
4542,0.032580395999957545,32.580395999957545
4543,0.02788989100008621,27.88989100008621
4544,0.0210080880001442,21.0080880001442
4545,0.0207608270000037,20.7608270000037
4546,0.03465953900013119,34.65953900013119
4547,0.03425453199997719,34.25453199997719
4548,0.023768641000060597,23.768641000060597
4549,0.023438299000190455,23.438299000190455
4550,0.03969529200003308,39.69529200003308
4551,0.024329722000175025,24.329722000175025
4552,0.02284037200001876,22.84037200001876
4553,0.022682875999862517,22.682875999862517
4554,0.033339482999963366,33.339482999963366
4555,0.029399175999969884,29.399175999969884
4556,0.02321391100008441,23.21391100008441
4557,0.02307313799997246,23.07313799997246
4558,0.03473206700004994,34.73206700004994
4559,0.02412353699992309,24.12353699992309
4560,0.022856292999904326,22.856292999904326
4561,0.022919919000059963,22.919919000059963
4562,0.03737792200013246,37.37792200013246
4563,0.02355906100001448,23.55906100001448
4564,0.023046454999985144,23.046454999985144
4565,0.0223406369998429,22.3406369998429
4566,0.028687027999922066,28.687027999922066
4567,0.025622826000017085,25.622826000017085
4568,0.025301432000105706,25.301432000105706
4569,0.02436277600008907,24.36277600008907
4570,0.031456623999929434,31.456623999929434
4571,0.024005697999882614,24.005697999882614
4572,0.024191295000036916,24.191295000036916
4573,0.02304490500000611,23.04490500000611
4574,0.026297808999970584,26.297808999970584
4575,0.03077197800007525,30.77197800007525
4576,0.023311779000096067,23.311779000096067
4577,0.0225188330000492,22.5188330000492
4578,0.028269661999956952,28.269661999956952
4579,0.02906939199988301,29.06939199988301
4580,0.023838148999857367,23.838148999857367
4581,0.02253807199986113,22.53807199986113
4582,0.029047924999986208,29.047924999986208
4583,0.029517084000190152,29.517084000190152
4584,0.023735548000104245,23.735548000104245
4585,0.02374784400012686,23.74784400012686
4586,0.02972904299986112,29.72904299986112
4587,0.030977344999882916,30.977344999882916
4588,0.02625640399992335,26.25640399992335
4589,0.023509255999897505,23.509255999897505
4590,0.02929803200004244,29.29803200004244
4591,0.023272443999985626,23.272443999985626
4592,0.02299705000018548,22.99705000018548
4593,0.022633789999872533,22.633789999872533
4594,0.03143478500010133,31.43478500010133
4595,0.023482280000052924,23.482280000052924
4596,0.023739039000020057,23.739039000020057
4597,0.022518161000107284,22.518161000107284
4598,0.039661863999981506,39.661863999981506
4599,0.022448508000024958,22.448508000024958
4600,0.0212666980000904,21.2666980000904
4601,0.021196718000055625,21.196718000055625
4602,0.02996782699983669,29.96782699983669
4603,0.02733875400008401,27.33875400008401
4604,0.021658776999856855,21.658776999856855
4605,0.021198967999907836,21.198967999907836
4606,0.03313995000007708,33.13995000007708
4607,0.027800565999996252,27.80056599999625
4608,0.021745435999946494,21.745435999946494
4609,0.020865372000116622,20.865372000116622
4610,0.030790438999929393,30.790438999929393
4611,0.027452232999849002,27.452232999849002
4612,0.02126045799991516,21.26045799991516
4613,0.023493286999837437,23.493286999837437
4614,0.03538855400006469,35.38855400006469
4615,0.03011363199993866,30.11363199993866
4616,0.025078070999825286,25.078070999825286
4617,0.03042821000008189,30.42821000008189
4618,0.042815969999992376,42.815969999992376
4619,0.029573373999937758,29.573373999937758
4620,0.02204126200012979,22.04126200012979
4621,0.02159791500002939,21.59791500002939
4622,0.040694221999956426,40.694221999956426
4623,0.023681797000108418,23.681797000108418
4624,0.021228454000038255,21.228454000038255
4625,0.020768253999904118,20.76825399990412
4626,0.03270182799997201,32.70182799997201
4627,0.027640388999998322,27.640388999998322
4628,0.021130129000084708,21.130129000084708
4629,0.020716170000014245,20.716170000014245
4630,0.031223803999864685,31.223803999864685
4631,0.02854392800009009,28.54392800009009
4632,0.02185671100005493,21.85671100005493
4633,0.021389006999925186,21.389006999925186
4634,0.03489514599982613,34.89514599982613
4635,0.03343056499988961,33.43056499988961
4636,0.027154700999972192,27.154700999972192
4637,0.021031378999850858,21.03137899985086
4638,0.029204906000131814,29.204906000131814
4639,0.02210796700001083,22.10796700001083
4640,0.021674544999996215,21.674544999996215
4641,0.021288077000008343,21.288077000008343
4642,0.03302458799998931,33.02458799998931
4643,0.02832778800006963,28.32778800006963
4644,0.021934125999905518,21.93412599990552
4645,0.02082100900020123,20.82100900020123
4646,0.033496274000071935,33.496274000071935
4647,0.02745604699998694,27.45604699998694
4648,0.021388346000094316,21.388346000094316
4649,0.020742313999789985,20.742313999789985
4650,0.030957408999938707,30.957408999938707
4651,0.027727595999976984,27.727595999976984
4652,0.021572670000068683,21.572670000068683
4653,0.020853084999998828,20.853084999998828
4654,0.030927097999892794,30.927097999892794
4655,0.02830996700004107,28.30996700004107
4656,0.022178728999961095,22.178728999961095
4657,0.02137956799992935,21.37956799992935
4658,0.030382855999960157,30.382855999960157
4659,0.028853255000058198,28.853255000058198
4660,0.021244312999897375,21.244312999897375
4661,0.02085683100017377,20.85683100017377
4662,0.029260190999821134,29.260190999821134
4663,0.02200664599990887,22.00664599990887
4664,0.02244765299997198,22.44765299997198
4665,0.021067325000103665,21.067325000103665
4666,0.03216841299990847,32.16841299990847
4667,0.027716062999843416,27.716062999843416
4668,0.022480741999970633,22.480741999970633
4669,0.02165595399992526,21.65595399992526
4670,0.033080080999980055,33.080080999980055
4671,0.028260130000035133,28.260130000035133
4672,0.02170835100014301,21.70835100014301
4673,0.02071508799986077,20.71508799986077
4674,0.031076192000000447,31.076192000000447
4675,0.02763817600020957,27.63817600020957
4676,0.021319073000086064,21.319073000086064
4677,0.02080310900009863,20.80310900009863
4678,0.031051314000023922,31.051314000023922
4679,0.027858916000013778,27.858916000013778
4680,0.02214768300018477,22.14768300018477
4681,0.021514625999998316,21.514625999998316
4682,0.031917713999973785,31.917713999973785
4683,0.028194849999863436,28.194849999863436
4684,0.02178348699999333,21.78348699999333
4685,0.021427559999892765,21.427559999892765
4686,0.027695665000010194,27.695665000010194
4687,0.030913137999959872,30.913137999959872
4688,0.02137988099980248,21.37988099980248
4689,0.02252112699989084,22.52112699989084
4690,0.02746453100007784,27.46453100007784
4691,0.02956367699994189,29.56367699994189
4692,0.021267929000032382,21.26792900003238
4693,0.02111801700016258,21.11801700016258
4694,0.02840452399982496,28.40452399982496
4695,0.025893164000081015,25.893164000081015
4696,0.021269217000053686,21.269217000053686
4697,0.021003265999979703,21.003265999979703
4698,0.03375723699991795,33.75723699991795
4699,0.028258110000024317,28.258110000024317
4700,0.021553268000161552,21.55326800016155
4701,0.02123137100011263,21.23137100011263
4702,0.03251321399989138,32.51321399989138
4703,0.027617835000000923,27.617835000000923
4704,0.021173159999989366,21.173159999989366
4705,0.020783797999911258,20.783797999911258
4706,0.030880901000045924,30.880901000045924
4707,0.027324781000061193,27.324781000061193
4708,0.021372007000081794,21.372007000081794
4709,0.02073098799996842,20.73098799996842
4710,0.030058032000169987,30.058032000169987
4711,0.023159561000056783,23.159561000056783
4712,0.02179895100016438,21.79895100016438
4713,0.021511806000034994,21.511806000034994
4714,0.0311754800000017,31.1754800000017
4715,0.11992661800013593,119.92661800013593
4716,0.07730033099983302,77.30033099983302
4717,0.02079366799989657,20.79366799989657
4718,0.03664428100000805,36.64428100000805
4719,0.02247411300004387,22.47411300004387
4720,0.02109410699995351,21.09410699995351
4721,0.02045130600004086,20.45130600004086
4722,0.03247001500017177,32.47001500017177
4723,0.027240511999934824,27.240511999934824
4724,0.021131556999989698,21.131556999989698
4725,0.02057034799986468,20.57034799986468
4726,0.03230867899992518,32.30867899992518
4727,0.027356887999985702,27.3568879999857
4728,0.021785833999956594,21.785833999956594
4729,0.022027050999895437,22.027050999895437
4730,0.03054713400001674,30.54713400001674
4731,0.027769044999786274,27.769044999786274
4732,0.02112454500002059,21.12454500002059
4733,0.02143409499990412,21.43409499990412
4734,0.03164752700013196,31.64752700013196
4735,0.023237041000129466,23.237041000129466
4736,0.021658054999988963,21.658054999988963
4737,0.02145599900018169,21.45599900018169
4738,0.0340217489999759,34.0217489999759
4739,0.02485726099985186,24.85726099985186
4740,0.02309529800004384,23.09529800004384
4741,0.022544372000083968,22.544372000083968
4742,0.03671596600020166,36.71596600020166
4743,0.025427428999819313,25.427428999819313
4744,0.023746424000137267,23.746424000137267
4745,0.022935204000077647,22.935204000077647
4746,0.029913166000142155,29.913166000142155
4747,0.028064928000048894,28.064928000048894
4748,0.022941942999977982,22.941942999977982
4749,0.02249807799989867,22.49807799989867
4750,0.02864162400010173,28.64162400010173
4751,0.028322256999899764,28.322256999899764
4752,0.024362211999914507,24.362211999914507
4753,0.0244359920000079,24.4359920000079
4754,0.03427276799993706,34.27276799993706
4755,0.024608017999980802,24.608017999980802
4756,0.023462319000145726,23.462319000145726
4757,0.022778653999921517,22.778653999921517
4758,0.0317632810001669,31.7632810001669
4759,0.023764195000012478,23.764195000012478
4760,0.023473167000020112,23.473167000020112
4761,0.02302470900008302,23.02470900008302
4762,0.02871528200012108,28.71528200012108
4763,0.026667455000051632,26.667455000051632
4764,0.02325244999997267,23.25244999997267
4765,0.022485106999965865,22.485106999965865
4766,0.02939128000002711,29.39128000002711
4767,0.028219659000114916,28.219659000114916
4768,0.02305697799988593,23.05697799988593
4769,0.02216966599985426,22.16966599985426
4770,0.030193879999842466,30.193879999842466
4771,0.027932120000059513,27.932120000059513
4772,0.022880490000034115,22.880490000034115
4773,0.022449687999824164,22.449687999824164
4774,0.02995724499987773,29.95724499987773
4775,0.02790922999997747,27.90922999997747
4776,0.023747903999947084,23.747903999947084
4777,0.023026416999982757,23.026416999982757
4778,0.03192418399999042,31.92418399999042
4779,0.02396131999989848,23.96131999989848
4780,0.024301824000076522,24.30182400007652
4781,0.023081910000200878,23.081910000200878
4782,0.027655527000206348,27.655527000206348
4783,0.02672244900008991,26.72244900008991
4784,0.022608664000017598,22.608664000017598
4785,0.02300298099999054,23.00298099999054
4786,0.02990570899987688,29.90570899987688
4787,0.02746108000019376,27.46108000019376
4788,0.023060195999960342,23.060195999960342
4789,0.023357898999847748,23.357898999847748
4790,0.03925472100013394,39.25472100013394
4791,0.0257598869998219,25.7598869998219
4792,0.02371394700003293,23.71394700003293
4793,0.022961488999953872,22.961488999953872
4794,0.034080363000157377,34.08036300015738
4795,0.030724676000090767,30.724676000090767
4796,0.023669808000022385,23.669808000022385
4797,0.02296708500011846,22.96708500011846
4798,0.038753446000100666,38.753446000100666
4799,0.02343146299995169,23.43146299995169
4800,0.02290918399990005,22.90918399990005
4801,0.02555658400001448,25.55658400001448
4802,0.03724372600004244,37.24372600004244
4803,0.0330298019998736,33.0298019998736
4804,0.02589659299997038,25.89659299997038
4805,0.02574574000004759,25.74574000004759
4806,0.04581349499994758,45.81349499994758
4807,0.02691512599994894,26.91512599994894
4808,0.023678224000150294,23.678224000150294
4809,0.023164607999888176,23.164607999888176
4810,0.025238653000087652,25.238653000087652
4811,0.03429394700015109,34.29394700015109
4812,0.02579669300007481,25.79669300007481
4813,0.024098134000041682,24.098134000041682
4814,0.044784410999909596,44.784410999909596
4815,0.024014852000163955,24.014852000163955
4816,0.02279300399982276,22.79300399982276
4817,0.022454603999904066,22.454603999904066
4818,0.031843816999980845,31.843816999980845
4819,0.02861782700006188,28.61782700006188
4820,0.023297169999977996,23.297169999977996
4821,0.02338539199990919,23.38539199990919
4822,0.03156708299979982,31.567082999799823
4823,0.025089693999916562,25.089693999916562
4824,0.02347524400011025,23.47524400011025
4825,0.023381509000046208,23.381509000046208
4826,0.02479054399987035,24.79054399987035
4827,0.032821565999938684,32.821565999938684
4828,0.02322832400000152,23.22832400000152
4829,0.023131573999989996,23.131573999989996
4830,0.03594638499998837,35.94638499998837
4831,0.02422292500000367,24.22292500000367
4832,0.023321449999912147,23.321449999912147
4833,0.02302970200003074,23.02970200003074
4834,0.026416999000048236,26.416999000048236
4835,0.031470248000005085,31.470248000005085
4836,0.02295417200002703,22.95417200002703
4837,0.022804589000088527,22.804589000088527
4838,0.02633558799993807,26.33558799993807
4839,0.029807325000092533,29.807325000092533
4840,0.023053624000112904,23.053624000112904
4841,0.022588325000015175,22.588325000015175
4842,0.028636586999937208,28.636586999937208
4843,0.029025478999983534,29.025478999983534
4844,0.022946434000004956,22.946434000004956
4845,0.023161824999988312,23.161824999988312
4846,0.029165333000037208,29.165333000037208
4847,0.029104428999971788,29.104428999971788
4848,0.023632554999949207,23.632554999949207
4849,0.02319411600001331,23.19411600001331
4850,0.02863240300007419,28.63240300007419
4851,0.02834793399983937,28.34793399983937
4852,0.022895215000062308,22.895215000062308
4853,0.02222566899990852,22.22566899990852
4854,0.029094640000039362,29.094640000039362
4855,0.028597606999937852,28.597606999937852
4856,0.02290201599998909,22.90201599998909
4857,0.022597869000037463,22.597869000037463
4858,0.0288093909998679,28.8093909998679
4859,0.028836157000114326,28.836157000114326
4860,0.02351843200017356,23.51843200017356
4861,0.023061858000119173,23.061858000119173
4862,0.030338000999790893,30.338000999790893
4863,0.02844380600004115,28.44380600004115
4864,0.022980942999993204,22.980942999993204
4865,0.022255981999933283,22.255981999933283
4866,0.029960561999814672,29.960561999814672
4867,0.02850213800002166,28.50213800002166
4868,0.02309105099993758,23.09105099993758
4869,0.022747469999785608,22.747469999785608
4870,0.03010902599999099,30.10902599999099
4871,0.028539309999814577,28.539309999814577
4872,0.023065959999939878,23.065959999939878
4873,0.024028187000112666,24.028187000112666
4874,0.030378752999922654,30.378752999922654
4875,0.025312514999995983,25.312514999995983
4876,0.023673357000006945,23.673357000006945
4877,0.022782550000101764,22.782550000101764
4878,0.032988968999916324,32.988968999916324
4879,0.02422042499983945,24.22042499983945
4880,0.023411206999981005,23.411206999981005
4881,0.02263532900019527,22.63532900019527
4882,0.03641678100007084,36.41678100007084
4883,0.023698089000163236,23.698089000163236
4884,0.02350212500005,23.50212500005
4885,0.02317648799999006,23.17648799999006
4886,0.026050746000009894,26.050746000009894
4887,0.03243744900009915,32.43744900009915
4888,0.023720261999869763,23.720261999869763
4889,0.02283948700005567,22.83948700005567
4890,0.028970291999939946,28.970291999939946
4891,0.02851031599993803,28.51031599993803
4892,0.023081576000095083,23.081576000095083
4893,0.02269849999993312,22.69849999993312
4894,0.028846291000036217,28.846291000036217
4895,0.028510353000001487,28.510353000001487
4896,0.023618391999889354,23.618391999889354
4897,0.023191932999907294,23.191932999907294
4898,0.036857196000028125,36.857196000028125
4899,0.024015120000058232,24.015120000058232
4900,0.023638978999997562,23.638978999997562
4901,0.02315308299989738,23.15308299989738
4902,0.024647618000017246,24.647618000017246
4903,0.03234214400004021,32.34214400004021
4904,0.022698995999917315,22.698995999917315
4905,0.022670636000157174,22.670636000157174
4906,0.027125243999989834,27.125243999989834
4907,0.03223033700010092,32.23033700010092
4908,0.026287857000170334,26.287857000170334
4909,0.023552471000130026,23.552471000130026
4910,0.02930274499999541,29.30274499999541
4911,0.030533478000052128,30.533478000052128
4912,0.023109268999860433,23.109268999860433
4913,0.02343140800007859,23.43140800007859
4914,0.034298314999887225,34.298314999887225
4915,0.027300641000010728,27.300641000010728
4916,0.022896860999935598,22.896860999935598
4917,0.022790255000018078,22.790255000018078
4918,0.031048704999875554,31.048704999875554
4919,0.032435492000104205,32.435492000104205
4920,0.02540793899993332,25.40793899993332
4921,0.023956407000014224,23.956407000014224
4922,0.029386487000010675,29.386487000010675
4923,0.029053895000060947,29.053895000060947
4924,0.02362922499992237,23.62922499992237
4925,0.022668295999892507,22.668295999892507
4926,0.02851228600002287,28.51228600002287
4927,0.02848792399981903,28.48792399981903
4928,0.022845676000088133,22.845676000088133
4929,0.02253961400015214,22.53961400015214
4930,0.029174681999847962,29.174681999847962
4931,0.028680966999900193,28.680966999900193
4932,0.023531024000021716,23.531024000021716
4933,0.023340810000036072,23.340810000036072
4934,0.03033951900010834,30.33951900010834
4935,0.02829767899993385,28.29767899993385
4936,0.023118878000104814,23.118878000104814
4937,0.022321701000009853,22.321701000009853
4938,0.02935689000014463,29.35689000014463
4939,0.028155710999953953,28.155710999953953
4940,0.022680675999936284,22.680675999936284
4941,0.02279340199993385,22.79340199993385
4942,0.030228993000037008,30.228993000037008
4943,0.028096029999915118,28.096029999915118
4944,0.023071261000040977,23.071261000040977
4945,0.022737593999863748,22.737593999863748
4946,0.030872769999859884,30.872769999859884
4947,0.0291589670000576,29.1589670000576
4948,0.023824635999972088,23.824635999972088
4949,0.02287193600000137,22.87193600000137
4950,0.0373995710001509,37.3995710001509
4951,0.032913164000092365,32.913164000092365
4952,0.029151392000130727,29.151392000130727
4953,0.025838644000032218,25.838644000032218
4954,0.050153219999856447,50.15321999985645
4955,0.033509231999914846,33.509231999914846
4956,0.021018663999939236,21.018663999939236
4957,0.021204118000014205,21.204118000014205
4958,0.03261346399995091,32.61346399995091
4959,0.022734880999905727,22.734880999905727
4960,0.021215536999989126,21.215536999989126
4961,0.02074077599991142,20.74077599991142
4962,0.034308567999914885,34.308567999914885
4963,0.03724766699997417,37.24766699997417
4964,0.022582054999929824,22.582054999929824
4965,0.022017073999904824,22.017073999904824
4966,0.03178531699995801,31.785316999958013
4967,0.03574037299995325,35.74037299995325
4968,0.02526581500001157,25.26581500001157
4969,0.024543037000057666,24.543037000057666
4970,0.02776698699994995,27.76698699994995
4971,0.0309053450000647,30.9053450000647
4972,0.02131051599985767,21.31051599985767
4973,0.020750560000124096,20.750560000124096
4974,0.029122740000047997,29.122740000047997
4975,0.021764068999800656,21.764068999800656
4976,0.021262058000047546,21.262058000047546
4977,0.0209104219998153,20.9104219998153
4978,0.03238231899990751,32.38231899990751
4979,0.028370310999889625,28.370310999889625
4980,0.021731019000071683,21.731019000071683
4981,0.021340861999988192,21.340861999988192
4982,0.0336973640000906,33.6973640000906
4983,0.028010981000079482,28.010981000079482
4984,0.021812768000017968,21.812768000017968
4985,0.02109117600002719,21.09117600002719
4986,0.03263383800003794,32.63383800003794
4987,0.0279778990000068,27.9778990000068
4988,0.021484673000031762,21.484673000031762
4989,0.021066737999944962,21.066737999944962
4990,0.03078012699984356,30.78012699984356
4991,0.02944381800011797,29.44381800011797
4992,0.02204270499987615,22.04270499987615
4993,0.021245356999997966,21.245356999997966
4994,0.036670802000116964,36.670802000116964
4995,0.022818830999995043,22.818830999995043
4996,0.02236092000021017,22.36092000021017
4997,0.02053043300020363,20.53043300020363
4998,0.02777508300005138,27.77508300005138
4999,0.030533418999993955,30.533418999993955
5000,0.0211524260000715,21.1524260000715
5001,0.021015785000145115,21.015785000145115
5002,0.028741827999965608,28.741827999965608
5003,0.025418942999976935,25.418942999976935
5004,0.021251130999871748,21.251130999871748
5005,0.02124807600011991,21.24807600011991
5006,0.03303225500008011,33.03225500008011
5007,0.027697415999909936,27.697415999909936
5008,0.022260162000065975,22.260162000065975
5009,0.02193039899998439,21.93039899998439
5010,0.03358232400000816,33.58232400000816
5011,0.022949317999973573,22.949317999973573
5012,0.021470357999987755,21.470357999987755
5013,0.0209026279999307,20.9026279999307
5014,0.03200503400012167,32.00503400012167
5015,0.02720134599985613,27.20134599985613
5016,0.02134240099985618,21.34240099985618
5017,0.021272581000175705,21.272581000175705
5018,0.030447265000020707,30.447265000020707
5019,0.028670030000057523,28.670030000057523
5020,0.021738162000019656,21.738162000019656
5021,0.021594606999997268,21.594606999997268
5022,0.030071784000028856,30.071784000028856
5023,0.02913020799996957,29.13020799996957
5024,0.022148340999819993,22.148340999819993
5025,0.02092671600007634,20.92671600007634
5026,0.03231960099992648,32.31960099992648
5027,0.022031872000070507,22.031872000070507
5028,0.022036221999996997,22.036221999996997
5029,0.021214822000047207,21.214822000047207
5030,0.032539026999984344,32.539026999984344
5031,0.026377808000006553,26.377808000006553
5032,0.021552256999939345,21.552256999939345
5033,0.021404144000143788,21.404144000143788
5034,0.033085540000001856,33.085540000001856
5035,0.02822951899997861,28.22951899997861
5036,0.021663392999926145,21.663392999926145
5037,0.02157200900001044,21.57200900001044
5038,0.035268233999886434,35.268233999886434
5039,0.023897875999864482,23.897875999864482
5040,0.021729963000097996,21.729963000097996
5041,0.021101823999970293,21.101823999970293
5042,0.034027791999960755,34.027791999960755
5043,0.027439305000143577,27.439305000143577
5044,0.021278410999912012,21.278410999912012
5045,0.02089699200018913,20.89699200018913
5046,0.030888833000062732,30.888833000062732
5047,0.028200150999964535,28.200150999964535
5048,0.02200830199990378,22.00830199990378
5049,0.021837679999862303,21.837679999862303
5050,0.0328055800000584,32.8055800000584
5051,0.027925544999789054,27.925544999789054
5052,0.021714415000133158,21.714415000133158
5053,0.02115969200008294,21.15969200008294
5054,0.038295158999972045,38.295158999972045
5055,0.024814557999889075,24.814557999889075
5056,0.022850972000014735,22.850972000014735
5057,0.022329256999910285,22.329256999910285
5058,0.03200187999982518,32.00187999982518
5059,0.024210880000055113,24.210880000055113
5060,0.023214084000073854,23.214084000073854
5061,0.023339014999919527,23.339014999919527
5062,0.029454049000150917,29.454049000150917
5063,0.023870053000109692,23.870053000109692
5064,0.02355044099999759,23.55044099999759
5065,0.023248199999898134,23.248199999898134
5066,0.03232797300006496,32.32797300006496
5067,0.023416062000023885,23.416062000023885
5068,0.023190829999975904,23.190829999975904
5069,0.022716330000093876,22.716330000093876
5070,0.027322347999870544,27.322347999870544
5071,0.03252631000009387,32.52631000009387
5072,0.023320484999885593,23.320484999885593
5073,0.02320999399989887,23.20999399989887
5074,0.027102824999929,27.102824999929
5075,0.022986129999935656,22.986129999935656
5076,0.023040002000016102,23.040002000016102
5077,0.022449787999903492,22.449787999903492
5078,0.03042541600007098,30.42541600007098
5079,0.028186257000015758,28.186257000015758
5080,0.022951802000079624,22.951802000079624
5081,0.022791163999954733,22.791163999954733
5082,0.030924479000077554,30.924479000077554
5083,0.024916390000043975,24.916390000043975
5084,0.02346691100001408,23.46691100001408
5085,0.023429931000009674,23.429931000009674
5086,0.033518631999868376,33.518631999868376
5087,0.023850498999991032,23.850498999991032
5088,0.023904532000187828,23.904532000187828
5089,0.024142739999888363,24.142739999888363
5090,0.028027028999986214,28.027028999986214
5091,0.034003495000206385,34.003495000206385
5092,0.02308115400001043,23.08115400001043
5093,0.022602637000090908,22.60263700009091
5094,0.03005545499991058,30.05545499991058
5095,0.028353135000088514,28.353135000088514
5096,0.023073930000009568,23.073930000009568
5097,0.022419327000079647,22.419327000079647
5098,0.02880799200011097,28.80799200011097
5099,0.02936655400003474,29.36655400003474
5100,0.023082515999931275,23.082515999931275
5101,0.02249805299993568,22.49805299993568
5102,0.028831666000087353,28.831666000087353
5103,0.030073636999986775,30.073636999986775
5104,0.02491765300010229,24.91765300010229
5105,0.02346464700008255,23.46464700008255
5106,0.030778613000165933,30.778613000165933
5107,0.02704336300007526,27.04336300007526
5108,0.023474767999914548,23.474767999914548
5109,0.02260603300010189,22.60603300010189
5110,0.02463188599995192,24.63188599995192
5111,0.032002987999931065,32.002987999931065
5112,0.023161229999914212,23.161229999914212
5113,0.022929587000135143,22.929587000135143
5114,0.03183333099991614,31.833330999916143
5115,0.024216147000061028,24.216147000061028
5116,0.023783151000088765,23.783151000088765
5117,0.022836356999960117,22.836356999960117
5118,0.03399588299998868,33.99588299998868
5119,0.02385819200003425,23.85819200003425
5120,0.023658123999894087,23.658123999894087
5121,0.02303298300012102,23.03298300012102
5122,0.02752956299991638,27.52956299991638
5123,0.024840841000013825,24.840841000013825
5124,0.02286796599992158,22.86796599992158
5125,0.022567323999965083,22.567323999965083
5126,0.029605163000042012,29.605163000042012
5127,0.02737593500000912,27.37593500000912
5128,0.023540873999991163,23.540873999991163
5129,0.022909170000048107,22.909170000048107
5130,0.028919085000097766,28.919085000097766
5131,0.02392948100009562,23.92948100009562
5132,0.023338142000056905,23.338142000056905
5133,0.022505311000031725,22.505311000031725
5134,0.03180845499991847,31.808454999918467
5135,0.023162106999961907,23.162106999961907
5136,0.02290749999997388,22.90749999997388
5137,0.024655545999848982,24.655545999848982
5138,0.027560855000047013,27.560855000047013
5139,0.03380268000000797,33.80268000000797
5140,0.026780980000012278,26.780980000012278
5141,0.024954902999979822,24.954902999979822
5142,0.05625655100016047,56.25655100016047
5143,0.026965677999896798,26.965677999896798
5144,0.025861403999897448,25.861403999897448
5145,0.02485010999998849,24.85010999998849
5146,0.04970799500006251,49.70799500006251
5147,0.02485347400011051,24.85347400011051
5148,0.023364743999991333,23.364743999991333
5149,0.02322342499996921,23.22342499996921
5150,0.043068300000186355,43.068300000186355
5151,0.02661298199996054,26.61298199996054
5152,0.02457111800003986,24.57111800003986
5153,0.022549688000026435,22.549688000026435
5154,0.02922431999991204,29.22431999991204
5155,0.028827168000134407,28.827168000134407
5156,0.023343405999867173,23.343405999867173
5157,0.02308962300003259,23.08962300003259
5158,0.029104657000061707,29.104657000061707
5159,0.02882362400009697,28.82362400009697
5160,0.02317187600010584,23.17187600010584
5161,0.022786978000112867,22.786978000112867
5162,0.029601285999888205,29.601285999888205
5163,0.028248978999954488,28.24897899995449
5164,0.02282604399988486,22.82604399988486
5165,0.022803823999993256,22.803823999993256
5166,0.030307090999940556,30.307090999940556
5167,0.027678166999976384,27.678166999976384
5168,0.027539300999933403,27.539300999933403
5169,0.02302007399998729,23.02007399998729
5170,0.024663079999982074,24.663079999982074
5171,0.03187482399994224,31.874823999942237
5172,0.023772187000076883,23.772187000076883
5173,0.02338086600002498,23.38086600002498
5174,0.027501618999849597,27.501618999849597
5175,0.02817327900015698,28.17327900015698
5176,0.022973679999950036,22.973679999950036
5177,0.02242226000021219,22.42226000021219
5178,0.02990914600013639,29.90914600013639
5179,0.027931124999895474,27.931124999895474
5180,0.02282245099991087,22.82245099991087
5181,0.022828741000012087,22.828741000012087
5182,0.11399285599986797,113.99285599986797
5183,0.042816068000092855,42.816068000092855
5184,0.02346333099990261,23.46333099990261
5185,0.023188678999986223,23.188678999986223
5186,0.025889965000033044,25.889965000033044
5187,0.03234220700005608,32.34220700005608
5188,0.023397125000201413,23.397125000201413
5189,0.022770050999952218,22.77005099995222
5190,0.03101591599988751,31.01591599988751
5191,0.025335256999824196,25.335256999824196
5192,0.023449436999953832,23.449436999953832
5193,0.023120926999808944,23.120926999808944
5194,0.03198207199989156,31.98207199989156
5195,0.02306165200002397,23.06165200002397
5196,0.021852516000080868,21.85251600008087
5197,0.021004598999979862,21.004598999979862
5198,0.034371324999938224,34.371324999938224
5199,0.025944211000023643,25.944211000023643
5200,0.021438355000100273,21.438355000100273
5201,0.020679575000031036,20.679575000031036
5202,0.03295186299988018,32.95186299988018
5203,0.03231886700018549,32.31886700018549
5204,0.02285752800003138,22.85752800003138
5205,0.023351762000174858,23.35176200017486
5206,0.03800026299995807,38.00026299995807
5207,0.0240718680001919,24.0718680001919
5208,0.023615995999989536,23.615995999989536
5209,0.02317079499994179,23.17079499994179
5210,0.03089866200002689,30.89866200002689
5211,0.02875322399995639,28.75322399995639
5212,0.023161878000109937,23.161878000109937
5213,0.02299225599995225,22.99225599995225
5214,0.03015090600001713,30.15090600001713
5215,0.02868841000008615,28.68841000008615
5216,0.023003879000043526,23.003879000043526
5217,0.02262852700005169,22.62852700005169
5218,0.031159201000036774,31.159201000036774
5219,0.027774979000014355,27.774979000014355
5220,0.023344430999941324,23.344430999941324
5221,0.022694479000165302,22.694479000165302
5222,0.0327867610001249,32.7867610001249
5223,0.0259813509999276,25.9813509999276
5224,0.023747235999962868,23.747235999962868
5225,0.023290077000183373,23.290077000183373
5226,0.02991629500002091,29.91629500002091
5227,0.023996153000098275,23.996153000098275
5228,0.02346671400005107,23.46671400005107
5229,0.022853971999893474,22.853971999893474
5230,0.03952503400000751,39.52503400000751
5231,0.023876206000068123,23.876206000068123
5232,0.02355321200002436,23.55321200002436
5233,0.022535202999961257,22.535202999961257
5234,0.024285427999984677,24.285427999984677
5235,0.03209724599992114,32.09724599992114
5236,0.024203455999895596,24.203455999895596
5237,0.023599112000056266,23.599112000056266
5238,0.032465389999970284,32.465389999970284
5239,0.029235347999929218,29.235347999929218
5240,0.023569950999899447,23.569950999899447
5241,0.02262155299990809,22.62155299990809
5242,0.029889553999964846,29.889553999964846
5243,0.02826060100005634,28.26060100005634
5244,0.022857005999867397,22.857005999867397
5245,0.02257662200008781,22.57662200008781
5246,0.030992351999884704,30.992351999884704
5247,0.026382476999970095,26.382476999970095
5248,0.02326156100002663,23.26156100002663
5249,0.022296893999964595,22.296893999964595
5250,0.03172215600011441,31.72215600011441
5251,0.025719698000102653,25.719698000102653
5252,0.025268887000038376,25.268887000038376
5253,0.024242415000117035,24.242415000117035
5254,0.0275681870000426,27.5681870000426
5255,0.030952020000086122,30.952020000086122
5256,0.02383484500001032,23.83484500001032
5257,0.023228180999922188,23.228180999922188
5258,0.02886788999990131,28.86788999990131
5259,0.02933846100017945,29.33846100017945
5260,0.023005398000123023,23.005398000123023
5261,0.02238942400003907,22.38942400003907
5262,0.029479001000026983,29.479001000026983
5263,0.031069300999888583,31.069300999888583
5264,0.022776544999942416,22.776544999942416
5265,0.022651323999980377,22.651323999980377
5266,0.030694551999886244,30.694551999886244
5267,0.028305212000077518,28.305212000077518
5268,0.023015475999955015,23.015475999955015
5269,0.022615975000007893,22.615975000007893
5270,0.02973378399997273,29.73378399997273
5271,0.02879875600001469,28.79875600001469
5272,0.023633518999986336,23.633518999986336
5273,0.022926246999986688,22.926246999986688
5274,0.032503482000038275,32.503482000038275
5275,0.024191800999915358,24.19180099991536
5276,0.02346052999996573,23.46052999996573
5277,0.022518956999874717,22.518956999874717
5278,0.03289919899998495,32.89919899998495
5279,0.024212459999944258,24.212459999944258
5280,0.023955418000014106,23.955418000014106
5281,0.024107760999868333,24.107760999868333
5282,0.02697574400008307,26.97574400008307
5283,0.030843124000057287,30.843124000057287
5284,0.023718461000044044,23.718461000044044
5285,0.027313187000117978,27.313187000117978
5286,0.02827182700002595,28.27182700002595
5287,0.02824384099994859,28.24384099994859
5288,0.03231625900002655,32.31625900002655
5289,0.023180275999948208,23.180275999948208
5290,0.02665938199993434,26.65938199993434
5291,0.029927841000016997,29.927841000016997
5292,0.023523229999909745,23.523229999909745
5293,0.023109078999823396,23.109078999823396
5294,0.02680838199989921,26.80838199989921
5295,0.030294212000171683,30.294212000171683
5296,0.024962194999943677,24.962194999943677
5297,0.022506259000010687,22.506259000010687
5298,0.029543731999865486,29.543731999865486
5299,0.02783451300001616,27.83451300001616
5300,0.024704789999987042,24.704789999987042
5301,0.026086474000067028,26.086474000067028
5302,0.03146067200009384,31.460672000093837
5303,0.026276412000015625,26.276412000015625
5304,0.023376352999775918,23.376352999775918
5305,0.02305425000008654,23.05425000008654
5306,0.027610752000100547,27.610752000100547
5307,0.027560751000009986,27.560751000009986
5308,0.022848156000009112,22.848156000009112
5309,0.022313245000077586,22.313245000077586
5310,0.029701862000138135,29.701862000138135
5311,0.027591122000103496,27.591122000103496
5312,0.02252255400003378,22.52255400003378
5313,0.02355661499996131,23.55661499996131
5314,0.02930129199990006,29.30129199990006
5315,0.028423062000001664,28.423062000001664
5316,0.023583794000160196,23.583794000160196
5317,0.02311773099995662,23.11773099995662
5318,0.031890571000076307,31.890571000076307
5319,0.023983292999901096,23.983292999901096
5320,0.0234536709999702,23.4536709999702
5321,0.02279242300005535,22.79242300005535
5322,0.03171670200003973,31.71670200003973
5323,0.023264391999873624,23.264391999873624
5324,0.022784129000001485,22.784129000001485
5325,0.02243994299988117,22.43994299988117
5326,0.030231506999825797,30.231506999825797
5327,0.02734384600012163,27.34384600012163
5328,0.023167089000025953,23.167089000025953
5329,0.0251768999999058,25.1768999999058
5330,0.034244307999870216,34.244307999870216
5331,0.02376016499988509,23.76016499988509
5332,0.023357990000022255,23.357990000022255
5333,0.023140988000022844,23.140988000022844
5334,0.02797005899992655,27.97005899992655
5335,0.023834315999920364,23.834315999920364
5336,0.023321390000091924,23.321390000091924
5337,0.022414479000190113,22.414479000190113
5338,0.030321623999952863,30.321623999952863
5339,0.02620929099998648,26.20929099998648
5340,0.022980629000130648,22.980629000130648
5341,0.022447112999998353,22.447112999998353
5342,0.029272730999991836,29.272730999991836
5343,0.027982264999991457,27.982264999991457
5344,0.022859615000015765,22.859615000015765
5345,0.022468451999884564,22.468451999884564
5346,0.02990568199993504,29.90568199993504
5347,0.02879573700010951,28.79573700010951
5348,0.023757400000022244,23.757400000022244
5349,0.023166316000015286,23.166316000015286
5350,0.030204952000076446,30.204952000076446
5351,0.025734272999898167,25.734272999898167
5352,0.022830342999895947,22.830342999895947
5353,0.02244608999990305,22.44608999990305
5354,0.029252010000163864,29.252010000163864
5355,0.02790853400006199,27.90853400006199
5356,0.02314891300011368,23.14891300011368
5357,0.022318762999930186,22.318762999930186
5358,0.029502476999823557,29.502476999823557
5359,0.027774657999998453,27.774657999998453
5360,0.022549390999984098,22.549390999984098
5361,0.02249279900001966,22.49279900001966
5362,0.030587325999931636,30.587325999931636
5363,0.02809030299999904,28.09030299999904
5364,0.023706111000137753,23.706111000137753
5365,0.023478844999999637,23.478844999999637
5366,0.031779030999814495,31.779030999814495
5367,0.023777788999950644,23.777788999950644
5368,0.023664447999863114,23.664447999863114
5369,0.02292188499995973,22.92188499995973
5370,0.031143109000140612,31.143109000140612
5371,0.023179900000059206,23.179900000059206
5372,0.0228871199999503,22.8871199999503
5373,0.022440996000113955,22.440996000113955
5374,0.02945584899998721,29.45584899998721
5375,0.028229078000094887,28.229078000094887
5376,0.022912837999911062,22.912837999911062
5377,0.022422000999995362,22.422000999995362
5378,0.029489398999885452,29.489398999885452
5379,0.028490945000157808,28.490945000157808
5380,0.023505782000029285,23.505782000029285
5381,0.023093109999990702,23.093109999990702
5382,0.03076953799995863,30.76953799995863
5383,0.025498588999880667,25.498588999880667
5384,0.0226852369999051,22.6852369999051
5385,0.02263132999996742,22.63132999996742
5386,0.029925662999858105,29.925662999858105
5387,0.0275066419999348,27.5066419999348
5388,0.02309768800000711,23.09768800000711
5389,0.022566037999922628,22.566037999922628
5390,0.02382376600007774,23.82376600007774
5391,0.03183536799997455,31.83536799997455
5392,0.023301976999846374,23.301976999846374
5393,0.02336861499998122,23.36861499998122
5394,0.030433432999871002,30.433432999871002
5395,0.028658343999950375,28.658343999950375
5396,0.025396069000180432,25.396069000180432
5397,0.022388752999859207,22.388752999859207
5398,0.0316883720001897,31.688372000189702
5399,0.023973846999979287,23.973846999979287
5400,0.02341813199996068,23.41813199996068
5401,0.02275072799989175,22.75072799989175
5402,0.030944786999953067,30.944786999953067
5403,0.02387197100006233,23.87197100006233
5404,0.023466038999913508,23.466038999913508
5405,0.02326979700001175,23.26979700001175
5406,0.02670841899998777,26.70841899998777
5407,0.027366965000055643,27.366965000055643
5408,0.0230356260001372,23.0356260001372
5409,0.022561259999974936,22.561259999974936
5410,0.029264940000075512,29.264940000075512
5411,0.02825408199987578,28.25408199987578
5412,0.023160383000004003,23.160383000004003
5413,0.022506520999968416,22.506520999968416
5414,0.028485999999929845,28.485999999929845
5415,0.02849742199987304,28.49742199987304
5416,0.023794426999984353,23.794426999984353
5417,0.022872602000006736,22.872602000006736
5418,0.030762920999904964,30.762920999904964
5419,0.028507324999964112,28.507324999964112
5420,0.02345216399999117,23.45216399999117
5421,0.022602783999900566,22.602783999900566
5422,0.02609235499994611,26.09235499994611
5423,0.03426350199993067,34.26350199993067
5424,0.026756528000078106,26.756528000078106
5425,0.023661829000047874,23.661829000047874
5426,0.034104250000154934,34.104250000154934
5427,0.028752296999982718,28.75229699998272
5428,0.023582580000038433,23.582580000038433
5429,0.028165322999939235,28.165322999939235
5430,0.03384839499994996,33.84839499994996
