image_index,forward_latency_seconds,forward_latency_ms
0,0.025901721000082034,25.901721000082034
1,0.03375135800001772,33.75135800001772
2,0.020954044000063732,20.954044000063732
3,0.020847699999876568,20.847699999876568
4,0.03267333400003736,32.67333400003736
5,0.02580589800004418,25.80589800004418
6,0.01932395199992243,19.32395199992243
7,0.020170856999811804,20.170856999811804
8,0.025878081999962887,25.878081999962887
9,0.03268988700006048,32.68988700006048
10,0.019932896000000255,19.932896000000255
11,0.019747858999835444,19.747858999835444
12,0.029037377999884484,29.037377999884484
13,0.026153020999799992,26.153020999799992
14,0.019674753999879613,19.674753999879613
15,0.01948606199994174,19.48606199994174
16,0.03075762699995721,30.75762699995721
17,0.02453375599998253,24.53375599998253
18,0.01984872200000609,19.84872200000609
19,0.01929446500002996,19.29446500002996
20,0.02840323400005218,28.40323400005218
21,0.028929126000093675,28.929126000093675
22,0.019589661000054548,19.589661000054548
23,0.019680940000171177,19.680940000171177
24,0.03236751600002208,32.36751600002208
25,0.025016052999944804,25.016052999944804
26,0.01938839200010989,19.38839200010989
27,0.01935236300005272,19.35236300005272
28,0.030560241000102906,30.560241000102906
29,0.03608942100004242,36.08942100004242
30,0.028481760999966355,28.481760999966355
31,0.01954513800001223,19.54513800001223
32,0.0323831609998706,32.3831609998706
33,0.020293273000106637,20.293273000106637
34,0.019446683999831293,19.446683999831293
35,0.019820565999907558,19.820565999907558
36,0.026045249999924636,26.045249999924636
37,0.03007048500012388,30.07048500012388
38,0.019505959000071016,19.505959000071016
39,0.019546712999954252,19.546712999954252
40,0.03067152099993109,30.67152099993109
41,0.025568012000121598,25.5680120001216
42,0.01945778899994366,19.45778899994366
43,0.019356523999931596,19.356523999931596
44,0.027059373999918535,27.059373999918535
45,0.02480837899997823,24.80837899997823
46,0.019681705000039074,19.681705000039074
47,0.019414718999996694,19.414718999996694
48,0.025756877000048917,25.756877000048917
49,0.03286596099997041,32.86596099997041
50,0.01967821199991704,19.67821199991704
51,0.0204297459999907,20.4297459999907
52,0.021825053000156913,21.825053000156913
53,0.028298190999976214,28.298190999976214
54,0.021477489000062633,21.477489000062633
55,0.02210422300004211,22.10422300004211
56,0.035438848999774564,35.438848999774564
57,0.02025343500008603,20.25343500008603
58,0.01940625799988993,19.40625799988993
59,0.019558176999908028,19.558176999908028
60,0.029441385999916747,29.441385999916747
61,0.026065266999921732,26.065266999921732
62,0.019390383000200018,19.390383000200018
63,0.019317161000117267,19.317161000117267
64,0.03159685700006776,31.596857000067757
65,0.020553674999973737,20.553674999973737
66,0.0197624420000011,19.7624420000011
67,0.01908951799987335,19.08951799987335
68,0.031365216999802215,31.365216999802215
69,0.026521854000066014,26.521854000066014
70,0.019338112000014007,19.338112000014007
71,0.019679648999954225,19.679648999954225
72,0.031094067000140058,31.094067000140058
73,0.026116287999911947,26.116287999911947
74,0.019690010999966034,19.690010999966034
75,0.019327629000144952,19.327629000144952
76,0.02570748400012235,25.70748400012235
77,0.03710790700006328,37.10790700006328
78,0.025407662999896274,25.407662999896274
79,0.028920469000013327,28.920469000013327
80,0.049713857000142525,49.713857000142525
81,0.027584933999833083,27.584933999833083
82,0.024260793999928865,24.260793999928865
83,0.020016835999967952,20.016835999967952
84,0.0263558589999775,26.3558589999775
85,0.027561878999904366,27.561878999904366
86,0.027073255000004792,27.073255000004792
87,0.02645697000002656,26.45697000002656
88,0.047378536999985954,47.378536999985954
89,0.02252515400004995,22.52515400004995
90,0.019403843000191046,19.403843000191046
91,0.01940795100017567,19.40795100017567
92,0.02882362000013927,28.82362000013927
93,0.02510449300007167,25.10449300007167
94,0.019788756000025387,19.788756000025387
95,0.019419146999780423,19.419146999780423
96,0.02523580399997627,25.23580399997627
97,0.031653949999963515,31.653949999963515
98,0.01939389999984087,19.39389999984087
99,0.019618928999989294,19.618928999989294
100,0.030233200000111538,30.233200000111538
101,0.026458552999883977,26.458552999883977
102,0.01944935999995323,19.44935999995323
103,0.019357947000116837,19.357947000116837
104,0.027569136000010985,27.569136000010985
105,0.025579297999911432,25.579297999911432
106,0.0194390439999097,19.4390439999097
107,0.019509009999865157,19.509009999865157
108,0.026388130999976056,26.388130999976056
109,0.03212418299995079,32.12418299995079
110,0.01948802800006888,19.48802800006888
111,0.01963566099993841,19.63566099993841
112,0.02982364299987239,29.82364299987239
113,0.025770958999828508,25.77095899982851
114,0.019492833999947834,19.492833999947834
115,0.02000439199991888,20.00439199991888
116,0.02772667499993986,27.72667499993986
117,0.024690313000064634,24.690313000064634
118,0.01961074199994073,19.61074199994073
119,0.01958053800012749,19.58053800012749
120,0.027394649999905596,27.394649999905596
121,0.020369569999957093,20.369569999957093
122,0.01953762299990558,19.53762299990558
123,0.019343011000046317,19.343011000046317
124,0.01921338499982994,19.21338499982994
125,0.02801480000016454,28.01480000016454
126,0.030133577000015066,30.133577000015066
127,0.02060613799994826,20.60613799994826
128,0.019089871000005587,19.089871000005587
129,0.02782962200012662,27.82962200012662
130,0.024922269999933633,24.922269999933633
131,0.01985681799988015,19.85681799988015
132,0.019268103000058545,19.268103000058545
133,0.026338024999859044,26.338024999859044
134,0.031381389000216586,31.381389000216586
135,0.02146391499991296,21.46391499991296
136,0.02061077500002284,20.61077500002284
137,0.03654749800011814,36.54749800011814
138,0.021616909999920608,21.61690999992061
139,0.02154625200000737,21.54625200000737
140,0.020600403999878836,20.600403999878836
141,0.027509856000051514,27.509856000051514
142,0.02599678199999289,25.99678199999289
143,0.021180937000053746,21.180937000053746
144,0.020240005000005112,20.240005000005112
145,0.02708899599997494,27.08899599997494
146,0.022411408999914784,22.411408999914784
147,0.020974444999865227,20.974444999865227
148,0.020677603999956773,20.677603999956773
149,0.037789361000022836,37.789361000022836
150,0.024926167999865356,24.926167999865356
151,0.02212316300006023,22.12316300006023
152,0.021306119999962903,21.306119999962903
153,0.04090471199992862,40.90471199992862
154,0.020993851999946855,20.993851999946855
155,0.020798624999997628,20.798624999997628
156,0.020322185000168247,20.322185000168247
157,0.03609544999994796,36.09544999994796
158,0.021298116000025402,21.298116000025402
159,0.021338775000003807,21.338775000003807
160,0.020133691999944858,20.13369199994486
161,0.037051249999876745,37.051249999876745
162,0.02541719100008777,25.41719100008777
163,0.02155444200002421,21.55444200002421
164,0.019868839000082517,19.868839000082517
165,0.034373746000028405,34.373746000028405
166,0.027067029999898296,27.067029999898296
167,0.02333491700005652,23.33491700005652
168,0.022152451000010842,22.152451000010842
169,0.028860770000164848,28.860770000164848
170,0.02766012999995837,27.66012999995837
171,0.022908152999889353,22.908152999889353
172,0.022431626000070537,22.431626000070537
173,0.02876808600012737,28.76808600012737
174,0.028013525000005757,28.013525000005757
175,0.02290471199989952,22.90471199989952
176,0.022174412000140364,22.174412000140364
177,0.02768162100005611,27.68162100005611
178,0.02751727200006826,27.51727200006826
179,0.022348786999828008,22.348786999828008
180,0.021986911999874792,21.986911999874792
181,0.026257106999992175,26.257106999992175
182,0.029677607000166972,29.677607000166972
183,0.02287377299990112,22.87377299990112
184,0.02246951799997987,22.46951799997987
185,0.028640470000027562,28.640470000027562
186,0.02988595300007546,29.88595300007546
187,0.022901520999994318,22.901520999994318
188,0.022340150999980324,22.340150999980324
189,0.02862815399998908,28.62815399998908
190,0.02815997600009723,28.15997600009723
191,0.02284896000014669,22.84896000014669
192,0.02147734400000445,21.47734400000445
193,0.026233737999973528,26.233737999973528
194,0.02996982099989509,29.96982099989509
195,0.023763276000181577,23.763276000181577
196,0.021550997000076677,21.550997000076677
197,0.02594149399988055,25.94149399988055
198,0.030852306000042518,30.852306000042518
199,0.02293223499987107,22.93223499987107
200,0.02220218100001148,22.20218100001148
201,0.027476751999984117,27.476751999984117
202,0.030456173999937164,30.456173999937164
203,0.022969827999986592,22.96982799998659
204,0.022256961000039155,22.256961000039155
205,0.02851376600006006,28.51376600006006
206,0.030381844999965324,30.381844999965324
207,0.024300510999864855,24.300510999864855
208,0.02427846299997327,24.27846299997327
209,0.030390264999823557,30.390264999823557
210,0.027654139999867766,27.654139999867766
211,0.023010278000128892,23.010278000128892
212,0.022212926000065636,22.212926000065636
213,0.02942272099994625,29.42272099994625
214,0.027362727999843628,27.362727999843628
215,0.022360674000083236,22.360674000083236
216,0.021680033999928128,21.680033999928128
217,0.02825555999993412,28.25555999993412
218,0.028049769000062952,28.049769000062952
219,0.022843363999982103,22.843363999982103
220,0.022279764999893814,22.279764999893814
221,0.02846053899997969,28.46053899997969
222,0.02825201699988611,28.25201699988611
223,0.022995894000132466,22.995894000132466
224,0.02233658800014382,22.33658800014382
225,0.02846379499987961,28.46379499987961
226,0.028357400999993843,28.357400999993843
227,0.02242155800013279,22.42155800013279
228,0.023305444000015996,23.305444000015996
229,0.027937652999980855,27.937652999980855
230,0.02355743899988738,23.55743899988738
231,0.14523101100007807,145.23101100007807
232,0.053953634999970745,53.953634999970745
233,0.03096379699991303,30.96379699991303
234,0.02758972099991297,27.58972099991297
235,0.02259277899997869,22.59277899997869
236,0.021513707999929466,21.513707999929466
237,0.025754665000022214,25.754665000022214
238,0.03235282599985112,32.35282599985112
239,0.023000747000196498,23.000747000196498
240,0.022195507000105863,22.195507000105863
241,0.028744518999928914,28.744518999928914
242,0.028097630000047502,28.097630000047502
243,0.022869108999884702,22.869108999884702
244,0.022258178999891243,22.258178999891243
245,0.028677298000047813,28.677298000047813
246,0.028265371999850686,28.265371999850686
247,0.023035664999952132,23.035664999952132
248,0.02224230699994223,22.24230699994223
249,0.02834609100000307,28.34609100000307
250,0.027448176000007152,27.44817600000715
251,0.022376137000037488,22.376137000037488
252,0.02242960199987465,22.42960199987465
253,0.028736695000134205,28.736695000134205
254,0.029972976999943057,29.972976999943057
255,0.02291371799992703,22.91371799992703
256,0.023801781999964078,23.801781999964078
257,0.02893797000001541,28.93797000001541
258,0.02804250500003036,28.04250500003036
259,0.022747894000076485,22.747894000076485
260,0.021552284999870608,21.552284999870608
261,0.029940377000002627,29.940377000002627
262,0.026713255999993635,26.713255999993635
263,0.02229822200001763,22.29822200001763
264,0.021607599999924787,21.607599999924787
265,0.0263126459999512,26.3126459999512
266,0.03137646400000449,31.37646400000449
267,0.022952867999947557,22.952867999947557
268,0.02215501000000586,22.15501000000586
269,0.02891223100004936,28.91223100004936
270,0.02775080700007493,27.75080700007493
271,0.02301513999987037,23.01513999987037
272,0.022485825999865483,22.485825999865483
273,0.02977285900010429,29.77285900010429
274,0.027679824999950142,27.679824999950142
275,0.023055740000017977,23.055740000017977
276,0.022214394000002358,22.214394000002358
277,0.029833968000048117,29.833968000048117
278,0.028321351999920807,28.321351999920807
279,0.022383189000038328,22.38318900003833
280,0.021792229000084262,21.792229000084262
281,0.03136506500004543,31.365065000045433
282,0.02654431099995236,26.54431099995236
283,0.021225921999985076,21.225921999985076
284,0.02018085500003508,20.18085500003508
285,0.035900238000067475,35.900238000067475
286,0.021534788000053595,21.534788000053595
287,0.02105336299996452,21.05336299996452
288,0.020999794999852384,20.999794999852384
289,0.038508261000060884,38.508261000060884
290,0.02312776399980976,23.12776399980976
291,0.021054512000091563,21.054512000091563
292,0.02050041299980876,20.50041299980876
293,0.03883470699997815,38.83470699997815
294,0.021702067999967767,21.702067999967767
295,0.021831432999988465,21.831432999988465
296,0.02064314800009015,20.64314800009015
297,0.034427904000040144,34.427904000040144
298,0.020954565000010916,20.954565000010916
299,0.021465669999997772,21.465669999997772
300,0.020275651000019934,20.275651000019934
301,0.030846006000047055,30.846006000047055
302,0.027582132000134152,27.582132000134152
303,0.022944130000041696,22.944130000041696
304,0.022255710000081308,22.255710000081308
305,0.031127689000186365,31.127689000186365
306,0.027969510999810154,27.969510999810154
307,0.023121186000025773,23.121186000025773
308,0.022213216999944052,22.213216999944052
309,0.031069232000163538,31.069232000163538
310,0.02787360100001024,27.87360100001024
311,0.022540179000088756,22.540179000088756
312,0.02180519699982142,21.80519699982142
313,0.029699026999878697,29.699026999878697
314,0.027557679999972606,27.557679999972606
315,0.022642953000058696,22.642953000058696
316,0.023619567999958235,23.619567999958235
317,0.03187938199994278,31.87938199994278
318,0.028094165000084104,28.094165000084104
319,0.022883731000092666,22.883731000092666
320,0.022217024999918067,22.217024999918067
321,0.0297815440001159,29.7815440001159
322,0.028388984000002893,28.388984000002893
323,0.024469640999996045,24.469640999996045
324,0.02214398599994638,22.14398599994638
325,0.030701230999966356,30.701230999966356
326,0.022447367000040686,22.447367000040686
327,0.02287544900013927,22.87544900013927
328,0.022297642000012274,22.297642000012274
329,0.031189442999902894,31.189442999902894
330,0.027148893000003227,27.148893000003227
331,0.02284249500007718,22.84249500007718
332,0.02221178200011309,22.21178200011309
333,0.03219344900003307,32.19344900003307
334,0.023618937000037477,23.618937000037477
335,0.022728295999968395,22.728295999968395
336,0.022192880000147852,22.192880000147852
337,0.030834732000130316,30.834732000130316
338,0.02456503000007615,24.56503000007615
339,0.02280745399980333,22.80745399980333
340,0.022666324000056193,22.666324000056193
341,0.02447168599996985,24.47168599996985
342,0.03128010999989783,31.28010999989783
343,0.022460659999978816,22.460659999978816
344,0.021893966999869008,21.893966999869008
345,0.028253539999923305,28.253539999923305
346,0.02822707099994659,28.22707099994659
347,0.02336510999998609,23.36510999998609
348,0.02215953199993237,22.15953199993237
349,0.028646317000038835,28.646317000038835
350,0.027881997000122283,27.881997000122283
351,0.022816238999894267,22.816238999894267
352,0.02224671099997977,22.24671099997977
353,0.028459722999969017,28.459722999969017
354,0.02820253799995953,28.20253799995953
355,0.022322864999978265,22.322864999978265
356,0.021612552000078722,21.612552000078722
357,0.02525598599982004,25.25598599982004
358,0.029136357999959728,29.136357999959728
359,0.02289067900005648,22.89067900005648
360,0.022052508000115267,22.052508000115267
361,0.029040373000043473,29.040373000043473
362,0.02936603299986018,29.36603299986018
363,0.022850535000088712,22.850535000088712
364,0.022407778999877337,22.407778999877337
365,0.028796589999956268,28.796589999956268
366,0.028497168999820133,28.497168999820133
367,0.023124999999936335,23.124999999936335
368,0.02155169599996043,21.55169599996043
369,0.02850593899984233,28.50593899984233
370,0.02855769699999655,28.55769699999655
371,0.022125173999938852,22.125173999938852
372,0.021629273000144167,21.629273000144167
373,0.032416573999853426,32.416573999853426
374,0.02989372199999707,29.89372199999707
375,0.024965863000034005,24.965863000034005
376,0.022437630000013087,22.437630000013087
377,0.03259907000006024,32.59907000006024
378,0.023300712000036583,23.300712000036583
379,0.02313567500004865,23.13567500004865
380,0.022327077999989342,22.327077999989342
381,0.031982676000097854,31.982676000097854
382,0.02320595800006231,23.20595800006231
383,0.0229159420000542,22.9159420000542
384,0.022438130999944406,22.438130999944406
385,0.03245024300008481,32.45024300008481
386,0.0238557039999705,23.8557039999705
387,0.02300418400000126,23.00418400000126
388,0.022338491000027716,22.338491000027716
389,0.032031000999950265,32.031000999950265
390,0.028440563999993174,28.440563999993174
391,0.02297299999986535,22.97299999986535
392,0.02188941800000066,21.88941800000066
393,0.027349024999921312,27.349024999921312
394,0.025540795000097205,25.540795000097205
395,0.022407843999872057,22.407843999872057
396,0.02166350099992087,21.66350099992087
397,0.03008014700003514,30.08014700003514
398,0.027034157999878516,27.034157999878516
399,0.02301122700009728,23.01122700009728
400,0.02213230500001373,22.13230500001373
401,0.031303027000149086,31.303027000149086
402,0.02705413800003953,27.05413800003953
403,0.023378020000109245,23.378020000109245
404,0.02229322400012279,22.29322400012279
405,0.040189270000155375,40.189270000155375
406,0.023711407000064355,23.711407000064355
407,0.023262465000016164,23.262465000016164
408,0.021492329000011523,21.492329000011523
409,0.045469850000017686,45.469850000017686
410,0.022811877999856733,22.811877999856733
411,0.022979351999993014,22.979351999993014
412,0.021568396000020584,21.568396000020584
413,0.028039554000088174,28.039554000088174
414,0.02711831900001016,27.11831900001016
415,0.022944580000057613,22.944580000057613
416,0.022036221000007572,22.036221000007572
417,0.027768146999960663,27.768146999960663
418,0.028664272000014535,28.664272000014535
419,0.024985224999909406,24.985224999909406
420,0.03703331400015486,37.03331400015486
421,0.027799202000096557,27.799202000096557
422,0.024403018000157317,24.403018000157317
423,0.02706059499996627,27.06059499996627
424,0.021981999999979962,21.981999999979962
425,0.03392173600013848,33.92173600013848
426,0.02420021399984762,24.20021399984762
427,0.024662153999997827,24.662153999997827
428,0.024125674999822877,24.125674999822877
429,0.04169139100008579,41.69139100008579
430,0.022633911999946577,22.633911999946577
431,0.02262127199992392,22.62127199992392
432,0.02228928099998484,22.28928099998484
433,0.028801274999977977,28.801274999977977
434,0.028185189999931026,28.185189999931026
435,0.022888283999918713,22.888283999918713
436,0.021974225999883856,21.974225999883856
437,0.028471568999975716,28.471568999975716
438,0.02835005900010401,28.35005900010401
439,0.02291822899996987,22.91822899996987
440,0.021489473999963593,21.489473999963593
441,0.027625801000112915,27.625801000112915
442,0.029498934999992343,29.498934999992343
443,0.022184349000099246,22.184349000099246
444,0.021489887999905477,21.489887999905477
445,0.025494294999816702,25.494294999816702
446,0.0298131839999769,29.8131839999769
447,0.0231650420000733,23.1650420000733
448,0.022214034999933574,22.214034999933574
449,0.025839369000095758,25.839369000095758
450,0.03037909799991212,30.37909799991212
451,0.022846060000119905,22.846060000119905
452,0.02216401600003337,22.16401600003337
453,0.03720869399990079,37.20869399990079
454,0.027627821999885782,27.627821999885782
455,0.022742588000028263,22.742588000028263
456,0.02207738199990672,22.07738199990672
457,0.03102957900000547,31.02957900000547
458,0.027174191000085557,27.174191000085557
459,0.022353380999902583,22.353380999902583
460,0.022651617000065016,22.651617000065016
461,0.025483912000026976,25.483912000026976
462,0.03211288400007106,32.11288400007106
463,0.023138501999937944,23.138501999937944
464,0.022983544999988226,22.983544999988226
465,0.030521029000055933,30.521029000055933
466,0.028067360000022745,28.067360000022745
467,0.02287892300000749,22.87892300000749
468,0.022556727000164756,22.556727000164756
469,0.030490216000089276,30.490216000089276
470,0.026992432000042754,26.992432000042754
471,0.02251393899996401,22.51393899996401
472,0.021518055000115055,21.518055000115055
473,0.029182245999891165,29.182245999891165
474,0.02747839199992086,27.47839199992086
475,0.022290679000207092,22.290679000207092
476,0.021608461000141688,21.608461000141688
477,0.02862303699998847,28.62303699998847
478,0.027853876000108357,27.853876000108357
479,0.02295420199993714,22.95420199993714
480,0.022526666999965528,22.526666999965528
481,0.030687553999996453,30.687553999996453
482,0.028271954000047117,28.271954000047117
483,0.022908023999889338,22.908023999889338
484,0.027089449999948556,27.089449999948556
485,0.03087005199995474,30.87005199995474
486,0.034735621999971045,34.735621999971045
487,0.025674690000187184,25.674690000187184
488,0.022128178000002663,22.128178000002663
489,0.029908179999893036,29.908179999893036
490,0.02684732099987741,26.84732099987741
491,0.02231964199995673,22.31964199995673
492,0.021601469999950496,21.601469999950496
493,0.027930209000032846,27.930209000032846
494,0.02790587799995592,27.90587799995592
495,0.02290168000013182,22.90168000013182
496,0.023100118000002112,23.100118000002112
497,0.02839114900007189,28.39114900007189
498,0.02851147100000162,28.51147100000162
499,0.022983955999961836,22.983955999961836
500,0.022279995999952007,22.279995999952007
501,0.029568648000122266,29.568648000122266
502,0.027232446999960302,27.232446999960302
503,0.0225918419998834,22.5918419998834
504,0.02154588500002319,21.54588500002319
505,0.02773109999998269,27.73109999998269
506,0.029792909999969197,29.792909999969197
507,0.023043968999900244,23.043968999900244
508,0.022100098000009893,22.100098000009893
509,0.028890036999882795,28.890036999882795
510,0.02826035599991883,28.26035599991883
511,0.022925253000039447,22.925253000039447
512,0.02214874400010558,22.14874400010558
513,0.028457900000148584,28.457900000148584
514,0.028991898999947807,28.991898999947807
515,0.022720776999904047,22.720776999904047
516,0.021575940000047922,21.575940000047922
517,0.028309680999882403,28.309680999882403
518,0.028268165000099543,28.268165000099543
519,0.022166857000001983,22.166857000001983
520,0.02229366099982144,22.29366099982144
521,0.039763063000009424,39.763063000009424
522,0.023858425999833344,23.858425999833344
523,0.0224220789998526,22.4220789998526
524,0.022208815999874787,22.208815999874787
525,0.03140905800000837,31.409058000008372
526,0.025307998000016596,25.307998000016596
527,0.02293052599998191,22.93052599998191
528,0.02226820499981841,22.26820499981841
529,0.029817718999993303,29.817718999993303
530,0.02802513500000714,28.02513500000714
531,0.023242321999987325,23.242321999987325
532,0.022496553000109998,22.496553000109998
533,0.0291648659999737,29.1648659999737
534,0.02733066200016765,27.33066200016765
535,0.02216446000011274,22.16446000011274
536,0.02159394699992845,21.59394699992845
537,0.028644096999869362,28.64409699986936
538,0.027944732000150907,27.944732000150907
539,0.022818579999920985,22.818579999920985
540,0.0221800130000247,22.1800130000247
541,0.024939360999951532,24.939360999951532
542,0.0365112480001244,36.5112480001244
543,0.0287808909999967,28.7808909999967
544,0.022389289000102508,22.389289000102508
545,0.028767058999846995,28.767058999846995
546,0.022692473999995855,22.692473999995855
547,0.02244065100012449,22.44065100012449
548,0.021689530999992712,21.689530999992712
549,0.03172716299991407,31.72716299991407
550,0.02385355100000197,23.85355100000197
551,0.02293685400013601,22.93685400013601
552,0.022164541000165627,22.164541000165627
553,0.038882490999867514,38.882490999867514
554,0.022781699999995908,22.781699999995908
555,0.02222427499987134,22.22427499987134
556,0.021504061999849,21.504061999849
557,0.029373194000072544,29.373194000072544
558,0.025743785000031494,25.743785000031494
559,0.022884707999992315,22.884707999992315
560,0.02219261799996275,22.19261799996275
561,0.030882678000125452,30.882678000125452
562,0.023695578999877398,23.695578999877398
563,0.023065118000204166,23.065118000204166
564,0.02150374300003932,21.50374300003932
565,0.02930220999996891,29.30220999996891
566,0.02850200600005337,28.50200600005337
567,0.0243551439998555,24.3551439998555
568,0.02352055999995173,23.52055999995173
569,0.043345246999933806,43.345246999933806
570,0.023005659000091327,23.005659000091327
571,0.02289358699999866,22.89358699999866
572,0.022093823999966844,22.093823999966844
573,0.028778786000202672,28.778786000202672
574,0.02878976900001362,28.78976900001362
575,0.022611185999949157,22.611185999949157
576,0.021483183999862376,21.483183999862376
577,0.02537919100018371,25.37919100018371
578,0.03182388899995203,31.823888999952032
579,0.022992449999946984,22.992449999946984
580,0.022193677999894135,22.193677999894135
581,0.029016291999823807,29.016291999823807
582,0.02860739899983855,28.60739899983855
583,0.023516651999898386,23.516651999898386
584,0.02218114900006185,22.18114900006185
585,0.028681889999916166,28.681889999916166
586,0.029167734999873574,29.167734999873574
587,0.022356709999939994,22.356709999939994
588,0.02154301099994882,21.54301099994882
589,0.028340274999891335,28.340274999891335
590,0.02762048800013872,27.62048800013872
591,0.022352915999817924,22.352915999817924
592,0.021772277999843936,21.772277999843936
593,0.031128578000107154,31.128578000107154
594,0.02758242799995969,27.58242799995969
595,0.023053046000086397,23.053046000086397
596,0.02224307000005865,22.24307000005865
597,0.030790600999807793,30.790600999807793
598,0.028275056999973458,28.275056999973458
599,0.022926983999923323,22.926983999923323
600,0.022967632000018057,22.967632000018057
601,0.02870153699996081,28.70153699996081
602,0.027975933999869085,27.975933999869085
603,0.02263685599996279,22.63685599996279
604,0.022207085999980336,22.207085999980336
605,0.028350294000119902,28.350294000119902
606,0.0271920529999079,27.1920529999079
607,0.022261193000076673,22.261193000076673
608,0.02168806100007714,21.68806100007714
609,0.025247358000115128,25.247358000115128
610,0.031496726000113995,31.496726000113995
611,0.02304749599989009,23.04749599989009
612,0.022454280999909315,22.454280999909315
613,0.029235181000103694,29.235181000103694
614,0.028242470999884972,28.242470999884972
615,0.023036799000010433,23.036799000010433
616,0.022216529999923296,22.216529999923296
617,0.029036495999889667,29.036495999889667
618,0.02825878199996623,28.25878199996623
619,0.02458905200001027,24.58905200001027
620,0.022197017000053165,22.197017000053165
621,0.03211681299990232,32.11681299990232
622,0.027390291000074285,27.390291000074285
623,0.023078766000026008,23.078766000026008
624,0.022288053000011132,22.288053000011132
625,0.030556486000023142,30.556486000023142
626,0.028118742000060593,28.118742000060593
627,0.022868639000080293,22.868639000080293
628,0.02223549100017408,22.23549100017408
629,0.03164686500008429,31.64686500008429
630,0.025611694999952306,25.611694999952306
631,0.022364488999983223,22.364488999983223
632,0.021638173999917854,21.638173999917854
633,0.03044842599979347,30.44842599979347
634,0.02822533200014732,28.22533200014732
635,0.022957556000164914,22.957556000164914
636,0.022192295999957423,22.192295999957423
637,0.030546069999900283,30.546069999900283
638,0.027741962000163767,27.741962000163767
639,0.022316988999818932,22.316988999818932
640,0.021915068999987852,21.915068999987852
641,0.03144957599988629,31.449575999886292
642,0.027471192000120936,27.471192000120936
643,0.022964082000044073,22.964082000044073
644,0.022745727000028637,22.745727000028637
645,0.02624067300007482,26.24067300007482
646,0.03244282199989357,32.44282199989357
647,0.023022359999913533,23.022359999913533
648,0.021901678999938667,21.901678999938667
649,0.030505911000091146,30.505911000091146
650,0.024901083000031576,24.901083000031576
651,0.022378677000006064,22.378677000006064
652,0.021846771999889825,21.846771999889825
653,0.03487907300018378,34.87907300018378
654,0.02996064299986756,29.96064299986756
655,0.023201707999987775,23.201707999987775
656,0.022507347000100708,22.507347000100708
657,0.03811606599992956,38.11606599992956
658,0.02915758100016319,29.15758100016319
659,0.022251793999885194,22.251793999885194
660,0.021860584999785715,21.860584999785715
661,0.028822611000123288,28.82261100012329
662,0.026942102000020896,26.942102000020896
663,0.022291193999990355,22.291193999990355
664,0.022004986999945686,22.004986999945686
665,0.029230709999865212,29.230709999865212
666,0.027837481000005937,27.837481000005937
667,0.023227257000144164,23.227257000144164
668,0.022182779999866398,22.182779999866398
669,0.028760259999899063,28.760259999899063
670,0.028137932000163346,28.137932000163346
671,0.023290126000119926,23.290126000119926
672,0.021580752999852848,21.580752999852848
673,0.028470919000028516,28.470919000028516
674,0.02772771099989768,27.72771099989768
675,0.022283873000105814,22.283873000105814
676,0.021493110999927012,21.493110999927012
677,0.03437746200006586,34.37746200006586
678,0.027472021999983554,27.472021999983554
679,0.022610547999875052,22.610547999875052
680,0.022258765999822572,22.25876599982257
681,0.02936848900003497,29.36848900003497
682,0.02905347400019309,29.05347400019309
683,0.022941178999872136,22.941178999872136
684,0.022165160999975342,22.165160999975342
685,0.034374039000113044,34.374039000113044
686,0.023097988000017722,23.097988000017722
687,0.02230543700011367,22.30543700011367
688,0.021554347000119378,21.554347000119378
689,0.029183160999991742,29.183160999991742
690,0.02726979199997004,27.26979199997004
691,0.022320674999946277,22.320674999946277
692,0.02158397099992726,21.58397099992726
693,0.028238949999831675,28.238949999831675
694,0.027778681000199867,27.778681000199867
695,0.022869227000001047,22.869227000001047
696,0.022388027000033617,22.388027000033617
697,0.02880335500003639,28.80335500003639
698,0.02809253800000988,28.09253800000988
699,0.022933624999950553,22.933624999950553
700,0.021909379999897283,21.909379999897283
701,0.028067214999964563,28.067214999964563
702,0.027847691000033592,27.847691000033592
703,0.023019772999987254,23.019772999987254
704,0.021618338000052972,21.618338000052972
705,0.02537127799996597,25.37127799996597
706,0.031261992000054306,31.261992000054306
707,0.022785114000043905,22.785114000043905
708,0.022186638999983188,22.186638999983188
709,0.02876281499993638,28.76281499993638
710,0.02928274999999303,29.28274999999303
711,0.02452507099997092,24.52507099997092
712,0.02317559500011157,23.17559500011157
713,0.03404633700006343,34.04633700006343
714,0.02725863599994227,27.25863599994227
715,0.022929908000151045,22.929908000151045
716,0.022156143999836786,22.156143999836786
717,0.030076525999902515,30.076525999902515
718,0.028068436000012298,28.068436000012298
719,0.02256305700007033,22.56305700007033
720,0.021956995999971696,21.956995999971696
721,0.029436256000053618,29.436256000053618
722,0.02702115099987168,27.02115099987168
723,0.02230390099998658,22.30390099998658
724,0.021681234999959997,21.681234999959997
725,0.02827930499984177,28.27930499984177
726,0.028252602999828014,28.252602999828014
727,0.02293478399997184,22.93478399997184
728,0.02217815799986056,22.17815799986056
729,0.028479302000050666,28.479302000050666
730,0.02772089900008723,27.72089900008723
731,0.022952618000090297,22.952618000090297
732,0.02280500100005156,22.80500100005156
733,0.02806964399997014,28.06964399997014
734,0.02742503099989335,27.42503099989335
735,0.02224609200015948,22.24609200015948
736,0.021535555999889766,21.535555999889766
737,0.02662440900007823,26.62440900007823
738,0.030679875000032553,30.679875000032553
739,0.023080008000079033,23.080008000079033
740,0.022230491999835067,22.230491999835067
741,0.029163517000142747,29.163517000142747
742,0.028610024000045087,28.610024000045087
743,0.02287443299996994,22.87443299996994
744,0.021540402000027825,21.540402000027825
745,0.026683105000074647,26.683105000074647
746,0.02992354200000591,29.92354200000591
747,0.022274633000051836,22.274633000051836
748,0.022525794999864956,22.525794999864956
749,0.025619517999984964,25.619517999984964
750,0.031111852999856637,31.111852999856637
751,0.022809156999983315,22.809156999983315
752,0.02234055899998566,22.34055899998566
753,0.028856369000095583,28.856369000095583
754,0.02986637999993036,29.86637999993036
755,0.023350212000195825,23.350212000195825
756,0.04611480199992002,46.11480199992002
757,0.049272135000137496,49.272135000137496
758,0.028874276000124155,28.874276000124155
759,0.02996462100009012,29.96462100009012
760,0.020500351000009687,20.500351000009687
761,0.032744377999961216,32.744377999961216
762,0.02670277500010343,26.70277500010343
763,0.03006758199990145,30.06758199990145
764,0.028084940000098868,28.084940000098868
765,0.03143683300004341,31.436833000043407
766,0.03685743200003344,36.85743200003344
767,0.02139142699979857,21.39142699979857
768,0.0203576559999874,20.3576559999874
769,0.029502046000061455,29.502046000061455
770,0.02698161400007848,26.98161400007848
771,0.020821497000042655,20.821497000042655
772,0.019966275000115274,19.966275000115274
773,0.03755955399992672,37.55955399992672
774,0.021676625000054628,21.676625000054628
775,0.021187496000038664,21.187496000038664
776,0.020365955999977814,20.365955999977814
777,0.03330422899989571,33.30422899989571
778,0.022964591000118162,22.964591000118162
779,0.0217751689999659,21.7751689999659
780,0.02054970900007902,20.54970900007902
781,0.03255574099989644,32.55574099989644
782,0.026801240999930087,26.801240999930087
783,0.024397104999934527,24.397104999934527
784,0.01990267899986975,19.90267899986975
785,0.029882902000053946,29.882902000053946
786,0.027313235000065106,27.313235000065106
787,0.02085129700003563,20.85129700003563
788,0.02033368699994753,20.33368699994753
789,0.027157912999882683,27.157912999882683
790,0.0313107320000654,31.3107320000654
791,0.021212278999882983,21.212278999882983
792,0.020534963000045536,20.534963000045536
793,0.029491829000107828,29.491829000107828
794,0.02156524499991974,21.56524499991974
795,0.021990347999917503,21.990347999917503
796,0.020349521000071036,20.349521000071036
797,0.029794639999863648,29.794639999863648
798,0.02731852599981721,27.31852599981721
799,0.020791539000128978,20.791539000128978
800,0.01999820300011379,19.99820300011379
801,0.027031296000131988,27.031296000131988
802,0.030983706999904825,30.983706999904825
803,0.02105890300003921,21.05890300003921
804,0.02136111000004348,21.36111000004348
805,0.030216816999882212,30.216816999882212
806,0.0213773499999661,21.3773499999661
807,0.02169381300018358,21.69381300018358
808,0.020806248000099004,20.806248000099004
809,0.03380475300014041,33.80475300014041
810,0.02657144199997674,26.57144199997674
811,0.021147001999906934,21.147001999906934
812,0.020468593000032342,20.468593000032342
813,0.03329223599985198,33.29223599985198
814,0.02844729000003099,28.44729000003099
815,0.022422605999963707,22.422605999963707
816,0.021655325999972774,21.655325999972774
817,0.033808645999897635,33.808645999897635
818,0.02658707300020069,26.58707300020069
819,0.02066671099987616,20.66671099987616
820,0.01986323000005541,19.86323000005541
821,0.027555876000178614,27.555876000178614
822,0.0303334969999014,30.3334969999014
823,0.021914864000109446,21.914864000109446
824,0.02879220899990287,28.79220899990287
825,0.035485791000155587,35.48579100015559
826,0.025238656999817977,25.238656999817977
827,0.023571675999846775,23.571675999846775
828,0.020910000999947442,20.910000999947442
829,0.029191965999871172,29.191965999871172
830,0.02354255000000194,23.54255000000194
831,0.02065588300001764,20.65588300001764
832,0.01999691600008191,19.99691600008191
833,0.029788907000011022,29.788907000011022
834,0.027104710999992676,27.104710999992676
835,0.02113211300002149,21.13211300002149
836,0.02053934300010951,20.53934300010951
837,0.028782942999896477,28.782942999896477
838,0.030771476000154507,30.771476000154507
839,0.02151542999990852,21.51542999990852
840,0.020691718000080073,20.691718000080073
841,0.02765117899980396,27.65117899980396
842,0.029896427000039694,29.896427000039694
843,0.021541089000038482,21.541089000038482
844,0.020940515999882336,20.940515999882336
845,0.02899762400011241,28.99762400011241
846,0.021387933000141857,21.387933000141857
847,0.020947875000047134,20.947875000047134
848,0.01998409700013326,19.98409700013326
849,0.02944530400009171,29.44530400009171
850,0.028247346999933143,28.247346999933143
851,0.022355468000114342,22.355468000114342
852,0.020570263000081468,20.570263000081468
853,0.030775489999996353,30.775489999996353
854,0.02765695300013249,27.65695300013249
855,0.021381526999903144,21.381526999903144
856,0.020575521999944613,20.575521999944613
857,0.028710710000041217,28.710710000041217
858,0.03165994400001182,31.65994400001182
859,0.021327830000018366,21.327830000018366
860,0.020776497000042582,20.776497000042582
861,0.029464080000025206,29.464080000025206
862,0.021580116999984966,21.580116999984966
863,0.02127440200001729,21.27440200001729
864,0.019986345999996047,19.986345999996047
865,0.03326691100005519,33.26691100005519
866,0.02678607000007105,26.78607000007105
867,0.021489289999863104,21.489289999863104
868,0.020443871999987095,20.443871999987095
869,0.030429968000134977,30.429968000134977
870,0.02728258399997685,27.28258399997685
871,0.021547750000081578,21.547750000081578
872,0.020575436000171976,20.575436000171976
873,0.027280709000024217,27.280709000024217
874,0.03130891899991184,31.30891899991184
875,0.021142153000027974,21.142153000027974
876,0.020572740000034173,20.572740000034173
877,0.03032579699993221,30.32579699993221
878,0.02183894500012684,21.83894500012684
879,0.021252419999882477,21.252419999882477
880,0.02061196599993309,20.61196599993309
881,0.030685769000001528,30.685769000001528
882,0.02690544699999009,26.90544699999009
883,0.03055990000007114,30.55990000007114
884,0.030303215999992972,30.30321599999297
885,0.05460772900005395,54.60772900005395
886,0.11425912100003188,114.25912100003188
887,0.04541800400011198,45.41800400011198
888,0.02185090699981629,21.85090699981629
889,0.033440325999890774,33.440325999890774
890,0.026933542999813653,26.933542999813653
891,0.022368471999925532,22.368471999925532
892,0.02162421799994263,21.62421799994263
893,0.02930261500000597,29.30261500000597
894,0.027771776000008686,27.771776000008686
895,0.0231021449999389,23.1021449999389
896,0.02230835799991837,22.30835799991837
897,0.02924655900005746,29.24655900005746
898,0.027607487999830482,27.607487999830482
899,0.02293419000011454,22.93419000011454
900,0.021574745000179973,21.574745000179973
901,0.027665720999948462,27.665720999948462
902,0.027543244000071354,27.543244000071354
903,0.022395820999918215,22.395820999918215
904,0.022263891999955376,22.263891999955376
905,0.030197821000001568,30.197821000001568
906,0.03222156900005757,32.22156900005757
907,0.02420676499991714,24.20676499991714
908,0.02699745800009623,26.99745800009623
909,0.029079266999815445,29.079266999815445
910,0.02294350499983011,22.94350499983011
911,0.02292808399988644,22.92808399988644
912,0.022288007000042853,22.288007000042853
913,0.03134497399992142,31.34497399992142
914,0.031772936999914236,31.772936999914236
915,0.022860449000063454,22.860449000063454
916,0.02222141700008251,22.22141700008251
917,0.02578888800007917,25.78888800007917
918,0.03294456800017542,32.94456800017542
919,0.022219321999955355,22.219321999955355
920,0.021709757000053287,21.709757000053287
921,0.02564643799996702,25.64643799996702
922,0.03239325899994583,32.39325899994583
923,0.02246450300003744,22.46450300003744
924,0.021693772999924477,21.693772999924477
925,0.028178619999835064,28.178619999835064
926,0.02336967100018228,23.36967100018228
927,0.023466579999876558,23.466579999876558
928,0.02229361400009111,22.29361400009111
929,0.029981110000107947,29.981110000107947
930,0.027626209999880302,27.626209999880302
931,0.022932997999987492,22.932997999987492
932,0.021445507999942492,21.445507999942492
933,0.029896645000007993,29.896645000007993
934,0.027293083000131446,27.293083000131446
935,0.022962965000033364,22.962965000033364
936,0.022253744999943592,22.253744999943592
937,0.03064993299994967,30.64993299994967
938,0.028297256999849196,28.297256999849196
939,0.02296252800010734,22.96252800010734
940,0.021608249000109936,21.608249000109936
941,0.030015805999937584,30.015805999937584
942,0.02753625800005466,27.53625800005466
943,0.023020543000029647,23.020543000029647
944,0.022420899000053396,22.420899000053396
945,0.030654153999876144,30.654153999876144
946,0.02818623200005277,28.18623200005277
947,0.02516080600003079,25.16080600003079
948,0.022381949999953576,22.381949999953576
949,0.030777035000028263,30.777035000028263
950,0.023668168999847694,23.668168999847694
951,0.022985327000014877,22.985327000014877
952,0.022228937999898335,22.228937999898335
953,0.030806779000158713,30.806779000158713
954,0.02638019500000155,26.38019500000155
955,0.022736589000032836,22.736589000032836
956,0.021626153000170234,21.626153000170234
957,0.028977360999988377,28.977360999988377
958,0.026991425999995045,26.991425999995045
959,0.022378225000011298,22.378225000011298
960,0.021679588999859334,21.679588999859334
961,0.02842074699992736,28.42074699992736
962,0.027963487000079112,27.963487000079112
963,0.02308828800005358,23.08828800005358
964,0.022539116999951148,22.539116999951148
965,0.028065472999969643,28.065472999969643
966,0.02818478199992569,28.18478199992569
967,0.022837263999917923,22.837263999917923
968,0.021951823999870612,21.951823999870612
969,0.02701774000001933,27.01774000001933
970,0.027771681999865905,27.771681999865905
971,0.02233371000011175,22.33371000011175
972,0.021634593000044333,21.634593000044333
973,0.025637275999997655,25.637275999997655
974,0.030742385999928956,30.742385999928956
975,0.022875612000007095,22.875612000007095
976,0.022212996999996903,22.212996999996903
977,0.026188262000005125,26.188262000005125
978,0.03221677499982434,32.21677499982434
979,0.02297793200000342,22.97793200000342
980,0.02219417100013743,22.19417100013743
981,0.03584030399997573,35.84030399997573
982,0.027629643999944165,27.629643999944165
983,0.02305166500013911,23.05166500013911
984,0.0222696809998979,22.2696809998979
985,0.030586208999920927,30.586208999920927
986,0.02751649000015277,27.51649000015277
987,0.022917239999969752,22.917239999969752
988,0.021976283000185504,21.976283000185504
989,0.030701832999966427,30.701832999966427
990,0.0268992100000105,26.8992100000105
991,0.022303201999875455,22.303201999875455
992,0.029132831999959308,29.132831999959308
993,0.028997419999996055,28.997419999996055
994,0.023025875000030283,23.025875000030283
995,0.022874429000012242,22.874429000012242
996,0.02248424899994461,22.48424899994461
997,0.031071812999925896,31.071812999925896
998,0.02472280300003149,24.72280300003149
999,0.0229285999998865,22.9285999998865
1000,0.022234180999930686,22.234180999930686
1001,0.030635571000175332,30.635571000175332
1002,0.026791154000193274,26.791154000193274
1003,0.022978977000093437,22.978977000093437
1004,0.022286451000127272,22.286451000127272
1005,0.03319297300004109,33.19297300004109
1006,0.023044503999926746,23.044503999926746
1007,0.02328338999996049,23.28338999996049
1008,0.021778553000103784,21.778553000103784
1009,0.030816431999937777,30.816431999937777
1010,0.02623682800003735,26.23682800003735
1011,0.02238955400002851,22.38955400002851
1012,0.0217905790000259,21.7905790000259
1013,0.03088376799996695,30.88376799996695
1014,0.029763112999944497,29.763112999944497
1015,0.022810563000120965,22.810563000120965
1016,0.022162812000033227,22.162812000033227
1017,0.03193359200008672,31.93359200008672
1018,0.023937782000075458,23.937782000075458
1019,0.022802642999977252,22.80264299997725
1020,0.022175020999839035,22.175020999839035
1021,0.029391790000090623,29.391790000090623
1022,0.0274646779998875,27.4646779998875
1023,0.023873307000030763,23.873307000030763
1024,0.022815810000111014,22.815810000111014
1025,0.03241702400009672,32.41702400009672
1026,0.02369940099993073,23.69940099993073
1027,0.02215375600007974,22.15375600007974
1028,0.021498021000070366,21.498021000070366
1029,0.033153740999978254,33.153740999978254
1030,0.02639838300001429,26.39838300001429
1031,0.023348142000031658,23.348142000031658
1032,0.022219969999923705,22.219969999923705
1033,0.031137465000028897,31.137465000028897
1034,0.024159139999937906,24.159139999937906
1035,0.022902985999962766,22.902985999962766
1036,0.022102047000089442,22.102047000089442
1037,0.030389398000124856,30.389398000124856
1038,0.027953714999966905,27.953714999966905
1039,0.022905182999920726,22.905182999920726
1040,0.022126294000145208,22.126294000145208
1041,0.03034374799995021,30.34374799995021
1042,0.026694938999980877,26.694938999980877
1043,0.022357840000040596,22.357840000040596
1044,0.021544419000065318,21.544419000065318
1045,0.02874458700011928,28.74458700011928
1046,0.027551233000167485,27.551233000167485
1047,0.02295218999984172,22.95218999984172
1048,0.022113812000043254,22.113812000043254
1049,0.03296094200004518,32.96094200004518
1050,0.030650850000029095,30.650850000029095
1051,0.025050471000213292,25.050471000213292
1052,0.022280270000010205,22.280270000010205
1053,0.027461320000156775,27.461320000156775
1054,0.024729613999852518,24.729613999852518
1055,0.022287143000085052,22.287143000085052
1056,0.021494741999958933,21.494741999958933
1057,0.02799170100001902,27.99170100001902
1058,0.027582028000097125,27.582028000097125
1059,0.022183459999951083,22.183459999951083
1060,0.02216730500003905,22.16730500003905
1061,0.03274267200004033,32.74267200004033
1062,0.027521614000079353,27.521614000079353
1063,0.02284843000006731,22.84843000006731
1064,0.022017287999915425,22.017287999915425
1065,0.02829263700004958,28.29263700004958
1066,0.02710024899988639,27.10024899988639
1067,0.022405053000056796,22.405053000056796
1068,0.021531027000037284,21.531027000037284
1069,0.02753398799995921,27.53398799995921
1070,0.029868470999872443,29.868470999872443
1071,0.023378301000093415,23.378301000093415
1072,0.022132662999865715,22.132662999865715
1073,0.028301568999950177,28.301568999950177
1074,0.027976371000022482,27.976371000022482
1075,0.022803836000093725,22.803836000093725
1076,0.02229391600008057,22.29391600008057
1077,0.028370864000180518,28.370864000180518
1078,0.02793270699999084,27.93270699999084
1079,0.022197756999958074,22.197756999958074
1080,0.021491782999873976,21.491782999873976
1081,0.029054393000023992,29.054393000023992
1082,0.02799878600012562,27.99878600012562
1083,0.022851506000051813,22.851506000051813
1084,0.022120218000054592,22.120218000054592
1085,0.02570698599993193,25.70698599993193
1086,0.03034188800006632,30.34188800006632
1087,0.022867377000011402,22.867377000011402
1088,0.022152497999968546,22.152497999968546
1089,0.02590446800013524,25.90446800013524
1090,0.029818791000025158,29.818791000025158
1091,0.02275887399991916,22.75887399991916
1092,0.022453648000009707,22.453648000009707
1093,0.025664006000170048,25.664006000170048
1094,0.0299111740000626,29.9111740000626
1095,0.024792179000087344,24.792179000087344
1096,0.024853408999888416,24.853408999888416
1097,0.07252695900001527,72.52695900001527
1098,0.02535509299991645,25.35509299991645
1099,0.024714294999967024,24.714294999967024
1100,0.02454861800015351,24.54861800015351
1101,0.040962626999998974,40.962626999998974
1102,0.022680554000089614,22.680554000089614
1103,0.02263731700008975,22.63731700008975
1104,0.023193483999875752,23.193483999875752
1105,0.024802009000040925,24.802009000040925
1106,0.024648220000017318,24.648220000017318
1107,0.03693357399993147,36.93357399993147
1108,0.02832694099993205,28.32694099993205
1109,0.029455077999955392,29.455077999955392
1110,0.029309243999932733,29.309243999932733
1111,0.023061286000029213,23.061286000029213
1112,0.022293608999916614,22.293608999916614
1113,0.028286996000133513,28.286996000133513
1114,0.028572088999908374,28.572088999908374
1115,0.022180634000051214,22.180634000051214
1116,0.021460659000013038,21.460659000013038
1117,0.025097059000017907,25.097059000017907
1118,0.030211871999881623,30.211871999881623
1119,0.022708247000082338,22.708247000082338
1120,0.022144717999935892,22.144717999935892
1121,0.02634669200006101,26.34669200006101
1122,0.03078083099990181,30.78083099990181
1123,0.02286600799993721,22.86600799993721
1124,0.022180705999971906,22.180705999971906
1125,0.025711425000054078,25.711425000054078
1126,0.030318183999952453,30.318183999952453
1127,0.022238830000105736,22.238830000105736
1128,0.02180624000015996,21.80624000015996
1129,0.025546576999886383,25.546576999886383
1130,0.030429299999923387,30.429299999923387
1131,0.022434699000086766,22.434699000086766
1132,0.022195747000068877,22.195747000068877
1133,0.027189971999860063,27.189971999860063
1134,0.022569888999896648,22.569888999896648
1135,0.02304323100020156,23.04323100020156
1136,0.022187665000046763,22.187665000046763
1137,0.029426505000174075,29.426505000174075
1138,0.027379270999972505,27.379270999972505
1139,0.02231503200005136,22.31503200005136
1140,0.021500863000028403,21.500863000028403
1141,0.027352981000149157,27.352981000149157
1142,0.028015007999783847,28.015007999783847
1143,0.02237399700015885,22.37399700015885
1144,0.021640707999949882,21.640707999949882
1145,0.02606335600012244,26.06335600012244
1146,0.03046888900007616,30.46888900007616
1147,0.02277095600015855,22.77095600015855
1148,0.022236323000015545,22.236323000015545
1149,0.027526588999990054,27.526588999990054
1150,0.03003647499986073,30.03647499986073
1151,0.022958686000038142,22.958686000038142
1152,0.021670019999874057,21.670019999874057
1153,0.027301776000058453,27.301776000058453
1154,0.03004479700007323,30.04479700007323
1155,0.022136138999940158,22.136138999940158
1156,0.02142384600006153,21.42384600006153
1157,0.025435352000158673,25.435352000158673
1158,0.02974111499997889,29.74111499997889
1159,0.02293953799994597,22.93953799994597
1160,0.022465269000122134,22.465269000122134
1161,0.0269855199999256,26.9855199999256
1162,0.031613463999974556,31.613463999974556
1163,0.029132355999990978,29.132355999990978
1164,0.022481159000108164,22.481159000108164
1165,0.03034886400018877,30.34886400018877
1166,0.028418478000048708,28.418478000048708
1167,0.022907393999958003,22.907393999958003
1168,0.02228059799995208,22.28059799995208
1169,0.029016897999781577,29.016897999781577
1170,0.026935290999972494,26.935290999972494
1171,0.022260141000060685,22.260141000060685
1172,0.021926636999978655,21.926636999978655
1173,0.028371590999995533,28.371590999995533
1174,0.027568473999963317,27.568473999963317
1175,0.022754138999971474,22.754138999971474
1176,0.0223192249998192,22.3192249998192
1177,0.02974861999996392,29.74861999996392
1178,0.027567727000132436,27.567727000132436
1179,0.02420476200018129,24.20476200018129
1180,0.021869093000077555,21.869093000077555
1181,0.027877888000148232,27.877888000148232
1182,0.02741922700010946,27.41922700010946
1183,0.02229927600001247,22.29927600001247
1184,0.02150932700010344,21.50932700010344
1185,0.026260939999929178,26.260939999929178
1186,0.029096148000007815,29.096148000007815
1187,0.022799351999992723,22.799351999992723
1188,0.02211198999998487,22.11198999998487
1189,0.027814312999907997,27.814312999907997
1190,0.030249863000108235,30.249863000108235
1191,0.022930184999950143,22.930184999950143
1192,0.022113621999778843,22.113621999778843
1193,0.029432249000137745,29.432249000137745
1194,0.028096602999994502,28.096602999994502
1195,0.022828662999927474,22.828662999927474
1196,0.02233319600009054,22.33319600009054
1197,0.029182033000097363,29.182033000097363
1198,0.027801557999964643,27.801557999964643
1199,0.022222127000077307,22.222127000077307
1200,0.021525260000089474,21.525260000089474
1201,0.03437044799989053,34.37044799989053
1202,0.02676612799996292,26.76612799996292
1203,0.022527750999870477,22.527750999870477
1204,0.02189483500001188,21.89483500001188
1205,0.03584328700003425,35.84328700003425
1206,0.0270105600000079,27.0105600000079
1207,0.022827992999964408,22.82799299996441
1208,0.022165327000038815,22.165327000038815
1209,0.040001904999826365,40.001904999826365
1210,0.023231153000097038,23.231153000097038
1211,0.023063366000087626,23.063366000087626
1212,0.023039815999936764,23.039815999936764
1213,0.025196480000204247,25.196480000204247
1214,0.03249810600004821,32.49810600004821
1215,0.022216524999976173,22.216524999976173
1216,0.021595520999881046,21.595520999881046
1217,0.030529251999951157,30.529251999951157
1218,0.022809997999956977,22.809997999956977
1219,0.024666600000045946,24.666600000045946
1220,0.023340470999983154,23.340470999983154
1221,0.030689606000123604,30.689606000123604
1222,0.022852336999903855,22.852336999903855
1223,0.022838947000082044,22.838947000082044
1224,0.022616073999870423,22.616073999870423
1225,0.03133611099997324,31.336110999973243
1226,0.02401853000014853,24.01853000014853
1227,0.022797098999944865,22.797098999944865
1228,0.022434243999896353,22.434243999896353
1229,0.03031618099998923,30.31618099998923
1230,0.027565637999941828,27.565637999941828
1231,0.022848457999998573,22.848457999998573
1232,0.022236484999893946,22.236484999893946
1233,0.030056328000000576,30.056328000000576
1234,0.027356135999980324,27.356135999980324
1235,0.022389983000039138,22.389983000039138
1236,0.021556428000167216,21.556428000167216
1237,0.03146420500002023,31.46420500002023
1238,0.027468883999972604,27.468883999972604
1239,0.022360305000120206,22.360305000120206
1240,0.02239506499995514,22.39506499995514
1241,0.03588108899998588,35.88108899998588
1242,0.023241841000071872,23.241841000071872
1243,0.02285848600013196,22.85848600013196
1244,0.022023025000180496,22.023025000180496
1245,0.02956465800002661,29.56465800002661
1246,0.02575824699988516,25.75824699988516
1247,0.022282319000169082,22.282319000169082
1248,0.02357951699991645,23.57951699991645
1249,0.04565727700014577,45.65727700014577
1250,0.026040608000130305,26.040608000130305
1251,0.023212621000084255,23.212621000084255
1252,0.022228749000078096,22.228749000078096
1253,0.030636251000032644,30.636251000032644
1254,0.028630710000015824,28.630710000015824
1255,0.02314636200003406,23.14636200003406
1256,0.021545422999906805,21.545422999906805
1257,0.029813346000082674,29.813346000082674
1258,0.026940595000041867,26.940595000041867
1259,0.02241461099993103,22.41461099993103
1260,0.021561303999988013,21.561303999988013
1261,0.02897386200015717,28.97386200015717
1262,0.028354181999930006,28.354181999930006
1263,0.023006346000101985,23.006346000101985
1264,0.022330657999873438,22.330657999873438
1265,0.030133405000015046,30.133405000015046
1266,0.02764004499999828,27.64004499999828
1267,0.022350953999875856,22.350953999875856
1268,0.02166183799999999,21.66183799999999
1269,0.028774210999927163,28.774210999927163
1270,0.027633378000018638,27.633378000018638
1271,0.02243049699995936,22.43049699995936
1272,0.02167096599987417,21.67096599987417
1273,0.02850163799985239,28.50163799985239
1274,0.028357202999814035,28.357202999814035
1275,0.02322726900001726,23.22726900001726
1276,0.022310981999908108,22.31098199990811
1277,0.029164529999889055,29.164529999889055
1278,0.03629596699988724,36.29596699988724
1279,0.023489611000059085,23.489611000059085
1280,0.022322106000046915,22.322106000046915
1281,0.027943132000018522,27.943132000018522
1282,0.024329588999989937,24.329588999989937
1283,0.022489168999982212,22.489168999982212
1284,0.021663782999894465,21.663782999894465
1285,0.029356607999943662,29.356607999943662
1286,0.027490568000075655,27.490568000075655
1287,0.02235879299996668,22.35879299996668
1288,0.02170017999992524,21.70017999992524
1289,0.02899122000007992,28.99122000007992
1290,0.027344308000010642,27.344308000010642
1291,0.02275661199996648,22.75661199996648
1292,0.022380167999926925,22.380167999926925
1293,0.028889092999861532,28.889092999861532
1294,0.02830021099998703,28.30021099998703
1295,0.023527755000031902,23.527755000031902
1296,0.02255303099991579,22.55303099991579
1297,0.04070207299992035,40.70207299992035
1298,0.022221035000029588,22.221035000029588
1299,0.02269016799982637,22.69016799982637
1300,0.021712433999937275,21.712433999937275
1301,0.03093508400002065,30.93508400002065
1302,0.024006890000009662,24.006890000009662
1303,0.022858887999973376,22.858887999973376
1304,0.022395241999902282,22.395241999902282
1305,0.030132546999993792,30.132546999993792
1306,0.026892073999988497,26.892073999988497
1307,0.023001494000027378,23.001494000027378
1308,0.022242126000037388,22.242126000037388
1309,0.02937034600017796,29.37034600017796
1310,0.027150865000066915,27.150865000066915
1311,0.022378907999836883,22.378907999836883
1312,0.02325044600002002,23.25044600002002
1313,0.0310898630000338,31.0898630000338
1314,0.028097847000026377,28.097847000026377
1315,0.023108224999987215,23.108224999987215
1316,0.022221359000013763,22.221359000013763
1317,0.0298541730001034,29.8541730001034
1318,0.027723537000156284,27.723537000156284
1319,0.023108293000177582,23.108293000177582
1320,0.022102597999946738,22.102597999946738
1321,0.028959880999991583,28.959880999991583
1322,0.02752118199987308,27.52118199987308
1323,0.022400108000056207,22.400108000056207
1324,0.021893945999863718,21.893945999863718
1325,0.028255771999965873,28.255771999965873
1326,0.02804115300000376,28.04115300000376
1327,0.022984749999977794,22.984749999977794
1328,0.022214334999944185,22.214334999944185
1329,0.028554666999980327,28.554666999980327
1330,0.028059772999995403,28.059772999995403
1331,0.023160790000019915,23.160790000019915
1332,0.022232914999904096,22.232914999904096
1333,0.04763172299999496,47.63172299999496
1334,0.02431603200011523,24.31603200011523
1335,0.02247313199995915,22.47313199995915
1336,0.021601083999939874,21.601083999939874
1337,0.024691300000085903,24.691300000085903
1338,0.030020069000102012,30.020069000102012
1339,0.022814158000073803,22.814158000073803
1340,0.022275807000141867,22.275807000141867
1341,0.026299252999933742,26.299252999933742
1342,0.02966747100003886,29.66747100003886
1343,0.022843595000040295,22.843595000040295
1344,0.022252977999869472,22.252977999869472
1345,0.036351458999888564,36.351458999888564
1346,0.02566751800009115,25.66751800009115
1347,0.023406376999901113,23.406376999901113
1348,0.02152064300003076,21.52064300003076
1349,0.028834347999918464,28.834347999918464
1350,0.02829394900004445,28.29394900004445
1351,0.02225950100000773,22.25950100000773
1352,0.021484375999989425,21.484375999989425
1353,0.032898561999900267,32.89856199990027
1354,0.027154454000083206,27.154454000083206
1355,0.02272303000017928,22.72303000017928
1356,0.022632123999983378,22.632123999983378
1357,0.028848036999988835,28.848036999988835
1358,0.028189168999915637,28.189168999915637
1359,0.022895172000062303,22.895172000062303
1360,0.02218297500007793,22.18297500007793
1361,0.02956272300002638,29.56272300002638
1362,0.026885076000098707,26.885076000098707
1363,0.02279709599997659,22.79709599997659
1364,0.022337809000191555,22.337809000191555
1365,0.03425540399985039,34.25540399985039
1366,0.027700570999968477,27.700570999968477
1367,0.023081558999820118,23.081558999820118
1368,0.02232795600002646,22.32795600002646
1369,0.032230481999931726,32.230481999931726
1370,0.02703427999995256,27.03427999995256
1371,0.022400573999902917,22.400573999902917
1372,0.025797579000027326,25.797579000027326
1373,0.03596489100004874,35.96489100004874
1374,0.023146870999880775,23.146870999880775
1375,0.022837744000071325,22.837744000071325
1376,0.022291470000027402,22.291470000027402
1377,0.026911704999974972,26.911704999974972
1378,0.03146454900002027,31.46454900002027
1379,0.06333924100022159,63.33924100022159
1380,0.10338958500005901,103.38958500005901
1381,0.04211197600011474,42.11197600011474
1382,0.022047158999839667,22.047158999839667
1383,0.02241176000006817,22.41176000006817
1384,0.0257764349998979,25.7764349998979
1385,0.03279076600006192,32.79076600006192
1386,0.0243256129999736,24.3256129999736
1387,0.022154647999968802,22.1546479999688
1388,0.02949739999985468,29.49739999985468
1389,0.023047121999979936,23.047121999979936
1390,0.022702853000055256,22.702853000055256
1391,0.022456549000025916,22.456549000025916
1392,0.030701898999950572,30.701898999950572
1393,0.025296239999988757,25.296239999988757
1394,0.022512986000037927,22.512986000037927
1395,0.02247781500000201,22.47781500000201
1396,0.030403395000121236,30.403395000121236
1397,0.026091331000088758,26.091331000088758
1398,0.022500057999877754,22.500057999877754
1399,0.022413693999851603,22.413693999851603
1400,0.029030837999926007,29.030837999926007
1401,0.027734329999930196,27.734329999930196
1402,0.02256916800001818,22.56916800001818
1403,0.02171797300002254,21.71797300002254
1404,0.027636712000003172,27.636712000003172
1405,0.027472435999925437,27.472435999925437
1406,0.02222016799987614,22.22016799987614
1407,0.02190460100018754,21.90460100018754
1408,0.026788334000002578,26.78833400000258
1409,0.034574637999867264,34.574637999867264
1410,0.02264688299987938,22.64688299987938
1411,0.02310608199991293,23.10608199991293
1412,0.03024933000006058,30.24933000006058
1413,0.028473971000039455,28.473971000039455
1414,0.0233226340001238,23.3226340001238
1415,0.02197053700001561,21.97053700001561
1416,0.03653578199987351,36.53578199987351
1417,0.022887695000008534,22.887695000008534
1418,0.021985078000170688,21.985078000170688
1419,0.021916708999924595,21.916708999924595
1420,0.03073150499994881,30.73150499994881
1421,0.02621626100017238,26.21626100017238
1422,0.02275050100001863,22.75050100001863
1423,0.022568417000002228,22.568417000002228
1424,0.029892859000028693,29.892859000028693
1425,0.024597876000143515,24.597876000143515
1426,0.022595274999957837,22.595274999957837
1427,0.022627376999935223,22.627376999935223
1428,0.03221890000008898,32.21890000008898
1429,0.05268279999995684,52.68279999995684
1430,0.025151983999876393,25.151983999876393
1431,0.03591737400006423,35.91737400006423
1432,0.045661784000003536,45.661784000003536
1433,0.02293831399992996,22.93831399992996
1434,0.021949296000002505,21.949296000002505
1435,0.022255286000017804,22.255286000017804
1436,0.02478528799997548,24.78528799997548
1437,0.024559315999795217,24.559315999795217
1438,0.03036641500011683,30.36641500011683
1439,0.032509601000128896,32.509601000128896
1440,0.026848040999993827,26.848040999993827
1441,0.03272537199995895,32.72537199995895
1442,0.02321660300003714,23.21660300003714
1443,0.02359981900008279,23.59981900008279
1444,0.03442777700001898,34.42777700001898
1445,0.023678747000076328,23.678747000076328
1446,0.022727717999941888,22.727717999941888
1447,0.02257034600006591,22.57034600006591
1448,0.0277655230001983,27.7655230001983
1449,0.02402236400007496,24.02236400007496
1450,0.02239703800000825,22.39703800000825
1451,0.022019224999894504,22.019224999894504
1452,0.031193609999945693,31.193609999945693
1453,0.026923200000055658,26.923200000055658
1454,0.02203338399999666,22.03338399999666
1455,0.021940334999953848,21.940334999953848
1456,0.030095507999931215,30.095507999931215
1457,0.028102379999836558,28.102379999836558
1458,0.02273874499996964,22.73874499996964
1459,0.022638312000026417,22.638312000026417
1460,0.030659540999977253,30.659540999977253
1461,0.028415603999974337,28.415603999974337
1462,0.02242680599988489,22.42680599988489
1463,0.0226758289998088,22.6758289998088
1464,0.029808559000002788,29.808559000002788
1465,0.028368647999968744,28.368647999968744
1466,0.022022590000005948,22.02259000000595
1467,0.021962102000088635,21.962102000088635
1468,0.02882921999980681,28.82921999980681
1469,0.02659936400004881,26.59936400004881
1470,0.020676994000041304,20.676994000041304
1471,0.025018857000077332,25.018857000077332
1472,0.03266016399993532,32.66016399993532
1473,0.02677079699992646,26.77079699992646
1474,0.020969295999975657,20.969295999975657
1475,0.020848449000141045,20.848449000141045
1476,0.029993918999934976,29.993918999934976
1477,0.02860378600007607,28.60378600007607
1478,0.021084634000089864,21.084634000089864
1479,0.02102077500012456,21.02077500012456
1480,0.03534038199995848,35.34038199995848
1481,0.02143943600003695,21.43943600003695
1482,0.020278390999919793,20.278390999919793
1483,0.020435178000070664,20.435178000070664
1484,0.03201323100006448,32.01323100006448
1485,0.026552812000090853,26.552812000090853
1486,0.02282837899997503,22.82837899997503
1487,0.02055970299988985,20.55970299988985
1488,0.03086935999999696,30.86935999999696
1489,0.026933438000014576,26.933438000014576
1490,0.021042618000137736,21.042618000137736
1491,0.02086605799991048,20.86605799991048
1492,0.0284998369997993,28.4998369997993
1493,0.030233034000048065,30.233034000048065
1494,0.021444174999942334,21.444174999942334
1495,0.021363240000027872,21.363240000027872
1496,0.029794745000117473,29.794745000117473
1497,0.03175144200008617,31.751442000086172
1498,0.023048895000101766,23.048895000101766
1499,0.022556633000021975,22.556633000021975
1500,0.03017787900012081,30.17787900012081
1501,0.02864561000001231,28.64561000001231
1502,0.022166921999996703,22.166921999996703
1503,0.023644505999982357,23.644505999982357
1504,0.053325951000033456,53.325951000033456
1505,0.024020879999852696,24.020879999852696
1506,0.02342474800002492,23.42474800002492
1507,0.022779498000090825,22.779498000090825
1508,0.03788972000006652,37.88972000006652
1509,0.03239275600003566,32.39275600003566
1510,0.022492349999993166,22.492349999993166
1511,0.023399622999932035,23.399622999932035
1512,0.04284763400005431,42.84763400005431
1513,0.022316391000003932,22.316391000003932
1514,0.020797380999965753,20.797380999965753
1515,0.020684955999968224,20.684955999968224
1516,0.030539209000153278,30.539209000153278
1517,0.022174793999965914,22.174793999965914
1518,0.02113727400001153,21.13727400001153
1519,0.020717845000035595,20.717845000035595
1520,0.03289781400007996,32.89781400007996
1521,0.026424340000176016,26.424340000176016
1522,0.020289440999931685,20.289440999931685
1523,0.020128686999896672,20.128686999896672
1524,0.02644859399993038,26.44859399993038
1525,0.03096190199994453,30.96190199994453
1526,0.021356628999910754,21.356628999910754
1527,0.021270964999985154,21.270964999985154
1528,0.028449628000089433,28.449628000089433
1529,0.029309996999927534,29.309996999927534
1530,0.021045187000027,21.045187000027
1531,0.0210474590001013,21.0474590001013
1532,0.03101821099994595,31.01821099994595
1533,0.021731948000024204,21.731948000024204
1534,0.021417197000118904,21.417197000118904
1535,0.02082867199987959,20.82867199987959
1536,0.03222957900015899,32.22957900015899
1537,0.0319787329999599,31.978732999959902
1538,0.020941697999887765,20.941697999887765
1539,0.02039562599998135,20.39562599998135
1540,0.032872738999913054,32.872738999913054
1541,0.027445859999943423,27.445859999943423
1542,0.02095544000007976,20.95544000007976
1543,0.020748595999975805,20.748595999975805
1544,0.03241200599995864,32.41200599995864
1545,0.02728445700017801,27.28445700017801
1546,0.02162101699991581,21.62101699991581
1547,0.020213177000186988,20.213177000186988
1548,0.02886164699998517,28.86164699998517
1549,0.027860345999897618,27.860345999897618
1550,0.020298218000107227,20.298218000107227
1551,0.02027529399993,20.27529399993
1552,0.04192665499999748,41.92665499999748
1553,0.02757571500001177,27.57571500001177
1554,0.030765408999968713,30.765408999968713
1555,0.027073234999988927,27.073234999988927
1556,0.032826578000140216,32.826578000140216
1557,0.027300773999968442,27.300773999968442
1558,0.021105484999907276,21.105484999907276
1559,0.020758827999998175,20.758827999998175
1560,0.029989247999992585,29.989247999992585
1561,0.02663584600009017,26.63584600009017
1562,0.02071920699995644,20.71920699995644
1563,0.020579294000071968,20.579294000071968
1564,0.026816467000116972,26.816467000116972
1565,0.03369238300001598,33.69238300001598
1566,0.021319186000027912,21.319186000027912
1567,0.020921941999858973,20.921941999858973
1568,0.03342018199987251,33.42018199987251
1569,0.02342630999987705,23.42630999987705
1570,0.02265937600009238,22.65937600009238
1571,0.02290605600001072,22.90605600001072
1572,0.02974014000005809,29.74014000005809
1573,0.02282810699989568,22.82810699989568
1574,0.02195880399995076,21.95880399995076
1575,0.02265606200012371,22.65606200012371
1576,0.023044821999974374,23.044821999974374
1577,0.03232267499993213,32.32267499993213
1578,0.02298987299991495,22.98987299991495
1579,0.022860627000000022,22.860627000000022
1580,0.030217108999977427,30.217108999977427
1581,0.02831436999986181,28.31436999986181
1582,0.022699842000065473,22.699842000065473
1583,0.024977724999871498,24.977724999871498
1584,0.04493737099983264,44.93737099983264
1585,0.024952937000080055,24.952937000080055
1586,0.02207814500002314,22.07814500002314
1587,0.02181628800008184,21.81628800008184
1588,0.030261745000188967,30.261745000188967
1589,0.028310786000020016,28.310786000020016
1590,0.022235831999978473,22.235831999978473
1591,0.021747138999899107,21.747138999899107
1592,0.02799046699988139,27.99046699988139
1593,0.027796914999953515,27.796914999953515
1594,0.022616873000060878,22.616873000060878
1595,0.022780586999942898,22.780586999942898
1596,0.02838911900016683,28.38911900016683
1597,0.028402116000052047,28.402116000052047
1598,0.022757601999956023,22.757601999956023
1599,0.021821410000029573,21.821410000029573
1600,0.0272363410001617,27.2363410001617
1601,0.03008022299991353,30.08022299991353
1602,0.022144728999819563,22.144728999819563
1603,0.02199028899985933,21.99028899985933
1604,0.02516542200010008,25.16542200010008
1605,0.03160078399992017,31.600783999920168
1606,0.022647860999995828,22.647860999995828
1607,0.022429447999911645,22.429447999911645
1608,0.026535090999914246,26.535090999914246
1609,0.03092023300018809,30.92023300018809
1610,0.022266773000183093,22.266773000183093
1611,0.021701168000163307,21.701168000163307
1612,0.024873047000028237,24.873047000028237
1613,0.0318210939999517,31.8210939999517
1614,0.0236149940001269,23.6149940001269
1615,0.022432439999874987,22.432439999874987
1616,0.029204822999872704,29.204822999872704
1617,0.028521085000193125,28.521085000193125
1618,0.02269081000008555,22.69081000008555
1619,0.022295276000022568,22.295276000022568
1620,0.027274874999875465,27.274874999875465
1621,0.030152926000027946,30.152926000027946
1622,0.02182934400002523,21.82934400002523
1623,0.021899307000012413,21.899307000012413
1624,0.024951084999884188,24.951084999884188
1625,0.029809559999876,29.809559999876
1626,0.021894379000059416,21.894379000059416
1627,0.02241806999995788,22.41806999995788
1628,0.025445845000149347,25.445845000149347
1629,0.032902867000075275,32.902867000075275
1630,0.022560868000027767,22.560868000027767
1631,0.02293028899998717,22.93028899998717
1632,0.034794880999925226,34.794880999925226
1633,0.027271715000097174,27.271715000097174
1634,0.022281576999830577,22.281576999830577
1635,0.021924685999920257,21.924685999920257
1636,0.028142395000031684,28.142395000031684
1637,0.031401015000028565,31.401015000028565
1638,0.022123673999885796,22.123673999885796
1639,0.023040860000037355,23.040860000037355
1640,0.030117260999986684,30.117260999986684
1641,0.02794528000003993,27.94528000003993
1642,0.022685355000021445,22.685355000021445
1643,0.022482239999817466,22.482239999817466
1644,0.02916526000012709,29.16526000012709
1645,0.027554204999887588,27.554204999887588
1646,0.022081441999944218,22.081441999944218
1647,0.021866554999860455,21.866554999860455
1648,0.03274999699988257,32.74999699988257
1649,0.02691755299997567,26.91755299997567
1650,0.022050639999861232,22.050639999861232
1651,0.022021216999974058,22.021216999974058
1652,0.03139609599998039,31.39609599998039
1653,0.028244557999869357,28.244557999869357
1654,0.02262900300002002,22.62900300002002
1655,0.022896971000136546,22.896971000136546
1656,0.02855455000008078,28.55455000008078
1657,0.028164102000118874,28.164102000118874
1658,0.022229309000067587,22.229309000067587
1659,0.022118537000096694,22.118537000096694
1660,0.028534730000046693,28.534730000046693
1661,0.027181498999880205,27.181498999880205
1662,0.022301566999885836,22.301566999885836
1663,0.022542390999888084,22.542390999888084
1664,0.027577588999974978,27.577588999974978
1665,0.030595872000048985,30.595872000048985
1666,0.02325863400005801,23.25863400005801
1667,0.024511619000122664,24.511619000122664
1668,0.03183154500015917,31.831545000159167
1669,0.02864458299995931,28.64458299995931
1670,0.02455904799990094,24.55904799990094
1671,0.022174082999981692,22.174082999981692
1672,0.029269739000028494,29.269739000028494
1673,0.02916271999993114,29.16271999993114
1674,0.027806241999996928,27.806241999996928
1675,0.022338131999958932,22.338131999958932
1676,0.025571023999873432,25.571023999873432
1677,0.0318313710001803,31.831371000180297
1678,0.0225552819999848,22.5552819999848
1679,0.02253145599979689,22.53145599979689
1680,0.02532898699996622,25.32898699996622
1681,0.031031225999868184,31.031225999868184
1682,0.023218497000016214,23.218497000016214
1683,0.022582759999977498,22.582759999977498
1684,0.027059585999950286,27.059585999950286
1685,0.029944346999855043,29.944346999855043
1686,0.022560378999969544,22.560378999969544
1687,0.02193386399994779,21.93386399994779
1688,0.02451087200006441,24.51087200006441
1689,0.031721755000035046,31.721755000035046
1690,0.02279820099988683,22.79820099988683
1691,0.022502529000121285,22.502529000121285
1692,0.0277884559998256,27.7884559998256
1693,0.030700560000013866,30.700560000013866
1694,0.022713013000156934,22.713013000156934
1695,0.025834214000042266,25.834214000042266
1696,0.03466340299996773,34.66340299996773
1697,0.023213095000073736,23.213095000073736
1698,0.022301426000012725,22.301426000012725
1699,0.022237155000084385,22.237155000084385
1700,0.03297780299999431,32.97780299999431
1701,0.022670739999966827,22.670739999966827
1702,0.02224056299996846,22.24056299996846
1703,0.02231429899984505,22.31429899984505
1704,0.03060133400003906,30.60133400003906
1705,0.02788857900009134,27.88857900009134
1706,0.0228677620000326,22.8677620000326
1707,0.022752038000135144,22.752038000135144
1708,0.030525800999839703,30.525800999839703
1709,0.02684483600000931,26.84483600000931
1710,0.022632760000078633,22.632760000078633
1711,0.022474960999943505,22.474960999943505
1712,0.030615638000199397,30.615638000199397
1713,0.024515112000017325,24.515112000017325
1714,0.022645896999847537,22.645896999847537
1715,0.022173529999918173,22.173529999918173
1716,0.029747147000080076,29.747147000080076
1717,0.02763038799980677,27.63038799980677
1718,0.022445296000114467,22.445296000114467
1719,0.021971007000047393,21.971007000047393
1720,0.030506181999953697,30.506181999953697
1721,0.02828348699995331,28.28348699995331
1722,0.022731288999921162,22.731288999921162
1723,0.022505716000068787,22.505716000068787
1724,0.024100911000005,24.100911000005
1725,0.03338687099994786,33.38687099994786
1726,0.024411802000031457,24.411802000031457
1727,0.02274312200006534,22.74312200006534
1728,0.027470695999909367,27.470695999909367
1729,0.02759076699999241,27.59076699999241
1730,0.02269473499995911,22.69473499995911
1731,0.02249784599985105,22.49784599985105
1732,0.03021243700004561,30.21243700004561
1733,0.027969774999974106,27.969774999974106
1734,0.0220490899998822,22.0490899998822
1735,0.021992984999997134,21.992984999997134
1736,0.02797050700019099,27.97050700019099
1737,0.029267707999906634,29.267707999906634
1738,0.02214902799983065,22.14902799983065
1739,0.02190045499992266,21.90045499992266
1740,0.028083059999971738,28.083059999971738
1741,0.029786249000153475,29.786249000153475
1742,0.022509485000000495,22.509485000000495
1743,0.02248361500005558,22.48361500005558
1744,0.02858145099980902,28.58145099980902
1745,0.027933011999948576,27.933011999948576
1746,0.022393713999917964,22.393713999917964
1747,0.022099641000068004,22.099641000068004
1748,0.027717349000113245,27.717349000113245
1749,0.028561389999822495,28.561389999822495
1750,0.021969667999883313,21.969667999883313
1751,0.02257340699998167,22.57340699998167
1752,0.02676356099982513,26.76356099982513
1753,0.030630853000047864,30.630853000047864
1754,0.022760307999988072,22.760307999988072
1755,0.022573147999992216,22.573147999992216
1756,0.028544845999931567,28.544845999931567
1757,0.028372921000027418,28.372921000027418
1758,0.022595099999989543,22.595099999989543
1759,0.02269261399987954,22.69261399987954
1760,0.029964330999973754,29.964330999973754
1761,0.0320915029999469,32.0915029999469
1762,0.022687457000074573,22.687457000074573
1763,0.02180270799999562,21.80270799999562
1764,0.028607380000039484,28.607380000039484
1765,0.027901659000008294,27.901659000008294
1766,0.022020234999899913,22.020234999899913
1767,0.02189401399982671,21.89401399982671
1768,0.03296630199997708,32.96630199997708
1769,0.029815567000014198,29.815567000014198
1770,0.026429730000018026,26.429730000018026
1771,0.02400485399994068,24.00485399994068
1772,0.05492370000001756,54.92370000001756
1773,0.024526457999854756,24.526457999854756
1774,0.024457229000063307,24.457229000063307
1775,0.024175800999955754,24.175800999955754
1776,0.04811157699987234,48.11157699987234
1777,0.023095567000154915,23.095567000154915
1778,0.022648269000001164,22.648269000001164
1779,0.023267911000175445,23.267911000175445
1780,0.025380548999919483,25.380548999919483
1781,0.0357413430001543,35.7413430001543
1782,0.028640568999890093,28.640568999890093
1783,0.024258353000050192,24.258353000050192
1784,0.029654672999868126,29.654672999868126
1785,0.02952994299994316,29.52994299994316
1786,0.022016317999941748,22.016317999941748
1787,0.021725906000028772,21.725906000028772
1788,0.0289750910001203,28.9750910001203
1789,0.027963257000010344,27.963257000010344
1790,0.02307244200005698,23.07244200005698
1791,0.022497321000173542,22.497321000173542
1792,0.02855058000000099,28.55058000000099
1793,0.02848181299987118,28.48181299987118
1794,0.022455309999941164,22.455309999941164
1795,0.021898065999948813,21.898065999948813
1796,0.0282737200000156,28.2737200000156
1797,0.028101217000084944,28.101217000084944
1798,0.022909100999868315,22.909100999868315
1799,0.0226069830000597,22.6069830000597
1800,0.030545604000053572,30.545604000053572
1801,0.02951815300002636,29.51815300002636
1802,0.022609189999911905,22.609189999911905
1803,0.023174607000100877,23.174607000100877
1804,0.027734954000152356,27.734954000152356
1805,0.02775524799994855,27.75524799994855
1806,0.022007917000109956,22.007917000109956
1807,0.021936466999932236,21.936466999932236
1808,0.027829737000047317,27.829737000047317
1809,0.028465723999943293,28.465723999943293
1810,0.021955916000024445,21.955916000024445
1811,0.022350074999849312,22.350074999849312
1812,0.02645387400002619,26.45387400002619
1813,0.029195037999897977,29.195037999897977
1814,0.022487228000045434,22.487228000045434
1815,0.022503038999957425,22.503038999957425
1816,0.027856592000034652,27.856592000034652
1817,0.03128143899994029,31.281438999940292
1818,0.022654226999975435,22.654226999975435
1819,0.02245426900003622,22.45426900003622
1820,0.03150534499991409,31.505344999914087
1821,0.027842756000154623,27.842756000154623
1822,0.022466370000074676,22.466370000074676
1823,0.02188243299997339,21.88243299997339
1824,0.027474078000068403,27.474078000068403
1825,0.02789347800012365,27.89347800012365
1826,0.0220162049999999,22.0162049999999
1827,0.021792412999957378,21.792412999957378
1828,0.025389766999978747,25.389766999978747
1829,0.031660806999980196,31.660806999980196
1830,0.022503163999999742,22.503163999999742
1831,0.02245556699995177,22.45556699995177
1832,0.027630474000034155,27.630474000034155
1833,0.030561570999907417,30.561570999907417
1834,0.02431243999990329,24.31243999990329
1835,0.028117474999817205,28.117474999817205
1836,0.046735361999935776,46.735361999935776
1837,0.022377621000032377,22.377621000032377
1838,0.022095409000030486,22.095409000030486
1839,0.021809266999980537,21.809266999980537
1840,0.03254043999982059,32.54043999982059
1841,0.027207631000010224,27.207631000010224
1842,0.021063627999865275,21.063627999865275
1843,0.020754474000113987,20.754474000113987
1844,0.0355157199999212,35.5157199999212
1845,0.026853668999820002,26.85366899982
1846,0.020933299000034822,20.933299000034822
1847,0.02077068799985682,20.77068799985682
1848,0.03220107900006042,32.20107900006042
1849,0.02740801600020859,27.40801600020859
1850,0.02198920499995438,21.98920499995438
1851,0.022267285999987507,22.267285999987507
1852,0.025317568999980722,25.317568999980722
1853,0.03043694799998775,30.43694799998775
1854,0.022590775000026042,22.590775000026042
1855,0.022522064999975555,22.522064999975555
1856,0.025793514000042705,25.793514000042705
1857,0.030522048999955587,30.522048999955587
1858,0.02275916899998265,22.75916899998265
1859,0.022533343000077366,22.533343000077366
1860,0.02549988900000244,25.49988900000244
1861,0.030419983000001594,30.419983000001594
1862,0.022596098000121856,22.596098000121856
1863,0.022472975999789924,22.472975999789924
1864,0.025891998000133754,25.891998000133754
1865,0.03063278900003752,30.63278900003752
1866,0.021965148999925077,21.965148999925077
1867,0.023542811000197617,23.542811000197617
1868,0.02555096599985518,25.55096599985518
1869,0.03048187800004598,30.48187800004598
1870,0.022063645000116594,22.063645000116594
1871,0.021958213000061733,21.958213000061733
1872,0.02757968399987476,27.57968399987476
1873,0.03254755100010698,32.54755100010698
1874,0.022601742999995622,22.601742999995622
1875,0.022510796999995364,22.510796999995364
1876,0.026186739000195303,26.186739000195303
1877,0.031313133000139715,31.313133000139715
1878,0.022594112999968274,22.594112999968274
1879,0.02205380400005197,22.05380400005197
1880,0.024961525999970036,24.961525999970036
1881,0.031145402999982252,31.145402999982252
1882,0.02251062200002707,22.51062200002707
1883,0.022520166000049358,22.520166000049358
1884,0.028056144999936805,28.056144999936805
1885,0.03156683199995314,31.566831999953138
1886,0.022576354000193533,22.576354000193533
1887,0.02242075999993176,22.42075999993176
1888,0.027767066000023988,27.767066000023988
1889,0.028093245000036404,28.093245000036404
1890,0.02191694899988761,21.91694899988761
1891,0.021861123000007865,21.861123000007865
1892,0.025051935999954367,25.051935999954367
1893,0.03414572299993779,34.14572299993779
1894,0.024273543000163045,24.273543000163045
1895,0.023650620999887906,23.650620999887906
1896,0.029306288000043423,29.306288000043423
1897,0.027746477000164305,27.746477000164305
1898,0.02264480300004834,22.64480300004834
1899,0.022519936999970014,22.519936999970014
1900,0.02949344600006043,29.49344600006043
1901,0.028234758999815313,28.234758999815313
1902,0.022985464999919714,22.985464999919714
1903,0.022523402999922837,22.523402999922837
1904,0.02824131700003818,28.24131700003818
1905,0.027548868999929255,27.548868999929255
1906,0.021934310000006008,21.934310000006008
1907,0.021915260000014314,21.915260000014314
1908,0.02754339899979641,27.54339899979641
1909,0.028523946000177602,28.523946000177602
1910,0.021952253000108612,21.952253000108612
1911,0.0219713189999311,21.9713189999311
1912,0.025692120000030627,25.692120000030627
1913,0.03032958799985863,30.32958799985863
1914,0.022596085000031962,22.596085000031962
1915,0.022754639999902793,22.754639999902793
1916,0.025740135999967606,25.740135999967606
1917,0.03112951000002795,31.12951000002795
1918,0.021980615000074977,21.980615000074977
1919,0.021938310999985333,21.938310999985333
1920,0.02517923300001712,25.17923300001712
1921,0.031654826000021785,31.654826000021785
1922,0.022629530000131126,22.629530000131126
1923,0.024217775000124675,24.217775000124675
1924,0.031090194000171323,31.090194000171323
1925,0.0286995520000346,28.6995520000346
1926,0.026029454000081387,26.029454000081387
1927,0.024855313999978534,24.855313999978534
1928,0.031816086999924664,31.816086999924664
1929,0.025366343000087,25.366343000087
1930,0.02267977300016355,22.67977300016355
1931,0.022276749999946333,22.276749999946333
1932,0.02640848700002607,26.40848700002607
1933,0.024381178999874464,24.381178999874464
1934,0.0218866780001008,21.8866780001008
1935,0.02185970699997597,21.85970699997597
1936,0.028011639999931504,28.011639999931504
1937,0.02494756500004769,24.94756500004769
1938,0.022589919999973063,22.589919999973063
1939,0.02242865400012306,22.42865400012306
1940,0.03293891300018004,32.93891300018004
1941,0.02376890400000775,23.76890400000775
1942,0.02263075399991976,22.63075399991976
1943,0.022333425999931933,22.333425999931933
1944,0.03125433300010627,31.25433300010627
1945,0.023544628000081502,23.544628000081502
1946,0.02251485299984779,22.51485299984779
1947,0.02242450199992163,22.42450199992163
1948,0.0305514439999115,30.5514439999115
1949,0.02519371499988665,25.19371499988665
1950,0.021982767999816133,21.982767999816133
1951,0.02197719299988421,21.97719299988421
1952,0.028658706999976857,28.658706999976857
1953,0.02779151400000046,27.79151400000046
1954,0.022145986999930756,22.145986999930756
1955,0.02185335700005453,21.85335700005453
1956,0.029176113000175974,29.176113000175974
1957,0.028144956999994974,28.144956999994974
1958,0.02251205600009598,22.51205600009598
1959,0.022407687999930204,22.407687999930204
1960,0.02894570300009036,28.94570300009036
1961,0.029113189999861788,29.11318999986179
1962,0.02353228400011176,23.53228400011176
1963,0.022858789000110846,22.858789000110846
1964,0.03059208500008026,30.59208500008026
1965,0.027080982000143194,27.080982000143194
1966,0.021945060000007288,21.945060000007288
1967,0.026584793999973044,26.584793999973044
1968,0.03170551500011243,31.705515000112428
1969,0.02307811900004708,23.07811900004708
1970,0.02257911999981843,22.57911999981843
1971,0.022700085999986186,22.700085999986186
1972,0.032221291000041674,32.221291000041674
1973,0.02327457899991714,23.27457899991714
1974,0.02253263799980232,22.53263799980232
1975,0.02284637799994016,22.84637799994016
1976,0.03145305799989728,31.453057999897283
1977,0.023080367999909868,23.080367999909868
1978,0.02335891799998535,23.35891799998535
1979,0.02246659999991607,22.46659999991607
1980,0.034215032000020074,34.215032000020074
1981,0.023711876999868764,23.711876999868764
1982,0.023132135999958336,23.132135999958336
1983,0.022496277999835,22.496277999835
1984,0.027095893000023352,27.095893000023352
1985,0.026675388000057865,26.675388000057865
1986,0.022013837000031344,22.013837000031344
1987,0.021832978000020375,21.832978000020375
1988,0.03037828200012882,30.37828200012882
1989,0.02699068900005841,26.99068900005841
1990,0.022047006999855512,22.047006999855512
1991,0.021768753000060315,21.768753000060315
1992,0.028504185999963738,28.504185999963738
1993,0.02760929600003692,27.60929600003692
1994,0.022703165999928387,22.703165999928387
1995,0.022578361000114455,22.578361000114455
1996,0.030735988000060388,30.735988000060388
1997,0.02743427999985215,27.43427999985215
1998,0.022507239000105983,22.507239000105983
1999,0.02267270200013627,22.67270200013627
2000,0.03396681799995349,33.96681799995349
2001,0.02773051900021528,27.73051900021528
2002,0.022791409999854295,22.791409999854295
2003,0.022142218999988472,22.142218999988472
2004,0.025806336999949053,25.806336999949053
2005,0.03351524300001074,33.51524300001074
2006,0.029896321000023818,29.896321000023818
2007,0.022366711999893596,22.366711999893596
2008,0.030494972000042253,30.494972000042253
2009,0.028058377999968798,28.058377999968798
2010,0.020888107000018863,20.888107000018863
2011,0.020650136999847746,20.650136999847746
2012,0.02767801999993935,27.67801999993935
2013,0.02965129600011096,29.65129600011096
2014,0.02098907300000974,20.98907300000974
2015,0.020909993000032046,20.909993000032046
2016,0.029320849999976417,29.320849999976417
2017,0.023497855999949024,23.497855999949024
2018,0.020870884999794725,20.870884999794725
2019,0.020657798000002003,20.657798000002003
2020,0.030188705999989907,30.188705999989907
2021,0.027225541999996494,27.225541999996494
2022,0.0204969720000463,20.4969720000463
2023,0.020742361000202436,20.742361000202436
2024,0.026320594000026176,26.320594000026176
2025,0.030551843000012013,30.551843000012013
2026,0.020692216000043118,20.692216000043118
2027,0.020749000000023443,20.749000000023443
2028,0.03497991900007946,34.97991900007946
2029,0.02194463299997551,21.94463299997551
2030,0.021104223000065758,21.10422300006576
2031,0.020644669000148497,20.644669000148497
2032,0.03216788000008819,32.16788000008819
2033,0.027004467999859116,27.004467999859116
2034,0.023474562000046717,23.474562000046717
2035,0.020377108000047883,20.377108000047883
2036,0.030552473999932772,30.552473999932772
2037,0.027744134000158738,27.744134000158738
2038,0.02062894799996684,20.62894799996684
2039,0.02025581299994883,20.25581299994883
2040,0.03132754700004625,31.327547000046252
2041,0.02737600000000384,27.37600000000384
2042,0.020672525000009045,20.672525000009045
2043,0.020762220000051457,20.762220000051457
2044,0.03250617899993813,32.50617899993813
2045,0.02220382900009099,22.20382900009099
2046,0.021041298000000097,21.041298000000097
2047,0.020670435000056386,20.670435000056386
2048,0.051111350999917704,51.111350999917704
2049,0.11893072300017593,118.93072300017593
2050,0.02329298600011498,23.29298600011498
2051,0.02059584900007394,20.59584900007394
2052,0.03269375299987587,32.69375299987587
2053,0.02113374600003226,21.13374600003226
2054,0.021269018000111828,21.269018000111828
2055,0.020632498000168198,20.632498000168198
2056,0.031267597999885766,31.267597999885766
2057,0.026946885999905135,26.946885999905135
2058,0.020863942999994833,20.863942999994833
2059,0.020709267000029286,20.709267000029286
2060,0.02659530599999016,26.59530599999016
2061,0.039049118999855637,39.04911899985564
2062,0.03248875700001008,32.48875700001008
2063,0.020234217000052013,20.234217000052013
2064,0.031763140000066414,31.763140000066414
2065,0.0270257039999251,27.0257039999251
2066,0.02034607500013408,20.34607500013408
2067,0.020395731999997224,20.395731999997224
2068,0.028522901000087586,28.522901000087586
2069,0.021726527999817336,21.726527999817336
2070,0.021048869000196646,21.048869000196646
2071,0.021243159000050582,21.243159000050582
2072,0.03157577899992248,31.575778999922477
2073,0.02718146400002297,27.18146400002297
2074,0.020846632000029786,20.846632000029786
2075,0.020917020999831948,20.917020999831948
2076,0.02933199600010994,29.33199600010994
2077,0.02763828599995577,27.63828599995577
2078,0.020249880999926972,20.249880999926972
2079,0.020180646999961027,20.180646999961027
2080,0.029071034000025975,29.071034000025975
2081,0.022245827999995527,22.245827999995527
2082,0.020423615000026984,20.423615000026984
2083,0.021549351000203387,21.549351000203387
2084,0.03141335300006176,31.41335300006176
2085,0.027516598999909547,27.516598999909547
2086,0.020879853999986153,20.879853999986153
2087,0.020749960999864925,20.749960999864925
2088,0.027312629000107336,27.312629000107336
2089,0.030667006999919977,30.667006999919977
2090,0.020815543999788133,20.815543999788133
2091,0.020983560000104262,20.983560000104262
2092,0.028831825999986904,28.831825999986904
2093,0.021763771999985693,21.763771999985693
2094,0.020866402999899947,20.866402999899947
2095,0.02050520499983577,20.50520499983577
2096,0.030764933000000383,30.764933000000383
2097,0.026776123999979973,26.776123999979973
2098,0.0202958419999959,20.2958419999959
2099,0.026235837999820433,26.235837999820433
2100,0.029966430000058608,29.966430000058608
2101,0.027211295999904905,27.211295999904905
2102,0.020897719000004145,20.897719000004145
2103,0.02075570300007712,20.75570300007712
2104,0.027575856000112253,27.575856000112253
2105,0.03264315600017653,32.64315600017653
2106,0.022586621000073137,22.586621000073137
2107,0.049703755000109595,49.703755000109595
2108,0.039928005000092526,39.928005000092526
2109,0.02423694100002649,24.23694100002649
2110,0.02327839200006565,23.27839200006565
2111,0.023528290999820456,23.528290999820456
2112,0.035460365000062666,35.460365000062666
2113,0.02397844500001156,23.97844500001156
2114,0.024274265000030937,24.274265000030937
2115,0.023808691000112958,23.808691000112958
2116,0.04269984799998383,42.69984799998383
2117,0.023895971000001737,23.895971000001737
2118,0.02227066999989802,22.27066999989802
2119,0.021899124999890773,21.899124999890773
2120,0.036291005000066434,36.291005000066434
2121,0.024388288999944052,24.388288999944052
2122,0.02259750400003213,22.59750400003213
2123,0.022917488000075537,22.917488000075537
2124,0.025208100000099876,25.208100000099876
2125,0.031181099000150425,31.181099000150425
2126,0.02272489899996799,22.72489899996799
2127,0.02271836899990376,22.71836899990376
2128,0.03270724100002553,32.70724100002553
2129,0.025472218999993856,25.472218999993856
2130,0.02425098399999115,24.25098399999115
2131,0.021742524000046615,21.742524000046615
2132,0.03221661299994594,32.21661299994594
2133,0.022349651000013182,22.349651000013182
2134,0.02193315099998472,21.93315099998472
2135,0.021769564999885915,21.769564999885915
2136,0.035140218000151435,35.140218000151435
2137,0.02301814999987073,23.01814999987073
2138,0.02253580100000363,22.53580100000363
2139,0.022974713000166957,22.974713000166957
2140,0.03610561300001791,36.10561300001791
2141,0.023604966999982935,23.604966999982935
2142,0.023911028999918926,23.911028999918926
2143,0.023135249999995722,23.13524999999572
2144,0.03481344400006492,34.81344400006492
2145,0.0218136170001344,21.8136170001344
2146,0.021355588999995234,21.355588999995234
2147,0.020040134000055332,20.040134000055332
2148,0.031598701000120855,31.598701000120855
2149,0.026212296000039714,26.212296000039714
2150,0.02065745100003369,20.65745100003369
2151,0.020341315999985454,20.341315999985454
2152,0.02855826900008651,28.55826900008651
2153,0.028132528000014645,28.132528000014645
2154,0.02082826900004875,20.82826900004875
2155,0.020828240999890113,20.828240999890113
2156,0.027015126000151213,27.015126000151213
2157,0.0322785579999163,32.2785579999163
2158,0.020900800000163144,20.900800000163144
2159,0.020621349999828453,20.621349999828453
2160,0.035508389999904466,35.508389999904466
2161,0.021774804999949993,21.774804999949993
2162,0.02075141800014535,20.75141800014535
2163,0.02096010400009618,20.96010400009618
2164,0.035236918999999034,35.236918999999034
2165,0.022372275000179798,22.372275000179798
2166,0.02107580599999892,21.07580599999892
2167,0.02077051399987795,20.77051399987795
2168,0.030128791000151978,30.128791000151978
2169,0.026326011000037397,26.326011000037397
2170,0.02028993899989473,20.28993899989473
2171,0.020312452999860398,20.312452999860398
2172,0.02850695100005396,28.50695100005396
2173,0.0217067539999789,21.7067539999789
2174,0.021102485999790588,21.102485999790588
2175,0.025777996999977404,25.777996999977404
2176,0.04578680300005544,45.78680300005544
2177,0.02178492500001994,21.78492500001994
2178,0.02059240099993076,20.59240099993076
2179,0.020913887999995495,20.913887999995495
2180,0.02703482700007953,27.03482700007953
2181,0.030963378000024022,30.963378000024022
2182,0.020377676999942196,20.377676999942196
2183,0.020309853000071598,20.309853000071598
2184,0.0356109029999061,35.6109029999061
2185,0.022260342999970817,22.260342999970817
2186,0.021582733000059307,21.582733000059307
2187,0.02095252000003711,20.95252000003711
2188,0.03223315299987917,32.23315299987917
2189,0.024145813999894017,24.145813999894017
2190,0.02082932400003301,20.82932400003301
2191,0.020906720000084533,20.906720000084533
2192,0.03459121099990625,34.59121099990625
2193,0.02739556699998502,27.39556699998502
2194,0.020174160999886226,20.174160999886226
2195,0.02029860000016015,20.29860000016015
2196,0.030651527999907557,30.651527999907557
2197,0.027268778999996357,27.268778999996357
2198,0.02592100200013192,25.92100200013192
2199,0.02074938900000234,20.74938900000234
2200,0.03299184300021807,32.99184300021807
2201,0.027045876000101998,27.045876000101998
2202,0.020793207999986407,20.793207999986407
2203,0.020730519000153436,20.730519000153436
2204,0.03299581099986426,32.99581099986426
2205,0.021416259000034188,21.416259000034188
2206,0.020237395000094693,20.237395000094693
2207,0.021487510000042676,21.487510000042676
2208,0.03274717599992982,32.74717599992982
2209,0.026788499000076627,26.788499000076627
2210,0.0210021399998368,21.0021399998368
2211,0.020921735000001718,20.921735000001718
2212,0.03032736499994826,30.32736499994826
2213,0.027273792999949364,27.273792999949364
2214,0.021242969000013545,21.242969000013545
2215,0.020869100000027174,20.869100000027174
2216,0.02752695499998481,27.52695499998481
2217,0.02898911500005852,28.98911500005852
2218,0.02066251600012947,20.66251600012947
2219,0.020266737999918405,20.266737999918405
2220,0.035083913999869765,35.083913999869765
2221,0.022095869999930073,22.095869999930073
2222,0.020981907000077626,20.981907000077626
2223,0.02068021799982489,20.68021799982489
2224,0.03243805099987185,32.43805099987185
2225,0.02672953299997971,26.72953299997971
2226,0.021024076000003333,21.024076000003333
2227,0.02225624900006551,22.25624900006551
2228,0.03187930800004324,31.87930800004324
2229,0.02730706200009081,27.30706200009081
2230,0.020275686999866593,20.275686999866593
2231,0.020241607999878397,20.241607999878397
2232,0.02662986399991496,26.62986399991496
2233,0.03383846099995935,33.83846099995935
2234,0.029984105000039563,29.984105000039563
2235,0.03034590700008266,30.34590700008266
2236,0.035212040000033085,35.212040000033085
2237,0.026677765999920666,26.677765999920666
2238,0.02093097199986005,20.93097199986005
2239,0.020628358999829288,20.628358999829288
2240,0.030032975000040096,30.032975000040096
2241,0.02767964200006645,27.67964200006645
2242,0.02115130200013482,21.15130200013482
2243,0.02092471400010254,20.92471400010254
2244,0.02744243400002233,27.44243400002233
2245,0.03383558200016523,33.83558200016523
2246,0.020959987999958685,20.959987999958685
2247,0.020756618000177696,20.756618000177696
2248,0.02656137899998612,26.56137899998612
2249,0.031054337999876225,31.054337999876225
2250,0.020715478000056464,20.715478000056464
2251,0.020344160000149714,20.344160000149714
2252,0.028770307000058892,28.770307000058892
2253,0.022510537000016484,22.510537000016484
2254,0.020790461999922627,20.790461999922627
2255,0.02060932600011256,20.60932600011256
2256,0.02989376000004995,29.89376000004995
2257,0.028482923999945342,28.482923999945342
2258,0.02115404200003468,21.15404200003468
2259,0.02066125600003943,20.66125600003943
2260,0.028757750000067972,28.757750000067972
2261,0.028439534999961325,28.439534999961325
2262,0.021190333999811628,21.190333999811628
2263,0.020550299999968047,20.550299999968047
2264,0.026834175999965737,26.834175999965737
2265,0.032215188999998645,32.215188999998645
2266,0.025482274999831134,25.482274999831134
2267,0.031457996999961324,31.457996999961324
2268,0.0476406190000489,47.6406190000489
2269,0.024436907999870527,24.436907999870527
2270,0.020553004000021247,20.553004000021247
2271,0.020119834999832165,20.119834999832165
2272,0.03123389799998222,31.23389799998222
2273,0.02705721199981781,27.05721199981781
2274,0.0219156660000408,21.9156660000408
2275,0.021842335999963325,21.842335999963325
2276,0.028461322000111977,28.461322000111977
2277,0.028302331000077174,28.302331000077174
2278,0.02282651500013344,22.82651500013344
2279,0.022569404000023496,22.569404000023496
2280,0.03278010499980155,32.78010499980155
2281,0.027645280999877286,27.645280999877286
2282,0.0226063359998534,22.6063359998534
2283,0.022478825999996843,22.478825999996843
2284,0.03302936800014322,33.02936800014322
2285,0.022729730000037307,22.729730000037307
2286,0.02234472400004961,22.34472400004961
2287,0.021768897000129073,21.768897000129073
2288,0.03341751800007842,33.41751800007842
2289,0.02449746399997821,24.49746399997821
2290,0.022567917000060334,22.567917000060334
2291,0.022330212000042593,22.330212000042593
2292,0.04014485899983811,40.14485899983811
2293,0.023380977999977404,23.380977999977404
2294,0.022601674000043204,22.601674000043204
2295,0.02290409100010038,22.90409100010038
2296,0.025274469000123645,25.274469000123645
2297,0.03277705200002856,32.77705200002856
2298,0.024251366000044072,24.251366000044072
2299,0.022647206999863556,22.647206999863556
2300,0.028305914000156918,28.305914000156918
2301,0.028077925999923536,28.077925999923536
2302,0.022081420999938928,22.081420999938928
2303,0.022101039000062883,22.101039000062883
2304,0.02552934800019102,25.52934800019102
2305,0.030616315000088434,30.616315000088434
2306,0.022103009000147722,22.103009000147722
2307,0.021970533000057912,21.970533000057912
2308,0.02512053400005243,25.12053400005243
2309,0.031680094000194,31.680094000194003
2310,0.022726384000179678,22.726384000179678
2311,0.022702590999870154,22.702590999870154
2312,0.02931926399992335,29.31926399992335
2313,0.03011902999992344,30.11902999992344
2314,0.022968914999864865,22.968914999864865
2315,0.022496028999967166,22.496028999967166
2316,0.02842764799993347,28.42764799993347
2317,0.028545580000127302,28.545580000127302
2318,0.022122070000023086,22.122070000023086
2319,0.02195569999980762,21.95569999980762
2320,0.02719366899987108,27.19366899987108
2321,0.02970051100010096,29.70051100010096
2322,0.02203412800008664,22.03412800008664
2323,0.02188217900015843,21.88217900015843
2324,0.025322132999917812,25.322132999917812
2325,0.031550417000062225,31.550417000062225
2326,0.022660155000039595,22.660155000039595
2327,0.02246269400006895,22.46269400006895
2328,0.026330018999942695,26.330018999942695
2329,0.031341420999979164,31.341420999979164
2330,0.02297082100017178,22.97082100017178
2331,0.022592019000057917,22.592019000057917
2332,0.02930894599990097,29.30894599990097
2333,0.028268426000067848,28.268426000067848
2334,0.021930667999868092,21.930667999868092
2335,0.02191798899980313,21.91798899980313
2336,0.02633497300007548,26.33497300007548
2337,0.030456817999947816,30.456817999947816
2338,0.022117910999895685,22.117910999895685
2339,0.021959433999882094,21.959433999882094
2340,0.025309438000022055,25.309438000022055
2341,0.03209202299990466,32.09202299990466
2342,0.02262884199990367,22.62884199990367
2343,0.022551679000116565,22.551679000116565
2344,0.028585057000100278,28.585057000100278
2345,0.028865566000149556,28.865566000149556
2346,0.02312110500020026,23.12110500020026
2347,0.024945515999888812,24.945515999888812
2348,0.0322360600000593,32.2360600000593
2349,0.027900645000045188,27.900645000045188
2350,0.022045158000082665,22.045158000082665
2351,0.022078910999880463,22.078910999880463
2352,0.03084865699997863,30.84865699997863
2353,0.02780547099996511,27.80547099996511
2354,0.022431210999911855,22.431210999911855
2355,0.022388438000007227,22.388438000007227
2356,0.029090110000197456,29.090110000197456
2357,0.02814636699986295,28.14636699986295
2358,0.022450712000136264,22.450712000136264
2359,0.02247931800002334,22.47931800002334
2360,0.028252686999849175,28.252686999849175
2361,0.027524650000032125,27.524650000032125
2362,0.021862236000060875,21.862236000060875
2363,0.02185160899989569,21.85160899989569
2364,0.028210075000060897,28.210075000060897
2365,0.030381476000002294,30.381476000002294
2366,0.022584821999998894,22.584821999998894
2367,0.022440394000113884,22.440394000113884
2368,0.029256159999931697,29.256159999931697
2369,0.027310759000101825,27.310759000101825
2370,0.02254056199990373,22.54056199990373
2371,0.022856902000057744,22.856902000057744
2372,0.022694070999932592,22.694070999932592
2373,0.0304162909999377,30.4162909999377
2374,0.022052591999909055,22.052591999909055
2375,0.022168970000166155,22.168970000166155
2376,0.024505192000106035,24.505192000106035
2377,0.030518649999976333,30.518649999976333
2378,0.022548813999947015,22.548813999947015
2379,0.022400664000088,22.400664000088
2380,0.025113787000009324,25.113787000009324
2381,0.030539189999899463,30.539189999899463
2382,0.022427050000032978,22.427050000032978
2383,0.02245979500003159,22.45979500003159
2384,0.025380444999882457,25.380444999882457
2385,0.02984830100012914,29.84830100012914
2386,0.02244160300006115,22.44160300006115
2387,0.022552025000095455,22.552025000095455
2388,0.025800167999932455,25.800167999932455
2389,0.030883087999882264,30.883087999882264
2390,0.02241130099992006,22.41130099992006
2391,0.022465411999974094,22.465411999974094
2392,0.024609913000176675,24.609913000176675
2393,0.03329315700011648,33.29315700011648
2394,0.022419150000132504,22.419150000132504
2395,0.0224916279998979,22.4916279998979
2396,0.030996941000012157,30.996941000012157
2397,0.027895607999880667,27.895607999880667
2398,0.02421391500001846,24.21391500001846
2399,0.021881828999994468,21.881828999994468
2400,0.02505647999987559,25.05647999987559
2401,0.03119500299999345,31.19500299999345
2402,0.022481633000097645,22.481633000097645
2403,0.02238837599998078,22.38837599998078
2404,0.02568437200011431,25.68437200011431
2405,0.03224476300010792,32.24476300010792
2406,0.0237177439998959,23.7177439998959
2407,0.02433514200015452,24.33514200015452
2408,0.03174037100006899,31.74037100006899
2409,0.027563117999989117,27.563117999989117
2410,0.022382106999884854,22.382106999884854
2411,0.022386617000165643,22.386617000165643
2412,0.027715565999869796,27.715565999869796
2413,0.02735513900006481,27.35513900006481
2414,0.021862280000050305,21.862280000050305
2415,0.022234117000152764,22.234117000152764
2416,0.02804824000008921,28.04824000008921
2417,0.02812421099997664,28.12421099997664
2418,0.021942437000006976,21.942437000006976
2419,0.02250394599991523,22.50394599991523
2420,0.029045633000123416,29.045633000123416
2421,0.03012326199996096,30.12326199996096
2422,0.022521434000054796,22.521434000054796
2423,0.022332247999884203,22.332247999884203
2424,0.02928612100004102,29.28612100004102
2425,0.02777532799996152,27.77532799996152
2426,0.021819465999897147,21.819465999897147
2427,0.021827303000009124,21.827303000009124
2428,0.034741279999934704,34.741279999934704
2429,0.02744540000003326,27.44540000003326
2430,0.022525148999875455,22.525148999875455
2431,0.022438731999955053,22.438731999955053
2432,0.03854239900010725,38.54239900010725
2433,0.02356259299995145,23.56259299995145
2434,0.022444009000082588,22.444009000082588
2435,0.022391330000118614,22.391330000118614
2436,0.03114048800011915,31.14048800011915
2437,0.02293177999990803,22.93177999990803
2438,0.022603290000006382,22.603290000006382
2439,0.02240912499996739,22.40912499996739
2440,0.028773892999879536,28.773892999879536
2441,0.029028762000052666,29.028762000052666
2442,0.02247446100000161,22.47446100000161
2443,0.021830357999988337,21.830357999988337
2444,0.028610723999918264,28.610723999918264
2445,0.02725616399993669,27.25616399993669
2446,0.021879817000126422,21.879817000126422
2447,0.021878726000068127,21.878726000068127
2448,0.030210445999955482,30.210445999955482
2449,0.028537802000073498,28.537802000073498
2450,0.02404596499991385,24.04596499991385
2451,0.024179519999961485,24.179519999961485
2452,0.07681813799990778,76.81813799990778
2453,0.024522787000023527,24.522787000023527
2454,0.024731286000132968,24.731286000132968
2455,0.026547121000021434,26.547121000021434
2456,0.04159592500013787,41.59592500013787
2457,0.023193131999960315,23.193131999960315
2458,0.022983506000173293,22.983506000173293
2459,0.02501081900004465,25.01081900004465
2460,0.025329705000103786,25.329705000103786
2461,0.03668999499996062,36.68999499996062
2462,0.029485183999895526,29.485183999895526
2463,0.02287718100001257,22.87718100001257
2464,0.028626291000136916,28.626291000136916
2465,0.023238748000039777,23.238748000039777
2466,0.022587104999956864,22.587104999956864
2467,0.022540453000146954,22.540453000146954
2468,0.03026403300009406,30.26403300009406
2469,0.025922504999925877,25.922504999925877
2470,0.02203725200001827,22.03725200001827
2471,0.022027343999980076,22.027343999980076
2472,0.029451704999928552,29.451704999928552
2473,0.028673352999931012,28.673352999931012
2474,0.022661640000023908,22.661640000023908
2475,0.022483844000134923,22.483844000134923
2476,0.03276847399979488,32.76847399979488
2477,0.02486969900019176,24.86969900019176
2478,0.021956186999886995,21.956186999886995
2479,0.02196240100010982,21.96240100010982
2480,0.03480987800003277,34.80987800003277
2481,0.02337567399990803,23.37567399990803
2482,0.022038670000029015,22.038670000029015
2483,0.022128369000029124,22.128369000029124
2484,0.03105778700000883,31.05778700000883
2485,0.025026643000046533,25.026643000046533
2486,0.022787562999837974,22.787562999837974
2487,0.022610074000112945,22.610074000112945
2488,0.03253594700004214,32.53594700004214
2489,0.02344150199996875,23.44150199996875
2490,0.022611248999965028,22.611248999965028
2491,0.022635769999851618,22.635769999851618
2492,0.03231319900010021,32.31319900010021
2493,0.023577828999805206,23.577828999805206
2494,0.02257133100010833,22.57133100010833
2495,0.022633844999973007,22.633844999973007
2496,0.041040018999865424,41.040018999865424
2497,0.0235323059998791,23.5323059998791
2498,0.02290286799984642,22.90286799984642
2499,0.022531395999976667,22.531395999976667
2500,0.028020230000038282,28.020230000038282
2501,0.03022930100019039,30.22930100019039
2502,0.022225931000093624,22.225931000093624
2503,0.021852604000059728,21.852604000059728
2504,0.029757076999885612,29.757076999885612
2505,0.02981536699985554,29.81536699985554
2506,0.022048569000162388,22.048569000162388
2507,0.022411831999988863,22.411831999988863
2508,0.02885883599992667,28.85883599992667
2509,0.029044998000017586,29.044998000017586
2510,0.022787397000001874,22.787397000001874
2511,0.022419565000063812,22.419565000063812
2512,0.02863342500018007,28.63342500018007
2513,0.02857021399995574,28.57021399995574
2514,0.02213419199983946,22.13419199983946
2515,0.022582693999993353,22.582693999993353
2516,0.04689736099999209,46.89736099999209
2517,0.022710335000056148,22.710335000056148
2518,0.021988872000065385,21.988872000065385
2519,0.02195502199992916,21.95502199992916
2520,0.03303834700000152,33.03834700000152
2521,0.022606552000070224,22.606552000070224
2522,0.02183253600014723,21.83253600014723
2523,0.022062081000058242,22.062081000058242
2524,0.030227911000110907,30.227911000110907
2525,0.024698348999891095,24.698348999891095
2526,0.022397935999833862,22.397935999833862
2527,0.02237100300021666,22.37100300021666
2528,0.03139419099989027,31.39419099989027
2529,0.026514211999938198,26.514211999938198
2530,0.022448903999929826,22.448903999929826
2531,0.022774705999836442,22.774705999836442
2532,0.029926593000027424,29.926593000027424
2533,0.028654868000103306,28.654868000103306
2534,0.022106124999936583,22.106124999936583
2535,0.021870459999945524,21.870459999945524
2536,0.028555110000070272,28.555110000070272
2537,0.02724358000000393,27.24358000000393
2538,0.02186662500002967,21.86662500002967
2539,0.021994991999918057,21.994991999918057
2540,0.027790831000174876,27.790831000174876
2541,0.028175529999998616,28.175529999998616
2542,0.022576021999839213,22.576021999839213
2543,0.022309436999876198,22.309436999876198
2544,0.026651802000060343,26.651802000060343
2545,0.030462980999800493,30.462980999800493
2546,0.023212084000078903,23.212084000078903
2547,0.021763963000012154,21.763963000012154
2548,0.025331348999998227,25.331348999998227
2549,0.030756497000083982,30.756497000083982
2550,0.021842459000026793,21.842459000026793
2551,0.021843038000042725,21.843038000042725
2552,0.025202559000035762,25.202559000035762
2553,0.030864638000139166,30.864638000139166
2554,0.02242241599992667,22.42241599992667
2555,0.02253291600004559,22.53291600004559
2556,0.026263194999955886,26.263194999955886
2557,0.030915352999954848,30.915352999954848
2558,0.02233848300011232,22.33848300011232
2559,0.022513362999916353,22.513362999916353
2560,0.02624303500010683,26.24303500010683
2561,0.029336762999946586,29.336762999946586
2562,0.02405491800004711,24.05491800004711
2563,0.02238311899986911,22.38311899986911
2564,0.028754169999956503,28.754169999956503
2565,0.030782921000081842,30.782921000081842
2566,0.022642848000032245,22.642848000032245
2567,0.021882308000158446,21.882308000158446
2568,0.02666834599995127,26.66834599995127
2569,0.02968927100005203,29.68927100005203
2570,0.021859119000055216,21.859119000055216
2571,0.021872912999924665,21.872912999924665
2572,0.02506479799990302,25.06479799990302
2573,0.031565764000106356,31.565764000106356
2574,0.02364967399989837,23.64967399989837
2575,0.024479542000108268,24.479542000108268
2576,0.03464821700003995,34.64821700003995
2577,0.027658547999863003,27.658547999863003
2578,0.022573841999928845,22.573841999928845
2579,0.022419701999979225,22.419701999979225
2580,0.030603007999843612,30.603007999843612
2581,0.027782225999999355,27.782225999999355
2582,0.022589810999988913,22.589810999988913
2583,0.02276304799988793,22.76304799988793
2584,0.030807530999936716,30.807530999936716
2585,0.023972494999952687,23.972494999952687
2586,0.02210226799979864,22.10226799979864
2587,0.02187778799998341,21.87778799998341
2588,0.030014407999942705,30.014407999942705
2589,0.027610865000042395,27.610865000042395
2590,0.02276529000005212,22.76529000005212
2591,0.022518454999953974,22.518454999953974
2592,0.027940449999960038,27.940449999960038
2593,0.027919014000190145,27.919014000190145
2594,0.022558956000011676,22.558956000011676
2595,0.022026971000059348,22.026971000059348
2596,0.028144466999947326,28.144466999947326
2597,0.027679171000045244,27.679171000045244
2598,0.022222680000140826,22.222680000140826
2599,0.02240802899996197,22.40802899996197
2600,0.02808617100004085,28.08617100004085
2601,0.029531765000001542,29.531765000001542
2602,0.022567738999896392,22.56773899989639
2603,0.022479721000081554,22.479721000081554
2604,0.027549015999966286,27.549015999966286
2605,0.028307321000056618,28.307321000056618
2606,0.02681696199988437,26.81696199988437
2607,0.026938820999930613,26.938820999930613
2608,0.04673075100004098,46.73075100004098
2609,0.025277006000123947,25.277006000123947
2610,0.02056102900019141,20.56102900019141
2611,0.02073244700000032,20.73244700000032
2612,0.032966944999998304,32.966944999998304
2613,0.027281142999981967,27.281142999981967
2614,0.021435892999988937,21.435892999988937
2615,0.020918969999911496,20.918969999911496
2616,0.03125169800000549,31.25169800000549
2617,0.02659567400019114,26.59567400019114
2618,0.02057551899997634,20.57551899997634
2619,0.02017116799993346,20.17116799993346
2620,0.02701976400021522,27.01976400021522
2621,0.03042381000000205,30.42381000000205
2622,0.020925744999885865,20.925744999885865
2623,0.020990898999798446,20.990898999798446
2624,0.02985178700009783,29.85178700009783
2625,0.02166670199994769,21.66670199994769
2626,0.02118842000004406,21.18842000004406
2627,0.020700739999938378,20.700739999938378
2628,0.03313935500000298,33.13935500000298
2629,0.029563456000005317,29.563456000005317
2630,0.022676471999830028,22.676471999830028
2631,0.022044297000093138,22.044297000093138
2632,0.02937962000009975,29.37962000009975
2633,0.027952522000077806,27.952522000077806
2634,0.02190997200000311,21.90997200000311
2635,0.022676099999898724,22.676099999898724
2636,0.02871420099995703,28.71420099995703
2637,0.027654711999957726,27.654711999957726
2638,0.02252934000011919,22.52934000011919
2639,0.022439035999923362,22.439035999923362
2640,0.028809680999984266,28.809680999984266
2641,0.028155234999985623,28.155234999985623
2642,0.022367613000142228,22.367613000142228
2643,0.022539189000099213,22.539189000099213
2644,0.027686109999876862,27.686109999876862
2645,0.02804369399996176,28.04369399996176
2646,0.021987235999858967,21.987235999858967
2647,0.02178708499991444,21.78708499991444
2648,0.025508683999987625,25.508683999987625
2649,0.031028803000026528,31.028803000026528
2650,0.022436606999917785,22.436606999917785
2651,0.022487516999945,22.487516999945
2652,0.029447481000033804,29.447481000033804
2653,0.028008936000105678,28.008936000105678
2654,0.022963765999975294,22.963765999975294
2655,0.022438469999997324,22.438469999997324
2656,0.028373163999958706,28.373163999958706
2657,0.029099219999807246,29.099219999807246
2658,0.02263575900019532,22.63575900019532
2659,0.022348389999933715,22.348389999933715
2660,0.02782460200000969,27.82460200000969
2661,0.028133657999887873,28.133657999887873
2662,0.023529059000111374,23.529059000111374
2663,0.021804420000080427,21.804420000080427
2664,0.02666084099996624,26.66084099996624
2665,0.03052445200000875,30.52445200000875
2666,0.022593056000005163,22.593056000005163
2667,0.022397791999992478,22.397791999992478
2668,0.027515323999978136,27.515323999978136
2669,0.030659396999908495,30.659396999908495
2670,0.0225023880000208,22.5023880000208
2671,0.0218341170000258,21.8341170000258
2672,0.02558058600016011,25.58058600016011
2673,0.030692424000108076,30.692424000108076
2674,0.021924657999988995,21.924657999988995
2675,0.02241217399978268,22.41217399978268
2676,0.025582929000165677,25.582929000165677
2677,0.031022257999893554,31.022257999893554
2678,0.022703004999812038,22.703004999812038
2679,0.022369382000078986,22.369382000078986
2680,0.0279638370000157,27.9638370000157
2681,0.029325069999913467,29.325069999913467
2682,0.022535198000014134,22.535198000014134
2683,0.02243383400013954,22.43383400013954
2684,0.027458459000172297,27.458459000172297
2685,0.029743857999847023,29.743857999847023
2686,0.022291179000148986,22.291179000148986
2687,0.02483217799999693,24.83217799999693
2688,0.032403010000052745,32.403010000052745
2689,0.02927444400006607,29.27444400006607
2690,0.022600954999916212,22.600954999916212
2691,0.022458330000063143,22.458330000063143
2692,0.030329366000160007,30.329366000160007
2693,0.02503525899987835,25.03525899987835
2694,0.02258149800013598,22.58149800013598
2695,0.0224094810000679,22.4094810000679
2696,0.03039187500007756,30.39187500007756
2697,0.025534138000011808,25.534138000011808
2698,0.022120931000017663,22.120931000017663
2699,0.021902946999944106,21.902946999944106
2700,0.029799466999975266,29.799466999975266
2701,0.02764602100000957,27.64602100000957
2702,0.02201497900000504,22.01497900000504
2703,0.0223621570000887,22.3621570000887
2704,0.030829289000166682,30.829289000166682
2705,0.028289535999874715,28.289535999874715
2706,0.02256891899992297,22.56891899992297
2707,0.022452748999967298,22.452748999967298
2708,0.029464838999956555,29.464838999956555
2709,0.02819758600003297,28.19758600003297
2710,0.022580816999834497,22.580816999834497
2711,0.02243804599993382,22.43804599993382
2712,0.028547423000190975,28.547423000190975
2713,0.027844327000138946,27.844327000138946
2714,0.021913734000008844,21.913734000008844
2715,0.021835093000163397,21.835093000163397
2716,0.027745008000010785,27.745008000010785
2717,0.028339641999991727,28.339641999991727
2718,0.022811729000068226,22.811729000068226
2719,0.02273981600001207,22.73981600001207
2720,0.028142162999984066,28.142162999984066
2721,0.07853201499983697,78.53201499983697
2722,0.09138221900002463,91.38221900002463
2723,0.04588507300013589,45.88507300013589
2724,0.032477286999892385,32.477286999892385
2725,0.02828141300005882,28.28141300005882
2726,0.022056243999941216,22.056243999941216
2727,0.02205002499999864,22.05002499999864
2728,0.027612868999995044,27.612868999995044
2729,0.027853016999870306,27.853016999870306
2730,0.02197464999994736,21.97464999994736
2731,0.021832340999935695,21.832340999935695
2732,0.024970304999897053,24.970304999897053
2733,0.03162252500010254,31.62252500010254
2734,0.021828853999977582,21.828853999977582
2735,0.021909220999987156,21.909220999987156
2736,0.02532782799994493,25.32782799994493
2737,0.03027271400014797,30.27271400014797
2738,0.022519725999927687,22.519725999927687
2739,0.022928530999934083,22.928530999934083
2740,0.025334097000040856,25.334097000040856
2741,0.02738460699993084,27.38460699993084
2742,0.025519216000020606,25.519216000020606
2743,0.022834297000144943,22.834297000144943
2744,0.02923041799999737,29.23041799999737
2745,0.028511270000080913,28.511270000080913
2746,0.022507412000095428,22.507412000095428
2747,0.02232648200015319,22.32648200015319
2748,0.02834739099989747,28.34739099989747
2749,0.028932568000072934,28.932568000072934
2750,0.023249781000004077,23.249781000004077
2751,0.022546658999999636,22.546658999999636
2752,0.028684965000138618,28.684965000138618
2753,0.028351077000024816,28.351077000024816
2754,0.02235019599993393,22.35019599993393
2755,0.0219200470000942,21.9200470000942
2756,0.026950059999990117,26.950059999990117
2757,0.030574902000125803,30.574902000125803
2758,0.022380383999916376,22.380383999916376
2759,0.02249823300007847,22.49823300007847
2760,0.02793501299993295,27.93501299993295
2761,0.029271252999933495,29.271252999933495
2762,0.0227146580000408,22.7146580000408
2763,0.022775521000085064,22.775521000085064
2764,0.027687499999956344,27.687499999956344
2765,0.031918741000026785,31.918741000026785
2766,0.02195960400013064,21.95960400013064
2767,0.022812948999899163,22.812948999899163
2768,0.027926148000005924,27.926148000005924
2769,0.027035205999936807,27.035205999936807
2770,0.021924403999946662,21.924403999946662
2771,0.02241251899999952,22.41251899999952
2772,0.027899553999986892,27.899553999986892
2773,0.030830498999876,30.830498999876
2774,0.02249635499993019,22.49635499993019
2775,0.022532961000024443,22.532961000024443
2776,0.028317878000052588,28.317878000052588
2777,0.0312625990000015,31.2625990000015
2778,0.021956957999918814,21.956957999918814
2779,0.02179523499989955,21.79523499989955
2780,0.0276614189999691,27.6614189999691
2781,0.02923027900010311,29.23027900010311
2782,0.021901944999854095,21.901944999854095
2783,0.021912281999902916,21.912281999902916
2784,0.024842874000114534,24.842874000114534
2785,0.06497289699996145,64.97289699996145
2786,0.02459938900005909,24.59938900005909
2787,0.024226221999924746,24.226221999924746
2788,0.047972803999982716,47.972803999982716
2789,0.02261124699998618,22.61124699998618
2790,0.021718416000112484,21.718416000112484
2791,0.02190136700005496,21.90136700005496
2792,0.037473574000159715,37.473574000159715
2793,0.025037462999989657,25.037462999989657
2794,0.02373817400007283,23.73817400007283
2795,0.023744524999983696,23.744524999983696
2796,0.027266866999980266,27.266866999980266
2797,0.02722933700010799,27.22933700010799
2798,0.022657281999954648,22.657281999954648
2799,0.022521790999917357,22.521790999917357
2800,0.031436023000196656,31.436023000196656
2801,0.024617332999923747,24.617332999923747
2802,0.0227858840000863,22.7858840000863
2803,0.022297214000218446,22.297214000218446
2804,0.028481204999934562,28.481204999934562
2805,0.028266096999914225,28.266096999914225
2806,0.021909107000055883,21.909107000055883
2807,0.021800715999916065,21.800715999916065
2808,0.028761482999925647,28.761482999925647
2809,0.027719582000145238,27.719582000145238
2810,0.021845912999879147,21.845912999879147
2811,0.022188233000179025,22.188233000179025
2812,0.02859361700006957,28.59361700006957
2813,0.028082059999860576,28.082059999860576
2814,0.02295788700007506,22.95788700007506
2815,0.02247631000000183,22.47631000000183
2816,0.028487808000136283,28.487808000136283
2817,0.028991096000027028,28.991096000027028
2818,0.022590161999914926,22.590161999914926
2819,0.022354008000093017,22.354008000093017
2820,0.027676255999949717,27.676255999949717
2821,0.02796688299986272,27.96688299986272
2822,0.023961170999882597,23.961170999882597
2823,0.021793372999809435,21.793372999809435
2824,0.027582790999986173,27.582790999986173
2825,0.029980126000054952,29.980126000054952
2826,0.022653474000208007,22.653474000208007
2827,0.0224820030000501,22.4820030000501
2828,0.028285572999948272,28.285572999948272
2829,0.028864411000085965,28.864411000085965
2830,0.022360465000019758,22.360465000019758
2831,0.021826615999998467,21.826615999998467
2832,0.025786166999978377,25.786166999978377
2833,0.030487327999935587,30.487327999935587
2834,0.022386517000086315,22.386517000086315
2835,0.02192719599997872,21.92719599997872
2836,0.025147758000002796,25.147758000002796
2837,0.031730169999946156,31.730169999946156
2838,0.02260865199991713,22.60865199991713
2839,0.02248723999991853,22.48723999991853
2840,0.02619271900016429,26.19271900016429
2841,0.03121602300006998,31.21602300006998
2842,0.021862078000140173,21.862078000140173
2843,0.022242326999958095,22.242326999958095
2844,0.025351927999963664,25.351927999963664
2845,0.030971845000067333,30.971845000067333
2846,0.022041660000013508,22.041660000013508
2847,0.021887737000042762,21.887737000042762
2848,0.02517641999997977,25.17641999997977
2849,0.03157589000011285,31.57589000011285
2850,0.022932010000204173,22.932010000204173
2851,0.02311064700006682,23.11064700006682
2852,0.025638655999955517,25.638655999955517
2853,0.03373269300004722,33.73269300004722
2854,0.02263566500005254,22.63566500005254
2855,0.027113806999977896,27.113806999977896
2856,0.025465239000141082,25.465239000141082
2857,0.03444252899998901,34.44252899998901
2858,0.022665635000066686,22.665635000066686
2859,0.022543461999930514,22.543461999930514
2860,0.026938879999988785,26.938879999988785
2861,0.027268117999938113,27.268117999938113
2862,0.022672684999861303,22.672684999861303
2863,0.02188716000000568,21.88716000000568
2864,0.028970794000088063,28.970794000088063
2865,0.027423384000030637,27.423384000030637
2866,0.021885526000005484,21.885526000005484
2867,0.021879948000105287,21.879948000105287
2868,0.028246429000091666,28.246429000091666
2869,0.029979054000023098,29.979054000023098
2870,0.023048818000006577,23.048818000006577
2871,0.022780957000122726,22.780957000122726
2872,0.03138766500001111,31.38766500001111
2873,0.028699030999860042,28.699030999860042
2874,0.022385244999895804,22.385244999895804
2875,0.023107629000151064,23.107629000151064
2876,0.029911224999978003,29.911224999978003
2877,0.028088649999972404,28.088649999972404
2878,0.02202890200010188,22.02890200010188
2879,0.02180319900003269,21.80319900003269
2880,0.028674974000068687,28.674974000068687
2881,0.027695604999962598,27.695604999962598
2882,0.022606858000017382,22.606858000017382
2883,0.022475939000059952,22.475939000059952
2884,0.028646472999980688,28.646472999980688
2885,0.0281057999998211,28.1057999998211
2886,0.02287075700019159,22.87075700019159
2887,0.021867206000024453,21.867206000024453
2888,0.027845712000043932,27.84571200004393
2889,0.028437903000167353,28.437903000167353
2890,0.02202424200004316,22.02424200004316
2891,0.022299213999986023,22.299213999986023
2892,0.03292818999989322,32.92818999989322
2893,0.027226051000070584,27.226051000070584
2894,0.022394720999955098,22.394720999955098
2895,0.02196431099991969,21.96431099991969
2896,0.030978607999941232,30.978607999941232
2897,0.028004476999967665,28.004476999967665
2898,0.02312346200005777,23.12346200005777
2899,0.02267952800002604,22.67952800002604
2900,0.0315189929999633,31.518992999963302
2901,0.028138703999957215,28.138703999957215
2902,0.022629647000030673,22.629647000030673
2903,0.02261818400006632,22.61818400006632
2904,0.02974829699996917,29.74829699996917
2905,0.02768314900004043,27.68314900004043
2906,0.022054103000073155,22.054103000073155
2907,0.021857351999869934,21.857351999869934
2908,0.027593121999871073,27.593121999871073
2909,0.03017361100000926,30.17361100000926
2910,0.023810008999817,23.810008999817
2911,0.024325768999915454,24.325768999915454
2912,0.032147784000017054,32.147784000017054
2913,0.023202171999855636,23.202171999855636
2914,0.022380634999990434,22.380634999990434
2915,0.022551997000164192,22.551997000164192
2916,0.029242315000146846,29.242315000146846
2917,0.028493991000004826,28.493991000004826
2918,0.022845525000093403,22.845525000093403
2919,0.022461473000021215,22.461473000021215
2920,0.02987486999995781,29.87486999995781
2921,0.027554451000014524,27.554451000014524
2922,0.02650183399987327,26.50183399987327
2923,0.021838723000200844,21.838723000200844
2924,0.031534537999959866,31.534537999959866
2925,0.02315899699988222,23.15899699988222
2926,0.02249391200007267,22.49391200007267
2927,0.02242548699996405,22.42548699996405
2928,0.02960365599983561,29.60365599983561
2929,0.027646548000120674,27.646548000120674
2930,0.02206276199990498,22.06276199990498
2931,0.021815023000044675,21.815023000044675
2932,0.028206978000071103,28.206978000071103
2933,0.027553377999993245,27.553377999993245
2934,0.022025468000038018,22.025468000038018
2935,0.021861657000044943,21.861657000044943
2936,0.028109384000117643,28.109384000117643
2937,0.02940074299999651,29.40074299999651
2938,0.022981875999903423,22.981875999903423
2939,0.022471730000006573,22.471730000006573
2940,0.027953063000040856,27.953063000040856
2941,0.028461120999963896,28.461120999963896
2942,0.02231021900001906,22.31021900001906
2943,0.024302019999822733,24.302019999822733
2944,0.023994776000108686,23.994776000108686
2945,0.04140245899998263,41.40245899998263
2946,0.023468186999934915,23.468186999934915
2947,0.022559844999932466,22.559844999932466
2948,0.03764085000011619,37.64085000011619
2949,0.023171773000058238,23.171773000058238
2950,0.021975124999926265,21.975124999926265
2951,0.02190208399997573,21.90208399997573
2952,0.02623915499998475,26.23915499998475
2953,0.03126115200007007,31.26115200007007
2954,0.022948907999989387,22.948907999989387
2955,0.026316650999888225,26.316650999888225
2956,0.03269992400009869,32.69992400009869
2957,0.02804991100015286,28.04991100015286
2958,0.02279986500002451,22.79986500002451
2959,0.02262598800007254,22.62598800007254
2960,0.029174180999916643,29.174180999916643
2961,0.028192237999974168,28.192237999974168
2962,0.022321701999999277,22.321701999999277
2963,0.02213362399993457,22.13362399993457
2964,0.031731882000030964,31.731882000030964
2965,0.026984226999957173,26.984226999957173
2966,0.02247746099988035,22.47746099988035
2967,0.021948989999827972,21.948989999827972
2968,0.030907398999943325,30.907398999943325
2969,0.027694199000052322,27.694199000052322
2970,0.022702943000012965,22.702943000012965
2971,0.02315785800010417,23.15785800010417
2972,0.03013991300008456,30.13991300008456
2973,0.028086824999945748,28.086824999945748
2974,0.02271615999984533,22.71615999984533
2975,0.022002205000035246,22.002205000035246
2976,0.031699073000027056,31.699073000027056
2977,0.024929038999971453,24.929038999971453
2978,0.023264568000058716,23.264568000058716
2979,0.022623876999887216,22.623876999887216
2980,0.03242426900010287,32.42426900010287
2981,0.023158410999940315,23.158410999940315
2982,0.022669892000067193,22.669892000067193
2983,0.022568552000166164,22.568552000166164
2984,0.03199577999998837,31.995779999988372
2985,0.023296289000199977,23.296289000199977
2986,0.0227269840002009,22.7269840002009
2987,0.022931392999907985,22.931392999907985
2988,0.03848965599991061,38.48965599991061
2989,0.023000876999958564,23.000876999958564
2990,0.022013306999951965,22.013306999951965
2991,0.021871147999945606,21.871147999945606
2992,0.028266415999951278,28.266415999951278
2993,0.02302808600006756,23.02808600006756
2994,0.022598778999963542,22.598778999963542
2995,0.022511520000080054,22.511520000080054
2996,0.033617252000112785,33.617252000112785
2997,0.02364694600009898,23.64694600009898
2998,0.02347225900007288,23.47225900007288
2999,0.0229329220001091,22.9329220001091
3000,0.03762120400006097,37.62120400006097
3001,0.023124169999846345,23.124169999846345
3002,0.02253661600002488,22.53661600002488
3003,0.0218281699999352,21.8281699999352
3004,0.02724865300001511,27.24865300001511
3005,0.02427077399988775,24.27077399988775
3006,0.022018569000010757,22.018569000010757
3007,0.021892665000223133,21.892665000223133
3008,0.03041334299996379,30.41334299996379
3009,0.02808495599992966,28.08495599992966
3010,0.022622094999860565,22.622094999860565
3011,0.02252147299986973,22.52147299986973
3012,0.03179430499994851,31.79430499994851
3013,0.024867487999927107,24.867487999927107
3014,0.022670921000099042,22.670921000099042
3015,0.02246130000003177,22.46130000003177
3016,0.03156891800017547,31.568918000175472
3017,0.023923213999978543,23.923213999978543
3018,0.021964536000041335,21.964536000041335
3019,0.022326667000015732,22.326667000015732
3020,0.02375433600013821,23.75433600013821
3021,0.03312514899994312,33.12514899994312
3022,0.027426845000036337,27.426845000036337
3023,0.023159769999892887,23.159769999892887
3024,0.0282503609998912,28.2503609998912
3025,0.022922737000044435,22.922737000044435
3026,0.022559880000017074,22.559880000017074
3027,0.022340512000027957,22.340512000027957
3028,0.033646055999952296,33.646055999952296
3029,0.022847923999961495,22.847923999961495
3030,0.022493203999829348,22.493203999829348
3031,0.022274336999998923,22.274336999998923
3032,0.029732378999824505,29.732378999824505
3033,0.026960415999838006,26.960415999838006
3034,0.02197475499997381,21.97475499997381
3035,0.022211982000044372,22.211982000044372
3036,0.03074251800012462,30.74251800012462
3037,0.027605190999793194,27.605190999793194
3038,0.022744861000091987,22.744861000091987
3039,0.022669070000119973,22.669070000119973
3040,0.03538928800003305,35.38928800003305
3041,0.023274380000202655,23.274380000202655
3042,0.022128021000071385,22.128021000071385
3043,0.02177486499999759,21.77486499999759
3044,0.029053019000002678,29.053019000002678
3045,0.027560347999951773,27.560347999951773
3046,0.02189806799992766,21.89806799992766
3047,0.021902602000182014,21.902602000182014
3048,0.02892450300009841,28.92450300009841
3049,0.028189493000127186,28.189493000127186
3050,0.022631559000046764,22.631559000046764
3051,0.022460852999984127,22.460852999984127
3052,0.028737652000017988,28.737652000017988
3053,0.029234783999982028,29.234783999982028
3054,0.021935839999969176,21.935839999969176
3055,0.023194469999907597,23.194469999907597
3056,0.027863294000098904,27.863294000098904
3057,0.028354299000056926,28.354299000056926
3058,0.022137697999824013,22.137697999824013
3059,0.02189162500008024,21.89162500008024
3060,0.02882077799995386,28.82077799995386
3061,0.027697205000094982,27.697205000094982
3062,0.022789216000091983,22.789216000091983
3063,0.02254526999990958,22.54526999990958
3064,0.030051470999978847,30.051470999978847
3065,0.0275428729999021,27.5428729999021
3066,0.022588264999967578,22.588264999967578
3067,0.02244932600001448,22.44932600001448
3068,0.028934750000189524,28.934750000189524
3069,0.02751994499999455,27.51994499999455
3070,0.022482295000145314,22.482295000145314
3071,0.021861343000182387,21.861343000182387
3072,0.028970052999966356,28.970052999966356
3073,0.02766957300013928,27.66957300013928
3074,0.023457046999965314,23.457046999965314
3075,0.02248760400016181,22.48760400016181
3076,0.029048517000092033,29.048517000092033
3077,0.027510485999982848,27.510485999982848
3078,0.022291717999905813,22.291717999905813
3079,0.02186493900012465,21.86493900012465
3080,0.0457121530000677,45.7121530000677
3081,0.026931887000046117,26.931887000046117
3082,0.022159024000075078,22.159024000075078
3083,0.022213005999901725,22.213005999901725
3084,0.034404823999921064,34.404823999921064
3085,0.027366420999896945,27.366420999896945
3086,0.02265260300009686,22.65260300009686
3087,0.02250723499992091,22.50723499992091
3088,0.03433393500017701,34.33393500017701
3089,0.027168105000100695,27.168105000100695
3090,0.020429787000011856,20.429787000011856
3091,0.020448281999961182,20.448281999961182
3092,0.03257915600011074,32.57915600011074
3093,0.027783712999962518,27.783712999962518
3094,0.022808247999819287,22.808247999819287
3095,0.022388928000054875,22.388928000054875
3096,0.032225528000026316,32.225528000026316
3097,0.027857068000002982,27.857068000002982
3098,0.02254704799997853,22.54704799997853
3099,0.022455465999883018,22.455465999883018
3100,0.03040966200001094,30.40966200001094
3101,0.028412865000063903,28.412865000063903
3102,0.022888550000061514,22.888550000061514
3103,0.02192966300003718,21.92966300003718
3104,0.02822206099995128,28.22206099995128
3105,0.02740176900010738,27.40176900010738
3106,0.022067043999868474,22.067043999868474
3107,0.02253961199994592,22.53961199994592
3108,0.03012497499980782,30.12497499980782
3109,0.027979868000102215,27.979868000102215
3110,0.02276228800019453,22.76228800019453
3111,0.02239299400002892,22.39299400002892
3112,0.02802201800000148,28.02201800000148
3113,0.02865801900020415,28.65801900020415
3114,0.02210397700014255,22.10397700014255
3115,0.021794283999952313,21.794283999952313
3116,0.036667232000127115,36.667232000127115
3117,0.027165549000073952,27.165549000073952
3118,0.02212210600009712,22.12210600009712
3119,0.0219700739999098,21.9700739999098
3120,0.02876090099994144,28.76090099994144
3121,0.029384360999983983,29.384360999983983
3122,0.02281924099997923,22.81924099997923
3123,0.02261369999996532,22.61369999996532
3124,0.028123838000055912,28.123838000055912
3125,0.029563881000058245,29.563881000058245
3126,0.02393363499982115,23.93363499982115
3127,0.024246977999837327,24.246977999837327
3128,0.027149562999966292,27.149562999966292
3129,0.02498247599987735,24.98247599987735
3130,0.02496629999996003,24.96629999996003
3131,0.02775848600003883,27.75848600003883
3132,0.030337469999949462,30.337469999949462
3133,0.023216050999963045,23.216050999963045
3134,0.022588130000031015,22.588130000031015
3135,0.024884706999955597,24.884706999955597
3136,0.039299621000054685,39.299621000054685
3137,0.029909927000062453,29.909927000062453
3138,0.022712187000024642,22.71218700002464
3139,0.02228646599996864,22.28646599996864
3140,0.03483237699992969,34.83237699992969
3141,0.02286534799986839,22.86534799986839
3142,0.022048205999908532,22.048205999908532
3143,0.02247140400004355,22.47140400004355
3144,0.031113581999989037,31.113581999989037
3145,0.02767171999994389,27.67171999994389
3146,0.022719572000141852,22.719572000141852
3147,0.02248543099995004,22.48543099995004
3148,0.03331013999991228,33.31013999991228
3149,0.023370234000140044,23.370234000140044
3150,0.02244162600004529,22.44162600004529
3151,0.022540571000035925,22.540571000035925
3152,0.032302051999977266,32.302051999977266
3153,0.02330327700019552,23.30327700019552
3154,0.02257333500006098,22.57333500006098
3155,0.022491419000061796,22.491419000061796
3156,0.030447773999867422,30.447773999867422
3157,0.024790832999997292,24.790832999997292
3158,0.02266991099986626,22.66991099986626
3159,0.022873538000112603,22.873538000112603
3160,0.029266163999864148,29.266163999864148
3161,0.027696676999994452,27.69667699999445
3162,0.02231883900003595,22.31883900003595
3163,0.022036079000145037,22.036079000145037
3164,0.028908970999964367,28.908970999964367
3165,0.02839037300009295,28.39037300009295
3166,0.02264667700001155,22.64667700001155
3167,0.022464049000063824,22.464049000063824
3168,0.0296530470000107,29.6530470000107
3169,0.028444580000041242,28.444580000041242
3170,0.022574451000082263,22.574451000082263
3171,0.022015472000020964,22.015472000020964
3172,0.02876531700007945,28.76531700007945
3173,0.027655890000005456,27.655890000005456
3174,0.022030903000086255,22.030903000086255
3175,0.02222186199992393,22.22186199992393
3176,0.028361955000036687,28.361955000036687
3177,0.028566026999897076,28.566026999897076
3178,0.02274116600005982,22.74116600005982
3179,0.02258818399991469,22.58818399991469
3180,0.02837720200000149,28.37720200000149
3181,0.028735074999985954,28.735074999985954
3182,0.022765295999988666,22.765295999988666
3183,0.02191501199990853,21.91501199990853
3184,0.02803866200019911,28.03866200019911
3185,0.028506101000175477,28.506101000175477
3186,0.024154967999947985,24.154967999947985
3187,0.0220294539999486,22.0294539999486
3188,0.02816995099988162,28.16995099988162
3189,0.028679322000016327,28.679322000016327
3190,0.022689996000053725,22.689996000053725
3191,0.023328923000008217,23.328923000008217
3192,0.04688635100001193,46.88635100001193
3193,0.023636100999965493,23.636100999965493
3194,0.022807972999999038,22.807972999999038
3195,0.02219100399997842,22.19100399997842
3196,0.026321350999978677,26.321350999978677
3197,0.03028952600016055,30.28952600016055
3198,0.022165127000107532,22.165127000107532
3199,0.02189700200005973,21.89700200005973
3200,0.026610649999838643,26.610649999838643
3201,0.031066175999967527,31.066175999967527
3202,0.022727779999968334,22.727779999968334
3203,0.02241535100006331,22.41535100006331
3204,0.028481449000082648,28.481449000082648
3205,0.03007412000010845,30.07412000010845
3206,0.022822446999953172,22.822446999953172
3207,0.021898988999964786,21.898988999964786
3208,0.02838495000014518,28.38495000014518
3209,0.027997945000151958,27.997945000151958
3210,0.022684113000195794,22.684113000195794
3211,0.022757671000135815,22.757671000135815
3212,0.02944993300002352,29.44993300002352
3213,0.027898699999923338,27.898699999923338
3214,0.022717454000030557,22.717454000030557
3215,0.02241917900005319,22.41917900005319
3216,0.028490291000025536,28.490291000025536
3217,0.02951853099989421,29.51853099989421
3218,0.02210649900007411,22.10649900007411
3219,0.02300842299996475,23.00842299996475
3220,0.027673671000002287,27.673671000002287
3221,0.027965076000100453,27.965076000100453
3222,0.02252864199999749,22.52864199999749
3223,0.02198244999999588,21.98244999999588
3224,0.02603563499997108,26.03563499997108
3225,0.03129644199998438,31.29644199998438
3226,0.023252724000030867,23.252724000030867
3227,0.022559399999863672,22.559399999863672
3228,0.036796570999968026,36.796570999968026
3229,0.022584331999951246,22.584331999951246
3230,0.020343143999980384,20.343143999980384
3231,0.020110687999931542,20.110687999931542
3232,0.029430404999857274,29.430404999857274
3233,0.0280213780001759,28.0213780001759
3234,0.02054657300004692,20.54657300004692
3235,0.020290302999910637,20.290302999910637
3236,0.029030214999920645,29.030214999920645
3237,0.021587262000139162,21.587262000139162
3238,0.02086826699996891,20.86826699996891
3239,0.021102442000028532,21.10244200002853
3240,0.03191478899998401,31.91478899998401
3241,0.026862698000059027,26.862698000059027
3242,0.020911008999974,20.911008999974
3243,0.021671143000048687,21.671143000048687
3244,0.030389505000130157,30.389505000130157
3245,0.026816159999953015,26.816159999953015
3246,0.020666657999981908,20.666657999981908
3247,0.020315464000077554,20.315464000077554
3248,0.02836004799996772,28.36004799996772
3249,0.03367980899997747,33.67980899997747
3250,0.030670138000004954,30.670138000004954
3251,0.021664284000053158,21.664284000053158
3252,0.038419954000119105,38.419954000119105
3253,0.021872447000077955,21.872447000077955
3254,0.02064981299986357,20.64981299986357
3255,0.020218311000007816,20.218311000007816
3256,0.03179182700000638,31.79182700000638
3257,0.026701343000013367,26.701343000013367
3258,0.020243569000058415,20.243569000058415
3259,0.020181998999987627,20.181998999987627
3260,0.026527478999923915,26.527478999923915
3261,0.03163974600010988,31.63974600010988
3262,0.021060403000092265,21.060403000092265
3263,0.020745923000049515,20.745923000049515
3264,0.026531099000067115,26.531099000067115
3265,0.035602631999836376,35.602631999836376
3266,0.02072558199984087,20.72558199984087
3267,0.021052601000064897,21.052601000064897
3268,0.030240507999906185,30.240507999906185
3269,0.021756598000138183,21.756598000138183
3270,0.020845057000087763,20.845057000087763
3271,0.020670735000066998,20.670735000066998
3272,0.030683076999821424,30.683076999821424
3273,0.026505367000027036,26.505367000027036
3274,0.020948779000036666,20.948779000036666
3275,0.020218816999886258,20.218816999886258
3276,0.0273147059999701,27.3147059999701
3277,0.030143610000095578,30.143610000095578
3278,0.020855239999946207,20.855239999946207
3279,0.021442274999799338,21.442274999799338
3280,0.02869466700008161,28.69466700008161
3281,0.023914099999956306,23.914099999956306
3282,0.020754104999923584,20.754104999923584
3283,0.02065244100003838,20.65244100003838
3284,0.029823197000041546,29.823197000041546
3285,0.03675657199983107,36.75657199983107
3286,0.038114305999897624,38.114305999897624
3287,0.027912413000194647,27.912413000194647
3288,0.05021056200007479,50.21056200007479
3289,0.0223504260000027,22.3504260000027
3290,0.020862031999968167,20.862031999968167
3291,0.02053986900000382,20.53986900000382
3292,0.027238067999860505,27.238067999860505
3293,0.030413822999889817,30.413822999889817
3294,0.02124593299981825,21.24593299981825
3295,0.021127292000073794,21.127292000073794
3296,0.028847273000110363,28.847273000110363
3297,0.022497974000089016,22.497974000089016
3298,0.020397210999817617,20.397210999817617
3299,0.020101173000057315,20.101173000057315
3300,0.02641958699996394,26.41958699996394
3301,0.029867999000089185,29.867999000089185
3302,0.020421415999862802,20.421415999862802
3303,0.02079783499993937,20.79783499993937
3304,0.028990632999921218,28.990632999921218
3305,0.02206035300014264,22.06035300014264
3306,0.021258227999851442,21.258227999851442
3307,0.020957097999826146,20.957097999826146
3308,0.031914816999915274,31.914816999915274
3309,0.03259035899986884,32.59035899986884
3310,0.020457906000046933,20.457906000046933
3311,0.020077599999922313,20.077599999922313
3312,0.03246642899989638,32.46642899989638
3313,0.026827169000171125,26.827169000171125
3314,0.020331411999904958,20.331411999904958
3315,0.020332806999931563,20.332806999931563
3316,0.027189205000013317,27.189205000013317
3317,0.02934856799993213,29.34856799993213
3318,0.02095560599991586,20.95560599991586
3319,0.020704487000102745,20.704487000102745
3320,0.03479149200006759,34.79149200006759
3321,0.021939317000033043,21.939317000033043
3322,0.020994610000116154,20.994610000116154
3323,0.020922461000054682,20.922461000054682
3324,0.03244265800003632,32.44265800003632
3325,0.02632064099998388,26.32064099998388
3326,0.020918466000011904,20.918466000011904
3327,0.0206258410000828,20.6258410000828
3328,0.02885226200010038,28.85226200010038
3329,0.028321070999936637,28.321070999936637
3330,0.02088979899986043,20.88979899986043
3331,0.02118148099998507,21.18148099998507
3332,0.0272212560000753,27.2212560000753
3333,0.030307845999914207,30.307845999914207
3334,0.02086576600004264,20.86576600004264
3335,0.020681940000031318,20.681940000031318
3336,0.029188437999891903,29.188437999891903
3337,0.02347804900000483,23.47804900000483
3338,0.020347057999970275,20.347057999970275
3339,0.020311043999981848,20.311043999981848
3340,0.0284201720000965,28.4201720000965
3341,0.028593047999947885,28.593047999947885
3342,0.020158876000095916,20.158876000095916
3343,0.020278711999935695,20.278711999935695
3344,0.028641862999847945,28.641862999847945
3345,0.02170079200004693,21.70079200004693
3346,0.020906431000184966,20.906431000184966
3347,0.020898647999956665,20.898647999956665
3348,0.030218680999951175,30.218680999951175
3349,0.02855955600011839,28.55955600011839
3350,0.020820628999899782,20.82062899989978
3351,0.020924214999922697,20.924214999922697
3352,0.026946976000090217,26.946976000090217
3353,0.0294301330000053,29.4301330000053
3354,0.020211088999985805,20.211088999985805
3355,0.023324468000055276,23.324468000055276
3356,0.028678000000127213,28.678000000127213
3357,0.021567433999962304,21.567433999962304
3358,0.021080936999851474,21.080936999851474
3359,0.020848930000056498,20.848930000056498
3360,0.03197566300013932,31.97566300013932
3361,0.02697987200008356,26.97987200008356
3362,0.02080483200006711,20.80483200006711
3363,0.0206105419999858,20.6105419999858
3364,0.027360395000187054,27.360395000187054
3365,0.030912767000017993,30.912767000017993
3366,0.029736141999819665,29.736141999819665
3367,0.021243850000018938,21.243850000018938
3368,0.033152883999946425,33.152883999946425
3369,0.021932510999931765,21.932510999931765
3370,0.020496491999892896,20.496491999892896
3371,0.02065225800015469,20.65225800015469
3372,0.03262461999997868,32.62461999997868
3373,0.027115342999877612,27.115342999877612
3374,0.020886259000008067,20.886259000008067
3375,0.020722707000004448,20.722707000004448
3376,0.026891750000004322,26.891750000004322
3377,0.029980856000065614,29.980856000065614
3378,0.020857382000031066,20.857382000031066
3379,0.020889455000087764,20.889455000087764
3380,0.028472980000060488,28.47298000006049
3381,0.02115263599989703,21.15263599989703
3382,0.020404188000156864,20.404188000156864
3383,0.0200691889999689,20.0691889999689
3384,0.031160035999846514,31.160035999846514
3385,0.027565205999962927,27.565205999962927
3386,0.021113029999924038,21.113029999924038
3387,0.020712120000098366,20.712120000098366
3388,0.03180131299995992,31.80131299995992
3389,0.03659381800002848,36.59381800002848
3390,0.04687004199990952,46.87004199990952
3391,0.1086141470000257,108.6141470000257
3392,0.05670165300011831,56.70165300011831
3393,0.0206383370000367,20.6383370000367
3394,0.02038776099993811,20.38776099993811
3395,0.03883453899993583,38.83453899993583
3396,0.02279189299997597,22.79189299997597
3397,0.020851619000040955,20.851619000040955
3398,0.01986007499999687,19.86007499999687
3399,0.03495846100008748,34.95846100008748
3400,0.024142859999983557,24.142859999983557
3401,0.02046943499999543,20.46943499999543
3402,0.024012949000052686,24.012949000052686
3403,0.03618935000008605,36.18935000008605
3404,0.022827562999964357,22.827562999964357
3405,0.02127079000001686,21.27079000001686
3406,0.021197606999976415,21.197606999976415
3407,0.02995657500014204,29.95657500014204
3408,0.027803338000012445,27.803338000012445
3409,0.023242587999902753,23.242587999902753
3410,0.02150518899998133,21.50518899998133
3411,0.02743265899994185,27.43265899994185
3412,0.027675039000087054,27.675039000087054
3413,0.02211136500000066,22.11136500000066
3414,0.022379679000096075,22.379679000096075
3415,0.025277959000050032,25.277959000050032
3416,0.029480659999990166,29.480659999990166
3417,0.022728931000074226,22.728931000074226
3418,0.022177760999966267,22.177760999966267
3419,0.026294947999986107,26.294947999986107
3420,0.03445089500019094,34.45089500019094
3421,0.02498336600001494,24.98336600001494
3422,0.02222251100010908,22.22251100010908
3423,0.033160724000026676,33.160724000026676
3424,0.026940690999936123,26.940690999936123
3425,0.022820143999979337,22.820143999979337
3426,0.022345614999949248,22.345614999949248
3427,0.033050353000135146,33.050353000135146
3428,0.02594352100004471,25.94352100004471
3429,0.022732859000143435,22.732859000143435
3430,0.021532574000048044,21.532574000048044
3431,0.028881385000204318,28.881385000204318
3432,0.02714621600011924,27.14621600011924
3433,0.022122164999927918,22.122164999927918
3434,0.021513077000008707,21.513077000008707
3435,0.027692941999930554,27.692941999930554
3436,0.028052894999973432,28.052894999973432
3437,0.022809104999851115,22.809104999851115
3438,0.022211500999901546,22.211500999901546
3439,0.028432115999976304,28.432115999976304
3440,0.0290345260000322,29.0345260000322
3441,0.022755080000024464,22.755080000024464
3442,0.02142493199994533,21.42493199994533
3443,0.025023507000014433,25.023507000014433
3444,0.031032273999926474,31.032273999926474
3445,0.022934193000082814,22.934193000082814
3446,0.022477496000192332,22.477496000192332
3447,0.026556564999964394,26.556564999964394
3448,0.03228362999993806,32.28362999993806
3449,0.022467535000032512,22.467535000032512
3450,0.021436573999835673,21.436573999835673
3451,0.028740097000081732,28.740097000081732
3452,0.029351356999995915,29.351356999995915
3453,0.022193694000179676,22.193694000179676
3454,0.02148897800020677,21.48897800020677
3455,0.025026330999935453,25.026330999935453
3456,0.03181355600008828,31.813556000088283
3457,0.022859340999957567,22.859340999957567
3458,0.022164377000081004,22.164377000081004
3459,0.026143533999857027,26.143533999857027
3460,0.03103609699996923,31.03609699996923
3461,0.022693801000059466,22.693801000059466
3462,0.021971917000200847,21.971917000200847
3463,0.026201170999911483,26.201170999911483
3464,0.05521904500005803,55.21904500005803
3465,0.03308702699996502,33.08702699996502
3466,0.02509540100004415,25.09540100004415
3467,0.045653854999955,45.653854999955
3468,0.023454291999996713,23.454291999996713
3469,0.020993363000116005,20.993363000116005
3470,0.021847422000064398,21.847422000064398
3471,0.025352259999863236,25.352259999863236
3472,0.023854535000054966,23.854535000054966
3473,0.04322008299982372,43.22008299982372
3474,0.023326984000050288,23.326984000050288
3475,0.0298741860001428,29.8741860001428
3476,0.028924254999992627,28.924254999992627
3477,0.02300430199989023,23.00430199989023
3478,0.022302021000086825,22.302021000086825
3479,0.02870244900009311,28.70244900009311
3480,0.02935749800008125,29.35749800008125
3481,0.022340954000128477,22.340954000128477
3482,0.02419733700003235,24.19733700003235
3483,0.028039877999844975,28.039877999844975
3484,0.027852286999859643,27.852286999859643
3485,0.02232318899996244,22.32318899996244
3486,0.02195308099999238,21.95308099999238
3487,0.026502983999989738,26.502983999989738
3488,0.029496481000023778,29.496481000023778
3489,0.0229681379998965,22.9681379998965
3490,0.022188045000120837,22.188045000120837
3491,0.02915641999993568,29.15641999993568
3492,0.028338587000007465,28.338587000007465
3493,0.022720067999898674,22.720067999898674
3494,0.021780630000193923,21.780630000193923
3495,0.02558671199994933,25.58671199994933
3496,0.02909031700005471,29.09031700005471
3497,0.022313758000109374,22.313758000109374
3498,0.021741386000030616,21.741386000030616
3499,0.027023009000004095,27.023009000004095
3500,0.02292938199980199,22.92938199980199
3501,0.022980168000003687,22.980168000003687
3502,0.02224688299997979,22.24688299997979
3503,0.029385019999836004,29.385019999836004
3504,0.027694725000174003,27.694725000174003
3505,0.023149484999976266,23.149484999976266
3506,0.022078277999980855,22.078277999980855
3507,0.028980770999851302,28.980770999851302
3508,0.027051271000118504,27.051271000118504
3509,0.022319842000115386,22.319842000115386
3510,0.021513802000072246,21.513802000072246
3511,0.028195601000106763,28.195601000106763
3512,0.028074289999949542,28.074289999949542
3513,0.023014850000208753,23.014850000208753
3514,0.022302394000007553,22.302394000007553
3515,0.028339598000002297,28.339598000002297
3516,0.031273192999833554,31.273192999833554
3517,0.023028445000136344,23.028445000136344
3518,0.02171842600000673,21.71842600000673
3519,0.028097391999835963,28.097391999835963
3520,0.027239793000035206,27.239793000035206
3521,0.022364401000004364,22.364401000004364
3522,0.021826965999935055,21.826965999935055
3523,0.026104982000106247,26.104982000106247
3524,0.030378773999927944,30.378773999927944
3525,0.023041734000116776,23.041734000116776
3526,0.02267820599990955,22.67820599990955
3527,0.02852527699997154,28.52527699997154
3528,0.02991472700000486,29.91472700000486
3529,0.0231357290001597,23.1357290001597
3530,0.021969594000211146,21.969594000211146
3531,0.027773134999961258,27.773134999961258
3532,0.028699870000082228,28.699870000082228
3533,0.022982244999866452,22.982244999866452
3534,0.022284861000116507,22.284861000116507
3535,0.02834635099998195,28.34635099998195
3536,0.029978415999948993,29.978415999948993
3537,0.023098133000075904,23.098133000075904
3538,0.022334673999921506,22.334673999921506
3539,0.029026080999983606,29.026080999983606
3540,0.027558450000015,27.558450000015
3541,0.022458590000042022,22.458590000042022
3542,0.02173459699997693,21.73459699997693
3543,0.028344019000087428,28.344019000087428
3544,0.027167139000084717,27.167139000084717
3545,0.02244971400000395,22.44971400000395
3546,0.02185025299991139,21.85025299991139
3547,0.029560441000057835,29.560441000057835
3548,0.02873980100002882,28.73980100002882
3549,0.023738899999898422,23.738899999898422
3550,0.02240966199997274,22.40966199997274
3551,0.02995576900002561,29.95576900002561
3552,0.02775468999993791,27.75468999993791
3553,0.02311262400007763,23.11262400007763
3554,0.02234459400006017,22.34459400006017
3555,0.028141850999872986,28.141850999872986
3556,0.027178843000001507,27.178843000001507
3557,0.022400529000151437,22.400529000151437
3558,0.021657086999994135,21.657086999994135
3559,0.028340854999896692,28.340854999896692
3560,0.028447333000030994,28.447333000030994
3561,0.022348663999991913,22.348663999991913
3562,0.02244983300010972,22.44983300010972
3563,0.027407053999922937,27.407053999922937
3564,0.030139003999920533,30.139003999920533
3565,0.022954810000101133,22.954810000101133
3566,0.022488632999966285,22.488632999966285
3567,0.029673856000044907,29.673856000044907
3568,0.028251921999981278,28.251921999981278
3569,0.02271650500006217,22.71650500006217
3570,0.021780760999945414,21.780760999945414
3571,0.03188683899998068,31.886838999980682
3572,0.028258874000130163,28.258874000130163
3573,0.023209554000004573,23.209554000004573
3574,0.022399339000003238,22.399339000003238
3575,0.033308138999927905,33.308138999927905
3576,0.027284365000014077,27.284365000014077
3577,0.022388141000192263,22.388141000192263
3578,0.02165654899999936,21.65654899999936
3579,0.03250377199992727,32.50377199992727
3580,0.028346915000156514,28.346915000156514
3581,0.02292629399994439,22.92629399994439
3582,0.02232999199986807,22.32999199986807
3583,0.04004215600002681,40.04215600002681
3584,0.02296714800013433,22.96714800013433
3585,0.023431186999914644,23.431186999914644
3586,0.021528807000095185,21.528807000095185
3587,0.025557892000051652,25.557892000051652
3588,0.034120742000141036,34.120742000141036
3589,0.025779187000125603,25.779187000125603
3590,0.02488783900003,24.88783900003
3591,0.031287946000020384,31.287946000020384
3592,0.027754904999937935,27.754904999937935
3593,0.023031965999962267,23.031965999962267
3594,0.022422560999984853,22.422560999984853
3595,0.029901492999897528,29.901492999897528
3596,0.02817105100007211,28.17105100007211
3597,0.022507263999841598,22.507263999841598
3598,0.0217011330000787,21.7011330000787
3599,0.02867406700011088,28.67406700011088
3600,0.027198795999993308,27.198795999993308
3601,0.022381054999868866,22.381054999868866
3602,0.02219972400007464,22.19972400007464
3603,0.0278108439999869,27.8108439999869
3604,0.028074066000044695,28.074066000044695
3605,0.02311510599997746,23.11510599997746
3606,0.022319364999930258,22.319364999930258
3607,0.028724052999905325,28.724052999905325
3608,0.02865669900006651,28.65669900006651
3609,0.02295397399984722,22.95397399984722
3610,0.021622360000037588,21.622360000037588
3611,0.027740816000004997,27.740816000004997
3612,0.02901161299996602,29.01161299996602
3613,0.022807039999861445,22.807039999861445
3614,0.0216673869999795,21.6673869999795
3615,0.02521479500001078,25.21479500001078
3616,0.031797954000012396,31.797954000012396
3617,0.023027277999972284,23.027277999972284
3618,0.022205311999869082,22.20531199986908
3619,0.029105562000040663,29.105562000040663
3620,0.02970643500020742,29.70643500020742
3621,0.02315964000013082,23.15964000013082
3622,0.022329822999836324,22.329822999836324
3623,0.029189455000050657,29.189455000050657
3624,0.0313433389999318,31.343338999931802
3625,0.026040227000066807,26.040227000066807
3626,0.024217919000193433,24.217919000193433
3627,0.04239475500003209,42.39475500003209
3628,0.02347971700010021,23.47971700010021
3629,0.023358830999995916,23.358830999995916
3630,0.02217263600005026,22.17263600005026
3631,0.03101077900009841,31.01077900009841
3632,0.028123782999955438,28.123782999955438
3633,0.022912299999916286,22.912299999916286
3634,0.02198681699996996,21.98681699996996
3635,0.02893511499996748,28.93511499996748
3636,0.02698956599988378,26.98956599988378
3637,0.022412111999983608,22.41211199998361
3638,0.021610423999845807,21.610423999845807
3639,0.028422623999858843,28.422623999858843
3640,0.027785000999983822,27.785000999983822
3641,0.023049199000070075,23.049199000070075
3642,0.022204886000054103,22.204886000054103
3643,0.028649509999922884,28.649509999922884
3644,0.02785510500007149,27.85510500007149
3645,0.023005688000012015,23.005688000012015
3646,0.022247695000032763,22.247695000032763
3647,0.028041095000162386,28.041095000162386
3648,0.030076016999828425,30.076016999828425
3649,0.0224564789998567,22.4564789998567
3650,0.022200875999942582,22.200875999942582
3651,0.028250519000039276,28.250519000039276
3652,0.02812422100009826,28.12422100009826
3653,0.023335939000162398,23.335939000162398
3654,0.022291275000043242,22.291275000043242
3655,0.028592052000021795,28.592052000021795
3656,0.028152326000054018,28.152326000054018
3657,0.022965742999986105,22.965742999986105
3658,0.021983849999969607,21.983849999969607
3659,0.027233556000055614,27.233556000055614
3660,0.029359622000129093,29.359622000129093
3661,0.02236297900003592,22.36297900003592
3662,0.02171218100011174,21.71218100011174
3663,0.025106944999834013,25.106944999834013
3664,0.029748708999932205,29.748708999932205
3665,0.02296682500013958,22.96682500013958
3666,0.02237920200013832,22.37920200013832
3667,0.026713175999930172,26.713175999930172
3668,0.029991610000024593,29.991610000024593
3669,0.023314502000175708,23.314502000175708
3670,0.022480897000150435,22.480897000150435
3671,0.02508283199995276,25.08283199995276
3672,0.03230542400001468,32.30542400001468
3673,0.022875488999943627,22.875488999943627
3674,0.02233464900018589,22.33464900018589
3675,0.02939088400012224,29.39088400012224
3676,0.028382941000018036,28.382941000018036
3677,0.022758910999982618,22.758910999982618
3678,0.021637507999912486,21.637507999912486
3679,0.027445857999964574,27.445857999964574
3680,0.030683925999937856,30.683925999937856
3681,0.02298717899998337,22.98717899998337
3682,0.024255550999896514,24.255550999896514
3683,0.03037262899988491,30.37262899988491
3684,0.028049681000084092,28.049681000084092
3685,0.022437888000013118,22.437888000013118
3686,0.02175759199985805,21.75759199985805
3687,0.028775307999922006,28.775307999922006
3688,0.02741381700002421,27.41381700002421
3689,0.022310128000071927,22.310128000071927
3690,0.021651676000146836,21.651676000146836
3691,0.027821544000062204,27.821544000062204
3692,0.029490432999864424,29.490432999864424
3693,0.02293378599983953,22.93378599983953
3694,0.022277735999978177,22.277735999978177
3695,0.028618157999972027,28.618157999972027
3696,0.030201347999991413,30.201347999991413
3697,0.022869222000053924,22.869222000053924
3698,0.021683351000092443,21.683351000092443
3699,0.029108704999998736,29.108704999998736
3700,0.027620472000080554,27.620472000080554
3701,0.024977038000088214,24.977038000088214
3702,0.025588542999912534,25.588542999912534
3703,0.03891439999983959,38.91439999983959
3704,0.02351720599995133,23.51720599995133
3705,0.022972719999870606,22.972719999870606
3706,0.022358091000114655,22.358091000114655
3707,0.026041520000035234,26.041520000035234
3708,0.03196350100006384,31.963501000063843
3709,0.022607258000107322,22.607258000107322
3710,0.02228515700016942,22.28515700016942
3711,0.026083022999955574,26.083022999955574
3712,0.030743271999881472,30.743271999881472
3713,0.022998981999990065,22.998981999990065
3714,0.02221663999989687,22.21663999989687
3715,0.028540453999994497,28.540453999994497
3716,0.030112041999927897,30.112041999927897
3717,0.02248101600002883,22.48101600002883
3718,0.02219091799997841,22.19091799997841
3719,0.02548116499997377,25.48116499997377
3720,0.030945668000185833,30.945668000185833
3721,0.022745567000129085,22.745567000129085
3722,0.021670321000101467,21.670321000101467
3723,0.025538612999980614,25.538612999980614
3724,0.029983741000023656,29.983741000023656
3725,0.022851871000057145,22.851871000057145
3726,0.02230444799988618,22.30444799988618
3727,0.025770182999849567,25.770182999849567
3728,0.030164172000013423,30.164172000013423
3729,0.023151667000092857,23.151667000092857
3730,0.022601745999963896,22.601745999963896
3731,0.038316641999927015,38.316641999927015
3732,0.022284374000037133,22.284374000037133
3733,0.022604292999858444,22.604292999858444
3734,0.021762324999826888,21.762324999826888
3735,0.03040002700004152,30.40002700004152
3736,0.027566570999852047,27.566570999852047
3737,0.023179371999958676,23.179371999958676
3738,0.02251584600003298,22.51584600003298
3739,0.02953432399999656,29.53432399999656
3740,0.027525878999995257,27.525878999995257
3741,0.02259612099987862,22.59612099987862
3742,0.02181040599998596,21.81040599998596
3743,0.029366534000018873,29.366534000018873
3744,0.027004807000139408,27.004807000139408
3745,0.022296523000022717,22.296523000022717
3746,0.0217162690000805,21.7162690000805
3747,0.027396156999884624,27.396156999884624
3748,0.03127002899987019,31.270028999870192
3749,0.022687894000000597,22.687894000000597
3750,0.022319981999999072,22.319981999999072
3751,0.028374235000001136,28.374235000001136
3752,0.028255273000013403,28.255273000013403
3753,0.023197027000151138,23.197027000151138
3754,0.02235066499997629,22.35066499997629
3755,0.029024139000057403,29.024139000057403
3756,0.027686802000062016,27.686802000062016
3757,0.02234638600020844,22.34638600020844
3758,0.021749550999857092,21.749550999857092
3759,0.025406803000123546,25.406803000123546
3760,0.035825802000090334,35.825802000090334
3761,0.02519893399994544,25.19893399994544
3762,0.022354680000034932,22.354680000034932
3763,0.03163955300010457,31.63955300010457
3764,0.022931513999992603,22.931513999992603
3765,0.0229487199999312,22.9487199999312
3766,0.022413541999867448,22.413541999867448
3767,0.029676657999971212,29.676657999971212
3768,0.027843482999969638,27.843482999969638
3769,0.02252173900001253,22.52173900001253
3770,0.021864514000071722,21.864514000071722
3771,0.029111816999829898,29.111816999829898
3772,0.027195137999797225,27.195137999797225
3773,0.02253421000000344,22.53421000000344
3774,0.021703051000031337,21.703051000031337
3775,0.027569615999937014,27.569615999937014
3776,0.02812388200004534,28.12388200004534
3777,0.023296151999829817,23.296151999829817
3778,0.022417757000084748,22.417757000084748
3779,0.02871050099997774,28.71050099997774
3780,0.027975146000017048,27.975146000017048
3781,0.023011913999880562,23.011913999880562
3782,0.023085062000063772,23.085062000063772
3783,0.02786420300003556,27.86420300003556
3784,0.028112997000107498,28.112997000107498
3785,0.022524312000086866,22.524312000086866
3786,0.021947425999996995,21.947425999996995
3787,0.025956640999993397,25.956640999993397
3788,0.032037069999887535,32.037069999887535
3789,0.023411893000002237,23.411893000002237
3790,0.022399941999992734,22.399941999992734
3791,0.029219289000138815,29.219289000138815
3792,0.028255254999976387,28.255254999976387
3793,0.02256852000004983,22.56852000004983
3794,0.021757518999947933,21.757518999947933
3795,0.032471739999891724,32.471739999891724
3796,0.029670635999991646,29.670635999991646
3797,0.02325590500004182,23.25590500004182
3798,0.022377144000074622,22.377144000074622
3799,0.03200156299999435,32.00156299999435
3800,0.02437040699987847,24.37040699987847
3801,0.022995699000148306,22.995699000148306
3802,0.022397684999987177,22.397684999987177
3803,0.03090700900020238,30.90700900020238
3804,0.024934810999866386,24.934810999866386
3805,0.024614640999971016,24.614640999971016
3806,0.025169298000037088,25.169298000037088
3807,0.04216736400007903,42.16736400007903
3808,0.025619647999974404,25.619647999974404
3809,0.025117028000067876,25.117028000067876
3810,0.025117311000030895,25.117311000030895
3811,0.04230011900017416,42.30011900017416
3812,0.024055680999936158,24.055680999936158
3813,0.02816743900007168,28.16743900007168
3814,0.023437823999984175,23.437823999984175
3815,0.025690550000035728,25.690550000035728
3816,0.03435084099987762,34.35084099987762
3817,0.030260322000003725,30.260322000003725
3818,0.022463165999852208,22.463165999852208
3819,0.038260806000153025,38.260806000153025
3820,0.02262144199994509,22.62144199994509
3821,0.02248265100001845,22.48265100001845
3822,0.022390492000113227,22.390492000113227
3823,0.026974211999913678,26.974211999913678
3824,0.02677696399996421,26.77696399996421
3825,0.022379645999990316,22.379645999990316
3826,0.0217192499999328,21.7192499999328
3827,0.031098254999960773,31.098254999960773
3828,0.027926237999963632,27.926237999963632
3829,0.023026921000109724,23.026921000109724
3830,0.022346584000160874,22.346584000160874
3831,0.03042752900000778,30.42752900000778
3832,0.028140970000094967,28.140970000094967
3833,0.02341092100004971,23.41092100004971
3834,0.02235881500018877,22.35881500018877
3835,0.030139416999872992,30.139416999872992
3836,0.026278453000031732,26.278453000031732
3837,0.022826137000038216,22.826137000038216
3838,0.022008877000189386,22.008877000189386
3839,0.030132902000104878,30.132902000104878
3840,0.02691912700015564,26.91912700015564
3841,0.022432880999986082,22.432880999986082
3842,0.021703839999872798,21.703839999872798
3843,0.02854901599994264,28.54901599994264
3844,0.02789725200000248,27.89725200000248
3845,0.023319859999901382,23.319859999901382
3846,0.023962828999856356,23.962828999856356
3847,0.029763304999960383,29.763304999960383
3848,0.027889565000123184,27.889565000123184
3849,0.022940641000104733,22.940641000104733
3850,0.021835373999920193,21.835373999920193
3851,0.030733972999996695,30.733972999996695
3852,0.027978934999964622,27.978934999964622
3853,0.023538365000149497,23.538365000149497
3854,0.022312905000035244,22.312905000035244
3855,0.031225040999970588,31.225040999970588
3856,0.026401442999940627,26.401442999940627
3857,0.022425313999974605,22.425313999974605
3858,0.021654999000020325,21.654999000020325
3859,0.02990234399999281,29.90234399999281
3860,0.027496578000182126,27.496578000182126
3861,0.02298844500000996,22.98844500000996
3862,0.02225428700012344,22.25428700012344
3863,0.03118650700002945,31.18650700002945
3864,0.027392827000085163,27.392827000085163
3865,0.02303663499992581,23.03663499992581
3866,0.02209774099992501,22.09774099992501
3867,0.030903256999863515,30.903256999863515
3868,0.0256514549998883,25.6514549998883
3869,0.022382271999958903,22.382271999958903
3870,0.02240536400017845,22.40536400017845
3871,0.05128875800005517,51.28875800005517
3872,0.023207026999898517,23.207026999898517
3873,0.023612618000015573,23.612618000015573
3874,0.02228759300010097,22.28759300010097
3875,0.03143577599985292,31.435775999852922
3876,0.02497249200018814,24.97249200018814
3877,0.023204146000125547,23.204146000125547
3878,0.022393165999801568,22.393165999801568
3879,0.028218839999908596,28.218839999908596
3880,0.02672698100013804,26.72698100013804
3881,0.022416333999899507,22.416333999899507
3882,0.0216631089999737,21.6631089999737
3883,0.030398420999972586,30.398420999972586
3884,0.027495398000155546,27.495398000155546
3885,0.02247538399979021,22.47538399979021
3886,0.02237540800001625,22.37540800001625
3887,0.03066826500003117,30.66826500003117
3888,0.02825720900000306,28.25720900000306
3889,0.023077566999972987,23.077566999972987
3890,0.022698478000165778,22.698478000165778
3891,0.030485398999871904,30.485398999871904
3892,0.027840615000059188,27.840615000059188
3893,0.023078279999936058,23.078279999936058
3894,0.021778637999886996,21.778637999886996
3895,0.023478488999899128,23.478488999899128
3896,0.03185337900004015,31.85337900004015
3897,0.02273446399999557,22.73446399999557
3898,0.022026993999816114,22.026993999816114
3899,0.030651560000023892,30.651560000023892
3900,0.027420438000035574,27.420438000035574
3901,0.022472606000064843,22.472606000064843
3902,0.021700487000089197,21.700487000089197
3903,0.033300505999932284,33.300505999932284
3904,0.028600192999874707,28.600192999874707
3905,0.023102445999938936,23.102445999938936
3906,0.022454708999930517,22.454708999930517
3907,0.03959178499985683,39.59178499985683
3908,0.023200737000024674,23.200737000024674
3909,0.02297406099978616,22.97406099978616
3910,0.02235743599999296,22.35743599999296
3911,0.02703598699986287,27.03598699986287
3912,0.032657858999982636,32.657858999982636
3913,0.02299949000007473,22.99949000007473
3914,0.02251170199997432,22.51170199997432
3915,0.03421574699996199,34.21574699996199
3916,0.0272926439999992,27.2926439999992
3917,0.02236603100004686,22.36603100004686
3918,0.021493206000059217,21.493206000059217
3919,0.028461633999995684,28.461633999995684
3920,0.0275798099999065,27.5798099999065
3921,0.0225390040000093,22.5390040000093
3922,0.021666268999979366,21.666268999979366
3923,0.028237932000138244,28.237932000138244
3924,0.030198344999917026,30.198344999917026
3925,0.022959508999974787,22.959508999974787
3926,0.022321755999882953,22.321755999882953
3927,0.029453774999865345,29.453774999865345
3928,0.029459138999982315,29.459138999982315
3929,0.024902520000068762,24.902520000068762
3930,0.022506667000016023,22.506667000016023
3931,0.0312448110000787,31.2448110000787
3932,0.025749669000106223,25.749669000106223
3933,0.02297274199986532,22.97274199986532
3934,0.022488303000045562,22.488303000045562
3935,0.030876918999865666,30.876918999865666
3936,0.02571028700003808,25.71028700003808
3937,0.023034493999830374,23.034493999830374
3938,0.02237878500000079,22.37878500000079
3939,0.03008262699995612,30.08262699995612
3940,0.028013084000122035,28.013084000122035
3941,0.02329876599992531,23.29876599992531
3942,0.022282420999999886,22.282420999999886
3943,0.031144322000045577,31.144322000045577
3944,0.024340338000001793,24.340338000001793
3945,0.024879456999997274,24.879456999997274
3946,0.022252406000006886,22.252406000006886
3947,0.031072695999910138,31.072695999910138
3948,0.022235438000052454,22.235438000052454
3949,0.02253657699998257,22.53657699998257
3950,0.0216655440001432,21.6655440001432
3951,0.030809978999968735,30.809978999968735
3952,0.0280495570000312,28.0495570000312
3953,0.022993571000142765,22.993571000142765
3954,0.022704422999822782,22.704422999822782
3955,0.030123476999960985,30.123476999960985
3956,0.027947809999886886,27.947809999886886
3957,0.023101646999975856,23.101646999975856
3958,0.022403736999876855,22.403736999876855
3959,0.0390105860001313,39.0105860001313
3960,0.1847685210000236,184.7685210000236
3961,0.022933255999987523,22.933255999987523
3962,0.023168871000052604,23.168871000052604
3963,0.038637706000145045,38.637706000145045
3964,0.02316661000008935,23.16661000008935
3965,0.022970711999960258,22.97071199996026
3966,0.022395202000097925,22.395202000097925
3967,0.02861557799997172,28.61557799997172
3968,0.023775151999871014,23.775151999871014
3969,0.023609264000015173,23.609264000015173
3970,0.02177956299988182,21.77956299988182
3971,0.02742971799989391,27.42971799989391
3972,0.038508376999971006,38.508376999971006
3973,0.02251345200011201,22.51345200011201
3974,0.022068840999963868,22.068840999963868
3975,0.0353460209998957,35.3460209998957
3976,0.02721144900010586,27.21144900010586
3977,0.022265306000008422,22.265306000008422
3978,0.021418972999981634,21.418972999981634
3979,0.02808756100012033,28.08756100012033
3980,0.028483448999850225,28.483448999850225
3981,0.02275149699994472,22.75149699994472
3982,0.022138745999882303,22.138745999882303
3983,0.030030410999870583,30.030410999870583
3984,0.02825904199994511,28.25904199994511
3985,0.02298163599994041,22.98163599994041
3986,0.022515803000032975,22.515803000032975
3987,0.02852193199987596,28.52193199987596
3988,0.02793392400008088,27.93392400008088
3989,0.022380794999889986,22.380794999889986
3990,0.02215311500003736,22.15311500003736
3991,0.0331248190000224,33.1248190000224
3992,0.028428468999891265,28.428468999891265
3993,0.023666017000095962,23.666017000095962
3994,0.02287128400007532,22.87128400007532
3995,0.029744190999963394,29.744190999963394
3996,0.027032194000184973,27.032194000184973
3997,0.022861047000105827,22.861047000105827
3998,0.022057850999999573,22.057850999999573
3999,0.02869260900001791,28.69260900001791
4000,0.02743564000002152,27.43564000002152
4001,0.022834280999859402,22.834280999859402
4002,0.02145427599998584,21.45427599998584
4003,0.028099965000137672,28.099965000137672
4004,0.027126286999873628,27.126286999873628
4005,0.02213800699996682,22.13800699996682
4006,0.022970765000081883,22.970765000081883
4007,0.025721898000028887,25.721898000028887
4008,0.030087614999956713,30.087614999956713
4009,0.023053777000086484,23.053777000086484
4010,0.022397251000029428,22.397251000029428
4011,0.027840570000080334,27.840570000080334
4012,0.02775882600008117,27.75882600008117
4013,0.022707577000119272,22.707577000119272
4014,0.022045207000019218,22.045207000019218
4015,0.026191123999979027,26.191123999979027
4016,0.030704258000014306,30.704258000014306
4017,0.022318154000004142,22.318154000004142
4018,0.02156790000003639,21.56790000003639
4019,0.02499867999995331,24.99867999995331
4020,0.029560290999825156,29.560290999825156
4021,0.023566814999867347,23.566814999867347
4022,0.02225510700009181,22.25510700009181
4023,0.03082493500005512,30.82493500005512
4024,0.028241555000022345,28.241555000022345
4025,0.02212987399980193,22.12987399980193
4026,0.021454360000007,21.454360000007
4027,0.025003407999975025,25.003407999975025
4028,0.029803367999875263,29.803367999875263
4029,0.022912156999836952,22.912156999836952
4030,0.02233299599993188,22.33299599993188
4031,0.02535203200000069,25.35203200000069
4032,0.027435464000063803,27.435464000063803
4033,0.02262837400007811,22.62837400007811
4034,0.02508032099990487,25.08032099990487
4035,0.0441148819998034,44.1148819998034
4036,0.021266481999873577,21.266481999873577
4037,0.021199397000145837,21.199397000145837
4038,0.019873442000061914,19.873442000061914
4039,0.03618208600005346,36.18208600005346
4040,0.021407757999895694,21.407757999895694
4041,0.020700739000176327,20.700739000176327
4042,0.02001351499984594,20.01351499984594
4043,0.02984359500010214,29.84359500010214
4044,0.027954538999892975,27.954538999892975
4045,0.021203048999950624,21.203048999950624
4046,0.020425084999942555,20.425084999942555
4047,0.027146106000145664,27.146106000145664
4048,0.029179730000123527,29.179730000123527
4049,0.021084464000068692,21.084464000068692
4050,0.020728890999862415,20.728890999862415
4051,0.02943314599997393,29.43314599997393
4052,0.025078531999952247,25.078531999952247
4053,0.021473711999988154,21.473711999988154
4054,0.0204799330001606,20.4799330001606
4055,0.0312636260000545,31.2636260000545
4056,0.025651115000073332,25.651115000073332
4057,0.02075562400000308,20.75562400000308
4058,0.020202398000037647,20.202398000037647
4059,0.026988411000047563,26.988411000047563
4060,0.03083305899986044,30.83305899986044
4061,0.021021462999897267,21.021462999897267
4062,0.02059498399989934,20.59498399989934
4063,0.029332938999914404,29.332938999914404
4064,0.021934726999916165,21.934726999916165
4065,0.02132586600009745,21.32586600009745
4066,0.020675067000183844,20.675067000183844
4067,0.03336900599992987,33.36900599992987
4068,0.02647777499987569,26.47777499987569
4069,0.02120357800004058,21.20357800004058
4070,0.020546533000015188,20.546533000015188
4071,0.03006318799998553,30.06318799998553
4072,0.027778221999824382,27.778221999824382
4073,0.02434558800018749,24.34558800018749
4074,0.02066460800006098,20.66460800006098
4075,0.028931975000205057,28.931975000205057
4076,0.027814404999844555,27.814404999844555
4077,0.02049044000000322,20.49044000000322
4078,0.020264240999949834,20.264240999949834
4079,0.028887829000041165,28.887829000041165
4080,0.021429571999988184,21.429571999988184
4081,0.021181379999916317,21.181379999916317
4082,0.02038137500017001,20.38137500017001
4083,0.030528597000056834,30.528597000056834
4084,0.027308870000069874,27.308870000069874
4085,0.021125214999983655,21.125214999983655
4086,0.020587515999977768,20.587515999977768
4087,0.027380153999956747,27.380153999956747
4088,0.028899977999799376,28.899977999799376
4089,0.0205806300000404,20.5806300000404
4090,0.020030527000017173,20.030527000017173
4091,0.03368691399987256,33.68691399987256
4092,0.020834265000075902,20.834265000075902
4093,0.020871080999995684,20.871080999995684
4094,0.020144168000115314,20.144168000115314
4095,0.04004783499999576,40.04783499999576
4096,0.023678124999833017,23.678124999833017
4097,0.024803065000014612,24.803065000014612
4098,0.02205953500015312,22.05953500015312
4099,0.02662611799996739,26.62611799996739
4100,0.02306353299991315,23.06353299991315
4101,0.02306270700000823,23.06270700000823
4102,0.022247393000043303,22.247393000043303
4103,0.029396056999985376,29.396056999985376
4104,0.027197830999966754,27.197830999966754
4105,0.022550099000000046,22.550099000000046
4106,0.021611171000131435,21.611171000131435
4107,0.027454182999917975,27.454182999917975
4108,0.029010589000108666,29.010589000108666
4109,0.022183072999951037,22.183072999951037
4110,0.02156281400016269,21.56281400016269
4111,0.028951215000006414,28.951215000006414
4112,0.027351909999879354,27.351909999879354
4113,0.022962633999895843,22.962633999895843
4114,0.022281680999867604,22.281680999867604
4115,0.028684232999921733,28.684232999921733
4116,0.027148914000008517,27.148914000008517
4117,0.023018175000061092,23.018175000061092
4118,0.022098714000094333,22.098714000094333
4119,0.028505973000164886,28.505973000164886
4120,0.027424228999961997,27.424228999961997
4121,0.022740763000001607,22.740763000001607
4122,0.02260608799997499,22.60608799997499
4123,0.027893357000039032,27.893357000039032
4124,0.029040248000001156,29.040248000001156
4125,0.022217235999960394,22.217235999960394
4126,0.02237216499997885,22.37216499997885
4127,0.024831982000023345,24.831982000023345
4128,0.03063686000018606,30.63686000018606
4129,0.022872865999943315,22.872865999943315
4130,0.022184867000078157,22.184867000078157
4131,0.02653829499990934,26.53829499990934
4132,0.030166524999913236,30.166524999913236
4133,0.02287357599993811,22.87357599993811
4134,0.022197733999973934,22.197733999973934
4135,0.025852355999859356,25.852355999859356
4136,0.030305926999972144,30.305926999972144
4137,0.022771031999809566,22.771031999809566
4138,0.022141916000009587,22.141916000009587
4139,0.033776221999914924,33.776221999914924
4140,0.03098390699983611,30.98390699983611
4141,0.031875911000042834,31.875911000042834
4142,0.0276914339999621,27.6914339999621
4143,0.04638477900016369,46.38477900016369
4144,0.029185507999955007,29.185507999955007
4145,0.02082932600001186,20.82932600001186
4146,0.020453537000094002,20.453537000094002
4147,0.03627769000013359,36.27769000013359
4148,0.029056728000114163,29.056728000114163
4149,0.02890124200007449,28.90124200007449
4150,0.028201736000028177,28.201736000028177
4151,0.04078398499996183,40.78398499996183
4152,0.020747061000065514,20.747061000065514
4153,0.020317503999876863,20.317503999876863
4154,0.020372015000020838,20.372015000020838
4155,0.02603286599992316,26.03286599992316
4156,0.03287396199993964,32.87396199993964
4157,0.021253098999977738,21.253098999977738
4158,0.02213595099988197,22.13595099988197
4159,0.035393079999948895,35.393079999948895
4160,0.02179101299998365,21.79101299998365
4161,0.02168564199996581,21.68564199996581
4162,0.020109965000074226,20.109965000074226
4163,0.033402359999854525,33.402359999854525
4164,0.026358936999940852,26.358936999940852
4165,0.021332490000077087,21.332490000077087
4166,0.019863650000161215,19.863650000161215
4167,0.029938288000039393,29.938288000039393
4168,0.02695351500005927,26.95351500005927
4169,0.020551562000036938,20.551562000036938
4170,0.01984359199991559,19.84359199991559
4171,0.02856371100006072,28.56371100006072
4172,0.023595334999981787,23.595334999981787
4173,0.024252617999991344,24.252617999991344
4174,0.020505905999925744,20.505905999925744
4175,0.03549076600006629,35.49076600006629
4176,0.02228402500008997,22.28402500008997
4177,0.02152045000002545,21.52045000002545
4178,0.02035283600002913,20.35283600002913
4179,0.033024488999899404,33.024488999899404
4180,0.027418578000151683,27.418578000151683
4181,0.02149065599996902,21.49065599996902
4182,0.019897684999932608,19.897684999932608
4183,0.029541729000129635,29.541729000129635
4184,0.027107899999919027,27.107899999919027
4185,0.02056778300016049,20.56778300016049
4186,0.019857718000139357,19.857718000139357
4187,0.04012012999987746,40.12012999987746
4188,0.02339463699991029,23.39463699991029
4189,0.022888279999961014,22.888279999961014
4190,0.022341339999911725,22.341339999911725
4191,0.03481336200002261,34.81336200002261
4192,0.027506670999855487,27.506670999855487
4193,0.023533348999990267,23.533348999990267
4194,0.02226954899992961,22.26954899992961
4195,0.03500378399985493,35.00378399985493
4196,0.024060646999942037,24.060646999942037
4197,0.023156438000114576,23.156438000114576
4198,0.022287900999799604,22.287900999799604
4199,0.03164864700011094,31.64864700011094
4200,0.02312913699984165,23.12913699984165
4201,0.022927165000055538,22.92716500005554
4202,0.022309729999960837,22.309729999960837
4203,0.030064352999943367,30.064352999943367
4204,0.02593994299991209,25.93994299991209
4205,0.022358816999940245,22.358816999940245
4206,0.02205933200002619,22.05933200002619
4207,0.0340840510000362,34.0840510000362
4208,0.0376560709999012,37.6560709999012
4209,0.02365174300007311,23.65174300007311
4210,0.02288184500002899,22.88184500002899
4211,0.030748503000040728,30.748503000040728
4212,0.02741345000004003,27.41345000004003
4213,0.022984850000057122,22.984850000057122
4214,0.021723598999869864,21.723598999869864
4215,0.029365568000002895,29.365568000002895
4216,0.027488262999895596,27.488262999895596
4217,0.022694055000101798,22.694055000101798
4218,0.02164751000009346,21.64751000009346
4219,0.029303385000048365,29.303385000048365
4220,0.02769931800003178,27.69931800003178
4221,0.02302305700004581,23.02305700004581
4222,0.02245354799993038,22.45354799993038
4223,0.02920005700002548,29.20005700002548
4224,0.028318730000137293,28.318730000137293
4225,0.022641510999847014,22.641510999847014
4226,0.02169262699999308,21.69262699999308
4227,0.028861933999905887,28.861933999905887
4228,0.027309862000038265,27.309862000038265
4229,0.02239845899998727,22.39845899998727
4230,0.021926247000010335,21.926247000010335
4231,0.028610154000034527,28.610154000034527
4232,0.028288393000138967,28.288393000138967
4233,0.02297082300015063,22.97082300015063
4234,0.022305152999933853,22.305152999933853
4235,0.028971312000066973,28.971312000066973
4236,0.02842672500014487,28.42672500014487
4237,0.023219209999979284,23.219209999979284
4238,0.022148026000195387,22.148026000195387
4239,0.028387083999859897,28.387083999859897
4240,0.028123901000071783,28.123901000071783
4241,0.02264808799986895,22.64808799986895
4242,0.021776836999833904,21.776836999833904
4243,0.029045644000007087,29.045644000007087
4244,0.02857525500007796,28.57525500007796
4245,0.022991478999983883,22.991478999983883
4246,0.022303269000076398,22.303269000076398
4247,0.028572265000093466,28.572265000093466
4248,0.029652730999941923,29.652730999941923
4249,0.022733744999868577,22.733744999868577
4250,0.021471056000109456,21.471056000109456
4251,0.028498152000111077,28.498152000111077
4252,0.028223334999893268,28.223334999893268
4253,0.022454382999967493,22.454382999967493
4254,0.021689854999976887,21.689854999976887
4255,0.027771428000050946,27.771428000050946
4256,0.02974027400000523,29.74027400000523
4257,0.02239075799980128,22.39075799980128
4258,0.022862793999820497,22.862793999820497
4259,0.030558342000176708,30.558342000176708
4260,0.02832722600010129,28.32722600010129
4261,0.023208073999967382,23.208073999967382
4262,0.022453235000057248,22.453235000057248
4263,0.028885518999913984,28.885518999913984
4264,0.029496226999981445,29.496226999981445
4265,0.024143525999988924,24.143525999988924
4266,0.025087536999990334,25.087536999990334
4267,0.03452904200003104,34.52904200003104
4268,0.023440918000005695,23.440918000005695
4269,0.0229383879998295,22.9383879998295
4270,0.024001282999961404,24.001282999961404
4271,0.02761055399992074,27.61055399992074
4272,0.022978176999913558,22.978176999913558
4273,0.02707653099992058,27.07653099992058
4274,0.02166658600003757,21.66658600003757
4275,0.027537645999927918,27.537645999927918
4276,0.025010354999949413,25.010354999949413
4277,0.022379319000037867,22.379319000037867
4278,0.022158421000085582,22.158421000085582
4279,0.029026036999994176,29.026036999994176
4280,0.027800866999996288,27.800866999996288
4281,0.023023762000093484,23.023762000093484
4282,0.02238257799990606,22.38257799990606
4283,0.03135565699994913,31.355656999949133
4284,0.027932787000054304,27.932787000054304
4285,0.023107600000003004,23.107600000003004
4286,0.02230232200008686,22.30232200008686
4287,0.02951008400009414,29.51008400009414
4288,0.02782354500004658,27.82354500004658
4289,0.02295331300001635,22.95331300001635
4290,0.0219013939999968,21.9013939999968
4291,0.030778651999980866,30.778651999980866
4292,0.027801183000065066,27.801183000065066
4293,0.023173269000153596,23.173269000153596
4294,0.02233099700015373,22.33099700015373
4295,0.030112672999848655,30.112672999848655
4296,0.02730614000006426,27.30614000006426
4297,0.02256413499981136,22.56413499981136
4298,0.021769462000065687,21.769462000065687
4299,0.032813302000022304,32.813302000022304
4300,0.028016888999900402,28.016888999900402
4301,0.023043452999900182,23.043452999900182
4302,0.023353795000048194,23.353795000048194
4303,0.04537767800002257,45.37767800002257
4304,0.02575328900002205,25.75328900002205
4305,0.026083940000035,26.083940000035
4306,0.02166845200008538,21.66845200008538
4307,0.0337292259998776,33.7292259998776
4308,0.02356812500011074,23.56812500011074
4309,0.022989036999888413,22.989036999888413
4310,0.022579646999929537,22.579646999929537
4311,0.030824531999996907,30.824531999996907
4312,0.02240162899988718,22.40162899988718
4313,0.022184019999940574,22.184019999940574
4314,0.021395496999957686,21.395496999957686
4315,0.030556429999933243,30.556429999933243
4316,0.027688909000062267,27.688909000062267
4317,0.022987490000105026,22.987490000105026
4318,0.022041933999844332,22.041933999844332
4319,0.03266868000014256,32.66868000014256
4320,0.023457526999891343,23.457526999891343
4321,0.02219463699998414,22.19463699998414
4322,0.02141592399993897,21.41592399993897
4323,0.028000232999829677,28.000232999829677
4324,0.027786632000015743,27.786632000015743
4325,0.022225338999987798,22.225338999987798
4326,0.021789072000046872,21.789072000046872
4327,0.03494075300000077,34.94075300000077
4328,0.027317398000150206,27.317398000150206
4329,0.023142327000186924,23.142327000186924
4330,0.022213147999991634,22.213147999991634
4331,0.03410707500006538,34.10707500006538
4332,0.023102961000176947,23.102961000176947
4333,0.023027405999982875,23.027405999982875
4334,0.022044877999860546,22.044877999860546
4335,0.034573994999846036,34.573994999846036
4336,0.02273576199991112,22.73576199991112
4337,0.02270335699995485,22.70335699995485
4338,0.022029040000006717,22.029040000006717
4339,0.02710664000005636,27.10664000005636
4340,0.02717046000020673,27.17046000020673
4341,0.02242963300000156,22.42963300000156
4342,0.021388581000110207,21.388581000110207
4343,0.03391747000000578,33.91747000000578
4344,0.026763628000026074,26.763628000026074
4345,0.022863720000032117,22.863720000032117
4346,0.022751931000129844,22.751931000129844
4347,0.031504342000062024,31.504342000062024
4348,0.0244851549998657,24.4851549998657
4349,0.023302708999835886,23.302708999835886
4350,0.02205794299993613,22.05794299993613
4351,0.030248802999949476,30.248802999949476
4352,0.033199348999914946,33.199348999914946
4353,0.02277993500001685,22.77993500001685
4354,0.022070659999826603,22.070659999826603
4355,0.026658567999902516,26.658567999902516
4356,0.02354692300013994,23.54692300013994
4357,0.0220185829998627,22.0185829998627
4358,0.021516497999982676,21.516497999982676
4359,0.02746670700003051,27.46670700003051
4360,0.027686839000125474,27.686839000125474
4361,0.02279758800000309,22.79758800000309
4362,0.022062796000000162,22.062796000000162
4363,0.035531670999944254,35.531670999944254
4364,0.027083449999963705,27.083449999963705
4365,0.02305182099985359,23.05182099985359
4366,0.022051386000157436,22.051386000157436
4367,0.029192754999940007,29.192754999940007
4368,0.027392760000111593,27.392760000111593
4369,0.022466127000143388,22.466127000143388
4370,0.02139902199996868,21.39902199996868
4371,0.032438967999951274,32.438967999951274
4372,0.028728012999863495,28.728012999863495
4373,0.022973065000087445,22.973065000087445
4374,0.02267662500003098,22.67662500003098
4375,0.02942091500017341,29.42091500017341
4376,0.028251745000034134,28.251745000034134
4377,0.031468107999899075,31.468107999899075
4378,0.02059352299988859,20.59352299988859
4379,0.03167970399999831,31.67970399999831
4380,0.029525206000016624,29.525206000016624
4381,0.020868718999963676,20.868718999963676
4382,0.019794176999994306,19.794176999994306
4383,0.027243447999808268,27.243447999808268
4384,0.02956800399988424,29.56800399988424
4385,0.0212728659998902,21.2728659998902
4386,0.02048392300002888,20.48392300002888
4387,0.035993897000025754,35.993897000025754
4388,0.021465439000166953,21.465439000166953
4389,0.02119091200006551,21.19091200006551
4390,0.020360516999971878,20.36051699997188
4391,0.032361381000100664,32.361381000100664
4392,0.026767753999820343,26.767753999820343
4393,0.021341718000030596,21.341718000030596
4394,0.02018963800014717,20.18963800014717
4395,0.030986410999958025,30.986410999958025
4396,0.026360088000046744,26.360088000046744
4397,0.02059564500018496,20.59564500018496
4398,0.02133880299993507,21.33880299993507
4399,0.02681497899993701,26.81497899993701
4400,0.031878903000006176,31.878903000006176
4401,0.02197575900004267,21.97575900004267
4402,0.020901096999978108,20.901096999978108
4403,0.037342515000091225,37.342515000091225
4404,0.02172250500007067,21.72250500007067
4405,0.021026285000061762,21.026285000061762
4406,0.0236737269999594,23.6737269999594
4407,0.03754600700017363,37.54600700017363
4408,0.021517860999892946,21.517860999892946
4409,0.021347891999994317,21.347891999994317
4410,0.020376800000121875,20.376800000121875
4411,0.03288668499999403,32.88668499999403
4412,0.026264054999955988,26.264054999955988
4413,0.02069831699986935,20.69831699986935
4414,0.020065066999904957,20.065066999904957
4415,0.029436656000143557,29.436656000143557
4416,0.028033727000092767,28.033727000092767
4417,0.020488655000008293,20.488655000008293
4418,0.020148019000089334,20.148019000089334
4419,0.029368523999892204,29.368523999892204
4420,0.021732381999981953,21.732381999981953
4421,0.021377032000145846,21.377032000145846
4422,0.0203493270000763,20.3493270000763
4423,0.03318128199998682,33.18128199998682
4424,0.026445009999861213,26.445009999861213
4425,0.021116698000014367,21.116698000014367
4426,0.02034766499991747,20.34766499991747
4427,0.02848592500004088,28.48592500004088
4428,0.026512014999980238,26.512014999980238
4429,0.02048677199991289,20.48677199991289
4430,0.020137569000098665,20.137569000098665
4431,0.0359079100001054,35.9079100001054
4432,0.021309499999915715,21.309499999915715
4433,0.021051913000064815,21.051913000064815
4434,0.021157523000056244,21.157523000056244
4435,0.03278415599993423,32.78415599993423
4436,0.027178951999985657,27.178951999985657
4437,0.03237464599988016,32.37464599988016
4438,0.029349509999974543,29.349509999974543
4439,0.04109939599993595,41.09939599993595
4440,0.1187808810000206,118.7808810000206
4441,0.02227688100015257,22.27688100015257
4442,0.020051090999913868,20.051090999913868
4443,0.03538587399998505,35.38587399998505
4444,0.021218199000031746,21.218199000031746
4445,0.02126907799993205,21.26907799993205
4446,0.020721885000057227,20.721885000057227
4447,0.03421012800004064,34.21012800004064
4448,0.022541213000067728,22.541213000067728
4449,0.021198768999965978,21.198768999965978
4450,0.02035290999992867,20.35290999992867
4451,0.030239534999964235,30.239534999964235
4452,0.026143698999931075,26.143698999931075
4453,0.020819354999957795,20.819354999957795
4454,0.020121029999927487,20.121029999927487
4455,0.029042706999916845,29.042706999916845
4456,0.021300875999941127,21.300875999941127
4457,0.021082420999846363,21.082420999846363
4458,0.020461763999946925,20.461763999946925
4459,0.03246102599996448,32.46102599996448
4460,0.027561759000036545,27.561759000036545
4461,0.021546183999817003,21.546183999817003
4462,0.020572332000028837,20.572332000028837
4463,0.030585128000211625,30.585128000211625
4464,0.02838395000003402,28.38395000003402
4465,0.020682117999967886,20.682117999967886
4466,0.01987714100005178,19.87714100005178
4467,0.028663835999850562,28.663835999850562
4468,0.02144580100002713,21.44580100002713
4469,0.020449870999982522,20.449870999982522
4470,0.02348218700012694,23.48218700012694
4471,0.03806961699979183,38.06961699979183
4472,0.02146352499994464,21.46352499994464
4473,0.0210530250001284,21.0530250001284
4474,0.020552785000063523,20.552785000063523
4475,0.031949768999993466,31.949768999993466
4476,0.026493114000004425,26.493114000004425
4477,0.021153296999955273,21.153296999955273
4478,0.024002125999913915,24.002125999913915
4479,0.05163272599997981,51.63272599997981
4480,0.02760871500004214,27.60871500004214
4481,0.049241537000170865,49.241537000170865
4482,0.028900389999989784,28.900389999989784
4483,0.05710181700010253,57.10181700010253
4484,0.021992835999981253,21.992835999981253
4485,0.021057812999970338,21.057812999970338
4486,0.020619894999981625,20.619894999981625
4487,0.03206165899996449,32.06165899996449
4488,0.03293981000001622,32.93981000001622
4489,0.0283475390001513,28.3475390001513
4490,0.02822461400000975,28.22461400000975
4491,0.03380188000005546,33.80188000005546
4492,0.021034759999793096,21.034759999793096
4493,0.020554810000021462,20.55481000002146
4494,0.01993745899994792,19.93745899994792
4495,0.028655195000055755,28.655195000055755
4496,0.02782395200006249,27.82395200006249
4497,0.020897692000062307,20.897692000062307
4498,0.020773959000052855,20.773959000052855
4499,0.029490154999848528,29.490154999848528
4500,0.02149392799992711,21.49392799992711
4501,0.026548173000037423,26.548173000037423
4502,0.020595464000052743,20.595464000052743
4503,0.036868520999860266,36.868520999860266
4504,0.021415642000192747,21.415642000192747
4505,0.02151092000008248,21.51092000008248
4506,0.020385450000048877,20.385450000048877
4507,0.03254965600012838,32.54965600012838
4508,0.026057867000190527,26.057867000190527
4509,0.020788717000186807,20.788717000186807
4510,0.019798421999894344,19.798421999894344
4511,0.027648411999962264,27.648411999962264
4512,0.02942833200017958,29.42833200017958
4513,0.0211503130001347,21.1503130001347
4514,0.020995126999878266,20.995126999878266
4515,0.029794339000090986,29.794339000090986
4516,0.022287450999783687,22.287450999783687
4517,0.021054122000123243,21.054122000123243
4518,0.02038136300006954,20.38136300006954
4519,0.03442528499999753,34.42528499999753
4520,0.026510804000054122,26.510804000054122
4521,0.021406873000159976,21.406873000159976
4522,0.020598268999947322,20.598268999947322
4523,0.029858980000199153,29.858980000199153
4524,0.02677486199991108,26.77486199991108
4525,0.020587490000025355,20.587490000025355
4526,0.02036822500008384,20.36822500008384
4527,0.029799817000139228,29.799817000139228
4528,0.0215453250000337,21.5453250000337
4529,0.020960177000006297,20.960177000006297
4530,0.0206258439998237,20.6258439998237
4531,0.03306846600003155,33.06846600003155
4532,0.027143753000018478,27.143753000018478
4533,0.021060983999859673,21.060983999859673
4534,0.02049175299998751,20.49175299998751
4535,0.030713120999962484,30.713120999962484
4536,0.028015761000006023,28.015761000006023
4537,0.02071236200004023,20.71236200004023
4538,0.019821854000156236,19.821854000156236
4539,0.028573821999998472,28.573821999998472
4540,0.020781597999985024,20.781597999985024
4541,0.02084456600005069,20.84456600005069
4542,0.021032371000046624,21.032371000046624
4543,0.030740766999997504,30.740766999997504
4544,0.026952731999926982,26.952731999926982
4545,0.021586907000028077,21.586907000028077
4546,0.029724985000029847,29.724985000029847
4547,0.0397972349999236,39.7972349999236
4548,0.021905928000023778,21.905928000023778
4549,0.02203191200010224,22.03191200010224
4550,0.020791484000028504,20.791484000028504
4551,0.03309434099992359,33.09434099992359
4552,0.021463667000034548,21.463667000034548
4553,0.02116345700005695,21.16345700005695
4554,0.02042177500015896,20.42177500015896
4555,0.030318262000037066,30.318262000037066
4556,0.02664348999996946,26.64348999996946
4557,0.020644703000016307,20.644703000016307
4558,0.019808339000064734,19.808339000064734
4559,0.028528441999924326,28.528441999924326
4560,0.020843437999928938,20.843437999928938
4561,0.02103335799984052,21.03335799984052
4562,0.02033520000009048,20.33520000009048
4563,0.03013324299990927,30.13324299990927
4564,0.028272033000121155,28.272033000121155
4565,0.021459414999981163,21.459414999981163
4566,0.02032935100010036,20.32935100010036
4567,0.030709693000062543,30.709693000062543
4568,0.02748990700001741,27.48990700001741
4569,0.020505503000094905,20.505503000094905
4570,0.02027345700003025,20.27345700003025
4571,0.027559377999978096,27.559377999978096
4572,0.02950559000009889,29.50559000009889
4573,0.021100180000075852,21.100180000075852
4574,0.02051823700003297,20.51823700003297
4575,0.03733263399999487,37.33263399999487
4576,0.0216287729999749,21.6287729999749
4577,0.021264711999947394,21.264711999947394
4578,0.021229760000096576,21.229760000096576
4579,0.03235375899998871,32.35375899998871
4580,0.025689955999951053,25.689955999951053
4581,0.02127614599999106,21.27614599999106
4582,0.020325278999962393,20.325278999962393
4583,0.030603248000034,30.603248000034
4584,0.02647257100011302,26.47257100011302
4585,0.021887915999968754,21.887915999968754
4586,0.020340984000085882,20.340984000085882
4587,0.02571760900013942,25.71760900013942
4588,0.03448157699995136,34.48157699995136
4589,0.021392130999856818,21.392130999856818
4590,0.020572318999938943,20.572318999938943
4591,0.029570875999979762,29.570875999979762
4592,0.02251286999990043,22.51286999990043
4593,0.021052269000165325,21.052269000165325
4594,0.020358088999955726,20.358088999955726
4595,0.033674750000045606,33.674750000045606
4596,0.026784884999869973,26.784884999869973
4597,0.020932593999987148,20.932593999987148
4598,0.01995895400000336,19.95895400000336
4599,0.02718633300014517,27.18633300014517
4600,0.027830908999931125,27.830908999931125
4601,0.0210629749999498,21.0629749999498
4602,0.02043182100010199,20.43182100010199
4603,0.03022060800003601,30.22060800003601
4604,0.021241062999934,21.241062999934
4605,0.024369172000206163,24.369172000206163
4606,0.03040645000010045,30.40645000010045
4607,0.051493837999942116,51.493837999942116
4608,0.022602836000032767,22.602836000032767
4609,0.022127868999859857,22.127868999859857
4610,0.021616866000158552,21.616866000158552
4611,0.024866653000117367,24.866653000117367
4612,0.031146589999934804,31.146589999934804
4613,0.023055826000017987,23.055826000017987
4614,0.022192890000042098,22.192890000042098
4615,0.02552447499988375,25.52447499988375
4616,0.03210068599992155,32.10068599992155
4617,0.02287020899984782,22.87020899984782
4618,0.02211494500011213,22.11494500011213
4619,0.02524673699986124,25.24673699986124
4620,0.029857742000103826,29.857742000103826
4621,0.022736852999969415,22.736852999969415
4622,0.02238453300014953,22.38453300014953
4623,0.02562260900003821,25.62260900003821
4624,0.029532040000049165,29.532040000049165
4625,0.02276866500005781,22.76866500005781
4626,0.02358550400003878,23.58550400003878
4627,0.04390822300001673,43.90822300001673
4628,0.02275507300009849,22.75507300009849
4629,0.022556076999990182,22.556076999990182
4630,0.02244003700002395,22.44003700002395
4631,0.033642494000105216,33.642494000105216
4632,0.022987886000009894,22.987886000009894
4633,0.02270553299990752,22.70553299990752
4634,0.021536895000053846,21.536895000053846
4635,0.03298483599996871,32.98483599996871
4636,0.023666635999916252,23.666635999916252
4637,0.027684644999908414,27.684644999908414
4638,0.022148091999952157,22.148091999952157
4639,0.025146038999992015,25.146038999992015
4640,0.03223108499992122,32.23108499992122
4641,0.022473306000165394,22.473306000165394
4642,0.022656288999996832,22.656288999996832
4643,0.02548243499995806,25.48243499995806
4644,0.038938070000085645,38.938070000085645
4645,0.024003370000173163,24.003370000173163
4646,0.024108132000037585,24.108132000037585
4647,0.02508981500000118,25.08981500000118
4648,0.03196761599997444,31.96761599997444
4649,0.023408198999959495,23.408198999959495
4650,0.02242475100001684,22.42475100001684
4651,0.03019997699993837,30.19997699993837
4652,0.027077475999931266,27.077475999931266
4653,0.02388994700004332,23.88994700004332
4654,0.022116809999943143,22.116809999943143
4655,0.03191448000006858,31.91448000006858
4656,0.024002857000141375,24.002857000141375
4657,0.023003231000075175,23.003231000075175
4658,0.022256227000070794,22.256227000070794
4659,0.03050846599990109,30.50846599990109
4660,0.026651102999949217,26.651102999949217
4661,0.02235964600004081,22.35964600004081
4662,0.02162944100018649,21.62944100018649
4663,0.028079973000103564,28.079973000103564
4664,0.026965388000007806,26.965388000007806
4665,0.02242672300008053,22.42672300008053
4666,0.021800281999958315,21.800281999958315
4667,0.027934422999805975,27.934422999805975
4668,0.030281502000207183,30.281502000207183
4669,0.02304146800020135,23.04146800020135
4670,0.02727733899996565,27.27733899996565
4671,0.02981386300007216,29.81386300007216
4672,0.028056311000000278,28.056311000000278
4673,0.022411813999951846,22.411813999951846
4674,0.022115973999916605,22.115973999916605
4675,0.030263241999819,30.263241999819
4676,0.02707975299995269,27.07975299995269
4677,0.022353120999923703,22.353120999923703
4678,0.021798711999963416,21.798711999963416
4679,0.029070065000041723,29.070065000041723
4680,0.027669662000107564,27.669662000107564
4681,0.022962749000043914,22.962749000043914
4682,0.02221748400006618,22.21748400006618
4683,0.03050248299996383,30.50248299996383
4684,0.028045721999887974,28.045721999887974
4685,0.022401060999982292,22.401060999982292
4686,0.021928185999968264,21.928185999968264
4687,0.03382876999990003,33.82876999990003
4688,0.026702514000135125,26.702514000135125
4689,0.022487865000130114,22.487865000130114
4690,0.02253010300000824,22.53010300000824
4691,0.029376948999924934,29.376948999924934
4692,0.027417970999977115,27.417970999977115
4693,0.022443770000108998,22.443770000108998
4694,0.021691672000088147,21.691672000088147
4695,0.028825193999864496,28.825193999864496
4696,0.028041495000024952,28.041495000024952
4697,0.023095339000064996,23.095339000064996
4698,0.022287562999963484,22.287562999963484
4699,0.029147208000040337,29.147208000040337
4700,0.02779140699999516,27.79140699999516
4701,0.022516128000006574,22.516128000006574
4702,0.021927462999883574,21.927462999883574
4703,0.02858264499991492,28.58264499991492
4704,0.028382995999891136,28.382995999891136
4705,0.02252979500008223,22.52979500008223
4706,0.02151448899985553,21.51448899985553
4707,0.028800429000057193,28.800429000057193
4708,0.0283460829998603,28.3460829998603
4709,0.023165441999935865,23.165441999935865
4710,0.02234152999994876,22.34152999994876
4711,0.03015538799991191,30.15538799991191
4712,0.02825969300010911,28.25969300010911
4713,0.023024748000125328,23.024748000125328
4714,0.022515337999948315,22.515337999948315
4715,0.029782222999983787,29.782222999983787
4716,0.027429507999841007,27.429507999841007
4717,0.022837566999896808,22.837566999896808
4718,0.026206013000091843,26.206013000091843
4719,0.034689565999997285,34.689565999997285
4720,0.023183298000049035,23.183298000049035
4721,0.02305300900002294,23.05300900002294
4722,0.022655356000086613,22.655356000086613
4723,0.03430429199988794,34.30429199988794
4724,0.023411117000023296,23.411117000023296
4725,0.022869408000133262,22.869408000133262
4726,0.022349194000071293,22.349194000071293
4727,0.02906269400000383,29.06269400000383
4728,0.023339517999829695,23.339517999829695
4729,0.023228193000022657,23.228193000022657
4730,0.02226767199999813,22.26767199999813
4731,0.03296720400021513,32.96720400021513
4732,0.023276361999933215,23.276361999933215
4733,0.023001485999884608,23.001485999884608
4734,0.02243987100018785,22.43987100018785
4735,0.03146615200012093,31.46615200012093
4736,0.0225462509999943,22.5462509999943
4737,0.026580947999946147,26.580947999946147
4738,0.02153556700000081,21.53556700000081
4739,0.03055996300008701,30.55996300008701
4740,0.02291515599995364,22.91515599995364
4741,0.023313465999990513,23.313465999990513
4742,0.02249696900003073,22.49696900003073
4743,0.03222797800003718,32.22797800003718
4744,0.023225509999974747,23.225509999974747
4745,0.022975363000114157,22.975363000114157
4746,0.022334593999858043,22.334593999858043
4747,0.03198879699993995,31.98879699993995
4748,0.023391524000089703,23.391524000089703
4749,0.023425616000167793,23.425616000167793
4750,0.022353817000066556,22.353817000066556
4751,0.03324504799979877,33.24504799979877
4752,0.02320994299998347,23.20994299998347
4753,0.022958327999958783,22.958327999958783
4754,0.022398432000045432,22.398432000045432
4755,0.0366395809999176,36.6395809999176
4756,0.02420853600006012,24.20853600006012
4757,0.022549048999962906,22.549048999962906
4758,0.021577955999873666,21.577955999873666
4759,0.027753083000106926,27.753083000106926
4760,0.0219334070000059,21.9334070000059
4761,0.022266555999976845,22.266555999976845
4762,0.021828730999914114,21.828730999914114
4763,0.03227894300016487,32.27894300016487
4764,0.027536152000038783,27.536152000038783
4765,0.022838009999986753,22.838009999986753
4766,0.022174525999844263,22.174525999844263
4767,0.03063910799983205,30.63910799983205
4768,0.026756015000046318,26.756015000046318
4769,0.02288009299991245,22.88009299991245
4770,0.023354701000016576,23.354701000016576
4771,0.031294679999973596,31.294679999973596
4772,0.02409179899996161,24.09179899996161
4773,0.023393357000031756,23.393357000031756
4774,0.02231839499995658,22.31839499995658
4775,0.037491122999881554,37.491122999881554
4776,0.025030599999809056,25.030599999809056
4777,0.028040326999871468,28.040326999871468
4778,0.022266637000029732,22.266637000029732
4779,0.03443162999997185,34.43162999997185
4780,0.024186204000216094,24.186204000216094
4781,0.02226762600002985,22.26762600002985
4782,0.021568815999899016,21.568815999899016
4783,0.0292049390000102,29.2049390000102
4784,0.02718626800015045,27.18626800015045
4785,0.02234168200016029,22.34168200016029
4786,0.02146175600000788,21.46175600000788
4787,0.02786379099984515,27.86379099984515
4788,0.02803006399994956,28.03006399994956
4789,0.022965736000060133,22.965736000060133
4790,0.022409203999814054,22.409203999814054
4791,0.028454416999920795,28.454416999920795
4792,0.028072424000129104,28.072424000129104
4793,0.02283442299994931,22.83442299994931
4794,0.02150766299996576,21.50766299996576
4795,0.025598794000188718,25.598794000188718
4796,0.02899192299992137,28.99192299992137
4797,0.022334746999831623,22.334746999831623
4798,0.021559886999966693,21.559886999966693
4799,0.025208859000031225,25.208859000031225
4800,0.03210622999995394,32.10622999995394
4801,0.0228272519998427,22.8272519998427
4802,0.022587649999877613,22.587649999877613
4803,0.02603514600014023,26.03514600014023
4804,0.034358440999994855,34.358440999994855
4805,0.023016000000097847,23.016000000097847
4806,0.02150181000001794,21.50181000001794
4807,0.02568121199988127,25.68121199988127
4808,0.029714125999817043,29.714125999817043
4809,0.02293050299999777,22.93050299999777
4810,0.022623679999924207,22.623679999924207
4811,0.025783833000105005,25.783833000105005
4812,0.032468402000176866,32.468402000176866
4813,0.022831394999911936,22.831394999911936
4814,0.022238438999920618,22.238438999920618
4815,0.027893642999970325,27.893642999970325
4816,0.030063896000001478,30.063896000001478
4817,0.022797004000040033,22.797004000040033
4818,0.02230626499999744,22.30626499999744
4819,0.027270539000028293,27.270539000028293
4820,0.0284666830000333,28.4666830000333
4821,0.02317121999999472,23.17121999999472
4822,0.03065567299995564,30.65567299995564
4823,0.026881627999955526,26.881627999955526
4824,0.033625733999997465,33.625733999997465
4825,0.026384487999848716,26.384487999848716
4826,0.022533560999818292,22.53356099981829
4827,0.030915968000044813,30.915968000044813
4828,0.027566987000000154,27.566987000000154
4829,0.024581408000130978,24.581408000130978
4830,0.023703300000079253,23.703300000079253
4831,0.04580814000019018,45.80814000019018
4832,0.022744412000065495,22.744412000065495
4833,0.022808568999835188,22.808568999835188
4834,0.022399155000130122,22.399155000130122
4835,0.029763301000002684,29.763301000002684
4836,0.027054636000002574,27.054636000002574
4837,0.02224652499990043,22.24652499990043
4838,0.021500551999906747,21.500551999906747
4839,0.030138550999936342,30.138550999936342
4840,0.02796218499997849,27.96218499997849
4841,0.022881439999991926,22.881439999991926
4842,0.022127118000071277,22.127118000071277
4843,0.028479005999997753,28.479005999997753
4844,0.02820762799979093,28.20762799979093
4845,0.023084555999957956,23.084555999957956
4846,0.021550516999923275,21.550516999923275
4847,0.02757612799996423,27.57612799996423
4848,0.029440270000122837,29.440270000122837
4849,0.02216371499980596,22.16371499980596
4850,0.022254012000075818,22.254012000075818
4851,0.025270053999975062,25.27005399997506
4852,0.02987374299982548,29.87374299982548
4853,0.023040767999873424,23.040767999873424
4854,0.02205225700004121,22.05225700004121
4855,0.03103281199992125,31.03281199992125
4856,0.028583912999920358,28.583912999920358
4857,0.023280653000028906,23.280653000028906
4858,0.021984085000212872,21.984085000212872
4859,0.027509292999866375,27.509292999866375
4860,0.03006299100002252,30.06299100002252
4861,0.022365876999856482,22.365876999856482
4862,0.021497075000070254,21.497075000070254
4863,0.025929756999858,25.929756999858
4864,0.02891852200014,28.91852200014
4865,0.022919898000054673,22.919898000054673
4866,0.02219541400017988,22.19541400017988
4867,0.025838646000011067,25.838646000011067
4868,0.029576576999943427,29.576576999943427
4869,0.02285282200000438,22.85282200000438
4870,0.022245175000080053,22.245175000080053
4871,0.030803677999983847,30.803677999983847
4872,0.027847727000107625,27.847727000107625
4873,0.022358940999993138,22.358940999993138
4874,0.02160433400013062,21.60433400013062
4875,0.03565207199994802,35.65207199994802
4876,0.026923968999881254,26.923968999881254
4877,0.022315014000014344,22.315014000014344
4878,0.02164098399998693,21.64098399998693
4879,0.03194807899990337,31.948078999903373
4880,0.027846054000065124,27.846054000065124
4881,0.022908555999947566,22.908555999947566
4882,0.022134420999918802,22.134420999918802
4883,0.030317124000021067,30.317124000021067
4884,0.028078505999928893,28.078505999928893
4885,0.022994357000015953,22.994357000015953
4886,0.02217343899997104,22.17343899997104
4887,0.0355746210000234,35.5746210000234
4888,0.02631612999994104,26.31612999994104
4889,0.022524957000086943,22.524957000086943
4890,0.022293564999927185,22.293564999927185
4891,0.02508115099999486,25.08115099999486
4892,0.03450421499996992,34.50421499996992
4893,0.022965792999912082,22.965792999912082
4894,0.02220299099985823,22.20299099985823
4895,0.026513024999985646,26.513024999985646
4896,0.029694013000153063,29.694013000153063
4897,0.023115524999866466,23.115524999866466
4898,0.022095784999919488,22.095784999919488
4899,0.03583097699993232,35.83097699993232
4900,0.027006712000002153,27.006712000002153
4901,0.027232053000034284,27.232053000034284
4902,0.021661761999894225,21.661761999894225
4903,0.03378648800003248,33.78648800003248
4904,0.022486808999929053,22.486808999929053
4905,0.022830696000028183,22.830696000028183
4906,0.02155639199986581,21.55639199986581
4907,0.030265323999856264,30.265323999856264
4908,0.027417282999977033,27.417282999977033
4909,0.023228065000012066,23.228065000012066
4910,0.02335317799997938,23.35317799997938
4911,0.03144375800002308,31.44375800002308
4912,0.025099221999880683,25.099221999880683
4913,0.0229159969999273,22.9159969999273
4914,0.022483682000029148,22.483682000029148
4915,0.032626644000174565,32.626644000174565
4916,0.023173828999915713,23.173828999915713
4917,0.02289563099998304,22.89563099998304
4918,0.022163979999959338,22.163979999959338
4919,0.02903143399998953,29.03143399998953
4920,0.026814849999936996,26.814849999936996
4921,0.0224106660000416,22.4106660000416
4922,0.021713720999969155,21.713720999969155
4923,0.02981558499982384,29.81558499982384
4924,0.027606686999888552,27.606686999888552
4925,0.0236432239998976,23.6432239998976
4926,0.022518654000123206,22.518654000123206
4927,0.029798737999954028,29.798737999954028
4928,0.0276869459999034,27.6869459999034
4929,0.022648286000048756,22.648286000048756
4930,0.021632085999954143,21.632085999954143
4931,0.02819458899989513,28.19458899989513
4932,0.027077942999994775,27.077942999994775
4933,0.022762532000115243,22.762532000115243
4934,0.02164319600001363,21.64319600001363
4935,0.029256787999884182,29.25678799988418
4936,0.028502855999931853,28.502855999931853
4937,0.022853288999840515,22.853288999840515
4938,0.022098473000141894,22.098473000141894
4939,0.02851233600017622,28.51233600017622
4940,0.03030713599991941,30.30713599991941
4941,0.022876136000149927,22.876136000149927
4942,0.0214664789998551,21.4664789998551
4943,0.027004701999885583,27.004701999885583
4944,0.029780419999951846,29.780419999951846
4945,0.027289396000014676,27.289396000014676
4946,0.024420241999905556,24.420241999905556
4947,0.03379879799990704,33.79879799990704
4948,0.022861086999910185,22.861086999910185
4949,0.022862444999873333,22.862444999873333
4950,0.022185537000041222,22.185537000041222
4951,0.030495924999968338,30.495924999968338
4952,0.027485363999858237,27.485363999858237
4953,0.023047805999794946,23.047805999794946
4954,0.022185915000136447,22.185915000136447
4955,0.02938965999987886,29.38965999987886
4956,0.027373549999992974,27.373549999992974
4957,0.022182495999913954,22.182495999913954
4958,0.021387366999988444,21.387366999988444
4959,0.027672351999854072,27.672351999854072
4960,0.027941377999923134,27.941377999923134
4961,0.022883460000002742,22.883460000002742
4962,0.022169330999986414,22.169330999986414
4963,0.028601349000155096,28.601349000155096
4964,0.027924366999968697,27.924366999968697
4965,0.02280891899999915,22.80891899999915
4966,0.021578936999958387,21.578936999958387
4967,0.02554447599982268,25.54447599982268
4968,0.03413041099997827,34.13041099997827
4969,0.022909639999852516,22.909639999852516
4970,0.022180780999860872,22.180780999860872
4971,0.028526269999929355,28.526269999929355
4972,0.02742386699992494,27.42386699992494
4973,0.023191297000039413,23.191297000039413
4974,0.02180184000008012,21.80184000008012
4975,0.028020419000085894,28.020419000085894
4976,0.02765592000014294,27.65592000014294
4977,0.022524947999954748,22.524947999954748
4978,0.021571582999968086,21.571582999968086
4979,0.025551618000008602,25.551618000008602
4980,0.029358449000028486,29.358449000028486
4981,0.023407828000017616,23.407828000017616
4982,0.022050921999834827,22.050921999834827
4983,0.02576168499990672,25.76168499990672
4984,0.029971418000059202,29.971418000059202
4985,0.02342675600016264,23.42675600016264
4986,0.023372652000034577,23.372652000034577
4987,0.04745714399996359,47.45714399996359
4988,0.02343527399989398,23.43527399989398
4989,0.026592273999995086,26.592273999995086
4990,0.022686294000095586,22.686294000095586
4991,0.03350774599994111,33.50774599994111
4992,0.02731147300005432,27.31147300005432
4993,0.023527091000005385,23.527091000005385
4994,0.022317784000051688,22.317784000051688
4995,0.029772694000030242,29.772694000030242
4996,0.027731727999935174,27.731727999935174
4997,0.022968290000108027,22.968290000108027
4998,0.022229962999972486,22.229962999972486
4999,0.028891734000126235,28.891734000126235
5000,0.02761325200003739,27.61325200003739
5001,0.027006864999975733,27.006864999975733
5002,0.021751448999793865,21.751448999793865
5003,0.029431171999931394,29.431171999931394
5004,0.026803992999930415,26.803992999930415
5005,0.02220656899999085,22.20656899999085
5006,0.021571924999989278,21.571924999989278
5007,0.02790414200012492,27.90414200012492
5008,0.027908537999792316,27.908537999792316
5009,0.022901027999978396,22.901027999978396
5010,0.02223830499997348,22.23830499997348
5011,0.028466428999990967,28.466428999990967
5012,0.02847530300005019,28.47530300005019
5013,0.0229803530000936,22.9803530000936
5014,0.022071869999990668,22.071869999990668
5015,0.026993057000026965,26.993057000026965
5016,0.029568577000191,29.568577000191
5017,0.022250041000006604,22.250041000006604
5018,0.021541726000123163,21.541726000123163
5019,0.025176979999969262,25.176979999969262
5020,0.02998309000008703,29.98309000008703
5021,0.022990347000131806,22.990347000131806
5022,0.02225793699994938,22.25793699994938
5023,0.025930398999889803,25.930398999889803
5024,0.029890524000165897,29.890524000165897
5025,0.022950463000142918,22.950463000142918
5026,0.022479203000102643,22.479203000102643
5027,0.02580243700003848,25.80243700003848
5028,0.03063797100003285,30.63797100003285
5029,0.022927721999849382,22.927721999849382
5030,0.02212051399988013,22.12051399988013
5031,0.031562563000079535,31.562563000079535
5032,0.027830330000142567,27.830330000142567
5033,0.02287238500002786,22.87238500002786
5034,0.024561970999911864,24.561970999911864
5035,0.03023591300006956,30.23591300006956
5036,0.027601579000020138,27.601579000020138
5037,0.022724782000068444,22.724782000068444
5038,0.02147653099996205,21.47653099996205
5039,0.027976910000006683,27.976910000006683
5040,0.027949361000082718,27.949361000082718
5041,0.02218598700005714,22.18598700005714
5042,0.02165201899993008,21.65201899993008
5043,0.025887535000038042,25.887535000038042
5044,0.029950166999924477,29.950166999924477
5045,0.023250340000004144,23.250340000004144
5046,0.02216951299988068,22.16951299988068
5047,0.027901176999876043,27.901176999876043
5048,0.029184004999933677,29.184004999933677
5049,0.02318299500007015,23.18299500007015
5050,0.022159656999974686,22.159656999974686
5051,0.028685680000080538,28.685680000080538
5052,0.028745500000013635,28.745500000013635
5053,0.022835273000055167,22.835273000055167
5054,0.022241891000021496,22.241891000021496
5055,0.027861954999934824,27.861954999934824
5056,0.02946286700012024,29.46286700012024
5057,0.022513656000000992,22.513656000000992
5058,0.024830944999848725,24.830944999848725
5059,0.030443804000015007,30.443804000015007
5060,0.02888337100011995,28.88337100011995
5061,0.022916219000080673,22.916219000080673
5062,0.0224749740000334,22.4749740000334
5063,0.029730900000004112,29.730900000004112
5064,0.027491521999991164,27.491521999991164
5065,0.022885997000003044,22.885997000003044
5066,0.0213697740000498,21.3697740000498
5067,0.02798699899994972,27.98699899994972
5068,0.029578274999948917,29.578274999948917
5069,0.02244714399989789,22.44714399989789
5070,0.02180973899999117,21.80973899999117
5071,0.02897043100006158,28.97043100006158
5072,0.027480861999947592,27.480861999947592
5073,0.02287361999992754,22.87361999992754
5074,0.022147669999867503,22.147669999867503
5075,0.028977402000009533,28.977402000009533
5076,0.028155406999985644,28.155406999985644
5077,0.022999256000048263,22.999256000048263
5078,0.02161664999994173,21.61664999994173
5079,0.029083907000085674,29.083907000085674
5080,0.026795496999966417,26.795496999966417
5081,0.022919476999959443,22.919476999959443
5082,0.022216225999954986,22.216225999954986
5083,0.027995572000008906,27.995572000008906
5084,0.03009973500002161,30.09973500002161
5085,0.022958328000186157,22.958328000186157
5086,0.02222245699999803,22.22245699999803
5087,0.0375849570000355,37.5849570000355
5088,0.024617787999886787,24.617787999886787
5089,0.023064315000056013,23.064315000056013
5090,0.022573042999965764,22.573042999965764
5091,0.04000141699998494,40.00141699998494
5092,0.022465359999841894,22.465359999841894
5093,0.02236571499997808,22.36571499997808
5094,0.021609915999988516,21.609915999988516
5095,0.03995961800001169,39.95961800001169
5096,0.02328965300011987,23.28965300011987
5097,0.022598290000132693,22.598290000132693
5098,0.021736522000082914,21.736522000082914
5099,0.030274830000053043,30.274830000053043
5100,0.030511055000033593,30.511055000033593
5101,0.023144812000055026,23.144812000055026
5102,0.02233759499995358,22.33759499995358
5103,0.03795028499985165,37.95028499985165
5104,0.023153246999982002,23.153246999982002
5105,0.02340469899991149,23.40469899991149
5106,0.02231812400009403,22.31812400009403
5107,0.029765209000061077,29.765209000061077
5108,0.02428609499997947,24.28609499997947
5109,0.022665048999897408,22.665048999897408
5110,0.02184215099987341,21.84215099987341
5111,0.125959549000072,125.959549000072
5112,0.051618624999946405,51.618624999946405
5113,0.025396944000021904,25.396944000021904
5114,0.022373914999889166,22.373914999889166
5115,0.03640777999999045,36.40777999999045
5116,0.022980601000199385,22.980601000199385
5117,0.022841977000098268,22.841977000098268
5118,0.02167028499980006,21.67028499980006
5119,0.03443017500012502,34.43017500012502
5120,0.022605366000107097,22.605366000107097
5121,0.022272385999940525,22.272385999940525
5122,0.02155655999990813,21.55655999990813
5123,0.02822627599994121,28.22627599994121
5124,0.025661127999910605,25.661127999910605
5125,0.022949303999894255,22.949303999894255
5126,0.022880282999949486,22.880282999949486
5127,0.030070945000034044,30.070945000034044
5128,0.02712915500001145,27.12915500001145
5129,0.023732193999876472,23.732193999876472
5130,0.022070263999921735,22.070263999921735
5131,0.02966427400019711,29.66427400019711
5132,0.026902011999936803,26.902011999936803
5133,0.02245277699989856,22.45277699989856
5134,0.021426058000088233,21.426058000088233
5135,0.02846702099986942,28.46702099986942
5136,0.027129022000053737,27.129022000053737
5137,0.022839674000124432,22.839674000124432
5138,0.02274739699987549,22.74739699987549
5139,0.028691176999927848,28.691176999927848
5140,0.027856572000018787,27.856572000018787
5141,0.023059949000071356,23.059949000071356
5142,0.021771411999907286,21.771411999907286
5143,0.02879440800006705,28.79440800006705
5144,0.02669258300011279,26.69258300011279
5145,0.022228154000003997,22.228154000003997
5146,0.022012851999988925,22.012851999988925
5147,0.02579276699998445,25.79276699998445
5148,0.03132803200014678,31.328032000146777
5149,0.02337160699994456,23.37160699994456
5150,0.02273025099998449,22.73025099998449
5151,0.037149986000031276,37.14998600003128
5152,0.02315778100000898,23.15778100000898
5153,0.02265382700011287,22.65382700011287
5154,0.021787544000062553,21.787544000062553
5155,0.02829339999993863,28.29339999993863
5156,0.028542633999904865,28.542633999904865
5157,0.024712187999966773,24.712187999966773
5158,0.02471248699998796,24.71248699998796
5159,0.07011742600002435,70.11742600002435
5160,0.02585153000018181,25.85153000018181
5161,0.0298806240000431,29.8806240000431
5162,0.025448194999853513,25.448194999853513
5163,0.0431257509999341,43.1257509999341
5164,0.02270680500009803,22.70680500009803
5165,0.0246871409999585,24.6871409999585
5166,0.02343010399999912,23.43010399999912
5167,0.04541831500000626,45.41831500000626
5168,0.02330709900002148,23.30709900002148
5169,0.02285219300006247,22.85219300006247
5170,0.02225887800000237,22.25887800000237
5171,0.03637058699996487,36.37058699996487
5172,0.028078612999934194,28.078612999934194
5173,0.02293843100005688,22.93843100005688
5174,0.021642595000002984,21.642595000002984
5175,0.035490682000045126,35.490682000045126
5176,0.023230876000070566,23.230876000070566
5177,0.022452085999930205,22.452085999930205
5178,0.021877270999993925,21.877270999993925
5179,0.03201611000008597,32.01611000008597
5180,0.025432558999909816,25.432558999909816
5181,0.023002999000027557,23.002999000027557
5182,0.0222584299999653,22.2584299999653
5183,0.03061086200000318,30.61086200000318
5184,0.026634866999984297,26.634866999984297
5185,0.023192855999923268,23.192855999923268
5186,0.022305813000002672,22.305813000002672
5187,0.03243472799999836,32.43472799999836
5188,0.02231263399994532,22.31263399994532
5189,0.02260877700018682,22.60877700018682
5190,0.021749537000005148,21.749537000005148
5191,0.03142426600015824,31.42426600015824
5192,0.02913672299996506,29.13672299996506
5193,0.027951370999971914,27.951370999971914
5194,0.02218037300008291,22.18037300008291
5195,0.03841093300002285,38.41093300002285
5196,0.022803314000157116,22.803314000157116
5197,0.0246260290000464,24.6260290000464
5198,0.02162351100014348,21.62351100014348
5199,0.02922842199996012,29.22842199996012
5200,0.02702174000000923,27.02174000000923
5201,0.022336076000101457,22.336076000101457
5202,0.021596834999854764,21.596834999854764
5203,0.02638804399998662,26.38804399998662
5204,0.029198370000131035,29.198370000131035
5205,0.0229114539999955,22.9114539999955
5206,0.022819671999968705,22.819671999968705
5207,0.0293297570001414,29.3297570001414
5208,0.028074334999928396,28.074334999928396
5209,0.023705367999809823,23.705367999809823
5210,0.022149011000010432,22.149011000010432
5211,0.02822159900006227,28.22159900006227
5212,0.02731003700000656,27.31003700000656
5213,0.02231333800000357,22.31333800000357
5214,0.021608116000152222,21.608116000152222
5215,0.02525009200007844,25.25009200007844
5216,0.031057034000014028,31.057034000014028
5217,0.0229251360001399,22.9251360001399
5218,0.022388208000165832,22.388208000165832
5219,0.028646796999964863,28.646796999964863
5220,0.028837674999977025,28.837674999977025
5221,0.024783886000022903,24.783886000022903
5222,0.02576242099985393,25.76242099985393
5223,0.03883689700001014,38.83689700001014
5224,0.02334029600001486,23.34029600001486
5225,0.022880472999986523,22.880472999986523
5226,0.02188248799984649,21.88248799984649
5227,0.026895254000010027,26.895254000010027
5228,0.02666643800012025,26.66643800012025
5229,0.022303763999843795,22.303763999843795
5230,0.021615310000015597,21.615310000015597
5231,0.028388238999923487,28.388238999923487
5232,0.028176190000067436,28.176190000067436
5233,0.022940926000046602,22.940926000046602
5234,0.022328443999867886,22.328443999867886
5235,0.02931331400009185,29.31331400009185
5236,0.0281609109999863,28.1609109999863
5237,0.022854093999967517,22.854093999967517
5238,0.02240192199997182,22.40192199997182
5239,0.040811168000118414,40.811168000118414
5240,0.022808297999972638,22.808297999972638
5241,0.02227584399997795,22.27584399997795
5242,0.021543294000139213,21.543294000139213
5243,0.02839845299990884,28.39845299990884
5244,0.026471203000028254,26.471203000028254
5245,0.022411648000115747,22.411648000115747
5246,0.021688406999828658,21.688406999828658
5247,0.028429435000134617,28.429435000134617
5248,0.02807288500002869,28.07288500002869
5249,0.022948419000158538,22.948419000158538
5250,0.022105221999936475,22.105221999936475
5251,0.030117659000097774,30.117659000097774
5252,0.028361619999941468,28.361619999941468
5253,0.022886000999960743,22.886000999960743
5254,0.021785391999856074,21.785391999856074
5255,0.029835557000069457,29.835557000069457
5256,0.02767186800019772,27.67186800019772
5257,0.022431368999832557,22.431368999832557
5258,0.021801520000053642,21.801520000053642
5259,0.02825573999984954,28.25573999984954
5260,0.029352369999969596,29.352369999969596
5261,0.022807414999988396,22.807414999988396
5262,0.022292087000096217,22.292087000096217
5263,0.02938998000013271,29.38998000013271
5264,0.02778977599996324,27.78977599996324
5265,0.022934326000040528,22.934326000040528
5266,0.021767153999917355,21.767153999917355
5267,0.028067442999827108,28.067442999827108
5268,0.027577104999863877,27.577104999863877
5269,0.022382557000128145,22.382557000128145
5270,0.021646037999971668,21.646037999971668
5271,0.02514782200000809,25.14782200000809
5272,0.031041594000043915,31.041594000043915
5273,0.023038367000026483,23.038367000026483
5274,0.022457691999989038,22.457691999989038
5275,0.029512129999829995,29.512129999829995
5276,0.02845305499999995,28.45305499999995
5277,0.023695299000110026,23.695299000110026
5278,0.022274641999956657,22.274641999956657
5279,0.029265439000027982,29.265439000027982
5280,0.030835549000130413,30.835549000130413
5281,0.02533627399998295,25.33627399998295
5282,0.02249804000007316,22.49804000007316
5283,0.03023652799993215,30.23652799993215
5284,0.025129756000069392,25.129756000069392
5285,0.022765237000157867,22.765237000157867
5286,0.021784907999972347,21.784907999972347
5287,0.03059488799999599,30.59488799999599
5288,0.027118768000036653,27.118768000036653
5289,0.022439002000055552,22.439002000055552
5290,0.021744037999951615,21.744037999951615
5291,0.030956303000039043,30.956303000039043
5292,0.028050702999962596,28.050702999962596
5293,0.024534651000067242,24.534651000067242
5294,0.023377174999950512,23.377174999950512
5295,0.03834654299998874,38.34654299998874
5296,0.022925678000092375,22.925678000092375
5297,0.022987443000147323,22.987443000147323
5298,0.02243493000014496,22.43493000014496
5299,0.026385531000187257,26.385531000187257
5300,0.030341358999976364,30.341358999976364
5301,0.023180885999863676,23.180885999863676
5302,0.022293682999816156,22.293682999816156
5303,0.026414030000069033,26.414030000069033
5304,0.030249164999986533,30.249164999986533
5305,0.0229523989999052,22.9523989999052
5306,0.021864566999965973,21.864566999965973
5307,0.025304233999804637,25.304233999804637
5308,0.03415362199984884,34.15362199984884
5309,0.022337763999985327,22.337763999985327
5310,0.021588789999896107,21.588789999896107
5311,0.028856528999995135,28.856528999995135
5312,0.02956874999995307,29.56874999995307
5313,0.02351363200000378,23.51363200000378
5314,0.024057289999973364,24.057289999973364
5315,0.029745620000085182,29.745620000085182
5316,0.02865507000001344,28.65507000001344
5317,0.023835571000063283,23.835571000063283
5318,0.023287877000029766,23.287877000029766
5319,0.02606754699991143,26.06754699991143
5320,0.051125398000067435,51.125398000067435
5321,0.028631382000185113,28.631382000185113
5322,0.04233784199982438,42.33784199982438
5323,0.047560062999991715,47.560062999991715
5324,0.02654142899996259,26.54142899996259
5325,0.028391024999791625,28.391024999791625
5326,0.030411268999841923,30.411268999841923
5327,0.05805359999999382,58.05359999999382
5328,0.024462869999979375,24.462869999979375
5329,0.028310701999998855,28.310701999998855
5330,0.026561653000044316,26.561653000044316
5331,0.0310037670001293,31.0037670001293
5332,0.022379354000122476,22.379354000122476
5333,0.021914752999919074,21.914752999919074
5334,0.02537875600000916,25.37875600000916
5335,0.027889060999996218,27.889060999996218
5336,0.024876279999944018,24.876279999944018
5337,0.02431866599999921,24.31866599999921
5338,0.029740084999957617,29.740084999957617
5339,0.02915123399998265,29.15123399998265
5340,0.02253509699994538,22.53509699994538
5341,0.02352185399990958,23.52185399990958
5342,0.029388253999968583,29.388253999968583
5343,0.028522643000087555,28.522643000087555
5344,0.02284424399999807,22.84424399999807
5345,0.02269857799979036,22.69857799979036
5346,0.028498001000116346,28.498001000116346
5347,0.028227331999914895,28.227331999914895
5348,0.022294210999916686,22.294210999916686
5349,0.022138429000051474,22.138429000051474
5350,0.02779587800000627,27.79587800000627
5351,0.02784800099993845,27.84800099993845
5352,0.02270358300006592,22.70358300006592
5353,0.021978083000021797,21.978083000021797
5354,0.027991022000151133,27.991022000151133
5355,0.030195275999858495,30.195275999858495
5356,0.02310775000000831,23.10775000000831
5357,0.022545573000115837,22.545573000115837
5358,0.03017922300000464,30.17922300000464
5359,0.028280012000095667,28.280012000095667
5360,0.0226239070000247,22.6239070000247
5361,0.021954018999849723,21.954018999849723
5362,0.027813127999934295,27.813127999934295
5363,0.02738381400013168,27.38381400013168
5364,0.022012365000136924,22.012365000136924
5365,0.022072964000017237,22.072964000017237
5366,0.026051106000068103,26.051106000068103
5367,0.03084599699991486,30.84599699991486
5368,0.02265014600016002,22.65014600016002
5369,0.022571415999891542,22.571415999891542
5370,0.02770927100004883,27.70927100004883
5371,0.030454572999815355,30.454572999815355
5372,0.02314504799983297,23.14504799983297
5373,0.02213721499992971,22.13721499992971
5374,0.02788550800005396,27.88550800005396
5375,0.029682394000019485,29.682394000019485
5376,0.02197880299991084,21.97880299991084
5377,0.022000558999934583,22.000558999934583
5378,0.02509939299989128,25.09939299989128
5379,0.03148197300015454,31.48197300015454
5380,0.022828015999948548,22.828015999948548
5381,0.02257851399986066,22.57851399986066
5382,0.02833779999991748,28.33779999991748
5383,0.029885571000022537,29.885571000022537
5384,0.022744435000049634,22.744435000049634
5385,0.022599758000069414,22.599758000069414
5386,0.02838009099991723,28.38009099991723
5387,0.03166972600001827,31.669726000018272
5388,0.029685767999808377,29.685767999808377
5389,0.02344450199984749,23.44450199984749
5390,0.03774186300006477,37.74186300006477
5391,0.028833436000013535,28.833436000013535
5392,0.022576821000029668,22.576821000029668
5393,0.022031951999906596,22.031951999906596
5394,0.027204317999803607,27.204317999803607
5395,0.02713347300004898,27.13347300004898
5396,0.022105246999899464,22.105246999899464
5397,0.026209932000028857,26.209932000028857
5398,0.02763560699986556,27.63560699986556
5399,0.027958601999898747,27.958601999898747
5400,0.022955569000032483,22.955569000032483
5401,0.022452379000014844,22.452379000014844
5402,0.028053572000089844,28.053572000089844
5403,0.027497070999970674,27.497070999970674
5404,0.0228951250001046,22.8951250001046
5405,0.022627021000062086,22.627021000062086
5406,0.027659159999984695,27.659159999984695
5407,0.029416494000088278,29.416494000088278
5408,0.022433633999980884,22.433633999980884
5409,0.022011281999994026,22.011281999994026
5410,0.024640422000175022,24.640422000175022
5411,0.030228245999978753,30.228245999978753
5412,0.022491955000077724,22.491955000077724
5413,0.022487148999971396,22.487148999971396
5414,0.02505875500014554,25.05875500014554
5415,0.029737080999893806,29.737080999893806
5416,0.022317905000136307,22.317905000136307
5417,0.022453205000147136,22.453205000147136
5418,0.025180520000049,25.180520000049
5419,0.03112617500005399,31.12617500005399
5420,0.022487902999955622,22.487902999955622
5421,0.02438777499992284,24.38777499992284
5422,0.02598585800001274,25.98585800001274
5423,0.031099634999918635,31.099634999918635
5424,0.028573203999940233,28.573203999940233
5425,0.025150191999955496,25.150191999955496
5426,0.053397342999915054,53.397342999915054
5427,0.02648082400014573,26.48082400014573
5428,0.022494225999935225,22.494225999935225
5429,0.023935194000159754,23.935194000159754
5430,0.05878546999997525,58.78546999997525
