image_index,forward_latency_seconds,forward_latency_ms
0,0.030163361999711924,30.163361999711924
1,0.029334662000110256,29.334662000110256
2,0.02248120200010817,22.48120200010817
3,0.021551796000039758,21.551796000039758
4,0.026307867000014085,26.307867000014085
5,0.031435855999916384,31.435855999916384
6,0.022615227000187588,22.615227000187588
7,0.021513863000109268,21.513863000109268
8,0.027038886999889655,27.038886999889655
9,0.02588317299978371,25.88317299978371
10,0.022526786000071297,22.526786000071297
11,0.021547376999933476,21.547376999933476
12,0.028426615000171296,28.426615000171296
13,0.02748352700018586,27.48352700018586
14,0.02266393900026742,22.66393900026742
15,0.02128406600013477,21.28406600013477
16,0.026361011000062717,26.361011000062717
17,0.02947102799998902,29.47102799998902
18,0.022743324000202847,22.743324000202847
19,0.0215310479998152,21.5310479998152
20,0.027150016000177857,27.150016000177857
21,0.0253359480002473,25.3359480002473
22,0.022728614999778074,22.728614999778074
23,0.021285412999986875,21.285412999986875
24,0.028338149999854068,28.338149999854068
25,0.02762590700012879,27.62590700012879
26,0.024203314000260434,24.203314000260434
27,0.02139322599987281,21.39322599987281
28,0.02763848400036295,27.63848400036295
29,0.028394969999681052,28.394969999681052
30,0.0223072060002778,22.3072060002778
31,0.021312998000212247,21.312998000212247
32,0.025983221999922534,25.983221999922534
33,0.03646702000014557,36.46702000014557
34,0.025115057000220986,25.115057000220986
35,0.024927159000071697,24.927159000071697
36,0.04044313999975202,40.44313999975202
37,0.02283725000006598,22.83725000006598
38,0.022915183999884903,22.915183999884903
39,0.021671851000064635,21.671851000064635
40,0.027459139000256982,27.459139000256982
41,0.03226009799982421,32.26009799982421
42,0.024479805000282795,24.479805000282795
43,0.02425912699982291,24.25912699982291
44,0.028514748999896256,28.514748999896256
45,0.022175753000283294,22.175753000283294
46,0.022841381000034744,22.841381000034744
47,0.021472034999987955,21.472034999987955
48,0.032562547999987146,32.562547999987146
49,0.02729611399990972,27.29611399990972
50,0.02251811500036638,22.51811500036638
51,0.021933282999725634,21.933282999725634
52,0.03194146199984971,31.941461999849707
53,0.03343304399959379,33.43304399959379
54,0.02555849999998827,25.55849999998827
55,0.02287671699968996,22.87671699968996
56,0.040387284999724216,40.387284999724216
57,0.02237333099992611,22.37333099992611
58,0.02299989099992672,22.99989099992672
59,0.021722918000250502,21.722918000250502
60,0.025759249000202544,25.759249000202544
61,0.03090439699963099,30.90439699963099
62,0.022412932999941404,22.412932999941404
63,0.021600551000119594,21.600551000119594
64,0.026069474999985687,26.069474999985687
65,0.03419230700001208,34.19230700001208
66,0.024334131000159687,24.334131000159687
67,0.02297306100035712,22.97306100035712
68,0.028013396999995166,28.013396999995166
69,0.029767612000341614,29.767612000341614
70,0.022459580000031565,22.459580000031565
71,0.021556669999881706,21.556669999881706
72,0.026005640999755997,26.005640999755997
73,0.02980891300012445,29.80891300012445
74,0.022382839000329113,22.382839000329113
75,0.021677286999874923,21.677286999874923
76,0.02726961999997002,27.26961999997002
77,0.02564348699979746,25.64348699979746
78,0.02260625400003846,22.60625400003846
79,0.022033635999832768,22.033635999832768
80,0.02312578000010035,23.12578000010035
81,0.031538811000245914,31.538811000245914
82,0.023123567999846273,23.123567999846273
83,0.022187724999639613,22.187724999639613
84,0.027358330999959435,27.358330999959435
85,0.028427474000181974,28.427474000181974
86,0.02341398799990202,23.41398799990202
87,0.02152522999995199,21.52522999995199
88,0.025832429000274715,25.832429000274715
89,0.03053198700035864,30.53198700035864
90,0.024482439000166778,24.482439000166778
91,0.021504296000330214,21.504296000330214
92,0.027721455000119022,27.721455000119022
93,0.02236451399994621,22.36451399994621
94,0.0225868120000996,22.5868120000996
95,0.021521171999665967,21.521171999665967
96,0.03185072599990235,31.85072599990235
97,0.027654361000259087,27.654361000259087
98,0.022580187000130536,22.580187000130536
99,0.021319631000096706,21.319631000096706
100,0.028941234999820153,28.941234999820153
101,0.033379750000221975,33.379750000221975
102,0.026507705000312853,26.507705000312853
103,0.02181328400001803,21.81328400001803
104,0.04146446799995829,41.46446799995829
105,0.02322377900009087,23.22377900009087
106,0.022932486000172503,22.932486000172503
107,0.021885043000111182,21.88504300011118
108,0.04064994700001989,40.64994700001989
109,0.023716616000001522,23.716616000001522
110,0.02239037300023483,22.39037300023483
111,0.021510154999759834,21.510154999759834
112,0.032842640000126266,32.842640000126266
113,0.0276372469998023,27.6372469998023
114,0.02253330100029416,22.53330100029416
115,0.021477153999967413,21.477153999967413
116,0.0302998510001089,30.2998510001089
117,0.02740255899971089,27.40255899971089
118,0.023030841000036162,23.030841000036162
119,0.02159685000015088,21.59685000015088
120,0.03109975500001383,31.09975500001383
121,0.02781470600029934,27.81470600029934
122,0.022487029999865626,22.487029999865626
123,0.021489711999947758,21.489711999947758
124,0.03211352700009229,32.11352700009229
125,0.0273569480000333,27.3569480000333
126,0.022869356999763113,22.869356999763113
127,0.025253759999941394,25.253759999941394
128,0.033634592999987944,33.634592999987944
129,0.027118000999962533,27.118000999962533
130,0.022761097000056907,22.761097000056907
131,0.02200377400004072,22.00377400004072
132,0.03292619300009392,32.92619300009392
133,0.028289644999858865,28.289644999858865
134,0.02258280299975013,22.58280299975013
135,0.02109487400002763,21.09487400002763
136,0.030631342000106088,30.631342000106088
137,0.027621241999895574,27.621241999895574
138,0.02278091999960452,22.78091999960452
139,0.021473078000326495,21.473078000326495
140,0.033301875999768527,33.30187599976853
141,0.028065946999959124,28.065946999959124
142,0.02335480000010648,23.35480000010648
143,0.022120702999927744,22.120702999927744
144,0.031467308000173944,31.467308000173944
145,0.028149034999842115,28.149034999842115
146,0.023791150999841193,23.791150999841193
147,0.023025362999760546,23.025362999760546
148,0.03742206200013243,37.42206200013243
149,0.023819633000130125,23.819633000130125
150,0.02355814200018358,23.55814200018358
151,0.02253854299988234,22.53854299988234
152,0.029069548999814288,29.069548999814288
153,0.023642964999908145,23.642964999908145
154,0.024223999000241747,24.223999000241747
155,0.022525905999827955,22.525905999827955
156,0.037413879000268935,37.413879000268935
157,0.02382561100012026,23.82561100012026
158,0.024179027000172937,24.179027000172937
159,0.023138013000334468,23.138013000334468
160,0.036890879000111454,36.890879000111454
161,0.02922122199970545,29.22122199970545
162,0.024329512999884173,24.329512999884173
163,0.022986619000221253,22.986619000221253
164,0.032508609000160504,32.508609000160504
165,0.023304629999984172,23.304629999984172
166,0.02383073200007857,23.83073200007857
167,0.02328502699992896,23.28502699992896
168,0.037089365999690926,37.089365999690926
169,0.025105200999860244,25.105200999860244
170,0.024311946000125317,24.311946000125317
171,0.02323530000012397,23.23530000012397
172,0.03394714199976079,33.94714199976079
173,0.029285298000104376,29.285298000104376
174,0.024359193999771378,24.359193999771378
175,0.02264863599975797,22.64863599975797
176,0.030372238000381913,30.372238000381913
177,0.027978199000244786,27.978199000244786
178,0.023661867000100756,23.661867000100756
179,0.02250919600010093,22.50919600010093
180,0.031076592999852437,31.076592999852437
181,0.02764447800018388,27.64447800018388
182,0.024252571999568318,24.252571999568318
183,0.022965484999986074,22.965484999986074
184,0.03443441400031588,34.43441400031588
185,0.024054011000316677,24.054011000316677
186,0.024127043000135018,24.127043000135018
187,0.023153840999839304,23.153840999839304
188,0.027404002999901422,27.404002999901422
189,0.03063865000012811,30.63865000012811
190,0.02424937299974772,24.24937299974772
191,0.023083004000000074,23.083004000000074
192,0.032467915000324865,32.467915000324865
193,0.03087808300006145,30.87808300006145
194,0.025146827999833476,25.146827999833476
195,0.025787606999983836,25.787606999983836
196,0.044248387000152434,44.248387000152434
197,0.028594993999831786,28.594993999831786
198,0.02421661900007166,24.21661900007166
199,0.02314542700014499,23.14542700014499
200,0.0273114629999327,27.3114629999327
201,0.030414952000228368,30.414952000228368
202,0.024363410000205477,24.363410000205477
203,0.023243396999987453,23.243396999987453
204,0.030556882999917434,30.556882999917434
205,0.028404023999883066,28.404023999883066
206,0.02380425399996966,23.80425399996966
207,0.02254421799989359,22.54421799989359
208,0.028973354999834555,28.973354999834555
209,0.028172697000172775,28.172697000172775
210,0.023661416999857465,23.661416999857465
211,0.02312208700004703,23.12208700004703
212,0.031355369000266364,31.355369000266364
213,0.028807295999740745,28.807295999740745
214,0.024274697999771888,24.274697999771888
215,0.02317201000005298,23.17201000005298
216,0.03308178299994324,33.08178299994324
217,0.024263897000309953,24.263897000309953
218,0.02408990999992966,24.08990999992966
219,0.02313279000009061,23.13279000009061
220,0.02871007900012046,28.71007900012046
221,0.023612910999872838,23.612910999872838
222,0.025253678999888507,25.253678999888507
223,0.023718775000361347,23.718775000361347
224,0.03837453400001323,38.37453400001323
225,0.029326702999696863,29.326702999696863
226,0.024451337999835232,24.451337999835232
227,0.023264036999989912,23.264036999989912
228,0.03200440000000526,32.00440000000526
229,0.026169000000209053,26.169000000209053
230,0.024265773000024637,24.265773000024637
231,0.02336191799986409,23.36191799986409
232,0.02783606899993174,27.83606899993174
233,0.02718629500031966,27.18629500031966
234,0.023743395000110468,23.743395000110468
235,0.022731953999937105,22.731953999937105
236,0.03077591199962626,30.77591199962626
237,0.02699624400020184,26.99624400020184
238,0.02424275099974693,24.24275099974693
239,0.023118302000057156,23.118302000057156
240,0.03945873300017411,39.45873300017411
241,0.024173845999939658,24.173845999939658
242,0.02373593299989807,23.73593299989807
243,0.02241512300042814,22.41512300042814
244,0.030325942000217765,30.325942000217765
245,0.028841292000379326,28.841292000379326
246,0.023668424999868876,23.668424999868876
247,0.022443383000336325,22.443383000336325
248,0.02940944900001341,29.40944900001341
249,0.02877627099996971,28.77627099996971
250,0.024258844000087265,24.258844000087265
251,0.023076499000126205,23.076499000126205
252,0.030791982000209828,30.791982000209828
253,0.029769556999781344,29.769556999781344
254,0.02424136699983137,24.24136699983137
255,0.022780188000069757,22.780188000069757
256,0.031116637000195624,31.116637000195624
257,0.0232898069998555,23.2898069998555
258,0.0255446999999549,25.5446999999549
259,0.022627829000157362,22.627829000157362
260,0.03575989499995558,35.75989499995558
261,0.024068472999715596,24.068472999715596
262,0.024169877000076667,24.169877000076667
263,0.02305656499993347,23.05656499993347
264,0.028377223999996204,28.377223999996204
265,0.03010131700011698,30.10131700011698
266,0.024349011000140308,24.349011000140308
267,0.026819181000064418,26.819181000064418
268,0.043457082999793784,43.45708299979378
269,0.02367863200015563,23.67863200015563
270,0.02406178599994746,24.06178599994746
271,0.022499083999719005,22.499083999719005
272,0.029440863000218087,29.440863000218087
273,0.029504707000342023,29.504707000342023
274,0.02422877899971354,24.22877899971354
275,0.023213464000036765,23.213464000036765
276,0.030868196000028547,30.868196000028547
277,0.02874504600004002,28.74504600004002
278,0.023939122000228963,23.939122000228963
279,0.022473842999716,22.473842999716
280,0.030612985999596276,30.612985999596276
281,0.02772293299994999,27.72293299994999
282,0.023744958999941446,23.744958999941446
283,0.02254165100021055,22.54165100021055
284,0.038187173000096664,38.187173000096664
285,0.024185718999888195,24.185718999888195
286,0.024745172999701026,24.745172999701026
287,0.023342837000200234,23.342837000200234
288,0.032376586999816936,32.376586999816936
289,0.028811053000026732,28.81105300002673
290,0.024306441999669914,24.306441999669914
291,0.02314711700000771,23.14711700000771
292,0.03184868800008189,31.848688000081893
293,0.02823132200001055,28.23132200001055
294,0.02383279700006824,23.83279700006824
295,0.022573518000172044,22.573518000172044
296,0.032299985000008746,32.299985000008746
297,0.024786571999811713,24.786571999811713
298,0.024264351999590872,24.264351999590872
299,0.023340517999713484,23.340517999713484
300,0.027935949000038818,27.935949000038818
301,0.02379578800037052,23.79578800037052
302,0.024179540000204724,24.179540000204724
303,0.023248009999861097,23.248009999861097
304,0.02882106200013368,28.82106200013368
305,0.0260627449997628,26.0627449997628
306,0.024340680000022985,24.340680000022985
307,0.02250957100022788,22.50957100022788
308,0.028938324000137072,28.938324000137072
309,0.02598328100020808,25.98328100020808
310,0.023799500999757583,23.799500999757583
311,0.02253053300000829,22.53053300000829
312,0.03180630899987591,31.80630899987591
313,0.025865785000405594,25.865785000405594
314,0.02436876299998403,24.36876299998403
315,0.023378929999580578,23.378929999580578
316,0.02823657400040247,28.23657400040247
317,0.02399159700007658,23.99159700007658
318,0.024351444000330957,24.351444000330957
319,0.02322114699973099,23.22114699973099
320,0.0356373950003217,35.6373950003217
321,0.025783703999877616,25.783703999877616
322,0.024360515999887866,24.360515999887866
323,0.022918403999938164,22.918403999938164
324,0.13211804000002303,132.11804000002303
325,0.040254449999792996,40.254449999792996
326,0.023515618999681465,23.515618999681465
327,0.022494920000099228,22.494920000099228
328,0.03907575499988525,39.07575499988525
329,0.02257926199990834,22.57926199990834
330,0.022669865999887406,22.669865999887406
331,0.021634341000208224,21.634341000208224
332,0.03401828200003365,34.01828200003365
333,0.029080633999910788,29.080633999910788
334,0.022853877999750694,22.853877999750694
335,0.021675802000117983,21.675802000117983
336,0.03392427200014936,33.92427200014936
337,0.02714727300008235,27.14727300008235
338,0.022344320000229345,22.344320000229345
339,0.020826897000006284,20.826897000006284
340,0.03470136900023135,34.70136900023135
341,0.027492406999954255,27.492406999954255
342,0.022091765999903146,22.091765999903146
343,0.021185152999805723,21.185152999805723
344,0.036426306999601366,36.426306999601366
345,0.02845554399982575,28.45554399982575
346,0.02265386799990665,22.65386799990665
347,0.021401401999810332,21.401401999810332
348,0.03362817700008236,33.62817700008236
349,0.025525070000185224,25.525070000185224
350,0.026283616999990045,26.283616999990045
351,0.02109376800035534,21.09376800035534
352,0.03799073700020017,37.99073700020017
353,0.022831566000149905,22.831566000149905
354,0.02230920400006653,22.30920400006653
355,0.020789457999853767,20.789457999853767
356,0.03994242899989331,39.94242899989331
357,0.023299905999920156,23.299905999920156
358,0.022577340999760054,22.577340999760054
359,0.021349868000015704,21.349868000015704
360,0.03259998700013966,32.59998700013966
361,0.023269752000032895,23.269752000032895
362,0.022877600999891,22.877600999891
363,0.02157238600011624,21.57238600011624
364,0.03284779400019033,32.84779400019033
365,0.03559111199956533,35.59111199956533
366,0.02675142299995059,26.75142299995059
367,0.030018422000011924,30.018422000011924
368,0.04240942099977474,42.40942099977474
369,0.025823134999882313,25.823134999882313
370,0.02360141700000895,23.60141700000895
371,0.02385920000006081,23.85920000006081
372,0.04537958399987474,45.37958399987474
373,0.02510379599971202,25.10379599971202
374,0.026441429999977117,26.441429999977117
375,0.025639376000071934,25.639376000071934
376,0.038157139000304596,38.157139000304596
377,0.023804680000012013,23.804680000012013
378,0.02415362900001128,24.15362900001128
379,0.022710325000389275,22.710325000389275
380,0.030875517999902513,30.875517999902513
381,0.027982382000118378,27.982382000118378
382,0.023980033000043477,23.980033000043477
383,0.02289802299992516,22.89802299992516
384,0.026982013000178995,26.982013000178995
385,0.04014162400017085,40.14162400017085
386,0.02684428000020489,26.84428000020489
387,0.023259461000179726,23.259461000179726
388,0.0322277230002328,32.2277230002328
389,0.026587994000237813,26.587994000237813
390,0.0238573230003567,23.8573230003567
391,0.022751330000119196,22.751330000119196
392,0.03447708199973931,34.47708199973931
393,0.02422069200019905,24.22069200019905
394,0.024366887000269344,24.366887000269344
395,0.023712717999842425,23.712717999842425
396,0.027303417999974045,27.303417999974045
397,0.03791563599997971,37.91563599997971
398,0.024987501999930828,24.987501999930828
399,0.02588925800000652,25.88925800000652
400,0.04552666399968075,45.52666399968075
401,0.025215395000032004,25.215395000032004
402,0.02435934699997233,24.35934699997233
403,0.023316940999848157,23.316940999848157
404,0.040544096999838075,40.544096999838075
405,0.024500437999904534,24.500437999904534
406,0.023684626999965985,23.684626999965985
407,0.023104202000013174,23.104202000013174
408,0.033414799999718525,33.414799999718525
409,0.02475879299981898,24.75879299981898
410,0.02369165099980819,23.69165099980819
411,0.022592476999761857,22.592476999761857
412,0.033221056000002136,33.221056000002136
413,0.027110269999866432,27.110269999866432
414,0.025747261999640614,25.747261999640614
415,0.023272492000160128,23.272492000160128
416,0.03223433399989517,32.23433399989517
417,0.029049320000012813,29.049320000012813
418,0.026209920999917813,26.209920999917813
419,0.023288046999823564,23.288046999823564
420,0.0366446090001773,36.6446090001773
421,0.02394757000001846,23.94757000001846
422,0.024310191000040504,24.310191000040504
423,0.023215727000206243,23.215727000206243
424,0.029762854000182415,29.762854000182415
425,0.028953559000001405,28.953559000001405
426,0.02382678699996177,23.82678699996177
427,0.023147412999605876,23.147412999605876
428,0.0519578260000344,51.9578260000344
429,0.02389301399989563,23.89301399989563
430,0.0247906019999391,24.7906019999391
431,0.02286201400011123,22.86201400011123
432,0.030417521999879682,30.417521999879682
433,0.028635779999603983,28.635779999603983
434,0.023959137000019837,23.959137000019837
435,0.02289909199998874,22.89909199998874
436,0.032971928999813827,32.97192899981383
437,0.02424824300032924,24.24824300032924
438,0.024472751999837783,24.472751999837783
439,0.02318712799979039,23.18712799979039
440,0.027413222000177484,27.413222000177484
441,0.031141724999997678,31.141724999997678
442,0.024362728000141942,24.362728000141942
443,0.022513256999900477,22.513256999900477
444,0.03077912800017657,30.77912800017657
445,0.028494657000010193,28.494657000010193
446,0.024332560999937414,24.332560999937414
447,0.023455311999896367,23.455311999896367
448,0.031395562999932736,31.395562999932736
449,0.02876809899998989,28.76809899998989
450,0.02436746300008963,24.36746300008963
451,0.03504131199997573,35.04131199997573
452,0.03189655000005587,31.896550000055868
453,0.02872397800001636,28.72397800001636
454,0.02471566399981384,24.71566399981384
455,0.02323052900010225,23.23052900010225
456,0.036385624000104144,36.385624000104144
457,0.024079483000150503,24.079483000150503
458,0.024279383000248345,24.279383000248345
459,0.022858976000406983,22.858976000406983
460,0.0290925019999122,29.0925019999122
461,0.02898267399996257,28.98267399996257
462,0.023849187999985588,23.84918799998559
463,0.022819694000190793,22.819694000190793
464,0.029154915000162873,29.154915000162873
465,0.028843626000252698,28.843626000252698
466,0.023920347000057518,23.920347000057518
467,0.022620085000198742,22.620085000198742
468,0.029435268000270298,29.435268000270298
469,0.029272685999785608,29.272685999785608
470,0.024349379000341287,24.349379000341287
471,0.02326836700012791,23.26836700012791
472,0.030951314000049024,30.951314000049024
473,0.028418796000096336,28.418796000096336
474,0.023885497000264877,23.885497000264877
475,0.022602177999942796,22.602177999942796
476,0.037082958000155486,37.082958000155486
477,0.023735130000204663,23.735130000204663
478,0.023690328000157024,23.690328000157024
479,0.022598295999614493,22.598295999614493
480,0.02688712500003021,26.88712500003021
481,0.030989151000085258,30.989151000085258
482,0.02422404499975528,24.22404499975528
483,0.023330445000283362,23.330445000283362
484,0.03005503399981535,30.05503399981535
485,0.029087542000070243,29.087542000070243
486,0.024051666000104888,24.051666000104888
487,0.02282824600024469,22.82824600024469
488,0.030807377000201086,30.807377000201086
489,0.02835887699984596,28.35887699984596
490,0.023963585999808856,23.963585999808856
491,0.022663010000087525,22.663010000087525
492,0.03065786900015155,30.65786900015155
493,0.028169911000077263,28.169911000077263
494,0.023933945999942807,23.933945999942807
495,0.022641220999958023,22.641220999958023
496,0.03801964200010843,38.01964200010843
497,0.026256934000230103,26.256934000230103
498,0.024239553999905183,24.239553999905183
499,0.02356086600002527,23.56086600002527
500,0.03460706799978652,34.60706799978652
501,0.028378553000038664,28.378553000038664
502,0.02358014399987951,23.58014399987951
503,0.02261226699965846,22.61226699965846
504,0.032767231999969226,32.767231999969226
505,0.025091885000165348,25.091885000165348
506,0.024143976000232215,24.143976000232215
507,0.02253347500027303,22.53347500027303
508,0.0377023660003033,37.7023660003033
509,0.024309212999924057,24.309212999924057
510,0.024211740999817266,24.211740999817266
511,0.02306813199993485,23.06813199993485
512,0.03234710299966537,32.34710299966537
513,0.0296701409997695,29.6701409997695
514,0.023595399999976507,23.595399999976507
515,0.022611734999827604,22.611734999827604
516,0.03503307799974209,35.03307799974209
517,0.02650506400004815,26.50506400004815
518,0.02445682199959265,24.45682199959265
519,0.024319972000284906,24.319972000284906
520,0.049266833000274346,49.266833000274346
521,0.02501735199984978,25.01735199984978
522,0.02388347199985219,23.88347199985219
523,0.023238369999944553,23.238369999944553
524,0.04271873700008655,42.71873700008655
525,0.024801050000405667,24.801050000405667
526,0.02352370600010545,23.52370600010545
527,0.02266313900008754,22.66313900008754
528,0.03223518499999045,32.23518499999045
529,0.025605578000067908,25.605578000067908
530,0.023779734000072494,23.779734000072494
531,0.023285091999696306,23.285091999696306
532,0.038922991000163165,38.922991000163165
533,0.024075080000329763,24.075080000329763
534,0.024341422999896167,24.341422999896167
535,0.023219276999952854,23.219276999952854
536,0.030722439999863127,30.722439999863127
537,0.02903580099973624,29.03580099973624
538,0.024509403000138263,24.509403000138263
539,0.022526753999954963,22.526753999954963
540,0.036754453999947145,36.754453999947145
541,0.02482459100019696,24.82459100019696
542,0.02378514699967127,23.78514699967127
543,0.02263841100011632,22.63841100011632
544,0.03594823299999916,35.94823299999916
545,0.024693159999969794,24.693159999969794
546,0.025673865000044316,25.673865000044316
547,0.02567055400004392,25.67055400004392
548,0.03504218799980663,35.04218799980663
549,0.029178556999795546,29.178556999795546
550,0.02510752899979707,25.10752899979707
551,0.024014385000100447,24.014385000100447
552,0.02825008899981185,28.25008899981185
553,0.02316381900027409,23.16381900027409
554,0.023773342000367848,23.773342000367848
555,0.022790901999997004,22.790901999997004
556,0.028843024999787303,28.843024999787303
557,0.027924291000090307,27.924291000090307
558,0.024643018999995547,24.643018999995547
559,0.023249021000083303,23.249021000083303
560,0.028556951999689772,28.556951999689772
561,0.032432626000172604,32.432626000172604
562,0.023733755000193923,23.733755000193923
563,0.022622002999924007,22.622002999924007
564,0.03000769299978856,30.00769299978856
565,0.02890050499991048,28.90050499991048
566,0.023956052999892563,23.956052999892563
567,0.0225788080001621,22.5788080001621
568,0.02994099899979119,29.94099899979119
569,0.02956315099982021,29.56315099982021
570,0.02448762500034718,24.48762500034718
571,0.02322994899986952,23.22994899986952
572,0.03763146199980838,37.63146199980838
573,0.02369921699983024,23.69921699983024
574,0.02375533699978405,23.75533699978405
575,0.022568330000012793,22.568330000012793
576,0.02771376800001235,27.71376800001235
577,0.025569636999989598,25.569636999989598
578,0.024161695999737276,24.161695999737276
579,0.022568204999970476,22.568204999970476
580,0.03210690200012323,32.10690200012323
581,0.026036600000225008,26.036600000225008
582,0.024365627999941353,24.365627999941353
583,0.02316218999976627,23.16218999976627
584,0.02875555800028451,28.75555800028451
585,0.024404038000284345,24.404038000284345
586,0.024387679000028584,24.387679000028584
587,0.02262070999995558,22.62070999995558
588,0.029381988999830355,29.381988999830355
589,0.023368576999928337,23.368576999928337
590,0.023744570999951975,23.744570999951975
591,0.023175117999926442,23.175117999926442
592,0.04646401399986644,46.46401399986644
593,0.02435699299985572,24.35699299985572
594,0.024146326999925805,24.146326999925805
595,0.02386413900012485,23.86413900012485
596,0.03266676700013704,32.66676700013704
597,0.02436555500025861,24.36555500025861
598,0.02434111100001246,24.34111100001246
599,0.022960669999974925,22.960669999974925
600,0.02807564700015064,28.07564700015064
601,0.023037948999899527,23.037948999899527
602,0.023618685000201367,23.618685000201367
603,0.02276581800015265,22.76581800015265
604,0.03166598600000725,31.66598600000725
605,0.02907656900015354,29.07656900015354
606,0.023709682000117027,23.709682000117027
607,0.022460536999915348,22.460536999915348
608,0.027401126000313525,27.401126000313525
609,0.024203936000048998,24.203936000048998
610,0.024251117999938288,24.251117999938288
611,0.023671378000017285,23.671378000017285
612,0.029608700999688153,29.608700999688153
613,0.032509504000245215,32.509504000245215
614,0.023987832000329945,23.987832000329945
615,0.022445818000051077,22.445818000051077
616,0.029131657999641902,29.131657999641902
617,0.028032854000230145,28.032854000230145
618,0.02373994399977164,23.73994399977164
619,0.022441221000008227,22.441221000008227
620,0.029198027000347793,29.198027000347793
621,0.028389051999965886,28.389051999965886
622,0.023656263000248146,23.656263000248146
623,0.022574962999897252,22.574962999897252
624,0.029630975000145554,29.630975000145554
625,0.029503052000109165,29.503052000109165
626,0.024294680999901175,24.294680999901175
627,0.02310303500007649,23.10303500007649
628,0.033750919999874895,33.750919999874895
629,0.023402672999964125,23.402672999964125
630,0.023596304999955464,23.596304999955464
631,0.022984406999967177,22.984406999967177
632,0.026560858999800985,26.560858999800985
633,0.03362843199965937,33.62843199965937
634,0.024338944999726664,24.338944999726664
635,0.02321386799985703,23.21386799985703
636,0.027684831999977177,27.684831999977177
637,0.0281152640000073,28.1152640000073
638,0.025405503999991197,25.405503999991197
639,0.0231698059997143,23.1698059997143
640,0.03255871400006072,32.55871400006072
641,0.02902395399996749,29.02395399996749
642,0.023651100000279257,23.651100000279257
643,0.022466089999852557,22.466089999852557
644,0.029661885000223265,29.661885000223265
645,0.028105875000164815,28.105875000164815
646,0.023588762000144925,23.588762000144925
647,0.022508722999646125,22.508722999646125
648,0.02967832400008774,29.67832400008774
649,0.027888900000107242,27.888900000107242
650,0.02377701099976548,23.77701099976548
651,0.02310323800020342,23.10323800020342
652,0.025844402000075206,25.844402000075206
653,0.03534509200017055,35.34509200017055
654,0.024435981000351603,24.435981000351603
655,0.023202049000246916,23.202049000246916
656,0.028656573000262142,28.656573000262142
657,0.02328233000025648,23.28233000025648
658,0.023613884000042162,23.613884000042162
659,0.022554917999968893,22.554917999968893
660,0.03204650500038042,32.04650500038042
661,0.02382562999991933,23.82562999991933
662,0.024493431999871973,24.493431999871973
663,0.023105041999770037,23.105041999770037
664,0.029517033000047377,29.517033000047377
665,0.02414032899969243,24.14032899969243
666,0.024391258000378002,24.391258000378002
667,0.02249416500035295,22.49416500035295
668,0.034597617000144965,34.597617000144965
669,0.02363086800005476,23.63086800005476
670,0.0236838920000082,23.6838920000082
671,0.024681732999852102,24.681732999852102
672,0.02823338500002137,28.23338500002137
673,0.02363196899977993,23.63196899977993
674,0.024171970000224974,24.171970000224974
675,0.023086812000201462,23.086812000201462
676,0.02866246500025227,28.66246500025227
677,0.023899993999748403,23.899993999748403
678,0.02400889199998346,24.00889199998346
679,0.022706565000135015,22.706565000135015
680,0.03228996699999698,32.28996699999698
681,0.02386302400009299,23.86302400009299
682,0.02418314900023688,24.18314900023688
683,0.0232900700002574,23.2900700002574
684,0.029936138999801187,29.936138999801187
685,0.023898728999938612,23.898728999938612
686,0.02384462899999562,23.84462899999562
687,0.022501053999803844,22.501053999803844
688,0.035940906000178074,35.940906000178074
689,0.023820839999643795,23.820839999643795
690,0.024210088000018004,24.210088000018004
691,0.023042561000238493,23.042561000238493
692,0.027017210999929375,27.017210999929375
693,0.030203798999991704,30.203798999991704
694,0.025367222000113543,25.367222000113543
695,0.025754959000096278,25.754959000096278
696,0.04756252500010305,47.56252500010305
697,0.027523466999809898,27.523466999809898
698,0.02442289400005393,24.42289400005393
699,0.023576370000228053,23.576370000228053
700,0.04927747500005353,49.27747500005353
701,0.025072486999761168,25.072486999761168
702,0.02492328699963764,24.92328699963764
703,0.02459295500011649,24.59295500011649
704,0.038812727000276936,38.81272700027694
705,0.02688548899959642,26.88548899959642
706,0.02443831299979138,24.43831299979138
707,0.023159324000062043,23.159324000062043
708,0.036083269999835466,36.083269999835466
709,0.024243720999947982,24.243720999947982
710,0.02415098500023305,24.15098500023305
711,0.023366936999991594,23.366936999991594
712,0.029705346999890025,29.705346999890025
713,0.03176055400035693,31.760554000356933
714,0.027022055000088585,27.022055000088585
715,0.023712646000149107,23.712646000149107
716,0.03668537199973798,36.68537199973798
717,0.024290173999816034,24.290173999816034
718,0.02466739500005133,24.66739500005133
719,0.02327220099959959,23.27220099959959
720,0.02904441400005453,29.04441400005453
721,0.029836968000381603,29.836968000381603
722,0.023907356000108848,23.907356000108848
723,0.02260707999994338,22.60707999994338
724,0.025302314999862574,25.302314999862574
725,0.032583999000053154,32.583999000053154
726,0.025958508999792684,25.958508999792684
727,0.024392991000240727,24.392991000240727
728,0.04000053300023865,40.00053300023865
729,0.02479693800023597,24.79693800023597
730,0.024369707000005292,24.36970700000529
731,0.02313711799979501,23.13711799979501
732,0.03192730399996435,31.92730399996435
733,0.027924888000143255,27.924888000143255
734,0.023922935999962647,23.922935999962647
735,0.022991271000137203,22.991271000137203
736,0.030478200999823457,30.478200999823457
737,0.02893707999965045,28.93707999965045
738,0.024356583000098908,24.356583000098908
739,0.02315408100002969,23.15408100002969
740,0.032583251999767526,32.583251999767526
741,0.02404688200022065,24.04688200022065
742,0.024438433999875997,24.438433999875997
743,0.023060372000145435,23.060372000145435
744,0.02992891099984263,29.92891099984263
745,0.02327437500025553,23.27437500025553
746,0.02376679399958448,23.76679399958448
747,0.023010175000308664,23.010175000308664
748,0.027231648999986646,27.231648999986646
749,0.03589407700019365,35.89407700019365
750,0.024337586000001465,24.337586000001465
751,0.02338940099980391,23.38940099980391
752,0.03290366200008066,32.90366200008066
753,0.02887424500022462,28.87424500022462
754,0.02476900499959811,24.76900499959811
755,0.022674571000152355,22.674571000152355
756,0.03224483300027714,32.24483300027714
757,0.029235097000309906,29.235097000309906
758,0.026472351999927923,26.472351999927923
759,0.022917341999800556,22.917341999800556
760,0.033459358000072825,33.459358000072825
761,0.02912893399980021,29.12893399980021
762,0.023688969999966503,23.688969999966503
763,0.022638724999978876,22.638724999978876
764,0.0323252869998214,32.3252869998214
765,0.024112474000048678,24.112474000048678
766,0.028834632999860332,28.834632999860332
767,0.023269497999990563,23.269497999990563
768,0.03009765300021172,30.09765300021172
769,0.029639266000231146,29.639266000231146
770,0.024583002000326815,24.583002000326815
771,0.022742389000086405,22.742389000086405
772,0.030052816000079474,30.052816000079474
773,0.028558685000007245,28.558685000007245
774,0.023984242000096856,23.984242000096856
775,0.022570194999843807,22.570194999843807
776,0.031013792000067042,31.013792000067042
777,0.028662379999786936,28.662379999786936
778,0.024342899000203033,24.342899000203033
779,0.023393168999973568,23.393168999973568
780,0.02551360500001465,25.51360500001465
781,0.0477644100001271,47.7644100001271
782,0.07026430599989908,70.26430599989908
783,0.07347795100031362,73.47795100031362
784,0.02977491399997234,29.77491399997234
785,0.023410876000070857,23.410876000070857
786,0.02382061900016197,23.82061900016197
787,0.022619131000283232,22.619131000283232
788,0.027617826000096102,27.617826000096102
789,0.0275711570002386,27.5711570002386
790,0.02396171600003072,23.96171600003072
791,0.0225969759999316,22.5969759999316
792,0.03207564700005605,32.07564700005605
793,0.02417848999994021,24.17848999994021
794,0.024423333999948227,24.423333999948227
795,0.024910757999805355,24.910757999805355
796,0.028368893999868305,28.368893999868305
797,0.02383701700000529,23.83701700000529
798,0.023813816000256338,23.813816000256338
799,0.022504916999878333,22.504916999878333
800,0.031033932999889657,31.033932999889657
801,0.023530778999884205,23.530778999884205
802,0.023694391999924846,23.694391999924846
803,0.02260093399991092,22.60093399991092
804,0.034616083999935654,34.616083999935654
805,0.024346610000065994,24.346610000065994
806,0.024520187000234728,24.520187000234728
807,0.023744610999983706,23.744610999983706
808,0.029039457000180846,29.039457000180846
809,0.029677151999749185,29.677151999749185
810,0.023900144999970507,23.900144999970507
811,0.02257829500013031,22.57829500013031
812,0.029290211999978055,29.290211999978055
813,0.0289136609999332,28.9136609999332
814,0.024364392000279622,24.364392000279622
815,0.02262755699985064,22.62755699985064
816,0.029839709000043513,29.839709000043513
817,0.028530271999898105,28.530271999898105
818,0.023766111999975692,23.766111999975692
819,0.02260570699991149,22.60570699991149
820,0.030377751999822067,30.377751999822067
821,0.029031220999968355,29.031220999968355
822,0.024428737000107503,24.428737000107503
823,0.023409278000144695,23.409278000144695
824,0.040477293000094505,40.477293000094505
825,0.023785123999914504,23.785123999914504
826,0.023704093000105786,23.704093000105786
827,0.022657541000171477,22.657541000171477
828,0.036776657000245905,36.776657000245905
829,0.029697724000016024,29.697724000016024
830,0.024227074999998877,24.227074999998877
831,0.022666911000214895,22.666911000214895
832,0.04086556799984464,40.86556799984464
833,0.024621239000225614,24.621239000225614
834,0.023786125000242464,23.786125000242464
835,0.022726020999925822,22.726020999925822
836,0.035047515999849566,35.047515999849566
837,0.023268035000000964,23.268035000000964
838,0.023711365000053775,23.711365000053775
839,0.022578457999770762,22.578457999770762
840,0.03072397000005367,30.72397000005367
841,0.028693278999980976,28.693278999980976
842,0.02382146699983423,23.82146699983423
843,0.02256924599987542,22.56924599987542
844,0.031331316999967385,31.331316999967385
845,0.027711471000202437,27.711471000202437
846,0.02616973300018799,26.16973300018799
847,0.023919955999645026,23.919955999645026
848,0.044082898999931786,44.082898999931786
849,0.02473747799967896,24.73747799967896
850,0.024009083000237297,24.009083000237297
851,0.023230110999975295,23.230110999975295
852,0.027871991000210983,27.871991000210983
853,0.02693974099975094,26.93974099975094
854,0.023972168000000238,23.972168000000238
855,0.023005749999811087,23.005749999811087
856,0.032320042999799625,32.320042999799625
857,0.023520879999978206,23.520879999978206
858,0.023771535999912885,23.771535999912885
859,0.022551262999968458,22.551262999968458
860,0.0298855989999538,29.8855989999538
861,0.02665175599986469,26.65175599986469
862,0.024326060000021243,24.326060000021243
863,0.02317680299984204,23.17680299984204
864,0.030168071000389318,30.168071000389318
865,0.024522539999907167,24.522539999907167
866,0.024609827999938716,24.609827999938716
867,0.02259195400029057,22.59195400029057
868,0.02834075100008704,28.34075100008704
869,0.02524543499976062,25.24543499976062
870,0.02382775300020512,23.82775300020512
871,0.02262837899979786,22.62837899979786
872,0.032113236999975925,32.113236999975925
873,0.0236828649999552,23.6828649999552
874,0.026171204000092985,26.171204000092985
875,0.024259966000045097,24.259966000045097
876,0.028269674999592098,28.269674999592098
877,0.03130748000012318,31.307480000123178
878,0.024440843000320456,24.440843000320456
879,0.023288746000162064,23.288746000162064
880,0.031075418000000354,31.075418000000354
881,0.028794520999781525,28.794520999781525
882,0.023780531999818777,23.780531999818777
883,0.02268757599995297,22.68757599995297
884,0.030318899000121746,30.318899000121746
885,0.028288040999996156,28.288040999996156
886,0.024163311999927828,24.163311999927828
887,0.022595324000121764,22.595324000121764
888,0.031698442999640974,31.698442999640974
889,0.025435693000417814,25.435693000417814
890,0.02483345200016629,24.83345200016629
891,0.02332014099965818,23.32014099965818
892,0.027738811999824975,27.738811999824975
893,0.0257357159998719,25.7357159998719
894,0.024440114000299218,24.440114000299218
895,0.02275536299976011,22.75536299976011
896,0.02771830499978023,27.71830499978023
897,0.02705031899995447,27.05031899995447
898,0.023833206999825052,23.83320699982505
899,0.022727346000010584,22.727346000010584
900,0.030575284999940777,30.575284999940777
901,0.02500310699997499,25.00310699997499
902,0.023775275999923906,23.775275999923906
903,0.022695473000112543,22.695473000112543
904,0.032076945999961026,32.076945999961026
905,0.0251050789997862,25.1050789997862
906,0.024587698000232194,24.587698000232194
907,0.023552597000161768,23.552597000161768
908,0.028783808999833127,28.783808999833127
909,0.024038688000018738,24.038688000018738
910,0.025399520000064513,25.399520000064513
911,0.02338488099985625,23.38488099985625
912,0.030359200000020792,30.359200000020792
913,0.02421378700000787,24.21378700000787
914,0.02427147399976093,24.27147399976093
915,0.022613487999933568,22.613487999933568
916,0.027880540999831283,27.880540999831283
917,0.0239382919999116,23.9382919999116
918,0.023751509000248916,23.751509000248916
919,0.022633689000031154,22.633689000031154
920,0.03346879699984129,33.46879699984129
921,0.03324324299956061,33.24324299956061
922,0.02497077399993941,24.97077399993941
923,0.023677165000208333,23.677165000208333
924,0.031968113999937486,31.968113999937486
925,0.028521826000087458,28.521826000087458
926,0.0249023300002591,24.9023300002591
927,0.022850069000014628,22.850069000014628
928,0.02762791399982234,27.62791399982234
929,0.0273291970001992,27.3291970001992
930,0.0237667970000075,23.7667970000075
931,0.022588634999920032,22.588634999920032
932,0.03066968299981454,30.66968299981454
933,0.026744857999801752,26.744857999801752
934,0.023780907999935152,23.780907999935152
935,0.022761633999834885,22.761633999834885
936,0.03240970699971513,32.40970699971513
937,0.024514516000181175,24.514516000181175
938,0.024767509999946924,24.767509999946924
939,0.023352061999958096,23.352061999958096
940,0.029005612999753794,29.005612999753794
941,0.024787519999790675,24.787519999790675
942,0.024356520999845088,24.35652099984509
943,0.02326765099996919,23.26765099996919
944,0.027527320999979565,27.527320999979565
945,0.02322129300000597,23.22129300000597
946,0.02399529900003472,23.99529900003472
947,0.022759847000088484,22.759847000088484
948,0.03394028100001378,33.94028100001378
949,0.02435927799979254,24.35927799979254
950,0.02433141199981037,24.33141199981037
951,0.023198098000193568,23.198098000193568
952,0.02822133900008339,28.22133900008339
953,0.023695155000041268,23.695155000041268
954,0.023730869999781135,23.730869999781135
955,0.022654755000075966,22.654755000075966
956,0.035477822000302695,35.477822000302695
957,0.024359310999898298,24.359310999898298
958,0.02495932299962078,24.95932299962078
959,0.024537083000268467,24.537083000268467
960,0.030060589000186155,30.060589000186155
961,0.029016129999945406,29.016129999945406
962,0.024041383999701793,24.041383999701793
963,0.022595519999867975,22.595519999867975
964,0.03287963000002492,32.87963000002492
965,0.0291387960000975,29.1387960000975
966,0.023960001999967062,23.960001999967062
967,0.022782722000101785,22.782722000101785
968,0.035307210000155465,35.307210000155465
969,0.02456081400032417,24.56081400032417
970,0.02429531500001758,24.29531500001758
971,0.02321529000028022,23.21529000028022
972,0.028748857000209682,28.748857000209682
973,0.024035457000081806,24.035457000081806
974,0.02409259000023667,24.09259000023667
975,0.02290811000011672,22.90811000011672
976,0.0277786660003585,27.7786660003585
977,0.02338901499979329,23.38901499979329
978,0.023897548000149982,23.897548000149982
979,0.022613071000250784,22.613071000250784
980,0.032256492000215076,32.256492000215076
981,0.024140237999745295,24.140237999745295
982,0.024798769999961223,24.798769999961223
983,0.023167781000211107,23.167781000211107
984,0.03192134500022803,31.92134500022803
985,0.02412295499971151,24.12295499971151
986,0.0243093310000404,24.3093310000404
987,0.02313048899986825,23.13048899986825
988,0.025592469000002893,25.592469000002893
989,0.03534045300011712,35.34045300011712
990,0.024110106000080123,24.110106000080123
991,0.02295966000019689,22.95966000019689
992,0.03584263499988083,35.84263499988083
993,0.029459868000230927,29.459868000230927
994,0.024447822000183805,24.447822000183805
995,0.02326502200003233,23.26502200003233
996,0.028480856999976822,28.480856999976822
997,0.025631329999669106,25.631329999669106
998,0.02400798799999393,24.00798799999393
999,0.022637970999767276,22.637970999767276
1000,0.032389008999871294,32.389008999871294
1001,0.02354044999992766,23.54044999992766
1002,0.023638012999981584,23.638012999981584
1003,0.022727016000317235,22.727016000317235
1004,0.0337591299999076,33.7591299999076
1005,0.024174442999992607,24.174442999992607
1006,0.024435058000108256,24.435058000108256
1007,0.02374285099995177,23.74285099995177
1008,0.028484969999681198,28.484969999681198
1009,0.032118674000230385,32.118674000230385
1010,0.024255107000044518,24.255107000044518
1011,0.022575524000330915,22.575524000330915
1012,0.03077738000001773,30.77738000001773
1013,0.028029642999626958,28.029642999626958
1014,0.02383653700007926,23.83653700007926
1015,0.02260174699995332,22.60174699995332
1016,0.029954333000205224,29.954333000205224
1017,0.02957980500013946,29.57980500013946
1018,0.023752039000100922,23.752039000100922
1019,0.022937151999940397,22.937151999940397
1020,0.03288947500004724,32.88947500004724
1021,0.026972249999744236,26.972249999744236
1022,0.026961789000324643,26.961789000324643
1023,0.026173565999670245,26.173565999670245
1024,0.048878613999931986,48.878613999931986
1025,0.0261138480000227,26.1138480000227
1026,0.026294925999991392,26.294925999991392
1027,0.022990328000105364,22.990328000105364
1028,0.03936224200015204,39.36224200015204
1029,0.025581402000170783,25.581402000170783
1030,0.024998955999762984,24.998955999762984
1031,0.02596237000034307,25.96237000034307
1032,0.03286925899965354,32.86925899965354
1033,0.024233648000063113,24.233648000063113
1034,0.024211379000007582,24.211379000007582
1035,0.022634968000147637,22.634968000147637
1036,0.0263131959995917,26.3131959995917
1037,0.03162875799989706,31.62875799989706
1038,0.024236783000105788,24.23678300010579
1039,0.023121131000152673,23.121131000152673
1040,0.0298905710001236,29.8905710001236
1041,0.03407687900016754,34.07687900016754
1042,0.025338697000279353,25.338697000279353
1043,0.02324548100023094,23.24548100023094
1044,0.02849022000009427,28.49022000009427
1045,0.024465179999879183,24.465179999879183
1046,0.02420661199994356,24.20661199994356
1047,0.023193287999674794,23.193287999674794
1048,0.029394761999810726,29.394761999810726
1049,0.023944721999669127,23.944721999669127
1050,0.02410906299974158,24.10906299974158
1051,0.022443912000198907,22.443912000198907
1052,0.03278281599978072,32.78281599978072
1053,0.0248380879997967,24.8380879997967
1054,0.025585816000329942,25.58581600032994
1055,0.028337518000171258,28.337518000171258
1056,0.029089171999657992,29.089171999657992
1057,0.029330054999718413,29.330054999718413
1058,0.0241490920002434,24.1490920002434
1059,0.022646764000000985,22.646764000000985
1060,0.03109995099976004,31.09995099976004
1061,0.028605694999896514,28.605694999896514
1062,0.02425584100001288,24.25584100001288
1063,0.02253262700014602,22.53262700014602
1064,0.03260303200022463,32.60303200022463
1065,0.023952143999849795,23.952143999849795
1066,0.024255832000108057,24.255832000108057
1067,0.023071537999840075,23.071537999840075
1068,0.029259595999974408,29.259595999974408
1069,0.023763419999795588,23.763419999795588
1070,0.023879703000147856,23.879703000147856
1071,0.022422987000027206,22.422987000027206
1072,0.03170768800009682,31.707688000096823
1073,0.02329369900007805,23.29369900007805
1074,0.024253341000076034,24.253341000076034
1075,0.02244985600009386,22.44985600009386
1076,0.031191320000289124,31.191320000289124
1077,0.026564883999981248,26.564883999981248
1078,0.024260919999960606,24.260919999960606
1079,0.023271541000212892,23.271541000212892
1080,0.03117533300019204,31.17533300019204
1081,0.02384421500028111,23.84421500028111
1082,0.023756244000196602,23.756244000196602
1083,0.02255298899990521,22.55298899990521
1084,0.02693696500000442,26.93696500000442
1085,0.02604361700014124,26.04361700014124
1086,0.024767490000158432,24.767490000158432
1087,0.033199975000115955,33.199975000115955
1088,0.04518879300030676,45.18879300030676
1089,0.023717375000160246,23.717375000160246
1090,0.024019110999688564,24.019110999688564
1091,0.02249961200004691,22.49961200004691
1092,0.026502072000312182,26.502072000312182
1093,0.031231377000040084,31.231377000040084
1094,0.024385590000292723,24.385590000292723
1095,0.023332594000294193,23.332594000294193
1096,0.030218160999993415,30.218160999993415
1097,0.02847336099966924,28.47336099966924
1098,0.024302864000219415,24.302864000219415
1099,0.02308329200013759,23.08329200013759
1100,0.030280712000148924,30.280712000148924
1101,0.028182231999835494,28.182231999835494
1102,0.0235423060003086,23.5423060003086
1103,0.0228075169998192,22.8075169998192
1104,0.03131562699991264,31.315626999912638
1105,0.025925198000095406,25.925198000095406
1106,0.024120209000102477,24.120209000102477
1107,0.02347045300030004,23.47045300030004
1108,0.028293939999912254,28.293939999912254
1109,0.02458846999979869,24.58846999979869
1110,0.023765594999986206,23.765594999986206
1111,0.022488165000140725,22.488165000140725
1112,0.03208346500014159,32.08346500014159
1113,0.025197543000103906,25.197543000103906
1114,0.024429399999917223,24.429399999917223
1115,0.023190241000065726,23.190241000065726
1116,0.027898061000087182,27.898061000087182
1117,0.027206042000216257,27.206042000216257
1118,0.02374665899969841,23.74665899969841
1119,0.02246495099961976,22.46495099961976
1120,0.03204698299987285,32.04698299987285
1121,0.030191329999979644,30.191329999979644
1122,0.024307562000103644,24.307562000103644
1123,0.023054105000028358,23.054105000028358
1124,0.027670272999785084,27.670272999785084
1125,0.028684644999884767,28.684644999884767
1126,0.023699194000073476,23.699194000073476
1127,0.022591888000079052,22.591888000079052
1128,0.028804182999920158,28.804182999920158
1129,0.029031914999904984,29.031914999904984
1130,0.023699741000200447,23.699741000200447
1131,0.022477810000054887,22.477810000054887
1132,0.028738879999764322,28.738879999764322
1133,0.02942652799993084,29.42652799993084
1134,0.024246163000043452,24.246163000043452
1135,0.023137361999943096,23.137361999943096
1136,0.030694479000430874,30.694479000430874
1137,0.028428171000086877,28.428171000086877
1138,0.02357303899998442,23.57303899998442
1139,0.0224615580000318,22.4615580000318
1140,0.031092465999790875,31.092465999790875
1141,0.028890348999993876,28.890348999993876
1142,0.024258990999896923,24.258990999896923
1143,0.022762696999961918,22.762696999961918
1144,0.03147562000003745,31.475620000037452
1145,0.023558615999718313,23.558615999718313
1146,0.02400657999987743,24.00657999987743
1147,0.022680014000343363,22.680014000343363
1148,0.03745247999995627,37.45247999995627
1149,0.025163974999941274,25.163974999941274
1150,0.02422612099962862,24.22612099962862
1151,0.023315026000091166,23.315026000091166
1152,0.030035184999633202,30.035184999633202
1153,0.029712479999943753,29.712479999943753
1154,0.023618337000243628,23.618337000243628
1155,0.02258959600021626,22.58959600021626
1156,0.034639336000054755,34.639336000054755
1157,0.028719610999814904,28.719610999814904
1158,0.024115182000059576,24.115182000059576
1159,0.02310861100022521,23.10861100022521
1160,0.03754476699987208,37.54476699987208
1161,0.023213725999994494,23.213725999994494
1162,0.023751813000217226,23.751813000217226
1163,0.02241066199985653,22.41066199985653
1164,0.027646248000110063,27.646248000110063
1165,0.02299154299998918,22.99154299998918
1166,0.024101101999804087,24.101101999804087
1167,0.02286860600042928,22.86860600042928
1168,0.033274744999744144,33.274744999744144
1169,0.02414129699991463,24.14129699991463
1170,0.02413463099992441,24.13463099992441
1171,0.0230559589999757,23.0559589999757
1172,0.027762633999827813,27.762633999827813
1173,0.023873623999861593,23.873623999861593
1174,0.02429568300021856,24.29568300021856
1175,0.02242109700000583,22.42109700000583
1176,0.02875471600009405,28.75471600009405
1177,0.026779243999953906,26.779243999953906
1178,0.023685474000103568,23.685474000103568
1179,0.022475267000118038,22.475267000118038
1180,0.031126502999995864,31.126502999995864
1181,0.028861777000201982,28.861777000201982
1182,0.02535971499992229,25.35971499992229
1183,0.024426125999980286,24.426125999980286
1184,0.037141324000003806,37.141324000003806
1185,0.029685778000384744,29.685778000384744
1186,0.02949146600030872,29.49146600030872
1187,0.022763588999623607,22.763588999623607
1188,0.030443093000030785,30.443093000030785
1189,0.02401966400020683,24.01966400020683
1190,0.023560230000384763,23.560230000384763
1191,0.02280358999996679,22.80358999996679
1192,0.14973288799956208,149.73288799956208
1193,0.022479346000181977,22.479346000181977
1194,0.02319527300005575,23.19527300005575
1195,0.022430220000387635,22.430220000387635
1196,0.028184903000237682,28.184903000237682
1197,0.02307358200005183,23.07358200005183
1198,0.023555104000024585,23.555104000024585
1199,0.022725965000063297,22.725965000063297
1200,0.03209783600004812,32.09783600004812
1201,0.02309763999983261,23.09763999983261
1202,0.023631428000044252,23.631428000044252
1203,0.022622724000029848,22.622724000029848
1204,0.043047198000294884,43.047198000294884
1205,0.028735129000324378,28.735129000324378
1206,0.02578250799979287,25.78250799979287
1207,0.023224210000080348,23.224210000080348
1208,0.02792696699998487,27.92696699998487
1209,0.02730759299993224,27.30759299993224
1210,0.024289986999974644,24.289986999974644
1211,0.02248250200000257,22.48250200000257
1212,0.03165350499966735,31.653504999667348
1213,0.024143252999692777,24.143252999692777
1214,0.024676096999883157,24.676096999883157
1215,0.032022642999891104,32.022642999891104
1216,0.03697425700011081,36.97425700011081
1217,0.024155263000011473,24.155263000011473
1218,0.024447151999993366,24.447151999993366
1219,0.023148393999690597,23.148393999690597
1220,0.027824523000163026,27.824523000163026
1221,0.024111976999847684,24.111976999847684
1222,0.024209739999605517,24.209739999605517
1223,0.022818705000190675,22.818705000190675
1224,0.03249430999994729,32.49430999994729
1225,0.023778450999998313,23.778450999998313
1226,0.024195348999910493,24.195348999910493
1227,0.0234181380001246,23.4181380001246
1228,0.027757527999710874,27.757527999710874
1229,0.024717931999930443,24.717931999930443
1230,0.023876637000284973,23.876637000284973
1231,0.02282578399990598,22.82578399990598
1232,0.03281659300000683,32.81659300000683
1233,0.023979921999853104,23.979921999853104
1234,0.02422209299993483,24.22209299993483
1235,0.02324012799999764,23.24012799999764
1236,0.027248162999967462,27.248162999967462
1237,0.02483750900000814,24.83750900000814
1238,0.02364517599971805,23.64517599971805
1239,0.022590862000015477,22.590862000015477
1240,0.028468707000229188,28.468707000229188
1241,0.028356278000046586,28.356278000046586
1242,0.023917084999993676,23.917084999993676
1243,0.022762650000004214,22.762650000004214
1244,0.0316234289998647,31.6234289998647
1245,0.02410394099979385,24.10394099979385
1246,0.024286167000354908,24.286167000354908
1247,0.023069070000019565,23.069070000019565
1248,0.029193162999945343,29.193162999945343
1249,0.024666715999956068,24.666715999956068
1250,0.02712883900039742,27.12883900039742
1251,0.024440741000034905,24.440741000034905
1252,0.03066498699990916,30.66498699990916
1253,0.029553326000041125,29.553326000041125
1254,0.024017068999910407,24.017068999910407
1255,0.022540126999956556,22.540126999956556
1256,0.02926194499968915,29.26194499968915
1257,0.02856433399983871,28.56433399983871
1258,0.023705173000053037,23.705173000053037
1259,0.02258973900006822,22.58973900006822
1260,0.03134133599996858,31.341335999968578
1261,0.027953878000062105,27.953878000062105
1262,0.02401786300015374,24.01786300015374
1263,0.02248266699962187,22.48266699962187
1264,0.03124585700015814,31.24585700015814
1265,0.029783480999867606,29.783480999867606
1266,0.02450547499984168,24.50547499984168
1267,0.02320906200020545,23.20906200020545
1268,0.029590804999770626,29.590804999770626
1269,0.023673785000028147,23.673785000028147
1270,0.0241997100001754,24.1997100001754
1271,0.023465396000119654,23.465396000119654
1272,0.03305143699981272,33.05143699981272
1273,0.023309682999752113,23.309682999752113
1274,0.023706128999947396,23.706128999947396
1275,0.022628993000125774,22.628993000125774
1276,0.02768492499990316,27.68492499990316
1277,0.024544876999698317,24.544876999698317
1278,0.024437473000034515,24.437473000034515
1279,0.023441718999947625,23.441718999947625
1280,0.032665206999809016,32.665206999809016
1281,0.023820025000077294,23.820025000077294
1282,0.024592210999799136,24.592210999799136
1283,0.022940176999782125,22.940176999782125
1284,0.025702005999846733,25.702005999846733
1285,0.030914773999938916,30.914773999938916
1286,0.02380481900036102,23.80481900036102
1287,0.02248695400021461,22.48695400021461
1288,0.0290821200001119,29.0821200001119
1289,0.028803226000036375,28.803226000036375
1290,0.02431169300007241,24.31169300007241
1291,0.023087069000212068,23.087069000212068
1292,0.029352430000017193,29.352430000017193
1293,0.028625033000025724,28.625033000025724
1294,0.023668445000112115,23.668445000112115
1295,0.02241444599985698,22.41444599985698
1296,0.029684954000003927,29.684954000003927
1297,0.027456400000119174,27.456400000119174
1298,0.023700706999989052,23.700706999989052
1299,0.022432678999848576,22.432678999848576
1300,0.031030247999751737,31.030247999751737
1301,0.02772483300032036,27.72483300032036
1302,0.024325288999989425,24.325288999989425
1303,0.023750976999963314,23.750976999963314
1304,0.026016568000159168,26.016568000159168
1305,0.033178517000123975,33.178517000123975
1306,0.024548669000068912,24.548669000068912
1307,0.022594159000163927,22.594159000163927
1308,0.027422434000072826,27.422434000072826
1309,0.0254249110003002,25.4249110003002
1310,0.023630858000160515,23.630858000160515
1311,0.02259264299982533,22.59264299982533
1312,0.0334990020000987,33.4990020000987
1313,0.02404928399982964,24.04928399982964
1314,0.024325947999841446,24.325947999841446
1315,0.022423058000185847,22.423058000185847
1316,0.03670069200006765,36.70069200006765
1317,0.025155619999623013,25.155619999623013
1318,0.02442499200014936,24.42499200014936
1319,0.023172229000010702,23.172229000010702
1320,0.03635967900027026,36.35967900027026
1321,0.023226633999911428,23.226633999911428
1322,0.02330511700029092,23.30511700029092
1323,0.02319596699999238,23.19596699999238
1324,0.025051653999980772,25.051653999980772
1325,0.0314441479999914,31.4441479999914
1326,0.023842775000048277,23.842775000048277
1327,0.0229136779998953,22.9136779998953
1328,0.030573500999707903,30.573500999707903
1329,0.027948737999849982,27.948737999849982
1330,0.024322268999640073,24.322268999640073
1331,0.023106023999844183,23.106023999844183
1332,0.031730676000279345,31.730676000279345
1333,0.02372308099984366,23.72308099984366
1334,0.024191992999931244,24.191992999931244
1335,0.023256396000306268,23.256396000306268
1336,0.027900278999823058,27.90027899982306
1337,0.02721844699999565,27.21844699999565
1338,0.023763150999911886,23.763150999911886
1339,0.022743548000107694,22.743548000107694
1340,0.03175707099990177,31.75707099990177
1341,0.024853556000380195,24.853556000380195
1342,0.02441725199969369,24.41725199969369
1343,0.02265276200023436,22.65276200023436
1344,0.02752469699998983,27.52469699998983
1345,0.02706500100021003,27.06500100021003
1346,0.023729955999897356,23.729955999897356
1347,0.023644141999739077,23.644141999739077
1348,0.031341289000010875,31.341289000010875
1349,0.025049440000202594,25.049440000202594
1350,0.024319614999967598,24.319614999967598
1351,0.024072943999726704,24.072943999726704
1352,0.045625056000062614,45.625056000062614
1353,0.027668683999763743,27.668683999763743
1354,0.03330299700019168,33.30299700019168
1355,0.025681424000140396,25.681424000140396
1356,0.0428027180000754,42.8027180000754
1357,0.027640838000024814,27.640838000024814
1358,0.026643053000043437,26.643053000043437
1359,0.02339876899986848,23.39876899986848
1360,0.03922618600017813,39.22618600017813
1361,0.0257817370002158,25.7817370002158
1362,0.02535137199993187,25.35137199993187
1363,0.023924050999994506,23.924050999994506
1364,0.043376974999773665,43.376974999773665
1365,0.025684725000246544,25.684725000246544
1366,0.024077432000012777,24.077432000012777
1367,0.023090836999926978,23.090836999926978
1368,0.029120501999841508,29.120501999841508
1369,0.02838747499981764,28.38747499981764
1370,0.024918587999763986,24.918587999763986
1371,0.023607738000009704,23.607738000009704
1372,0.0308435849997295,30.8435849997295
1373,0.02905096600034085,29.05096600034085
1374,0.024227069999597006,24.227069999597006
1375,0.02316551800004163,23.16551800004163
1376,0.03457781999986764,34.57781999986764
1377,0.026131512000119983,26.131512000119983
1378,0.02427527800000462,24.27527800000462
1379,0.02304320600023857,23.04320600023857
1380,0.02954660400018838,29.54660400018838
1381,0.029452281000430958,29.452281000430958
1382,0.02424973000006503,24.24973000006503
1383,0.02385960299989165,23.85960299989165
1384,0.04220867399999406,42.20867399999406
1385,0.023776859999998123,23.776859999998123
1386,0.023768306000420125,23.768306000420125
1387,0.022672695999972348,22.672695999972348
1388,0.026534522000019933,26.534522000019933
1389,0.030806081000264385,30.806081000264385
1390,0.024215380999976333,24.215380999976333
1391,0.023116949000268505,23.116949000268505
1392,0.02972420299965961,29.72420299965961
1393,0.028935874000126205,28.935874000126205
1394,0.024264299000151368,24.264299000151368
1395,0.023247849000199494,23.247849000199494
1396,0.029394727999715542,29.394727999715542
1397,0.030825296000330127,30.825296000330127
1398,0.023876388000189763,23.876388000189763
1399,0.02295521199994255,22.95521199994255
1400,0.032051032000254054,32.051032000254054
1401,0.02526062600009027,25.26062600009027
1402,0.024255427999833046,24.255427999833046
1403,0.023113293999813322,23.113293999813322
1404,0.028676410000116448,28.676410000116448
1405,0.02381582599991816,23.81582599991816
1406,0.026534897000146884,26.534897000146884
1407,0.022721849999925325,22.721849999925325
1408,0.029988021999997727,29.988021999997727
1409,0.02318258000013884,23.18258000013884
1410,0.025228564999906666,25.228564999906666
1411,0.024004978999982995,24.004978999982995
1412,0.03176443900019876,31.764439000198763
1413,0.030657207000331255,30.657207000331255
1414,0.027281064999897353,27.281064999897353
1415,0.02579854499981593,25.79854499981593
1416,0.06260224600009678,62.602246000096784
1417,0.025431992999983777,25.431992999983777
1418,0.024782513999980438,24.782513999980438
1419,0.026723928000137676,26.723928000137676
1420,0.03267692300005365,32.67692300005365
1421,0.03121917399994345,31.21917399994345
1422,0.027008515000034095,27.008515000034095
1423,0.023723282999981166,23.723282999981166
1424,0.02860172999999122,28.60172999999122
1425,0.03092284500007736,30.92284500007736
1426,0.023788809000052424,23.788809000052424
1427,0.022513365000122576,22.513365000122576
1428,0.030874163000135013,30.874163000135013
1429,0.028735372000028292,28.735372000028292
1430,0.0239967450002041,23.9967450002041
1431,0.023014077999960136,23.014077999960136
1432,0.030975207000210503,30.975207000210503
1433,0.028136512999935803,28.136512999935803
1434,0.023628240000107326,23.628240000107326
1435,0.022503338000205986,22.503338000205986
1436,0.03087883199987118,30.87883199987118
1437,0.028364177999719686,28.364177999719686
1438,0.024331552000148804,24.331552000148804
1439,0.02320451800005685,23.20451800005685
1440,0.02717148100009581,27.17148100009581
1441,0.036931563999587524,36.931563999587524
1442,0.024294833000112703,24.294833000112703
1443,0.022592828999677295,22.592828999677295
1444,0.030109442000139097,30.109442000139097
1445,0.028415081000275677,28.415081000275677
1446,0.024282132999815076,24.282132999815076
1447,0.02312839799969879,23.12839799969879
1448,0.031387017000270134,31.387017000270134
1449,0.02847269599988067,28.47269599988067
1450,0.02372458900026686,23.72458900026686
1451,0.022649371000170504,22.649371000170504
1452,0.03201838399991175,32.01838399991175
1453,0.025972107999677974,25.972107999677974
1454,0.02369717600004151,23.69717600004151
1455,0.022537751000072603,22.537751000072603
1456,0.030985953000254085,30.985953000254085
1457,0.026121193000108178,26.12119300010818
1458,0.02368246400010321,23.68246400010321
1459,0.022609554000155185,22.609554000155185
1460,0.03198182000005545,31.98182000005545
1461,0.023973867000222526,23.973867000222526
1462,0.02417626599981304,24.17626599981304
1463,0.023307420000037382,23.307420000037382
1464,0.029280859000209603,29.280859000209603
1465,0.024030008999943675,24.030008999943675
1466,0.024214107999796397,24.214107999796397
1467,0.023126493000290793,23.126493000290793
1468,0.03025533199979691,30.25533199979691
1469,0.02484655600028418,24.84655600028418
1470,0.02378844599979857,23.78844599979857
1471,0.022739966999779426,22.739966999779426
1472,0.028291663999880257,28.291663999880257
1473,0.026892300999861618,26.892300999861618
1474,0.02375791099984781,23.75791099984781
1475,0.022823996999704832,22.823996999704832
1476,0.03463746500028719,34.63746500028719
1477,0.023929863999910594,23.929863999910594
1478,0.02431875799993577,24.31875799993577
1479,0.02312731599977269,23.12731599977269
1480,0.02864576100000704,28.64576100000704
1481,0.023600070999691525,23.600070999691525
1482,0.023635535999801505,23.635535999801505
1483,0.02253700800019942,22.53700800019942
1484,0.029986730000018724,29.986730000018724
1485,0.02446372300028088,24.46372300028088
1486,0.023902649999854475,23.902649999854475
1487,0.022477922999769362,22.477922999769362
1488,0.031668422000166174,31.668422000166174
1489,0.02493731000004118,24.93731000004118
1490,0.024926764000156254,24.926764000156254
1491,0.023242265000135376,23.242265000135376
1492,0.03571824700020443,35.71824700020443
1493,0.02334403500026383,23.34403500026383
1494,0.023599085999649105,23.599085999649105
1495,0.02253551299963874,22.53551299963874
1496,0.027313450999827182,27.313450999827182
1497,0.030283231000339583,30.283231000339583
1498,0.023798874000021897,23.798874000021897
1499,0.022592220999740675,22.592220999740675
1500,0.029715618999944127,29.715618999944127
1501,0.030906828000297537,30.906828000297537
1502,0.025050359000033495,25.050359000033495
1503,0.023581930000091234,23.581930000091234
1504,0.035135975000230246,35.135975000230246
1505,0.023149937999733083,23.149937999733083
1506,0.024259026999970956,24.259026999970956
1507,0.022601137000037852,22.601137000037852
1508,0.03442643600010342,34.42643600010342
1509,0.023959956999988208,23.959956999988208
1510,0.026391564999812545,26.391564999812545
1511,0.02392197799963469,23.92197799963469
1512,0.04207726599997841,42.07726599997841
1513,0.02501040600009219,25.01040600009219
1514,0.024425223999969603,24.425223999969603
1515,0.028527841000141052,28.527841000141052
1516,0.043388048999986495,43.388048999986495
1517,0.02744664300007571,27.44664300007571
1518,0.02496264399997017,24.96264399997017
1519,0.026118068999949173,26.118068999949173
1520,0.05256383000005371,52.56383000005371
1521,0.023466642000130378,23.466642000130378
1522,0.02413835500010464,24.13835500010464
1523,0.02300857399995948,23.00857399995948
1524,0.040221103000021685,40.221103000021685
1525,0.0237456499999098,23.7456499999098
1526,0.02387904100032756,23.87904100032756
1527,0.02247986900010801,22.47986900010801
1528,0.02681855299988456,26.81855299988456
1529,0.029990567000368173,29.990567000368173
1530,0.023622344999694178,23.622344999694178
1531,0.022605031999773928,22.605031999773928
1532,0.026488414000141347,26.488414000141347
1533,0.02878498000018226,28.78498000018226
1534,0.02510619599979691,25.10619599979691
1535,0.02598672500016619,25.98672500016619
1536,0.03497838600014802,34.97838600014802
1537,0.02496748099974866,24.96748099974866
1538,0.02458856499970352,24.58856499970352
1539,0.02331752600002801,23.31752600002801
1540,0.030466852000245126,30.466852000245126
1541,0.023525699999936478,23.525699999936478
1542,0.024207996999848547,24.207996999848547
1543,0.022925063999991835,22.925063999991835
1544,0.028660812999987684,28.660812999987684
1545,0.023243063999871083,23.243063999871083
1546,0.023802873000022373,23.802873000022373
1547,0.022431990999848495,22.431990999848495
1548,0.0361764829999629,36.1764829999629
1549,0.0248071460000574,24.8071460000574
1550,0.024143595000168716,24.143595000168716
1551,0.023339074999967124,23.339074999967124
1552,0.026826971999980742,26.826971999980742
1553,0.031339622999894345,31.339622999894345
1554,0.024212989999796264,24.212989999796264
1555,0.02272995000021183,22.72995000021183
1556,0.030524431000230834,30.524431000230834
1557,0.028323820999958116,28.323820999958116
1558,0.02379646800000046,23.79646800000046
1559,0.02249465200020495,22.49465200020495
1560,0.029565485000148328,29.56548500014833
1561,0.027888796999832266,27.888796999832266
1562,0.023722784999790747,23.722784999790747
1563,0.022666249999929278,22.666249999929278
1564,0.031778632999703404,31.778632999703404
1565,0.028330146000371315,28.330146000371315
1566,0.024302492000060738,24.302492000060738
1567,0.023097848999896087,23.097848999896087
1568,0.032929553000030864,32.929553000030864
1569,0.030752947000109998,30.752947000109998
1570,0.023774776000209386,23.774776000209386
1571,0.022473083000022598,22.473083000022598
1572,0.029023447000326996,29.023447000326996
1573,0.028508516999863787,28.508516999863787
1574,0.023594644000240805,23.594644000240805
1575,0.022532663999754732,22.53266399975473
1576,0.029099533999669802,29.099533999669802
1577,0.02900192699962645,29.00192699962645
1578,0.024008928000057495,24.008928000057495
1579,0.02621093399966412,26.21093399966412
1580,0.1454502369997499,145.4502369997499
1581,0.044241693999993004,44.241693999993004
1582,0.0233246880002298,23.3246880002298
1583,0.02245444200025304,22.45444200025304
1584,0.03248144700000921,32.48144700000921
1585,0.026046942999983003,26.046942999983003
1586,0.02413617799993517,24.13617799993517
1587,0.023125478999645566,23.125478999645566
1588,0.029276382999796624,29.276382999796624
1589,0.02564407099998789,25.64407099998789
1590,0.02360405699982948,23.60405699982948
1591,0.022497119000036037,22.497119000036037
1592,0.04057162300023265,40.57162300023265
1593,0.0235301940001591,23.5301940001591
1594,0.024103108999952383,24.103108999952383
1595,0.022395564999897033,22.395564999897033
1596,0.030082114999913756,30.082114999913756
1597,0.029640685000231315,29.640685000231315
1598,0.024270344999877125,24.270344999877125
1599,0.02303269399999408,23.03269399999408
1600,0.030878446999849984,30.878446999849984
1601,0.02834856099980243,28.34856099980243
1602,0.0239317390000906,23.9317390000906
1603,0.02259133400002611,22.59133400002611
1604,0.03254070599996339,32.54070599996339
1605,0.0241722360001404,24.1722360001404
1606,0.024149217000285716,24.149217000285716
1607,0.023171433999777946,23.171433999777946
1608,0.027855766999891785,27.855766999891785
1609,0.023009132999959547,23.009132999959547
1610,0.023588286999711272,23.588286999711272
1611,0.02242979699985881,22.42979699985881
1612,0.032421623000118416,32.421623000118416
1613,0.025231392000023334,25.231392000023334
1614,0.02451005200009604,24.51005200009604
1615,0.02320712300024752,23.20712300024752
1616,0.02856411900029343,28.56411900029343
1617,0.024070593000033114,24.070593000033114
1618,0.024020012999699247,24.020012999699247
1619,0.022773416999825713,22.773416999825713
1620,0.03942420499970467,39.42420499970467
1621,0.02365788999986762,23.65788999986762
1622,0.023559929999919405,23.559929999919405
1623,0.022650189000160026,22.650189000160026
1624,0.028944641000180127,28.944641000180127
1625,0.028526489999876503,28.526489999876503
1626,0.023610146999999415,23.610146999999415
1627,0.02246299199987334,22.46299199987334
1628,0.029539920999923197,29.539920999923197
1629,0.029007132000060665,29.007132000060665
1630,0.02571361499985869,25.71361499985869
1631,0.023806722999779595,23.806722999779595
1632,0.030510831999890797,30.510831999890797
1633,0.027891363999970054,27.891363999970054
1634,0.023777599999903032,23.777599999903032
1635,0.022533009000198945,22.533009000198945
1636,0.033629293000103644,33.629293000103644
1637,0.02325304700025299,23.25304700025299
1638,0.023729225999886694,23.729225999886694
1639,0.02303064900024765,23.03064900024765
1640,0.03254704299979494,32.54704299979494
1641,0.02378636599996753,23.78636599996753
1642,0.024398945000029926,24.398945000029926
1643,0.02316146100019978,23.16146100019978
1644,0.028724890999910713,28.724890999910713
1645,0.02375250499972026,23.75250499972026
1646,0.023935410999911255,23.935410999911255
1647,0.022608362000028137,22.608362000028137
1648,0.0324581129998478,32.4581129998478
1649,0.023491489000207366,23.491489000207366
1650,0.023752520000016375,23.752520000016375
1651,0.02246847300011723,22.46847300011723
1652,0.03161227200007488,31.61227200007488
1653,0.023584303999996337,23.584303999996337
1654,0.024235719999978755,24.235719999978755
1655,0.023853047999637056,23.853047999637056
1656,0.026119037000171375,26.119037000171375
1657,0.034323037000376644,34.323037000376644
1658,0.02383843600000546,23.83843600000546
1659,0.022578665999844816,22.578665999844816
1660,0.02746268099963345,27.46268099963345
1661,0.02946312799986117,29.46312799986117
1662,0.023738633999982994,23.738633999982994
1663,0.02255620400001135,22.55620400001135
1664,0.029140057999939017,29.140057999939017
1665,0.02870920199984539,28.70920199984539
1666,0.024414090000391298,24.414090000391298
1667,0.023062719000336074,23.062719000336074
1668,0.030238530999668,30.238530999668
1669,0.02955946399970344,29.55946399970344
1670,0.023748370000248542,23.748370000248542
1671,0.022522782000123698,22.522782000123698
1672,0.031110988999898836,31.110988999898836
1673,0.028965438999875914,28.965438999875914
1674,0.02434576899986496,24.34576899986496
1675,0.02381102799972723,23.81102799972723
1676,0.027521443999830808,27.521443999830808
1677,0.039886540999759745,39.886540999759745
1678,0.026562464000107866,26.562464000107866
1679,0.026708765999956086,26.708765999956086
1680,0.045056419000047754,45.056419000047754
1681,0.02477634399974704,24.77634399974704
1682,0.023402983999858407,23.402983999858407
1683,0.024220081999828835,24.220081999828835
1684,0.04090569000027244,40.90569000027244
1685,0.03003936100003557,30.03936100003557
1686,0.025525194000238116,25.525194000238116
1687,0.023618312000053265,23.618312000053265
1688,0.0416332859999784,41.6332859999784
1689,0.024719495000226743,24.719495000226743
1690,0.023444744999778777,23.444744999778777
1691,0.022939896000025328,22.93989600002533
1692,0.03343838399996457,33.43838399996457
1693,0.02857291600003009,28.57291600003009
1694,0.025394381000296562,25.394381000296562
1695,0.028903018000164593,28.903018000164593
1696,0.047214104999966366,47.21410499996637
1697,0.024414218999936566,24.414218999936566
1698,0.02322109900023861,23.22109900023861
1699,0.022663761999865528,22.663761999865528
1700,0.030081475999850227,30.081475999850227
1701,0.023301189999983762,23.301189999983762
1702,0.02355757499981337,23.55757499981337
1703,0.022526414999902045,22.526414999902045
1704,0.0351838259998658,35.1838259998658
1705,0.024089559000003646,24.089559000003646
1706,0.024182752999877266,24.182752999877266
1707,0.02404560099967057,24.04560099967057
1708,0.039500624999618594,39.500624999618594
1709,0.028969054000299366,28.969054000299366
1710,0.024913421999826824,24.913421999826824
1711,0.02340848299991194,23.40848299991194
1712,0.042822020999665256,42.822020999665256
1713,0.02401895700040768,24.01895700040768
1714,0.026889227000083338,26.889227000083338
1715,0.02247259900013887,22.47259900013887
1716,0.029104517999712698,29.104517999712698
1717,0.023504995000166673,23.504995000166673
1718,0.023547797999981412,23.547797999981412
1719,0.022480683000139834,22.480683000139834
1720,0.0329673820001517,32.9673820001517
1721,0.023535197999990487,23.535197999990487
1722,0.024184340000374505,24.184340000374505
1723,0.023120147000099678,23.120147000099678
1724,0.028582443999766838,28.582443999766838
1725,0.02381935599987628,23.81935599987628
1726,0.028358891000152653,28.358891000152653
1727,0.022466072000042914,22.466072000042914
1728,0.032282964999922115,32.282964999922115
1729,0.02395194700011416,23.95194700011416
1730,0.025306667999757337,25.306667999757337
1731,0.022491358000024775,22.491358000024775
1732,0.026745195999865246,26.745195999865246
1733,0.03113530600012382,31.13530600012382
1734,0.024281241999688064,24.281241999688064
1735,0.02309453099996972,23.09453099996972
1736,0.030307864999940648,30.307864999940648
1737,0.028851722000126756,28.851722000126756
1738,0.024299981000240223,24.299981000240223
1739,0.02292981200025679,22.92981200025679
1740,0.026747950999833847,26.747950999833847
1741,0.042209213000205636,42.20921300020564
1742,0.023554049999802373,23.554049999802373
1743,0.022412571999666397,22.412571999666397
1744,0.030369809000148962,30.369809000148962
1745,0.02952802200024962,29.52802200024962
1746,0.02355421499987642,23.55421499987642
1747,0.022614784999859694,22.614784999859694
1748,0.03054967600019154,30.54967600019154
1749,0.02802632899965829,28.02632899965829
1750,0.023964812000031088,23.96481200003109
1751,0.023076938000031078,23.076938000031078
1752,0.03058014299995193,30.58014299995193
1753,0.028411200999926223,28.411200999926223
1754,0.0241533690000324,24.1533690000324
1755,0.02250550300004761,22.50550300004761
1756,0.03132541000013589,31.32541000013589
1757,0.02608632800001942,26.08632800001942
1758,0.026046148000204994,26.046148000204994
1759,0.023512786000082997,23.512786000082997
1760,0.0264349779999975,26.4349779999975
1761,0.030889149000358884,30.889149000358884
1762,0.024910133000048518,24.910133000048518
1763,0.023080654999830585,23.080654999830585
1764,0.030260764000104245,30.260764000104245
1765,0.028135560999999143,28.135560999999143
1766,0.02366369100036536,23.66369100036536
1767,0.022445752999828983,22.445752999828983
1768,0.029778252999676624,29.778252999676624
1769,0.02797567000015988,27.97567000015988
1770,0.023801601999821287,23.801601999821287
1771,0.023168974999862257,23.168974999862257
1772,0.030114035999758926,30.114035999758926
1773,0.029266789999837783,29.266789999837783
1774,0.02354598299962163,23.54598299962163
1775,0.022713514999850304,22.713514999850304
1776,0.030880884999987757,30.880884999987757
1777,0.02865233200009243,28.65233200009243
1778,0.024223104000157036,24.223104000157036
1779,0.02298802399991473,22.98802399991473
1780,0.03817220300015833,38.17220300015833
1781,0.023680156999944302,23.680156999944302
1782,0.024155727000106708,24.155727000106708
1783,0.022787411000081192,22.787411000081192
1784,0.03337447100011559,33.37447100011559
1785,0.02322023499982606,23.22023499982606
1786,0.023625360000096407,23.625360000096407
1787,0.022463629999947443,22.463629999947443
1788,0.029142249999949854,29.142249999949854
1789,0.02858997500015903,28.58997500015903
1790,0.023896958000023005,23.896958000023005
1791,0.02715453000018897,27.15453000018897
1792,0.03127808499993989,31.278084999939892
1793,0.02824335200011774,28.24335200011774
1794,0.02441068500002075,24.41068500002075
1795,0.02325194500008365,23.25194500008365
1796,0.03587526899991644,35.87526899991644
1797,0.02413393899996663,24.13393899996663
1798,0.024363035999613203,24.363035999613203
1799,0.022445123000125022,22.445123000125022
1800,0.027139214999806427,27.139214999806427
1801,0.03034251100007168,30.34251100007168
1802,0.023584303999996337,23.584303999996337
1803,0.022428617000059603,22.428617000059603
1804,0.03192575899993244,31.92575899993244
1805,0.02310702200020387,23.10702200020387
1806,0.023639786999865464,23.639786999865464
1807,0.022421421999752056,22.421421999752056
1808,0.03002413800004433,30.02413800004433
1809,0.035532991999843944,35.532991999843944
1810,0.023787784999967698,23.7877849999677
1811,0.022596484999667155,22.596484999667155
1812,0.030243183000038698,30.243183000038698
1813,0.028155664000223624,28.155664000223624
1814,0.02372665299981236,23.72665299981236
1815,0.02265982900007657,22.65982900007657
1816,0.030739616000118986,30.739616000118986
1817,0.02764405000016268,27.64405000016268
1818,0.024259918999632646,24.259918999632646
1819,0.023261980999905063,23.261980999905063
1820,0.027823818999877403,27.823818999877403
1821,0.02688042299996596,26.88042299996596
1822,0.02369864700040125,23.69864700040125
1823,0.022671253000225988,22.671253000225988
1824,0.028618737000215333,28.618737000215333
1825,0.027096487000108027,27.096487000108027
1826,0.023673420999784867,23.673420999784867
1827,0.022595642999931442,22.595642999931442
1828,0.031388397000228,31.388397000227997
1829,0.02725721600018005,27.25721600018005
1830,0.024309462000019266,24.309462000019266
1831,0.023020520000045508,23.020520000045508
1832,0.03953906400010965,39.53906400010965
1833,0.024864178999905562,24.864178999905562
1834,0.02361666199976753,23.61666199976753
1835,0.022538455999892903,22.538455999892903
1836,0.03850400400006038,38.50400400006038
1837,0.026217836999876454,26.217836999876454
1838,0.025066654000056587,25.066654000056587
1839,0.025687746000130574,25.687746000130574
1840,0.03471916499984218,34.71916499984218
1841,0.024015273999793862,24.015273999793862
1842,0.024582917999850906,24.582917999850906
1843,0.02252086099997541,22.52086099997541
1844,0.03235664400017413,32.35664400017413
1845,0.029337491000205773,29.337491000205773
1846,0.024375632000101177,24.375632000101177
1847,0.023265458000423678,23.265458000423678
1848,0.031167245999768056,31.167245999768056
1849,0.025479365000137477,25.479365000137477
1850,0.024324173999957566,24.324173999957566
1851,0.022861713000111195,22.861713000111195
1852,0.03146416300023702,31.464163000237022
1853,0.02311691399972915,23.11691399972915
1854,0.023592841000208864,23.592841000208864
1855,0.022541302000263386,22.541302000263386
1856,0.03252791199975036,32.52791199975036
1857,0.023504570000113745,23.504570000113745
1858,0.024204883000038535,24.204883000038535
1859,0.023115779000363545,23.115779000363545
1860,0.029284271000051376,29.284271000051376
1861,0.027238275999934558,27.238275999934558
1862,0.027492377000271517,27.492377000271517
1863,0.02323582000008173,23.23582000008173
1864,0.03706453100039653,37.06453100039653
1865,0.025873741000395967,25.873741000395967
1866,0.02433480099989538,24.33480099989538
1867,0.022920955999779835,22.920955999779835
1868,0.03729569899996932,37.29569899996932
1869,0.024335384000096383,24.335384000096383
1870,0.024285880999741494,24.285880999741494
1871,0.023221941999963747,23.221941999963747
1872,0.026911222000308044,26.911222000308044
1873,0.03142222700034836,31.422227000348357
1874,0.023663037000005716,23.663037000005716
1875,0.022574024999812536,22.574024999812536
1876,0.029270714000176667,29.270714000176667
1877,0.028452341000047454,28.452341000047454
1878,0.023947605000103067,23.947605000103067
1879,0.02249150399984501,22.49150399984501
1880,0.02971532300034596,29.71532300034596
1881,0.02924328900007822,29.24328900007822
1882,0.0242226989998926,24.2226989998926
1883,0.023105505999865272,23.105505999865272
1884,0.0314175499997873,31.417549999787298
1885,0.02990278200013563,29.90278200013563
1886,0.024095136000141792,24.095136000141792
1887,0.022568471999875328,22.568471999875328
1888,0.037905050000063056,37.905050000063056
1889,0.02868525599978966,28.68525599978966
1890,0.023832025000046997,23.832025000046997
1891,0.02262960200005182,22.62960200005182
1892,0.031210206000196195,31.210206000196195
1893,0.02848875300014697,28.48875300014697
1894,0.02382484999998269,23.82484999998269
1895,0.023036536000290653,23.036536000290653
1896,0.03646576799974355,36.46576799974355
1897,0.02662790699969264,26.62790699969264
1898,0.024310231000072235,24.310231000072235
1899,0.02342477299998791,23.42477299998791
1900,0.03033388899984857,30.33388899984857
1901,0.029391845000191097,29.391845000191097
1902,0.024024993000239192,24.024993000239192
1903,0.022739439999895694,22.739439999895694
1904,0.029680639999696723,29.680639999696723
1905,0.02978103799978271,29.78103799978271
1906,0.02789806700002373,27.89806700002373
1907,0.02333384199982902,23.33384199982902
1908,0.029158892999930686,29.158892999930686
1909,0.02522934599983273,25.22934599983273
1910,0.024515589000202453,24.515589000202453
1911,0.023657613000068523,23.657613000068523
1912,0.028803568000057567,28.803568000057567
1913,0.024136363999787136,24.136363999787136
1914,0.02411617399957322,24.11617399957322
1915,0.022730085000148392,22.730085000148392
1916,0.03488080199986143,34.88080199986143
1917,0.023857394000060594,23.857394000060594
1918,0.023752234000312455,23.752234000312455
1919,0.022728601999915554,22.728601999915554
1920,0.026919809999981226,26.919809999981226
1921,0.03274517399995602,32.74517399995602
1922,0.024606697999843163,24.606697999843163
1923,0.023569937000047503,23.569937000047503
1924,0.03230898299989349,32.30898299989349
1925,0.028938006999851495,28.938006999851495
1926,0.02438248399994336,24.38248399994336
1927,0.02321365399984643,23.21365399984643
1928,0.02869856899997103,28.69856899997103
1929,0.026768157000333304,26.768157000333304
1930,0.023701052999967942,23.701052999967942
1931,0.02269027400006962,22.69027400006962
1932,0.031377856000290194,31.377856000290194
1933,0.023586728000282164,23.586728000282164
1934,0.02379855699973632,23.79855699973632
1935,0.022873400000207766,22.873400000207766
1936,0.033760287999939464,33.760287999939464
1937,0.024429028000213293,24.429028000213293
1938,0.024333097999715392,24.333097999715392
1939,0.023267157999725896,23.267157999725896
1940,0.027584615999785456,27.584615999785456
1941,0.032157185999949434,32.157185999949434
1942,0.024501234999661392,24.501234999661392
1943,0.022653495000213297,22.653495000213297
1944,0.030328123999879608,30.328123999879608
1945,0.029028682999978628,29.028682999978628
1946,0.023925120000058087,23.925120000058087
1947,0.022585346000141726,22.585346000141726
1948,0.031145166999976936,31.145166999976936
1949,0.028622676999930263,28.622676999930263
1950,0.024533429000257456,24.533429000257456
1951,0.023390624999592546,23.390624999592546
1952,0.04608162499971513,46.08162499971513
1953,0.023327325000082055,23.327325000082055
1954,0.023434301000179403,23.434301000179403
1955,0.0225033629999416,22.5033629999416
1956,0.030760662999909982,30.760662999909982
1957,0.02803268499974365,28.03268499974365
1958,0.02375792899965745,23.75792899965745
1959,0.0225431080002636,22.5431080002636
1960,0.030832409000140615,30.832409000140615
1961,0.029190229999585426,29.190229999585426
1962,0.02208069099970089,22.08069099970089
1963,0.02132677200006583,21.32677200006583
1964,0.030907392000244727,30.907392000244727
1965,0.028859105999799795,28.859105999799795
1966,0.024237585999799194,24.237585999799194
1967,0.023654933999750938,23.654933999750938
1968,0.0360067199999321,36.0067199999321
1969,0.0238208220002889,23.8208220002889
1970,0.02439748300002975,24.39748300002975
1971,0.02266311699986545,22.66311699986545
1972,0.02842970299980152,28.42970299980152
1973,0.023723288999917713,23.723288999917713
1974,0.02422363100004077,24.22363100004077
1975,0.02389449300017077,23.89449300017077
1976,0.02843785499999285,28.43785499999285
1977,0.024179148999792233,24.179148999792233
1978,0.02404584599980808,24.04584599980808
1979,0.02261719899979653,22.61719899979653
1980,0.0346080270001039,34.6080270001039
1981,0.023947874999976193,23.947874999976193
1982,0.02362359100015965,23.62359100015965
1983,0.022508237999772973,22.508237999772973
1984,0.028116037000017968,28.11603700001797
1985,0.022591351000301074,22.591351000301074
1986,0.026252362000377616,26.252362000377616
1987,0.021360232000006363,21.360232000006363
1988,0.04010780499993416,40.10780499993416
1989,0.023107719000108773,23.107719000108773
1990,0.02262173500002973,22.62173500002973
1991,0.021490060999894922,21.490060999894922
1992,0.040334832000098686,40.334832000098686
1993,0.024711861000014324,24.711861000014324
1994,0.024143574999925477,24.143574999925477
1995,0.023705810000137717,23.705810000137717
1996,0.032716660000005504,32.716660000005504
1997,0.028936676000284933,28.936676000284933
1998,0.02374378800004706,23.74378800004706
1999,0.022655264999684732,22.655264999684732
2000,0.03292138000006162,32.92138000006162
2001,0.023976876999768137,23.976876999768137
2002,0.024308185999871057,24.308185999871057
2003,0.023146050999912404,23.146050999912404
2004,0.028299568999955227,28.299568999955227
2005,0.024345901000287995,24.345901000287995
2006,0.025681847999749152,25.681847999749152
2007,0.025257538000005297,25.257538000005297
2008,0.03802193899991835,38.02193899991835
2009,0.032997002999763936,32.997002999763936
2010,0.025071796999782237,25.071796999782237
2011,0.02791072499985603,27.91072499985603
2012,0.04310404399984691,43.10404399984691
2013,0.030338376999679895,30.338376999679895
2014,0.0237695010000607,23.7695010000607
2015,0.022577179000109027,22.577179000109027
2016,0.0413947840002038,41.3947840002038
2017,0.028825914999742963,28.825914999742963
2018,0.02456521200019779,24.56521200019779
2019,0.024407588000030955,24.407588000030955
2020,0.03824028700000781,38.24028700000781
2021,0.024163650999980746,24.163650999980746
2022,0.024857192000126815,24.857192000126815
2023,0.023149697999997443,23.149697999997443
2024,0.03139401399994313,31.394013999943127
2025,0.03585328499957541,35.85328499957541
2026,0.029777897999792913,29.777897999792913
2027,0.022800068999913492,22.800068999913492
2028,0.030788961999860476,30.788961999860476
2029,0.02884754000024259,28.84754000024259
2030,0.023800139999821113,23.800139999821113
2031,0.022515964999911375,22.515964999911375
2032,0.03012683399992966,30.12683399992966
2033,0.028401598000073136,28.401598000073136
2034,0.024272049000046536,24.272049000046536
2035,0.023724018999928376,23.724018999928376
2036,0.0390934790002575,39.0934790002575
2037,0.02617615899998782,26.17615899998782
2038,0.024451612000120804,24.451612000120804
2039,0.023355175999768107,23.355175999768107
2040,0.036404636000042956,36.404636000042956
2041,0.0249058449999211,24.9058449999211
2042,0.025469829000030586,25.469829000030586
2043,0.024135568000019703,24.135568000019703
2044,0.0888072849998025,88.8072849998025
2045,0.06413984900018477,64.13984900018477
2046,0.023505174000092666,23.505174000092666
2047,0.022543005000443372,22.543005000443372
2048,0.029068024000025616,29.068024000025616
2049,0.026093563999893377,26.093563999893377
2050,0.023819505000119534,23.819505000119534
2051,0.02257801300038409,22.57801300038409
2052,0.03187276300013764,31.87276300013764
2053,0.023385003999919718,23.385003999919718
2054,0.023717990000022837,23.717990000022837
2055,0.023069971000040823,23.069971000040823
2056,0.02792397399980473,27.92397399980473
2057,0.028425462000086554,28.425462000086554
2058,0.02435336600001392,24.35336600001392
2059,0.022583014000247204,22.583014000247204
2060,0.032242946999758715,32.242946999758715
2061,0.02424865700004375,24.24865700004375
2062,0.024247696000202268,24.247696000202268
2063,0.023387141000057454,23.387141000057454
2064,0.04336645300008968,43.36645300008968
2065,0.024313306999829365,24.313306999829365
2066,0.02614986400021735,26.14986400021735
2067,0.023755859999710083,23.755859999710083
2068,0.03021050000006653,30.21050000006653
2069,0.024392416999944544,24.392416999944544
2070,0.02380909400017117,23.80909400017117
2071,0.0227240620001794,22.7240620001794
2072,0.0361340339995877,36.1340339995877
2073,0.024155597000117268,24.155597000117268
2074,0.024311692000082985,24.311692000082985
2075,0.02330407599993123,23.30407599993123
2076,0.02949359500007631,29.49359500007631
2077,0.030395354000120278,30.395354000120278
2078,0.023616739999852143,23.616739999852143
2079,0.022448138000072504,22.448138000072504
2080,0.032036845999755315,32.036845999755315
2081,0.02770255099994756,27.70255099994756
2082,0.023632225000255858,23.632225000255858
2083,0.022574096999960602,22.574096999960602
2084,0.03092207400004554,30.92207400004554
2085,0.02862747600011062,28.62747600011062
2086,0.024367336000068462,24.367336000068462
2087,0.023039992999656533,23.039992999656533
2088,0.033710250000240194,33.710250000240194
2089,0.023710495999694103,23.710495999694103
2090,0.024606812999991234,24.606812999991234
2091,0.02316972300013731,23.16972300013731
2092,0.03020524800012936,30.20524800012936
2093,0.023163178999766387,23.163178999766387
2094,0.023801766999895335,23.801766999895335
2095,0.02262356999972326,22.62356999972326
2096,0.03455374299983305,34.55374299983305
2097,0.024893444000099407,24.893444000099407
2098,0.024248482000075455,24.248482000075455
2099,0.02312042100038525,23.12042100038525
2100,0.04090812799995547,40.90812799995547
2101,0.025355944000239106,25.355944000239106
2102,0.023321038999711163,23.321038999711163
2103,0.022466043999884278,22.466043999884278
2104,0.03358634599999277,33.58634599999277
2105,0.0246698429996286,24.6698429996286
2106,0.02369117600028403,23.69117600028403
2107,0.022541905000252882,22.541905000252882
2108,0.04021067299981951,40.21067299981951
2109,0.026047072999972443,26.047072999972443
2110,0.024361909999697673,24.361909999697673
2111,0.023031653000089136,23.031653000089136
2112,0.03469118799966964,34.69118799966964
2113,0.023965572000179236,23.965572000179236
2114,0.02367124900001727,23.67124900001727
2115,0.022464921999926446,22.464921999926446
2116,0.04087682999988829,40.87682999988829
2117,0.025076842000089528,25.076842000089528
2118,0.02407183500008614,24.07183500008614
2119,0.02307076099987171,23.07076099987171
2120,0.033250556999973924,33.250556999973924
2121,0.028898826999920857,28.898826999920857
2122,0.023880594999809546,23.880594999809546
2123,0.022898818000157917,22.898818000157917
2124,0.03262501200015322,32.62501200015322
2125,0.023357480999948166,23.357480999948166
2126,0.02397960400003285,23.97960400003285
2127,0.02255750500034992,22.55750500034992
2128,0.03525808299991695,35.25808299991695
2129,0.024153457000011258,24.153457000011258
2130,0.02450584500002151,24.50584500002151
2131,0.023146648999954778,23.146648999954778
2132,0.02795552099996712,27.95552099996712
2133,0.02932901900021534,29.32901900021534
2134,0.024098427999888372,24.098427999888372
2135,0.02248001599991767,22.48001599991767
2136,0.034027277000404865,34.027277000404865
2137,0.028298029999859864,28.298029999859864
2138,0.024090829000215308,24.090829000215308
2139,0.022862510999857477,22.862510999857477
2140,0.030120916000214493,30.120916000214493
2141,0.029701894000027096,29.701894000027096
2142,0.02367652699967948,23.67652699967948
2143,0.022995410000021366,22.995410000021366
2144,0.03160894900020139,31.60894900020139
2145,0.024909538999963843,24.909538999963843
2146,0.024251052000181517,24.251052000181517
2147,0.02331678899963663,23.31678899963663
2148,0.02851013499957844,28.51013499957844
2149,0.026343902999997226,26.343902999997226
2150,0.024326438000116468,24.326438000116468
2151,0.023007983999832504,23.007983999832504
2152,0.028485888999966846,28.485888999966846
2153,0.02317085999993651,23.17085999993651
2154,0.023762128000271332,23.762128000271332
2155,0.02266144399982295,22.66144399982295
2156,0.03266677500005244,32.66677500005244
2157,0.02414486699990448,24.14486699990448
2158,0.02465054300000702,24.65054300000702
2159,0.023283386999992217,23.283386999992217
2160,0.028447064999909344,28.447064999909344
2161,0.023730417000024318,23.730417000024318
2162,0.02385125799992238,23.85125799992238
2163,0.026732026999980008,26.732026999980008
2164,0.0241918749998149,24.1918749998149
2165,0.027911400999983016,27.911400999983016
2166,0.03171939399999246,31.719393999992462
2167,0.023782103000030475,23.782103000030475
2168,0.03016484699992361,30.16484699992361
2169,0.02911100199980865,29.11100199980865
2170,0.023918518999835214,23.918518999835214
2171,0.022932891999971616,22.932891999971616
2172,0.03166528500014465,31.66528500014465
2173,0.028476157000113744,28.476157000113744
2174,0.02743793099989489,27.43793099989489
2175,0.02261416700002883,22.61416700002883
2176,0.0278555779996168,27.8555779996168
2177,0.026145379999888974,26.145379999888974
2178,0.02399493299981259,23.99493299981259
2179,0.02253176199974405,22.53176199974405
2180,0.03299580300017624,32.99580300017624
2181,0.02421644900005049,24.21644900005049
2182,0.024373931999889464,24.373931999889464
2183,0.02324380999971254,23.24380999971254
2184,0.02792593100002705,27.92593100002705
2185,0.032359446000100434,32.359446000100434
2186,0.025760585999705654,25.760585999705654
2187,0.024282369000047765,24.282369000047765
2188,0.03328415599980872,33.28415599980872
2189,0.03496057900019878,34.96057900019878
2190,0.024189125999782846,24.189125999782846
2191,0.02261930700024095,22.61930700024095
2192,0.02937737100000959,29.37737100000959
2193,0.029203680000136956,29.203680000136956
2194,0.023880257999735477,23.880257999735477
2195,0.02259861299990007,22.59861299990007
2196,0.029515336999793362,29.515336999793362
2197,0.0282351099999687,28.2351099999687
2198,0.023698686999978236,23.698686999978236
2199,0.02253838199976599,22.53838199976599
2200,0.03601387099979547,36.01387099979547
2201,0.02440514099998836,24.40514099998836
2202,0.024361353000131203,24.361353000131203
2203,0.02326621400015938,23.26621400015938
2204,0.03302438099990468,33.02438099990468
2205,0.024227663000147004,24.227663000147004
2206,0.02823811600001136,28.23811600001136
2207,0.02253627400023106,22.53627400023106
2208,0.03048301500029993,30.48301500029993
2209,0.02879269999993994,28.79269999993994
2210,0.023844344000281126,23.844344000281126
2211,0.02271802299992487,22.71802299992487
2212,0.029934525000044232,29.934525000044232
2213,0.02850442999988445,28.50442999988445
2214,0.0243798000001334,24.3798000001334
2215,0.023340837999967334,23.340837999967334
2216,0.031394776000070124,31.394776000070124
2217,0.026699575000293407,26.699575000293407
2218,0.02365341599988824,23.65341599988824
2219,0.022574950000034733,22.574950000034733
2220,0.03273891499975434,32.73891499975434
2221,0.026333806000366167,26.333806000366167
2222,0.02459645899989482,24.59645899989482
2223,0.023176688000148715,23.176688000148715
2224,0.03661138600000413,36.61138600000413
2225,0.028151356000307715,28.151356000307715
2226,0.02380867199963177,23.80867199963177
2227,0.022527871999955096,22.527871999955096
2228,0.031185440000172093,31.185440000172093
2229,0.028411156999936793,28.411156999936793
2230,0.024213605000113603,24.213605000113603
2231,0.025133927000297263,25.133927000297263
2232,0.03932223999981943,39.32223999981943
2233,0.023576128000058816,23.576128000058816
2234,0.02360971200005224,23.60971200005224
2235,0.022551330999704078,22.551330999704078
2236,0.029442420000123093,29.442420000123093
2237,0.02922080200005439,29.22080200005439
2238,0.025202240999988135,25.202240999988135
2239,0.022577281999929255,22.577281999929255
2240,0.030239130000154546,30.239130000154546
2241,0.02832701699981044,28.32701699981044
2242,0.023878424000031373,23.878424000031373
2243,0.022588857999835454,22.588857999835454
2244,0.03030362499976036,30.30362499976036
2245,0.02876677499989455,28.76677499989455
2246,0.02431657199986148,24.31657199986148
2247,0.02317023900013737,23.17023900013737
2248,0.028418039999905886,28.418039999905886
2249,0.026693112999964796,26.693112999964796
2250,0.023719451000033587,23.719451000033587
2251,0.022880544000145164,22.880544000145164
2252,0.032511955999780184,32.511955999780184
2253,0.02380662099994879,23.80662099994879
2254,0.02472584800034383,24.72584800034383
2255,0.023191298999790888,23.191298999790888
2256,0.027968871999746625,27.968871999746625
2257,0.023653347000163194,23.653347000163194
2258,0.023817256999791425,23.817256999791425
2259,0.02262429800020982,22.62429800020982
2260,0.032481875000030414,32.48187500003041
2261,0.02412261999961629,24.12261999961629
2262,0.024371408999741107,24.371408999741107
2263,0.023380979000194202,23.380979000194202
2264,0.0282730209996771,28.2730209996771
2265,0.023574576000100933,23.574576000100933
2266,0.023702302999936364,23.702302999936364
2267,0.022619482000209246,22.619482000209246
2268,0.033304700999906345,33.304700999906345
2269,0.024181042999771307,24.181042999771307
2270,0.02432388900024307,24.32388900024307
2271,0.02787662899982024,27.87662899982024
2272,0.03005274199995256,30.05274199995256
2273,0.02831365000020014,28.31365000020014
2274,0.023806823000086297,23.806823000086297
2275,0.02254114200013646,22.54114200013646
2276,0.03189346999988629,31.893469999886292
2277,0.028142700999978842,28.142700999978842
2278,0.02385004600000684,23.85004600000684
2279,0.02263329299967154,22.63329299967154
2280,0.03194451100034712,31.94451100034712
2281,0.026871452999785106,26.871452999785106
2282,0.024610865999875386,24.610865999875386
2283,0.023173300000053132,23.173300000053132
2284,0.028669297999840637,28.669297999840637
2285,0.02606093900021733,26.06093900021733
2286,0.023658381000132067,23.658381000132067
2287,0.02260219700019661,22.60219700019661
2288,0.03201933199989071,32.01933199989071
2289,0.023502954999912617,23.502954999912617
2290,0.023780189999797585,23.780189999797585
2291,0.022601659999963886,22.601659999963886
2292,0.03329283299990493,33.29283299990493
2293,0.02439127899970117,24.39127899970117
2294,0.02431757700014714,24.31757700014714
2295,0.023177035999651707,23.177035999651707
2296,0.028763819000232616,28.763819000232616
2297,0.023925528999825474,23.925528999825474
2298,0.02440530099966054,24.40530099966054
2299,0.022678219999761495,22.678219999761495
2300,0.029599283000152354,29.599283000152354
2301,0.023214436999751342,23.214436999751342
2302,0.023728908999601117,23.728908999601117
2303,0.02262346300040008,22.62346300040008
2304,0.036512272999971174,36.512272999971174
2305,0.027155915999628633,27.155915999628633
2306,0.024738666999837733,24.738666999837733
2307,0.02332801600005041,23.32801600005041
2308,0.03878803599991443,38.78803599991443
2309,0.02493550100007269,24.93550100007269
2310,0.023706602999936877,23.706602999936877
2311,0.022771417000058136,22.771417000058136
2312,0.03948922200015659,39.48922200015659
2313,0.023672289999922214,23.672289999922214
2314,0.023707962000116822,23.707962000116822
2315,0.02261558400005015,22.61558400005015
2316,0.029505662000246957,29.505662000246957
2317,0.0294740979998096,29.4740979998096
2318,0.024705938999886712,24.705938999886712
2319,0.023232663000271714,23.232663000271714
2320,0.031446844000129204,31.446844000129204
2321,0.028653268999732973,28.653268999732973
2322,0.02383451600007902,23.83451600007902
2323,0.022638514999925974,22.638514999925974
2324,0.030313802999899053,30.313802999899053
2325,0.028041201000178262,28.041201000178262
2326,0.023824438000247028,23.824438000247028
2327,0.022719755000252917,22.719755000252917
2328,0.032738013999733084,32.738013999733084
2329,0.0246293280001737,24.6293280001737
2330,0.024428027999874757,24.428027999874757
2331,0.023256570999819814,23.256570999819814
2332,0.027420204000009107,27.420204000009107
2333,0.03261019199999282,32.61019199999282
2334,0.02737854699989839,27.37854699989839
2335,0.025314624000202457,25.314624000202457
2336,0.04872339700023076,48.72339700023076
2337,0.02391064599987658,23.91064599987658
2338,0.023401683999964007,23.401683999964007
2339,0.023370961000182433,23.370961000182433
2340,0.02821532300004037,28.21532300004037
2341,0.02718433299969547,27.18433299969547
2342,0.02529631400011567,25.29631400011567
2343,0.02454807100002654,24.54807100002654
2344,0.0453308780001862,45.3308780001862
2345,0.024899166000068362,24.899166000068362
2346,0.024073404000318988,24.073404000318988
2347,0.022532972000135487,22.532972000135487
2348,0.03282760199999757,32.82760199999757
2349,0.023527498000021296,23.527498000021296
2350,0.02413853600000948,24.13853600000948
2351,0.02544037699999535,25.44037699999535
2352,0.028692775000308757,28.692775000308757
2353,0.037594772999909765,37.594772999909765
2354,0.024806256999909237,24.806256999909237
2355,0.023240952999913134,23.240952999913134
2356,0.03300732599973344,33.00732599973344
2357,0.024357595999845216,24.357595999845216
2358,0.02423011700011557,24.23011700011557
2359,0.02265054700001201,22.65054700001201
2360,0.028824659999827418,28.824659999827418
2361,0.023419965999892156,23.419965999892156
2362,0.02373722500033182,23.73722500033182
2363,0.02328388299974904,23.28388299974904
2364,0.02631871100038552,26.31871100038552
2365,0.03166316199985886,31.663161999858858
2366,0.02649313700021594,26.49313700021594
2367,0.02364195300015126,23.64195300015126
2368,0.031600510999851394,31.600510999851394
2369,0.02928171299981841,29.28171299981841
2370,0.02470917200025724,24.70917200025724
2371,0.023201451000204543,23.201451000204543
2372,0.031382951000068715,31.382951000068715
2373,0.028745379999691067,28.745379999691067
2374,0.02381141200021375,23.81141200021375
2375,0.022958795999784343,22.958795999784343
2376,0.03207358200006638,32.07358200006638
2377,0.02351359099975525,23.51359099975525
2378,0.02378824800007351,23.78824800007351
2379,0.02263330699997823,22.63330699997823
2380,0.03568617600012658,35.68617600012658
2381,0.024407505999988643,24.407505999988643
2382,0.024353231000077358,24.353231000077358
2383,0.023507077999965986,23.507077999965986
2384,0.027135694000207877,27.135694000207877
2385,0.03227702499998486,32.27702499998486
2386,0.024092533999919397,24.092533999919397
2387,0.023591855999711697,23.591855999711697
2388,0.03784241499988639,37.84241499988639
2389,0.025223246999757976,25.223246999757976
2390,0.024244509999789443,24.244509999789443
2391,0.022636735000105546,22.636735000105546
2392,0.027932172999953764,27.932172999953764
2393,0.02658869800006869,26.58869800006869
2394,0.0238237990001835,23.8237990001835
2395,0.022626641999977437,22.626641999977437
2396,0.0326957469997069,32.6957469997069
2397,0.029284756000379275,29.284756000379275
2398,0.025659920000180136,25.659920000180136
2399,0.02377310399970156,23.77310399970156
2400,0.046482292000291636,46.482292000291636
2401,0.02499503100034417,24.99503100034417
2402,0.025071346999993693,25.071346999993693
2403,0.022446841000146378,22.446841000146378
2404,0.029461629999786965,29.461629999786965
2405,0.028331604999948468,28.331604999948468
2406,0.023554037999929278,23.554037999929278
2407,0.02245250300029511,22.45250300029511
2408,0.030430539999997563,30.430539999997563
2409,0.02789758900007655,27.89758900007655
2410,0.023514793000231293,23.514793000231293
2411,0.022613224999986414,22.613224999986414
2412,0.030350633000125526,30.350633000125526
2413,0.02847156300003917,28.47156300003917
2414,0.024617316000330902,24.617316000330902
2415,0.023111206000066886,23.111206000066886
2416,0.033150235999983124,33.150235999983124
2417,0.023737817000437644,23.737817000437644
2418,0.024162145999980567,24.162145999980567
2419,0.023350103000211675,23.350103000211675
2420,0.027683674999934738,27.683674999934738
2421,0.025042898999799945,25.042898999799945
2422,0.023618683000222518,23.618683000222518
2423,0.02280451099977654,22.80451099977654
2424,0.04382498500035581,43.82498500035581
2425,0.023683413000071596,23.683413000071596
2426,0.023548435000066092,23.548435000066092
2427,0.02250605099970926,22.50605099970926
2428,0.030044610999993893,30.044610999993893
2429,0.029272266999669228,29.272266999669228
2430,0.023910544000045775,23.910544000045775
2431,0.022344578000229376,22.344578000229376
2432,0.04068921899988709,40.68921899988709
2433,0.02415068100026474,24.15068100026474
2434,0.02410150000014255,24.10150000014255
2435,0.02302449599983447,23.02449599983447
2436,0.027543711999896914,27.543711999896914
2437,0.029668426999705844,29.668426999705844
2438,0.023714251999990665,23.714251999990665
2439,0.022361693999755516,22.361693999755516
2440,0.028045851000115363,28.045851000115363
2441,0.028391831000135426,28.391831000135426
2442,0.02377140299995517,23.77140299995517
2443,0.022528583999701368,22.528583999701368
2444,0.02959032000035222,29.59032000035222
2445,0.02824303500028691,28.24303500028691
2446,0.024208195000028354,24.208195000028354
2447,0.02303511999980401,23.03511999980401
2448,0.03028861600023447,30.28861600023447
2449,0.029822396999861667,29.822396999861667
2450,0.024455092000152945,24.455092000152945
2451,0.02243303700015531,22.43303700015531
2452,0.036702519999835204,36.702519999835204
2453,0.02410967600008007,24.10967600008007
2454,0.02386876199989274,23.86876199989274
2455,0.022436745000049996,22.436745000049996
2456,0.027405030999943847,27.405030999943847
2457,0.023445694999736588,23.445694999736588
2458,0.023583995000080904,23.583995000080904
2459,0.022594174000005296,22.594174000005296
2460,0.031500889000199095,31.500889000199095
2461,0.024224296999818762,24.224296999818762
2462,0.024252547999822127,24.252547999822127
2463,0.02327624999998079,23.27624999998079
2464,0.027934842000377103,27.934842000377103
2465,0.02916861300036544,29.16861300036544
2466,0.02426610999964396,24.26610999964396
2467,0.022417328000301495,22.417328000301495
2468,0.02739606900013314,27.39606900013314
2469,0.027543768999748863,27.543768999748863
2470,0.023944562999986374,23.944562999986374
2471,0.022429221000038524,22.429221000038524
2472,0.03410741200013945,34.10741200013945
2473,0.024135700999977416,24.135700999977416
2474,0.024286069000027055,24.286069000027055
2475,0.022984001000168064,22.984001000168064
2476,0.028598719999990863,28.598719999990863
2477,0.02405438799996773,24.05438799996773
2478,0.023481156999878294,23.481156999878294
2479,0.02244781099989268,22.44781099989268
2480,0.03673406600000817,36.73406600000817
2481,0.023839334000058443,23.839334000058443
2482,0.02419682300023851,24.19682300023851
2483,0.023848357999668224,23.848357999668224
2484,0.029188910000357282,29.188910000357282
2485,0.030617753000115044,30.617753000115044
2486,0.023822549999749754,23.822549999749754
2487,0.02250689099992087,22.50689099992087
2488,0.03331805199968585,33.31805199968585
2489,0.028566284000135056,28.566284000135056
2490,0.02434515199956877,24.34515199956877
2491,0.022459067999989202,22.459067999989202
2492,0.03485229800025991,34.85229800025991
2493,0.02440958600027443,24.40958600027443
2494,0.023967687000094884,23.967687000094884
2495,0.02477933000000121,24.77933000000121
2496,0.043269710000004125,43.269710000004125
2497,0.03205614900025466,32.05614900025466
2498,0.024879046000023664,24.879046000023664
2499,0.026125306999801978,26.12530699980198
2500,0.02577167700019345,25.77167700019345
2501,0.02941984000017328,29.41984000017328
2502,0.12880150699993465,128.80150699993465
2503,0.0412454140000591,41.2454140000591
2504,0.03242860999989716,32.42860999989716
2505,0.028814571000111755,28.814571000111755
2506,0.02408412299973861,24.08412299973861
2507,0.022540028999628703,22.540028999628703
2508,0.030978237999988778,30.978237999988778
2509,0.02845470700003716,28.45470700003716
2510,0.02379614399978891,23.79614399978891
2511,0.022618951000367815,22.618951000367815
2512,0.04689048999989609,46.89048999989609
2513,0.024638366000090173,24.638366000090173
2514,0.026197286999831704,26.197286999831704
2515,0.022695348000070226,22.695348000070226
2516,0.033543328999712685,33.543328999712685
2517,0.0237229379999917,23.7229379999917
2518,0.023850154999763618,23.850154999763618
2519,0.022585492999951384,22.585492999951384
2520,0.03584613500015621,35.84613500015621
2521,0.024406630999692425,24.406630999692425
2522,0.024362806000226556,24.362806000226556
2523,0.023140533000059804,23.140533000059804
2524,0.028160560999822337,28.160560999822337
2525,0.03019911699993827,30.19911699993827
2526,0.02557926999998017,25.57926999998017
2527,0.02310211399981199,23.10211399981199
2528,0.0308258449999812,30.8258449999812
2529,0.028126744000019244,28.126744000019244
2530,0.023783035000178643,23.783035000178643
2531,0.02288120799994431,22.88120799994431
2532,0.03211350699984905,32.11350699984905
2533,0.02526960599971062,25.26960599971062
2534,0.023787872999946558,23.787872999946558
2535,0.022647643000254902,22.647643000254902
2536,0.03520116399977269,35.20116399977269
2537,0.024507064999852446,24.507064999852446
2538,0.02437534999990021,24.37534999990021
2539,0.02317637000032846,23.17637000032846
2540,0.028208336999796302,28.208336999796302
2541,0.03164580000020578,31.64580000020578
2542,0.02438891000019794,24.38891000019794
2543,0.02296730199986996,22.96730199986996
2544,0.029429195999910007,29.429195999910007
2545,0.028652317999785737,28.652317999785737
2546,0.02388504800001101,23.88504800001101
2547,0.022510539999984758,22.510539999984758
2548,0.037381770000138204,37.381770000138204
2549,0.02416966099963247,24.16966099963247
2550,0.02441896300024382,24.41896300024382
2551,0.023350042999936704,23.350042999936704
2552,0.028730414000165183,28.730414000165183
2553,0.02417242499996064,24.17242499996064
2554,0.024055959000179428,24.055959000179428
2555,0.022527412000272307,22.527412000272307
2556,0.02832716500006427,28.32716500006427
2557,0.028751659999670665,28.751659999670665
2558,0.036474206000093545,36.474206000093545
2559,0.023137834999943152,23.137834999943152
2560,0.030644516000393196,30.644516000393196
2561,0.02916851600002701,29.16851600002701
2562,0.023680436000176996,23.680436000176996
2563,0.022570942000129435,22.570942000129435
2564,0.03499041000031866,34.99041000031866
2565,0.024197519999688666,24.197519999688666
2566,0.02427838600033283,24.27838600033283
2567,0.023240591999638127,23.240591999638127
2568,0.02788729300027626,27.88729300027626
2569,0.029715725000187376,29.715725000187376
2570,0.024352722999992693,24.352722999992693
2571,0.02256095499978983,22.56095499978983
2572,0.029438016000312928,29.438016000312928
2573,0.028019180999763194,28.019180999763194
2574,0.023906167999939498,23.9061679999395
2575,0.022722622999935993,22.722622999935993
2576,0.030652781999833678,30.652781999833678
2577,0.02930012699971485,29.30012699971485
2578,0.023926796000068862,23.92679600006886
2579,0.022563745999832463,22.563745999832463
2580,0.03353379300006054,33.53379300006054
2581,0.024504485999841563,24.504485999841563
2582,0.0243967800001883,24.3967800001883
2583,0.023218359000111377,23.218359000111377
2584,0.032359140000153275,32.359140000153275
2585,0.024438188999738486,24.438188999738486
2586,0.0240425580000192,24.0425580000192
2587,0.022569399000076373,22.569399000076373
2588,0.027929538000080356,27.929538000080356
2589,0.024186026000279526,24.186026000279526
2590,0.023798431000159326,23.798431000159326
2591,0.022564534999673924,22.564534999673924
2592,0.029087240000080783,29.087240000080783
2593,0.026342138000018167,26.342138000018167
2594,0.02436438199993063,24.36438199993063
2595,0.023302070000227104,23.302070000227104
2596,0.02851858300027743,28.51858300027743
2597,0.024996240999826114,24.996240999826114
2598,0.02439241199999742,24.39241199999742
2599,0.022701276000134385,22.701276000134385
2600,0.03319277099990359,33.19277099990359
2601,0.02382821099990906,23.82821099990906
2602,0.02371967399994901,23.71967399994901
2603,0.0226256400001148,22.6256400001148
2604,0.029283302999829175,29.283302999829175
2605,0.023977770999863424,23.977770999863424
2606,0.024483114999839017,24.483114999839017
2607,0.023159435000252415,23.159435000252415
2608,0.02950640700009899,29.50640700009899
2609,0.024107027999889397,24.107027999889397
2610,0.02435964200003582,24.35964200003582
2611,0.02315153899962752,23.15153899962752
2612,0.029094174999954703,29.094174999954703
2613,0.02328941499990833,23.28941499990833
2614,0.023791088999587373,23.791088999587373
2615,0.023369368000203394,23.369368000203394
2616,0.032328756999959296,32.328756999959296
2617,0.024173813000288646,24.173813000288646
2618,0.024493847000030655,24.493847000030655
2619,0.02338010200037388,23.38010200037388
2620,0.030485983999824384,30.485983999824384
2621,0.024098181999761437,24.098181999761437
2622,0.02408741799990821,24.08741799990821
2623,0.024380080999890197,24.380080999890197
2624,0.02784917899998618,27.84917899998618
2625,0.023172441000042454,23.172441000042454
2626,0.02380037300008553,23.80037300008553
2627,0.022705118999965634,22.705118999965634
2628,0.0378954379998504,37.8954379998504
2629,0.02493624800035832,24.93624800035832
2630,0.024296489999869664,24.296489999869664
2631,0.023262557000180095,23.262557000180095
2632,0.0340770650000195,34.0770650000195
2633,0.029274273999817524,29.274273999817524
2634,0.023788899000010133,23.788899000010133
2635,0.02256535399965287,22.56535399965287
2636,0.03050969099967915,30.50969099967915
2637,0.02786284500007241,27.86284500007241
2638,0.024441310000383965,24.441310000383965
2639,0.02271852600006241,22.71852600006241
2640,0.033586812999601534,33.586812999601534
2641,0.024299178999626747,24.299178999626747
2642,0.024292223999964335,24.292223999964335
2643,0.02319486699980189,23.19486699980189
2644,0.028395230999649357,28.395230999649357
2645,0.02400208000017301,24.00208000017301
2646,0.02443376300016098,24.43376300016098
2647,0.02310180299991771,23.10180299991771
2648,0.02862765500003661,28.62765500003661
2649,0.024424073999853135,24.424073999853135
2650,0.023869997000019794,23.869997000019794
2651,0.022651440000117873,22.651440000117873
2652,0.03359026299995094,33.59026299995094
2653,0.02432245599993621,24.32245599993621
2654,0.024392694999733067,24.392694999733067
2655,0.023177896000106557,23.177896000106557
2656,0.030504573000143864,30.504573000143864
2657,0.03030669499958094,30.30669499958094
2658,0.02449763000004168,24.49763000004168
2659,0.024827707999975246,24.827707999975246
2660,0.04465610300030676,44.65610300030676
2661,0.02661098699991271,26.61098699991271
2662,0.028808725000089908,28.808725000089908
2663,0.03255749299978561,32.55749299978561
2664,0.045929956000236416,45.929956000236416
2665,0.029647540000041772,29.647540000041772
2666,0.024432138000065606,24.432138000065606
2667,0.023211899000216363,23.211899000216363
2668,0.04108904099985011,41.08904099985011
2669,0.02604673600035312,26.04673600035312
2670,0.02461695800002417,24.61695800002417
2671,0.024732405000122526,24.732405000122526
2672,0.03841220499998599,38.41220499998599
2673,0.024611067000023468,24.611067000023468
2674,0.02427931099964553,24.27931099964553
2675,0.023141609000049357,23.141609000049357
2676,0.031099040000299283,31.099040000299283
2677,0.0353109749999021,35.3109749999021
2678,0.028627985999719385,28.627985999719385
2679,0.02295107200006896,22.95107200006896
2680,0.03503583800011256,35.03583800011256
2681,0.02828667099993254,28.28667099993254
2682,0.024315744999967137,24.315744999967137
2683,0.023313983000207372,23.313983000207372
2684,0.034256365000146616,34.256365000146616
2685,0.02426910099984525,24.26910099984525
2686,0.023821394000151486,23.821394000151486
2687,0.02257358499991824,22.57358499991824
2688,0.027765273999648343,27.765273999648343
2689,0.02752310000005309,27.52310000005309
2690,0.024367944000005082,24.36794400000508
2691,0.024082284000087384,24.082284000087384
2692,0.028414115000032325,28.414115000032325
2693,0.024692716999652475,24.692716999652475
2694,0.024390440999923158,24.390440999923158
2695,0.023250059000019974,23.250059000019974
2696,0.027981046999684622,27.981046999684622
2697,0.026113287000043783,26.113287000043783
2698,0.023808316999748058,23.808316999748058
2699,0.022530704000018886,22.530704000018886
2700,0.032236458999705064,32.236458999705064
2701,0.02530978899994807,25.30978899994807
2702,0.024313993000305345,24.313993000305345
2703,0.023155162999955792,23.15516299995579
2704,0.02812834699989253,28.12834699989253
2705,0.02409126800012018,24.09126800012018
2706,0.023726124000404525,23.726124000404525
2707,0.02249583699995128,22.49583699995128
2708,0.029220475999863993,29.220475999863993
2709,0.026281051999831107,26.281051999831107
2710,0.023713616999884835,23.713616999884835
2711,0.022632202000295365,22.632202000295365
2712,0.03246754800011331,32.46754800011331
2713,0.026500461000068753,26.500461000068753
2714,0.02460512200013909,24.60512200013909
2715,0.023245131999829027,23.245131999829027
2716,0.03150216400035788,31.50216400035788
2717,0.029276607999690896,29.276607999690896
2718,0.02440074900005129,24.40074900005129
2719,0.02332176400022945,23.32176400022945
2720,0.030498875999910524,30.498875999910524
2721,0.029020749000210344,29.020749000210344
2722,0.023896108999906573,23.896108999906573
2723,0.0287398390000817,28.7398390000817
2724,0.03732692499988843,37.32692499988843
2725,0.029677182000341418,29.677182000341418
2726,0.02366818299969964,23.66818299969964
2727,0.02264767099995879,22.64767099995879
2728,0.040326245999949606,40.326245999949606
2729,0.02426518300035241,24.26518300035241
2730,0.02378386100008356,23.78386100008356
2731,0.02241481000010026,22.41481000010026
2732,0.04053319700005886,40.53319700005886
2733,0.024113772999953653,24.113772999953653
2734,0.02403078999986974,24.03078999986974
2735,0.024147845999777928,24.14784599977793
2736,0.03301084199983961,33.01084199983961
2737,0.024796185000013793,24.796185000013793
2738,0.023667130999911024,23.667130999911024
2739,0.0227928580002299,22.7928580002299
2740,0.02866625600017869,28.66625600017869
2741,0.023079602000052546,23.079602000052546
2742,0.023957798999617808,23.957798999617808
2743,0.02251802899991162,22.51802899991162
2744,0.030695616999764752,30.695616999764752
2745,0.027472805999877892,27.47280599987789
2746,0.023846180999953503,23.846180999953503
2747,0.022686714999963442,22.686714999963442
2748,0.03540098100029354,35.40098100029354
2749,0.024048812000273756,24.048812000273756
2750,0.024392940000325325,24.392940000325325
2751,0.023367028999928152,23.367028999928152
2752,0.03298781300009068,32.98781300009068
2753,0.028701378000278055,28.701378000278055
2754,0.023931228000037663,23.931228000037663
2755,0.023417031999997562,23.417031999997562
2756,0.025460845999987214,25.460845999987214
2757,0.03248106599994571,32.48106599994571
2758,0.024125978000029136,24.125978000029136
2759,0.022833653000361664,22.833653000361664
2760,0.030360830000063288,30.360830000063288
2761,0.027778691000094113,27.778691000094113
2762,0.023719702999642323,23.719702999642323
2763,0.02293928200015216,22.93928200015216
2764,0.04198699200014744,41.98699200014744
2765,0.0254727209999146,25.4727209999146
2766,0.024049075999755587,24.049075999755587
2767,0.023098107999885542,23.098107999885542
2768,0.032431346000066696,32.431346000066696
2769,0.027793655000095896,27.793655000095896
2770,0.024101302999952168,24.101302999952168
2771,0.022535632000199257,22.535632000199257
2772,0.030334996999954456,30.334996999954456
2773,0.02746451100028935,27.46451100028935
2774,0.023977913000180706,23.977913000180706
2775,0.02349856999990152,23.49856999990152
2776,0.025855366000087088,25.855366000087088
2777,0.032997826999690005,32.997826999690005
2778,0.024902007000036974,24.902007000036974
2779,0.023655173999941326,23.655173999941326
2780,0.04216141000006246,42.16141000006246
2781,0.02381710000008752,23.81710000008752
2782,0.023699378999936016,23.699378999936016
2783,0.023327572999733093,23.327572999733093
2784,0.030924270000014076,30.924270000014076
2785,0.028070045000276878,28.070045000276878
2786,0.023730075000003126,23.730075000003126
2787,0.02258402000006754,22.58402000006754
2788,0.03207626399989749,32.07626399989749
2789,0.024042731999998068,24.042731999998068
2790,0.0244778490000499,24.4778490000499
2791,0.023163318000115396,23.163318000115396
2792,0.028060954000011407,28.060954000011407
2793,0.02384100200015382,23.84100200015382
2794,0.023793852999915543,23.793852999915543
2795,0.023344153999914852,23.34415399991485
2796,0.030134470999655605,30.134470999655605
2797,0.03214918399999078,32.14918399999078
2798,0.02197168300017438,21.97168300017438
2799,0.02072201100008897,20.72201100008897
2800,0.03369460400017488,33.69460400017488
2801,0.02301036600010775,23.01036600010775
2802,0.022501764000026014,22.501764000026014
2803,0.02123238800004401,21.23238800004401
2804,0.03845639300016046,38.45639300016046
2805,0.023170720999587502,23.170720999587502
2806,0.02187807799964503,21.87807799964503
2807,0.020842848000029335,20.842848000029335
2808,0.03671424499998466,36.71424499998466
2809,0.02266323599997122,22.66323599997122
2810,0.022239400999751524,22.239400999751524
2811,0.021239019999939046,21.239019999939046
2812,0.033088852999753726,33.088852999753726
2813,0.025241585000003397,25.241585000003397
2814,0.022159952000038174,22.159952000038174
2815,0.020733762999952887,20.733762999952887
2816,0.03529737799999566,35.29737799999566
2817,0.02309731199966336,23.09731199966336
2818,0.022753495999950246,22.753495999950246
2819,0.02138726300017879,21.38726300017879
2820,0.03315032699993026,33.15032699993026
2821,0.02765638199980458,27.65638199980458
2822,0.022137242000098922,22.137242000098922
2823,0.021840165999947203,21.840165999947203
2824,0.04209230599963121,42.09230599963121
2825,0.029221336000318843,29.221336000318843
2826,0.02875568299987208,28.75568299987208
2827,0.02496545799976957,24.96545799976957
2828,0.03293765999978859,32.93765999978859
2829,0.028935607000221353,28.935607000221353
2830,0.02246888499985289,22.46888499985289
2831,0.02169925799989869,21.69925799989869
2832,0.030785277000177302,30.785277000177302
2833,0.027860873000008723,27.860873000008723
2834,0.022184961000220937,22.184961000220937
2835,0.02153754500022842,21.53754500022842
2836,0.027785370999936276,27.785370999936276
2837,0.028751714999998512,28.751714999998512
2838,0.02228269100032776,22.28269100032776
2839,0.02130089100000987,21.30089100000987
2840,0.032241352000255574,32.241352000255574
2841,0.02316007499985062,23.16007499985062
2842,0.022452519000125903,22.452519000125903
2843,0.02131760200018107,21.31760200018107
2844,0.03299419599989051,32.99419599989051
2845,0.02575845899991691,25.75845899991691
2846,0.026266532000136067,26.266532000136067
2847,0.023269710000022314,23.269710000022314
2848,0.038177893000010954,38.177893000010954
2849,0.02312372599999435,23.12372599999435
2850,0.023846689000038168,23.846689000038168
2851,0.022759302999929787,22.759302999929787
2852,0.03148800500002835,31.488005000028352
2853,0.02869190499995966,28.69190499995966
2854,0.024436306999632507,24.436306999632507
2855,0.023758085000281426,23.758085000281426
2856,0.03207085400026699,32.07085400026699
2857,0.02371253199999046,23.71253199999046
2858,0.024248375999832206,24.248375999832206
2859,0.02269292500022857,22.69292500022857
2860,0.03432952799994382,34.32952799994382
2861,0.023822137000024668,23.822137000024668
2862,0.02436299200007852,24.36299200007852
2863,0.02353574100015976,23.53574100015976
2864,0.04354025999964506,43.54025999964506
2865,0.02333563599995614,23.33563599995614
2866,0.023370079999949667,23.370079999949667
2867,0.02275448199998209,22.75448199998209
2868,0.03200105999985681,32.00105999985681
2869,0.02707300599968221,27.07300599968221
2870,0.023720550000234653,23.720550000234653
2871,0.023038152000026457,23.038152000026457
2872,0.035930923000250914,35.930923000250914
2873,0.024327117999746406,24.327117999746406
2874,0.024217428999691037,24.217428999691037
2875,0.023129914000037388,23.129914000037388
2876,0.028015209999921353,28.015209999921353
2877,0.02829880699982823,28.29880699982823
2878,0.023992612000256486,23.992612000256486
2879,0.022798922000220045,22.798922000220045
2880,0.033923652000339644,33.923652000339644
2881,0.030304751000130636,30.304751000130636
2882,0.024239780999778304,24.239780999778304
2883,0.023821730999770807,23.821730999770807
2884,0.02808108799990805,28.08108799990805
2885,0.02712376299996322,27.12376299996322
2886,0.02360627400003068,23.60627400003068
2887,0.02280380599995624,22.80380599995624
2888,0.031231759000093007,31.231759000093007
2889,0.02460513699998046,24.60513699998046
2890,0.028594888000043284,28.594888000043284
2891,0.023418212000251515,23.418212000251515
2892,0.027487663000101747,27.487663000101747
2893,0.030454586000359996,30.454586000359996
2894,0.02391759900001489,23.91759900001489
2895,0.02302280599997175,23.02280599997175
2896,0.031523024999842164,31.523024999842164
2897,0.028916238999954658,28.916238999954658
2898,0.02438158499990095,24.38158499990095
2899,0.023160498999914125,23.160498999914125
2900,0.03004790500017407,30.04790500017407
2901,0.028078659000129846,28.078659000129846
2902,0.023711822000223037,23.711822000223037
2903,0.02246887199999037,22.46887199999037
2904,0.030070414999954664,30.070414999954664
2905,0.027670647999912035,27.670647999912035
2906,0.02396302499982994,23.96302499982994
2907,0.02274341300017113,22.74341300017113
2908,0.0311305939999329,31.1305939999329
2909,0.024985926000226755,24.985926000226755
2910,0.024225455000305374,24.225455000305374
2911,0.023147381999933714,23.147381999933714
2912,0.027959086000009847,27.959086000009847
2913,0.027100368999981583,27.100368999981583
2914,0.023675290000028326,23.675290000028326
2915,0.022526727999775176,22.526727999775176
2916,0.03180565499997101,31.80565499997101
2917,0.023298121000152605,23.298121000152605
2918,0.02396930299983069,23.96930299983069
2919,0.022432566000134102,22.432566000134102
2920,0.029378883999925165,29.378883999925165
2921,0.02753466900003332,27.53466900003332
2922,0.024335319999863714,24.335319999863714
2923,0.023187088999748084,23.187088999748084
2924,0.03419503100030852,34.19503100030852
2925,0.02632377500003713,26.32377500003713
2926,0.02429525699972146,24.29525699972146
2927,0.02291835899995931,22.91835899995931
2928,0.02708163599982072,27.08163599982072
2929,0.030490402999930666,30.490402999930666
2930,0.024016036000375607,24.016036000375607
2931,0.02248992700015151,22.48992700015151
2932,0.029761242999938986,29.761242999938986
2933,0.028446167999845784,28.446167999845784
2934,0.02429361600025004,24.29361600025004
2935,0.023146840000208613,23.146840000208613
2936,0.030772297000112303,30.772297000112303
2937,0.029689589999634336,29.689589999634336
2938,0.02418166500001462,24.18166500001462
2939,0.022555817000011302,22.555817000011302
2940,0.03245199100001628,32.45199100001628
2941,0.023250163000284374,23.250163000284374
2942,0.023992767999970965,23.992767999970965
2943,0.022500181999930646,22.500181999930646
2944,0.03319974199985154,33.19974199985154
2945,0.02418460699982461,24.18460699982461
2946,0.028525396000077308,28.525396000077308
2947,0.0237868679996609,23.7868679996609
2948,0.1287674639997931,128.7674639997931
2949,0.04167857599986746,41.67857599986746
2950,0.02340700500008097,23.40700500008097
2951,0.022881034999954863,22.881034999954863
2952,0.03195952299984128,31.959522999841283
2953,0.023542295999959606,23.542295999959606
2954,0.023747899000227335,23.747899000227335
2955,0.022758652999982587,22.758652999982587
2956,0.03508919000023525,35.08919000023525
2957,0.023306672000217077,23.306672000217077
2958,0.023851268999806052,23.851268999806052
2959,0.022628521000115143,22.628521000115143
2960,0.037127800000234856,37.127800000234856
2961,0.030028075000245735,30.028075000245735
2962,0.024250354999821866,24.250354999821866
2963,0.02241389300024821,22.41389300024821
2964,0.042403735000334564,42.403735000334564
2965,0.024571283000113908,24.571283000113908
2966,0.023736842999824148,23.736842999824148
2967,0.022449005999988003,22.449005999988003
2968,0.0344832620003217,34.4832620003217
2969,0.028454873000100633,28.454873000100633
2970,0.024422027000127855,24.422027000127855
2971,0.023237770999912755,23.237770999912755
2972,0.039195495000058145,39.195495000058145
2973,0.02571300899990092,25.71300899990092
2974,0.02863061900006869,28.63061900006869
2975,0.022505462000026455,22.505462000026455
2976,0.03707658200028163,37.07658200028163
2977,0.024429393999980675,24.429393999980675
2978,0.0237311599998975,23.7311599998975
2979,0.0225039030001426,22.5039030001426
2980,0.041122573999928136,41.122573999928136
2981,0.02455172500003755,24.55172500003755
2982,0.024222965000262775,24.222965000262775
2983,0.022964166000292607,22.964166000292607
2984,0.029635363000124926,29.635363000124926
2985,0.029078865999963455,29.078865999963455
2986,0.02497266899990791,24.97266899990791
2987,0.025419999999940046,25.419999999940046
2988,0.0389115079997282,38.9115079997282
2989,0.027378255000257923,27.378255000257923
2990,0.03097203100014667,30.97203100014667
2991,0.02432053900020037,24.32053900020037
2992,0.0296975050000583,29.6975050000583
2993,0.026513077999879897,26.513077999879897
2994,0.026583374999972875,26.583374999972875
2995,0.024481632000060927,24.481632000060927
2996,0.044411631999992096,44.411631999992096
2997,0.024028398000154993,24.028398000154993
2998,0.02372920899961173,23.72920899961173
2999,0.02311071499980244,23.11071499980244
3000,0.03020399000024554,30.20399000024554
3001,0.02364156300018294,23.64156300018294
3002,0.023675153000112914,23.675153000112914
3003,0.022598186999857717,22.598186999857717
3004,0.028786914999727742,28.786914999727742
3005,0.030154678000144486,30.154678000144486
3006,0.03033909700025106,30.33909700025106
3007,0.02265650099980121,22.65650099980121
3008,0.029794540999773744,29.794540999773744
3009,0.024098861999846122,24.09886199984612
3010,0.024639133000164293,24.639133000164293
3011,0.023366057999737677,23.366057999737677
3012,0.029313798999737628,29.313798999737628
3013,0.024024952000218036,24.024952000218036
3014,0.024381390000144165,24.381390000144165
3015,0.02268975800006956,22.68975800006956
3016,0.036292940999828716,36.292940999828716
3017,0.024750175000008312,24.750175000008312
3018,0.02561919800018586,25.61919800018586
3019,0.024088737000056426,24.088737000056426
3020,0.02952432200027033,29.52432200027033
3021,0.029035834999831422,29.035834999831422
3022,0.023931050000101095,23.931050000101095
3023,0.02269457100010186,22.69457100010186
3024,0.03025758900002984,30.25758900002984
3025,0.028736576000028435,28.736576000028435
3026,0.02393622099998538,23.93622099998538
3027,0.0225496570001269,22.5496570001269
3028,0.030663751999782107,30.663751999782107
3029,0.02794644599998719,27.94644599998719
3030,0.024429173000044102,24.429173000044102
3031,0.022739071999694715,22.739071999694715
3032,0.031785466999735945,31.785466999735945
3033,0.024127879999923607,24.127879999923607
3034,0.02432392000036998,24.32392000036998
3035,0.023205055000289576,23.205055000289576
3036,0.02823749500021222,28.23749500021222
3037,0.0243645559999095,24.3645559999095
3038,0.025759874999948806,25.759874999948806
3039,0.022615037000377924,22.615037000377924
3040,0.028572143000019423,28.572143000019423
3041,0.02589102699994328,25.89102699994328
3042,0.02388007000035941,23.88007000035941
3043,0.022656591999748343,22.656591999748343
3044,0.02807464199986498,28.07464199986498
3045,0.02528841499997725,25.28841499997725
3046,0.023890855999979976,23.890855999979976
3047,0.022668959999919025,22.668959999919025
3048,0.03260943900022539,32.60943900022539
3049,0.02400985199983552,24.00985199983552
3050,0.02470681800014063,24.70681800014063
3051,0.034090165000179695,34.090165000179695
3052,0.04401610900004016,44.01610900004016
3053,0.023876640000253246,23.876640000253246
3054,0.02370007599984092,23.70007599984092
3055,0.022524892000092223,22.524892000092223
3056,0.02946844100006274,29.46844100006274
3057,0.02872354600003746,28.72354600003746
3058,0.024033875999975862,24.033875999975862
3059,0.022735699999884673,22.735699999884673
3060,0.029434140999910596,29.434140999910596
3061,0.0287988420000147,28.7988420000147
3062,0.02379678099987359,23.79678099987359
3063,0.02259093899965592,22.59093899965592
3064,0.031700732999979664,31.700732999979664
3065,0.028758960999766714,28.758960999766714
3066,0.02473616099996434,24.73616099996434
3067,0.0232052289998137,23.2052289998137
3068,0.036471806000008655,36.471806000008655
3069,0.02424561599991648,24.24561599991648
3070,0.02950782400012031,29.50782400012031
3071,0.023159325000051467,23.159325000051467
3072,0.03042782000011357,30.42782000011357
3073,0.028164612000182387,28.164612000182387
3074,0.024410891000115953,24.410891000115953
3075,0.022633685000073456,22.633685000073456
3076,0.030593436999879486,30.593436999879486
3077,0.028110974000355782,28.11097400035578
3078,0.02376476699964769,23.76476699964769
3079,0.02320273699979225,23.20273699979225
3080,0.03269149400011884,32.69149400011884
3081,0.02436340599979303,24.36340599979303
3082,0.024331557000095927,24.331557000095927
3083,0.023927416999868,23.927416999868
3084,0.03341308300014134,33.41308300014134
3085,0.02399817300010909,23.99817300010909
3086,0.02413794099993538,24.13794099993538
3087,0.02263060699988273,22.63060699988273
3088,0.02723672699994495,27.23672699994495
3089,0.028845999000168376,28.845999000168376
3090,0.023952900000040245,23.952900000040245
3091,0.023054718999901525,23.054718999901525
3092,0.030376298999726714,30.376298999726714
3093,0.029269235999890952,29.269235999890952
3094,0.024335779999546503,24.335779999546503
3095,0.02320107499963342,23.20107499963342
3096,0.03102570900000501,31.02570900000501
3097,0.028425337000044237,28.425337000044237
3098,0.023782891999871936,23.782891999871936
3099,0.022711840999818378,22.711840999818378
3100,0.03343821900034527,33.43821900034527
3101,0.024215347999870573,24.215347999870573
3102,0.02469047300019156,24.69047300019156
3103,0.024733210999784205,24.733210999784205
3104,0.029158372999972926,29.158372999972926
3105,0.028653185999701236,28.653185999701236
3106,0.023983885999768972,23.983885999768972
3107,0.022687023999878875,22.687023999878875
3108,0.029804013000102714,29.804013000102714
3109,0.028418793000128062,28.418793000128062
3110,0.02391353600023649,23.91353600023649
3111,0.02289489799977673,22.89489799977673
3112,0.02979267599994273,29.79267599994273
3113,0.028954284999599622,28.954284999599622
3114,0.024580882000009296,24.580882000009296
3115,0.02323357900013434,23.23357900013434
3116,0.03237146199990093,32.37146199990093
3117,0.024502102000042214,24.502102000042214
3118,0.023986133000107657,23.986133000107657
3119,0.022992804999830696,22.992804999830696
3120,0.0276212389999273,27.6212389999273
3121,0.028350133999992977,28.350133999992977
3122,0.02372873200010872,23.72873200010872
3123,0.022599879000154033,22.599879000154033
3124,0.031843199000377354,31.843199000377354
3125,0.023548411000319902,23.548411000319902
3126,0.02395821199979764,23.95821199979764
3127,0.02264128199976767,22.64128199976767
3128,0.03257185499978732,32.57185499978732
3129,0.024262284000087675,24.262284000087675
3130,0.024768086000221956,24.768086000221956
3131,0.023362272000213125,23.362272000213125
3132,0.027220221999868954,27.220221999868954
3133,0.031130188000133785,31.130188000133785
3134,0.02381442200021411,23.81442200021411
3135,0.02261150499998621,22.61150499998621
3136,0.029830955999841535,29.830955999841535
3137,0.03001881099999082,30.01881099999082
3138,0.023881031000200892,23.881031000200892
3139,0.022547935000147845,22.547935000147845
3140,0.02952267299997402,29.52267299997402
3141,0.03164595999987796,31.64595999987796
3142,0.02381516300010844,23.81516300010844
3143,0.022823479999715346,22.823479999715346
3144,0.03928265000013198,39.28265000013198
3145,0.02420543300013378,24.20543300013378
3146,0.02416622999999163,24.16622999999163
3147,0.02249669700040613,22.49669700040613
3148,0.03229879800028357,32.29879800028357
3149,0.02336774500008687,23.36774500008687
3150,0.023790627000380482,23.790627000380482
3151,0.02267520199984574,22.67520199984574
3152,0.03268211800013887,32.68211800013887
3153,0.02645869899970421,26.45869899970421
3154,0.02503536999984135,25.03536999984135
3155,0.02486684099994818,24.86684099994818
3156,0.03374262399984218,33.74262399984218
3157,0.027274298000065755,27.274298000065755
3158,0.027033431000290875,27.033431000290875
3159,0.02434160399980101,24.34160399980101
3160,0.033614780999869254,33.614780999869254
3161,0.023910820000310196,23.910820000310196
3162,0.02393037399997411,23.93037399997411
3163,0.022432764999848587,22.432764999848587
3164,0.030357609000020602,30.357609000020602
3165,0.02331892800020796,23.31892800020796
3166,0.02428603699991072,24.28603699991072
3167,0.02251903400019728,22.51903400019728
3168,0.03619546299978538,36.19546299978538
3169,0.023416176999944582,23.416176999944582
3170,0.023863001999870903,23.863001999870903
3171,0.0281770750002579,28.1770750002579
3172,0.036637727999732306,36.637727999732306
3173,0.02813998999999967,28.13998999999967
3174,0.025047792999885132,25.047792999885132
3175,0.023105181000119046,23.105181000119046
3176,0.028753176999998686,28.753176999998686
3177,0.028629479000301217,28.629479000301217
3178,0.023667006000323454,23.667006000323454
3179,0.022599197999625176,22.599197999625176
3180,0.02928716600035841,29.28716600035841
3181,0.028997986999911518,28.997986999911518
3182,0.03207161999989694,32.07161999989694
3183,0.023970903000190447,23.970903000190447
3184,0.028321632999904978,28.321632999904978
3185,0.03092813000012029,30.92813000012029
3186,0.024289124999995693,24.289124999995693
3187,0.023026101000141352,23.026101000141352
3188,0.029744377000042732,29.744377000042732
3189,0.029453640999690833,29.453640999690833
3190,0.02417023199996038,24.17023199996038
3191,0.022495339999750286,22.495339999750286
3192,0.030264945999988413,30.264945999988413
3193,0.02786556799992468,27.86556799992468
3194,0.023951746999955503,23.951746999955503
3195,0.022630878999734705,22.630878999734705
3196,0.0297486139998,29.7486139998
3197,0.027989738000087527,27.989738000087527
3198,0.023709394999968936,23.709394999968936
3199,0.022652135000043927,22.652135000043927
3200,0.029013085999849864,29.013085999849864
3201,0.028259611999601475,28.259611999601475
3202,0.0242593139996643,24.2593139996643
3203,0.023245141000188596,23.245141000188596
3204,0.0309255160000248,30.9255160000248
3205,0.024536772999908862,24.536772999908862
3206,0.023596856000040134,23.596856000040134
3207,0.024979211000299983,24.979211000299983
3208,0.027737953000269044,27.737953000269044
3209,0.026459794999937003,26.459794999937003
3210,0.023835509000036836,23.835509000036836
3211,0.023112960999696952,23.112960999696952
3212,0.03174428799957241,31.744287999572407
3213,0.02342576299997745,23.42576299997745
3214,0.024251192000065203,24.251192000065203
3215,0.023040786999899865,23.040786999899865
3216,0.02895505599963144,28.95505599963144
3217,0.03215123500012851,32.15123500012851
3218,0.024444764999770996,24.444764999770996
3219,0.023250421000284405,23.250421000284405
3220,0.03388278500005981,33.88278500005981
3221,0.029453649000060977,29.453649000060977
3222,0.02370145999975648,23.70145999975648
3223,0.022513239000090834,22.513239000090834
3224,0.031508576000305766,31.508576000305766
3225,0.024810924000121304,24.810924000121304
3226,0.023653054000078555,23.653054000078555
3227,0.022519153999837727,22.519153999837727
3228,0.03166036799984795,31.66036799984795
3229,0.025241065000045637,25.241065000045637
3230,0.024344564999864815,24.344564999864815
3231,0.023248484000305325,23.248484000305325
3232,0.0365717500003484,36.5717500003484
3233,0.024115194999922096,24.115194999922096
3234,0.024562285000229167,24.562285000229167
3235,0.02310467199959021,23.10467199959021
3236,0.030753336000088893,30.753336000088893
3237,0.028969657000288862,28.969657000288862
3238,0.02377923899985035,23.77923899985035
3239,0.022723306999978377,22.723306999978377
3240,0.02935541600027136,29.35541600027136
3241,0.027976964000117732,27.976964000117732
3242,0.02365796499998396,23.65796499998396
3243,0.022512583000207087,22.512583000207087
3244,0.031488789999912115,31.488789999912115
3245,0.027954921999935323,27.954921999935323
3246,0.023888329999863345,23.888329999863345
3247,0.022529005999786023,22.529005999786023
3248,0.030238042999826575,30.238042999826575
3249,0.028730230999826745,28.730230999826745
3250,0.024483220000092842,24.483220000092842
3251,0.023255094999967696,23.255094999967696
3252,0.03214631899982123,32.14631899982123
3253,0.02373758400017323,23.73758400017323
3254,0.024144718000115972,24.144718000115972
3255,0.02299650399982056,22.99650399982056
3256,0.036417497000002186,36.417497000002186
3257,0.024200309999741876,24.200309999741876
3258,0.02433887400002277,24.33887400002277
3259,0.023148013999616524,23.148013999616524
3260,0.026778619999731745,26.778619999731745
3261,0.028923625000061293,28.923625000061293
3262,0.02425851899988629,24.25851899988629
3263,0.022773104999942007,22.773104999942007
3264,0.02888617400003568,28.88617400003568
3265,0.029064098999697308,29.064098999697308
3266,0.023846706000313134,23.846706000313134
3267,0.022455540000009933,22.455540000009933
3268,0.029205560000264086,29.205560000264086
3269,0.02830230700010361,28.30230700010361
3270,0.02383018999989872,23.83018999989872
3271,0.022476340999673994,22.476340999673994
3272,0.02956940600006419,29.56940600006419
3273,0.029234641999664746,29.234641999664746
3274,0.024587994000285107,24.587994000285107
3275,0.0231338900002811,23.1338900002811
3276,0.030657651999717928,30.657651999717928
3277,0.028611809999802063,28.611809999802063
3278,0.024104112000259192,24.104112000259192
3279,0.022504598000068654,22.504598000068654
3280,0.03165343499995288,31.65343499995288
3281,0.024317074999999022,24.317074999999022
3282,0.023776837000241358,23.776837000241358
3283,0.022578735000024608,22.578735000024608
3284,0.03163616599977104,31.636165999771038
3285,0.02347668899983546,23.47668899983546
3286,0.023722101999737788,23.722101999737788
3287,0.022665327999675355,22.665327999675355
3288,0.0335436249997656,33.5436249997656
3289,0.024174593000225286,24.174593000225286
3290,0.02443569499973819,24.43569499973819
3291,0.023482196000259137,23.482196000259137
3292,0.03363814999966053,33.63814999966053
3293,0.0293907059999583,29.3907059999583
3294,0.024246206000043458,24.246206000043458
3295,0.02243996800007153,22.43996800007153
3296,0.034782495999934326,34.782495999934326
3297,0.025381704000210448,25.381704000210448
3298,0.025424018000194337,25.424018000194337
3299,0.023078945000179374,23.078945000179374
3300,0.039334084000074654,39.334084000074654
3301,0.024532954999813228,24.532954999813228
3302,0.023706341999968572,23.706341999968572
3303,0.02245776300014768,22.45776300014768
3304,0.03539786900000763,35.39786900000763
3305,0.029182325999954628,29.182325999954628
3306,0.02426610900010928,24.26610900010928
3307,0.023912665000352717,23.912665000352717
3308,0.028791428999738855,28.791428999738855
3309,0.0239888019996215,23.9888019996215
3310,0.023696128000210592,23.696128000210592
3311,0.022646434999842313,22.646434999842313
3312,0.03548924899996564,35.48924899996564
3313,0.024078529000234994,24.078529000234994
3314,0.024295689000155107,24.295689000155107
3315,0.023271661000308086,23.271661000308086
3316,0.02782373199988797,27.82373199988797
3317,0.03066443399984564,30.66443399984564
3318,0.025271747000260802,25.271747000260802
3319,0.02505653500020344,25.05653500020344
3320,0.049400792000142246,49.400792000142246
3321,0.026159940000070492,26.159940000070492
3322,0.026190079000116384,26.190079000116384
3323,0.025398470000254747,25.398470000254747
3324,0.04553571899987219,45.53571899987219
3325,0.024903183999867906,24.903183999867906
3326,0.024071832000117865,24.071832000117865
3327,0.02399694499990801,23.99694499990801
3328,0.03967022300003009,39.67022300003009
3329,0.03366116500001226,33.66116500001226
3330,0.0253438439999627,25.3438439999627
3331,0.02378815600013695,23.78815600013695
3332,0.02837707800017597,28.37707800017597
3333,0.023183600999800547,23.183600999800547
3334,0.02376521699989098,23.76521699989098
3335,0.022713580999607075,22.713580999607075
3336,0.029182990999743197,29.182990999743197
3337,0.02789865100021416,27.89865100021416
3338,0.026626116999977967,26.626116999977967
3339,0.02424398699986341,24.24398699986341
3340,0.03551054099989415,35.51054099989415
3341,0.027451320000182022,27.451320000182022
3342,0.0243650920001528,24.3650920001528
3343,0.023233466999954544,23.233466999954544
3344,0.02874633100009305,28.74633100009305
3345,0.023574577000090358,23.574577000090358
3346,0.02386204499998712,23.86204499998712
3347,0.023162315000263334,23.162315000263334
3348,0.027355833999990864,27.355833999990864
3349,0.0298798179996993,29.8798179996993
3350,0.025011919000007765,25.011919000007765
3351,0.02624120900009075,26.24120900009075
3352,0.06161748599970451,61.61748599970451
3353,0.1114899190001779,111.4899190001779
3354,0.023421099000188406,23.421099000188406
3355,0.0225555480001276,22.5555480001276
3356,0.03108539799995924,31.08539799995924
3357,0.030242672999975184,30.242672999975184
3358,0.02383568599998398,23.83568599998398
3359,0.022560888000043633,22.560888000043633
3360,0.030435960999966483,30.435960999966483
3361,0.02805901100009578,28.05901100009578
3362,0.0239449410000816,23.9449410000816
3363,0.022716920000220853,22.716920000220853
3364,0.03245485200022813,32.45485200022813
3365,0.02428829299969948,24.28829299969948
3366,0.0243337789997895,24.3337789997895
3367,0.023315593999996054,23.315593999996054
3368,0.034615274000316276,34.615274000316276
3369,0.030783887000325194,30.783887000325194
3370,0.02447369699984847,24.47369699984847
3371,0.02268312899968805,22.68312899968805
3372,0.03913121499999761,39.13121499999761
3373,0.023914703000173176,23.914703000173176
3374,0.0236829749997014,23.6829749997014
3375,0.022676107000279444,22.676107000279444
3376,0.027965866000158712,27.965866000158712
3377,0.025910737000231165,25.910737000231165
3378,0.027757580000070448,27.757580000070448
3379,0.023190329000044585,23.190329000044585
3380,0.032639951999954064,32.639951999954064
3381,0.030683730999953696,30.683730999953696
3382,0.0244956420001472,24.4956420001472
3383,0.024052012000083778,24.052012000083778
3384,0.026326855999741383,26.326855999741383
3385,0.03440924899996389,34.40924899996389
3386,0.024326656000084768,24.326656000084768
3387,0.02279391599995506,22.79391599995506
3388,0.02804176000017833,28.04176000017833
3389,0.03017906100012624,30.17906100012624
3390,0.023767960999975912,23.767960999975912
3391,0.02252639200014528,22.52639200014528
3392,0.029731041999639274,29.731041999639274
3393,0.029167734000111523,29.167734000111523
3394,0.024719693999941228,24.719693999941228
3395,0.02332348199979606,23.32348199979606
3396,0.03145414799973878,31.45414799973878
3397,0.02827818199966714,28.27818199966714
3398,0.023719330999938393,23.719330999938393
3399,0.022611551999943913,22.611551999943913
3400,0.03223176599976796,32.23176599976796
3401,0.02464704200019696,24.64704200019696
3402,0.024444507000225713,24.444507000225713
3403,0.023551408999992418,23.551408999992418
3404,0.029485556000054203,29.485556000054203
3405,0.023571906999677594,23.571906999677594
3406,0.02459082599989415,24.59082599989415
3407,0.022686993000206712,22.686993000206712
3408,0.02816147399971669,28.16147399971669
3409,0.02359264999995503,23.59264999995503
3410,0.023865326999839453,23.865326999839453
3411,0.022738715000286902,22.738715000286902
3412,0.03297154799975033,32.97154799975033
3413,0.024199662000228273,24.199662000228273
3414,0.024329080999905273,24.329080999905273
3415,0.023203055000067252,23.203055000067252
3416,0.02835330200014141,28.35330200014141
3417,0.024101278000216553,24.101278000216553
3418,0.02475789599975542,24.75789599975542
3419,0.023356790999969235,23.356790999969235
3420,0.03780654399997729,37.80654399997729
3421,0.02357610900025975,23.57610900025975
3422,0.02392926999982592,23.92926999982592
3423,0.022716295999998692,22.716295999998692
3424,0.029920431999926222,29.920431999926222
3425,0.029390829000021768,29.390829000021768
3426,0.024324425000031624,24.324425000031624
3427,0.02346366699975988,23.46366699975988
3428,0.032101888000397594,32.101888000397594
3429,0.029149004999908357,29.149004999908357
3430,0.02415700600022319,24.15700600022319
3431,0.022636315999989165,22.636315999989165
3432,0.03244827900016389,32.44827900016389
3433,0.02422255800001949,24.22255800001949
3434,0.024442527999781305,24.442527999781305
3435,0.023580664999826695,23.580664999826695
3436,0.027481793999868387,27.481793999868387
3437,0.031669359000261466,31.669359000261466
3438,0.024224673999924562,24.224673999924562
3439,0.02270957000018825,22.70957000018825
3440,0.029543359000399505,29.543359000399505
3441,0.029345017000196094,29.345017000196094
3442,0.02454874299974108,24.54874299974108
3443,0.023814304000097763,23.814304000097763
3444,0.03072668499999054,30.72668499999054
3445,0.02888554400033172,28.88554400033172
3446,0.02400335099991935,24.00335099991935
3447,0.023013955999886093,23.013955999886093
3448,0.03462286199965092,34.62286199965092
3449,0.024131910000050993,24.131910000050993
3450,0.024490056000104232,24.490056000104232
3451,0.02268728699982603,22.68728699982603
3452,0.028406956000253558,28.406956000253558
3453,0.023389011999825016,23.389011999825016
3454,0.02384003399993162,23.84003399993162
3455,0.022918183999991015,22.918183999991015
3456,0.035217503999774635,35.217503999774635
3457,0.024224981000315893,24.224981000315893
3458,0.024423446000128024,24.423446000128024
3459,0.023241246999987197,23.241246999987197
3460,0.028169881999929203,28.169881999929203
3461,0.02979920799998581,29.79920799998581
3462,0.02379909899991617,23.79909899991617
3463,0.022580828000172914,22.580828000172914
3464,0.029786690999571874,29.786690999571874
3465,0.028418905999842536,28.418905999842536
3466,0.023877753000306257,23.877753000306257
3467,0.022699861000091914,22.699861000091914
3468,0.03001551399984237,30.01551399984237
3469,0.03286569399961081,32.86569399961081
3470,0.024104613999952562,24.104613999952562
3471,0.022619534000114072,22.619534000114072
3472,0.030631245000222407,30.631245000222407
3473,0.0260988689997248,26.0988689997248
3474,0.02431673099999898,24.31673099999898
3475,0.023308371999974042,23.308371999974042
3476,0.02897848599968711,28.97848599968711
3477,0.02387475200021072,23.87475200021072
3478,0.024262173999886727,24.262173999886727
3479,0.022796862000177498,22.796862000177498
3480,0.02839376900010393,28.39376900010393
3481,0.030466355000044132,30.466355000044132
3482,0.0247052109998549,24.7052109998549
3483,0.026733294000223395,26.733294000223395
3484,0.033423953000237816,33.423953000237816
3485,0.03153411600032996,31.53411600032996
3486,0.024630147000152647,24.630147000152647
3487,0.02811590300007083,28.11590300007083
3488,0.02700859800006583,27.00859800006583
3489,0.029318798999611317,29.318798999611317
3490,0.023599290999754885,23.599290999754885
3491,0.022558234999905835,22.558234999905835
3492,0.027618222999990394,27.618222999990394
3493,0.028648250000060216,28.648250000060216
3494,0.023605874000168114,23.605874000168114
3495,0.022438981000050262,22.438981000050262
3496,0.02859336700021231,28.59336700021231
3497,0.02884980999988329,28.84980999988329
3498,0.02538388600032704,25.38388600032704
3499,0.024176952999823698,24.176952999823698
3500,0.028491517000020394,28.491517000020394
3501,0.028134763999787538,28.134763999787538
3502,0.024376254999879166,24.376254999879166
3503,0.023647375000109605,23.647375000109605
3504,0.031277711000257113,31.277711000257113
3505,0.02584930600005464,25.84930600005464
3506,0.023706717000095523,23.706717000095523
3507,0.022751078000055713,22.751078000055713
3508,0.0319200109997837,31.9200109997837
3509,0.02412547500034634,24.12547500034634
3510,0.024275604000195017,24.275604000195017
3511,0.02313607799987949,23.13607799987949
3512,0.02879860600023676,28.79860600023676
3513,0.02333982600021045,23.33982600021045
3514,0.023676652999711223,23.676652999711223
3515,0.022540566999850853,22.540566999850853
3516,0.027871910000158095,27.871910000158095
3517,0.0281184549999125,28.1184549999125
3518,0.024357529999633698,24.357529999633698
3519,0.023487573999773304,23.487573999773304
3520,0.03857781899978363,38.57781899978363
3521,0.023653437000120903,23.653437000120903
3522,0.024629096999888134,24.629096999888134
3523,0.023137823000070057,23.137823000070057
3524,0.027063212000030035,27.063212000030035
3525,0.028235654000127397,28.235654000127397
3526,0.023726196000097843,23.726196000097843
3527,0.022665819999929226,22.665819999929226
3528,0.027350201999979618,27.350201999979618
3529,0.028507345999969402,28.507345999969402
3530,0.023624033000032796,23.624033000032796
3531,0.022500051999941206,22.500051999941206
3532,0.028744374999860156,28.744374999860156
3533,0.028898770999603585,28.898770999603585
3534,0.024524958999791124,24.524958999791124
3535,0.024773549999736133,24.773549999736133
3536,0.030819057000371686,30.819057000371686
3537,0.028223204999903828,28.223204999903828
3538,0.02438255599963668,24.38255599963668
3539,0.02297318900036771,22.97318900036771
3540,0.03209434100017461,32.09434100017461
3541,0.02384319900011178,23.84319900011178
3542,0.024216722999881313,24.216722999881313
3543,0.023035901000184822,23.035901000184822
3544,0.026082117999976617,26.082117999976617
3545,0.043220360000304936,43.220360000304936
3546,0.024314002999744844,24.314002999744844
3547,0.02290657100002136,22.90657100002136
3548,0.03005363700003727,30.05363700003727
3549,0.028189523000037298,28.189523000037298
3550,0.023716446999969776,23.716446999969776
3551,0.022508862999984558,22.508862999984558
3552,0.03933892000031847,39.33892000031847
3553,0.02474653399985982,24.74653399985982
3554,0.024398257000029844,24.398257000029844
3555,0.023081505999925866,23.081505999925866
3556,0.029584122999949614,29.584122999949614
3557,0.028491573999872344,28.491573999872344
3558,0.023757075000048644,23.757075000048644
3559,0.02234537500044098,22.34537500044098
3560,0.029100491999997757,29.100491999997757
3561,0.028727303999858123,28.727303999858123
3562,0.023666660000344564,23.666660000344564
3563,0.02318390399977943,23.18390399977943
3564,0.030745291000130237,30.745291000130237
3565,0.0281087230000594,28.1087230000594
3566,0.02351548400019965,23.51548400019965
3567,0.022686617000090337,22.686617000090337
3568,0.03057465099982437,30.57465099982437
3569,0.028715008000290254,28.715008000290254
3570,0.024247069000011834,24.247069000011834
3571,0.023182080999959,23.182080999959
3572,0.03228786999989097,32.28786999989097
3573,0.02383291800015286,23.83291800015286
3574,0.024348519000341184,24.348519000341184
3575,0.02308386699996845,23.08386699996845
3576,0.02754353299997092,27.54353299997092
3577,0.026143778999994538,26.143778999994538
3578,0.023815117000140162,23.815117000140162
3579,0.02259192899964546,22.59192899964546
3580,0.0314771319999636,31.477131999963603
3581,0.025175448000027245,25.175448000027245
3582,0.024236921000010625,24.236921000010625
3583,0.023149341000134882,23.149341000134882
3584,0.03413680199992086,34.13680199992086
3585,0.024482944999817846,24.482944999817846
3586,0.02450796299990543,24.50796299990543
3587,0.023227108999890334,23.227108999890334
3588,0.026487171000098897,26.487171000098897
3589,0.029544341000018903,29.544341000018903
3590,0.023785866999787686,23.785866999787686
3591,0.02249157100004595,22.49157100004595
3592,0.02677949600001739,26.77949600001739
3593,0.030444838000221353,30.444838000221353
3594,0.024493505999998888,24.493505999998888
3595,0.02309323300005417,23.09323300005417
3596,0.029177416000038647,29.177416000038647
3597,0.0289171740000711,28.9171740000711
3598,0.023801800000001094,23.801800000001094
3599,0.022512136000386818,22.512136000386818
3600,0.02906233899966537,29.06233899966537
3601,0.028131423000104405,28.131423000104405
3602,0.02382037399956971,23.82037399956971
3603,0.022469183999874076,22.469183999874076
3604,0.028628232000301068,28.628232000301068
3605,0.028511314999832393,28.511314999832393
3606,0.023668748000091,23.668748000091
3607,0.02250059500011048,22.50059500011048
3608,0.030377124000096956,30.377124000096956
3609,0.028715675000057672,28.715675000057672
3610,0.024412509000285354,24.412509000285354
3611,0.02322923700012325,23.22923700012325
3612,0.03194058799999766,31.94058799999766
3613,0.025154893000035372,25.154893000035372
3614,0.024222710999765695,24.222710999765695
3615,0.023174445000222477,23.174445000222477
3616,0.027820078999866382,27.820078999866382
3617,0.02679763100013588,26.79763100013588
3618,0.02381863499977044,23.81863499977044
3619,0.02268206000007922,22.68206000007922
3620,0.030523811999955797,30.523811999955797
3621,0.02734883399989485,27.34883399989485
3622,0.023841911000090477,23.841911000090477
3623,0.022516465000080643,22.516465000080643
3624,0.03061095600014596,30.61095600014596
3625,0.027033821999793872,27.033821999793872
3626,0.02422445799993511,24.22445799993511
3627,0.023038149000058183,23.038149000058183
3628,0.028040543999850343,28.040543999850343
3629,0.02682291399969472,26.82291399969472
3630,0.0235771949996888,23.5771949996888
3631,0.02259262799998396,22.59262799998396
3632,0.030658384000162187,30.658384000162187
3633,0.026445894000062253,26.445894000062253
3634,0.02370388200006346,23.70388200006346
3635,0.022527921999881073,22.527921999881073
3636,0.03171551300010833,31.71551300010833
3637,0.024559683999996196,24.559683999996196
3638,0.02424921900001209,24.24921900001209
3639,0.023053792999689904,23.053792999689904
3640,0.027978545999758353,27.978545999758353
3641,0.02648166900007709,26.48166900007709
3642,0.02381816400020398,23.81816400020398
3643,0.022488009999960923,22.488009999960923
3644,0.03032231299994237,30.32231299994237
3645,0.027309283000249707,27.309283000249707
3646,0.024814779999815073,24.814779999815073
3647,0.025655798000116192,25.655798000116192
3648,0.044695763000163424,44.695763000163424
3649,0.028459396000016568,28.459396000016568
3650,0.024378466999678494,24.378466999678494
3651,0.023613690999809478,23.613690999809478
3652,0.030229412999688066,30.229412999688066
3653,0.034035208000204875,34.035208000204875
3654,0.025516196999888052,25.516196999888052
3655,0.024445341000046028,24.445341000046028
3656,0.04114996299995255,41.14996299995255
3657,0.02427506000003632,24.27506000003632
3658,0.024240006999662,24.240006999662
3659,0.02285863600036464,22.85863600036464
3660,0.030132355999739957,30.132355999739957
3661,0.028477152999585087,28.477152999585087
3662,0.023636673000055453,23.636673000055453
3663,0.022579925000172807,22.579925000172807
3664,0.02951732900010029,29.51732900010029
3665,0.03086596399998598,30.86596399998598
3666,0.02516848300001584,25.16848300001584
3667,0.025290460000178427,25.290460000178427
3668,0.027737698000237287,27.737698000237287
3669,0.0311122510001951,31.1122510001951
3670,0.024327174000063678,24.32717400006368
3671,0.023101733999737917,23.101733999737917
3672,0.029882595999879413,29.882595999879413
3673,0.029207111000232544,29.207111000232544
3674,0.024587523999798577,24.587523999798577
3675,0.02256624300025578,22.56624300025578
3676,0.030334152999785147,30.334152999785147
3677,0.0281840029997511,28.1840029997511
3678,0.02468687000009595,24.68687000009595
3679,0.023158844000136014,23.158844000136014
3680,0.031488714999795775,31.488714999795775
3681,0.025631039000018063,25.631039000018063
3682,0.024257718000171735,24.257718000171735
3683,0.02518183099982707,25.18183099982707
3684,0.027327316999617324,27.327316999617324
3685,0.03402484199978062,34.02484199978062
3686,0.02444997200018406,24.44997200018406
3687,0.023121398000057525,23.121398000057525
3688,0.0314500960002988,31.4500960002988
3689,0.02812995599970236,28.12995599970236
3690,0.02371979999998075,23.71979999998075
3691,0.0225354359999983,22.5354359999983
3692,0.030172174999734125,30.172174999734125
3693,0.028072338000129093,28.072338000129093
3694,0.02386476900028356,23.86476900028356
3695,0.022553998000148567,22.553998000148567
3696,0.03233238800021354,32.33238800021354
3697,0.02405685399980939,24.05685399980939
3698,0.024202338000122836,24.202338000122836
3699,0.02308661500001108,23.08661500001108
3700,0.029817042999638943,29.817042999638943
3701,0.026020856000286585,26.020856000286585
3702,0.024652367000271624,24.652367000271624
3703,0.02334403100030613,23.34403100030613
3704,0.028287301000091247,28.287301000091247
3705,0.023247994000030303,23.247994000030303
3706,0.0238351020002483,23.8351020002483
3707,0.022676215000046795,22.676215000046795
3708,0.03236385699983657,32.36385699983657
3709,0.02374304500017388,23.74304500017388
3710,0.02425615599986486,24.25615599986486
3711,0.026128986999992776,26.128986999992776
3712,0.04217414899994765,42.17414899994765
3713,0.023770631999923353,23.770631999923353
3714,0.023639772000024095,23.639772000024095
3715,0.024544137999782834,24.544137999782834
3716,0.03074716899982377,30.74716899982377
3717,0.026037933000225166,26.037933000225166
3718,0.02360552199979793,23.60552199979793
3719,0.02328999700011991,23.28999700011991
3720,0.04225942399989435,42.25942399989435
3721,0.02488775399979204,24.88775399979204
3722,0.023691198000051372,23.691198000051372
3723,0.0230797609997353,23.0797609997353
3724,0.03301267300003019,33.01267300003019
3725,0.02846026699990034,28.46026699990034
3726,0.02372637400003441,23.72637400003441
3727,0.02315997799996694,23.15997799996694
3728,0.038743648000036046,38.743648000036046
3729,0.02406208100001095,24.06208100001095
3730,0.02489866299993082,24.89866299993082
3731,0.022507426999709423,22.507426999709423
3732,0.032500517000244145,32.500517000244145
3733,0.023875736000263714,23.875736000263714
3734,0.025041044999852602,25.041044999852602
3735,0.02319530799968561,23.19530799968561
3736,0.03060873200001879,30.60873200001879
3737,0.028865455999948608,28.865455999948608
3738,0.024313505999998597,24.313505999998597
3739,0.023356374999821128,23.356374999821128
3740,0.03436660799980018,34.36660799980018
3741,0.026598643999932392,26.598643999932392
3742,0.02369405099989308,23.69405099989308
3743,0.02334792900001048,23.34792900001048
3744,0.026327428000058717,26.327428000058717
3745,0.03435871900001075,34.35871900001075
3746,0.024301182000272092,24.301182000272092
3747,0.028401298000062525,28.401298000062525
3748,0.03251202399997055,32.51202399997055
3749,0.02862947300036467,28.62947300036467
3750,0.024363832999824808,24.363832999824808
3751,0.025947763999738527,25.947763999738527
3752,0.02749724499972217,27.49724499972217
3753,0.03163706800023647,31.637068000236468
3754,0.024842760999945313,24.842760999945313
3755,0.023118809000152396,23.118809000152396
3756,0.034369631000117806,34.369631000117806
3757,0.02753551099976903,27.53551099976903
3758,0.021963554000194563,21.963554000194563
3759,0.02082543100004841,20.82543100004841
3760,0.033549048000168114,33.54904800016811
3761,0.027258896000148525,27.258896000148525
3762,0.022780404000059207,22.780404000059207
3763,0.021434126000258402,21.434126000258402
3764,0.03489961000013864,34.89961000013864
3765,0.028159992000382772,28.159992000382772
3766,0.02245814000025348,22.45814000025348
3767,0.02165740899999946,21.65740899999946
3768,0.03504702600002929,35.04702600002929
3769,0.027738126999793167,27.738126999793167
3770,0.022064848999889364,22.064848999889364
3771,0.02135570300015388,21.35570300015388
3772,0.034378651000224636,34.378651000224636
3773,0.02605871900004786,26.05871900004786
3774,0.022165287000007083,22.165287000007083
3775,0.02088752800000293,20.88752800000293
3776,0.034735382000235404,34.735382000235404
3777,0.027830118000110815,27.830118000110815
3778,0.02202431500018065,22.02431500018065
3779,0.021061737000309222,21.061737000309222
3780,0.032428507000076934,32.428507000076934
3781,0.027886194000075193,27.886194000075193
3782,0.022655375999875105,22.655375999875105
3783,0.02243969900018783,22.43969900018783
3784,0.12270545699993818,122.70545699993818
3785,0.04150949299992135,41.50949299992135
3786,0.023268110000117304,23.268110000117304
3787,0.022842400999707024,22.842400999707024
3788,0.02842468300013934,28.42468300013934
3789,0.024615200999960507,24.615200999960507
3790,0.02376203199992233,23.76203199992233
3791,0.022805842999787274,22.805842999787274
3792,0.03531255100006092,35.31255100006092
3793,0.024164251999991393,24.164251999991393
3794,0.02434062999964226,24.34062999964226
3795,0.023338851000062277,23.338851000062277
3796,0.037392225000075996,37.392225000075996
3797,0.024250092999864137,24.250092999864137
3798,0.024060113999894384,24.060113999894384
3799,0.023332205000315298,23.332205000315298
3800,0.030412009000428952,30.412009000428952
3801,0.02800575800029037,28.00575800029037
3802,0.023774549999870942,23.774549999870942
3803,0.022675036000237014,22.675036000237014
3804,0.0313876899999741,31.3876899999741
3805,0.027836478999688552,27.836478999688552
3806,0.02393506399994294,23.93506399994294
3807,0.022598288000153843,22.598288000153843
3808,0.030566970000108995,30.566970000108995
3809,0.030008433000148216,30.008433000148216
3810,0.02451228500012803,24.51228500012803
3811,0.02357070100015335,23.57070100015335
3812,0.03780114799974399,37.80114799974399
3813,0.030024616999980935,30.024616999980935
3814,0.027397083999858296,27.397083999858296
3815,0.02352735800013761,23.52735800013761
3816,0.027834363000238227,27.834363000238227
3817,0.023639691999960633,23.639691999960633
3818,0.023617343999831064,23.617343999831064
3819,0.022723480999957246,22.723480999957246
3820,0.03151202499975625,31.51202499975625
3821,0.024057052999978623,24.057052999978623
3822,0.024212813999838545,24.212813999838545
3823,0.023165737999988778,23.165737999988778
3824,0.029325953000352456,29.325953000352456
3825,0.023956222999913734,23.956222999913734
3826,0.023627412000223558,23.627412000223558
3827,0.02248542000006637,22.48542000006637
3828,0.02963734100012516,29.63734100012516
3829,0.028105129999858036,28.105129999858036
3830,0.027255403000253864,27.255403000253864
3831,0.023792798000158655,23.792798000158655
3832,0.040089341000111745,40.089341000111745
3833,0.023493825999594264,23.493825999594264
3834,0.023258864000126778,23.258864000126778
3835,0.022481736999907298,22.481736999907298
3836,0.03015004200005933,30.15004200005933
3837,0.027714404000107606,27.714404000107606
3838,0.023714912999821536,23.714912999821536
3839,0.022672886000236758,22.67288600023676
3840,0.031238908999966952,31.238908999966952
3841,0.02788247400030741,27.88247400030741
3842,0.024528051000288542,24.528051000288542
3843,0.02301513900010832,23.01513900010832
3844,0.028176311000152054,28.176311000152054
3845,0.02732400599961693,27.32400599961693
3846,0.02370896700040248,23.70896700040248
3847,0.022574518000055832,22.574518000055832
3848,0.03235044499979267,32.35044499979267
3849,0.024376250999921467,24.376250999921467
3850,0.02418668600012097,24.18668600012097
3851,0.02328408399989712,23.28408399989712
3852,0.02896765100012999,28.96765100012999
3853,0.024166641000192612,24.166641000192612
3854,0.023647498000173073,23.647498000173073
3855,0.02256966699997065,22.56966699997065
3856,0.03298042599999462,32.98042599999462
3857,0.02400481899985607,24.00481899985607
3858,0.024348589000055654,24.348589000055654
3859,0.02307759099994655,23.07759099994655
3860,0.028213361999860354,28.213361999860354
3861,0.023932018999857974,23.932018999857974
3862,0.023837521999666933,23.837521999666933
3863,0.022451844999977766,22.451844999977766
3864,0.037960193999879266,37.960193999879266
3865,0.026122331999886228,26.122331999886228
3866,0.024637497999719926,24.637497999719926
3867,0.02282470399995873,22.82470399995873
3868,0.030006053000306565,30.006053000306565
3869,0.028778781999790226,28.778781999790226
3870,0.023831995999898936,23.831995999898936
3871,0.022817626999767526,22.817626999767526
3872,0.03213294399984079,32.13294399984079
3873,0.028150648000064393,28.150648000064393
3874,0.02860684899997068,28.60684899997068
3875,0.02620039600014934,26.20039600014934
3876,0.03013023499988776,30.13023499988776
3877,0.029462478999903396,29.462478999903396
3878,0.02434263600025588,24.34263600025588
3879,0.022494731999813666,22.494731999813666
3880,0.029955621999761206,29.955621999761206
3881,0.028325793000021804,28.325793000021804
3882,0.023839377999593125,23.839377999593125
3883,0.022613874999933614,22.613874999933614
3884,0.03017387999989296,30.17387999989296
3885,0.027996175999760453,27.996175999760453
3886,0.02372517699996024,23.72517699996024
3887,0.022517534000144224,22.517534000144224
3888,0.030181859000094846,30.181859000094846
3889,0.028380296000250382,28.380296000250382
3890,0.024244983999778924,24.244983999778924
3891,0.02419516099962493,24.19516099962493
3892,0.027928012999836938,27.928012999836938
3893,0.027682082999945123,27.682082999945123
3894,0.023637111999960325,23.637111999960325
3895,0.022484749000341253,22.484749000341253
3896,0.0305962150000596,30.5962150000596
3897,0.027125607000016316,27.125607000016316
3898,0.023640993000299204,23.640993000299204
3899,0.02286395100009031,22.86395100009031
3900,0.032318199000201275,32.318199000201275
3901,0.023984299000403553,23.984299000403553
3902,0.02437592499973107,24.37592499973107
3903,0.023344182000073488,23.344182000073488
3904,0.029310839000117994,29.310839000117994
3905,0.023875395000231947,23.875395000231947
3906,0.024309304999860615,24.309304999860615
3907,0.02388943300002211,23.88943300002211
3908,0.028965333000087412,28.965333000087412
3909,0.02344426099989505,23.44426099989505
3910,0.02416050700003325,24.16050700003325
3911,0.022521050999785075,22.521050999785075
3912,0.03292446899968127,32.92446899968127
3913,0.023898139000266383,23.898139000266383
3914,0.02423148600018976,24.23148600018976
3915,0.023185465000096883,23.185465000096883
3916,0.029177414000059798,29.177414000059798
3917,0.023683921999690938,23.683921999690938
3918,0.02433332300006441,24.33332300006441
3919,0.022840159000224958,22.840159000224958
3920,0.027541971000118792,27.541971000118792
3921,0.02696951900043132,26.96951900043132
3922,0.02385426999990159,23.85426999990159
3923,0.022692770000048768,22.692770000048768
3924,0.031226637000145274,31.226637000145274
3925,0.025205691000337538,25.205691000337538
3926,0.024422324000170192,24.422324000170192
3927,0.023143183999764005,23.143183999764005
3928,0.03593433500009269,35.93433500009269
3929,0.023925474999941798,23.925474999941798
3930,0.024328734999926382,24.328734999926382
3931,0.02315887600025235,23.15887600025235
3932,0.027318874000229698,27.318874000229698
3933,0.0297709470000882,29.7709470000882
3934,0.023667695999847638,23.667695999847638
3935,0.022495144000004075,22.495144000004075
3936,0.029593493999982456,29.593493999982456
3937,0.02861294700005601,28.61294700005601
3938,0.023922837000100117,23.922837000100117
3939,0.022517029000027833,22.517029000027833
3940,0.029397231000075408,29.397231000075408
3941,0.029071514999941428,29.071514999941428
3942,0.02447412899982737,24.47412899982737
3943,0.023198959000183095,23.198959000183095
3944,0.031402325999806635,31.402325999806635
3945,0.028426755000054982,28.426755000054982
3946,0.023967604000063147,23.967604000063147
3947,0.02258420099997238,22.58420099997238
3948,0.031173101000149472,31.173101000149472
3949,0.02530175900028553,25.30175900028553
3950,0.024531960999865987,24.531960999865987
3951,0.023106969999844296,23.106969999844296
3952,0.03546835599991027,35.46835599991027
3953,0.02374594699995214,23.74594699995214
3954,0.023684546999902523,23.684546999902523
3955,0.022593096000036894,22.593096000036894
3956,0.02638875200000257,26.38875200000257
3957,0.03370448700025008,33.70448700025008
3958,0.024392626999997447,24.392626999997447
3959,0.02338476799968703,23.38476799968703
3960,0.02930300600019109,29.30300600019109
3961,0.029455621000124665,29.455621000124665
3962,0.024258393999843975,24.258393999843975
3963,0.02328300399994987,23.28300399994987
3964,0.030203637000340677,30.203637000340677
3965,0.027789934999873367,27.789934999873367
3966,0.023808999999801017,23.808999999801017
3967,0.022722616999999445,22.722616999999445
3968,0.03224975000011909,32.24975000011909
3969,0.025236473999939335,25.236473999939335
3970,0.02415717299982134,24.15717299982134
3971,0.02343464000023232,23.43464000023232
3972,0.028214392999871052,28.214392999871052
3973,0.028648474999954487,28.648474999954487
3974,0.023598069999934523,23.598069999934523
3975,0.02376156099990112,23.76156099990112
3976,0.04447871499996836,44.47871499996836
3977,0.02685646200006886,26.85646200006886
3978,0.04588078400001905,45.88078400001905
3979,0.025168205000227317,25.168205000227317
3980,0.04798334599990994,47.98334599990994
3981,0.024357874000088486,24.357874000088486
3982,0.024466630000006262,24.466630000006262
3983,0.02311028299982354,23.11028299982354
3984,0.04449906799982273,44.49906799982273
3985,0.025610633000269445,25.610633000269445
3986,0.02451128999973662,24.51128999973662
3987,0.02445969199970932,24.45969199970932
3988,0.034987711000212585,34.987711000212585
3989,0.024075277000065398,24.075277000065398
3990,0.024379081999995833,24.379081999995833
3991,0.023284303000309592,23.284303000309592
3992,0.028577786999903765,28.577786999903765
3993,0.0246922800001812,24.6922800001812
3994,0.02600437299997793,26.00437299997793
3995,0.024268393999591353,24.268393999591353
3996,0.03820490999987669,38.20490999987669
3997,0.02799170200023582,27.99170200023582
3998,0.02456392100020821,24.56392100020821
3999,0.02257202500004496,22.57202500004496
4000,0.030512675999943895,30.512675999943895
4001,0.028362594000100216,28.362594000100216
4002,0.024270250999961718,24.270250999961718
4003,0.025225518000297598,25.225518000297598
4004,0.02899483099963618,28.99483099963618
4005,0.023933499000122538,23.933499000122538
4006,0.025121722999756457,25.121722999756457
4007,0.024662721999902715,24.662721999902715
4008,0.03851545299994541,38.51545299994541
4009,0.024001012000098854,24.001012000098854
4010,0.023503096999775153,23.503096999775153
4011,0.022795994999796676,22.795994999796676
4012,0.031239234000167926,31.239234000167926
4013,0.02836136300038561,28.36136300038561
4014,0.02431012399983956,24.31012399983956
4015,0.02254533800032732,22.54533800032732
4016,0.031205699000111053,31.205699000111053
4017,0.028824310000345577,28.824310000345577
4018,0.024377265000111947,24.377265000111947
4019,0.023576220999984798,23.5762209999848
4020,0.028195706000133214,28.195706000133214
4021,0.027477489999910176,27.477489999910176
4022,0.023785535999650165,23.785535999650165
4023,0.02258273500001451,22.58273500001451
4024,0.0313086299997849,31.3086299997849
4025,0.02510530800009292,25.10530800009292
4026,0.024320821999936015,24.320821999936015
4027,0.023070481000104337,23.070481000104337
4028,0.027508645000125398,27.508645000125398
4029,0.027530926000054023,27.530926000054023
4030,0.024645783000323718,24.645783000323718
4031,0.022616556000230048,22.616556000230048
4032,0.03150194299996656,31.50194299996656
4033,0.023141046000091592,23.141046000091592
4034,0.02381594700000278,23.81594700000278
4035,0.022622767000029853,22.622767000029853
4036,0.03431473599994206,34.31473599994206
4037,0.02393384499964668,23.93384499964668
4038,0.024421439999969152,24.421439999969152
4039,0.023719443999652867,23.719443999652867
4040,0.0304771329997493,30.4771329997493
4041,0.03607925599999362,36.07925599999362
4042,0.024647379999805707,24.647379999805707
4043,0.02299840799969388,22.99840799969388
4044,0.030268411999713862,30.268411999713862
4045,0.026394710000204213,26.394710000204213
4046,0.02372643699982291,23.72643699982291
4047,0.022811613000158104,22.811613000158104
4048,0.031978219999928115,31.978219999928115
4049,0.023815419000129623,23.815419000129623
4050,0.024403508999967016,24.403508999967016
4051,0.02310616900012974,23.10616900012974
4052,0.029256011999677867,29.256011999677867
4053,0.024134003999733977,24.134003999733977
4054,0.02393183100002716,23.93183100002716
4055,0.022477159000118263,22.477159000118263
4056,0.033402552000097785,33.402552000097785
4057,0.024374808000175108,24.374808000175108
4058,0.024458037999920634,24.458037999920634
4059,0.0235259760002009,23.5259760002009
4060,0.025497873999938747,25.497873999938747
4061,0.03386803199964561,33.86803199964561
4062,0.02365552499986734,23.65552499986734
4063,0.022446761000082915,22.446761000082915
4064,0.02794833200005087,27.94833200005087
4065,0.028714542999750847,28.714542999750847
4066,0.02374039400001493,23.74039400001493
4067,0.022464543000296544,22.464543000296544
4068,0.029655989999810117,29.655989999810117
4069,0.031044262000250455,31.044262000250455
4070,0.024605196000266005,24.605196000266005
4071,0.023108135999791557,23.108135999791557
4072,0.030397901000014826,30.397901000014826
4073,0.028505240999948,28.505240999948
4074,0.023728273999950034,23.728273999950034
4075,0.022626327000125457,22.626327000125457
4076,0.03044965399976718,30.44965399976718
4077,0.027055164999637782,27.055164999637782
4078,0.023854226999901584,23.854226999901584
4079,0.023143207999964943,23.143207999964943
4080,0.02573905500003093,25.73905500003093
4081,0.03186161700023149,31.86161700023149
4082,0.02511635800010481,25.11635800010481
4083,0.022812828000041918,22.812828000041918
4084,0.04131882699994094,41.31882699994094
4085,0.023691762999987986,23.691762999987986
4086,0.023560397999972338,23.560397999972338
4087,0.022541705000094225,22.541705000094225
4088,0.030234047999783797,30.234047999783797
4089,0.02804789699985122,28.04789699985122
4090,0.02404184399983933,24.04184399983933
4091,0.022794359999807057,22.794359999807057
4092,0.03139277799982665,31.39277799982665
4093,0.029877449000196066,29.877449000196066
4094,0.024306849999902624,24.306849999902624
4095,0.023206040000331996,23.206040000331996
4096,0.03767271200013056,37.67271200013056
4097,0.023977525000191235,23.977525000191235
4098,0.024996781000027113,24.996781000027113
4099,0.022490804999961256,22.490804999961256
4100,0.02580805200022951,25.80805200022951
4101,0.03629450100015674,36.29450100015674
4102,0.023850685999605048,23.850685999605048
4103,0.02262561799989271,22.62561799989271
4104,0.02963767299979736,29.63767299979736
4105,0.028016874000059033,28.016874000059033
4106,0.024067051999736577,24.067051999736577
4107,0.022503637000227172,22.503637000227172
4108,0.03092293800000334,30.92293800000334
4109,0.028441335000024992,28.441335000024992
4110,0.02436720899959255,24.36720899959255
4111,0.023185954999917158,23.185954999917158
4112,0.02794481699993412,27.94481699993412
4113,0.026992479999989882,26.992479999989882
4114,0.023777669000082824,23.777669000082824
4115,0.02314801600005012,23.14801600005012
4116,0.04754780299981576,47.54780299981576
4117,0.024254777999885846,24.254777999885846
4118,0.02500370000007024,25.00370000007024
4119,0.023278133000076195,23.278133000076195
4120,0.04145988499976738,41.45988499976738
4121,0.023857516999669315,23.857516999669315
4122,0.02386508200015669,23.86508200015669
4123,0.02274166199958927,22.74166199958927
4124,0.029112071999861655,29.112071999861655
4125,0.028772088999630796,28.772088999630796
4126,0.0237781509999877,23.7781509999877
4127,0.022557987000254798,22.557987000254798
4128,0.029100036999807344,29.100036999807344
4129,0.028287149000334466,28.287149000334466
4130,0.023799114999746962,23.799114999746962
4131,0.02323769100030404,23.23769100030404
4132,0.030227523000121437,30.227523000121437
4133,0.03078440799981763,30.78440799981763
4134,0.02424732400004359,24.24732400004359
4135,0.02311920200008899,23.11920200008899
4136,0.03231838000010612,32.31838000010612
4137,0.023865037000177836,23.865037000177836
4138,0.02455714400002762,24.55714400002762
4139,0.02341353700012405,23.41353700012405
4140,0.027413539000008313,27.413539000008313
4141,0.025631580999743164,25.631580999743164
4142,0.024039169999923615,24.039169999923615
4143,0.02259889100014334,22.59889100014334
4144,0.031949317999988125,31.949317999988125
4145,0.025870390999898518,25.870390999898518
4146,0.025307835999683448,25.307835999683448
4147,0.024900421999973332,24.900421999973332
4148,0.029369977000442304,29.369977000442304
4149,0.03256687800012514,32.56687800012514
4150,0.026285429999916232,26.285429999916232
4151,0.02382278100003532,23.82278100003532
4152,0.03345281800011435,33.45281800011435
4153,0.02389898700039339,23.89898700039339
4154,0.024272835999909148,24.272835999909148
4155,0.02316033699980835,23.16033699980835
4156,0.028118448999975953,28.118448999975953
4157,0.023133082000185823,23.133082000185823
4158,0.023838470000100642,23.838470000100642
4159,0.022672993000014685,22.672993000014685
4160,0.028488746000221,28.488746000221
4161,0.03223809100018116,32.23809100018116
4162,0.028329798999948252,28.329798999948252
4163,0.023379014000056486,23.379014000056486
4164,0.03148640399967917,31.48640399967917
4165,0.028829271999711636,28.829271999711636
4166,0.023650933999761037,23.650933999761037
4167,0.022904333000042243,22.904333000042243
4168,0.032781361999695946,32.781361999695946
4169,0.024375114000122267,24.375114000122267
4170,0.02427186899967637,24.27186899967637
4171,0.022698980999848573,22.698980999848573
4172,0.027483436999773403,27.483436999773403
4173,0.02433560400004353,24.33560400004353
4174,0.02436343499994109,24.36343499994109
4175,0.02256422200025554,22.56422200025554
4176,0.032305160999840155,32.305160999840155
4177,0.024039310999796726,24.039310999796726
4178,0.02436340799977188,24.36340799977188
4179,0.023256929999661224,23.256929999661224
4180,0.028699732999939442,28.699732999939442
4181,0.024144075000094745,24.144075000094745
4182,0.023793966000084765,23.793966000084765
4183,0.02250452199996289,22.50452199996289
4184,0.02886839599977975,28.86839599977975
4185,0.02709486300000208,27.09486300000208
4186,0.023803139999927225,23.803139999927225
4187,0.022563498000181426,22.563498000181426
4188,0.0315164509997885,31.516450999788503
4189,0.024087835000045743,24.087835000045743
4190,0.024291175000143994,24.291175000143994
4191,0.023150132999944617,23.150132999944617
4192,0.028497197999968193,28.497197999968193
4193,0.02547410299985131,25.47410299985131
4194,0.023642660999939835,23.642660999939835
4195,0.022519268999985798,22.519268999985798
4196,0.030435877999934746,30.435877999934746
4197,0.0291634069999418,29.1634069999418
4198,0.02459074500029601,24.59074500029601
4199,0.024997691999942617,24.997691999942617
4200,0.025656776999767317,25.656776999767317
4201,0.033811660000083066,33.811660000083066
4202,0.02394665999963763,23.94665999963763
4203,0.02260274299987941,22.60274299987941
4204,0.02822887100001026,28.22887100001026
4205,0.02932914700022593,29.32914700022593
4206,0.02737084800037337,27.37084800037337
4207,0.02540546499994889,25.40546499994889
4208,0.03264982499968028,32.64982499968028
4209,0.024200064000069688,24.200064000069688
4210,0.024079062000055274,24.079062000055274
4211,0.022504669999761973,22.504669999761973
4212,0.027561799000068277,27.561799000068277
4213,0.026714778000041406,26.714778000041406
4214,0.023726318000171887,23.726318000171887
4215,0.022934943000109342,22.934943000109342
4216,0.04307525000012902,43.07525000012902
4217,0.024344825000298442,24.344825000298442
4218,0.02445030399985626,24.45030399985626
4219,0.022504199000195513,22.504199000195513
4220,0.030153812000207836,30.153812000207836
4221,0.028207790000124078,28.207790000124078
4222,0.023690354999871488,23.690354999871488
4223,0.022724040999946737,22.724040999946737
4224,0.031324858000061795,31.324858000061795
4225,0.02882069199995385,28.82069199995385
4226,0.023592463999648317,23.592463999648317
4227,0.022412123999856703,22.412123999856703
4228,0.03092148400037331,30.92148400037331
4229,0.027241388000220468,27.241388000220468
4230,0.024160024000138947,24.160024000138947
4231,0.02310798300004535,23.10798300004535
4232,0.028903092000291508,28.903092000291508
4233,0.026256864000060887,26.256864000060887
4234,0.024251568000181578,24.251568000181578
4235,0.0227753340000163,22.7753340000163
4236,0.034067972999764606,34.067972999764606
4237,0.023906347999854916,23.906347999854916
4238,0.024371965000227647,24.371965000227647
4239,0.023353843000222696,23.353843000222696
4240,0.14411996199987698,144.11996199987698
4241,0.02262974299992493,22.62974299992493
4242,0.023311520999868662,23.311520999868662
4243,0.022490756000024703,22.490756000024703
4244,0.029898158999912994,29.898158999912994
4245,0.028489324000020133,28.489324000020133
4246,0.023637285999939195,23.637285999939195
4247,0.02250745499986806,22.50745499986806
4248,0.02989114599995446,29.89114599995446
4249,0.02804532400023163,28.04532400023163
4250,0.024335009999958856,24.335009999958856
4251,0.023082807999799115,23.082807999799115
4252,0.03248989800022173,32.48989800022173
4253,0.024837921999733226,24.837921999733226
4254,0.02429439200022898,24.29439200022898
4255,0.023293284999908792,23.293284999908792
4256,0.028274083000269457,28.274083000269457
4257,0.025433421999878192,25.433421999878192
4258,0.023732787999961147,23.732787999961147
4259,0.022515932000260364,22.515932000260364
4260,0.030395961000067473,30.395961000067473
4261,0.027771924000262516,27.771924000262516
4262,0.02446631500015428,24.46631500015428
4263,0.022527434000039648,22.527434000039648
4264,0.03299990499999694,32.99990499999694
4265,0.02404938100016807,24.04938100016807
4266,0.02420848700012357,24.20848700012357
4267,0.023114801999781776,23.114801999781776
4268,0.02784858599989093,27.84858599989093
4269,0.023808466999980737,23.808466999980737
4270,0.024332207000043127,24.332207000043127
4271,0.022467632999905618,22.467632999905618
4272,0.028584102999957395,28.584102999957395
4273,0.026859658999910607,26.859658999910607
4274,0.02365443899998354,23.65443899998354
4275,0.02251788600005966,22.51788600005966
4276,0.030269221999787987,30.269221999787987
4277,0.027398744999572955,27.398744999572955
4278,0.02359289300011369,23.59289300011369
4279,0.022877003000303375,22.877003000303375
4280,0.03536771300014152,35.36771300014152
4281,0.0243738500003019,24.3738500003019
4282,0.024635042999761936,24.635042999761936
4283,0.02320934199997282,23.20934199997282
4284,0.03198372599990762,31.98372599990762
4285,0.024281534999772703,24.281534999772703
4286,0.024034058999859553,24.034058999859553
4287,0.022752354000203923,22.752354000203923
4288,0.03236304299980475,32.36304299980475
4289,0.023934814000313054,23.934814000313054
4290,0.02374192499974015,23.74192499974015
4291,0.022769186999994417,22.769186999994417
4292,0.02908739099984814,29.08739099984814
4293,0.023065554999902815,23.065554999902815
4294,0.02876081099975636,28.76081099975636
4295,0.022761993000131042,22.761993000131042
4296,0.0299042560000089,29.9042560000089
4297,0.028748055000050954,28.748055000050954
4298,0.023754050999741594,23.754050999741594
4299,0.02251784800000678,22.51784800000678
4300,0.032574500999999145,32.574500999999145
4301,0.028687996999906318,28.687996999906318
4302,0.024604158000329335,24.604158000329335
4303,0.023155239000061556,23.155239000061556
4304,0.03828185199972722,38.28185199972722
4305,0.030375124999864056,30.375124999864056
4306,0.027281877000405075,27.281877000405075
4307,0.02925882299996374,29.25882299996374
4308,0.036511146999600896,36.511146999600896
4309,0.023393679000037082,23.393679000037082
4310,0.023597811999934493,23.597811999934493
4311,0.024425336999684077,24.425336999684077
4312,0.02790564799988715,27.90564799988715
4313,0.039922060999742826,39.922060999742826
4314,0.02656933600019329,26.56933600019329
4315,0.02419225399989955,24.19225399989955
4316,0.03296345199987627,32.96345199987627
4317,0.028638805999889883,28.638805999889883
4318,0.024318749000030948,24.318749000030948
4319,0.022638375000042288,22.638375000042288
4320,0.033977499999764404,33.977499999764404
4321,0.024393160000272474,24.393160000272474
4322,0.02431372899991402,24.31372899991402
4323,0.02807569499964302,28.07569499964302
4324,0.04875741699970604,48.75741699970604
4325,0.025665492999905837,25.665492999905837
4326,0.02354325499982224,23.54325499982224
4327,0.022820688000138034,22.820688000138034
4328,0.03056618700020408,30.56618700020408
4329,0.027824556000268785,27.824556000268785
4330,0.023743353000099887,23.743353000099887
4331,0.02246796400004314,22.46796400004314
4332,0.031314194000060525,31.314194000060525
4333,0.028406060000179423,28.406060000179423
4334,0.024533691999749863,24.533691999749863
4335,0.023682737000399356,23.682737000399356
4336,0.026594611999826157,26.594611999826157
4337,0.032115671999690676,32.115671999690676
4338,0.026262886000040453,26.262886000040453
4339,0.023533896000117238,23.533896000117238
4340,0.026552783000170166,26.552783000170166
4341,0.03155257599973993,31.55257599973993
4342,0.02432807800005321,24.32807800005321
4343,0.023123014000248077,23.123014000248077
4344,0.030697606000103406,30.697606000103406
4345,0.028250494000076287,28.250494000076287
4346,0.023925910999878397,23.925910999878397
4347,0.02251139999998486,22.51139999998486
4348,0.030550933000085934,30.550933000085934
4349,0.02777613600028417,27.77613600028417
4350,0.023578297000312887,23.578297000312887
4351,0.02242565899996407,22.42565899996407
4352,0.030529310000019905,30.529310000019905
4353,0.02811395699973218,28.11395699973218
4354,0.02385950400002912,23.85950400002912
4355,0.022625829999924463,22.625829999924463
4356,0.03036446599980991,30.36446599980991
4357,0.028985681000449404,28.985681000449404
4358,0.02434463700001288,24.34463700001288
4359,0.024905262000174844,24.905262000174844
4360,0.028022492999753013,28.022492999753013
4361,0.024525325000013254,24.525325000013254
4362,0.02398612300021341,23.98612300021341
4363,0.02254439399985131,22.54439399985131
4364,0.0286030759998539,28.6030759998539
4365,0.02682550600002287,26.82550600002287
4366,0.023839361000227655,23.839361000227655
4367,0.02266676399995049,22.66676399995049
4368,0.03171219399973779,31.712193999737792
4369,0.028618974000437447,28.618974000437447
4370,0.027240602999881958,27.240602999881958
4371,0.023489592999794695,23.489592999794695
4372,0.030349639000178286,30.349639000178286
4373,0.02969942599975184,29.69942599975184
4374,0.024571660999754386,24.571660999754386
4375,0.02243199900021864,22.43199900021864
4376,0.029534319000049436,29.534319000049436
4377,0.02828431600028125,28.28431600028125
4378,0.023757289000059245,23.757289000059245
4379,0.022510304000206816,22.510304000206816
4380,0.03019505499969455,30.19505499969455
4381,0.027941725000346196,27.941725000346196
4382,0.023635242999716866,23.635242999716866
4383,0.02246038499970382,22.46038499970382
4384,0.031611987999895064,31.611987999895064
4385,0.02790800399998261,27.90800399998261
4386,0.0247319720001542,24.7319720001542
4387,0.02330831200015382,23.30831200015382
4388,0.0361984310002299,36.1984310002299
4389,0.02390020699976958,23.90020699976958
4390,0.025664998999673116,25.664998999673116
4391,0.02302673500025776,23.02673500025776
4392,0.029061969999929715,29.061969999929715
4393,0.02863933700018606,28.63933700018606
4394,0.02454609899996285,24.54609899996285
4395,0.022477945999980875,22.477945999980875
4396,0.029238263000024745,29.238263000024745
4397,0.028286306000154582,28.286306000154582
4398,0.02382011200006673,23.82011200006673
4399,0.023468495999622974,23.468495999622974
4400,0.030132809999940946,30.132809999940946
4401,0.02886963699984335,28.86963699984335
4402,0.024445914000352786,24.445914000352786
4403,0.02320563100010986,23.20563100010986
4404,0.03246709199993347,32.46709199993347
4405,0.02496925800005556,24.96925800005556
4406,0.02429128199992192,24.29128199992192
4407,0.022970679000081873,22.970679000081873
4408,0.027272835999610834,27.272835999610834
4409,0.027582636999795795,27.582636999795795
4410,0.023692136000136088,23.692136000136088
4411,0.022852103000332136,22.852103000332136
4412,0.030419171000175993,30.419171000175993
4413,0.027976342999863846,27.976342999863846
4414,0.02381418599998142,23.81418599998142
4415,0.023229203000028065,23.229203000028065
4416,0.0255894760002775,25.5894760002775
4417,0.03239158199994563,32.39158199994563
4418,0.024597626999820932,24.597626999820932
4419,0.02351107399999819,23.51107399999819
4420,0.02822128599973439,28.22128599973439
4421,0.024038091999955213,24.038091999955213
4422,0.024160646999916935,24.160646999916935
4423,0.024690353000096366,24.690353000096366
4424,0.028815036999731092,28.815036999731092
4425,0.023107971999706933,23.107971999706933
4426,0.023857218000102876,23.857218000102876
4427,0.022513139999773557,22.513139999773557
4428,0.031982058999801666,31.982058999801666
4429,0.023954235000019253,23.954235000019253
4430,0.02468479099979959,24.68479099979959
4431,0.023130971000227873,23.130971000227873
4432,0.028048417000263726,28.048417000263726
4433,0.0253461120000793,25.3461120000793
4434,0.024331103999884363,24.331103999884363
4435,0.022684776000005513,22.684776000005513
4436,0.03290589100015495,32.90589100015495
4437,0.023319308000282035,23.319308000282035
4438,0.023716466999758268,23.716466999758268
4439,0.0233132180001121,23.3132180001121
4440,0.03678257899991877,36.78257899991877
4441,0.02330959300024915,23.30959300024915
4442,0.02374522899981457,23.74522899981457
4443,0.023259743999915372,23.259743999915372
4444,0.02954810799974439,29.54810799974439
4445,0.029477764000148454,29.477764000148454
4446,0.02448886100000891,24.48886100000891
4447,0.02319001700016088,23.19001700016088
4448,0.0296382880001147,29.6382880001147
4449,0.0280379319997337,28.0379319997337
4450,0.023794232000000193,23.794232000000193
4451,0.02251602999967872,22.51602999967872
4452,0.030689319999964937,30.689319999964937
4453,0.028284149000228354,28.284149000228354
4454,0.02372529800004486,23.72529800004486
4455,0.022653085999991163,22.653085999991163
4456,0.042113579000215395,42.113579000215395
4457,0.02433180399975754,24.33180399975754
4458,0.024221795999892493,24.221795999892493
4459,0.023165754999808996,23.165754999808996
4460,0.030384234999928594,30.384234999928594
4461,0.02867265300028521,28.67265300028521
4462,0.024874694000118325,24.874694000118325
4463,0.022867945000143663,22.867945000143663
4464,0.029555788999914512,29.555788999914512
4465,0.028242508999937854,28.242508999937854
4466,0.02408694999985528,24.08694999985528
4467,0.022655801999917458,22.655801999917458
4468,0.031848996999997325,31.848996999997325
4469,0.02909988000010344,29.09988000010344
4470,0.023719348999748036,23.719348999748036
4471,0.022605484999985492,22.605484999985492
4472,0.04175148400008766,41.75148400008766
4473,0.024142695000136882,24.142695000136882
4474,0.024439853000330913,24.439853000330913
4475,0.02419827699986854,24.19827699986854
4476,0.03186512999991464,31.865129999914643
4477,0.03082182299976921,30.82182299976921
4478,0.02547316399977717,25.47316399977717
4479,0.02479198999981236,24.79198999981236
4480,0.03966028499962704,39.66028499962704
4481,0.025667447000159882,25.667447000159882
4482,0.023558856999898126,23.558856999898126
4483,0.022469357999852946,22.469357999852946
4484,0.03353405000007115,33.53405000007115
4485,0.025358521999805816,25.358521999805816
4486,0.0236625899997307,23.6625899997307
4487,0.02318820499976937,23.18820499976937
4488,0.03922952900029486,39.22952900029486
4489,0.023967117999745824,23.967117999745824
4490,0.025572732000000542,25.572732000000542
4491,0.027702936999958183,27.702936999958183
4492,0.03476761299998543,34.76761299998543
4493,0.023606582000411436,23.606582000411436
4494,0.02456977600013488,24.56977600013488
4495,0.021516675999919244,21.516675999919244
4496,0.0377502760002244,37.7502760002244
4497,0.022304167000129382,22.304167000129382
4498,0.021947482000086893,21.947482000086893
4499,0.020981508000204485,20.981508000204485
4500,0.035883364000255824,35.883364000255824
4501,0.02363035400003355,23.63035400003355
4502,0.022668540000267967,22.668540000267967
4503,0.02152935999993133,21.52935999993133
4504,0.03174746799959394,31.747467999593937
4505,0.024953540999831603,24.953540999831603
4506,0.022491749999971944,22.491749999971944
4507,0.02147382999964975,21.47382999964975
4508,0.03286071299999094,32.86071299999094
4509,0.027719037999759166,27.719037999759166
4510,0.022290556999905675,22.290556999905675
4511,0.021357853000154137,21.357853000154137
4512,0.03267239599972527,32.67239599972527
4513,0.02784587099995406,27.84587099995406
4514,0.022166812000250502,22.166812000250502
4515,0.021948801000235107,21.948801000235107
4516,0.03226045500014152,32.26045500014152
4517,0.02795787700006258,27.95787700006258
4518,0.022575500000129978,22.575500000129978
4519,0.021581434999916382,21.581434999916382
4520,0.03336461600019902,33.36461600019902
4521,0.02971427800002857,29.71427800002857
4522,0.022939169999972364,22.939169999972364
4523,0.020780392000233405,20.780392000233405
4524,0.03298643900006937,32.98643900006937
4525,0.027385460999994393,27.385460999994393
4526,0.02877601499994853,28.77601499994853
4527,0.021046341999863216,21.046341999863216
4528,0.030385856999600946,30.385856999600946
4529,0.02355363500009844,23.55363500009844
4530,0.02217088999987027,22.17088999987027
4531,0.020907143999920663,20.907143999920663
4532,0.033203786999820295,33.203786999820295
4533,0.028066201000001456,28.066201000001456
4534,0.022775529000227834,22.775529000227834
4535,0.02177761900020414,21.77761900020414
4536,0.036775381000097696,36.775381000097696
4537,0.03367761100025746,33.67761100025746
4538,0.02307037799982936,23.07037799982936
4539,0.021225049000349827,21.225049000349827
4540,0.031240526999681606,31.240526999681606
4541,0.027780276000157755,27.780276000157755
4542,0.022624315000030037,22.624315000030037
4543,0.020698413999980403,20.698413999980403
4544,0.02867499100011628,28.67499100011628
4545,0.029957614000068133,29.957614000068133
4546,0.022869526000249607,22.869526000249607
4547,0.021409132999906433,21.409132999906433
4548,0.03347278399996867,33.47278399996867
4549,0.023052557000028173,23.052557000028173
4550,0.022653223000361322,22.653223000361322
4551,0.020683916000052704,20.683916000052704
4552,0.029011976000219875,29.011976000219875
4553,0.025580376000107208,25.580376000107208
4554,0.025469686000178626,25.469686000178626
4555,0.021211643000242475,21.211643000242475
4556,0.03529010200008997,35.29010200008997
4557,0.023257495000052586,23.257495000052586
4558,0.022653798000192182,22.653798000192182
4559,0.02139845100009552,21.39845100009552
4560,0.03354398500005118,33.54398500005118
4561,0.023192244999791,23.192244999791
4562,0.02276886600020589,22.76886600020589
4563,0.021620376000100805,21.620376000100805
4564,0.03378726299979462,33.78726299979462
4565,0.022990772999946785,22.990772999946785
4566,0.022278450999692723,22.278450999692723
4567,0.020997222999994847,20.997222999994847
4568,0.03288087100008852,32.88087100008852
4569,0.02764361099980306,27.64361099980306
4570,0.022541068000009545,22.541068000009545
4571,0.020955687999958172,20.955687999958172
4572,0.033299734000138415,33.299734000138415
4573,0.02814998000030755,28.14998000030755
4574,0.02252027900021858,22.52027900021858
4575,0.021470844000305078,21.47084400030508
4576,0.033991234000041004,33.991234000041004
4577,0.028237137000360235,28.237137000360235
4578,0.02228484999977809,22.28484999977809
4579,0.02081592800004728,20.81592800004728
4580,0.03356063699993683,33.56063699993683
4581,0.0272442380000939,27.2442380000939
4582,0.022217107999949803,22.217107999949803
4583,0.021008599999731814,21.008599999731814
4584,0.033219313000245165,33.219313000245165
4585,0.027399411000260443,27.399411000260443
4586,0.022224883000035334,22.224883000035334
4587,0.02144489500005875,21.44489500005875
4588,0.03606812199996057,36.06812199996057
4589,0.027686147000167693,27.686147000167693
4590,0.022745451999981015,22.745451999981015
4591,0.021903019000092172,21.903019000092172
4592,0.03296757499992964,32.96757499992964
4593,0.027879403000042657,27.879403000042657
4594,0.022280259000126534,22.280259000126534
4595,0.02096599900005458,20.96599900005458
4596,0.033031712000138214,33.031712000138214
4597,0.02859815500005425,28.59815500005425
4598,0.02247582300014983,22.47582300014983
4599,0.02111336999996638,21.11336999996638
4600,0.03301979100024255,33.01979100024255
4601,0.027663312000186124,27.663312000186124
4602,0.02322427399985827,23.22427399985827
4603,0.021545351999975537,21.545351999975537
4604,0.03373601300017981,33.73601300017981
4605,0.02795842100022128,27.95842100022128
4606,0.02275556900031006,22.75556900031006
4607,0.020862848999968264,20.862848999968264
4608,0.03291216400020858,32.91216400020858
4609,0.0273509449998528,27.3509449998528
4610,0.022069436000037967,22.069436000037967
4611,0.021173570999962976,21.173570999962976
4612,0.032442035999793006,32.442035999793006
4613,0.027956686999914382,27.956686999914382
4614,0.023514244000125473,23.514244000125473
4615,0.02086264499985191,20.86264499985191
4616,0.03178103200025362,31.781032000253617
4617,0.02867410299995754,28.67410299995754
4618,0.023629889999938314,23.629889999938314
4619,0.021790485000110493,21.790485000110493
4620,0.0334211160002269,33.4211160002269
4621,0.03058943999985786,30.58943999985786
4622,0.021999875999881624,21.999875999881624
4623,0.020889193000130035,20.889193000130035
4624,0.03300471300008212,33.00471300008212
4625,0.0273265519999768,27.3265519999768
4626,0.02218538500028444,22.18538500028444
4627,0.02092838600037794,20.92838600037794
4628,0.03353620999996565,33.53620999996565
4629,0.027407330000187358,27.407330000187358
4630,0.02213684300022578,22.13684300022578
4631,0.021312114000011206,21.312114000011206
4632,0.03412123900034203,34.12123900034203
4633,0.027997129000141285,27.997129000141285
4634,0.022624531000019488,22.624531000019488
4635,0.02154792900000757,21.54792900000757
4636,0.03290548500035584,32.90548500035584
4637,0.027736348999951588,27.736348999951588
4638,0.02303398300000481,23.03398300000481
4639,0.02726936899989596,27.26936899989596
4640,0.04884463799999139,48.84463799999139
4641,0.030741739999939455,30.741739999939455
4642,0.03153236200023457,31.53236200023457
4643,0.021444128999974055,21.444128999974055
4644,0.041119957999853796,41.119957999853796
4645,0.023164009000083752,23.16400900008375
4646,0.022907753999788838,22.907753999788838
4647,0.021776427000077092,21.776427000077092
4648,0.028687387999980274,28.687387999980274
4649,0.028860390000318148,28.860390000318148
4650,0.022144074000152614,22.144074000152614
4651,0.021132032999958028,21.132032999958028
4652,0.03013212299993029,30.13212299993029
4653,0.026055240000005142,26.055240000005142
4654,0.021876505999898654,21.876505999898654
4655,0.020913388000280975,20.913388000280975
4656,0.03654130699987945,36.54130699987945
4657,0.02380058900007498,23.80058900007498
4658,0.02360874399983004,23.60874399983004
4659,0.02217218999976467,22.17218999976467
4660,0.03914060099987182,39.14060099987182
4661,0.037243393000153446,37.243393000153446
4662,0.02457954899955439,24.57954899955439
4663,0.020823927000037656,20.823927000037656
4664,0.03413582699977269,34.13582699977269
4665,0.02761783200003265,27.61783200003265
4666,0.022024255999895104,22.024255999895104
4667,0.020688538999820594,20.688538999820594
4668,0.03147489299999506,31.474892999995063
4669,0.028339512000002287,28.339512000002287
4670,0.02255918799983192,22.55918799983192
4671,0.024481823000314762,24.481823000314762
4672,0.07403684500013696,74.03684500013696
4673,0.02451751000035074,24.51751000035074
4674,0.024721198999941407,24.721198999941407
4675,0.023778694000156975,23.778694000156975
4676,0.041815739999947255,41.815739999947255
4677,0.023263208999651397,23.263208999651397
4678,0.024379422000038176,24.379422000038176
4679,0.025265648000186047,25.265648000186047
4680,0.04428467600018848,44.28467600018848
4681,0.0263953900002889,26.3953900002889
4682,0.024813289000121586,24.813289000121586
4683,0.02353156700019099,23.53156700019099
4684,0.04351875300017127,43.51875300017127
4685,0.024692013000276347,24.692013000276347
4686,0.023493794999922102,23.493794999922102
4687,0.022541612000168243,22.541612000168243
4688,0.037883235000208515,37.883235000208515
4689,0.026321865000227262,26.321865000227262
4690,0.024239285000021482,24.239285000021482
4691,0.023098709999885614,23.098709999885614
4692,0.158161919000122,158.161919000122
4693,0.02267313899983492,22.67313899983492
4694,0.023293670999919414,23.293670999919414
4695,0.02318696300017109,23.18696300017109
4696,0.03643905199987785,36.43905199987785
4697,0.027258187999905203,27.258187999905203
4698,0.02681888799997978,26.81888799997978
4699,0.034702860999914265,34.702860999914265
4700,0.02794444699975429,27.94444699975429
4701,0.023269014000106836,23.269014000106836
4702,0.0232779129996743,23.2779129996743
4703,0.02872420699986833,28.72420699986833
4704,0.024427130999811197,24.427130999811197
4705,0.022830641999917134,22.830641999917134
4706,0.02326758900017012,23.26758900017012
4707,0.03232399799981067,32.32399799981067
4708,0.0239731709998523,23.9731709998523
4709,0.02289224700007253,22.89224700007253
4710,0.023680280999997194,23.680280999997194
4711,0.04053832199997487,40.53832199997487
4712,0.025064022000151454,25.064022000151454
4713,0.0233747150000454,23.3747150000454
4714,0.023858700999880966,23.858700999880966
4715,0.03229498799964858,32.29498799964858
4716,0.029651863999788475,29.651863999788475
4717,0.02367352999999639,23.67352999999639
4718,0.023188188999938575,23.188188999938575
4719,0.032682928000212996,32.682928000212996
4720,0.023819955999897502,23.819955999897502
4721,0.02289510099990366,22.89510099990366
4722,0.023200749999887194,23.200749999887194
4723,0.028064831999927264,28.064831999927264
4724,0.027586748999965494,27.586748999965494
4725,0.022808817000168347,22.808817000168347
4726,0.023283689999971102,23.283689999971102
4727,0.031552006999845617,31.552006999845617
4728,0.024732180000228254,24.732180000228254
4729,0.023840399000164325,23.840399000164325
4730,0.023852441999679286,23.852441999679286
4731,0.027353320999736752,27.353320999736752
4732,0.02872971199985841,28.72971199985841
4733,0.023642192999886902,23.642192999886902
4734,0.023304357000142772,23.304357000142772
4735,0.028595929999937653,28.595929999937653
4736,0.023931370999889623,23.931370999889623
4737,0.023409693999838055,23.409693999838055
4738,0.02354380399992806,23.54380399992806
4739,0.032418593000329565,32.418593000329565
4740,0.024609901000076206,24.609901000076206
4741,0.02352072500025315,23.52072500025315
4742,0.0238378610001746,23.8378610001746
4743,0.027736794999782433,27.736794999782433
4744,0.02640801300003659,26.40801300003659
4745,0.023404513000059524,23.404513000059524
4746,0.023447699999906035,23.447699999906035
4747,0.028326711999852705,28.326711999852705
4748,0.023919899000247824,23.919899000247824
4749,0.022879860999637458,22.879860999637458
4750,0.02327290300036111,23.27290300036111
4751,0.03157509799984837,31.575097999848367
4752,0.026182799000253,26.182799000253
4753,0.02375136599994221,23.75136599994221
4754,0.023733597000045847,23.733597000045847
4755,0.02784612499999639,27.84612499999639
4756,0.026613519999955315,26.613519999955315
4757,0.023391916000036872,23.391916000036872
4758,0.023635013999864896,23.635013999864896
4759,0.026626640999893425,26.626640999893425
4760,0.028128318000199215,28.128318000199215
4761,0.02288790299962784,22.88790299962784
4762,0.023474504000205343,23.474504000205343
4763,0.031217282000397972,31.217282000397972
4764,0.02689756200015836,26.89756200015836
4765,0.022967384999901697,22.967384999901697
4766,0.02318267000009655,23.18267000009655
4767,0.031468397000026016,31.468397000026016
4768,0.02595487000007779,25.95487000007779
4769,0.02346601399995052,23.46601399995052
4770,0.023759117999816226,23.759117999816226
4771,0.02789520399983303,27.89520399983303
4772,0.0259442480000871,25.9442480000871
4773,0.023485712999899988,23.485712999899988
4774,0.023373576999802026,23.373576999802026
4775,0.02737357099977089,27.37357099977089
4776,0.02790294799979165,27.90294799979165
4777,0.022756139000193798,22.756139000193798
4778,0.02506524000000354,25.06524000000354
4779,0.03134841900009633,31.348419000096328
4780,0.024066551000032632,24.066551000032632
4781,0.02276104199972906,22.76104199972906
4782,0.023603541000284167,23.603541000284167
4783,0.034805657000106294,34.805657000106294
4784,0.02489267100008874,24.89267100008874
4785,0.02347152600032132,23.47152600032132
4786,0.02404783200017846,24.04783200017846
4787,0.026831590999790933,26.831590999790933
4788,0.03202028199984852,32.02028199984852
4789,0.023515135999787162,23.515135999787162
4790,0.023598711999966326,23.598711999966326
4791,0.030052521000015986,30.052521000015986
4792,0.03044349299989335,30.44349299989335
4793,0.023072620000220923,23.072620000220923
4794,0.023266758999852755,23.266758999852755
4795,0.030600802000208205,30.600802000208205
4796,0.029162822000216693,29.162822000216693
4797,0.02369220300033703,23.69220300033703
4798,0.02381957900024645,23.81957900024645
4799,0.03228115699994305,32.28115699994305
4800,0.02467746599995735,24.67746599995735
4801,0.02310646000023553,23.10646000023553
4802,0.023413194999648113,23.413194999648113
4803,0.02821918099971299,28.21918099971299
4804,0.025168517000111024,25.168517000111024
4805,0.022913248999884672,22.913248999884672
4806,0.023245130999839603,23.245130999839603
4807,0.03225683899972864,32.25683899972864
4808,0.027369273999738652,27.369273999738652
4809,0.02492827300011413,24.92827300011413
4810,0.025417040000320412,25.417040000320412
4811,0.036311806999947294,36.311806999947294
4812,0.029038893000233656,29.038893000233656
4813,0.023585742999784998,23.585742999784998
4814,0.023871966999649885,23.871966999649885
4815,0.02773668700001508,27.73668700001508
4816,0.025540996000017913,25.540996000017913
4817,0.022932977999971627,22.932977999971627
4818,0.023625842000001285,23.625842000001285
4819,0.03175261700016563,31.75261700016563
4820,0.024783603000287258,24.783603000287258
4821,0.02455460999999559,24.55460999999559
4822,0.026812217000042438,26.812217000042438
4823,0.02831902599973546,28.31902599973546
4824,0.02924010900005669,29.24010900005669
4825,0.024019336000037583,24.019336000037583
4826,0.02393103499980498,23.93103499980498
4827,0.031128027000249858,31.12802700024986
4828,0.028767508000328235,28.767508000328235
4829,0.02294578700002603,22.94578700002603
4830,0.02328695100004552,23.28695100004552
4831,0.02960565500006851,29.60565500006851
4832,0.028968109999823355,28.968109999823355
4833,0.023021455999696627,23.021455999696627
4834,0.02327764899973772,23.27764899973772
4835,0.030281478999768296,30.281478999768296
4836,0.02851933400006601,28.51933400006601
4837,0.023509654000008595,23.509654000008595
4838,0.02385236200007057,23.85236200007057
4839,0.03453396900022199,34.53396900022199
4840,0.024787536000076216,24.787536000076216
4841,0.02355126600014046,23.55126600014046
4842,0.02434072300002299,24.34072300002299
4843,0.038851081000302656,38.851081000302656
4844,0.02310197099996003,23.10197099996003
4845,0.021516685000278812,21.516685000278812
4846,0.02173576299992419,21.73576299992419
4847,0.03012421199991877,30.12421199991877
4848,0.02849652899976718,28.49652899976718
4849,0.02111631599973407,21.11631599973407
4850,0.021418803999949887,21.418803999949887
4851,0.027091208999991068,27.091208999991068
4852,0.032825978999881045,32.825978999881045
4853,0.022173170000314713,22.173170000314713
4854,0.021946450999621447,21.946450999621447
4855,0.03200335300016377,32.00335300016377
4856,0.035799594999843976,35.799594999843976
4857,0.022151934999783407,22.151934999783407
4858,0.022070825999890076,22.070825999890076
4859,0.03440612100030194,34.40612100030194
4860,0.023644969000088167,23.644969000088167
4861,0.021979690000080154,21.979690000080154
4862,0.02138704000026337,21.38704000026337
4863,0.033382295000137674,33.382295000137674
4864,0.02674836799997138,26.74836799997138
4865,0.021823045000019192,21.823045000019192
4866,0.028861348999726033,28.861348999726033
4867,0.038758359999974346,38.758359999974346
4868,0.029750488999980007,29.750488999980007
4869,0.021275953999975172,21.275953999975172
4870,0.02151774200001455,21.51774200001455
4871,0.033117732999926375,33.117732999926375
4872,0.029635214999871096,29.635214999871096
4873,0.022030188999906386,22.030188999906386
4874,0.021963533999951323,21.963533999951323
4875,0.03662645500025974,36.62645500025974
4876,0.023477532000015344,23.477532000015344
4877,0.0212244079998527,21.2244079998527
4878,0.021481715999925655,21.481715999925655
4879,0.03260621399977026,32.60621399977026
4880,0.028305448000082833,28.305448000082833
4881,0.02136099600011221,21.36099600011221
4882,0.02144741600022826,21.44741600022826
4883,0.0332382299998244,33.2382299998244
4884,0.02806342899975789,28.06342899975789
4885,0.022231827000268822,22.231827000268822
4886,0.022734793999916292,22.734793999916292
4887,0.03293406900002083,32.93406900002083
4888,0.02840442599972448,28.40442599972448
4889,0.021860378999917884,21.860378999917884
4890,0.021510939999643597,21.510939999643597
4891,0.0321074469998166,32.1074469998166
4892,0.028201546000218514,28.201546000218514
4893,0.02197367700000541,21.97367700000541
4894,0.021421515999918483,21.421515999918483
4895,0.0319693289998213,31.9693289998213
4896,0.028311104999829695,28.311104999829695
4897,0.0214768069999991,21.4768069999991
4898,0.021729347000018606,21.729347000018606
4899,0.03278343700003461,32.78343700003461
4900,0.029114014000242605,29.114014000242605
4901,0.021835839000232227,21.835839000232227
4902,0.0238768539998091,23.8768539998091
4903,0.03303750199984279,33.03750199984279
4904,0.028198803000123007,28.198803000123007
4905,0.021307458000137558,21.307458000137558
4906,0.021756455000286223,21.756455000286223
4907,0.03335327800004961,33.35327800004961
4908,0.028307937000136008,28.307937000136008
4909,0.024076665999928082,24.076665999928082
4910,0.02174555000010514,21.74555000010514
4911,0.032622305000131746,32.622305000131746
4912,0.027238365999892267,27.238365999892267
4913,0.022476142999948934,22.476142999948934
4914,0.021951306000119075,21.951306000119075
4915,0.03290350800034503,32.90350800034503
4916,0.027375910000046133,27.375910000046133
4917,0.021807697999975062,21.807697999975062
4918,0.02205603499987774,22.05603499987774
4919,0.03296751400011999,32.96751400011999
4920,0.027150069999606785,27.150069999606785
4921,0.021301348000179132,21.301348000179132
4922,0.02177501400001347,21.77501400001347
4923,0.0319820400000026,31.9820400000026
4924,0.028665794000062306,28.665794000062306
4925,0.021260685000015656,21.260685000015656
4926,0.021601334000024508,21.601334000024508
4927,0.033236849999866536,33.236849999866536
4928,0.028808714999740914,28.808714999740914
4929,0.021391786999629403,21.391786999629403
4930,0.022021498999947653,22.021498999947653
4931,0.033713070999965566,33.713070999965566
4932,0.028650738000123965,28.650738000123965
4933,0.02301441600002363,23.01441600002363
4934,0.02256975699992836,22.56975699992836
4935,0.03270629200005715,32.70629200005715
4936,0.02642651799988016,26.42651799988016
4937,0.02200409099987155,22.00409099987155
4938,0.021400030000222614,21.400030000222614
4939,0.03232989699972677,32.32989699972677
4940,0.027970723000180442,27.970723000180442
4941,0.021713468999678298,21.713468999678298
4942,0.02167752700006531,21.67752700006531
4943,0.033532842000113305,33.532842000113305
4944,0.02920562899998913,29.20562899998913
4945,0.02192007699977694,21.92007699977694
4946,0.02227310399985072,22.27310399985072
4947,0.033415834000152245,33.415834000152245
4948,0.02798789200005558,27.98789200005558
4949,0.021339122999961546,21.339122999961546
4950,0.02146028600009231,21.46028600009231
4951,0.0323644959999001,32.3644959999001
4952,0.027868763999777002,27.868763999777002
4953,0.02157817099987369,21.57817099987369
4954,0.02293088899978102,22.93088899978102
4955,0.03227122099997359,32.27122099997359
4956,0.02880638499982524,28.80638499982524
4957,0.021819371999754367,21.819371999754367
4958,0.02191915000003064,21.91915000003064
4959,0.0332340549998662,33.2340549998662
4960,0.028478645000177494,28.478645000177494
4961,0.022953356000016356,22.953356000016356
4962,0.022646330000043235,22.646330000043235
4963,0.033070029000100476,33.070029000100476
4964,0.027634379999653902,27.634379999653902
4965,0.021380115999818372,21.380115999818372
4966,0.021857692999674327,21.857692999674327
4967,0.032674563999989914,32.674563999989914
4968,0.028219783999702486,28.219783999702486
4969,0.021516707000046154,21.516707000046154
4970,0.021655953000390582,21.655953000390582
4971,0.031692945000031614,31.692945000031614
4972,0.028700358000151027,28.700358000151027
4973,0.021820930000103544,21.820930000103544
4974,0.022020740999778354,22.020740999778354
4975,0.03773473899991586,37.73473899991586
4976,0.02931716500006587,29.31716500006587
4977,0.021488365000095655,21.488365000095655
4978,0.022354691999680654,22.354691999680654
4979,0.029006377999849065,29.006377999849065
4980,0.023115287000109674,23.115287000109674
4981,0.021588290999716264,21.588290999716264
4982,0.021609889000046678,21.609889000046678
4983,0.03408789400009482,34.08789400009482
4984,0.02877476599996953,28.77476599996953
4985,0.02176093199977913,21.76093199977913
4986,0.021993727999870316,21.993727999870316
4987,0.033089365999785514,33.089365999785514
4988,0.028578791999734676,28.578791999734676
4989,0.021978923000006034,21.978923000006034
4990,0.030001214000094478,30.00121400009448
4991,0.05053028800011816,50.53028800011816
4992,0.022582003000024997,22.582003000024997
4993,0.02075102600019818,20.75102600019818
4994,0.023144818999753625,23.144818999753625
4995,0.03024802899972201,30.24802899972201
4996,0.02270394800007125,22.70394800007125
4997,0.021504381999875477,21.504381999875477
4998,0.021458096999595,21.458096999595
4999,0.031982562000393955,31.982562000393955
5000,0.028074260000266804,28.074260000266804
5001,0.021256774999983463,21.256774999983463
5002,0.02649374300017371,26.49374300017371
5003,0.030287756999769044,30.287756999769044
5004,0.04628062600022531,46.28062600022531
5005,0.02872374199978367,28.72374199978367
5006,0.030107634000160033,30.107634000160033
5007,0.038779878999775974,38.779878999775974
5008,0.029534031999901345,29.534031999901345
5009,0.029016117000082886,29.016117000082886
5010,0.022560861999863846,22.560861999863846
5011,0.02809069599970826,28.09069599970826
5012,0.03028500999971584,30.28500999971584
5013,0.030204160999801388,30.20416099980139
5014,0.032107367999742564,32.107367999742564
5015,0.04605779800021992,46.05779800021992
5016,0.02541457500001343,25.41457500001343
5017,0.021885884000312217,21.885884000312217
5018,0.021974283999952604,21.974283999952604
5019,0.032551927999975305,32.551927999975305
5020,0.028224179000062577,28.224179000062577
5021,0.021171390000290558,21.171390000290558
5022,0.02164631699997699,21.64631699997699
5023,0.03930650800020885,39.30650800020885
5024,0.023450192999916908,23.450192999916908
5025,0.020962025000244466,20.962025000244466
5026,0.02250074500034316,22.50074500034316
5027,0.029049471000234917,29.049471000234917
5028,0.029277221000029385,29.277221000029385
5029,0.021107297000071412,21.107297000071412
5030,0.022469980000096257,22.469980000096257
5031,0.03358574200001385,33.58574200001385
5032,0.023762607000207936,23.762607000207936
5033,0.029163501000311953,29.163501000311953
5034,0.028446624000025622,28.446624000025622
5035,0.030762902999867947,30.762902999867947
5036,0.023767811999732658,23.767811999732658
5037,0.021566497000094387,21.566497000094387
5038,0.021440439999878436,21.440439999878436
5039,0.03619612100010272,36.19612100010272
5040,0.024438562999876012,24.438562999876012
5041,0.021136867000222992,21.136867000222992
5042,0.021742471999914414,21.742471999914414
5043,0.034448029000031966,34.448029000031966
5044,0.02521092300003147,25.21092300003147
5045,0.021793247000005067,21.793247000005067
5046,0.02197151300015321,21.97151300015321
5047,0.03404635600008987,34.04635600008987
5048,0.023707560999810084,23.707560999810084
5049,0.021284164000007877,21.284164000007877
5050,0.021849650000149268,21.849650000149268
5051,0.03263690799985852,32.63690799985852
5052,0.028417762000117364,28.417762000117364
5053,0.022903133999989223,22.903133999989223
5054,0.021872749000067415,21.872749000067415
5055,0.03227979699977368,32.27979699977368
5056,0.027993087000140804,27.993087000140804
5057,0.021277130999806104,21.277130999806104
5058,0.02175336399977823,21.75336399977823
5059,0.032957658999748674,32.95765899974867
5060,0.029420170999856055,29.420170999856055
5061,0.022082790000240493,22.082790000240493
5062,0.021990010000081384,21.990010000081384
5063,0.033009906000188494,33.009906000188494
5064,0.02731199799973183,27.31199799973183
5065,0.021329622999928688,21.329622999928688
5066,0.021459950000007666,21.459950000007666
5067,0.03253273500013165,32.53273500013165
5068,0.029164057999878423,29.164057999878423
5069,0.02142934800031071,21.42934800031071
5070,0.02147098100022049,21.47098100022049
5071,0.03427613300027588,34.27613300027588
5072,0.030956123000123625,30.956123000123625
5073,0.023224735999974655,23.224735999974655
5074,0.022482170999865048,22.482170999865048
5075,0.03986013399980948,39.86013399980948
5076,0.02369478100035849,23.69478100035849
5077,0.022308625999812648,22.308625999812648
5078,0.022046815000067,22.046815000067
5079,0.04035267099970952,40.35267099970952
5080,0.024285532000249077,24.285532000249077
5081,0.021939105999990716,21.939105999990716
5082,0.021425302999887208,21.425302999887208
5083,0.028180808999877627,28.180808999877627
5084,0.029506220999792276,29.506220999792276
5085,0.021605593000003864,21.605593000003864
5086,0.021517916999982845,21.517916999982845
5087,0.03173938100007945,31.739381000079447
5088,0.024575324000124965,24.575324000124965
5089,0.02292902699991828,22.92902699991828
5090,0.02349023299984765,23.49023299984765
5091,0.028074676999949588,28.074676999949588
5092,0.024720417000025918,24.72041700002592
5093,0.02366280199976245,23.66280199976245
5094,0.02433801699999094,24.33801699999094
5095,0.02679887799968128,26.79887799968128
5096,0.03174276700019618,31.74276700019618
5097,0.023773992999849725,23.773992999849725
5098,0.023213166999994428,23.213166999994428
5099,0.02933161300006759,29.33161300006759
5100,0.028381546000218805,28.381546000218805
5101,0.023642629000278248,23.642629000278248
5102,0.023724379000213958,23.724379000213958
5103,0.031568231000164815,31.568231000164815
5104,0.029013572000167187,29.013572000167187
5105,0.025202689999787253,25.202689999787253
5106,0.023888970999905723,23.888970999905723
5107,0.03547379600013301,35.47379600013301
5108,0.025529143000312615,25.529143000312615
5109,0.02353755900003307,23.53755900003307
5110,0.023952222999923833,23.952222999923833
5111,0.03497599800039097,34.97599800039097
5112,0.028487000000041007,28.487000000041007
5113,0.02304685300032361,23.04685300032361
5114,0.02382637699975021,23.82637699975021
5115,0.02960290900000473,29.60290900000473
5116,0.028861258999768324,28.861258999768324
5117,0.022950053999920783,22.950053999920783
5118,0.023236386999997194,23.236386999997194
5119,0.029459486000178003,29.459486000178003
5120,0.02840603800041208,28.40603800041208
5121,0.02296043499973166,22.96043499973166
5122,0.023472907000268606,23.472907000268606
5123,0.031247388999872783,31.247388999872783
5124,0.027505604999987554,27.505604999987554
5125,0.0236223990000326,23.6223990000326
5126,0.02381542300008732,23.81542300008732
5127,0.03715364499976204,37.15364499976204
5128,0.13570857700005945,135.70857700005945
5129,0.022658524000235047,22.658524000235047
5130,0.02371814300022379,23.71814300022379
5131,0.025497705999896425,25.497705999896425
5132,0.03488850199983062,34.88850199983062
5133,0.023012155999822426,23.012155999822426
5134,0.023433406000094692,23.433406000094692
5135,0.028020679000292148,28.020679000292148
5136,0.029077692000100797,29.077692000100797
5137,0.023098719000245183,23.098719000245183
5138,0.023376104999897507,23.376104999897507
5139,0.0286401719999958,28.6401719999958
5140,0.03080299000021114,30.80299000021114
5141,0.024401179000051343,24.401179000051343
5142,0.0254594170000928,25.4594170000928
5143,0.04125867799984917,41.25867799984917
5144,0.023776663000262488,23.776663000262488
5145,0.021669599999768252,21.669599999768252
5146,0.02194270099971618,21.94270099971618
5147,0.03304954599980192,33.04954599980192
5148,0.023378692000278534,23.378692000278534
5149,0.021457266999732383,21.457266999732383
5150,0.022554050000053394,22.554050000053394
5151,0.025712064999879658,25.712064999879658
5152,0.041802088000167714,41.802088000167714
5153,0.031027822000396554,31.027822000396554
5154,0.0250042160000703,25.0042160000703
5155,0.03254353399961474,32.54353399961474
5156,0.02953431800006001,29.53431800006001
5157,0.0219124750001356,21.9124750001356
5158,0.02204908500016245,22.04908500016245
5159,0.03302414200015846,33.02414200015846
5160,0.028489982999872154,28.489982999872154
5161,0.021774833999643306,21.774833999643306
5162,0.03463464899959945,34.63464899959945
5163,0.04611880799984647,46.11880799984647
5164,0.02780890999974872,27.80890999974872
5165,0.023878227999830415,23.878227999830415
5166,0.021397462000095402,21.397462000095402
5167,0.0309003689999372,30.9003689999372
5168,0.029082891000143718,29.082891000143718
5169,0.02234187199974258,22.34187199974258
5170,0.022040055000161374,22.040055000161374
5171,0.032121314000050916,32.121314000050916
5172,0.02905532300019331,29.05532300019331
5173,0.02132264400006534,21.32264400006534
5174,0.021822756999881676,21.822756999881676
5175,0.030337473999679787,30.337473999679787
5176,0.028556236999975226,28.556236999975226
5177,0.021487342999989778,21.487342999989778
5178,0.02163356000028216,21.63356000028216
5179,0.027495976999944105,27.495976999944105
5180,0.029779935000078694,29.779935000078694
5181,0.021300135999808845,21.300135999808845
5182,0.021682921999854443,21.682921999854443
5183,0.02943801599985818,29.43801599985818
5184,0.023439955999947415,23.439955999947415
5185,0.021883618000174465,21.883618000174465
5186,0.02191724400017847,21.91724400017847
5187,0.03482145699990724,34.82145699990724
5188,0.028190902000005735,28.190902000005735
5189,0.022300313000414462,22.300313000414462
5190,0.022677799000121013,22.677799000121013
5191,0.028668129999914527,28.668129999914527
5192,0.022898581999925227,22.898581999925227
5193,0.021312595999916084,21.312595999916084
5194,0.021786224999686965,21.786224999686965
5195,0.03342042699978265,33.42042699978265
5196,0.02828550300000643,28.28550300000643
5197,0.031601571000010154,31.601571000010154
5198,0.02270528999997623,22.70528999997623
5199,0.03325414800019644,33.25414800019644
5200,0.03010570100013865,30.10570100013865
5201,0.02187659999981406,21.87659999981406
5202,0.022080603999711457,22.080603999711457
5203,0.03326510799979587,33.26510799979587
5204,0.027880988999640977,27.880988999640977
5205,0.02129643300031603,21.29643300031603
5206,0.021774113999981637,21.774113999981637
5207,0.03152937699996983,31.529376999969827
5208,0.028238957000212395,28.238957000212395
5209,0.0221262619998015,22.1262619998015
5210,0.021749474999978702,21.749474999978702
5211,0.031140517000039836,31.140517000039836
5212,0.029113728000083938,29.11372800008394
5213,0.02201615200010565,22.01615200010565
5214,0.022611873000187188,22.611873000187188
5215,0.03315450900026917,33.15450900026917
5216,0.028720071999941865,28.720071999941865
5217,0.02158949600016058,21.58949600016058
5218,0.02146132600000783,21.46132600000783
5219,0.030272164000052726,30.272164000052726
5220,0.029428147000089666,29.428147000089666
5221,0.021393045999957394,21.393045999957394
5222,0.02143410999997286,21.43410999997286
5223,0.0302085650000663,30.2085650000663
5224,0.028878592000182834,28.878592000182834
5225,0.02140324599986343,21.40324599986343
5226,0.02161936400034392,21.61936400034392
5227,0.030341755999870657,30.341755999870657
5228,0.03012210699989737,30.12210699989737
5229,0.022871931999816297,22.871931999816297
5230,0.023119796000173665,23.119796000173665
5231,0.0324679489999653,32.4679489999653
5232,0.0315515580000465,31.551558000046498
5233,0.021675075000075594,21.675075000075594
5234,0.021390096999766683,21.390096999766683
5235,0.034243705999870144,34.243705999870144
5236,0.027787205000095128,27.787205000095128
5237,0.021358050999879197,21.358050999879197
5238,0.021854181999970024,21.854181999970024
5239,0.03277533400023458,32.77533400023458
5240,0.02822504100004153,28.22504100004153
5241,0.022163916999943467,22.163916999943467
5242,0.022054884000226593,22.054884000226593
5243,0.03512004499998511,35.12004499998511
5244,0.027813773000161746,27.813773000161746
5245,0.021332898000309797,21.332898000309797
5246,0.021464196000124502,21.464196000124502
5247,0.03256148799982839,32.56148799982839
5248,0.028462998000122752,28.462998000122752
5249,0.02139733400008481,21.39733400008481
5250,0.021714756000164925,21.714756000164925
5251,0.03241610600025524,32.41610600025524
5252,0.028482346000146208,28.482346000146208
5253,0.02138229299998784,21.38229299998784
5254,0.022294893999969645,22.294893999969645
5255,0.03333046900024783,33.33046900024783
5256,0.02870188800034157,28.70188800034157
5257,0.02178872299964496,21.78872299964496
5258,0.022909419999905367,22.909419999905367
5259,0.03433681300020908,34.33681300020908
5260,0.02543590999994194,25.43590999994194
5261,0.021360664999974688,21.360664999974688
5262,0.021341444999961823,21.341444999961823
5263,0.0327067650000572,32.7067650000572
5264,0.02811800800009223,28.11800800009223
5265,0.024080969999886292,24.080969999886292
5266,0.021420290000151,21.420290000151
5267,0.032899624000037875,32.899624000037875
5268,0.027784388000327453,27.784388000327453
5269,0.021238746000108222,21.238746000108222
5270,0.021681274000002304,21.681274000002304
5271,0.03335428699983822,33.35428699983822
5272,0.029061244999866176,29.061244999866176
5273,0.02189589999989039,21.89589999989039
5274,0.02211203300021225,22.11203300021225
5275,0.033700538000175584,33.700538000175584
5276,0.02735135500006436,27.35135500006436
5277,0.021412516000054893,21.412516000054893
5278,0.02153998700032389,21.53998700032389
5279,0.03281323000010161,32.81323000010161
5280,0.028130865000093763,28.130865000093763
5281,0.02143281600001501,21.43281600001501
5282,0.02157228100031716,21.57228100031716
5283,0.03108485099983227,31.08485099983227
5284,0.028850820000116073,28.850820000116073
5285,0.021856286000002,21.856286000002
5286,0.022146347999751015,22.146347999751015
5287,0.0326884420001079,32.6884420001079
5288,0.028840873999797623,28.840873999797623
5289,0.02169711099986671,21.69711099986671
5290,0.021359020000090823,21.359020000090823
5291,0.03135574299994914,31.355742999949143
5292,0.02867841600027532,28.67841600027532
5293,0.021760569999969448,21.760569999969448
5294,0.021592853000129253,21.592853000129253
5295,0.030998949000149878,30.998949000149878
5296,0.029308810999737034,29.308810999737034
5297,0.02153075699970941,21.53075699970941
5298,0.021748547999777657,21.748547999777657
5299,0.03787679700008084,37.87679700008084
5300,0.027823166999951354,27.823166999951354
5301,0.021993667000060668,21.993667000060668
5302,0.022836525999991864,22.836525999991864
5303,0.033732947000316926,33.732947000316926
5304,0.023720182000033674,23.720182000033674
5305,0.022002891000283853,22.002891000283853
5306,0.021603445999971882,21.603445999971882
5307,0.0346299299999373,34.6299299999373
5308,0.02486150999993697,24.86150999993697
5309,0.02133812100009891,21.33812100009891
5310,0.021638364999944315,21.638364999944315
5311,0.032622025000364374,32.622025000364374
5312,0.028891162000036275,28.891162000036275
5313,0.022375993999958155,22.375993999958155
5314,0.022098033000020223,22.098033000020223
5315,0.033136891999674845,33.136891999674845
5316,0.026062326999635843,26.062326999635843
5317,0.021246333999897615,21.246333999897615
5318,0.021526819999962754,21.526819999962754
5319,0.03230350900003032,32.30350900003032
5320,0.02832686699957776,28.32686699957776
5321,0.0339346169998862,33.9346169998862
5322,0.031489357000282325,31.489357000282325
5323,0.0405746039996302,40.5746039996302
5324,0.023696350999671267,23.696350999671267
5325,0.02111797099996693,21.11797099996693
5326,0.022236884999983886,22.236884999983886
5327,0.03027534900002138,30.27534900002138
5328,0.029175633999784623,29.175633999784623
5329,0.021562713000093936,21.562713000093936
5330,0.022042422000140505,22.042422000140505
5331,0.03324998600010076,33.24998600010076
5332,0.03256368000029397,32.56368000029397
5333,0.029503364999982296,29.503364999982296
5334,0.029003428000123677,29.003428000123677
5335,0.038985721000244666,38.985721000244666
5336,0.055009293999773945,55.009293999773945
5337,0.028577536000284454,28.577536000284454
5338,0.029802428000039072,29.80242800003907
5339,0.04858737399990787,48.58737399990787
5340,0.027759354000409076,27.759354000409076
5341,0.021532879999995203,21.532879999995203
5342,0.04359761699970477,43.59761699970477
5343,0.028995879999911267,28.995879999911267
5344,0.030205224999917846,30.205224999917846
5345,0.04595103100018605,45.95103100018605
5346,0.030209979000119347,30.209979000119347
5347,0.0232544919999782,23.2544919999782
5348,0.04020135600012509,40.20135600012509
5349,0.02230051300011837,22.30051300011837
5350,0.021784400999877107,21.784400999877107
5351,0.020974979999664356,20.974979999664356
5352,0.04138391100013905,41.38391100013905
5353,0.024251521999758552,24.251521999758552
5354,0.022509878000164463,22.509878000164463
5355,0.022245961000407988,22.245961000407988
5356,0.03165745499973127,31.65745499973127
5357,0.02879714899972896,28.79714899972896
5358,0.022335188999932143,22.335188999932143
5359,0.021560244000284,21.560244000284
5360,0.037290996000137966,37.290996000137966
5361,0.02622008200023629,26.22008200023629
5362,0.030457886000021972,30.457886000021972
5363,0.021405250000043452,21.405250000043452
5364,0.029883318999964104,29.883318999964104
5365,0.022943757999655645,22.943757999655645
5366,0.021959320999940246,21.959320999940246
5367,0.020691764999810403,20.691764999810403
5368,0.03341385499970784,33.41385499970784
5369,0.028625054000258388,28.625054000258388
5370,0.022555466999619966,22.555466999619966
5371,0.021591395000086777,21.591395000086777
5372,0.03413195600023755,34.13195600023755
5373,0.02569592300005752,25.69592300005752
5374,0.022177043999818125,22.177043999818125
5375,0.02085050300001967,20.85050300001967
5376,0.03346558000021105,33.46558000021105
5377,0.02753935900000215,27.53935900000215
5378,0.022171931999764638,22.171931999764638
5379,0.02136046500027078,21.36046500027078
5380,0.03128481399971861,31.284813999718608
5381,0.028065727000011975,28.065727000011975
5382,0.02221222200023476,22.21222200023476
5383,0.02139466300013737,21.39466300013737
5384,0.03322673799993936,33.22673799993936
5385,0.028475611999965622,28.475611999965622
5386,0.02250989899994238,22.50989899994238
5387,0.021215349000158312,21.215349000158312
5388,0.03129692799984696,31.296927999846957
5389,0.028474275000007765,28.474275000007765
5390,0.02214465499992002,22.14465499992002
5391,0.02097865899986573,20.97865899986573
5392,0.031475331999899936,31.475331999899936
5393,0.028640989999985322,28.640989999985322
5394,0.03504357500014521,35.04357500014521
5395,0.020917866000218055,20.917866000218055
5396,0.029652069000349,29.652069000349
5397,0.022689612000249326,22.689612000249326
5398,0.02202270999987377,22.02270999987377
5399,0.02088157800017143,20.88157800017143
5400,0.033061939000162965,33.061939000162965
5401,0.028221403999850736,28.221403999850736
5402,0.02278500600004918,22.78500600004918
5403,0.021745023999756086,21.745023999756086
5404,0.03341759600016303,33.41759600016303
5405,0.02730668499998501,27.30668499998501
5406,0.02235248600027262,22.35248600027262
5407,0.020810080000046582,20.810080000046582
5408,0.03294041900016964,32.94041900016964
5409,0.027873985000042012,27.873985000042012
5410,0.022185369999988325,22.185369999988325
5411,0.021057177999864507,21.057177999864507
5412,0.0329068119999647,32.9068119999647
5413,0.02795515899970269,27.95515899970269
5414,0.02258760800032178,22.58760800032178
5415,0.02127615400013383,21.27615400013383
5416,0.03384764699967491,33.84764699967491
5417,0.028194435999921552,28.194435999921552
5418,0.022626888000104373,22.626888000104373
5419,0.02108843199994226,21.08843199994226
5420,0.03345105499965939,33.45105499965939
5421,0.027304190999984712,27.304190999984712
5422,0.02214657900003658,22.14657900003658
5423,0.020871517000159656,20.871517000159656
5424,0.033401471999695787,33.40147199969579
5425,0.027733813000395457,27.733813000395457
5426,0.02703134900002624,27.03134900002624
5427,0.020858147000126337,20.858147000126337
5428,0.03294455700006438,32.94455700006438
5429,0.025717656999859173,25.717656999859173
5430,0.022473802999684267,22.473802999684267
